foreground_id	foreground_kind	foreground_label	foreground_species_status	foreground_descendants	foreground_ids	variant	codon_freq	model	lnL	np	AIC	foreground_dN	foreground_dS	foreground_omega	BEB_sites_ge_0.95	BEB_sites_ge_0.99	foreground_min_informative_codons	status	job_dir	background_omega	foreground_omega_vector	omega_shift_from_background	branch_shift_LRT	branch_shift_p	foreground_vs_neutral_LRT	foreground_vs_neutral_p	branch_site_LRT	branch_site_p_chi1	branch_site_p_mixture	branch_site_q	branch_site_q_mixture	setting_call
terminal_Addax_nasomaculatus	terminal	Addax nasomaculatus	DISRUPTED_LIKELY	Addax nasomaculatus	Addax_nasomaculatus	baseline_trim1_occ60	2	COMPARISONS				0.098638	0.135402	0.7284825925761806	6	4	557	ok		0.34294	0.72849	0.3855425925761806	14.837304000000586	0.00011719429945265064	2.7271700000001147	0.09865395682334832	34.2808559999994	4.770514406411354e-09	2.385257203205677e-09	3.004488737591441e-08	1.5022443687957204e-08	POSITIVE_SELECTION
terminal_Addax_nasomaculatus	terminal	Addax nasomaculatus	DISRUPTED_LIKELY	Addax nasomaculatus	Addax_nasomaculatus	baseline_trim2_occ70	2	COMPARISONS				0.082529	0.137715	0.5992738626874342	5	3	399	ok		0.30985	0.59927	0.2894238626874342	7.61350400000083	0.005793280024248459	4.760637999999744	0.029117753082506026	27.891505999999936	1.283118081819764e-07	6.41559040909882e-08	3.266118753723036e-07	1.633059376861518e-07	POSITIVE_SELECTION
terminal_Addax_nasomaculatus	terminal	Addax nasomaculatus	DISRUPTED_LIKELY	Addax nasomaculatus	Addax_nasomaculatus	baseline_mask50	1	COMPARISONS				0.103852	0.143496	0.7237274906617606	12	4	884	ok		0.34962	0.72373	0.3741074906617606	23.57814199999848	1.199422867529018e-06	4.847241999999824	0.027690373829630074	27.32094599999982	1.723344517397711e-07	8.616722586988555e-08	2.7573512278363374e-07	1.3786756139181687e-07	POSITIVE_SELECTION
terminal_Addax_nasomaculatus	terminal	Addax nasomaculatus	DISRUPTED_LIKELY	Addax nasomaculatus	Addax_nasomaculatus	baseline_mask50	2	COMPARISONS				0.106489	0.150588	0.7071546205540946	12	4	884	ok		0.34165	0.70716	0.3655046205540946	23.37076199999865	1.335937401855813e-06	5.505237999997917	0.01895959984096583	27.204043999998248	1.830753411219722e-07	9.15376705609861e-08	2.8478386396751234e-07	1.4239193198375617e-07	POSITIVE_SELECTION
terminal_Addax_nasomaculatus	terminal	Addax nasomaculatus	DISRUPTED_LIKELY	Addax nasomaculatus	Addax_nasomaculatus	baseline_strict_complete	2	COMPARISONS				0.093723	0.111771	0.8385269882169794	1	1	316	ok		0.43806	0.83853	0.40046698821697935	5.712814000000435	0.01684152182132732	0.42993399999977555	0.5120213352106381	1.7195680000004359	0.18974866233938015	0.09487433116969007	0.5312962545502644	0.2656481272751322	RELAXED_TOWARD_NEUTRALITY
terminal_Addax_nasomaculatus	terminal	Addax nasomaculatus	DISRUPTED_LIKELY	Addax nasomaculatus	Addax_nasomaculatus	refined_trim1_occ60	2	COMPARISONS				0.098638	0.135402	0.7284825925761806	6	4	557	ok		0.34294	0.72849	0.3855425925761806	14.837304000000586	0.00011719429945265064	2.7271700000001147	0.09865395682334832	34.2808559999994	4.770514406411354e-09	2.385257203205677e-09	3.004491825286031e-08	1.5022459126430154e-08	POSITIVE_SELECTION
terminal_Addax_nasomaculatus	terminal	Addax nasomaculatus	DISRUPTED_LIKELY	Addax nasomaculatus	Addax_nasomaculatus	refined_mask50	2	COMPARISONS				0.106489	0.150588	0.7071546205540946	12	4	884	ok		0.34165	0.70716	0.3655046205540946	23.37076199999865	1.335937401855813e-06	5.505237999997917	0.01895959984096583	27.204043999998248	1.830753411219722e-07	9.15376705609861e-08	2.8478386396751234e-07	1.4239193198375617e-07	POSITIVE_SELECTION
terminal_Addax_nasomaculatus	terminal	Addax nasomaculatus	DISRUPTED_LIKELY	Addax nasomaculatus	Addax_nasomaculatus	altcost_trim1_occ60	2	COMPARISONS				0.090981	0.109296	0.832427536231884	5	2	557	ok		0.3757	0.83242	0.45672753623188406	14.858104000000822	0.00011590898899906616	0.7976479999997537	0.3717975104839282	24.40327199999956	7.813587294576294e-07	3.906793647288147e-07	7.772416916594136e-06	3.886208458297068e-06	POSITIVE_SELECTION
terminal_Addax_nasomaculatus	terminal	Addax nasomaculatus	DISRUPTED_LIKELY	Addax nasomaculatus	Addax_nasomaculatus	altcost_mask50	2	COMPARISONS				0.112641	0.150268	0.7496007133920728	11	4	885	ok		0.35536	0.7496	0.3942407133920728	24.783559999999852	6.414221373345742e-07	3.821410000000469	0.05060163892698477	36.896686000000045	1.2455748560276279e-09	6.227874280138139e-10	2.051535056986681e-09	1.0257675284933406e-09	POSITIVE_SELECTION
terminal_Alces_alces	terminal	Alces alces	DISRUPTED_HIGH	Alces alces	Alces_alces	baseline_trim1_occ60	2	COMPARISONS				0.09619	0.136421	0.7050967226453406	5	3	552	ok		0.34471	0.7051	0.3603867226453406	13.08355599999959	0.00029789938944457036	3.239180000000488	0.07189661405967983	20.11674800000037	7.285589716976786e-06	3.642794858488393e-06	1.01998256037675e-05	5.09991280188375e-06	POSITIVE_SELECTION
terminal_Alces_alces	terminal	Alces alces	DISRUPTED_HIGH	Alces alces	Alces_alces	baseline_trim2_occ70	2	COMPARISONS				0.090701	0.138941	0.6528022685888255	5	3	393	ok		0.3098	0.6528	0.3430022685888255	9.727559999999357	0.0018152530816889312	3.2772540000005392	0.07024637001753108	14.942325999998502	0.00011084799757217881	5.5423998786089406e-05	0.00013494538834873943	6.747269417436971e-05	POSITIVE_SELECTION
terminal_Alces_alces	terminal	Alces alces	DISRUPTED_HIGH	Alces alces	Alces_alces	baseline_mask50	1	COMPARISONS				0.100104	0.149961	0.6675335587252685	10	3	875	ok		0.35073	0.66753	0.31680355872526855	18.04631000000154	2.1559610201584412e-05	7.415575999999419	0.006466161023963124	24.623178000001644	6.970824355414712e-07	3.485412177707356e-07	9.759154097580597e-07	4.879577048790298e-07	POSITIVE_SELECTION
terminal_Alces_alces	terminal	Alces alces	DISRUPTED_HIGH	Alces alces	Alces_alces	baseline_mask50	2	COMPARISONS				0.102615	0.156412	0.6560558013451654	10	3	875	ok		0.34265	0.65605	0.3134058013451654	18.216386000000057	1.9717513877013527e-05	7.976394000001164	0.004739124809123379	24.74519599999985	6.543168333359305e-07	3.2715841666796526e-07	9.395318632515926e-07	4.697659316257963e-07	POSITIVE_SELECTION
terminal_Alces_alces	terminal	Alces alces	DISRUPTED_HIGH	Alces alces	Alces_alces	baseline_strict_complete	2	COMPARISONS				0.085177	0.115973	0.7344554335923016	1	0	316	ok		0.44036	0.73446	0.2940954335923016	3.5055240000001504	0.061164493760460424	1.3235299999996641	0.24995950738148515	0.23098399999980757	0.6307951653121591	0.31539758265607953	0.8906805021233518	0.4453402510616759	NEAR_NEUTRAL_WEAK_EVIDENCE
terminal_Alces_alces	terminal	Alces alces	DISRUPTED_HIGH	Alces alces	Alces_alces	refined_trim1_occ60	2	COMPARISONS				0.09619	0.136421	0.7050967226453406	5	3	552	ok		0.34471	0.7051	0.3603867226453406	13.08355599999959	0.00029789938944457036	3.239180000000488	0.07189661405967983	20.11674800000037	7.285589716976786e-06	3.642794858488393e-06	1.01998256037675e-05	5.09991280188375e-06	POSITIVE_SELECTION
terminal_Alces_alces	terminal	Alces alces	DISRUPTED_HIGH	Alces alces	Alces_alces	altcost_trim1_occ60	2	COMPARISONS				0.091202	0.127674	0.7143349468176763	3	1	555	ok		0.37842	0.71434	0.3359149468176763	9.943719999999303	0.0016139905706579905	2.8688039999997272	0.09031196061842217	10.368411999999807	0.00128189763502676	0.00064094881751338	0.001794656689037464	0.000897328344518732	POSITIVE_SELECTION
terminal_Alces_alces	terminal	Alces alces	DISRUPTED_HIGH	Alces alces	Alces_alces	refined_mask50	2	COMPARISONS				0.102615	0.156412	0.6560558013451654	10	3	875	ok		0.34264	0.65605	0.3134158013451654	18.216386000000057	1.9717513877013527e-05	7.976394000001164	0.004739124809123379	24.74519599999985	6.543168333359305e-07	3.2715841666796526e-07	9.395318632515926e-07	4.697659316257963e-07	POSITIVE_SELECTION
terminal_Alces_alces	terminal	Alces alces	DISRUPTED_HIGH	Alces alces	Alces_alces	altcost_mask50	2	COMPARISONS				0.104405	0.161134	0.6479389824618019	7	3	876	ok		0.3569	0.64794	0.29103898246180193	15.597853999999643	7.834345332300873e-05	8.598873999999341	0.003363709102964451	27.46106200000213	1.602894039676348e-07	8.01447019838174e-08	2.1893186883384265e-07	1.0946593441692132e-07	POSITIVE_SELECTION
terminal_Antilocapra_americana	terminal	Antilocapra americana	DISRUPTED_HIGH	Antilocapra americana	Antilocapra_americana	baseline_mask50	1	COMPARISONS				0.108214	0.15543	0.6962233802998133	8	1	872	ok		0.34923	0.69622	0.34699338029981336	21.762227999999595	3.0861655621231764e-06	6.26253799999904	0.012331741551240477	9.942633999999089	0.0016149430243304168	0.0008074715121652084	0.0018087361872500668	0.0009043680936250334	POSITIVE_SELECTION
terminal_Antilocapra_americana	terminal	Antilocapra americana	DISRUPTED_HIGH	Antilocapra americana	Antilocapra_americana	baseline_trim1_occ60	2	COMPARISONS				0.101108	0.153376	0.6592165658251616	4	0	557	ok		0.34315	0.65922	0.3160665658251616	11.76817200000005	0.0006025211945155116	5.053949999999531	0.02456986527322164	4.404915999999503	0.0358354895295493	0.01791774476477465	0.04013574827309521	0.020067874136547606	POSITIVE_SELECTION
terminal_Antilocapra_americana	terminal	Antilocapra americana	DISRUPTED_HIGH	Antilocapra americana	Antilocapra_americana	baseline_trim2_occ70	2	COMPARISONS				0.088435	0.145866	0.6062756228319143	4	1	398	ok		0.31217	0.60628	0.29410562283191427	7.9485660000009375	0.004812549456440775	4.70430800000031	0.030087112052929743	4.148838000000978	0.04166310555191778	0.02083155277595889	0.046662678218147915	0.023331339109073958	POSITIVE_SELECTION
terminal_Antilocapra_americana	terminal	Antilocapra americana	DISRUPTED_HIGH	Antilocapra americana	Antilocapra_americana	baseline_mask50	2	COMPARISONS				0.110991	0.162468	0.6831560676564	9	1	872	ok		0.34144	0.68315	0.3417160676564	21.798793999998452	3.0279039817794547e-06	6.862619999999879	0.00880173993597051	10.56312600000092	0.001153659325856185	0.0005768296629280925	0.0012920984449589271	0.0006460492224794636	POSITIVE_SELECTION
terminal_Antilocapra_americana	terminal	Antilocapra americana	DISRUPTED_HIGH	Antilocapra americana	Antilocapra_americana	baseline_strict_complete	2	COMPARISONS				0.077995	0.118485	0.6582689791956787	0	0	316	ok		0.43571	0.65827	0.22255897919567874	2.2374999999992724	0.1346986052319298	2.3458620000001247	0.12561605883920066	0.12543600000026345	0.723211896292649	0.3616059481463245	0.9418573533113569	0.47092867665567845	AMBIGUOUS
terminal_Antilocapra_americana	terminal	Antilocapra americana	DISRUPTED_HIGH	Antilocapra americana	Antilocapra_americana	refined_trim1_occ60	2	COMPARISONS				0.101108	0.153376	0.6592165658251616	4	0	557	ok		0.34315	0.65922	0.3160665658251616	11.76817200000005	0.0006025211945155116	5.053949999999531	0.02456986527322164	4.404915999999503	0.0358354895295493	0.01791774476477465	0.04013574827309521	0.020067874136547606	POSITIVE_SELECTION
terminal_Antilocapra_americana	terminal	Antilocapra americana	DISRUPTED_HIGH	Antilocapra americana	Antilocapra_americana	altcost_trim1_occ60	2	COMPARISONS				0.099414	0.129753	0.766178816674759	1	0	557	ok		0.3764	0.76618	0.38977881667475894	12.844554000001153	0.0003384628732973987	1.853080000000773	0.17342559664934437	2.1520519999994576	0.14237948592612912	0.07118974296306456	0.1533317540742929	0.07666587703714645	RELAXED_TOWARD_NEUTRALITY
terminal_Antilocapra_americana	terminal	Antilocapra americana	DISRUPTED_HIGH	Antilocapra americana	Antilocapra_americana	refined_mask50	2	COMPARISONS				0.110991	0.162468	0.6831560676564	9	1	872	ok		0.34144	0.68315	0.3417160676564	21.798793999998452	3.0279039817794547e-06	6.862619999999879	0.00880173993597051	10.56312600000092	0.001153659325856185	0.0005768296629280925	0.0012920984449589271	0.0006460492224794636	POSITIVE_SELECTION
terminal_Antilocapra_americana	terminal	Antilocapra americana	DISRUPTED_HIGH	Antilocapra americana	Antilocapra_americana	altcost_mask50	2	COMPARISONS				0.121866	0.158696	0.7679210566113828	8	1	872	ok		0.35576	0.76792	0.41216105661138275	27.073914000000514	1.958226612461052e-07	3.319547999999486	0.06846064882052048	15.378641999999672	8.797710806225686e-05	4.398855403112843e-05	9.853436102972768e-05	4.926718051486384e-05	POSITIVE_SELECTION
terminal_Axis_porcinus	terminal	Axis porcinus	DISRUPTED_HIGH	Axis porcinus	Axis_porcinus	baseline_trim2_occ70	2	COMPARISONS				0.0974	0.151309	0.6437158397715932	6	3	398	ok		0.30883	0.64372	0.3348858397715932	10.107907999999952	0.001476344530725568	3.800489999999627	0.05123758643607446	13.97472199999902	0.000185285041388284	9.2642520694142e-05	0.00021616588161966468	0.00010808294080983234	POSITIVE_SELECTION
terminal_Axis_porcinus	terminal	Axis porcinus	DISRUPTED_HIGH	Axis porcinus	Axis_porcinus	baseline_mask50	1	COMPARISONS				0.101289	0.148065	0.6840846925336845	11	4	874	ok		0.35179	0.68409	0.33229469253368454	19.452493999997387	1.0313308351179796e-05	6.615739999997459	0.010108132895285296	22.86810599999808	1.7350713340272816e-06	8.675356670136408e-07	2.259627783849483e-06	1.1298138919247415e-06	POSITIVE_SELECTION
terminal_Axis_porcinus	terminal	Axis porcinus	DISRUPTED_HIGH	Axis porcinus	Axis_porcinus	baseline_trim1_occ60	2	COMPARISONS				0.101683	0.145416	0.6992559278208725	5	3	555	ok		0.34404	0.69925	0.3552159278208725	13.537640000000465	0.00023382623694710576	3.6131960000002437	0.0573228594574013	15.51605600000039	8.180743138120137e-05	4.090371569060069e-05	9.747268419887822e-05	4.873634209943911e-05	POSITIVE_SELECTION
terminal_Axis_porcinus	terminal	Axis porcinus	DISRUPTED_HIGH	Axis porcinus	Axis_porcinus	baseline_mask50	2	COMPARISONS				0.10405	0.153932	0.6759478211158173	11	4	874	ok		0.34382	0.67595	0.3321278211158173	19.894956000000093	8.181590272948577e-06	6.951917999998841	0.008372941695845007	23.01226400000087	1.609712420987343e-06	8.048562104936715e-07	2.0031976794509158e-06	1.0015988397254579e-06	POSITIVE_SELECTION
terminal_Axis_porcinus	terminal	Axis porcinus	DISRUPTED_HIGH	Axis porcinus	Axis_porcinus	baseline_strict_complete	2	COMPARISONS				0.083486	0.119286	0.699880958368962	1	0	316	ok		0.44228	0.69988	0.257600958368962	2.8906540000007226	0.0890947522449899	1.816027999999278	0.17778680313842873	0.05563400000028196	0.8135346286100682	0.4067673143050341	0.9655382449751722	0.4827691224875861	AMBIGUOUS
terminal_Axis_porcinus	terminal	Axis porcinus	DISRUPTED_HIGH	Axis porcinus	Axis_porcinus	refined_trim1_occ60	2	COMPARISONS				0.101683	0.145416	0.6992559278208725	5	3	555	ok		0.34404	0.69925	0.3552159278208725	13.537640000000465	0.00023382623694710576	3.6131960000002437	0.0573228594574013	15.51605600000039	8.180743138120137e-05	4.090371569060069e-05	9.747268419887822e-05	4.873634209943911e-05	POSITIVE_SELECTION
terminal_Axis_porcinus	terminal	Axis porcinus	DISRUPTED_HIGH	Axis porcinus	Axis_porcinus	refined_mask50	2	COMPARISONS				0.10405	0.153932	0.6759478211158173	11	4	874	ok		0.34382	0.67595	0.3321278211158173	19.894956000000093	8.181590272948577e-06	6.951917999998841	0.008372941695845007	23.01226400000087	1.609712420987343e-06	8.048562104936715e-07	2.0031976794509158e-06	1.0015988397254579e-06	POSITIVE_SELECTION
terminal_Axis_porcinus	terminal	Axis porcinus	DISRUPTED_HIGH	Axis porcinus	Axis_porcinus	altcost_trim1_occ60	2	COMPARISONS				0.099003	0.130023	0.7614268244848987	5	1	561	ok		0.37828	0.76143	0.38314682448489873	12.725204000000303	0.00036076050196846203	1.9977060000001075	0.15753747613837843	7.746219999999084	0.005382508547642188	0.002691254273821094	0.006413201673786437	0.0032066008368932183	POSITIVE_SELECTION
terminal_Axis_porcinus	terminal	Axis porcinus	DISRUPTED_HIGH	Axis porcinus	Axis_porcinus	altcost_mask50	2	COMPARISONS				0.109817	0.152098	0.7220147536456758	10	4	877	ok		0.35812	0.72202	0.3638947536456758	21.619380000000092	3.3247540972994665e-06	4.837496000000101	0.027847302077812167	24.868985999997676	6.136170974715775e-07	3.0680854873578873e-07	7.636123879646297e-07	3.8180619398231487e-07	POSITIVE_SELECTION
terminal_Beatragus_hunteri	terminal	Beatragus hunteri	DISRUPTED_LIKELY	Beatragus hunteri	Beatragus_hunteri	baseline_mask50	1	COMPARISONS				0.106988	0.157258	0.6803342278294268	14	4	876	ok		0.34934	0.68033	0.3309942278294268	20.427716000001965	6.192641841632409e-06	7.165140000000974	0.007433388903649451	30.85731599999781	2.777132026227566e-08	1.388566013113783e-08	8.639966303819094e-08	4.319983151909547e-08	POSITIVE_SELECTION
terminal_Beatragus_hunteri	terminal	Beatragus hunteri	DISRUPTED_LIKELY	Beatragus hunteri	Beatragus_hunteri	baseline_trim2_occ70	2	COMPARISONS				0.088929	0.152096	0.5846899326741005	4	3	398	ok		0.30995	0.58469	0.2747399326741005	7.421965999999884	0.006443237597612672	5.56137999999919	0.01836093533359752	24.154452000000674	8.891039037902781e-07	4.4455195189513905e-07	1.5087823821895627e-06	7.543911910947813e-07	POSITIVE_SELECTION
terminal_Beatragus_hunteri	terminal	Beatragus hunteri	DISRUPTED_LIKELY	Beatragus hunteri	Beatragus_hunteri	baseline_trim1_occ60	2	COMPARISONS				0.105847	0.147765	0.7163198321659391	6	4	555	ok		0.34293	0.71632	0.3733898321659391	14.833969999999681	0.00011740164990047203	3.1936060000007274	0.0739267716792782	35.317370000000665	2.801225590057871e-09	1.4006127950289355e-09	2.9270318679817806e-08	1.4635159339908903e-08	POSITIVE_SELECTION
terminal_Beatragus_hunteri	terminal	Beatragus hunteri	DISRUPTED_LIKELY	Beatragus hunteri	Beatragus_hunteri	baseline_strict_complete	2	COMPARISONS				0.102421	0.142112	0.7207062035577573	2	0	316	ok		0.43931	0.72071	0.2813962035577573	3.799906000000192	0.051255460252447566	1.7554280000003928	0.18519580971175537	1.1103559999992285	0.2920045751371767	0.14600228756858835	0.6813440086534124	0.3406720043267062	NEAR_NEUTRAL_WEAK_EVIDENCE
terminal_Beatragus_hunteri	terminal	Beatragus hunteri	DISRUPTED_LIKELY	Beatragus hunteri	Beatragus_hunteri	baseline_mask50	2	COMPARISONS				0.109841	0.164432	0.6680025785735136	14	4	876	ok		0.34129	0.668	0.32671257857351366	20.547785999999178	5.816102047666733e-06	7.770526000000245	0.00531055827643347	30.845094000000245	2.794677413362219e-08	1.3973387066811095e-08	8.69455195268246e-08	4.34727597634123e-08	POSITIVE_SELECTION
terminal_Beatragus_hunteri	terminal	Beatragus hunteri	DISRUPTED_LIKELY	Beatragus hunteri	Beatragus_hunteri	refined_trim1_occ60	2	COMPARISONS				0.105847	0.147765	0.7163198321659391	6	4	555	ok		0.34293	0.71632	0.3733898321659391	14.833969999999681	0.00011740164990047203	3.1936060000007274	0.0739267716792782	35.317370000000665	2.801225590057871e-09	1.4006127950289355e-09	2.9270318679817806e-08	1.4635159339908903e-08	POSITIVE_SELECTION
terminal_Beatragus_hunteri	terminal	Beatragus hunteri	DISRUPTED_LIKELY	Beatragus hunteri	Beatragus_hunteri	altcost_trim1_occ60	2	COMPARISONS				0.094827	0.119584	0.7929739764516992	5	2	556	ok		0.37618	0.79298	0.4167939764516992	13.774538000001485	0.00020611082385212572	1.3637200000011944	0.24289381215309813	18.613789999999426	1.6005855963677782e-05	8.002927981838891e-06	4.941459763821149e-05	2.4707298819105743e-05	POSITIVE_SELECTION
terminal_Beatragus_hunteri	terminal	Beatragus hunteri	DISRUPTED_LIKELY	Beatragus hunteri	Beatragus_hunteri	refined_mask50	2	COMPARISONS				0.109841	0.164432	0.6680025785735136	14	4	876	ok		0.34129	0.668	0.32671257857351366	20.547785999999178	5.816102047666733e-06	7.770526000000245	0.00531055827643347	30.845094000000245	2.794677413362219e-08	1.3973387066811095e-08	8.69455195268246e-08	4.34727597634123e-08	POSITIVE_SELECTION
terminal_Beatragus_hunteri	terminal	Beatragus hunteri	DISRUPTED_LIKELY	Beatragus hunteri	Beatragus_hunteri	altcost_mask50	2	COMPARISONS				0.110626	0.161528	0.6848719726610866	11	4	877	ok		0.35639	0.68487	0.3284819726610866	19.547982000000047	9.810431283584765e-06	6.881924000001163	0.008707178385546372	25.900524000000587	3.594715525849891e-07	1.7973577629249456e-07	4.792954034466522e-07	2.396477017233261e-07	POSITIVE_SELECTION
terminal_Bison_bonasus	terminal	Bison bonasus	DISRUPTED_LIKELY	Bison bonasus	Bison_bonasus	baseline_trim1_occ60	2	COMPARISONS				0.099358	0.136469	0.7280627834892905	4	3	518	ok		0.34229	0.72806	0.38577278348929056	14.012090000000171	0.0001816389628868174	2.5593819999994594	0.10964143577799769	31.70084599999973	1.7984383947295275e-08	8.992191973647637e-09	6.755102865142232e-08	3.377551432571116e-08	POSITIVE_SELECTION
terminal_Bison_bonasus	terminal	Bison bonasus	DISRUPTED_LIKELY	Bison bonasus	Bison_bonasus	baseline_mask50	1	COMPARISONS				0.100125	0.146732	0.6823664912902435	10	3	826	ok		0.34807	0.68237	0.3342964912902435	18.81874600000083	1.4374731626817152e-05	6.266188000001421	0.01230636249810419	30.50297000000137	3.33355775619852e-08	1.66677887809926e-08	9.825222860374586e-08	4.912611430187293e-08	POSITIVE_SELECTION
terminal_Bison_bonasus	terminal	Bison bonasus	DISRUPTED_LIKELY	Bison bonasus	Bison_bonasus	baseline_trim2_occ70	2	COMPARISONS				0.087125	0.144565	0.6026700792031265	4	3	369	ok		0.30887	0.60267	0.29380007920312656	7.382920000000013	0.006584617651929988	4.343965999998545	0.03714031319356343	32.783362000000125	1.0302287010291226e-08	5.151143505145613e-09	1.0578927658069861e-07	5.2894638290349304e-08	POSITIVE_SELECTION
terminal_Bison_bonasus	terminal	Bison bonasus	DISRUPTED_LIKELY	Bison bonasus	Bison_bonasus	baseline_mask50	2	COMPARISONS				0.10263	0.153056	0.6705388877273678	10	3	826	ok		0.34	0.67054	0.3305388877273678	18.99901200000022	1.30786156299741e-05	6.7813420000020415	0.009211560778979189	30.425124000001233	3.470046902682418e-08	1.735023451341209e-08	9.71613132751077e-08	4.858065663755385e-08	POSITIVE_SELECTION
terminal_Bison_bonasus	terminal	Bison bonasus	DISRUPTED_LIKELY	Bison bonasus	Bison_bonasus	baseline_strict_complete	2	COMPARISONS				0.084532	0.127507	0.6629596806449841	1	0	316	ok		0.43476	0.66295	0.22819968064498414	2.478235999999015	0.11543165048714837	2.444041999999172	0.11797188940995493	0.1598840000006021	0.689263337581665	0.3446316687908325	0.91901778344222	0.45950889172111	AMBIGUOUS
terminal_Bison_bonasus	terminal	Bison bonasus	DISRUPTED_LIKELY	Bison bonasus	Bison_bonasus	refined_trim1_occ60	2	COMPARISONS				0.099358	0.136469	0.7280627834892905	4	3	518	ok		0.34229	0.72806	0.38577278348929056	14.012090000000171	0.0001816389628868174	2.5593819999994594	0.10964143577799769	31.70084599999973	1.7984383947295275e-08	8.992191973647637e-09	6.755102865142232e-08	3.377551432571116e-08	POSITIVE_SELECTION
terminal_Bison_bonasus	terminal	Bison bonasus	DISRUPTED_LIKELY	Bison bonasus	Bison_bonasus	refined_mask50	2	COMPARISONS				0.10263	0.153056	0.6705388877273678	10	3	826	ok		0.34	0.67054	0.3305388877273678	18.99901200000022	1.30786156299741e-05	6.7813420000020415	0.009211560778979189	30.425124000001233	3.470046902682418e-08	1.735023451341209e-08	9.71613132751077e-08	4.858065663755385e-08	POSITIVE_SELECTION
terminal_Bison_bonasus	terminal	Bison bonasus	DISRUPTED_LIKELY	Bison bonasus	Bison_bonasus	altcost_trim1_occ60	2	COMPARISONS				0.093687	0.121241	0.7727336462087908	3	1	515	ok		0.37604	0.77274	0.39669364620879083	11.963780000000042	0.0005424471409672156	1.5562219999992521	0.21221925060515814	18.935959999998886	1.351804271810925e-05	6.759021359054625e-06	4.4530023071418706e-05	2.2265011535709353e-05	POSITIVE_SELECTION
terminal_Bison_bonasus	terminal	Bison bonasus	DISRUPTED_LIKELY	Bison bonasus	Bison_bonasus	altcost_mask50	2	COMPARISONS				0.109738	0.152541	0.7194000301558269	10	4	827	ok		0.3536	0.7194	0.36580003015582685	20.897616000002017	4.844972066170908e-06	4.5964420000018436	0.03203838096548831	43.96636199999921	3.3406800889566334e-11	1.6703400444783167e-11	8.90848023721769e-11	4.454240118608845e-11	POSITIVE_SELECTION
terminal_Bos_frontalis	terminal	Bos frontalis	DISRUPTED_LIKELY	Bos frontalis	Bos_frontalis	baseline_trim1_occ60	2	COMPARISONS				0.095744	0.132596	0.7220730640441643	4	3	550	ok		0.34231	0.72207	0.37976306404416427	14.06703799999923	0.0001764084006903415	2.769847999999911	0.09605528220121548	28.06902000000082	1.1706490006327012e-07	5.853245003163506e-08	2.345483714791823e-07	1.1727418573959115e-07	POSITIVE_SELECTION
terminal_Bos_frontalis	terminal	Bos frontalis	DISRUPTED_LIKELY	Bos frontalis	Bos_frontalis	baseline_mask50	1	COMPARISONS				0.097356	0.14004	0.6952013710368466	11	3	876	ok		0.34819	0.6952	0.34701137103684665	20.334255999998277	6.502592131509871e-06	5.809763999997813	0.01593743286794696	31.014964000001783	2.5604673715915246e-08	1.2802336857957623e-08	8.639966303819094e-08	4.319983151909547e-08	POSITIVE_SELECTION
terminal_Bos_frontalis	terminal	Bos frontalis	DISRUPTED_LIKELY	Bos frontalis	Bos_frontalis	baseline_trim2_occ70	2	COMPARISONS				0.082191	0.141717	0.5799657063019962	4	3	393	ok		0.30843	0.57996	0.2715357063019962	6.763698000000659	0.009303077373489982	5.174736000000848	0.022917653754054603	31.751408000000083	1.7522218827392003e-08	8.761109413696002e-09	1.0578927658069861e-07	5.2894638290349304e-08	POSITIVE_SELECTION
terminal_Bos_frontalis	terminal	Bos frontalis	DISRUPTED_LIKELY	Bos frontalis	Bos_frontalis	baseline_mask50	2	COMPARISONS				0.099743	0.14628	0.6818635493573968	11	3	876	ok		0.34014	0.68186	0.3417235493573968	20.38887800000157	6.319601485603662e-06	6.37266400000226	0.011589149043619752	30.93891000000076	2.662793001161761e-08	1.3313965005808804e-08	8.69455195268246e-08	4.34727597634123e-08	POSITIVE_SELECTION
terminal_Bos_frontalis	terminal	Bos frontalis	DISRUPTED_LIKELY	Bos frontalis	Bos_frontalis	baseline_strict_complete	2	COMPARISONS				0.079366	0.12027	0.6598985615698013	1	0	316	ok		0.43621	0.65989	0.22368856156980133	2.2879479999992327	0.13038219820902164	2.387351999999737	0.12232066907827074	0.6415820000001986	0.42313851201899977	0.21156925600949988	0.8170950576918616	0.4085475288459308	AMBIGUOUS
terminal_Bos_frontalis	terminal	Bos frontalis	DISRUPTED_LIKELY	Bos frontalis	Bos_frontalis	refined_trim1_occ60	2	COMPARISONS				0.095744	0.132596	0.7220730640441643	4	3	550	ok		0.34231	0.72207	0.37976306404416427	14.06703799999923	0.0001764084006903415	2.769847999999911	0.09605528220121548	28.06902000000082	1.1706490006327012e-07	5.853245003163506e-08	2.345483714791823e-07	1.1727418573959115e-07	POSITIVE_SELECTION
terminal_Bos_frontalis	terminal	Bos frontalis	DISRUPTED_LIKELY	Bos frontalis	Bos_frontalis	refined_mask50	2	COMPARISONS				0.099743	0.14628	0.6818635493573968	11	3	876	ok		0.34014	0.68186	0.3417235493573968	20.38887800000157	6.319601485603662e-06	6.37266400000226	0.011589149043619752	30.93891000000076	2.662793001161761e-08	1.3313965005808804e-08	8.69455195268246e-08	4.34727597634123e-08	POSITIVE_SELECTION
terminal_Bos_frontalis	terminal	Bos frontalis	DISRUPTED_LIKELY	Bos frontalis	Bos_frontalis	altcost_trim1_occ60	2	COMPARISONS				0.091259	0.11756	0.7762759441987072	3	1	548	ok		0.37605	0.77628	0.40022594419870716	12.481293999999252	0.0004110473659158668	1.549485999999888	0.21321133723104113	14.355473999999958	0.0001513390484771965	7.566952423859825e-05	0.0002568177792340304	0.0001284088896170152	POSITIVE_SELECTION
terminal_Bos_frontalis	terminal	Bos frontalis	DISRUPTED_LIKELY	Bos frontalis	Bos_frontalis	altcost_mask50	2	COMPARISONS				0.107128	0.145207	0.7377605762807579	11	4	877	ok		0.35375	0.73776	0.38401057628075785	22.921000000002095	1.6879762896438313e-06	4.016436000001704	0.04505883667444131	44.44254000000001	2.619331723999249e-11	1.3096658619996245e-11	7.720135607576735e-11	3.8600678037883675e-11	POSITIVE_SELECTION
terminal_Bos_gaurus	terminal	Bos gaurus	DISRUPTED_HIGH	Bos gaurus	Bos_gaurus	baseline_trim1_occ60	2	COMPARISONS				0.101505	0.142314	0.7132467641974788	7	3	550	ok		0.34275	0.71325	0.3704967641974788	14.169556000000739	0.00016705165579068866	3.1497500000004948	0.07593859665278146	32.4114840000002	1.2474708180792868e-08	6.237354090396434e-09	6.152186096459042e-08	3.076093048229521e-08	POSITIVE_SELECTION
terminal_Bos_gaurus	terminal	Bos gaurus	DISRUPTED_HIGH	Bos gaurus	Bos_gaurus	baseline_mask50	1	COMPARISONS				0.098747	0.145278	0.6797106237696005	11	3	874	ok		0.34738	0.67971	0.33233062376960043	19.440270000002783	1.0379526426517383e-05	6.671003999999812	0.009799397010908857	32.90281600000162	9.68828291952773e-09	4.844141459763865e-09	4.932216759032299e-08	2.4661083795161495e-08	POSITIVE_SELECTION
terminal_Bos_gaurus	terminal	Bos gaurus	DISRUPTED_HIGH	Bos gaurus	Bos_gaurus	baseline_mask50	2	COMPARISONS				0.101381	0.151335	0.6699111243268246	12	3	874	ok		0.33916	0.66991	0.33075112432682463	19.803788000001077	8.58124450710451e-06	7.104169999998703	0.0076904827286714385	32.264203999999154	1.3456974341801191e-08	6.7284871709005956e-09	6.279921359507222e-08	3.139960679753611e-08	POSITIVE_SELECTION
terminal_Bos_gaurus	terminal	Bos gaurus	DISRUPTED_HIGH	Bos gaurus	Bos_gaurus	baseline_trim2_occ70	2	COMPARISONS				0.087513	0.154448	0.5666178908111468	4	3	393	ok		0.30916	0.56662	0.2574578908111468	6.605965999999171	0.010163765033667118	6.063384000000951	0.013801297829226284	27.78299799999877	1.3571354216359782e-07	6.785677108179891e-08	3.3043297222441207e-07	1.6521648611220604e-07	POSITIVE_SELECTION
terminal_Bos_gaurus	terminal	Bos gaurus	DISRUPTED_HIGH	Bos gaurus	Bos_gaurus	baseline_strict_complete	2	COMPARISONS				0.080781	0.1372	0.5887827988338193	0	0	316	ok		0.43725	0.58878	0.15153279883381932	1.2545259999988048	0.2626897931636012	4.175139999999374	0.04102117340867392	0.0	1.0	1.0	1.0	1.0	PURIFYING_CONSTRAINT
terminal_Bos_gaurus	terminal	Bos gaurus	DISRUPTED_HIGH	Bos gaurus	Bos_gaurus	refined_trim1_occ60	2	COMPARISONS				0.101505	0.142314	0.7132467641974788	7	3	550	ok		0.34275	0.71325	0.3704967641974788	14.169556000000739	0.00016705165579068866	3.1497500000004948	0.07593859665278146	32.4114840000002	1.2474708180792868e-08	6.237354090396434e-09	6.152186096459042e-08	3.076093048229521e-08	POSITIVE_SELECTION
terminal_Bos_gaurus	terminal	Bos gaurus	DISRUPTED_HIGH	Bos gaurus	Bos_gaurus	refined_mask50	2	COMPARISONS				0.101381	0.151334	0.6699155510328149	12	3	874	ok		0.33916	0.66991	0.33075555103281484	19.803788000001077	8.58124450710451e-06	7.104169999998703	0.0076904827286714385	32.264203999999154	1.3456974341801191e-08	6.7284871709005956e-09	6.279921359507222e-08	3.139960679753611e-08	POSITIVE_SELECTION
terminal_Bos_gaurus	terminal	Bos gaurus	DISRUPTED_HIGH	Bos gaurus	Bos_gaurus	altcost_trim1_occ60	2	COMPARISONS				0.097935	0.127568	0.7677082026840587	5	1	548	ok		0.37638	0.76771	0.3913282026840587	12.721397999999681	0.00036149543762466034	1.7974119999998948	0.18002568661427237	17.890670000000682	2.3396530294001068e-05	1.1698265147000534e-05	5.9554804384729993e-05	2.9777402192364997e-05	POSITIVE_SELECTION
terminal_Bos_gaurus	terminal	Bos gaurus	DISRUPTED_HIGH	Bos gaurus	Bos_gaurus	altcost_mask50	2	COMPARISONS				0.110195	0.145621	0.756724648230681	13	4	876	ok		0.35434	0.75672	0.402384648230681	24.593511999999464	7.078967242155345e-07	3.4024940000017523	0.06509792364835414	42.975390000003244	5.5432800752899435e-11	2.7716400376449718e-11	1.41101674643744e-10	7.0550837321872e-11	POSITIVE_SELECTION
terminal_Bos_grunniens	terminal	Bos grunniens	DISRUPTED_HIGH	Bos grunniens	Bos_grunniens	baseline_trim2_occ70	2	COMPARISONS				0.085697	0.146879	0.5834530463851196	4	3	393	ok		0.30875	0.58345	0.2747030463851196	7.057093999999779	0.007895196643044923	5.221734000000652	0.022306297940362405	30.823404000000664	2.826088510519228e-08	1.413044255259614e-08	1.1955923611188027e-07	5.977961805594013e-08	POSITIVE_SELECTION
terminal_Bos_grunniens	terminal	Bos grunniens	DISRUPTED_HIGH	Bos grunniens	Bos_grunniens	baseline_mask50	1	COMPARISONS				0.098957	0.148681	0.6655658759357281	10	3	875	ok		0.34835	0.66557	0.31721587593572814	18.179043999996793	2.0107925434451726e-05	7.462911999999051	0.006298304076001444	29.450443999998242	5.736489584791584e-08	2.868244792395792e-08	1.3385142364513698e-07	6.692571182256849e-08	POSITIVE_SELECTION
terminal_Bos_grunniens	terminal	Bos grunniens	DISRUPTED_HIGH	Bos grunniens	Bos_grunniens	baseline_trim1_occ60	2	COMPARISONS				0.098694	0.144334	0.6837889894273006	5	3	550	ok		0.34285	0.68379	0.3409389894273006	12.467484000000695	0.00041409747917871774	3.943145999999615	0.04706268632609001	27.93205400000079	1.2565091329241909e-07	6.282545664620954e-08	2.345483714791823e-07	1.1727418573959115e-07	POSITIVE_SELECTION
terminal_Bos_grunniens	terminal	Bos grunniens	DISRUPTED_HIGH	Bos grunniens	Bos_grunniens	baseline_mask50	2	COMPARISONS				0.10128	0.155732	0.6503480338016592	10	3	875	ok		0.34034	0.65034	0.3100080338016592	18.027463999998872	2.1774091787762106e-05	8.244330000001355	0.004087949553100259	29.51688600000125	5.543165076087958e-08	2.771582538043979e-08	1.1239664141841758e-07	5.619832070920879e-08	POSITIVE_SELECTION
terminal_Bos_grunniens	terminal	Bos grunniens	DISRUPTED_HIGH	Bos grunniens	Bos_grunniens	baseline_strict_complete	2	COMPARISONS				0.079278	0.130931	0.6054944971015268	0	0	316	ok		0.43759	0.6055	0.16790449710152683	1.4581299999990733	0.22722789180082353	3.6345299999993586	0.05659258134416043	0.0	1.0	1.0	1.0	1.0	AMBIGUOUS
terminal_Bos_grunniens	terminal	Bos grunniens	DISRUPTED_HIGH	Bos grunniens	Bos_grunniens	refined_trim1_occ60	2	COMPARISONS				0.098694	0.144334	0.6837889894273006	5	3	550	ok		0.34285	0.68379	0.3409389894273006	12.467484000000695	0.00041409747917871774	3.943145999999615	0.04706268632609001	27.93205400000079	1.2565091329241909e-07	6.282545664620954e-08	2.345483714791823e-07	1.1727418573959115e-07	POSITIVE_SELECTION
terminal_Bos_grunniens	terminal	Bos grunniens	DISRUPTED_HIGH	Bos grunniens	Bos_grunniens	refined_mask50	2	COMPARISONS				0.10128	0.155732	0.6503480338016592	10	3	875	ok		0.34034	0.65034	0.3100080338016592	18.027463999998872	2.1774091787762106e-05	8.244330000001355	0.004087949553100259	29.51688600000125	5.543165076087958e-08	2.771582538043979e-08	1.1239664141841758e-07	5.619832070920879e-08	POSITIVE_SELECTION
terminal_Bos_grunniens	terminal	Bos grunniens	DISRUPTED_HIGH	Bos grunniens	Bos_grunniens	altcost_trim1_occ60	2	COMPARISONS				0.093146	0.129132	0.7213239166124586	3	1	548	ok		0.37655	0.72132	0.34477391661245865	10.413166000000274	0.0012512005204990322	2.698388000000705	0.10044976270808209	15.44464599999992	8.495727887124796e-05	4.247863943562398e-05	0.00015858692055966284	7.929346027983142e-05	POSITIVE_SELECTION
terminal_Bos_grunniens	terminal	Bos grunniens	DISRUPTED_HIGH	Bos grunniens	Bos_grunniens	altcost_mask50	2	COMPARISONS				0.108022	0.156625	0.689685554668795	10	4	876	ok		0.354	0.68969	0.335685554668795	19.332342000001518	1.0983019590787034e-05	6.183258000000933	0.012896460043900267	42.08744200000001	8.728190217448054e-11	4.364095108724027e-11	1.8799178929888115e-10	9.399589464944057e-11	POSITIVE_SELECTION
terminal_Bos_indicus	terminal	Bos indicus	DISRUPTED_LIKELY	Bos indicus	Bos_indicus	baseline_mask50	1	COMPARISONS				0.094501	0.137274	0.6884114981715401	10	3	877	ok		0.34813	0.68841	0.34028149817154013	19.36727400000018	1.0783932132454133e-05	5.977461999998923	0.014489839062608917	28.75558600000295	8.211273867677524e-08	4.105636933838762e-08	1.6109810808787729e-07	8.054905404393864e-08	POSITIVE_SELECTION
terminal_Bos_indicus	terminal	Bos indicus	DISRUPTED_LIKELY	Bos indicus	Bos_indicus	baseline_mask50	2	COMPARISONS				0.096844	0.143075	0.6768757644591997	10	3	877	ok		0.34007	0.67688	0.33680576445919974	19.555302000000665	9.772912851439011e-06	6.452909999999974	0.01107707661934704	29.23395200000232	6.414529802841206e-08	3.207264901420603e-08	1.1239664141841758e-07	5.619832070920879e-08	POSITIVE_SELECTION
terminal_Bos_indicus	terminal	Bos indicus	DISRUPTED_LIKELY	Bos indicus	Bos_indicus	baseline_trim2_occ70	2	COMPARISONS				0.075893	0.142101	0.5340778741880775	4	3	393	ok		0.30754	0.53408	0.22653787418807753	5.040655999999217	0.024759112420432158	6.697915999999168	0.00965256683941428	33.1989220000014	8.319664191778399e-09	4.159832095889199e-09	1.0578927658069861e-07	5.2894638290349304e-08	POSITIVE_SELECTION
terminal_Bos_indicus	terminal	Bos indicus	DISRUPTED_LIKELY	Bos indicus	Bos_indicus	baseline_trim1_occ60	2	COMPARISONS				0.089935	0.133162	0.6753803637674411	4	3	550	ok		0.342	0.67538	0.3333803637674411	11.488620000000083	0.0007002360897569657	3.955681999999797	0.04671338553208958	29.101134000000457	6.869676237997515e-08	3.4348381189987574e-08	1.6629056833829658e-07	8.314528416914829e-08	POSITIVE_SELECTION
terminal_Bos_indicus	terminal	Bos indicus	DISRUPTED_LIKELY	Bos indicus	Bos_indicus	baseline_strict_complete	2	COMPARISONS				0.079665	0.112897	0.705643196896286	0	0	316	ok		0.43703	0.70564	0.268613196896286	2.936276000000362	0.08661020188166883	1.5917759999992995	0.2070725763938335	0.28765799999928277	0.5917252625171492	0.2958626312585746	0.8906805021233518	0.4453402510616759	NEAR_NEUTRAL_WEAK_EVIDENCE
terminal_Bos_indicus	terminal	Bos indicus	DISRUPTED_LIKELY	Bos indicus	Bos_indicus	refined_trim1_occ60	2	COMPARISONS				0.089935	0.133162	0.6753803637674411	4	3	550	ok		0.342	0.67538	0.3333803637674411	11.488620000000083	0.0007002360897569657	3.955681999999797	0.04671338553208958	29.101134000000457	6.869676237997515e-08	3.4348381189987574e-08	1.6629056833829658e-07	8.314528416914829e-08	POSITIVE_SELECTION
terminal_Bos_indicus	terminal	Bos indicus	DISRUPTED_LIKELY	Bos indicus	Bos_indicus	refined_mask50	2	COMPARISONS				0.096844	0.143075	0.6768757644591997	10	3	877	ok		0.34007	0.67688	0.33680576445919974	19.555302000000665	9.772912851439011e-06	6.452909999999974	0.01107707661934704	29.23395200000232	6.414529802841206e-08	3.207264901420603e-08	1.1239664141841758e-07	5.619832070920879e-08	POSITIVE_SELECTION
terminal_Bos_indicus	terminal	Bos indicus	DISRUPTED_LIKELY	Bos indicus	Bos_indicus	altcost_trim1_occ60	2	COMPARISONS				0.086064	0.114647	0.7506868910656188	3	1	548	ok		0.37596	0.75068	0.3747268910656188	11.156676000000516	0.000837298117572071	1.9528539999992063	0.16227963673245527	14.98835599999984	0.00010817661419950052	5.408830709975026e-05	0.00019541581919909772	9.770790959954886e-05	POSITIVE_SELECTION
terminal_Bos_indicus	terminal	Bos indicus	DISRUPTED_LIKELY	Bos indicus	Bos_indicus	altcost_mask50	2	COMPARISONS				0.102816	0.135339	0.7596923281537473	9	4	877	ok		0.35436	0.75969	0.4053323281537473	23.795399999999063	1.0713819956919933e-06	3.1435899999996764	0.07622585641875117	39.38940000000002	3.471764910795911e-10	1.7358824553979556e-10	6.704097758778312e-10	3.352048879389156e-10	POSITIVE_SELECTION
terminal_Bos_javanicus	terminal	Bos javanicus	DISRUPTED_HIGH	Bos javanicus	Bos_javanicus	baseline_trim1_occ60	2	COMPARISONS				0.098292	0.139492	0.7046425601468185	5	3	550	ok		0.34313	0.70464	0.3615125601468185	13.380797999998322	0.00025421354542207137	3.299669999998514	0.0692938028556589	31.334367999999813	2.1720047388996692e-08	1.0860023694498346e-08	7.137808335534053e-08	3.5689041677670264e-08	POSITIVE_SELECTION
terminal_Bos_javanicus	terminal	Bos javanicus	DISRUPTED_HIGH	Bos javanicus	Bos_javanicus	baseline_mask50	1	COMPARISONS				0.095589	0.144941	0.6595028321868899	10	3	874	ok		0.34735	0.6595	0.3121528321868899	17.48954799999774	2.8889153398487506e-05	7.636857999998028	0.005718744640969027	31.58542800000214	1.9085639729901698e-08	9.542819864950849e-09	7.634255891960679e-08	3.8171279459803396e-08	POSITIVE_SELECTION
terminal_Bos_javanicus	terminal	Bos javanicus	DISRUPTED_HIGH	Bos javanicus	Bos_javanicus	baseline_trim2_occ70	2	COMPARISONS				0.084486	0.150328	0.5620110691288384	4	3	393	ok		0.30929	0.56201	0.25272106912883835	6.263705999999729	0.012323614409769139	6.056223999999929	0.013857367035420193	31.996658000000025	1.5443804203949843e-08	7.721902101974922e-09	1.0578927658069861e-07	5.2894638290349304e-08	POSITIVE_SELECTION
terminal_Bos_javanicus	terminal	Bos javanicus	DISRUPTED_HIGH	Bos javanicus	Bos_javanicus	baseline_mask50	2	COMPARISONS				0.098119	0.151228	0.6488150342529161	11	3	874	ok		0.33915	0.64882	0.3096650342529161	17.73538600000029	2.538601394647387e-05	8.156457999997656	0.004290809026564418	31.85115399999995	1.664507503922225e-08	8.322537519611125e-09	7.170186170741892e-08	3.585093085370946e-08	POSITIVE_SELECTION
terminal_Bos_javanicus	terminal	Bos javanicus	DISRUPTED_HIGH	Bos javanicus	Bos_javanicus	baseline_strict_complete	2	COMPARISONS				0.079622	0.135996	0.5854731021500632	0	0	316	ok		0.43686	0.58547	0.14861310215006318	1.2057779999995546	0.27216989303757266	4.232162000000244	0.03966488461323878	0.0	1.0	1.0	1.0	1.0	PURIFYING_CONSTRAINT
terminal_Bos_javanicus	terminal	Bos javanicus	DISRUPTED_HIGH	Bos javanicus	Bos_javanicus	refined_trim1_occ60	2	COMPARISONS				0.098292	0.139492	0.7046425601468185	5	3	550	ok		0.34313	0.70464	0.3615125601468185	13.380797999998322	0.00025421354542207137	3.299669999998514	0.0692938028556589	31.334367999999813	2.1720047388996692e-08	1.0860023694498346e-08	7.137808335534053e-08	3.5689041677670264e-08	POSITIVE_SELECTION
terminal_Bos_javanicus	terminal	Bos javanicus	DISRUPTED_HIGH	Bos javanicus	Bos_javanicus	refined_mask50	2	COMPARISONS				0.098119	0.151228	0.6488150342529161	11	3	874	ok		0.33915	0.64882	0.3096650342529161	17.73538600000029	2.538601394647387e-05	8.156457999997656	0.004290809026564418	31.85115399999995	1.664507503922225e-08	8.322537519611125e-09	7.170186170741892e-08	3.585093085370946e-08	POSITIVE_SELECTION
terminal_Bos_javanicus	terminal	Bos javanicus	DISRUPTED_HIGH	Bos javanicus	Bos_javanicus	altcost_trim1_occ60	2	COMPARISONS				0.094712	0.124853	0.7585880996051356	4	1	548	ok		0.37673	0.75858	0.3818580996051356	11.997715999999855	0.0005326579102091378	1.9146639999999024	0.1664460930637397	16.803617999999915	4.1454192352788076e-05	2.0727096176394038e-05	0.00010093194659809272	5.046597329904636e-05	POSITIVE_SELECTION
terminal_Bos_javanicus	terminal	Bos javanicus	DISRUPTED_HIGH	Bos javanicus	Bos_javanicus	altcost_mask50	2	COMPARISONS				0.106904	0.145641	0.7340240728915621	12	4	876	ok		0.35418	0.73402	0.37984407289156213	22.397843999999168	2.2162265813550523e-06	4.125179999999091	0.04224952581746911	42.71091199999864	6.345731147764254e-11	3.172865573882127e-11	1.5450475838034706e-10	7.725237919017353e-11	POSITIVE_SELECTION
terminal_Bos_mutus	terminal	Bos mutus	DISRUPTED_HIGH	Bos mutus	Bos_mutus	baseline_mask50	1	COMPARISONS				0.098957	0.148681	0.6655658759357281	10	3	875	ok		0.34835	0.66557	0.31721587593572814	18.179043999996793	2.0107925434451726e-05	7.462911999999051	0.006298304076001444	29.450443999998242	5.736489584791584e-08	2.868244792395792e-08	1.3385142364513698e-07	6.692571182256849e-08	POSITIVE_SELECTION
terminal_Bos_mutus	terminal	Bos mutus	DISRUPTED_HIGH	Bos mutus	Bos_mutus	baseline_trim1_occ60	2	COMPARISONS				0.098694	0.144334	0.6837889894273006	5	3	550	ok		0.34285	0.68379	0.3409389894273006	12.467484000000695	0.00041409747917871774	3.943145999999615	0.04706268632609001	27.93205400000079	1.2565091329241909e-07	6.282545664620954e-08	2.345483714791823e-07	1.1727418573959115e-07	POSITIVE_SELECTION
terminal_Bos_mutus	terminal	Bos mutus	DISRUPTED_HIGH	Bos mutus	Bos_mutus	baseline_mask50	2	COMPARISONS				0.10128	0.155732	0.6503480338016592	10	3	875	ok		0.34034	0.65034	0.3100080338016592	18.027463999998872	2.1774091787762106e-05	8.244330000001355	0.004087949553100259	29.51688600000125	5.543165076087958e-08	2.771582538043979e-08	1.1239664141841758e-07	5.619832070920879e-08	POSITIVE_SELECTION
terminal_Bos_mutus	terminal	Bos mutus	DISRUPTED_HIGH	Bos mutus	Bos_mutus	baseline_trim2_occ70	2	COMPARISONS				0.085697	0.146879	0.5834530463851196	4	3	393	ok		0.30875	0.58345	0.2747030463851196	7.057093999999779	0.007895196643044923	5.221734000000652	0.022306297940362405	30.823404000000664	2.826088510519228e-08	1.413044255259614e-08	1.1955923611188027e-07	5.977961805594013e-08	POSITIVE_SELECTION
terminal_Bos_mutus	terminal	Bos mutus	DISRUPTED_HIGH	Bos mutus	Bos_mutus	baseline_strict_complete	2	COMPARISONS				0.079278	0.130931	0.6054944971015268	0	0	316	ok		0.43759	0.6055	0.16790449710152683	1.4581299999990733	0.22722789180082353	3.6345299999993586	0.05659258134416043	0.0	1.0	1.0	1.0	1.0	AMBIGUOUS
terminal_Bos_mutus	terminal	Bos mutus	DISRUPTED_HIGH	Bos mutus	Bos_mutus	refined_trim1_occ60	2	COMPARISONS				0.098694	0.144334	0.6837889894273006	5	3	550	ok		0.34285	0.68379	0.3409389894273006	12.467484000000695	0.00041409747917871774	3.943145999999615	0.04706268632609001	27.93205400000079	1.2565091329241909e-07	6.282545664620954e-08	2.345483714791823e-07	1.1727418573959115e-07	POSITIVE_SELECTION
terminal_Bos_mutus	terminal	Bos mutus	DISRUPTED_HIGH	Bos mutus	Bos_mutus	refined_mask50	2	COMPARISONS				0.10128	0.155732	0.6503480338016592	10	3	875	ok		0.34034	0.65034	0.3100080338016592	18.027463999998872	2.1774091787762106e-05	8.244330000001355	0.004087949553100259	29.51688600000125	5.543165076087958e-08	2.771582538043979e-08	1.1239664141841758e-07	5.619832070920879e-08	POSITIVE_SELECTION
terminal_Bos_mutus	terminal	Bos mutus	DISRUPTED_HIGH	Bos mutus	Bos_mutus	altcost_mask50	2	COMPARISONS				0.108022	0.156625	0.689685554668795	10	4	876	ok		0.354	0.68969	0.335685554668795	19.332342000001518	1.0983019590787034e-05	6.183258000000933	0.012896460043900267	42.08744200000001	8.728190217448054e-11	4.364095108724027e-11	1.8799178929888115e-10	9.399589464944057e-11	POSITIVE_SELECTION
terminal_Bos_mutus	terminal	Bos mutus	DISRUPTED_HIGH	Bos mutus	Bos_mutus	altcost_trim1_occ60	2	COMPARISONS				0.093146	0.129132	0.7213239166124586	3	1	548	ok		0.37655	0.72132	0.34477391661245865	10.413166000000274	0.0012512005204990322	2.698388000000705	0.10044976270808209	15.44464599999992	8.495727887124796e-05	4.247863943562398e-05	0.00015858692055966284	7.929346027983142e-05	POSITIVE_SELECTION
terminal_Bos_taurus	terminal	Bos taurus	DISRUPTED_HIGH	Bos taurus	Bos_taurus	baseline_trim1_occ60	2	COMPARISONS				0.091012	0.133855	0.679929774756266	4	3	550	ok		0.34144	0.67993	0.338489774756266	11.846770000000106	0.0005776144681955789	3.848174000000654	0.04980018000127751	29.02996399999938	7.126738643069854e-08	3.563369321534927e-08	1.6629056833829658e-07	8.314528416914829e-08	POSITIVE_SELECTION
terminal_Bos_taurus	terminal	Bos taurus	DISRUPTED_HIGH	Bos taurus	Bos_taurus	baseline_mask50	1	COMPARISONS				0.094226	0.140743	0.6694897792430174	11	3	875	ok		0.34758	0.66949	0.32190977924301745	18.023339999999735	2.182131113919332e-05	6.966728000003059	0.008303920071109215	32.16378000000259	1.4170803711151803e-08	7.085401855575901e-09	6.613041731870842e-08	3.306520865935421e-08	POSITIVE_SELECTION
terminal_Bos_taurus	terminal	Bos taurus	DISRUPTED_HIGH	Bos taurus	Bos_taurus	baseline_mask50	2	COMPARISONS				0.09656	0.146816	0.6576939843068875	11	3	875	ok		0.3395	0.65769	0.3181939843068875	18.16748000000007	2.0230395141630866e-05	7.507564000003185	0.006144041241090458	32.92949800000133	9.556221903845026e-09	4.778110951922513e-09	4.8649856965029225e-08	2.4324928482514613e-08	POSITIVE_SELECTION
terminal_Bos_taurus	terminal	Bos taurus	DISRUPTED_HIGH	Bos taurus	Bos_taurus	baseline_trim2_occ70	2	COMPARISONS				0.077302	0.14331	0.5394040890377503	4	3	393	ok		0.3074	0.53941	0.23200408903775027	5.291323999999804	0.021431919938500826	6.570620000000417	0.010367582780867973	33.84675600000082	5.962843546601606e-09	2.981421773300803e-09	1.0578927658069861e-07	5.2894638290349304e-08	POSITIVE_SELECTION
terminal_Bos_taurus	terminal	Bos taurus	DISRUPTED_HIGH	Bos taurus	Bos_taurus	baseline_strict_complete	2	COMPARISONS				0.08006	0.118438	0.675965484050727	1	0	316	ok		0.43643	0.67597	0.239535484050727	2.506207999998878	0.11339850160790399	2.065677999999025	0.1506479153426395	1.1344460000000254	0.28682898211470365	0.14341449105735182	0.6813440086534124	0.3406720043267062	AMBIGUOUS
terminal_Bos_taurus	terminal	Bos taurus	DISRUPTED_HIGH	Bos taurus	Bos_taurus	refined_trim1_occ60	2	COMPARISONS				0.091012	0.133855	0.679929774756266	4	3	550	ok		0.34144	0.67993	0.338489774756266	11.846770000000106	0.0005776144681955789	3.848174000000654	0.04980018000127751	29.02996399999938	7.126738643069854e-08	3.563369321534927e-08	1.6629056833829658e-07	8.314528416914829e-08	POSITIVE_SELECTION
terminal_Bos_taurus	terminal	Bos taurus	DISRUPTED_HIGH	Bos taurus	Bos_taurus	refined_mask50	2	COMPARISONS				0.096559	0.146816	0.657687173060157	11	3	875	ok		0.3395	0.65769	0.318187173060157	18.16748000000007	2.0230395141630866e-05	7.507564000003185	0.006144041241090458	32.92949800000133	9.556221903845026e-09	4.778110951922513e-09	4.8649856965029225e-08	2.4324928482514613e-08	POSITIVE_SELECTION
terminal_Bos_taurus	terminal	Bos taurus	DISRUPTED_HIGH	Bos taurus	Bos_taurus	altcost_trim1_occ60	2	COMPARISONS				0.088149	0.114632	0.7689737595086887	3	1	548	ok		0.37544	0.76897	0.39353375950868874	12.095643999999083	0.0005053975606125682	1.652141999999003	0.19866764401781611	14.36527600000045	0.00015055322216801393	7.527661108400697e-05	0.0002568177792340304	0.0001284088896170152	POSITIVE_SELECTION
terminal_Bos_taurus	terminal	Bos taurus	DISRUPTED_HIGH	Bos taurus	Bos_taurus	altcost_mask50	2	COMPARISONS				0.102814	0.138442	0.7426503517718611	10	4	875	ok		0.35349	0.74265	0.3891603517718611	22.72134400000141	1.8727610215361132e-06	3.717606000001979	0.053841515455706555	42.6107239999983	6.679218885876076e-11	3.339609442938038e-11	1.5584844067044177e-10	7.792422033522088e-11	POSITIVE_SELECTION
terminal_Bubalus_bubalis	terminal	Bubalus bubalis	DISRUPTED_HIGH	Bubalus bubalis	Bubalus_bubalis	baseline_trim1_occ60	2	COMPARISONS				0.104268	0.139767	0.7460130073622528	5	2	461	ok		0.34292	0.74602	0.40309300736225284	13.771112000000358	0.00020648705523835612	2.0000940000008995	0.15728945236785719	24.993522000000667	5.752325854678707e-07	2.8761629273393533e-07	9.76152266248508e-07	4.88076133124254e-07	POSITIVE_SELECTION
terminal_Bubalus_bubalis	terminal	Bubalus bubalis	DISRUPTED_HIGH	Bubalus bubalis	Bubalus_bubalis	baseline_trim2_occ70	2	COMPARISONS				0.090854	0.135474	0.670637908380944	5	2	328	ok		0.30936	0.67064	0.3612779083809439	8.866739999999481	0.0029041330120724487	2.373598000000129	0.1234023414147794	25.50608199999988	4.4099057642367297e-07	2.2049528821183648e-07	8.231824093241895e-07	4.1159120466209476e-07	POSITIVE_SELECTION
terminal_Bubalus_bubalis	terminal	Bubalus bubalis	DISRUPTED_HIGH	Bubalus bubalis	Bubalus_bubalis	baseline_mask50	1	COMPARISONS				0.106782	0.141708	0.7535354390718944	10	2	734	ok		0.34887	0.75354	0.40466543907189434	22.256281999998464	2.385769692319577e-06	3.0443779999986873	0.08101714598567068	27.352437999998074	1.6955054349624282e-07	8.477527174812141e-08	2.7573512278363374e-07	1.3786756139181687e-07	POSITIVE_SELECTION
terminal_Bubalus_bubalis	terminal	Bubalus bubalis	DISRUPTED_HIGH	Bubalus bubalis	Bubalus_bubalis	baseline_mask50	2	COMPARISONS				0.109526	0.147242	0.7438502601159994	10	2	734	ok		0.34069	0.74385	0.4031602601159994	22.627897999998822	1.9660891573512333e-06	3.283471999999165	0.06998073924421849	29.415648000001966	5.840415275638417e-08	2.9202076378192085e-08	1.1239664141841758e-07	5.619832070920879e-08	POSITIVE_SELECTION
terminal_Bubalus_bubalis	terminal	Bubalus bubalis	DISRUPTED_HIGH	Bubalus bubalis	Bubalus_bubalis	baseline_strict_complete	2	COMPARISONS				0.084951	0.108544	0.7826411409198113	0	0	316	ok		0.43685	0.78264	0.3457911409198113	4.35920200000146	0.03680954435822435	0.7841900000003079	0.37586274428254607	0.2237459999996645	0.6362003586595371	0.31810017932976853	0.8906805021233518	0.4453402510616759	RELAXED_TOWARD_NEUTRALITY
terminal_Bubalus_bubalis	terminal	Bubalus bubalis	DISRUPTED_HIGH	Bubalus bubalis	Bubalus_bubalis	refined_trim1_occ60	2	COMPARISONS				0.104268	0.139767	0.7460130073622528	5	2	461	ok		0.34292	0.74601	0.40309300736225284	13.771112000000358	0.00020648705523835612	2.0000940000008995	0.15728945236785719	24.993522000000667	5.752325854678707e-07	2.8761629273393533e-07	9.76152266248508e-07	4.88076133124254e-07	POSITIVE_SELECTION
terminal_Bubalus_bubalis	terminal	Bubalus bubalis	DISRUPTED_HIGH	Bubalus bubalis	Bubalus_bubalis	altcost_trim1_occ60	2	COMPARISONS				0.100994	0.12243	0.8249121947235155	3	1	466	ok		0.3767	0.82491	0.44821219472351553	13.286410000000615	0.00026733689752622567	0.8036000000010972	0.3700192036224446	18.155250000001615	2.036073364656857e-05	1.0180366823284285e-05	5.429528972418285e-05	2.7147644862091426e-05	POSITIVE_SELECTION
terminal_Bubalus_bubalis	terminal	Bubalus bubalis	DISRUPTED_HIGH	Bubalus bubalis	Bubalus_bubalis	refined_mask50	2	COMPARISONS				0.109526	0.147242	0.7438502601159994	10	2	734	ok		0.34069	0.74385	0.4031602601159994	22.627897999998822	1.9660891573512333e-06	3.283471999999165	0.06998073924421849	29.415648000001966	5.840415275638417e-08	2.9202076378192085e-08	1.1239664141841758e-07	5.619832070920879e-08	POSITIVE_SELECTION
terminal_Bubalus_bubalis	terminal	Bubalus bubalis	DISRUPTED_HIGH	Bubalus bubalis	Bubalus_bubalis	altcost_mask50	2	COMPARISONS				0.120655	0.150009	0.804318407562213	10	3	736	ok		0.35433	0.80432	0.449988407562213	25.51113599999735	4.398369160515264e-07	1.8086239999975078	0.17867338220571052	38.81509200000073	4.659116896810282e-10	2.329558448405141e-10	8.416469232947605e-10	4.2082346164738024e-10	POSITIVE_SELECTION
terminal_Bubalus_kerabau	terminal	Bubalus kerabau	DISRUPTED_HIGH	Bubalus kerabau	Bubalus_kerabau	baseline_mask50	1	COMPARISONS				0.109455	0.147517	0.7419822800084057	10	3	734	ok		0.34855	0.74198	0.3934322800084057	21.876821999998356	2.9072430978862606e-06	3.4730779999990773	0.06237514372321357	27.708279999998922	1.4105766160274926e-07	7.052883080137463e-08	2.4286023812054286e-07	1.2143011906027143e-07	POSITIVE_SELECTION
terminal_Bubalus_kerabau	terminal	Bubalus kerabau	DISRUPTED_HIGH	Bubalus kerabau	Bubalus_kerabau	baseline_trim1_occ60	2	COMPARISONS				0.10593	0.142041	0.7457705873656197	4	3	461	ok		0.34186	0.74577	0.40391058736561974	13.939340000000811	0.00018880527682950662	2.0138440000009723	0.15586994714282662	27.984921999999642	1.2226441256178002e-07	6.113220628089001e-08	2.345483714791823e-07	1.1727418573959115e-07	POSITIVE_SELECTION
terminal_Bubalus_kerabau	terminal	Bubalus kerabau	DISRUPTED_HIGH	Bubalus kerabau	Bubalus_kerabau	baseline_trim2_occ70	2	COMPARISONS				0.093121	0.138651	0.6716215533966577	4	3	328	ok		0.30804	0.67162	0.36358155339665776	9.07506000000103	0.0025911907408335756	2.3747459999995044	0.12331165317363052	30.695967999999993	3.01791508681562e-08	1.50895754340781e-08	1.1955923611188027e-07	5.977961805594013e-08	POSITIVE_SELECTION
terminal_Bubalus_kerabau	terminal	Bubalus kerabau	DISRUPTED_HIGH	Bubalus kerabau	Bubalus_kerabau	baseline_mask50	2	COMPARISONS				0.112124	0.153861	0.7287356770071688	10	3	734	ok		0.34042	0.72874	0.3883156770071688	21.962886000001163	2.7797420598310618e-06	3.853055999999924	0.049655438672889254	29.594516000001022	5.325539820459441e-08	2.6627699102297207e-08	1.1239664141841758e-07	5.619832070920879e-08	POSITIVE_SELECTION
terminal_Bubalus_kerabau	terminal	Bubalus kerabau	DISRUPTED_HIGH	Bubalus kerabau	Bubalus_kerabau	baseline_strict_complete	2	COMPARISONS				0.086673	0.113735	0.762060931111795	0	0	316	ok		0.435	0.76206	0.32706093111179496	4.137402000000293	0.04194549883345097	0.9953839999998308	0.3184300285834599	0.16786599999977625	0.6820153666219089	0.34100768331095443	0.91901778344222	0.45950889172111	RELAXED_TOWARD_NEUTRALITY
terminal_Bubalus_kerabau	terminal	Bubalus kerabau	DISRUPTED_HIGH	Bubalus kerabau	Bubalus_kerabau	refined_trim1_occ60	2	COMPARISONS				0.10593	0.142041	0.7457705873656197	4	3	461	ok		0.34186	0.74577	0.40391058736561974	13.939340000000811	0.00018880527682950662	2.0138440000009723	0.15586994714282662	27.984921999999642	1.2226441256178002e-07	6.113220628089001e-08	2.345483714791823e-07	1.1727418573959115e-07	POSITIVE_SELECTION
terminal_Bubalus_kerabau	terminal	Bubalus kerabau	DISRUPTED_HIGH	Bubalus kerabau	Bubalus_kerabau	refined_mask50	2	COMPARISONS				0.112124	0.153861	0.7287356770071688	10	3	734	ok		0.34042	0.72874	0.3883156770071688	21.962886000001163	2.7797420598310618e-06	3.853055999999924	0.049655438672889254	29.594516000001022	5.325539820459441e-08	2.6627699102297207e-08	1.1239664141841758e-07	5.619832070920879e-08	POSITIVE_SELECTION
terminal_Bubalus_kerabau	terminal	Bubalus kerabau	DISRUPTED_HIGH	Bubalus kerabau	Bubalus_kerabau	altcost_trim1_occ60	2	COMPARISONS				0.102242	0.122112	0.8372805293501049	3	1	466	ok		0.37584	0.83728	0.4614405293501049	13.938025999999809	0.00018893729934819445	0.6875619999991613	0.40699487484717023	18.39884600000005	1.7916645661912935e-05	8.958322830956467e-06	5.016660785335621e-05	2.5083303926678106e-05	POSITIVE_SELECTION
terminal_Bubalus_kerabau	terminal	Bubalus kerabau	DISRUPTED_HIGH	Bubalus kerabau	Bubalus_kerabau	altcost_mask50	2	COMPARISONS				0.12328	0.156578	0.7873392175145933	9	3	736	ok		0.35413	0.78734	0.43320921751459335	24.764994000001025	6.476303089398385e-07	2.2388540000029025	0.1345806906331921	39.68351199999961	2.9863608564712914e-10	1.4931804282356457e-10	6.193933628236753e-10	3.0969668141183763e-10	POSITIVE_SELECTION
terminal_Budorcas_taxicolor	terminal	Budorcas taxicolor	DISRUPTED_HIGH	Budorcas taxicolor	Budorcas_taxicolor	baseline_trim1_occ60	2	COMPARISONS				0.112048	0.122207	0.9168705556964822	10	6	557	ok		0.34261	0.91687	0.5742605556964822	25.0532379999986	5.576902520115131e-07	0.1991760000000795	0.6553867787261618	36.535031999999774	1.4994698149436608e-09	7.497349074718304e-10	2.099257740921125e-08	1.0496288704605625e-08	POSITIVE_SELECTION
terminal_Budorcas_taxicolor	terminal	Budorcas taxicolor	DISRUPTED_HIGH	Budorcas taxicolor	Budorcas_taxicolor	baseline_mask50	1	COMPARISONS				0.112942	0.137995	0.8184499438385449	15	5	885	ok		0.34962	0.81845	0.46882994383854487	32.291690000001836	1.326795547262196e-08	1.8502900000021327	0.17374966941082434	34.23275199999989	4.889901799441911e-09	2.4449508997209554e-09	3.422931259609338e-08	1.711465629804669e-08	POSITIVE_SELECTION
terminal_Budorcas_taxicolor	terminal	Budorcas taxicolor	DISRUPTED_HIGH	Budorcas taxicolor	Budorcas_taxicolor	baseline_trim2_occ70	2	COMPARISONS				0.094036	0.133635	0.703677928686347	6	3	399	ok		0.3088	0.70368	0.394877928686347	12.118234000001394	0.0004993116796057503	2.2675560000006953	0.13210809065674545	25.761309999999867	3.863562753483598e-07	1.931781376741799e-07	7.460672903278672e-07	3.730336451639336e-07	POSITIVE_SELECTION
terminal_Budorcas_taxicolor	terminal	Budorcas taxicolor	DISRUPTED_HIGH	Budorcas taxicolor	Budorcas_taxicolor	baseline_mask50	2	COMPARISONS				0.115889	0.144472	0.8021554349631763	16	7	885	ok		0.34163	0.80216	0.46052543496317633	32.22457200000281	1.3734278679049782e-08	2.2135900000030233	0.1367999967375655	36.25790199999756	1.7285770801662003e-09	8.642885400831001e-10	1.3592033210320469e-08	6.796016605160234e-09	POSITIVE_SELECTION
terminal_Budorcas_taxicolor	terminal	Budorcas taxicolor	DISRUPTED_HIGH	Budorcas taxicolor	Budorcas_taxicolor	baseline_strict_complete	2	COMPARISONS				0.101489	0.115215	0.8808662066571192	3	3	316	ok		0.43645	0.88087	0.44441620665711923	6.898486000000048	0.008626877663833597	0.2306959999987157	0.6310082345625948	5.405532000000676	0.020073029662811846	0.010036514831405923	0.16058423730249477	0.08029211865124739	RELAXED_TOWARD_NEUTRALITY
terminal_Budorcas_taxicolor	terminal	Budorcas taxicolor	DISRUPTED_HIGH	Budorcas taxicolor	Budorcas_taxicolor	refined_trim1_occ60	2	COMPARISONS				0.112048	0.122207	0.9168705556964822	10	6	557	ok		0.34261	0.91687	0.5742605556964822	25.0532379999986	5.576902520115131e-07	0.1991760000000795	0.6553867787261618	36.535031999999774	1.4994698149436608e-09	7.497349074718304e-10	2.099257740921125e-08	1.0496288704605625e-08	POSITIVE_SELECTION
terminal_Budorcas_taxicolor	terminal	Budorcas taxicolor	DISRUPTED_HIGH	Budorcas taxicolor	Budorcas_taxicolor	altcost_trim1_occ60	2	COMPARISONS				0.102038	0.110492	0.9234876733157151	7	3	557	ok		0.37625	0.92349	0.5472376733157152	19.548797999999806	9.806241749029548e-06	0.15510200000062468	0.6937066184813503	23.63310999999885	1.1656451278758001e-06	5.828225639379001e-07	9.325161023006403e-06	4.662580511503201e-06	POSITIVE_SELECTION
terminal_Budorcas_taxicolor	terminal	Budorcas taxicolor	DISRUPTED_HIGH	Budorcas taxicolor	Budorcas_taxicolor	refined_mask50	2	COMPARISONS				0.115889	0.144472	0.8021554349631763	16	7	885	ok		0.34163	0.80216	0.46052543496317633	32.22457200000281	1.3734278679049782e-08	2.2135900000030233	0.1367999967375655	36.25790199999756	1.7285770801662003e-09	8.642885400831001e-10	1.3592033210320469e-08	6.796016605160234e-09	POSITIVE_SELECTION
terminal_Budorcas_taxicolor	terminal	Budorcas taxicolor	DISRUPTED_HIGH	Budorcas taxicolor	Budorcas_taxicolor	altcost_mask50	2	COMPARISONS				0.121563	0.148931	0.8162370493718567	16	8	886	ok		0.35503	0.81624	0.4612070493718567	31.109418000000005	2.4388520234614342e-08	1.9036479999995208	0.16767055954940963	53.17468999999983	3.0516554894907017e-13	1.5258277447453508e-13	3.890548740401115e-12	1.9452743702005575e-12	POSITIVE_SELECTION
terminal_Capra_hircus	terminal	Capra hircus	DISRUPTED_HIGH	Capra hircus	Capra_hircus	baseline_mask50	1	COMPARISONS				0.106493	0.132379	0.8044553894499883	14	3	882	ok		0.35074	0.80446	0.4537153894499883	30.041597999999794	4.22876796496319e-08	2.131410000001779	0.14430795815392083	28.83388400000331	7.885934444117782e-08	3.942967222058891e-08	1.6109810808787729e-07	8.054905404393864e-08	POSITIVE_SELECTION
terminal_Capra_hircus	terminal	Capra hircus	DISRUPTED_HIGH	Capra hircus	Capra_hircus	baseline_trim1_occ60	2	COMPARISONS				0.102871	0.126433	0.8136404261545642	6	3	556	ok		0.34398	0.81364	0.4696604261545642	19.281243999999788	1.1280909091567613e-05	1.1465260000004491	0.2842775620115207	23.05170999999973	1.5770218435203696e-06	7.885109217601848e-07	2.2644416214651464e-06	1.1322208107325732e-06	POSITIVE_SELECTION
terminal_Capra_hircus	terminal	Capra hircus	DISRUPTED_HIGH	Capra hircus	Capra_hircus	baseline_trim2_occ70	2	COMPARISONS				0.094436	0.135235	0.698310348652346	6	3	399	ok		0.30987	0.69831	0.388440348652346	11.983141999999134	0.0005368399102831158	2.4257120000002033	0.11935899886522275	22.765360000001237	1.830353113273586e-06	9.15176556636793e-07	2.847215953981134e-06	1.423607976990567e-06	POSITIVE_SELECTION
terminal_Capra_hircus	terminal	Capra hircus	DISRUPTED_HIGH	Capra hircus	Capra_hircus	baseline_mask50	2	COMPARISONS				0.109416	0.138201	0.7917164130505568	15	4	882	ok		0.3428	0.79172	0.44891641305055685	30.289545999999973	3.7212614764144076e-08	2.4294840000002296	0.11907208779417919	29.704996000000392	5.030500710848125e-08	2.5152503554240624e-08	1.1239664141841758e-07	5.619832070920879e-08	POSITIVE_SELECTION
terminal_Capra_hircus	terminal	Capra hircus	DISRUPTED_HIGH	Capra hircus	Capra_hircus	baseline_strict_complete	2	COMPARISONS				0.095982	0.109934	0.8730874888569505	4	1	316	ok		0.43917	0.87309	0.43391748885695053	6.511829999999463	0.010715917315514254	0.2605700000003708	0.6097288273955537	6.269669999999678	0.012282201582633824	0.006141100791316912	0.13756065772549883	0.06878032886274942	RELAXED_TOWARD_NEUTRALITY
terminal_Capra_hircus	terminal	Capra hircus	DISRUPTED_HIGH	Capra hircus	Capra_hircus	refined_trim1_occ60	2	COMPARISONS				0.102871	0.126433	0.8136404261545642	6	3	556	ok		0.34398	0.81364	0.4696604261545642	19.281243999999788	1.1280909091567613e-05	1.1465260000004491	0.2842775620115207	23.05170999999973	1.5770218435203696e-06	7.885109217601848e-07	2.2644416214651464e-06	1.1322208107325732e-06	POSITIVE_SELECTION
terminal_Capra_hircus	terminal	Capra hircus	DISRUPTED_HIGH	Capra hircus	Capra_hircus	refined_mask50	2	COMPARISONS				0.109416	0.138201	0.7917164130505568	15	4	882	ok		0.3428	0.79172	0.44891641305055685	30.289545999999973	3.7212614764144076e-08	2.4294840000002296	0.11907208779417919	29.704996000000392	5.030500710848125e-08	2.5152503554240624e-08	1.1239664141841758e-07	5.619832070920879e-08	POSITIVE_SELECTION
terminal_Capra_hircus	terminal	Capra hircus	DISRUPTED_HIGH	Capra hircus	Capra_hircus	altcost_trim1_occ60	2	COMPARISONS				0.097255	0.108754	0.8942659580337274	5	1	556	ok		0.37725	0.89426	0.5170159580337275	17.94112000000132	2.2784493233185266e-05	0.3052399999996851	0.5806159072834352	16.33449599999949	5.3088701251346695e-05	2.6544350625673347e-05	0.0001189186908030166	5.94593454015083e-05	POSITIVE_SELECTION
terminal_Capra_hircus	terminal	Capra hircus	DISRUPTED_HIGH	Capra hircus	Capra_hircus	altcost_mask50	2	COMPARISONS				0.117867	0.135235	0.8715717085074131	15	6	883	ok		0.35617	0.87157	0.5154017085074131	34.68622000000323	3.873638674681224e-09	0.8367900000012014	0.36031644915145405	46.0910240000012	1.128844557592802e-11	5.64422278796401e-12	4.214353015013127e-11	2.1071765075065635e-11	POSITIVE_SELECTION
terminal_Capra_ibex	terminal	Capra ibex	DISRUPTED_LIKELY	Capra ibex	Capra_ibex	baseline_trim2_occ70	2	COMPARISONS				0.092969	0.143815	0.6464485623891805	6	3	399	ok		0.30959	0.64644	0.3368585623891805	10.03189999999995	0.00153852255737806	3.684021999999459	0.05493618059081049	24.80288599999949	6.350232065412912e-07	3.175116032706456e-07	1.1471386956874937e-06	5.735693478437469e-07	POSITIVE_SELECTION
terminal_Capra_ibex	terminal	Capra ibex	DISRUPTED_LIKELY	Capra ibex	Capra_ibex	baseline_mask50	1	COMPARISONS				0.107051	0.141171	0.7583073010745833	15	4	884	ok		0.34937	0.75831	0.4089373010745833	26.862091999999393	2.1850292708963346e-07	3.5583839999999327	0.05924538990760326	33.52265599999737	7.043869933975536e-09	3.521934966987768e-09	4.382852403362556e-08	2.191426201681278e-08	POSITIVE_SELECTION
terminal_Capra_ibex	terminal	Capra ibex	DISRUPTED_LIKELY	Capra ibex	Capra_ibex	baseline_mask50	2	COMPARISONS				0.109878	0.147659	0.744133442594085	15	5	884	ok		0.34146	0.74414	0.402673442594085	26.923957999999402	2.116193406590098e-07	4.0184339999977965	0.04500548399638156	34.70539999999892	3.8356615130165936e-09	1.9178307565082968e-09	2.386633830321436e-08	1.193316915160718e-08	POSITIVE_SELECTION
terminal_Capra_ibex	terminal	Capra ibex	DISRUPTED_LIKELY	Capra ibex	Capra_ibex	baseline_trim1_occ60	2	COMPARISONS				0.103294	0.131298	0.7867141921430638	7	4	556	ok		0.34283	0.78671	0.4438841921430638	18.14013200000045	2.052301695236055e-05	1.5714219999990746	0.2100006249739393	31.053874000001088	2.5096492815490482e-08	1.2548246407745241e-08	7.39686104035509e-08	3.698430520177545e-08	POSITIVE_SELECTION
terminal_Capra_ibex	terminal	Capra ibex	DISRUPTED_LIKELY	Capra ibex	Capra_ibex	baseline_strict_complete	2	COMPARISONS				0.09929	0.111073	0.8939166133983957	5	4	316	ok		0.42572	0.89392	0.4681966133983957	6.415338000000702	0.011313879088098996	0.0	1.0	11.373805999999604	0.0007448709138067653	0.00037243545690338265	0.041712771173178856	0.020856385586589428	POSITIVE_SELECTION
terminal_Capra_ibex	terminal	Capra ibex	DISRUPTED_LIKELY	Capra ibex	Capra_ibex	refined_trim1_occ60	2	COMPARISONS				0.103294	0.131298	0.7867141921430638	7	4	556	ok		0.34283	0.78671	0.4438841921430638	18.14013200000045	2.052301695236055e-05	1.5714219999990746	0.2100006249739393	31.053874000001088	2.5096492815490482e-08	1.2548246407745241e-08	7.39686104035509e-08	3.698430520177545e-08	POSITIVE_SELECTION
terminal_Capra_ibex	terminal	Capra ibex	DISRUPTED_LIKELY	Capra ibex	Capra_ibex	altcost_mask50	2	COMPARISONS				0.118174	0.14504	0.8147683397683397	16	6	885	ok		0.35483	0.81477	0.45993833976833975	30.73056799999904	2.964578216485329e-08	1.920773999998346	0.16577136016911506	53.874874000001	2.1367279377310248e-13	1.0683639688655124e-13	3.890548740401115e-12	1.9452743702005575e-12	POSITIVE_SELECTION
terminal_Capra_ibex	terminal	Capra ibex	DISRUPTED_LIKELY	Capra ibex	Capra_ibex	refined_mask50	2	COMPARISONS				0.109878	0.147659	0.744133442594085	15	5	884	ok		0.34146	0.74414	0.402673442594085	26.923957999999402	2.116193406590098e-07	4.0184339999977965	0.04500548399638156	34.70539999999892	3.8356615130165936e-09	1.9178307565082968e-09	2.386633830321436e-08	1.193316915160718e-08	POSITIVE_SELECTION
terminal_Capra_ibex	terminal	Capra ibex	DISRUPTED_LIKELY	Capra ibex	Capra_ibex	altcost_trim1_occ60	2	COMPARISONS				0.09564	0.113843	0.8401043542422459	5	2	556	ok		0.37605	0.84011	0.46405435424224595	15.65157200000067	7.614925720049329e-05	0.7476780000015424	0.38721238693182536	23.04122400000051	1.5856464951296525e-06	7.928232475648262e-07	9.866244858584504e-06	4.933122429292252e-06	POSITIVE_SELECTION
terminal_Capra_nubiana	terminal	Capra nubiana	DISRUPTED_HIGH	Capra nubiana	Capra_nubiana	baseline_mask50	1	COMPARISONS				0.105811	0.136248	0.7766058951324056	14	3	882	ok		0.35074	0.77661	0.42586589513240564	27.804299999999785	1.3422745023951857e-07	2.9154140000027837	0.08773689381469177	28.934722000001784	7.485892075803605e-08	3.7429460379018026e-08	1.6109810808787729e-07	8.054905404393864e-08	POSITIVE_SELECTION
terminal_Capra_nubiana	terminal	Capra nubiana	DISRUPTED_HIGH	Capra nubiana	Capra_nubiana	baseline_trim2_occ70	2	COMPARISONS				0.094366	0.139668	0.6756451012400837	6	3	399	ok		0.30997	0.67565	0.3656751012400837	11.159573999999338	0.0008359911740412794	2.941849999999249	0.08631182618504657	22.205830000000788	2.4492894091905634e-06	1.2246447045952817e-06	3.6094791293334615e-06	1.8047395646667308e-06	POSITIVE_SELECTION
terminal_Capra_nubiana	terminal	Capra nubiana	DISRUPTED_HIGH	Capra nubiana	Capra_nubiana	baseline_trim1_occ60	2	COMPARISONS				0.101775	0.129562	0.7855312514471836	6	3	556	ok		0.34389	0.78554	0.44164125144718364	17.855507999998736	2.383284327528953e-05	1.584681999998793	0.20808757612895884	23.31811199999902	1.3730097706378225e-06	6.865048853189112e-07	2.0233828198873174e-06	1.0116914099436587e-06	POSITIVE_SELECTION
terminal_Capra_nubiana	terminal	Capra nubiana	DISRUPTED_HIGH	Capra nubiana	Capra_nubiana	baseline_mask50	2	COMPARISONS				0.10871	0.142277	0.7640729000470913	14	4	882	ok		0.34282	0.76407	0.42125290004709126	28.030824000001303	1.193983906115175e-07	3.2680440000003728	0.07064180401628985	29.72452400000111	4.98008041189378e-08	2.49004020594689e-08	1.1239664141841758e-07	5.619832070920879e-08	POSITIVE_SELECTION
terminal_Capra_nubiana	terminal	Capra nubiana	DISRUPTED_HIGH	Capra nubiana	Capra_nubiana	baseline_strict_complete	2	COMPARISONS				0.092357	0.115165	0.8019537185776928	4	1	316	ok		0.43869	0.80195	0.3632637185776928	5.053025999999591	0.024582970225599295	0.6965259999997215	0.40395347649859675	6.9726319999990665	0.008276567168110713	0.004138283584055357	0.11587194035354999	0.057935970176774994	RELAXED_TOWARD_NEUTRALITY
terminal_Capra_nubiana	terminal	Capra nubiana	DISRUPTED_HIGH	Capra nubiana	Capra_nubiana	refined_trim1_occ60	2	COMPARISONS				0.101776	0.129561	0.785545032841673	6	3	556	ok		0.34389	0.78554	0.441655032841673	17.855507999998736	2.383284327528953e-05	1.584681999998793	0.20808757612895884	23.31811199999902	1.3730097706378225e-06	6.865048853189112e-07	2.0233828198873174e-06	1.0116914099436587e-06	POSITIVE_SELECTION
terminal_Capra_nubiana	terminal	Capra nubiana	DISRUPTED_HIGH	Capra nubiana	Capra_nubiana	altcost_trim1_occ60	2	COMPARISONS				0.096176	0.111764	0.860527540173938	4	1	556	ok		0.37713	0.86053	0.48339754017393793	16.511580000000322	4.8353854172459735e-05	0.5571600000002945	0.4554067902658412	16.127402000000075	5.922095262085242e-05	2.961047631042621e-05	0.0001275528210295283	6.377641051476414e-05	POSITIVE_SELECTION
terminal_Capra_nubiana	terminal	Capra nubiana	DISRUPTED_HIGH	Capra nubiana	Capra_nubiana	refined_mask50	2	COMPARISONS				0.10871	0.142277	0.7640729000470913	14	4	882	ok		0.34282	0.76407	0.42125290004709126	28.030824000001303	1.193983906115175e-07	3.2680440000003728	0.07064180401628985	29.72452400000111	4.98008041189378e-08	2.49004020594689e-08	1.1239664141841758e-07	5.619832070920879e-08	POSITIVE_SELECTION
terminal_Capra_nubiana	terminal	Capra nubiana	DISRUPTED_HIGH	Capra nubiana	Capra_nubiana	altcost_mask50	2	COMPARISONS				0.117142	0.139287	0.8410117239943427	15	5	883	ok		0.35618	0.84101	0.48483172399434266	32.29385000000184	1.3253214529123484e-08	1.3459380000022065	0.24598949834756068	46.4626360000002	9.338221783982702e-12	4.669110891991351e-12	4.022618614638703e-11	2.0113093073193514e-11	POSITIVE_SELECTION
terminal_Capreolus_capreolus	terminal	Capreolus capreolus	DISRUPTED_HIGH	Capreolus capreolus	Capreolus_capreolus	baseline_trim1_occ60	2	COMPARISONS				0.108497	0.136324	0.7958760012910419	8	3	555	ok		0.34477	0.79587	0.45110600129104184	18.989643999999316	1.3142985036418749e-05	1.4808139999986452	0.2236472078751026	15.791877999999997	7.07053781611793e-05	3.535268908058965e-05	8.798891504502312e-05	4.399445752251156e-05	POSITIVE_SELECTION
terminal_Capreolus_capreolus	terminal	Capreolus capreolus	DISRUPTED_HIGH	Capreolus capreolus	Capreolus_capreolus	baseline_trim2_occ70	2	COMPARISONS				0.102588	0.133775	0.7668697439730892	8	4	397	ok		0.30924	0.76687	0.45762974397308914	15.127952000000732	0.00010046471035077193	1.3318699999999808	0.24847281515300568	14.895825999999943	0.00011361409255858651	5.680704627929326e-05	0.0001353699826229967	6.768499131149835e-05	POSITIVE_SELECTION
terminal_Capreolus_capreolus	terminal	Capreolus capreolus	DISRUPTED_HIGH	Capreolus capreolus	Capreolus_capreolus	baseline_mask50	1	COMPARISONS				0.103451	0.152878	0.67668990960112	11	3	880	ok		0.35244	0.67669	0.32424990960112	19.342287999999826	1.0925961618668462e-05	7.300198000000819	0.006894701236960506	18.394743999997445	1.7955257586218502e-05	8.977628793109251e-06	2.094780051725492e-05	1.047390025862746e-05	POSITIVE_SELECTION
terminal_Capreolus_capreolus	terminal	Capreolus capreolus	DISRUPTED_HIGH	Capreolus capreolus	Capreolus_capreolus	baseline_mask50	2	COMPARISONS				0.106128	0.159399	0.6658009146857884	11	3	880	ok		0.34448	0.6658	0.3213209146857884	19.53892199999973	9.857068364242016e-06	7.825012000001152	0.00515281047230065	18.175869999999122	2.0141465649349445e-05	1.0070732824674722e-05	2.3498376590907683e-05	1.1749188295453842e-05	POSITIVE_SELECTION
terminal_Capreolus_capreolus	terminal	Capreolus capreolus	DISRUPTED_HIGH	Capreolus capreolus	Capreolus_capreolus	baseline_strict_complete	2	COMPARISONS				0.085019	0.115453	0.7363948966246004	2	0	316	ok		0.4398	0.73639	0.2965948966246004	3.6010060000007797	0.05774461790492361	1.3125639999998384	0.2519309534384427	0.5379760000014358	0.463272750165882	0.231636375082941	0.8368798067512706	0.4184399033756353	NEAR_NEUTRAL_WEAK_EVIDENCE
terminal_Capreolus_capreolus	terminal	Capreolus capreolus	DISRUPTED_HIGH	Capreolus capreolus	Capreolus_capreolus	refined_trim1_occ60	2	COMPARISONS				0.108497	0.136324	0.7958760012910419	8	3	555	ok		0.34477	0.79587	0.45110600129104184	18.989643999999316	1.3142985036418749e-05	1.4808139999986452	0.2236472078751026	15.791877999999997	7.07053781611793e-05	3.535268908058965e-05	8.798891504502312e-05	4.399445752251156e-05	POSITIVE_SELECTION
terminal_Capreolus_capreolus	terminal	Capreolus capreolus	DISRUPTED_HIGH	Capreolus capreolus	Capreolus_capreolus	altcost_trim1_occ60	2	COMPARISONS				0.102981	0.131569	0.7827147732368568	6	1	558	ok		0.37934	0.78272	0.4033747732368568	14.022727999999915	0.00018061426678916365	1.669875999999931	0.1962751440614241	9.062830000000758	0.0026085792602372304	0.0013042896301186152	0.003175661708114889	0.0015878308540574445	POSITIVE_SELECTION
terminal_Capreolus_capreolus	terminal	Capreolus capreolus	DISRUPTED_HIGH	Capreolus capreolus	Capreolus_capreolus	refined_mask50	2	COMPARISONS				0.106128	0.159399	0.6658009146857884	11	3	880	ok		0.34448	0.6658	0.3213209146857884	19.53892199999973	9.857068364242016e-06	7.825012000001152	0.00515281047230065	18.175869999999122	2.0141465649349445e-05	1.0070732824674722e-05	2.3498376590907683e-05	1.1749188295453842e-05	POSITIVE_SELECTION
terminal_Capreolus_capreolus	terminal	Capreolus capreolus	DISRUPTED_HIGH	Capreolus capreolus	Capreolus_capreolus	altcost_mask50	2	COMPARISONS				0.108731	0.159429	0.6820026469462895	8	3	881	ok		0.35868	0.682	0.32332264694628954	18.706202000001213	1.5248571370211871e-05	6.952588000000105	0.008369806537136502	20.951005999999325	4.7118033486821895e-06	2.3559016743410948e-06	5.497103906795888e-06	2.748551953397944e-06	POSITIVE_SELECTION
terminal_Capricornis_sumatraensis	terminal	Capricornis sumatraensis	DISRUPTED_HIGH	Capricornis sumatraensis	Capricornis_sumatraensis	baseline_mask50	1	COMPARISONS				0.114944	0.138396	0.8305442353825256	16	5	885	ok		0.34892	0.83055	0.48162423538252563	33.88800799999808	5.837741655333497e-09	1.606262000001152	0.20501804670629858	34.54450199999701	4.1661662713214976e-09	2.0830831356607488e-09	3.332933017057198e-08	1.666466508528599e-08	POSITIVE_SELECTION
terminal_Capricornis_sumatraensis	terminal	Capricornis sumatraensis	DISRUPTED_HIGH	Capricornis sumatraensis	Capricornis_sumatraensis	baseline_trim2_occ70	2	COMPARISONS				0.098099	0.131963	0.7433826148238522	7	3	399	ok		0.3089	0.74339	0.43448261482385214	13.883817999998428	0.00019446561168570513	1.6224719999991066	0.20274744669984132	26.161008000000948	3.1410137533888994e-07	1.5705068766944497e-07	6.514695192214014e-07	3.257347596107007e-07	POSITIVE_SELECTION
terminal_Capricornis_sumatraensis	terminal	Capricornis sumatraensis	DISRUPTED_HIGH	Capricornis sumatraensis	Capricornis_sumatraensis	baseline_trim1_occ60	2	COMPARISONS				0.111023	0.126424	0.8781797759919002	10	6	557	ok		0.34211	0.87818	0.5360697759919002	23.2898239999995	1.3933524881266385e-06	0.45401400000082504	0.5004349077864234	37.311288000000786	1.0070005318100054e-09	5.035002659050027e-10	2.099257740921125e-08	1.0496288704605625e-08	POSITIVE_SELECTION
terminal_Capricornis_sumatraensis	terminal	Capricornis sumatraensis	DISRUPTED_HIGH	Capricornis sumatraensis	Capricornis_sumatraensis	baseline_mask50	2	COMPARISONS				0.118104	0.144434	0.8177022030823767	17	7	885	ok		0.34095	0.8177	0.47675220308237676	34.13650399999824	5.137834130607465e-09	1.863231999999698	0.17225224412128612	36.22660800000085	1.7565580358685787e-09	8.782790179342894e-10	1.3592033210320469e-08	6.796016605160234e-09	POSITIVE_SELECTION
terminal_Capricornis_sumatraensis	terminal	Capricornis sumatraensis	DISRUPTED_HIGH	Capricornis sumatraensis	Capricornis_sumatraensis	baseline_strict_complete	2	COMPARISONS				0.097491	0.112512	0.8664942406143344	3	2	316	ok		0.43729	0.8665	0.42920424061433443	6.520462000000407	0.010664029733466895	0.2924700000003213	0.5886420267621905	5.039149999998699	0.02478064633240057	0.012390323166200284	0.17346452432680398	0.08673226216340199	RELAXED_TOWARD_NEUTRALITY
terminal_Capricornis_sumatraensis	terminal	Capricornis sumatraensis	DISRUPTED_HIGH	Capricornis sumatraensis	Capricornis_sumatraensis	refined_trim1_occ60	2	COMPARISONS				0.111023	0.126424	0.8781797759919002	10	6	557	ok		0.34211	0.87818	0.5360697759919002	23.2898239999995	1.3933524881266385e-06	0.45401400000082504	0.5004349077864234	37.311288000000786	1.0070005318100054e-09	5.035002659050027e-10	2.099257740921125e-08	1.0496288704605625e-08	POSITIVE_SELECTION
terminal_Capricornis_sumatraensis	terminal	Capricornis sumatraensis	DISRUPTED_HIGH	Capricornis sumatraensis	Capricornis_sumatraensis	refined_mask50	2	COMPARISONS				0.118104	0.144434	0.8177022030823767	17	7	885	ok		0.34095	0.8177	0.47675220308237676	34.13650399999824	5.137834130607465e-09	1.863231999999698	0.17225224412128612	36.22660800000085	1.7565580358685787e-09	8.782790179342894e-10	1.3592033210320469e-08	6.796016605160234e-09	POSITIVE_SELECTION
terminal_Capricornis_sumatraensis	terminal	Capricornis sumatraensis	DISRUPTED_HIGH	Capricornis sumatraensis	Capricornis_sumatraensis	altcost_trim1_occ60	2	COMPARISONS				0.101369	0.107886	0.9395936451439483	8	3	557	ok		0.37556	0.9396	0.5640336451439483	20.141131999998834	7.193297781134534e-06	0.09353600000031292	0.7597290922802442	23.288759999999456	1.394123512407311e-06	6.970617562036555e-07	9.758864586851176e-06	4.879432293425588e-06	POSITIVE_SELECTION
terminal_Capricornis_sumatraensis	terminal	Capricornis sumatraensis	DISRUPTED_HIGH	Capricornis sumatraensis	Capricornis_sumatraensis	altcost_mask50	2	COMPARISONS				0.123626	0.145612	0.8490096970029943	17	7	885	ok		0.35414	0.84901	0.4948696970029943	34.280737999997655	4.770803664917002e-09	1.2345399999976507	0.2665259295954888	48.45342199999868	3.382276005236087e-12	1.6911380026180435e-12	1.721885966302008e-11	8.60942983151004e-12	POSITIVE_SELECTION
terminal_Cephalophula_zebra	terminal	Cephalophula zebra	DISRUPTED_HIGH	Cephalophula zebra	Cephalophula_zebra	baseline_trim1_occ60	2	COMPARISONS				0.103159	0.123939	0.8323368753983815	6	4	558	ok		0.34156	0.83233	0.49077687539838155	20.473136000000522	6.047409698460272e-06	0.8956360000011045	0.34395456135994507	32.76591600000029	1.0395165684677794e-08	5.197582842338897e-09	5.821292783419564e-08	2.910646391709782e-08	POSITIVE_SELECTION
terminal_Cephalophula_zebra	terminal	Cephalophula zebra	DISRUPTED_HIGH	Cephalophula zebra	Cephalophula_zebra	baseline_trim2_occ70	2	COMPARISONS				0.084546	0.128528	0.6578021909622805	5	3	398	ok		0.30912	0.65781	0.34868219096228054	9.664762000000337	0.0018783609411411452	3.0392360000005283	0.08127415984909071	26.829537999999957	2.2221474481590889e-07	1.1110737240795444e-07	4.786163734496499e-07	2.3930818672482497e-07	POSITIVE_SELECTION
terminal_Cephalophula_zebra	terminal	Cephalophula zebra	DISRUPTED_HIGH	Cephalophula zebra	Cephalophula_zebra	baseline_mask50	2	COMPARISONS				0.103138	0.132084	0.7808515792980224	14	5	884	ok		0.34045	0.78085	0.4404015792980224	28.6437760000008	8.699314896685798e-08	2.6001539999997476	0.10685333162804915	38.368618000000424	5.856666481835743e-10	2.9283332409178716e-10	8.19933307457004e-09	4.09966653728502e-09	POSITIVE_SELECTION
terminal_Cephalophula_zebra	terminal	Cephalophula zebra	DISRUPTED_HIGH	Cephalophula zebra	Cephalophula_zebra	baseline_mask50	1	COMPARISONS				0.100463	0.126855	0.7919514406211816	13	4	884	ok		0.34841	0.79195	0.4435414406211816	28.290820000001986	1.0438986947846098e-07	2.339884000000893	0.12609894369235902	38.184384000000136	6.436547674254669e-10	3.2182738371273346e-10	9.011166743956537e-09	4.505583371978269e-09	POSITIVE_SELECTION
terminal_Cephalophula_zebra	terminal	Cephalophula zebra	DISRUPTED_HIGH	Cephalophula zebra	Cephalophula_zebra	baseline_strict_complete	2	COMPARISONS				0.076718	0.1036	0.7405212355212355	0	0	316	ok		0.43479	0.74052	0.3057312355212355	3.5946979999989708	0.057964159487264806	1.170905999999377	0.27921516010002134	0.8682619999999588	0.35143691023684775	0.17571845511842388	0.787218678930539	0.3936093394652695	NEAR_NEUTRAL_WEAK_EVIDENCE
terminal_Cephalophula_zebra	terminal	Cephalophula zebra	DISRUPTED_HIGH	Cephalophula zebra	Cephalophula_zebra	refined_trim1_occ60	2	COMPARISONS				0.103159	0.123939	0.8323368753983815	6	4	558	ok		0.34156	0.83233	0.49077687539838155	20.473136000000522	6.047409698460272e-06	0.8956360000011045	0.34395456135994507	32.76591600000029	1.0395165684677794e-08	5.197582842338897e-09	5.821292783419564e-08	2.910646391709782e-08	POSITIVE_SELECTION
terminal_Cephalophula_zebra	terminal	Cephalophula zebra	DISRUPTED_HIGH	Cephalophula zebra	Cephalophula_zebra	refined_mask50	2	COMPARISONS				0.103138	0.132084	0.7808515792980224	14	5	884	ok		0.34045	0.78085	0.4404015792980224	28.6437760000008	8.699314896685798e-08	2.6001539999997476	0.10685333162804915	38.368618000000424	5.856666481835743e-10	2.9283332409178716e-10	8.19933307457004e-09	4.09966653728502e-09	POSITIVE_SELECTION
terminal_Cephalophula_zebra	terminal	Cephalophula zebra	DISRUPTED_HIGH	Cephalophula zebra	Cephalophula_zebra	altcost_trim1_occ60	2	COMPARISONS				0.095734	0.112827	0.8485025747383163	6	2	558	ok		0.37424	0.8485	0.47426257473831623	16.326704000000973	5.330743385232295e-05	0.6696560000000318	0.4131715667870983	25.535132000000885	4.3440057604225646e-07	2.1720028802112823e-07	6.081608064591591e-06	3.0408040322957953e-06	POSITIVE_SELECTION
terminal_Cephalophula_zebra	terminal	Cephalophula zebra	DISRUPTED_HIGH	Cephalophula zebra	Cephalophula_zebra	altcost_mask50	2	COMPARISONS				0.109073	0.132881	0.8208321731474026	13	6	885	ok		0.35385	0.82083	0.46698217314740265	29.65161199999784	5.1709610179137806e-08	1.6611899999988964	0.19744272902800203	46.23163399999976	1.0506682181306559e-11	5.253341090653279e-12	4.2026728725226234e-11	2.1013364362613117e-11	POSITIVE_SELECTION
terminal_Cervus_albirostris	terminal	Cervus albirostris	DISRUPTED_LIKELY	Cervus albirostris	Cervus_albirostris	baseline_trim2_occ70	2	COMPARISONS				0.063139	0.111926	0.5641137894680414	0	0	358	ok		0.31203	0.56411	0.2520837894680414	4.83962000000065	0.02781302315909262	4.578836000000592	0.03236919597626411	0.0	1.0	1.0	1.0	1.0	PURIFYING_CONSTRAINT
terminal_Cervus_albirostris	terminal	Cervus albirostris	DISRUPTED_LIKELY	Cervus albirostris	Cervus_albirostris	baseline_mask50	1	COMPARISONS				0.077191	0.118306	0.6524690210133045	0	0	817	ok		0.35313	0.65247	0.2993390210133045	13.31387199999881	0.0002634497666223594	6.537939999998343	0.010559755813250232	0.6887939999978698	0.4065748891532733	0.20328744457663664	0.413967159865151	0.2069835799325755	PURIFYING_CONSTRAINT
terminal_Cervus_albirostris	terminal	Cervus albirostris	DISRUPTED_LIKELY	Cervus albirostris	Cervus_albirostris	baseline_mask50	2	COMPARISONS				0.079082	0.123247	0.6416545635999253	0	0	817	ok		0.34508	0.64165	0.29657456359992534	13.466390000001411	0.00024287516389623898	6.977894000003289	0.008252266306630986	0.7872220000026573	0.3749414557026731	0.18747072785133656	0.3888281762842536	0.1944140881421268	PURIFYING_CONSTRAINT
terminal_Cervus_albirostris	terminal	Cervus albirostris	DISRUPTED_LIKELY	Cervus albirostris	Cervus_albirostris	baseline_trim1_occ60	2	COMPARISONS				0.072637	0.11675	0.6221584582441112	0	0	509	ok		0.34698	0.62216	0.2751784582441112	7.2240099999999074	0.007193483315738531	4.886054000000513	0.027074499059164137	0.007345999998506159	0.9316978990603341	0.46584894953016703	0.9316978990603341	0.46584894953016703	PURIFYING_CONSTRAINT
terminal_Cervus_albirostris	terminal	Cervus albirostris	DISRUPTED_LIKELY	Cervus albirostris	Cervus_albirostris	baseline_strict_complete	2	COMPARISONS				0.08374	0.114141	0.7336539893640321	1	0	316	ok		0.43971	0.73365	0.29394398936403215	3.445315999999366	0.06343129094311015	1.2939079999996466	0.2553290032057106	0.41980599999988044	0.5170338623595048	0.2585169311797524	0.8515851850627137	0.4257925925313569	NEAR_NEUTRAL_WEAK_EVIDENCE
terminal_Cervus_albirostris	terminal	Cervus albirostris	DISRUPTED_LIKELY	Cervus albirostris	Cervus_albirostris	refined_trim1_occ60	2	COMPARISONS				0.072637	0.11675	0.6221584582441112	0	0	509	ok		0.34698	0.62216	0.2751784582441112	7.2240099999999074	0.007193483315738531	4.886054000000513	0.027074499059164137	0.007345999998506159	0.9316978990603341	0.46584894953016703	0.9316978990603341	0.46584894953016703	PURIFYING_CONSTRAINT
terminal_Cervus_albirostris	terminal	Cervus albirostris	DISRUPTED_LIKELY	Cervus albirostris	Cervus_albirostris	refined_mask50	2	COMPARISONS				0.079082	0.123247	0.6416545635999253	0	0	817	ok		0.34508	0.64165	0.29657456359992534	13.466390000001411	0.00024287516389623898	6.977894000003289	0.008252266306630986	0.7872220000026573	0.3749414557026731	0.18747072785133656	0.3888281762842536	0.1944140881421268	PURIFYING_CONSTRAINT
terminal_Cervus_albirostris	terminal	Cervus albirostris	DISRUPTED_LIKELY	Cervus albirostris	Cervus_albirostris	altcost_mask50	2	COMPARISONS				0.083212	0.127062	0.6548928869370857	0	0	818	ok		0.35945	0.65489	0.2954428869370857	13.013192000002164	0.00030930425579656394	6.594300000000658	0.010230577248371845	0.48819799999910174	0.4847322383602799	0.24236611918013995	0.49354555178501225	0.24677277589250612	PURIFYING_CONSTRAINT
terminal_Cervus_albirostris	terminal	Cervus albirostris	DISRUPTED_LIKELY	Cervus albirostris	Cervus_albirostris	altcost_trim1_occ60	2	COMPARISONS				0.075471	0.116441	0.6481479891103649	0	0	516	ok		0.38013	0.64815	0.26801798911036484	6.112720000000991	0.013421242654645702	4.114747999999963	0.042510858024649614	0.03698000000076718	0.8475057724342856	0.4237528862171428	0.8475057724342856	0.4237528862171428	PURIFYING_CONSTRAINT
terminal_Cervus_elaphus	terminal	Cervus elaphus	DISRUPTED_HIGH	Cervus elaphus	Cervus_elaphus	baseline_mask50	1	COMPARISONS				0.080157	0.122572	0.6539584897040107	0	0	825	ok		0.35381	0.65395	0.3001484897040107	13.993532000000414	0.0001834405847888567	6.852170000001934	0.008853367666931318	0.9113899999974819	0.3397458796424251	0.16987293982121254	0.3589767784901095	0.17948838924505475	PURIFYING_CONSTRAINT
terminal_Cervus_elaphus	terminal	Cervus elaphus	DISRUPTED_HIGH	Cervus elaphus	Cervus_elaphus	baseline_trim2_occ70	2	COMPARISONS				0.070482	0.115882	0.608222157021798	0	0	359	ok		0.31232	0.60822	0.29590215702179806	6.512386000000333	0.010712567369735087	3.6831980000006297	0.05496333339654366	0.0	1.0	1.0	1.0	1.0	RATE_SHIFT_BELOW_ONE
terminal_Cervus_elaphus	terminal	Cervus elaphus	DISRUPTED_HIGH	Cervus elaphus	Cervus_elaphus	baseline_trim1_occ60	2	COMPARISONS				0.07981	0.115531	0.6908102587184393	0	0	512	ok		0.34717	0.69081	0.3436402587184393	10.41389000000163	0.0012507100862203355	3.0800120000003517	0.07925994127651645	0.04122800000004645	0.839098458663631	0.4195492293318155	0.8652474692219908	0.4326237346109954	RATE_SHIFT_BELOW_ONE
terminal_Cervus_elaphus	terminal	Cervus elaphus	DISRUPTED_HIGH	Cervus elaphus	Cervus_elaphus	baseline_mask50	2	COMPARISONS				0.082134	0.12744	0.6444915254237288	0	0	825	ok		0.34579	0.64449	0.2987015254237288	14.243775999999343	0.00016059101783690618	7.246007999998255	0.007105881238810084	0.9373540000015055	0.3329592554234124	0.1664796277117062	0.35180600573039805	0.17590300286519903	PURIFYING_CONSTRAINT
terminal_Cervus_elaphus	terminal	Cervus elaphus	DISRUPTED_HIGH	Cervus elaphus	Cervus_elaphus	baseline_strict_complete	2	COMPARISONS				0.090518	0.120495	0.7512178928586248	2	0	316	ok		0.44228	0.75122	0.30893789285862483	3.9600919999993494	0.046591156923719436	1.2011579999998503	0.27309035420076505	0.8091299999996409	0.36837759151208194	0.18418879575604097	0.7934286586414073	0.39671432932070366	RELAXED_TOWARD_NEUTRALITY
terminal_Cervus_elaphus	terminal	Cervus elaphus	DISRUPTED_HIGH	Cervus elaphus	Cervus_elaphus	refined_trim1_occ60	2	COMPARISONS				0.07981	0.115531	0.6908102587184393	0	0	512	ok		0.34717	0.69081	0.3436402587184393	10.41389000000163	0.0012507100862203355	3.0800120000003517	0.07925994127651645	0.04122800000004645	0.839098458663631	0.4195492293318155	0.8652474692219908	0.4326237346109954	RATE_SHIFT_BELOW_ONE
terminal_Cervus_elaphus	terminal	Cervus elaphus	DISRUPTED_HIGH	Cervus elaphus	Cervus_elaphus	refined_mask50	2	COMPARISONS				0.082134	0.12744	0.6444915254237288	0	0	825	ok		0.34579	0.64449	0.2987015254237288	14.243775999999343	0.00016059101783690618	7.246007999998255	0.007105881238810084	0.9373540000015055	0.3329592554234124	0.1664796277117062	0.35180600573039805	0.17590300286519903	PURIFYING_CONSTRAINT
terminal_Cervus_elaphus	terminal	Cervus elaphus	DISRUPTED_HIGH	Cervus elaphus	Cervus_elaphus	altcost_trim1_occ60	2	COMPARISONS				0.081454	0.11537	0.7060240963855422	0	0	519	ok		0.38068	0.70602	0.3253440963855422	8.443563999999242	0.0036633759245609065	2.732851999999184	0.09830359639221127	0.0466180000003078	0.8290563281631504	0.4145281640815752	0.8475057724342856	0.4237528862171428	RELAXED_TOWARD_NEUTRALITY
terminal_Cervus_elaphus	terminal	Cervus elaphus	DISRUPTED_HIGH	Cervus elaphus	Cervus_elaphus	altcost_mask50	2	COMPARISONS				0.08554	0.130326	0.6563540659576754	0	0	825	ok		0.36008	0.65635	0.2962740659576754	13.494309999998222	0.00023928794239549297	6.797849999999016	0.009126771255030515	0.6221980000009353	0.43023166633543974	0.21511583316771987	0.4461661724960116	0.2230830862480058	PURIFYING_CONSTRAINT
terminal_Cervus_nippon	terminal	Cervus nippon	DISRUPTED_HIGH	Cervus nippon	Cervus_nippon	baseline_mask50	1	COMPARISONS				0.082119	0.1341	0.6123713646532438	0	0	818	ok		0.35385	0.61237	0.2585213646532438	11.561724000002869	0.000673234016245587	9.57090800000151	0.0019768498405362237	0.1987619999999879	0.6557219850447089	0.32786099252235446	0.6557219850447089	0.32786099252235446	PURIFYING_CONSTRAINT
terminal_Cervus_nippon	terminal	Cervus nippon	DISRUPTED_HIGH	Cervus nippon	Cervus_nippon	baseline_trim1_occ60	2	COMPARISONS				0.078086	0.122867	0.635532730513482	0	0	509	ok		0.3473	0.63553	0.288232730513482	8.099812000000384	0.004426985009079027	4.703276000000187	0.030105181724595434	0.04251800000020012	0.8366355212254168	0.4183177606127084	0.8652474692219908	0.4326237346109954	PURIFYING_CONSTRAINT
terminal_Cervus_nippon	terminal	Cervus nippon	DISRUPTED_HIGH	Cervus nippon	Cervus_nippon	baseline_trim2_occ70	2	COMPARISONS				0.070576	0.12589	0.5606164111525935	0	0	358	ok		0.31222	0.56062	0.24839641115259353	5.149856	0.023248300960323442	5.182966000000306	0.02280935575164702	0.0	1.0	1.0	1.0	1.0	PURIFYING_CONSTRAINT
terminal_Cervus_nippon	terminal	Cervus nippon	DISRUPTED_HIGH	Cervus nippon	Cervus_nippon	baseline_mask50	2	COMPARISONS				0.084174	0.139693	0.6025641943404465	0	0	818	ok		0.34596	0.60256	0.2566041943404465	11.7280439999995	0.0006156526558721182	10.096168000000034	0.0014857795925312897	0.20147999999971944	0.6535288754548376	0.3267644377274188	0.6535288754548377	0.32676443772741887	PURIFYING_CONSTRAINT
terminal_Cervus_nippon	terminal	Cervus nippon	DISRUPTED_HIGH	Cervus nippon	Cervus_nippon	baseline_strict_complete	2	COMPARISONS				0.085104	0.131279	0.6482681921708727	0	0	316	ok		0.44179	0.64827	0.2064781921708727	2.105470000000423	0.14677323958921024	2.8214400000015303	0.093012923668591	0.08924599999954808	0.7651379076431766	0.3825689538215883	0.9521716184003974	0.4760858092001987	AMBIGUOUS
terminal_Cervus_nippon	terminal	Cervus nippon	DISRUPTED_HIGH	Cervus nippon	Cervus_nippon	refined_trim1_occ60	2	COMPARISONS				0.078086	0.122867	0.635532730513482	0	0	509	ok		0.3473	0.63553	0.288232730513482	8.099812000000384	0.004426985009079027	4.703276000000187	0.030105181724595434	0.04251800000020012	0.8366355212254168	0.4183177606127084	0.8652474692219908	0.4326237346109954	PURIFYING_CONSTRAINT
terminal_Cervus_nippon	terminal	Cervus nippon	DISRUPTED_HIGH	Cervus nippon	Cervus_nippon	refined_mask50	2	COMPARISONS				0.084174	0.139692	0.6025685078601494	0	0	818	ok		0.34596	0.60256	0.2566085078601494	11.7280439999995	0.0006156526558721182	10.096168000000034	0.0014857795925312897	0.20147999999971944	0.6535288754548376	0.3267644377274188	0.6535288754548377	0.32676443772741887	PURIFYING_CONSTRAINT
terminal_Cervus_nippon	terminal	Cervus nippon	DISRUPTED_HIGH	Cervus nippon	Cervus_nippon	altcost_trim1_occ60	2	COMPARISONS				0.081377	0.121083	0.6720761791498394	0	0	514	ok		0.3803	0.67207	0.2917761791498394	7.224732000000586	0.007190590671549324	3.5986360000006243	0.057826998856874604	0.038695999999617925	0.8440521450311551	0.42202607251557755	0.8475057724342856	0.4237528862171428	RATE_SHIFT_BELOW_ONE
terminal_Cervus_nippon	terminal	Cervus nippon	DISRUPTED_HIGH	Cervus nippon	Cervus_nippon	altcost_mask50	2	COMPARISONS				0.085075	0.136951	0.6212075851947048	0	0	816	ok		0.35991	0.62121	0.26129758519470475	11.25208399999974	0.0007953366902074424	8.80478000000221	0.0030044236928964602	0.019651999999041436	0.888513355987338	0.444256677993669	0.888513355987338	0.444256677993669	PURIFYING_CONSTRAINT
terminal_Dama_dama	terminal	Dama dama	DISRUPTED_HIGH	Dama dama	Dama_dama	baseline_trim2_occ70	2	COMPARISONS				0.095436	0.131978	0.7231205200866812	6	4	399	ok		0.308	0.72312	0.41512052008668116	13.122588000000178	0.0002917567299898521	1.950646000001143	0.16251725508197473	16.4006700000009	5.126710493271861e-05	2.5633552466359305e-05	6.379906391627205e-05	3.189953195813602e-05	POSITIVE_SELECTION
terminal_Dama_dama	terminal	Dama dama	DISRUPTED_HIGH	Dama dama	Dama_dama	baseline_mask50	1	COMPARISONS				0.100257	0.141556	0.708249738619345	11	4	882	ok		0.3514	0.70825	0.35684973861934505	21.137955999998667	4.273787691745588e-06	5.285887999998522	0.021498925816843536	26.167483999997785	3.1304973032183513e-07	1.5652486516091757e-07	4.7380499724385855e-07	2.3690249862192928e-07	POSITIVE_SELECTION
terminal_Dama_dama	terminal	Dama dama	DISRUPTED_HIGH	Dama dama	Dama_dama	baseline_trim1_occ60	2	COMPARISONS				0.100778	0.134742	0.7479330869365157	6	3	558	ok		0.344	0.74793	0.40393308693651575	16.0008940000007	6.331257971256691e-05	2.3350379999992583	0.1264919036854663	15.680012000000715	7.501271872986647e-05	3.7506359364933234e-05	9.131983149722875e-05	4.5659915748614374e-05	POSITIVE_SELECTION
terminal_Dama_dama	terminal	Dama dama	DISRUPTED_HIGH	Dama dama	Dama_dama	baseline_mask50	2	COMPARISONS				0.102924	0.147176	0.6993259770614774	12	4	882	ok		0.34319	0.69932	0.35613597706147737	21.55212400000164	3.443411136890002e-06	5.604794000002585	0.017911400724062002	27.116541999999754	1.915518195332739e-07	9.577590976663695e-08	2.8991626740171184e-07	1.4495813370085592e-07	POSITIVE_SELECTION
terminal_Dama_dama	terminal	Dama dama	DISRUPTED_HIGH	Dama dama	Dama_dama	baseline_strict_complete	2	COMPARISONS				0.092956	0.120107	0.7739432339497281	1	0	316	ok		0.44294	0.77394	0.3310032339497281	4.154743999999482	0.0415180494283315	0.896547999998802	0.34370900865431686	0.3690679999999702	0.5435127267412251	0.27175636337061254	0.8573941476857537	0.42869707384287686	RELAXED_TOWARD_NEUTRALITY
terminal_Dama_dama	terminal	Dama dama	DISRUPTED_HIGH	Dama dama	Dama_dama	refined_trim1_occ60	2	COMPARISONS				0.100778	0.134742	0.7479330869365157	6	3	558	ok		0.344	0.74793	0.40393308693651575	16.0008940000007	6.331257971256691e-05	2.3350379999992583	0.1264919036854663	15.680012000000715	7.501271872986647e-05	3.7506359364933234e-05	9.131983149722875e-05	4.5659915748614374e-05	POSITIVE_SELECTION
terminal_Dama_dama	terminal	Dama dama	DISRUPTED_HIGH	Dama dama	Dama_dama	refined_mask50	2	COMPARISONS				0.102924	0.147176	0.6993259770614774	12	4	882	ok		0.34319	0.69932	0.35613597706147737	21.55212400000164	3.443411136890002e-06	5.604794000002585	0.017911400724062002	27.116541999999754	1.915518195332739e-07	9.577590976663695e-08	2.8991626740171184e-07	1.4495813370085592e-07	POSITIVE_SELECTION
terminal_Dama_dama	terminal	Dama dama	DISRUPTED_HIGH	Dama dama	Dama_dama	altcost_trim1_occ60	2	COMPARISONS				0.09576	0.124785	0.7673999278759467	4	1	561	ok		0.37871	0.7674	0.3886899278759467	12.743129999998928	0.00035731921677079845	1.8494559999999183	0.17384667803651507	5.857146000000284	0.015513929953276457	0.0077569649766382285	0.01773020566088738	0.00886510283044369	POSITIVE_SELECTION
terminal_Dama_dama	terminal	Dama dama	DISRUPTED_HIGH	Dama dama	Dama_dama	altcost_mask50	2	COMPARISONS				0.107541	0.145015	0.7415853532393201	11	4	884	ok		0.35753	0.74159	0.38405535323932005	22.83883799999967	1.7616946939317412e-06	3.9472900000000664	0.046946914938650754	27.619928000000073	1.4764973894627636e-07	7.382486947313818e-08	2.067096345247869e-07	1.0335481726239346e-07	POSITIVE_SELECTION
terminal_Giraffa_camelopardalis	terminal	Giraffa camelopardalis	DISRUPTED_LIKELY	Giraffa camelopardalis	Giraffa_camelopardalis	baseline_mask50	1	COMPARISONS				0.086338	0.132256	0.6528097023953544	10	3	885	ok		0.34862	0.65281	0.3041897023953544	15.72530199999892	7.323792557407144e-05	7.4264860000002955	0.00642707270443307	38.314940000000206	6.019998933226871e-10	3.0099994666134357e-10	9.011166743956537e-09	4.505583371978269e-09	POSITIVE_SELECTION
terminal_Giraffa_camelopardalis	terminal	Giraffa camelopardalis	DISRUPTED_LIKELY	Giraffa camelopardalis	Giraffa_camelopardalis	baseline_trim2_occ70	2	COMPARISONS				0.072052	0.145702	0.49451620430742205	4	3	401	ok		0.30737	0.49451	0.18714620430742207	3.7781899999990856	0.05192480094939659	8.574029999999766	0.0034099156917779096	31.48734599999989	2.007442137187851e-08	1.0037210685939255e-08	1.0578927658069861e-07	5.2894638290349304e-08	POSITIVE_SELECTION
terminal_Giraffa_camelopardalis	terminal	Giraffa camelopardalis	DISRUPTED_LIKELY	Giraffa camelopardalis	Giraffa_camelopardalis	baseline_trim1_occ60	2	COMPARISONS				0.083851	0.143042	0.5861984591938032	5	3	561	ok		0.34095	0.5862	0.24524845919380323	7.320310000000973	0.0068179650811144195	7.390708000000814	0.006556167701689349	34.25728600000002	4.828642613986244e-09	2.414321306993122e-09	3.004488737591441e-08	1.5022443687957204e-08	POSITIVE_SELECTION
terminal_Giraffa_camelopardalis	terminal	Giraffa camelopardalis	DISRUPTED_LIKELY	Giraffa camelopardalis	Giraffa_camelopardalis	baseline_mask50	2	COMPARISONS				0.08843	0.138011	0.6407460274905623	9	3	885	ok		0.34054	0.64074	0.3002060274905623	15.838944000002812	6.89683147975175e-05	8.008342000000994	0.00465623496264138	40.233813999999256	2.253144001524327e-10	1.1265720007621635e-10	6.308803204268115e-09	3.1544016021340576e-09	POSITIVE_SELECTION
terminal_Giraffa_camelopardalis	terminal	Giraffa camelopardalis	DISRUPTED_LIKELY	Giraffa camelopardalis	Giraffa_camelopardalis	baseline_strict_complete	2	COMPARISONS				0.072068	0.116283	0.619763851981803	0	0	316	ok		0.43527	0.61977	0.18449385198180296	1.593804000000091	0.2067834891913068	2.989956000001257	0.08378244498029623	0.06403800000043702	0.8002239303189642	0.4001119651594821	0.9655382449751722	0.4827691224875861	AMBIGUOUS
terminal_Giraffa_camelopardalis	terminal	Giraffa camelopardalis	DISRUPTED_LIKELY	Giraffa camelopardalis	Giraffa_camelopardalis	refined_trim1_occ60	2	COMPARISONS				0.083851	0.143042	0.5861984591938032	5	3	561	ok		0.34095	0.5862	0.24524845919380323	7.320310000000973	0.0068179650811144195	7.390708000000814	0.006556167701689349	34.257283999999345	4.82864757635255e-09	2.414323788176275e-09	3.004491825286031e-08	1.5022459126430154e-08	POSITIVE_SELECTION
terminal_Giraffa_camelopardalis	terminal	Giraffa camelopardalis	DISRUPTED_LIKELY	Giraffa camelopardalis	Giraffa_camelopardalis	altcost_trim1_occ60	2	COMPARISONS				0.080938	0.12919	0.6265035993497948	3	0	561	ok		0.37484	0.6265	0.2516635993497948	6.315951999999015	0.011965648317555574	5.372911999998905	0.020451806483770388	15.502392000000327	8.240091487964216e-05	4.120045743982108e-05	0.00015858692055966284	7.929346027983142e-05	POSITIVE_SELECTION
terminal_Giraffa_camelopardalis	terminal	Giraffa camelopardalis	DISRUPTED_LIKELY	Giraffa camelopardalis	Giraffa_camelopardalis	refined_mask50	2	COMPARISONS				0.08843	0.138011	0.6407460274905623	9	3	885	ok		0.34054	0.64074	0.3002060274905623	15.838944000002812	6.89683147975175e-05	8.008342000000994	0.00465623496264138	40.233813999999256	2.253144001524327e-10	1.1265720007621635e-10	6.308803204268115e-09	3.1544016021340576e-09	POSITIVE_SELECTION
terminal_Giraffa_camelopardalis	terminal	Giraffa camelopardalis	DISRUPTED_LIKELY	Giraffa camelopardalis	Giraffa_camelopardalis	altcost_mask50	2	COMPARISONS				0.093938	0.145278	0.6466085711532372	8	3	887	ok		0.35377	0.64661	0.29283857115323725	14.897806000000855	0.00011349490633579084	7.96882000000187	0.004758995177194469	53.34441800000059	2.7990545639607585e-13	1.3995272819803793e-13	3.890548740401115e-12	1.9452743702005575e-12	POSITIVE_SELECTION
terminal_Giraffa_tippelskirchi	terminal	Giraffa tippelskirchi	DISRUPTED_HIGH	Giraffa tippelskirchi	Giraffa_tippelskirchi	baseline_mask50	1	COMPARISONS				0.086338	0.129578	0.6663013783203939	10	3	887	ok		0.34865	0.6663	0.3176513783203939	16.603687999999238	4.6061365626549726e-05	6.650699999998324	0.009911687686690717	39.80077600000004	2.812333445582191e-10	1.4061667227910955e-10	9.011166743956537e-09	4.505583371978269e-09	POSITIVE_SELECTION
terminal_Giraffa_tippelskirchi	terminal	Giraffa tippelskirchi	DISRUPTED_HIGH	Giraffa tippelskirchi	Giraffa_tippelskirchi	baseline_trim1_occ60	2	COMPARISONS				0.084042	0.142187	0.5910666938609015	6	3	561	ok		0.34121	0.59106	0.24985669386090148	7.494699999999284	0.006188083903419996	7.129218000000037	0.0075837795612489975	35.097453999998834	3.136105572837622e-09	1.568052786418811e-09	2.9270318679817806e-08	1.4635159339908903e-08	POSITIVE_SELECTION
terminal_Giraffa_tippelskirchi	terminal	Giraffa tippelskirchi	DISRUPTED_HIGH	Giraffa tippelskirchi	Giraffa_tippelskirchi	baseline_mask50	2	COMPARISONS				0.088465	0.135043	0.6550876387521012	10	3	887	ok		0.34057	0.65509	0.3145176387521012	16.801147999998648	4.1508184487739514e-05	7.144331999999849	0.007520128028727388	42.11443000000145	8.60856127736456e-11	4.30428063868228e-11	4.820794315324153e-09	2.4103971576620766e-09	POSITIVE_SELECTION
terminal_Giraffa_tippelskirchi	terminal	Giraffa tippelskirchi	DISRUPTED_HIGH	Giraffa tippelskirchi	Giraffa_tippelskirchi	baseline_trim2_occ70	2	COMPARISONS				0.073745	0.144361	0.5108374145371674	4	3	401	ok		0.30746	0.51084	0.20337741453716734	4.311658000000534	0.03785205286265306	7.798960000000079	0.005227631420614912	32.44991200000004	1.2230449381151507e-08	6.115224690575754e-09	1.0578927658069861e-07	5.2894638290349304e-08	POSITIVE_SELECTION
terminal_Giraffa_tippelskirchi	terminal	Giraffa tippelskirchi	DISRUPTED_HIGH	Giraffa tippelskirchi	Giraffa_tippelskirchi	baseline_strict_complete	2	COMPARISONS				0.070288	0.116321	0.6042589042391314	0	0	316	ok		0.43576	0.60426	0.16849890423913144	1.3515459999998711	0.2450080247672669	3.2848159999994095	0.06992346551711638	0.04079400000046007	0.8399360761826697	0.41996803809133487	0.9655382449751722	0.4827691224875861	AMBIGUOUS
terminal_Giraffa_tippelskirchi	terminal	Giraffa tippelskirchi	DISRUPTED_HIGH	Giraffa tippelskirchi	Giraffa_tippelskirchi	refined_mask50	2	COMPARISONS				0.088465	0.135043	0.6550876387521012	10	3	887	ok		0.34057	0.65509	0.3145176387521012	16.801147999998648	4.1508184487739514e-05	7.144331999999849	0.007520128028727388	42.11443000000145	8.60856127736456e-11	4.30428063868228e-11	4.820794315324153e-09	2.4103971576620766e-09	POSITIVE_SELECTION
terminal_Giraffa_tippelskirchi	terminal	Giraffa tippelskirchi	DISRUPTED_HIGH	Giraffa tippelskirchi	Giraffa_tippelskirchi	refined_trim1_occ60	2	COMPARISONS				0.084042	0.142187	0.5910666938609015	6	3	561	ok		0.34121	0.59106	0.24985669386090148	7.494699999999284	0.006188083903419996	7.129218000000037	0.0075837795612489975	35.097453999998834	3.136105572837622e-09	1.568052786418811e-09	2.9270318679817806e-08	1.4635159339908903e-08	POSITIVE_SELECTION
terminal_Giraffa_tippelskirchi	terminal	Giraffa tippelskirchi	DISRUPTED_HIGH	Giraffa tippelskirchi	Giraffa_tippelskirchi	altcost_trim1_occ60	2	COMPARISONS				0.081025	0.128485	0.6306183601198584	3	1	561	ok		0.37504	0.63062	0.2555783601198584	6.441023999999743	0.011151434645892442	5.201234000000113	0.022570859469092732	15.790040000001682	7.077409895350072e-05	3.538704947675036e-05	0.0001467907237554089	7.339536187770445e-05	POSITIVE_SELECTION
terminal_Giraffa_tippelskirchi	terminal	Giraffa tippelskirchi	DISRUPTED_HIGH	Giraffa tippelskirchi	Giraffa_tippelskirchi	altcost_mask50	2	COMPARISONS				0.093234	0.144605	0.6447494899899726	8	3	889	ok		0.3538	0.64475	0.2909494899899726	14.68456199999855	0.0001270829504562928	8.03451800000039	0.004589422101056039	55.749252000001434	8.23295960543182e-14	4.11647980271591e-14	3.890548740401115e-12	1.9452743702005575e-12	POSITIVE_SELECTION
terminal_Hydropotes_inermis	terminal	Hydropotes inermis	DISRUPTED_LIKELY	Hydropotes inermis	Hydropotes_inermis	baseline_trim1_occ60	2	COMPARISONS				0.100592	0.13733	0.7324837981504405	6	3	546	ok		0.34316	0.73249	0.3893237981504405	15.100936000000729	0.00010191274513511653	2.654318000000785	0.10326903992170405	16.178055999998833	5.765818825312662e-05	2.882909412656331e-05	7.338314868579752e-05	3.669157434289876e-05	POSITIVE_SELECTION
terminal_Hydropotes_inermis	terminal	Hydropotes inermis	DISRUPTED_LIKELY	Hydropotes inermis	Hydropotes_inermis	baseline_trim2_occ70	2	COMPARISONS				0.098639	0.134122	0.7354423584497697	6	3	389	ok		0.30804	0.73544	0.4274023584497697	13.61008000000038	0.00022497430227723551	1.7412320000003092	0.18698279988882102	12.575425999999425	0.00039085214156762076	0.00019542607078381038	0.0004466881617915666	0.0002233440808957833	POSITIVE_SELECTION
terminal_Hydropotes_inermis	terminal	Hydropotes inermis	DISRUPTED_LIKELY	Hydropotes inermis	Hydropotes_inermis	baseline_mask50	1	COMPARISONS				0.101919	0.158025	0.6449549121974371	11	3	867	ok		0.35062	0.64496	0.29433491219743707	16.660910000002332	4.469251558632518e-05	9.062510000003385	0.0026090358205655717	29.732702000001154	4.959115942162918e-08	2.479557971081459e-08	1.318596149975563e-07	6.592980749877815e-08	POSITIVE_SELECTION
terminal_Hydropotes_inermis	terminal	Hydropotes inermis	DISRUPTED_LIKELY	Hydropotes inermis	Hydropotes_inermis	baseline_mask50	2	COMPARISONS				0.104325	0.16542	0.6306673920928545	11	3	867	ok		0.34258	0.63067	0.2880873920928545	16.544376000001648	4.752472581803284e-05	9.892566000002262	0.0016594780299749202	30.513527999999496	3.3154651335815065e-08	1.6577325667907533e-08	9.71613132751077e-08	4.858065663755385e-08	POSITIVE_SELECTION
terminal_Hydropotes_inermis	terminal	Hydropotes inermis	DISRUPTED_LIKELY	Hydropotes inermis	Hydropotes_inermis	baseline_strict_complete	2	COMPARISONS				0.088632	0.1246	0.7113322632423756	2	0	316	ok		0.4395	0.71134	0.27183226324237564	3.279049999999188	0.07016953481865221	1.7087200000005396	0.1911515282038196	2.459791999999652	0.11679424729767585	0.05839712364883792	0.40877986554186546	0.20438993277093273	NEAR_NEUTRAL_WEAK_EVIDENCE
terminal_Hydropotes_inermis	terminal	Hydropotes inermis	DISRUPTED_LIKELY	Hydropotes inermis	Hydropotes_inermis	refined_trim1_occ60	2	COMPARISONS				0.100592	0.13733	0.7324837981504405	6	3	546	ok		0.34316	0.73249	0.3893237981504405	15.100936000000729	0.00010191274513511653	2.654318000000785	0.10326903992170405	16.178055999998833	5.765818825312662e-05	2.882909412656331e-05	7.338314868579752e-05	3.669157434289876e-05	POSITIVE_SELECTION
terminal_Hydropotes_inermis	terminal	Hydropotes inermis	DISRUPTED_LIKELY	Hydropotes inermis	Hydropotes_inermis	refined_mask50	2	COMPARISONS				0.104325	0.16542	0.6306673920928545	11	3	867	ok		0.34258	0.63067	0.2880873920928545	16.544376000001648	4.752472581803284e-05	9.892566000002262	0.0016594780299749202	30.513527999999496	3.3154651335815065e-08	1.6577325667907533e-08	9.71613132751077e-08	4.858065663755385e-08	POSITIVE_SELECTION
terminal_Hydropotes_inermis	terminal	Hydropotes inermis	DISRUPTED_LIKELY	Hydropotes inermis	Hydropotes_inermis	altcost_trim1_occ60	2	COMPARISONS				0.100535	0.129014	0.7792565147968438	6	1	549	ok		0.3767	0.77926	0.4025565147968438	13.738110000000233	0.00021014684436263678	1.6730360000001383	0.19585238029037128	13.566444000000047	0.00023026520116490847	0.00011513260058245423	0.00036842432186385356	0.00018421216093192678	POSITIVE_SELECTION
terminal_Hydropotes_inermis	terminal	Hydropotes inermis	DISRUPTED_LIKELY	Hydropotes inermis	Hydropotes_inermis	altcost_mask50	2	COMPARISONS				0.109969	0.164249	0.6695261462779073	13	3	868	ok		0.35643	0.66953	0.3130961462779073	18.029500000000553	2.1750817673844307e-05	7.636878000001161	0.005718681230980916	39.41036399999939	3.4346914457367103e-10	1.7173457228683551e-10	6.704097758778312e-10	3.352048879389156e-10	POSITIVE_SELECTION
terminal_Moschus_berezovskii	terminal	Moschus berezovskii	DISRUPTED_HIGH	Moschus berezovskii	Moschus_berezovskii	baseline_mask50	1	COMPARISONS				0.090804	0.137327	0.661224668127899	9	3	889	ok		0.34932	0.66123	0.311904668127899	16.87703600000168	3.9881171974509936e-05	7.29423400000087	0.006917625690542536	38.769727999999304	4.768662016401703e-10	2.3843310082008514e-10	9.011166743956537e-09	4.505583371978269e-09	POSITIVE_SELECTION
terminal_Moschus_berezovskii	terminal	Moschus berezovskii	DISRUPTED_HIGH	Moschus berezovskii	Moschus_berezovskii	baseline_trim2_occ70	2	COMPARISONS				0.078668	0.136496	0.5763392333841285	5	3	401	ok		0.30692	0.57634	0.2694192333841285	6.668449999999211	0.00981344985261157	5.222636000000421	0.022294731295063683	32.40479199999936	1.2517741160925919e-08	6.258870580462959e-09	1.0578927658069861e-07	5.2894638290349304e-08	POSITIVE_SELECTION
terminal_Moschus_berezovskii	terminal	Moschus berezovskii	DISRUPTED_HIGH	Moschus berezovskii	Moschus_berezovskii	baseline_trim1_occ60	2	COMPARISONS				0.088387	0.126555	0.6984078068823831	5	3	560	ok		0.34167	0.69841	0.35673780688238316	12.474201999999423	0.00041261088218428384	3.232583999999406	0.07218670348740602	30.467780000000857	3.3945780759318736e-08	1.6972890379659368e-08	9.504818612609245e-08	4.7524093063046226e-08	POSITIVE_SELECTION
terminal_Moschus_berezovskii	terminal	Moschus berezovskii	DISRUPTED_HIGH	Moschus berezovskii	Moschus_berezovskii	baseline_mask50	2	COMPARISONS				0.093215	0.143223	0.650838203361192	11	3	889	ok		0.34137	0.65083	0.309468203361192	17.14588999999978	3.4615761245971674e-05	7.798384000001533	0.005229298138572898	39.38101200000165	3.48671051389266e-10	1.74335525694633e-10	6.508526292599631e-09	3.2542631462998156e-09	POSITIVE_SELECTION
terminal_Moschus_berezovskii	terminal	Moschus berezovskii	DISRUPTED_HIGH	Moschus berezovskii	Moschus_berezovskii	baseline_strict_complete	2	COMPARISONS				0.070606	0.110404	0.6395239302923807	0	0	316	ok		0.43839	0.63953	0.20113393029238075	1.729033999999956	0.1885343117002169	2.464912000001277	0.11641422219137562	2.017781999998988	0.15546608549130664	0.07773304274565332	0.46548448867867265	0.23274224433933632	AMBIGUOUS
terminal_Moschus_berezovskii	terminal	Moschus berezovskii	DISRUPTED_HIGH	Moschus berezovskii	Moschus_berezovskii	refined_mask50	2	COMPARISONS				0.093215	0.143223	0.650838203361192	11	3	889	ok		0.34137	0.65083	0.309468203361192	17.14588999999978	3.4615761245971674e-05	7.798384000001533	0.005229298138572898	39.38101200000165	3.48671051389266e-10	1.74335525694633e-10	6.508526292599631e-09	3.2542631462998156e-09	POSITIVE_SELECTION
terminal_Moschus_berezovskii	terminal	Moschus berezovskii	DISRUPTED_HIGH	Moschus berezovskii	Moschus_berezovskii	altcost_trim1_occ60	2	COMPARISONS				0.08783	0.108013	0.8131428624332256	5	1	560	ok		0.37593	0.81314	0.43721286243322566	13.708856000001106	0.00021344560782995985	0.9964820000004693	0.31816326086496477	22.38249200000064	2.234012828127782e-06	1.117006414063891e-06	1.2183788672341098e-05	6.091894336170549e-06	POSITIVE_SELECTION
terminal_Moschus_berezovskii	terminal	Moschus berezovskii	DISRUPTED_HIGH	Moschus berezovskii	Moschus_berezovskii	refined_trim1_occ60	2	COMPARISONS				0.088387	0.126555	0.6984078068823831	5	3	560	ok		0.34167	0.69841	0.35673780688238316	12.474201999999423	0.00041261088218428384	3.232583999999406	0.07218670348740602	30.467780000000857	3.3945780759318736e-08	1.6972890379659368e-08	9.504818612609245e-08	4.7524093063046226e-08	POSITIVE_SELECTION
terminal_Moschus_berezovskii	terminal	Moschus berezovskii	DISRUPTED_HIGH	Moschus berezovskii	Moschus_berezovskii	altcost_mask50	2	COMPARISONS				0.09938	0.139983	0.7099433502639606	10	4	888	ok		0.355	0.70994	0.3549433502639606	19.666527999997925	9.220233193523695e-06	4.902674000000843	0.026815142503137806	52.47091399999772	4.366679086868676e-13	2.183339543434338e-13	3.890548740401115e-12	1.9452743702005575e-12	POSITIVE_SELECTION
terminal_Muntiacus_crinifrons	terminal	Muntiacus crinifrons	DISRUPTED_HIGH	Muntiacus crinifrons	Muntiacus_crinifrons	baseline_trim1_occ60	2	COMPARISONS				0.091036	0.140481	0.6480306945423225	5	3	558	ok		0.34446	0.64803	0.30357069454232255	10.31672400000025	0.0013183008934046178	5.094622000000527	0.02400014427810693	12.853476000000228	0.00033685293351131627	0.00016842646675565813	0.00038497478115579	0.000192487390577895	POSITIVE_SELECTION
terminal_Muntiacus_crinifrons	terminal	Muntiacus crinifrons	DISRUPTED_HIGH	Muntiacus crinifrons	Muntiacus_crinifrons	baseline_trim2_occ70	2	COMPARISONS				0.083156	0.145765	0.5704798820018522	4	3	399	ok		0.30896	0.57048	0.26151988200185217	6.644963999999163	0.009943648735120355	5.804811999998492	0.015982376442624107	20.350265999999465	6.448412353935061e-06	3.2242061769675305e-06	9.027777295509086e-06	4.513888647754543e-06	POSITIVE_SELECTION
terminal_Muntiacus_crinifrons	terminal	Muntiacus crinifrons	DISRUPTED_HIGH	Muntiacus crinifrons	Muntiacus_crinifrons	baseline_mask50	1	COMPARISONS				0.098076	0.149375	0.6565757322175731	8	3	884	ok		0.35246	0.65658	0.30411573221757315	17.10400799999843	3.5387546277597795e-05	8.193009999999049	0.004205209520925258	14.40589799999725	0.0001473401116904905	7.367005584524525e-05	0.00016838869907484627	8.419434953742314e-05	POSITIVE_SELECTION
terminal_Muntiacus_crinifrons	terminal	Muntiacus crinifrons	DISRUPTED_HIGH	Muntiacus crinifrons	Muntiacus_crinifrons	baseline_mask50	2	COMPARISONS				0.100657	0.155366	0.6478701903891456	8	3	884	ok		0.34446	0.64787	0.30341019038914563	17.454116000000795	2.943263241733045e-05	8.611226000000897	0.003340973385553317	15.768777999997837	7.157396270166863e-05	3.5786981350834314e-05	8.179881451619273e-05	4.089940725809636e-05	POSITIVE_SELECTION
terminal_Muntiacus_crinifrons	terminal	Muntiacus crinifrons	DISRUPTED_HIGH	Muntiacus crinifrons	Muntiacus_crinifrons	baseline_strict_complete	2	COMPARISONS				0.086455	0.116784	0.7402983285381559	0	0	316	ok		0.44398	0.7403	0.29631832853815593	3.5248200000005454	0.06045638948497591	1.2607399999997142	0.26151106516316003	0.09861799999998766	0.753494433558713	0.3767472167793565	0.9521716184003974	0.4760858092001987	NEAR_NEUTRAL_WEAK_EVIDENCE
terminal_Muntiacus_crinifrons	terminal	Muntiacus crinifrons	DISRUPTED_HIGH	Muntiacus crinifrons	Muntiacus_crinifrons	refined_trim1_occ60	2	COMPARISONS				0.091036	0.140481	0.6480306945423225	5	3	558	ok		0.34446	0.64803	0.30357069454232255	10.31672400000025	0.0013183008934046178	5.094622000000527	0.02400014427810693	12.853476000000228	0.00033685293351131627	0.00016842646675565813	0.00038497478115579	0.000192487390577895	POSITIVE_SELECTION
terminal_Muntiacus_crinifrons	terminal	Muntiacus crinifrons	DISRUPTED_HIGH	Muntiacus crinifrons	Muntiacus_crinifrons	refined_mask50	2	COMPARISONS				0.100657	0.155366	0.6478701903891456	8	3	884	ok		0.34446	0.64787	0.30341019038914563	17.454116000000795	2.943263241733045e-05	8.611226000000897	0.003340973385553317	15.768777999997837	7.157396270166863e-05	3.5786981350834314e-05	8.179881451619273e-05	4.089940725809636e-05	POSITIVE_SELECTION
terminal_Muntiacus_crinifrons	terminal	Muntiacus crinifrons	DISRUPTED_HIGH	Muntiacus crinifrons	Muntiacus_crinifrons	altcost_mask50	2	COMPARISONS				0.106991	0.153929	0.6950672063094023	7	3	886	ok		0.35825	0.69507	0.3368172063094023	19.471980000002077	1.020862750458534e-05	6.106056000000535	0.013471942861962136	15.379720000000816	8.792692981273749e-05	4.3963464906368745e-05	9.853436102972768e-05	4.926718051486384e-05	POSITIVE_SELECTION
terminal_Muntiacus_crinifrons	terminal	Muntiacus crinifrons	DISRUPTED_HIGH	Muntiacus crinifrons	Muntiacus_crinifrons	altcost_trim1_occ60	2	COMPARISONS				0.087966	0.125223	0.7024747849835893	2	0	561	ok		0.37821	0.70247	0.3242647849835893	9.463553999999931	0.0020959458904266535	3.1735239999998157	0.07484080351472921	3.93529800000033	0.047282762545530564	0.023641381272765282	0.052956694050994235	0.026478347025497118	RELAXED_TOWARD_NEUTRALITY
terminal_Muntiacus_feae	terminal	Muntiacus feae	DISRUPTED_LIKELY	Muntiacus feae	Muntiacus_feae	baseline_mask50	1	COMPARISONS				0.10266	0.16173	0.634761639769987	8	3	883	ok		0.35317	0.63476	0.281591639769987	15.914271999998164	6.627705745579601e-05	10.129248000001098	0.001459349342780283	20.83833400000003	4.99726757463523e-06	2.498633787317615e-06	5.954191152756869e-06	2.9770955763784343e-06	POSITIVE_SELECTION
terminal_Muntiacus_feae	terminal	Muntiacus feae	DISRUPTED_LIKELY	Muntiacus feae	Muntiacus_feae	baseline_trim1_occ60	2	COMPARISONS				0.100034	0.156961	0.6373175502194813	5	3	558	ok		0.34484	0.63732	0.29247755021948135	10.535283999999592	0.0011711688416058397	6.035805999999866	0.01401854877690657	20.03876400000081	7.588810611358817e-06	3.7944053056794086e-06	1.0365204737465703e-05	5.1826023687328515e-06	POSITIVE_SELECTION
terminal_Muntiacus_feae	terminal	Muntiacus feae	DISRUPTED_LIKELY	Muntiacus feae	Muntiacus_feae	baseline_trim2_occ70	2	COMPARISONS				0.090999	0.165689	0.5492156992920472	5	3	399	ok		0.30899	0.54922	0.24022569929204718	6.374444000000949	0.011577530823866942	7.359465999999884	0.006671060123164783	19.356620000000476	1.084426520527528e-05	5.42213260263764e-06	1.4459020273700374e-05	7.229510136850187e-06	POSITIVE_SELECTION
terminal_Muntiacus_feae	terminal	Muntiacus feae	DISRUPTED_LIKELY	Muntiacus feae	Muntiacus_feae	baseline_mask50	2	COMPARISONS				0.105454	0.168276	0.6266728469894697	10	3	883	ok		0.34483	0.62667	0.28184284698946965	16.342462000000523	5.28660171327603e-05	10.570990000000165	0.001148761883019477	22.46150199999829	2.1439778786311502e-06	1.0719889393155751e-06	2.610060026159661e-06	1.3050300130798304e-06	POSITIVE_SELECTION
terminal_Muntiacus_feae	terminal	Muntiacus feae	DISRUPTED_LIKELY	Muntiacus feae	Muntiacus_feae	baseline_strict_complete	2	COMPARISONS				0.093143	0.134803	0.69095643272034	0	0	316	ok		0.44393	0.69096	0.24702643272034003	2.883927999999287	0.08946753412645816	2.1173820000003616	0.14563530271803896	0.6545839999998861	0.4184785318869673	0.20923926594348366	0.8170950576918616	0.4085475288459308	AMBIGUOUS
terminal_Muntiacus_feae	terminal	Muntiacus feae	DISRUPTED_LIKELY	Muntiacus feae	Muntiacus_feae	refined_trim1_occ60	2	COMPARISONS				0.100034	0.156962	0.6373134898892726	5	3	558	ok		0.34484	0.63732	0.29247348988927263	10.535283999999592	0.0011711688416058397	6.035805999999866	0.01401854877690657	20.03876400000081	7.588810611358817e-06	3.7944053056794086e-06	1.0365204737465703e-05	5.1826023687328515e-06	POSITIVE_SELECTION
terminal_Muntiacus_feae	terminal	Muntiacus feae	DISRUPTED_LIKELY	Muntiacus feae	Muntiacus_feae	altcost_trim1_occ60	2	COMPARISONS				0.09738	0.146083	0.6666073396630683	5	1	561	ok		0.37868	0.66661	0.28792733966306827	8.647096000000602	0.0032758306401208894	4.659332000001086	0.03088520515085617	10.06136399999923	0.0015141108626436698	0.0007570554313218349	0.0019718653094894303	0.0009859326547447152	POSITIVE_SELECTION
terminal_Muntiacus_feae	terminal	Muntiacus feae	DISRUPTED_LIKELY	Muntiacus feae	Muntiacus_feae	refined_mask50	2	COMPARISONS				0.105454	0.168276	0.6266728469894697	10	3	883	ok		0.34482	0.62667	0.28185284698946966	16.342462000000523	5.28660171327603e-05	10.570990000000165	0.001148761883019477	22.46150199999829	2.1439778786311502e-06	1.0719889393155751e-06	2.610060026159661e-06	1.3050300130798304e-06	POSITIVE_SELECTION
terminal_Muntiacus_feae	terminal	Muntiacus feae	DISRUPTED_LIKELY	Muntiacus feae	Muntiacus_feae	altcost_mask50	2	COMPARISONS				0.111916	0.169021	0.6621425739996805	8	3	885	ok		0.358	0.66215	0.3041425739996805	17.441225999999006	2.963288654567793e-05	8.227575999997498	0.004125859991882234	22.95952799999941	1.6544813168018609e-06	8.272406584009304e-07	1.971296888104345e-06	9.856484440521725e-07	POSITIVE_SELECTION
terminal_Muntiacus_gongshanensis	terminal	Muntiacus gongshanensis	DISRUPTED_LIKELY	Muntiacus gongshanensis	Muntiacus_gongshanensis	baseline_trim1_occ60	2	COMPARISONS				0.105383	0.146682	0.7184453443503633	7	3	558	ok		0.3448	0.71845	0.37364534435036334	14.938172000000122	0.00011109232030649212	3.2012739999991027	0.0735809308973723	23.359897999998793	1.343503944818387e-06	6.717519724091935e-07	2.0233828198873174e-06	1.0116914099436587e-06	POSITIVE_SELECTION
terminal_Muntiacus_gongshanensis	terminal	Muntiacus gongshanensis	DISRUPTED_LIKELY	Muntiacus gongshanensis	Muntiacus_gongshanensis	baseline_trim2_occ70	2	COMPARISONS				0.098379	0.150556	0.6534379234304843	6	3	399	ok		0.30901	0.65343	0.34442792343048434	10.715141999999105	0.0010626230272332996	3.6328319999993255	0.05665034179471664	27.096056000000317	1.9359250526550317e-07	9.679625263275159e-08	4.336472117947271e-07	2.1682360589736355e-07	POSITIVE_SELECTION
terminal_Muntiacus_gongshanensis	terminal	Muntiacus gongshanensis	DISRUPTED_LIKELY	Muntiacus gongshanensis	Muntiacus_gongshanensis	baseline_mask50	1	COMPARISONS				0.106315	0.151983	0.6995190251541291	10	3	884	ok		0.3523	0.69952	0.3472190251541291	21.537497999997868	3.4697725744052075e-06	6.142024000000674	0.013200613253210427	22.74852800000008	1.8464552169125423e-06	9.232276084562711e-07	2.3500339124341448e-06	1.1750169562170724e-06	POSITIVE_SELECTION
terminal_Muntiacus_gongshanensis	terminal	Muntiacus gongshanensis	DISRUPTED_LIKELY	Muntiacus gongshanensis	Muntiacus_gongshanensis	baseline_mask50	2	COMPARISONS				0.109172	0.157762	0.6920044117087765	11	3	884	ok		0.3443	0.69201	0.3477044117087765	22.055975999999646	2.648139456844146e-06	6.430432000001019	0.0112181290383538	24.313458000000537	8.186509252906442e-07	4.093254626453221e-07	1.0698626453742313e-06	5.349313226871156e-07	POSITIVE_SELECTION
terminal_Muntiacus_gongshanensis	terminal	Muntiacus gongshanensis	DISRUPTED_LIKELY	Muntiacus gongshanensis	Muntiacus_gongshanensis	baseline_strict_complete	2	COMPARISONS				0.09879	0.123835	0.7977550773206282	2	0	316	ok		0.44342	0.79775	0.35433507732062824	5.000981999999567	0.02533294154047307	0.7716899999995803	0.3796947445539898	1.6359619999984716	0.20088039932986657	0.10044019966493328	0.5356810648796442	0.2678405324398221	RELAXED_TOWARD_NEUTRALITY
terminal_Muntiacus_gongshanensis	terminal	Muntiacus gongshanensis	DISRUPTED_LIKELY	Muntiacus gongshanensis	Muntiacus_gongshanensis	refined_trim1_occ60	2	COMPARISONS				0.105383	0.146682	0.7184453443503633	7	3	558	ok		0.3448	0.71845	0.37364534435036334	14.938172000000122	0.00011109232030649212	3.2012739999991027	0.0735809308973723	23.359897999998793	1.343503944818387e-06	6.717519724091935e-07	2.0233828198873174e-06	1.0116914099436587e-06	POSITIVE_SELECTION
terminal_Muntiacus_gongshanensis	terminal	Muntiacus gongshanensis	DISRUPTED_LIKELY	Muntiacus gongshanensis	Muntiacus_gongshanensis	refined_mask50	2	COMPARISONS				0.109172	0.157762	0.6920044117087765	11	3	884	ok		0.3443	0.69201	0.3477044117087765	22.055975999999646	2.648139456844146e-06	6.430432000001019	0.0112181290383538	24.313458000000537	8.186509252906442e-07	4.093254626453221e-07	1.0698626453742313e-06	5.349313226871156e-07	POSITIVE_SELECTION
terminal_Muntiacus_gongshanensis	terminal	Muntiacus gongshanensis	DISRUPTED_LIKELY	Muntiacus gongshanensis	Muntiacus_gongshanensis	altcost_trim1_occ60	2	COMPARISONS				0.102125	0.131613	0.7759491843510898	6	1	561	ok		0.37879	0.77595	0.3971591843510898	13.714617999999973	0.00021279176796130015	1.7839579999999842	0.18166405697907395	12.70050000000083	0.00036555781832768065	0.00018277890916384033	0.0005686454951763921	0.00028432274758819604	POSITIVE_SELECTION
terminal_Muntiacus_gongshanensis	terminal	Muntiacus gongshanensis	DISRUPTED_LIKELY	Muntiacus gongshanensis	Muntiacus_gongshanensis	altcost_mask50	2	COMPARISONS				0.11486	0.156359	0.7345915489354626	9	3	886	ok		0.35839	0.73459	0.37620154893546265	23.54809000000023	1.218303038040262e-06	4.540324000001419	0.03310532530797234	24.143067999997584	8.943752503179112e-07	4.471876251589556e-07	1.0888046525609355e-06	5.444023262804677e-07	POSITIVE_SELECTION
terminal_Muntiacus_reevesi	terminal	Muntiacus reevesi	DISRUPTED_HIGH	Muntiacus reevesi	Muntiacus_reevesi	baseline_trim1_occ60	2	COMPARISONS				0.102012	0.142181	0.7174798320450694	5	3	558	ok		0.34318	0.71748	0.3742998320450694	14.594624000001204	0.000133294267038886	3.0999360000005254	0.07829537209904656	17.81700600000113	2.431998465267688e-05	1.215999232633844e-05	3.167253815232338e-05	1.583626907616169e-05	POSITIVE_SELECTION
terminal_Muntiacus_reevesi	terminal	Muntiacus reevesi	DISRUPTED_HIGH	Muntiacus reevesi	Muntiacus_reevesi	baseline_mask50	1	COMPARISONS				0.102323	0.158012	0.6475647419183352	9	3	882	ok		0.35166	0.64757	0.29590474191833527	17.02144600000247	3.695999585186382e-05	9.092250000001513	0.002566948839145926	22.415361999999732	2.196104352774663e-06	1.0980521763873315e-06	2.732929861230692e-06	1.366464930615346e-06	POSITIVE_SELECTION
terminal_Muntiacus_reevesi	terminal	Muntiacus reevesi	DISRUPTED_HIGH	Muntiacus reevesi	Muntiacus_reevesi	baseline_mask50	2	COMPARISONS				0.105153	0.164531	0.6391075238101026	9	3	882	ok		0.34371	0.63911	0.2953975238101026	17.377956000000268	3.063585975674639e-05	9.528149999998277	0.0020234398579892184	24.52848200000153	7.321946317002234e-07	3.660973158501117e-07	1.0250724843803126e-06	5.125362421901563e-07	POSITIVE_SELECTION
terminal_Muntiacus_reevesi	terminal	Muntiacus reevesi	DISRUPTED_HIGH	Muntiacus reevesi	Muntiacus_reevesi	baseline_trim2_occ70	2	COMPARISONS				0.098195	0.152684	0.6431256713211602	5	3	399	ok		0.30853	0.64313	0.33459567132116014	10.19955999999911	0.001404741667492644	3.8585759999987204	0.04949231709114284	19.19378399999914	1.1809732241162222e-05	5.904866120581111e-06	1.5380116407094987e-05	7.690058203547494e-06	POSITIVE_SELECTION
terminal_Muntiacus_reevesi	terminal	Muntiacus reevesi	DISRUPTED_HIGH	Muntiacus reevesi	Muntiacus_reevesi	baseline_strict_complete	2	COMPARISONS				0.092316	0.126892	0.7275163130851432	0	0	316	ok		0.43978	0.72752	0.2877363130851432	3.666642000000138	0.05551191973805589	1.5302360000005137	0.21607702880611113	0.0001359999987471383	0.9906953579651921	0.4953476789825961	1.0	0.5439111769220663	NEAR_NEUTRAL_WEAK_EVIDENCE
terminal_Muntiacus_reevesi	terminal	Muntiacus reevesi	DISRUPTED_HIGH	Muntiacus reevesi	Muntiacus_reevesi	refined_trim1_occ60	2	COMPARISONS				0.102012	0.142181	0.7174798320450694	5	3	558	ok		0.34318	0.71748	0.3742998320450694	14.594624000001204	0.000133294267038886	3.0999360000005254	0.07829537209904656	17.81700600000113	2.431998465267688e-05	1.215999232633844e-05	3.167253815232338e-05	1.583626907616169e-05	POSITIVE_SELECTION
terminal_Muntiacus_reevesi	terminal	Muntiacus reevesi	DISRUPTED_HIGH	Muntiacus reevesi	Muntiacus_reevesi	altcost_trim1_occ60	2	COMPARISONS				0.097561	0.127525	0.7650343069986277	3	1	561	ok		0.37729	0.76503	0.3877443069986277	12.841045999999551	0.0003390980013134763	1.9047319999990577	0.16754961268368154	9.687458000000333	0.0018553003048001609	0.0009276501524000804	0.0023612912970183866	0.0011806456485091933	POSITIVE_SELECTION
terminal_Muntiacus_reevesi	terminal	Muntiacus reevesi	DISRUPTED_HIGH	Muntiacus reevesi	Muntiacus_reevesi	refined_mask50	2	COMPARISONS				0.105153	0.164531	0.6391075238101026	9	3	882	ok		0.34371	0.63911	0.2953975238101026	17.377956000000268	3.063585975674639e-05	9.528149999998277	0.0020234398579892184	24.52848200000153	7.321946317002234e-07	3.660973158501117e-07	1.0250724843803126e-06	5.125362421901563e-07	POSITIVE_SELECTION
terminal_Muntiacus_reevesi	terminal	Muntiacus reevesi	DISRUPTED_HIGH	Muntiacus reevesi	Muntiacus_reevesi	altcost_mask50	2	COMPARISONS				0.108338	0.165597	0.6542268277806965	8	3	885	ok		0.35757	0.65423	0.2966568277806965	16.679103999998915	4.4265910497531446e-05	8.644238000000769	0.0032809733301684316	25.282358000000386	4.952175897316864e-07	2.476087948658432e-07	6.449345354645218e-07	3.224672677322609e-07	POSITIVE_SELECTION
terminal_Muntiacus_vaginalis	terminal	Muntiacus vaginalis	DISRUPTED_LIKELY	Muntiacus vaginalis	Muntiacus_vaginalis	baseline_trim2_occ70	2	COMPARISONS				0.091368	0.15677	0.5828155897174205	5	3	398	ok		0.30906	0.58281	0.27375558971742053	7.581855999998879	0.005895870382528589	5.790711999999985	0.016111062724977778	22.213613999998415	2.439379680202052e-06	1.219689840101026e-06	3.6094791293334615e-06	1.8047395646667308e-06	POSITIVE_SELECTION
terminal_Muntiacus_vaginalis	terminal	Muntiacus vaginalis	DISRUPTED_LIKELY	Muntiacus vaginalis	Muntiacus_vaginalis	baseline_trim1_occ60	2	COMPARISONS				0.09843	0.154369	0.6376280211700536	5	3	556	ok		0.34473	0.63763	0.2928980211700536	10.40319400000044	0.0012579753429320082	5.913415999999415	0.01502600696499379	24.057622000000265	9.349543764362223e-07	4.6747718821811116e-07	1.4959270022979558e-06	7.479635011489779e-07	POSITIVE_SELECTION
terminal_Muntiacus_vaginalis	terminal	Muntiacus vaginalis	DISRUPTED_LIKELY	Muntiacus vaginalis	Muntiacus_vaginalis	baseline_mask50	1	COMPARISONS				0.101139	0.161408	0.6266046292624902	8	3	879	ok		0.35207	0.6266	0.27453462926249017	15.234086000000389	9.497365173030701e-05	10.590468000002147	0.001136721990528537	24.423013999999966	7.733926499446556e-07	3.866963249723278e-07	1.0563411804122126e-06	5.281705902061063e-07	POSITIVE_SELECTION
terminal_Muntiacus_vaginalis	terminal	Muntiacus vaginalis	DISRUPTED_LIKELY	Muntiacus vaginalis	Muntiacus_vaginalis	baseline_mask50	2	COMPARISONS				0.103875	0.167805	0.6190220791990703	10	3	879	ok		0.3441	0.61902	0.27492207919907025	15.634397999998328	7.684394904159281e-05	11.005747999999585	0.0009082977010008808	26.055351999999402	3.3176790589771107e-07	1.6588395294885554e-07	4.889211244808374e-07	2.444605622404187e-07	POSITIVE_SELECTION
terminal_Muntiacus_vaginalis	terminal	Muntiacus vaginalis	DISRUPTED_LIKELY	Muntiacus vaginalis	Muntiacus_vaginalis	baseline_strict_complete	2	COMPARISONS				0.089467	0.12402	0.7213917110143525	1	0	316	ok		0.44347	0.72139	0.27792171101435253	3.3216019999999844	0.06837517163882674	1.5566280000002735	0.21215962969389773	0.5658100000000559	0.4519287312997568	0.2259643656498784	0.8368798067512706	0.4184399033756353	NEAR_NEUTRAL_WEAK_EVIDENCE
terminal_Muntiacus_vaginalis	terminal	Muntiacus vaginalis	DISRUPTED_LIKELY	Muntiacus vaginalis	Muntiacus_vaginalis	refined_trim1_occ60	2	COMPARISONS				0.09843	0.154369	0.6376280211700536	5	3	556	ok		0.34473	0.63763	0.2928980211700536	10.40319400000044	0.0012579753429320082	5.913415999999415	0.01502600696499379	24.057622000000265	9.349543764362223e-07	4.6747718821811116e-07	1.4959270022979558e-06	7.479635011489779e-07	POSITIVE_SELECTION
terminal_Muntiacus_vaginalis	terminal	Muntiacus vaginalis	DISRUPTED_LIKELY	Muntiacus vaginalis	Muntiacus_vaginalis	refined_mask50	2	COMPARISONS				0.103875	0.167805	0.6190220791990703	10	3	879	ok		0.3441	0.61902	0.27492207919907025	15.634397999998328	7.684394904159281e-05	11.005747999999585	0.0009082977010008808	26.055351999999402	3.3176790589771107e-07	1.6588395294885554e-07	4.889211244808374e-07	2.444605622404187e-07	POSITIVE_SELECTION
terminal_Muntiacus_vaginalis	terminal	Muntiacus vaginalis	DISRUPTED_LIKELY	Muntiacus vaginalis	Muntiacus_vaginalis	altcost_trim1_occ60	2	COMPARISONS				0.09633	0.138917	0.6934356486247183	5	1	559	ok		0.37886	0.69343	0.3145756486247183	9.717780000000857	0.0018249382175671936	3.724984000000404	0.05360414145096297	11.829819999999017	0.0005828962887180502	0.0002914481443590251	0.0008590050570581792	0.0004295025285290896	POSITIVE_SELECTION
terminal_Muntiacus_vaginalis	terminal	Muntiacus vaginalis	DISRUPTED_LIKELY	Muntiacus vaginalis	Muntiacus_vaginalis	altcost_mask50	2	COMPARISONS				0.109474	0.166469	0.6576239419952064	7	3	881	ok		0.35815	0.65762	0.2994739419952063	16.927318000001833	3.883860708195552e-05	8.459082000001217	0.0036322513528253735	25.21906399999716	5.117384714200785e-07	2.5586923571003924e-07	6.513035090800999e-07	3.2565175454004996e-07	POSITIVE_SELECTION
terminal_Nanger_dama	terminal	Nanger dama	DISRUPTED_LIKELY	Nanger dama	Nanger_dama	baseline_mask50	1	COMPARISONS				0.115789	0.171656	0.6745409423498159	13	3	837	ok		0.35035	0.67454	0.3241909423498159	20.179379999997764	7.050889865022787e-06	7.705477999999857	0.005505349263497804	21.79032400000142	3.0413004844469336e-06	1.5206502422234668e-06	3.702452763674528e-06	1.851226381837264e-06	POSITIVE_SELECTION
terminal_Nanger_dama	terminal	Nanger dama	DISRUPTED_LIKELY	Nanger dama	Nanger_dama	baseline_trim2_occ70	2	COMPARISONS				0.109122	0.178684	0.6106982158447314	6	3	374	ok		0.31053	0.6107	0.3001682158447314	9.08609400000023	0.0025756036605243133	5.133148000000801	0.023473117599744794	31.42026799999985	2.0780036471208653e-08	1.0390018235604327e-08	1.0578927658069861e-07	5.2894638290349304e-08	POSITIVE_SELECTION
terminal_Nanger_dama	terminal	Nanger dama	DISRUPTED_LIKELY	Nanger dama	Nanger_dama	baseline_mask50	2	COMPARISONS				0.119102	0.178618	0.6667972992643518	13	3	837	ok		0.34226	0.6668	0.3245372992643518	20.681517999997595	5.423699408011869e-06	8.056401999998343	0.004534314095155792	22.294691999999486	2.3385212451283797e-06	1.1692606225641899e-06	2.786323185684878e-06	1.393161592842439e-06	POSITIVE_SELECTION
terminal_Nanger_dama	terminal	Nanger dama	DISRUPTED_LIKELY	Nanger dama	Nanger_dama	baseline_trim1_occ60	2	COMPARISONS				0.122236	0.166299	0.7350374927089158	6	3	526	ok		0.3444	0.73504	0.39063749270891585	16.575347999998485	4.675483785952188e-05	2.9017619999995077	0.08848278436339548	27.142446000001655	1.8900226355581893e-07	9.450113177790947e-08	3.3075396122268315e-07	1.6537698061134158e-07	POSITIVE_SELECTION
terminal_Nanger_dama	terminal	Nanger dama	DISRUPTED_LIKELY	Nanger dama	Nanger_dama	baseline_strict_complete	2	COMPARISONS				0.09776	0.14324	0.6824909243228148	0	0	316	ok		0.43758	0.68249	0.24491092432281475	3.029472000000169	0.0817646202745303	2.3507659999995667	0.12522146273035992	0.03829799999948591	0.8448459643532756	0.4224229821766378	0.9655382449751722	0.4827691224875861	AMBIGUOUS
terminal_Nanger_dama	terminal	Nanger dama	DISRUPTED_LIKELY	Nanger dama	Nanger_dama	refined_trim1_occ60	2	COMPARISONS				0.122236	0.166299	0.7350374927089158	6	3	526	ok		0.3444	0.73504	0.39063749270891585	16.575347999998485	4.675483785952188e-05	2.9017619999995077	0.08848278436339548	27.142446000001655	1.8900226355581893e-07	9.450113177790947e-08	3.3075396122268315e-07	1.6537698061134158e-07	POSITIVE_SELECTION
terminal_Nanger_dama	terminal	Nanger dama	DISRUPTED_LIKELY	Nanger dama	Nanger_dama	refined_mask50	2	COMPARISONS				0.119101	0.178618	0.666791700724451	13	3	837	ok		0.34226	0.6668	0.32453170072445103	20.681517999997595	5.423699408011869e-06	8.056401999998343	0.004534314095155792	22.294691999999486	2.3385212451283797e-06	1.1692606225641899e-06	2.786323185684878e-06	1.393161592842439e-06	POSITIVE_SELECTION
terminal_Nanger_dama	terminal	Nanger dama	DISRUPTED_LIKELY	Nanger dama	Nanger_dama	altcost_mask50	2	COMPARISONS				0.129092	0.183271	0.7043776702260588	10	3	838	ok		0.35541	0.70438	0.3489676702260588	22.234575999998924	2.4128927268334583e-06	6.133685999997397	0.013263007681251146	32.01135599999907	1.5327395527266653e-08	7.663697763633327e-09	2.3198220257484666e-08	1.1599110128742333e-08	POSITIVE_SELECTION
terminal_Nanger_dama	terminal	Nanger dama	DISRUPTED_LIKELY	Nanger dama	Nanger_dama	altcost_trim1_occ60	2	COMPARISONS				0.113145	0.145513	0.77755939331881	5	1	525	ok		0.37703	0.77756	0.40052939331881	14.044621999999436	0.00017852363198473238	1.7595860000001267	0.18467616266166928	12.646523999999772	0.00037626461646717696	0.00018813230823358848	0.0005694815816800516	0.0002847407908400258	POSITIVE_SELECTION
terminal_Nilgiritragus_hylocrius	terminal	Nilgiritragus hylocrius	DISRUPTED_LIKELY	Nilgiritragus hylocrius	Nilgiritragus_hylocrius	baseline_trim1_occ60	2	COMPARISONS				0.11045	0.12641	0.8737441658096671	8	4	553	ok		0.34347	0.87375	0.530274165809667	22.981501999998727	1.635677229821375e-06	0.49533399999927497	0.4815575284131295	27.644704000000274	1.4577061934312885e-07	7.288530967156442e-08	2.6332757042629727e-07	1.3166378521314864e-07	POSITIVE_SELECTION
terminal_Nilgiritragus_hylocrius	terminal	Nilgiritragus hylocrius	DISRUPTED_LIKELY	Nilgiritragus hylocrius	Nilgiritragus_hylocrius	baseline_trim2_occ70	2	COMPARISONS				0.098451	0.134191	0.7336632113927163	6	3	398	ok		0.30904	0.73366	0.4246232113927163	13.618285999998989	0.0002239930879873496	1.8000079999983427	0.17971152772122934	25.93989199999851	3.522148368958141e-07	1.7610741844790706e-07	7.044296737916283e-07	3.522148368958141e-07	POSITIVE_SELECTION
terminal_Nilgiritragus_hylocrius	terminal	Nilgiritragus hylocrius	DISRUPTED_LIKELY	Nilgiritragus hylocrius	Nilgiritragus_hylocrius	baseline_mask50	2	COMPARISONS				0.113847	0.14121	0.806224771616741	13	4	875	ok		0.34201	0.80623	0.464214771616741	32.09035799999765	1.471658960413994e-08	2.077183999997942	0.14951578802659082	29.736484000000928	4.949450631234476e-08	2.474725315617238e-08	1.1239664141841758e-07	5.619832070920879e-08	POSITIVE_SELECTION
terminal_Nilgiritragus_hylocrius	terminal	Nilgiritragus hylocrius	DISRUPTED_LIKELY	Nilgiritragus hylocrius	Nilgiritragus_hylocrius	baseline_mask50	1	COMPARISONS				0.110795	0.135154	0.8197685603089809	12	3	875	ok		0.35001	0.81977	0.46975856030898094	31.90276200000153	1.6208651647325687e-08	1.788959999998042	0.18105292792718936	28.91548999999941	7.560587133908066e-08	3.780293566954033e-08	1.6109810808787729e-07	8.054905404393864e-08	POSITIVE_SELECTION
terminal_Nilgiritragus_hylocrius	terminal	Nilgiritragus hylocrius	DISRUPTED_LIKELY	Nilgiritragus hylocrius	Nilgiritragus_hylocrius	baseline_strict_complete	2	COMPARISONS				0.102727	0.108162	0.9497512989774598	2	0	316	ok		0.43544	0.94975	0.5143112989774599	8.485267999998541	0.0035803383311636262	0.03782799999862618	0.8457889243401691	5.661646000000474	0.017339842508461562	0.008669921254230781	0.16058423730249477	0.08029211865124739	RELAXED_TOWARD_NEUTRALITY
terminal_Nilgiritragus_hylocrius	terminal	Nilgiritragus hylocrius	DISRUPTED_LIKELY	Nilgiritragus hylocrius	Nilgiritragus_hylocrius	refined_trim1_occ60	2	COMPARISONS				0.11045	0.12641	0.8737441658096671	8	4	553	ok		0.34347	0.87375	0.530274165809667	22.981501999998727	1.635677229821375e-06	0.49533399999927497	0.4815575284131295	27.644704000000274	1.4577061934312885e-07	7.288530967156442e-08	2.6332757042629727e-07	1.3166378521314864e-07	POSITIVE_SELECTION
terminal_Nilgiritragus_hylocrius	terminal	Nilgiritragus hylocrius	DISRUPTED_LIKELY	Nilgiritragus hylocrius	Nilgiritragus_hylocrius	refined_mask50	2	COMPARISONS				0.113847	0.14121	0.806224771616741	13	4	875	ok		0.34201	0.80622	0.464214771616741	32.09035799999765	1.471658960413994e-08	2.077183999997942	0.14951578802659082	29.736484000000928	4.949450631234476e-08	2.474725315617238e-08	1.1239664141841758e-07	5.619832070920879e-08	POSITIVE_SELECTION
terminal_Nilgiritragus_hylocrius	terminal	Nilgiritragus hylocrius	DISRUPTED_LIKELY	Nilgiritragus hylocrius	Nilgiritragus_hylocrius	altcost_mask50	2	COMPARISONS				0.11723	0.148939	0.7871007593712863	11	4	875	ok		0.35523	0.7871	0.43187075937128633	27.791384000000107	1.3512655164862774e-07	2.586675999998988	0.10776628462556465	36.6391360000016	1.421490205455062e-09	7.10745102727531e-10	2.274384328728099e-09	1.1371921643640496e-09	POSITIVE_SELECTION
terminal_Nilgiritragus_hylocrius	terminal	Nilgiritragus hylocrius	DISRUPTED_LIKELY	Nilgiritragus hylocrius	Nilgiritragus_hylocrius	altcost_trim1_occ60	2	COMPARISONS				0.099444	0.11448	0.8686582809224319	4	1	553	ok		0.37719	0.86866	0.4914682809224319	16.98067600000104	3.776220527165294e-05	0.49210800000037125	0.4829884778663211	16.510442000000694	4.838288403751506e-05	2.419144201875753e-05	0.00011289339608753514	5.644669804376757e-05	POSITIVE_SELECTION
terminal_Odocoileus_hemionus	terminal	Odocoileus hemionus	DISRUPTED_LIKELY	Odocoileus hemionus	Odocoileus_hemionus	baseline_trim1_occ60	2	COMPARISONS				0.109266	0.136319	0.801546372846045	6	3	558	ok		0.342	0.80155	0.459546372846045	19.598009999999704	9.556868773267342e-06	1.3772859999990033	0.24056398171198773	23.974577999999383	9.76161394554822e-07	4.88080697277411e-07	1.518473280418612e-06	7.59236640209306e-07	POSITIVE_SELECTION
terminal_Odocoileus_hemionus	terminal	Odocoileus hemionus	DISRUPTED_LIKELY	Odocoileus hemionus	Odocoileus_hemionus	baseline_trim2_occ70	2	COMPARISONS				0.104679	0.134727	0.7769712084437417	6	4	400	ok		0.30962	0.77697	0.4673512084437417	15.8073919999988	7.012799459669796e-05	1.2296599999990576	0.26747317016196875	19.66978399999971	9.204535823947883e-06	4.6022679119739415e-06	1.2572048930270278e-05	6.286024465135139e-06	POSITIVE_SELECTION
terminal_Odocoileus_hemionus	terminal	Odocoileus hemionus	DISRUPTED_LIKELY	Odocoileus hemionus	Odocoileus_hemionus	baseline_mask50	1	COMPARISONS				0.099397	0.150887	0.6587512509361311	9	3	881	ok		0.34955	0.65875	0.30920125093613104	17.693019999998796	2.595773676514904e-05	8.01585399999749	0.00463696025166604	29.901575999996567	4.545432156353091e-08	2.2727160781765456e-08	1.2727210037788657e-07	6.363605018894328e-08	POSITIVE_SELECTION
terminal_Odocoileus_hemionus	terminal	Odocoileus hemionus	DISRUPTED_LIKELY	Odocoileus hemionus	Odocoileus_hemionus	baseline_mask50	2	COMPARISONS				0.102004	0.156954	0.6498974221746499	9	3	881	ok		0.34157	0.6499	0.30832742217464987	18.063042000001587	2.1370966890360573e-05	8.446014000001014	0.0036584439690308464	29.22309999999925	6.450556395318754e-08	3.225278197659377e-08	1.1239664141841758e-07	5.619832070920879e-08	POSITIVE_SELECTION
terminal_Odocoileus_hemionus	terminal	Odocoileus hemionus	DISRUPTED_LIKELY	Odocoileus hemionus	Odocoileus_hemionus	baseline_strict_complete	2	COMPARISONS				0.097628	0.113248	0.8620726193840068	1	0	316	ok		0.43704	0.86207	0.4250326193840068	6.518742000000202	0.010674348182008147	0.32177000000046974	0.5705458764277139	0.457643999998254	0.49872711613227777	0.24936355806613889	0.8515851850627137	0.4257925925313569	RELAXED_TOWARD_NEUTRALITY
terminal_Odocoileus_hemionus	terminal	Odocoileus hemionus	DISRUPTED_LIKELY	Odocoileus hemionus	Odocoileus_hemionus	refined_trim1_occ60	2	COMPARISONS				0.109266	0.136319	0.801546372846045	6	3	558	ok		0.342	0.80155	0.459546372846045	19.598009999999704	9.556868773267342e-06	1.3772859999990033	0.24056398171198773	23.974577999999383	9.76161394554822e-07	4.88080697277411e-07	1.518473280418612e-06	7.59236640209306e-07	POSITIVE_SELECTION
terminal_Odocoileus_hemionus	terminal	Odocoileus hemionus	DISRUPTED_LIKELY	Odocoileus hemionus	Odocoileus_hemionus	refined_mask50	2	COMPARISONS				0.102004	0.156954	0.6498974221746499	9	3	881	ok		0.34157	0.6499	0.30832742217464987	18.063042000001587	2.1370966890360573e-05	8.446014000001014	0.0036584439690308464	29.22309999999925	6.450556395318754e-08	3.225278197659377e-08	1.1239664141841758e-07	5.619832070920879e-08	POSITIVE_SELECTION
terminal_Odocoileus_hemionus	terminal	Odocoileus hemionus	DISRUPTED_LIKELY	Odocoileus hemionus	Odocoileus_hemionus	altcost_trim1_occ60	2	COMPARISONS				0.099496	0.110141	0.903351158968958	4	1	560	ok		0.37751	0.90336	0.525841158968958	18.760127999999895	1.4823401703746644e-05	0.25990399999864167	0.6101861157420627	10.30068399999982	0.0013298090877155496	0.0006649045438577748	0.0018163246076114824	0.0009081623038057412	POSITIVE_SELECTION
terminal_Odocoileus_hemionus	terminal	Odocoileus hemionus	DISRUPTED_LIKELY	Odocoileus hemionus	Odocoileus_hemionus	altcost_mask50	2	COMPARISONS				0.105153	0.149862	0.7016655322897065	9	3	881	ok		0.3562	0.70167	0.3454655322897065	20.068951999997807	7.469957633109494e-06	5.677929999998014	0.017179624745735738	29.42479000000094	5.812929414176684e-08	2.906464707088342e-08	8.346770440869084e-08	4.173385220434542e-08	POSITIVE_SELECTION
terminal_Odocoileus_virginianus	terminal	Odocoileus virginianus	DISRUPTED_HIGH	Odocoileus virginianus	Odocoileus_virginianus	baseline_mask50	1	COMPARISONS				0.101092	0.148039	0.6828741074986997	10	3	880	ok		0.34969	0.68287	0.3331841074986997	19.7473519999985	8.83840680521804e-06	6.68542399999933	0.009720439999520561	24.918871999998373	5.97942144616322e-07	2.98971072308161e-07	8.585835922695907e-07	4.2929179613479535e-07	POSITIVE_SELECTION
terminal_Odocoileus_virginianus	terminal	Odocoileus virginianus	DISRUPTED_HIGH	Odocoileus virginianus	Odocoileus_virginianus	baseline_trim1_occ60	2	COMPARISONS				0.108736	0.143088	0.7599239628759924	6	3	558	ok		0.34162	0.75993	0.4183039628759924	17.65238800000043	2.6518211752476206e-05	2.181883999999627	0.1396434274265351	15.07984199999919	0.0001030579541550057	5.152897707750285e-05	0.00012023427984750665	6.011713992375332e-05	POSITIVE_SELECTION
terminal_Odocoileus_virginianus	terminal	Odocoileus virginianus	DISRUPTED_HIGH	Odocoileus virginianus	Odocoileus_virginianus	baseline_trim2_occ70	2	COMPARISONS				0.101428	0.147689	0.6867674640629974	4	3	400	ok		0.30832	0.68677	0.3784474640629974	12.221356000000014	0.00047245580244890164	2.8051120000000083	0.09396428235130519	17.522641999999905	2.8390647813773027e-05	1.4195323906886514e-05	3.6133551762983855e-05	1.8066775881491928e-05	POSITIVE_SELECTION
terminal_Odocoileus_virginianus	terminal	Odocoileus virginianus	DISRUPTED_HIGH	Odocoileus virginianus	Odocoileus_virginianus	baseline_mask50	2	COMPARISONS				0.103838	0.154074	0.6739488817061932	10	3	880	ok		0.34176	0.67395	0.33218888170619315	20.14241200000106	7.18848561082791e-06	7.072882000000391	0.007825927417457135	24.027077999999165	9.499037207366844e-07	4.749518603683422e-07	1.2089683718466892e-06	6.044841859233446e-07	POSITIVE_SELECTION
terminal_Odocoileus_virginianus	terminal	Odocoileus virginianus	DISRUPTED_HIGH	Odocoileus virginianus	Odocoileus_virginianus	baseline_strict_complete	2	COMPARISONS				0.095467	0.113004	0.8448108031574104	1	0	316	ok		0.4361	0.84481	0.40871080315741043	6.1177239999997255	0.013383300863669954	0.4112619999996241	0.5213296580637707	0.4212600000009843	0.5163089974626655	0.2581544987313327	0.8515851850627137	0.4257925925313569	RELAXED_TOWARD_NEUTRALITY
terminal_Odocoileus_virginianus	terminal	Odocoileus virginianus	DISRUPTED_HIGH	Odocoileus virginianus	Odocoileus_virginianus	refined_trim1_occ60	2	COMPARISONS				0.108736	0.143088	0.7599239628759924	6	3	558	ok		0.34162	0.75993	0.4183039628759924	17.65238800000043	2.6518211752476206e-05	2.181883999999627	0.1396434274265351	15.07984199999919	0.0001030579541550057	5.152897707750285e-05	0.00012023427984750665	6.011713992375332e-05	POSITIVE_SELECTION
terminal_Odocoileus_virginianus	terminal	Odocoileus virginianus	DISRUPTED_HIGH	Odocoileus virginianus	Odocoileus_virginianus	refined_mask50	2	COMPARISONS				0.103838	0.154074	0.6739488817061932	10	3	880	ok		0.34176	0.67395	0.33218888170619315	20.14241200000106	7.18848561082791e-06	7.072882000000391	0.007825927417457135	24.027077999999165	9.499037207366844e-07	4.749518603683422e-07	1.2089683718466892e-06	6.044841859233446e-07	POSITIVE_SELECTION
terminal_Odocoileus_virginianus	terminal	Odocoileus virginianus	DISRUPTED_HIGH	Odocoileus virginianus	Odocoileus_virginianus	altcost_trim1_occ60	2	COMPARISONS				0.098547	0.117666	0.8375146601397174	3	1	560	ok		0.37759	0.83751	0.45992466013971744	15.965350000000399	6.451252435882696e-05	0.8126720000000205	0.3673314504580789	7.3785899999984395	0.0066004898507778685	0.0033002449253889342	0.00770057149257418	0.00385028574628709	POSITIVE_SELECTION
terminal_Odocoileus_virginianus	terminal	Odocoileus virginianus	DISRUPTED_HIGH	Odocoileus virginianus	Odocoileus_virginianus	altcost_mask50	2	COMPARISONS				0.109036	0.14216	0.7669949352841867	9	3	881	ok		0.35659	0.76699	0.4104049352841867	25.207345999999234	5.148571621117486e-07	3.1099599999979546	0.0778148714757189	31.055833999998868	2.5071163378007166e-08	1.2535581689003583e-08	3.694697760969477e-08	1.8473488804847384e-08	POSITIVE_SELECTION
terminal_Okapia_johnstoni	terminal	Okapia johnstoni	DISRUPTED_LIKELY	Okapia johnstoni	Okapia_johnstoni	baseline_mask50	1	COMPARISONS				0.09207	0.137371	0.6702287964708709	11	3	888	ok		0.34733	0.67023	0.32289879647087083	18.137989999999263	2.054611499110745e-05	6.912538000000495	0.008559341156872097	27.680281999997533	1.4311406889246274e-07	7.155703444623137e-08	2.4286023812054286e-07	1.2143011906027143e-07	POSITIVE_SELECTION
terminal_Okapia_johnstoni	terminal	Okapia johnstoni	DISRUPTED_LIKELY	Okapia johnstoni	Okapia_johnstoni	baseline_trim2_occ70	2	COMPARISONS				0.079231	0.138794	0.5708532069109615	4	3	401	ok		0.30802	0.57085	0.2628332069109615	6.478929999999309	0.010916067773693873	5.500559999998586	0.01901038482520477	28.382637999999133	9.955414566576986e-08	4.977707283288493e-08	2.654777217753863e-07	1.3273886088769315e-07	POSITIVE_SELECTION
terminal_Okapia_johnstoni	terminal	Okapia johnstoni	DISRUPTED_LIKELY	Okapia johnstoni	Okapia_johnstoni	baseline_mask50	2	COMPARISONS				0.094408	0.14315	0.6595040167656305	11	3	888	ok		0.33936	0.6595	0.32014401676563053	18.36285200000202	1.8258320737008574e-05	7.397521999999299	0.006531378776238539	27.845535999997082	1.3139688120097523e-07	6.569844060048761e-08	2.1641839256631214e-07	1.0820919628315607e-07	POSITIVE_SELECTION
terminal_Okapia_johnstoni	terminal	Okapia johnstoni	DISRUPTED_LIKELY	Okapia johnstoni	Okapia_johnstoni	baseline_trim1_occ60	2	COMPARISONS				0.089631	0.145579	0.6156863283852754	4	3	560	ok		0.34083	0.61569	0.27485632838527535	9.07271000000037	0.002594522796373206	6.371830000000045	0.011594596753443568	24.271668000001227	8.366061699883502e-07	4.183030849941751e-07	1.3779395740984593e-06	6.889697870492296e-07	POSITIVE_SELECTION
terminal_Okapia_johnstoni	terminal	Okapia johnstoni	DISRUPTED_LIKELY	Okapia johnstoni	Okapia_johnstoni	baseline_strict_complete	2	COMPARISONS				0.067718	0.107992	0.6270649677753908	0	0	316	ok		0.43301	0.62706	0.19405496777539077	1.638144000000466	0.20058030901985546	2.6356660000001284	0.10448823728533461	0.002379999999902793	0.9610904420175204	0.4805452210087602	1.0	0.5382106475298114	AMBIGUOUS
terminal_Okapia_johnstoni	terminal	Okapia johnstoni	DISRUPTED_LIKELY	Okapia johnstoni	Okapia_johnstoni	refined_mask50	2	COMPARISONS				0.094408	0.14315	0.6595040167656305	11	3	888	ok		0.33936	0.6595	0.32014401676563053	18.36285200000202	1.8258320737008574e-05	7.397521999999299	0.006531378776238539	27.845535999997082	1.3139688120097523e-07	6.569844060048761e-08	2.1641839256631214e-07	1.0820919628315607e-07	POSITIVE_SELECTION
terminal_Okapia_johnstoni	terminal	Okapia johnstoni	DISRUPTED_LIKELY	Okapia johnstoni	Okapia_johnstoni	altcost_trim1_occ60	2	COMPARISONS				0.084297	0.125933	0.6693797495493636	3	1	560	ok		0.37441	0.66938	0.2949697495493636	8.136418000000049	0.004338490505161252	3.974553999998534	0.04619268474623547	10.12283000000025	0.001464439706076209	0.0007322198530381046	0.0019525862747682787	0.0009762931373841394	POSITIVE_SELECTION
terminal_Okapia_johnstoni	terminal	Okapia johnstoni	DISRUPTED_LIKELY	Okapia johnstoni	Okapia_johnstoni	altcost_mask50	2	COMPARISONS				0.102211	0.144467	0.707504135892626	9	3	890	ok		0.35277	0.7075	0.354734135892626	20.49921600000016	5.965568118200664e-06	5.18952999999965	0.022723360821964023	36.34028000000035	1.6570355152365138e-09	8.285177576182569e-10	2.5776108014790213e-09	1.2888054007395106e-09	POSITIVE_SELECTION
terminal_Okapia_johnstoni	terminal	Okapia johnstoni	DISRUPTED_LIKELY	Okapia johnstoni	Okapia_johnstoni	refined_trim1_occ60	2	COMPARISONS				0.089631	0.145579	0.6156863283852754	4	3	560	ok		0.34083	0.61569	0.27485632838527535	9.07271000000037	0.002594522796373206	6.371830000000045	0.011594596753443568	24.271668000001227	8.366061699883502e-07	4.183030849941751e-07	1.3779395740984593e-06	6.889697870492296e-07	POSITIVE_SELECTION
terminal_Oryx_dammah	terminal	Oryx dammah	DISRUPTED_HIGH	Oryx dammah	Oryx_dammah	baseline_mask50	1	COMPARISONS				0.105316	0.145473	0.723955648127144	11	4	882	ok		0.34964	0.72396	0.37431564812714396	23.798485999999684	1.0696656493298462e-06	4.887092000000848	0.02705822486898678	24.117834000000585	9.06171819571513e-07	4.530859097857565e-07	1.2082290927620173e-06	6.041145463810087e-07	POSITIVE_SELECTION
terminal_Oryx_dammah	terminal	Oryx dammah	DISRUPTED_HIGH	Oryx dammah	Oryx_dammah	baseline_mask50	2	COMPARISONS				0.108011	0.152601	0.7078000799470515	11	4	882	ok		0.3417	0.7078	0.3661000799470515	23.616376000001765	1.1758258809527832e-06	5.531244000001607	0.018679819655264367	24.438185999999405	7.673259910019327e-07	3.8366299550096635e-07	1.0480550121002007e-06	5.240275060501003e-07	POSITIVE_SELECTION
terminal_Oryx_dammah	terminal	Oryx dammah	DISRUPTED_HIGH	Oryx dammah	Oryx_dammah	baseline_trim1_occ60	2	COMPARISONS				0.099758	0.137813	0.7238649474287622	6	4	557	ok		0.34348	0.72386	0.38038494742876217	14.673780000000988	0.00012781193404468635	2.87336200000027	0.09005656469871384	29.464905999999246	5.6938426961216145e-08	2.8469213480608073e-08	1.5183580522990972e-07	7.591790261495486e-08	POSITIVE_SELECTION
terminal_Oryx_dammah	terminal	Oryx dammah	DISRUPTED_HIGH	Oryx dammah	Oryx_dammah	baseline_trim2_occ70	2	COMPARISONS				0.082591	0.141349	0.5843055133039498	4	3	399	ok		0.31044	0.5843	0.27386551330394976	7.068740000000616	0.007844039923784655	5.314255999999659	0.021151623811545478	23.53796599999987	1.2247303292053093e-06	6.123651646026546e-07	1.959568526728495e-06	9.797842633642476e-07	POSITIVE_SELECTION
terminal_Oryx_dammah	terminal	Oryx dammah	DISRUPTED_HIGH	Oryx dammah	Oryx_dammah	baseline_strict_complete	2	COMPARISONS				0.093484	0.122848	0.7609729096118781	1	1	316	ok		0.4376	0.76097	0.32337290961187815	4.304904000000533	0.038002640082166056	1.0824499999998807	0.29815012014812203	1.9939140000005864	0.15793223723026392	0.07896611861513196	0.46548448867867265	0.23274224433933632	RELAXED_TOWARD_NEUTRALITY
terminal_Oryx_dammah	terminal	Oryx dammah	DISRUPTED_HIGH	Oryx dammah	Oryx_dammah	refined_trim1_occ60	2	COMPARISONS				0.099758	0.137813	0.7238649474287622	6	4	557	ok		0.34348	0.72386	0.38038494742876217	14.673780000000988	0.00012781193404468635	2.87336200000027	0.09005656469871384	29.464905999999246	5.6938426961216145e-08	2.8469213480608073e-08	1.5183580522990972e-07	7.591790261495486e-08	POSITIVE_SELECTION
terminal_Oryx_dammah	terminal	Oryx dammah	DISRUPTED_HIGH	Oryx dammah	Oryx_dammah	refined_mask50	2	COMPARISONS				0.108011	0.152601	0.7078000799470515	11	4	882	ok		0.3417	0.7078	0.3661000799470515	23.616376000001765	1.1758258809527832e-06	5.531244000001607	0.018679819655264367	24.438185999999405	7.673259910019327e-07	3.8366299550096635e-07	1.0480550121002007e-06	5.240275060501003e-07	POSITIVE_SELECTION
terminal_Oryx_dammah	terminal	Oryx dammah	DISRUPTED_HIGH	Oryx dammah	Oryx_dammah	altcost_trim1_occ60	2	COMPARISONS				0.101544	0.1173	0.8656777493606138	6	3	557	ok		0.37543	0.86568	0.4902477493606138	17.380800000000818	3.059005204451783e-05	0.5267020000010234	0.46799671691164774	28.433273999999074	9.698403007463003e-08	4.8492015037315014e-08	5.4311056841792816e-06	2.7155528420896408e-06	POSITIVE_SELECTION
terminal_Oryx_dammah	terminal	Oryx dammah	DISRUPTED_HIGH	Oryx dammah	Oryx_dammah	altcost_mask50	2	COMPARISONS				0.124046	0.158701	0.7816333860530179	13	7	885	ok		0.35428	0.78163	0.4273533860530179	29.07151999999769	6.975492226550904e-08	2.924933999998757	0.0872207915593258	50.411990000000515	1.2463044706525697e-12	6.231522353262849e-13	7.754783372949322e-12	3.877391686474661e-12	POSITIVE_SELECTION
terminal_Ovibos_moschatus	terminal	Ovibos moschatus	DISRUPTED_LIKELY	Ovibos moschatus	Ovibos_moschatus	baseline_mask50	1	COMPARISONS				0.11853	0.142686	0.830705184811404	17	4	883	ok		0.34994	0.8307	0.480765184811404	34.518239999997604	4.222756613740622e-09	1.653306000000157	0.19850956346597415	35.017078000000765	3.268262462803514e-09	1.634131231401757e-09	3.06987823509059e-08	1.534939117545295e-08	POSITIVE_SELECTION
terminal_Ovibos_moschatus	terminal	Ovibos moschatus	DISRUPTED_LIKELY	Ovibos moschatus	Ovibos_moschatus	baseline_trim2_occ70	2	COMPARISONS				0.100573	0.149432	0.6730352267251993	7	3	399	ok		0.30935	0.67304	0.3636852267251993	11.552184000000125	0.0006766972082141483	3.131833999999799	0.07677732251114815	27.632853999999497	1.4666636574053766e-07	7.333318287026883e-08	3.422215200612545e-07	1.7111076003062726e-07	POSITIVE_SELECTION
terminal_Ovibos_moschatus	terminal	Ovibos moschatus	DISRUPTED_LIKELY	Ovibos moschatus	Ovibos_moschatus	baseline_trim1_occ60	2	COMPARISONS				0.113951	0.135398	0.8416003190593657	9	4	557	ok		0.34242	0.8416	0.4991803190593657	22.005865999999514	2.718184416932827e-06	0.8391239999982645	0.3596474274760959	36.87771000000066	1.2577570455820287e-09	6.288785227910143e-10	2.099257740921125e-08	1.0496288704605625e-08	POSITIVE_SELECTION
terminal_Ovibos_moschatus	terminal	Ovibos moschatus	DISRUPTED_LIKELY	Ovibos moschatus	Ovibos_moschatus	baseline_mask50	2	COMPARISONS				0.12174	0.148821	0.8180297135484911	19	7	883	ok		0.34197	0.81803	0.4760597135484911	34.7691679999989	3.7120585009824007e-09	1.9134420000009413	0.1665814164893596	36.36579200000051	1.6354865771040022e-09	8.177432885520011e-10	1.3592033210320469e-08	6.796016605160234e-09	POSITIVE_SELECTION
terminal_Ovibos_moschatus	terminal	Ovibos moschatus	DISRUPTED_LIKELY	Ovibos moschatus	Ovibos_moschatus	baseline_strict_complete	2	COMPARISONS				0.110026	0.134273	0.8194201365874003	5	3	316	ok		0.43777	0.81942	0.3816501365874003	6.148248000001331	0.013154234953908425	0.6473299999997835	0.42106889474659404	8.231566000000385	0.004116799207004458	0.002058399603502229	0.07684691853074987	0.03842345926537494	RELAXED_TOWARD_NEUTRALITY
terminal_Ovibos_moschatus	terminal	Ovibos moschatus	DISRUPTED_LIKELY	Ovibos moschatus	Ovibos_moschatus	refined_trim1_occ60	2	COMPARISONS				0.113951	0.135398	0.8416003190593657	9	4	557	ok		0.34242	0.8416	0.4991803190593657	22.005865999999514	2.718184416932827e-06	0.8391239999982645	0.3596474274760959	36.87771000000066	1.2577570455820287e-09	6.288785227910143e-10	2.099257740921125e-08	1.0496288704605625e-08	POSITIVE_SELECTION
terminal_Ovibos_moschatus	terminal	Ovibos moschatus	DISRUPTED_LIKELY	Ovibos moschatus	Ovibos_moschatus	refined_mask50	2	COMPARISONS				0.12174	0.148821	0.8180297135484911	19	7	883	ok		0.34197	0.81803	0.4760597135484911	34.7691679999989	3.7120585009824007e-09	1.9134420000009413	0.1665814164893596	36.36579200000051	1.6354865771040022e-09	8.177432885520011e-10	1.3592033210320469e-08	6.796016605160234e-09	POSITIVE_SELECTION
terminal_Ovibos_moschatus	terminal	Ovibos moschatus	DISRUPTED_LIKELY	Ovibos moschatus	Ovibos_moschatus	altcost_trim1_occ60	2	COMPARISONS				0.106458	0.116043	0.9174013081357772	7	3	557	ok		0.3762	0.91739	0.5412013081357773	20.01417399999991	7.687025412799373e-06	0.19039999999949941	0.6625839093477328	24.28054599999996	8.327589553493717e-07	4.1637947767468587e-07	7.772416916594136e-06	3.886208458297068e-06	POSITIVE_SELECTION
terminal_Ovibos_moschatus	terminal	Ovibos moschatus	DISRUPTED_LIKELY	Ovibos moschatus	Ovibos_moschatus	altcost_mask50	2	COMPARISONS				0.130277	0.147751	0.8817334569647584	18	8	885	ok		0.35539	0.88173	0.5263434569647584	37.99203200000193	7.103413902466636e-10	0.7521720000004279	0.38578943281772465	52.1085920000005	5.251464509998664e-13	2.625732254999332e-13	3.890548740401115e-12	1.9452743702005575e-12	POSITIVE_SELECTION
terminal_Ovis_ammon	terminal	Ovis ammon	DISRUPTED_HIGH	Ovis ammon	Ovis_ammon	baseline_mask50	1	COMPARISONS				0.106821	0.137575	0.776456478284572	12	3	883	ok		0.34877	0.77646	0.42768647828457196	28.205932000000757	1.0906978209611984e-07	2.906642000001739	0.08821537460801654	31.609827999996924	1.8847332190610683e-08	9.423666095305341e-09	7.634255891960679e-08	3.8171279459803396e-08	POSITIVE_SELECTION
terminal_Ovis_ammon	terminal	Ovis ammon	DISRUPTED_HIGH	Ovis ammon	Ovis_ammon	baseline_trim1_occ60	2	COMPARISONS				0.10719	0.12592	0.8512547649301143	9	5	557	ok		0.34249	0.85126	0.5087647649301144	21.71003799999926	3.1712751417618383e-06	0.6996679999992921	0.40289527354177757	32.01679000000149	1.5284580940826357e-08	7.642290470413179e-09	6.584127174509816e-08	3.292063587254908e-08	POSITIVE_SELECTION
terminal_Ovis_ammon	terminal	Ovis ammon	DISRUPTED_HIGH	Ovis ammon	Ovis_ammon	baseline_trim2_occ70	2	COMPARISONS				0.096558	0.133552	0.7229992811788667	6	3	399	ok		0.30878	0.723	0.4142192811788667	13.127685999999812	0.00029096391687599184	1.9648139999990235	0.16099940424469372	29.174533999999767	6.614286545928318e-08	3.307143272964159e-08	1.9494739293262412e-07	9.747369646631206e-08	POSITIVE_SELECTION
terminal_Ovis_ammon	terminal	Ovis ammon	DISRUPTED_HIGH	Ovis ammon	Ovis_ammon	baseline_mask50	2	COMPARISONS				0.109705	0.14355	0.7642284918146987	13	5	883	ok		0.34077	0.76423	0.42345849181469863	28.470699999998033	9.512723700202156e-08	3.246341999998549	0.07158304677235103	31.61443599999984	1.8802662957017817e-08	9.401331478508909e-09	7.44922152430579e-08	3.724610762152895e-08	POSITIVE_SELECTION
terminal_Ovis_ammon	terminal	Ovis ammon	DISRUPTED_HIGH	Ovis ammon	Ovis_ammon	baseline_strict_complete	2	COMPARISONS				0.094644	0.115834	0.8170658010601378	2	0	316	ok		0.435	0.81707	0.3820658010601378	5.60371799999848	0.01792240381331228	0.5910659999990457	0.44200719894479074	3.2695739999999205	0.07057594823772148	0.03528797411886074	0.2823037929508859	0.14115189647544296	RELAXED_TOWARD_NEUTRALITY
terminal_Ovis_ammon	terminal	Ovis ammon	DISRUPTED_HIGH	Ovis ammon	Ovis_ammon	refined_trim1_occ60	2	COMPARISONS				0.10719	0.12592	0.8512547649301143	9	5	557	ok		0.34249	0.85126	0.5087647649301144	21.71003799999926	3.1712751417618383e-06	0.6996679999992921	0.40289527354177757	32.01679000000149	1.5284580940826357e-08	7.642290470413179e-09	6.584127174509816e-08	3.292063587254908e-08	POSITIVE_SELECTION
terminal_Ovis_ammon	terminal	Ovis ammon	DISRUPTED_HIGH	Ovis ammon	Ovis_ammon	refined_mask50	2	COMPARISONS				0.109705	0.14355	0.7642284918146987	13	5	883	ok		0.34077	0.76423	0.42345849181469863	28.470699999998033	9.512723700202156e-08	3.246341999998549	0.07158304677235103	31.61443599999984	1.8802662957017817e-08	9.401331478508909e-09	7.44922152430579e-08	3.724610762152895e-08	POSITIVE_SELECTION
terminal_Ovis_ammon	terminal	Ovis ammon	DISRUPTED_HIGH	Ovis ammon	Ovis_ammon	altcost_trim1_occ60	2	COMPARISONS				0.095383	0.110995	0.8593450155412405	5	1	557	ok		0.37704	0.85935	0.48230501554124056	16.241793999999572	5.5750539729065694e-05	0.5578740000000835	0.4551181107457224	19.432358000000022	1.0422613574319124e-05	5.211306787159562e-06	3.891109067745806e-05	1.945554533872903e-05	POSITIVE_SELECTION
terminal_Ovis_ammon	terminal	Ovis ammon	DISRUPTED_HIGH	Ovis ammon	Ovis_ammon	altcost_mask50	2	COMPARISONS				0.11471	0.144959	0.7913272028642582	13	6	884	ok		0.35476	0.79133	0.43656720286425815	28.14870399999927	1.1234287151398814e-07	2.4612039999992703	0.11668930684748019	45.756123999999545	1.3392999543116426e-11	6.696499771558213e-12	4.411811614203058e-11	2.205905807101529e-11	POSITIVE_SELECTION
terminal_Ovis_aries	terminal	Ovis aries	DISRUPTED_LIKELY	Ovis aries	Ovis_aries	baseline_trim2_occ70	2	COMPARISONS				0.096483	0.142003	0.6794433920410132	6	3	399	ok		0.30892	0.67944	0.37052339204101326	11.532126000000062	0.0006840374320768135	2.8801800000001094	0.08967599696510871	28.924119999999675	7.526977198469195e-08	3.7634885992345975e-08	2.1075536155713745e-07	1.0537768077856873e-07	POSITIVE_SELECTION
terminal_Ovis_aries	terminal	Ovis aries	DISRUPTED_LIKELY	Ovis aries	Ovis_aries	baseline_trim1_occ60	2	COMPARISONS				0.106071	0.131845	0.8045128749668171	7	3	557	ok		0.34242	0.80452	0.4620928749668171	19.379061999999976	1.0717569960800998e-05	1.3016960000004474	0.25390366196378533	32.304133999999976	1.3183255920983663e-08	6.591627960491832e-09	6.152186096459042e-08	3.076093048229521e-08	POSITIVE_SELECTION
terminal_Ovis_aries	terminal	Ovis aries	DISRUPTED_LIKELY	Ovis aries	Ovis_aries	baseline_mask50	1	COMPARISONS				0.107416	0.141151	0.7610006305304249	12	3	882	ok		0.34894	0.761	0.4120606305304249	27.125828000000183	1.906339217078824e-07	3.4415140000019164	0.06357740753966715	30.885608000000502	2.7369394183264636e-08	1.3684697091632318e-08	8.639966303819094e-08	4.319983151909547e-08	POSITIVE_SELECTION
terminal_Ovis_aries	terminal	Ovis aries	DISRUPTED_LIKELY	Ovis aries	Ovis_aries	baseline_mask50	2	COMPARISONS				0.110303	0.147371	0.7484715446051122	13	5	882	ok		0.34095	0.74847	0.40752154460511225	27.340703999998368	1.70582527438391e-07	3.8295560000005935	0.050356270446557966	30.904998000001797	2.709730350891277e-08	1.3548651754456384e-08	8.69455195268246e-08	4.34727597634123e-08	POSITIVE_SELECTION
terminal_Ovis_aries	terminal	Ovis aries	DISRUPTED_LIKELY	Ovis aries	Ovis_aries	baseline_strict_complete	2	COMPARISONS				0.092836	0.121	0.7672396694214877	2	0	316	ok		0.43469	0.76723	0.33254966942148767	4.599532000000181	0.031980685118587204	1.0310860000008688	0.3099037339439968	3.2816079999993235	0.07006025560319645	0.035030127801598226	0.2823037929508859	0.14115189647544296	RELAXED_TOWARD_NEUTRALITY
terminal_Ovis_aries	terminal	Ovis aries	DISRUPTED_LIKELY	Ovis aries	Ovis_aries	refined_trim1_occ60	2	COMPARISONS				0.106071	0.131845	0.8045128749668171	7	3	557	ok		0.34242	0.80452	0.4620928749668171	19.379061999999976	1.0717569960800998e-05	1.30170999999973	0.25390110855168935	32.304133999999976	1.3183255920983663e-08	6.591627960491832e-09	6.152186096459042e-08	3.076093048229521e-08	POSITIVE_SELECTION
terminal_Ovis_aries	terminal	Ovis aries	DISRUPTED_LIKELY	Ovis aries	Ovis_aries	refined_mask50	2	COMPARISONS				0.110303	0.147371	0.7484715446051122	13	5	882	ok		0.34095	0.74847	0.40752154460511225	27.340703999998368	1.70582527438391e-07	3.8295560000005935	0.050356270446557966	30.904998000001797	2.709730350891277e-08	1.3548651754456384e-08	8.69455195268246e-08	4.34727597634123e-08	POSITIVE_SELECTION
terminal_Ovis_aries	terminal	Ovis aries	DISRUPTED_LIKELY	Ovis aries	Ovis_aries	altcost_trim1_occ60	2	COMPARISONS				0.094169	0.12017	0.7836315220104851	4	1	557	ok		0.37668	0.78364	0.4069515220104851	13.197308000000703	0.0002803515281327144	1.4963619999998627	0.2212319772471813	18.52538199999981	1.6765667055821756e-05	8.382833527910878e-06	4.941459763821149e-05	2.4707298819105743e-05	POSITIVE_SELECTION
terminal_Ovis_aries	terminal	Ovis aries	DISRUPTED_LIKELY	Ovis aries	Ovis_aries	altcost_mask50	2	COMPARISONS				0.115185	0.151261	0.7614983373110055	12	5	884	ok		0.35472	0.7615	0.4067783373110055	25.994806000002427	3.42337135324694e-07	3.4149580000012065	0.06460805763422409	44.07189599999765	3.165331578210125e-11	1.5826657891050625e-11	8.862928418988349e-11	4.4314642094941746e-11	POSITIVE_SELECTION
terminal_Ovis_canadensis	terminal	Ovis canadensis	DISRUPTED_HIGH	Ovis canadensis	Ovis_canadensis	baseline_trim1_occ60	2	COMPARISONS				0.104877	0.134989	0.7769299720717985	6	3	556	ok		0.344	0.77694	0.4329299720717985	17.736708000000363	2.5368378784904035e-05	1.7729879999988043	0.18301272240206728	31.22802799999954	2.2942955364216598e-08	1.1471477682108299e-08	7.137808335534053e-08	3.5689041677670264e-08	POSITIVE_SELECTION
terminal_Ovis_canadensis	terminal	Ovis canadensis	DISRUPTED_HIGH	Ovis canadensis	Ovis_canadensis	baseline_mask50	2	COMPARISONS				0.106635	0.145964	0.7305568496341562	11	3	879	ok		0.34227	0.73055	0.3882868496341562	24.993008000001282	5.753859564333447e-07	4.41687599999932	0.035585129508045515	29.354871999999887	6.026481344449715e-08	3.0132406722248575e-08	1.1239664141841758e-07	5.619832070920879e-08	POSITIVE_SELECTION
terminal_Ovis_canadensis	terminal	Ovis canadensis	DISRUPTED_HIGH	Ovis canadensis	Ovis_canadensis	baseline_mask50	1	COMPARISONS				0.103838	0.139742	0.7430693706974281	10	3	879	ok		0.3503	0.74307	0.39276937069742807	24.79724200000055	6.368853166315704e-07	3.9943480000001728	0.04565311220252348	28.607435999998415	8.864113184087189e-08	4.432056592043594e-08	1.6546344610296086e-07	8.273172305148043e-08	POSITIVE_SELECTION
terminal_Ovis_canadensis	terminal	Ovis canadensis	DISRUPTED_HIGH	Ovis canadensis	Ovis_canadensis	baseline_trim2_occ70	2	COMPARISONS				0.095978	0.147029	0.6527827843486659	6	3	399	ok		0.31038	0.65278	0.3424027843486659	10.364465999999084	0.001284640527654659	3.568465999998807	0.05888668619879588	29.685973999999987	5.08010624700684e-08	2.54005312350342e-08	1.5804774990687945e-07	7.902387495343973e-08	POSITIVE_SELECTION
terminal_Ovis_canadensis	terminal	Ovis canadensis	DISRUPTED_HIGH	Ovis canadensis	Ovis_canadensis	baseline_strict_complete	2	COMPARISONS				0.092786	0.110012	0.8434170817728974	2	0	316	ok		0.43524	0.84342	0.4081770817728974	6.002908000000389	0.01428231833683135	0.40619800000058603	0.5239055858292918	4.05782999999974	0.043966964851335576	0.021983482425667788	0.2375893328799853	0.11879466643999265	RELAXED_TOWARD_NEUTRALITY
terminal_Ovis_canadensis	terminal	Ovis canadensis	DISRUPTED_HIGH	Ovis canadensis	Ovis_canadensis	refined_trim1_occ60	2	COMPARISONS				0.104877	0.134989	0.7769299720717985	6	3	556	ok		0.344	0.77694	0.4329299720717985	17.736708000000363	2.5368378784904035e-05	1.7729879999988043	0.18301272240206728	31.22802799999954	2.2942955364216598e-08	1.1471477682108299e-08	7.137808335534053e-08	3.5689041677670264e-08	POSITIVE_SELECTION
terminal_Ovis_canadensis	terminal	Ovis canadensis	DISRUPTED_HIGH	Ovis canadensis	Ovis_canadensis	refined_mask50	2	COMPARISONS				0.106635	0.145964	0.7305568496341562	11	3	879	ok		0.34227	0.73055	0.3882868496341562	24.993008000001282	5.753859564333447e-07	4.41687599999932	0.035585129508045515	29.354871999999887	6.026481344449715e-08	3.0132406722248575e-08	1.1239664141841758e-07	5.619832070920879e-08	POSITIVE_SELECTION
terminal_Ovis_canadensis	terminal	Ovis canadensis	DISRUPTED_HIGH	Ovis canadensis	Ovis_canadensis	altcost_trim1_occ60	2	COMPARISONS				0.095186	0.120644	0.7889824607937403	5	1	556	ok		0.37731	0.78898	0.41167246079374037	13.403207999999722	0.00025119432166317645	1.4178899999988062	0.23375101112573599	22.146708000000217	2.525887271550061e-06	1.2629436357750305e-06	1.2183788672341098e-05	6.091894336170549e-06	POSITIVE_SELECTION
terminal_Ovis_canadensis	terminal	Ovis canadensis	DISRUPTED_HIGH	Ovis canadensis	Ovis_canadensis	altcost_mask50	2	COMPARISONS				0.112549	0.152959	0.7358115573454324	10	3	879	ok		0.35526	0.73581	0.38055155734543233	23.19601799999873	1.4629995207262126e-06	4.2441559999970195	0.039385641789923966	45.86240199999884	1.2685746025512213e-11	6.342873012756107e-12	4.411811614203058e-11	2.205905807101529e-11	POSITIVE_SELECTION
terminal_Ovis_nivicola	terminal	Ovis nivicola	DISRUPTED_LIKELY	Ovis nivicola	Ovis_nivicola	baseline_mask50	1	COMPARISONS				0.10254	0.139809	0.7334291783790744	12	3	879	ok		0.35011	0.73342	0.3833191783790744	23.87573799999882	1.0275872431527161e-06	4.333951999997225	0.03735940828072879	33.15679199999795	8.501888280388044e-09	4.250944140194022e-09	4.7610574370173044e-08	2.3805287185086522e-08	POSITIVE_SELECTION
terminal_Ovis_nivicola	terminal	Ovis nivicola	DISRUPTED_LIKELY	Ovis nivicola	Ovis_nivicola	baseline_trim1_occ60	2	COMPARISONS				0.105983	0.134836	0.786014120857931	7	3	556	ok		0.34382	0.78601	0.442194120857931	18.33250600000065	1.8551462528146543e-05	1.6193340000008902	0.20318467677533825	34.78601999999955	3.6800655332859885e-09	1.8400327666429942e-09	2.9440524266287908e-08	1.4720262133143954e-08	POSITIVE_SELECTION
terminal_Ovis_nivicola	terminal	Ovis nivicola	DISRUPTED_LIKELY	Ovis nivicola	Ovis_nivicola	baseline_mask50	2	COMPARISONS				0.105299	0.145968	0.7213841389893676	12	3	879	ok		0.34207	0.72139	0.3793141389893676	24.103343999999197	9.130160984301791e-07	4.758235999997851	0.029158416764979402	33.57534800000212	6.855611228585766e-09	3.427805614292883e-09	3.839142288008029e-08	1.9195711440040143e-08	POSITIVE_SELECTION
terminal_Ovis_nivicola	terminal	Ovis nivicola	DISRUPTED_LIKELY	Ovis nivicola	Ovis_nivicola	baseline_trim2_occ70	2	COMPARISONS				0.097483	0.146765	0.6642114945661431	7	3	399	ok		0.31015	0.66421	0.35406149456614316	10.932589999998527	0.0009448731336944873	3.301314000000275	0.06922448744050755	33.030627999998615	9.071844533412371e-09	4.5359222667061856e-09	1.0578927658069861e-07	5.2894638290349304e-08	POSITIVE_SELECTION
terminal_Ovis_nivicola	terminal	Ovis nivicola	DISRUPTED_LIKELY	Ovis nivicola	Ovis_nivicola	baseline_strict_complete	2	COMPARISONS				0.092786	0.110012	0.8434170817728974	2	0	316	ok		0.43524	0.84342	0.4081770817728974	6.002908000000389	0.01428231833683135	0.40619800000058603	0.5239055858292918	4.05782999999974	0.043966964851335576	0.021983482425667788	0.2375893328799853	0.11879466643999265	RELAXED_TOWARD_NEUTRALITY
terminal_Ovis_nivicola	terminal	Ovis nivicola	DISRUPTED_LIKELY	Ovis nivicola	Ovis_nivicola	refined_trim1_occ60	2	COMPARISONS				0.105983	0.134836	0.786014120857931	7	3	556	ok		0.34382	0.78601	0.442194120857931	18.33250600000065	1.8551462528146543e-05	1.6193340000008902	0.20318467677533825	34.78601999999955	3.6800655332859885e-09	1.8400327666429942e-09	2.9440524266287908e-08	1.4720262133143954e-08	POSITIVE_SELECTION
terminal_Ovis_nivicola	terminal	Ovis nivicola	DISRUPTED_LIKELY	Ovis nivicola	Ovis_nivicola	refined_mask50	2	COMPARISONS				0.105299	0.145968	0.7213841389893676	12	3	879	ok		0.34207	0.72139	0.3793141389893676	24.103343999999197	9.130160984301791e-07	4.758235999997851	0.029158416764979402	33.57534800000212	6.855611228585766e-09	3.427805614292883e-09	3.839142288008029e-08	1.9195711440040143e-08	POSITIVE_SELECTION
terminal_Ovis_nivicola	terminal	Ovis nivicola	DISRUPTED_LIKELY	Ovis nivicola	Ovis_nivicola	altcost_trim1_occ60	2	COMPARISONS				0.096271	0.120527	0.7987504874426476	6	1	556	ok		0.37713	0.79875	0.42162048744264763	13.927654000000985	0.0001899826826251266	1.2796520000010787	0.25796375002503624	25.840201999999408	3.708825707455985e-07	1.8544128537279924e-07	6.081608064591591e-06	3.0408040322957953e-06	POSITIVE_SELECTION
terminal_Ovis_nivicola	terminal	Ovis nivicola	DISRUPTED_LIKELY	Ovis nivicola	Ovis_nivicola	altcost_mask50	2	COMPARISONS				0.111178	0.15303	0.726511141606221	11	3	879	ok		0.35505	0.72652	0.371461141606221	22.33869599999889	2.2855441231870406e-06	4.583402000000206	0.03228306031662139	52.05088999999862	5.40807112919443e-13	2.704035564597215e-13	3.890548740401115e-12	1.9452743702005575e-12	POSITIVE_SELECTION
terminal_Ovis_orientalis	terminal	Ovis orientalis	DISRUPTED_LIKELY	Ovis orientalis	Ovis_orientalis	baseline_trim1_occ60	2	COMPARISONS				0.10505	0.137908	0.7617397105316588	6	3	556	ok		0.34352	0.76174	0.4182197105316588	17.103290000000925	3.5400927011463035e-05	2.0839080000005197	0.14885863754737363	31.382141999998566	2.119211514456738e-08	1.059605757228369e-08	7.137808335534053e-08	3.5689041677670264e-08	POSITIVE_SELECTION
terminal_Ovis_orientalis	terminal	Ovis orientalis	DISRUPTED_LIKELY	Ovis orientalis	Ovis_orientalis	baseline_trim2_occ70	2	COMPARISONS				0.094863	0.151412	0.6265223364066257	6	3	399	ok		0.30935	0.62653	0.3171723364066257	9.414772000000085	0.002152443247395122	4.3321259999993345	0.03739950483937786	29.843087999999625	4.684640210202409e-08	2.3423201051012045e-08	1.543175598654911e-07	7.715877993274555e-08	POSITIVE_SELECTION
terminal_Ovis_orientalis	terminal	Ovis orientalis	DISRUPTED_LIKELY	Ovis orientalis	Ovis_orientalis	baseline_mask50	2	COMPARISONS				0.106289	0.152296	0.697910647686085	11	3	879	ok		0.34158	0.69791	0.356330647686085	22.532756000000518	2.0659065769339103e-06	5.917858000000706	0.014988169351561857	29.17187399999966	6.62337351215675e-08	3.311686756078375e-08	1.1239664141841758e-07	5.619832070920879e-08	POSITIVE_SELECTION
terminal_Ovis_orientalis	terminal	Ovis orientalis	DISRUPTED_LIKELY	Ovis orientalis	Ovis_orientalis	baseline_mask50	1	COMPARISONS				0.103457	0.145813	0.7095183557021665	10	3	879	ok		0.34956	0.70952	0.3599583557021665	22.311344000001554	2.3183302742903127e-06	5.444632000002457	0.019628549633821935	28.72486199999912	8.342580597407932e-08	4.171290298703966e-08	1.6109810808787729e-07	8.054905404393864e-08	POSITIVE_SELECTION
terminal_Ovis_orientalis	terminal	Ovis orientalis	DISRUPTED_LIKELY	Ovis orientalis	Ovis_orientalis	baseline_strict_complete	2	COMPARISONS				0.094563	0.1208	0.7828062913907284	2	0	316	ok		0.43523	0.78281	0.34757629139072843	4.9472399999995105	0.026132355224430477	0.887455999998565	0.34616764007830136	3.4604340000005323	0.06285381540520202	0.03142690770260101	0.2823037929508859	0.14115189647544296	RELAXED_TOWARD_NEUTRALITY
terminal_Ovis_orientalis	terminal	Ovis orientalis	DISRUPTED_LIKELY	Ovis orientalis	Ovis_orientalis	refined_trim1_occ60	2	COMPARISONS				0.10505	0.137908	0.7617397105316588	6	3	556	ok		0.34352	0.76174	0.4182197105316588	17.103290000000925	3.5400927011463035e-05	2.0839080000005197	0.14885863754737363	31.382141999998566	2.119211514456738e-08	1.059605757228369e-08	7.137808335534053e-08	3.5689041677670264e-08	POSITIVE_SELECTION
terminal_Ovis_orientalis	terminal	Ovis orientalis	DISRUPTED_LIKELY	Ovis orientalis	Ovis_orientalis	altcost_trim1_occ60	2	COMPARISONS				0.096221	0.123341	0.780121776213911	5	1	556	ok		0.37743	0.78012	0.402691776213911	13.13801599999897	0.00028936410438626907	1.5789399999994203	0.2089134440181178	22.08322599999883	2.6108118583588066e-06	1.3054059291794033e-06	1.2183788672341098e-05	6.091894336170549e-06	POSITIVE_SELECTION
terminal_Ovis_orientalis	terminal	Ovis orientalis	DISRUPTED_LIKELY	Ovis orientalis	Ovis_orientalis	refined_mask50	2	COMPARISONS				0.106289	0.152296	0.697910647686085	11	3	879	ok		0.34158	0.69791	0.356330647686085	22.532756000000518	2.0659065769339103e-06	5.917858000000706	0.014988169351561857	29.17187399999966	6.62337351215675e-08	3.311686756078375e-08	1.1239664141841758e-07	5.619832070920879e-08	POSITIVE_SELECTION
terminal_Ovis_orientalis	terminal	Ovis orientalis	DISRUPTED_LIKELY	Ovis orientalis	Ovis_orientalis	altcost_mask50	2	COMPARISONS				0.112352	0.155628	0.7219266455907677	10	3	879	ok		0.35518	0.72193	0.3667466455907677	22.227090000000317	2.4223185274359645e-06	4.8538079999998445	0.027585168255689727	44.665984000002936	2.3368207057155442e-11	1.1684103528577721e-11	7.270108862226138e-11	3.635054431113069e-11	POSITIVE_SELECTION
terminal_Ovis_vignei	terminal	Ovis vignei	DISRUPTED_HIGH	Ovis vignei	Ovis_vignei	baseline_trim1_occ60	2	COMPARISONS				0.104133	0.134755	0.7727579681644465	6	3	556	ok		0.34315	0.77276	0.4296079681644465	17.559096000000864	2.7851528176576956e-05	1.841098000000784	0.17482230945129812	31.689041999999972	1.809402553163098e-08	9.04701276581549e-09	6.755102865142232e-08	3.377551432571116e-08	POSITIVE_SELECTION
terminal_Ovis_vignei	terminal	Ovis vignei	DISRUPTED_HIGH	Ovis vignei	Ovis_vignei	baseline_mask50	1	COMPARISONS				0.105263	0.14134	0.7447502476298288	11	3	880	ok		0.34947	0.74475	0.3952802476298288	25.377948000001197	4.7127475447935913e-07	3.9814299999998184	0.04600449136038578	27.12140400000135	1.91070671902088e-07	9.5535335951044e-08	2.972210451810258e-07	1.486105225905129e-07	POSITIVE_SELECTION
terminal_Ovis_vignei	terminal	Ovis vignei	DISRUPTED_HIGH	Ovis vignei	Ovis_vignei	baseline_trim2_occ70	2	COMPARISONS				0.094963	0.14674	0.6471514242878561	6	3	399	ok		0.30926	0.64715	0.3378914242878561	10.186389999998937	0.0014148102868845088	3.692113999999492	0.054670283729102	30.079886000001352	4.146093230659872e-08	2.073046615329936e-08	1.4511326307309551e-07	7.255663153654776e-08	POSITIVE_SELECTION
terminal_Ovis_vignei	terminal	Ovis vignei	DISRUPTED_HIGH	Ovis vignei	Ovis_vignei	baseline_mask50	2	COMPARISONS				0.108181	0.147702	0.7324274552815805	12	3	880	ok		0.34147	0.73243	0.3909574552815805	25.59604400000171	4.209014295670216e-07	4.3985500000017055	0.03596950069089412	27.761188000000402	1.3725215861150658e-07	6.862607930575329e-08	2.1960345377841053e-07	1.0980172688920527e-07	POSITIVE_SELECTION
terminal_Ovis_vignei	terminal	Ovis vignei	DISRUPTED_HIGH	Ovis vignei	Ovis_vignei	baseline_strict_complete	2	COMPARISONS				0.096645	0.120657	0.80098958203834	2	0	316	ok		0.43452	0.80099	0.36646958203834	5.402271999999357	0.020110555604118802	0.7336159999995289	0.3917136073008552	2.8393319999995583	0.09198244590496271	0.045991222952481356	0.34340113137852746	0.17170056568926373	RELAXED_TOWARD_NEUTRALITY
terminal_Ovis_vignei	terminal	Ovis vignei	DISRUPTED_HIGH	Ovis vignei	Ovis_vignei	refined_trim1_occ60	2	COMPARISONS				0.104133	0.134755	0.7727579681644465	6	3	556	ok		0.34315	0.77276	0.4296079681644465	17.559096000000864	2.7851528176576956e-05	1.841098000000784	0.17482230945129812	31.689041999999972	1.809402553163098e-08	9.04701276581549e-09	6.755102865142232e-08	3.377551432571116e-08	POSITIVE_SELECTION
terminal_Ovis_vignei	terminal	Ovis vignei	DISRUPTED_HIGH	Ovis vignei	Ovis_vignei	refined_mask50	2	COMPARISONS				0.108181	0.147702	0.7324274552815805	12	3	880	ok		0.34147	0.73243	0.3909574552815805	25.59604400000171	4.209014295670216e-07	4.3985500000017055	0.03596950069089412	27.761188000000402	1.3725215861150658e-07	6.862607930575329e-08	2.1960345377841053e-07	1.0980172688920527e-07	POSITIVE_SELECTION
terminal_Ovis_vignei	terminal	Ovis vignei	DISRUPTED_HIGH	Ovis vignei	Ovis_vignei	altcost_trim1_occ60	2	COMPARISONS				0.093364	0.11991	0.7786172963055625	4	1	556	ok		0.37723	0.77862	0.4013872963055625	12.849828000000343	0.0003375102654192017	1.5681619999995746	0.21047413674133864	19.156245999998646	1.2044273271505729e-05	6.022136635752864e-06	4.215495645027005e-05	2.1077478225135024e-05	POSITIVE_SELECTION
terminal_Ovis_vignei	terminal	Ovis vignei	DISRUPTED_HIGH	Ovis vignei	Ovis_vignei	altcost_mask50	2	COMPARISONS				0.112523	0.1494	0.7531659973226238	11	4	881	ok		0.35521	0.75317	0.39795599732262377	24.788574000001972	6.397557933949083e-07	3.635044000002381	0.05657510905783896	38.28842599999916	6.102351085621631e-10	3.0511755428108155e-10	1.0679114399837855e-09	5.339557199918927e-10	POSITIVE_SELECTION
terminal_Pantholops_hodgsonii	terminal	Pantholops hodgsonii	DISRUPTED_LIKELY	Pantholops hodgsonii	Pantholops_hodgsonii	baseline_mask50	1	COMPARISONS				0.108644	0.135354	0.8026656027897218	16	4	886	ok		0.3479	0.80267	0.4547656027897218	30.79897400000118	2.8618913528329788e-08	2.1976859999995213	0.13821808739712216	31.26973999999973	2.2455254776104304e-08	1.1227627388052152e-08	8.383295116412273e-08	4.1916475582061367e-08	POSITIVE_SELECTION
terminal_Pantholops_hodgsonii	terminal	Pantholops hodgsonii	DISRUPTED_LIKELY	Pantholops hodgsonii	Pantholops_hodgsonii	baseline_trim2_occ70	2	COMPARISONS				0.094115	0.139896	0.672749756962315	6	3	399	ok		0.30957	0.67275	0.36317975696231497	10.948943999999756	0.0009365697660355126	2.9568299999991723	0.08551544595766661	24.612003999998706	7.011361635531182e-07	3.505680817765591e-07	1.2269882862179568e-06	6.134941431089784e-07	POSITIVE_SELECTION
terminal_Pantholops_hodgsonii	terminal	Pantholops hodgsonii	DISRUPTED_LIKELY	Pantholops hodgsonii	Pantholops_hodgsonii	baseline_trim1_occ60	2	COMPARISONS				0.107799	0.134588	0.8009555086634766	8	4	557	ok		0.34118	0.80095	0.45977550866347666	19.49373999999989	1.0092990805514835e-05	1.3691600000001927	0.24195625975047935	29.099669999999605	6.87486937349342e-08	3.43743468674671e-08	1.6629056833829658e-07	8.314528416914829e-08	POSITIVE_SELECTION
terminal_Pantholops_hodgsonii	terminal	Pantholops hodgsonii	DISRUPTED_LIKELY	Pantholops hodgsonii	Pantholops_hodgsonii	baseline_mask50	2	COMPARISONS				0.111459	0.141114	0.7898507589608402	17	6	886	ok		0.33991	0.78985	0.44994075896084024	31.029876000000513	2.540870971960996e-08	2.5007000000005064	0.11379570813187537	31.499100000000908	1.9953271940104796e-08	9.976635970052398e-09	7.44922152430579e-08	3.724610762152895e-08	POSITIVE_SELECTION
terminal_Pantholops_hodgsonii	terminal	Pantholops hodgsonii	DISRUPTED_LIKELY	Pantholops hodgsonii	Pantholops_hodgsonii	baseline_strict_complete	2	COMPARISONS				0.100786	0.11688	0.8623032169746749	3	2	316	ok		0.43239	0.86231	0.42991321697467494	6.744641999999658	0.009402964305254918	0.3196360000001732	0.5718264777564033	3.957269999998971	0.046669333244282823	0.023334666622141412	0.2375893328799853	0.11879466643999265	RELAXED_TOWARD_NEUTRALITY
terminal_Pantholops_hodgsonii	terminal	Pantholops hodgsonii	DISRUPTED_LIKELY	Pantholops hodgsonii	Pantholops_hodgsonii	refined_trim1_occ60	2	COMPARISONS				0.107799	0.134588	0.8009555086634766	8	4	557	ok		0.34118	0.80095	0.45977550866347666	19.49373999999989	1.0092990805514835e-05	1.3691600000001927	0.24195625975047935	29.099669999999605	6.87486937349342e-08	3.43743468674671e-08	1.6629056833829658e-07	8.314528416914829e-08	POSITIVE_SELECTION
terminal_Pantholops_hodgsonii	terminal	Pantholops hodgsonii	DISRUPTED_LIKELY	Pantholops hodgsonii	Pantholops_hodgsonii	altcost_trim1_occ60	2	COMPARISONS				0.098261	0.119336	0.8233978011664544	7	2	557	ok		0.37384	0.8234	0.44955780116645444	15.439743999999337	8.51779263362794e-05	0.9550779999990482	0.32843009549026164	25.569766000000527	4.2667272878467077e-07	2.1333636439233539e-07	6.081608064591591e-06	3.0408040322957953e-06	POSITIVE_SELECTION
terminal_Pantholops_hodgsonii	terminal	Pantholops hodgsonii	DISRUPTED_LIKELY	Pantholops hodgsonii	Pantholops_hodgsonii	refined_mask50	2	COMPARISONS				0.111459	0.141114	0.7898507589608402	17	6	886	ok		0.33991	0.78985	0.44994075896084024	31.029876000000513	2.540870971960996e-08	2.5007000000005064	0.11379570813187537	31.499100000000908	1.9953271940104796e-08	9.976635970052398e-09	7.44922152430579e-08	3.724610762152895e-08	POSITIVE_SELECTION
terminal_Pantholops_hodgsonii	terminal	Pantholops hodgsonii	DISRUPTED_LIKELY	Pantholops hodgsonii	Pantholops_hodgsonii	altcost_mask50	2	COMPARISONS				0.117357	0.144915	0.8098333505848256	17	7	888	ok		0.3531	0.80983	0.4567333505848256	30.40766799999983	3.501413392834119e-08	2.0145720000000438	0.1557951974206331	49.5528919999997	1.930950092766121e-12	9.654750463830605e-13	1.0813320519490278e-11	5.406660259745139e-12	POSITIVE_SELECTION
terminal_Pseudois_nayaur	terminal	Pseudois nayaur	DISRUPTED_LIKELY	Pseudois nayaur	Pseudois_nayaur	baseline_mask50	1	COMPARISONS				0.111749	0.148222	0.7539299159369055	16	5	877	ok		0.34911	0.75393	0.40481991593690553	27.28740999999718	1.7534943798673972e-07	3.834071999997832	0.05022078454355514	35.00467000000208	3.2891552518827743e-09	1.6445776259413872e-09	3.06987823509059e-08	1.534939117545295e-08	POSITIVE_SELECTION
terminal_Pseudois_nayaur	terminal	Pseudois nayaur	DISRUPTED_LIKELY	Pseudois nayaur	Pseudois_nayaur	baseline_trim1_occ60	2	COMPARISONS				0.106089	0.141801	0.7481541032855903	8	4	555	ok		0.34269	0.74815	0.4054641032855903	16.611179999999877	4.5879772928266535e-05	2.4005180000003747	0.12129508042099114	37.01368199999888	1.1730323491659014e-09	5.865161745829507e-10	2.099257740921125e-08	1.0496288704605625e-08	POSITIVE_SELECTION
terminal_Pseudois_nayaur	terminal	Pseudois nayaur	DISRUPTED_LIKELY	Pseudois nayaur	Pseudois_nayaur	baseline_trim2_occ70	2	COMPARISONS				0.089318	0.154968	0.5763641525992462	7	3	399	ok		0.30857	0.57637	0.2677941525992462	7.305044000000635	0.006876131308348232	5.974566000000777	0.01451365281983368	30.58079600000019	3.202479538711079e-08	1.6012397693555394e-08	1.1955923611188027e-07	5.977961805594013e-08	POSITIVE_SELECTION
terminal_Pseudois_nayaur	terminal	Pseudois nayaur	DISRUPTED_LIKELY	Pseudois nayaur	Pseudois_nayaur	baseline_mask50	2	COMPARISONS				0.114598	0.155193	0.7384224803953787	16	6	877	ok		0.34131	0.73842	0.3971124803953787	27.173626000003424	1.859784908004064e-07	4.369700000002922	0.03658343208512916	36.03131399999984	1.9417190300457814e-09	9.708595150228907e-10	1.3592033210320469e-08	6.796016605160234e-09	POSITIVE_SELECTION
terminal_Pseudois_nayaur	terminal	Pseudois nayaur	DISRUPTED_LIKELY	Pseudois nayaur	Pseudois_nayaur	baseline_strict_complete	2	COMPARISONS				0.11109	0.135843	0.817782292793887	5	3	316	ok		0.43487	0.81778	0.38291229279388705	6.192621999998664	0.012828398016498318	0.6573079999998299	0.41751193224289596	9.268764000000374	0.002330949499461016	0.001165474749730508	0.06526658598490845	0.032633292992454224	RELAXED_TOWARD_NEUTRALITY
terminal_Pseudois_nayaur	terminal	Pseudois nayaur	DISRUPTED_LIKELY	Pseudois nayaur	Pseudois_nayaur	refined_trim1_occ60	2	COMPARISONS				0.106089	0.141801	0.7481541032855903	8	4	555	ok		0.34269	0.74815	0.4054641032855903	16.611179999999877	4.5879772928266535e-05	2.4005180000003747	0.12129508042099114	37.01368199999888	1.1730323491659014e-09	5.865161745829507e-10	2.099257740921125e-08	1.0496288704605625e-08	POSITIVE_SELECTION
terminal_Pseudois_nayaur	terminal	Pseudois nayaur	DISRUPTED_LIKELY	Pseudois nayaur	Pseudois_nayaur	refined_mask50	2	COMPARISONS				0.114598	0.155193	0.7384224803953787	16	6	877	ok		0.34131	0.73842	0.3971124803953787	27.173626000003424	1.859784908004064e-07	4.369700000002922	0.03658343208512916	36.03131399999984	1.9417190300457814e-09	9.708595150228907e-10	1.3592033210320469e-08	6.796016605160234e-09	POSITIVE_SELECTION
terminal_Pseudois_nayaur	terminal	Pseudois nayaur	DISRUPTED_LIKELY	Pseudois nayaur	Pseudois_nayaur	altcost_mask50	2	COMPARISONS				0.123265	0.150687	0.8180201344508817	16	7	880	ok		0.35487	0.81802	0.4631501344508817	31.700794000000315	1.7984865487505007e-08	1.8941820000000007	0.1687309866542169	48.02242599999954	4.213719649172822e-12	2.106859824586411e-12	1.966402502947317e-11	9.832012514736585e-12	POSITIVE_SELECTION
terminal_Pseudois_nayaur	terminal	Pseudois nayaur	DISRUPTED_LIKELY	Pseudois nayaur	Pseudois_nayaur	altcost_trim1_occ60	2	COMPARISONS				0.099322	0.123976	0.8011389301155062	6	2	555	ok		0.37616	0.80114	0.4249789301155062	14.45996600000035	0.00014317029490261752	1.2747980000003736	0.25886850445290793	21.89060200000131	2.886440764679462e-06	1.443220382339731e-06	1.2433898678619222e-05	6.216949339309611e-06	POSITIVE_SELECTION
terminal_Rangifer_tarandus	terminal	Rangifer tarandus	DISRUPTED_HIGH	Rangifer tarandus	Rangifer_tarandus	baseline_trim1_occ60	2	COMPARISONS				0.10662	0.138785	0.7682386425045935	5	3	558	ok		0.342	0.76824	0.4262386425045935	17.775998000000982	2.4849841507877448e-05	1.9718600000014703	0.16025057179696725	19.966871999999057	7.879556909733702e-06	3.939778454866851e-06	1.0506075879644936e-05	5.253037939822468e-06	POSITIVE_SELECTION
terminal_Rangifer_tarandus	terminal	Rangifer tarandus	DISRUPTED_HIGH	Rangifer tarandus	Rangifer_tarandus	baseline_mask50	1	COMPARISONS				0.100411	0.150865	0.6655685546680807	9	3	878	ok		0.34946	0.66557	0.31610855466808074	18.154709999998886	2.0366507983554355e-05	7.5236299999996845	0.006089484744482525	29.648152000001573	5.180199160618284e-08	2.590099580309142e-08	1.318596149975563e-07	6.592980749877815e-08	POSITIVE_SELECTION
terminal_Rangifer_tarandus	terminal	Rangifer tarandus	DISRUPTED_HIGH	Rangifer tarandus	Rangifer_tarandus	baseline_trim2_occ70	2	COMPARISONS				0.100515	0.144816	0.6940876698707324	4	3	400	ok		0.30916	0.69409	0.38492766987073246	12.368465999999898	0.0004366462138382268	2.63016400000015	0.10485088279542275	20.887332000000242	4.8710536908169465e-06	2.4355268454084733e-06	6.994333504762795e-06	3.4971667523813976e-06	POSITIVE_SELECTION
terminal_Rangifer_tarandus	terminal	Rangifer tarandus	DISRUPTED_HIGH	Rangifer tarandus	Rangifer_tarandus	baseline_mask50	2	COMPARISONS				0.10321	0.157019	0.6573089880842445	9	3	878	ok		0.3412	0.65731	0.31610898808424454	18.61573799999678	1.598950943178668e-05	7.900185999998939	0.004942971432251281	30.067078000000038	4.173567533380116e-08	2.086783766690058e-08	1.1129513422346977e-07	5.564756711173488e-08	POSITIVE_SELECTION
terminal_Rangifer_tarandus	terminal	Rangifer tarandus	DISRUPTED_HIGH	Rangifer tarandus	Rangifer_tarandus	baseline_strict_complete	2	COMPARISONS				0.092826	0.117124	0.7925446535295926	1	0	316	ok		0.43784	0.79254	0.3547046535295926	4.973034000000553	0.02574544834517839	0.7935320000015054	0.3730342585302877	0.23513000000093598	0.6277458267664582	0.3138729133832291	0.8906805021233518	0.4453402510616759	RELAXED_TOWARD_NEUTRALITY
terminal_Rangifer_tarandus	terminal	Rangifer tarandus	DISRUPTED_HIGH	Rangifer tarandus	Rangifer_tarandus	refined_trim1_occ60	2	COMPARISONS				0.10662	0.138785	0.7682386425045935	5	3	558	ok		0.342	0.76824	0.4262386425045935	17.775998000000982	2.4849841507877448e-05	1.9718600000014703	0.16025057179696725	19.966871999999057	7.879556909733702e-06	3.939778454866851e-06	1.0506075879644936e-05	5.253037939822468e-06	POSITIVE_SELECTION
terminal_Rangifer_tarandus	terminal	Rangifer tarandus	DISRUPTED_HIGH	Rangifer tarandus	Rangifer_tarandus	refined_mask50	2	COMPARISONS				0.10321	0.157019	0.6573089880842445	9	3	878	ok		0.3412	0.65731	0.31610898808424454	18.61573799999678	1.598950943178668e-05	7.900185999998939	0.004942971432251281	30.067078000000038	4.173567533380116e-08	2.086783766690058e-08	1.1129513422346977e-07	5.564756711173488e-08	POSITIVE_SELECTION
terminal_Rangifer_tarandus	terminal	Rangifer tarandus	DISRUPTED_HIGH	Rangifer tarandus	Rangifer_tarandus	altcost_trim1_occ60	2	COMPARISONS				0.096394	0.119928	0.8037655926889467	4	1	560	ok		0.37646	0.80376	0.42730559268894663	14.551386000001003	0.00013638828631888314	1.2455800000007002	0.26439835547673096	10.424853999998959	0.0012433068586134215	0.0006216534293067107	0.0017852611303167077	0.0008926305651583539	POSITIVE_SELECTION
terminal_Rangifer_tarandus	terminal	Rangifer tarandus	DISRUPTED_HIGH	Rangifer tarandus	Rangifer_tarandus	altcost_mask50	2	COMPARISONS				0.109271	0.149129	0.7327280408237162	7	3	879	ok		0.35637	0.73273	0.3763580408237162	22.51553799999965	2.084506608666261e-06	4.3227719999995315	0.03760561456430886	38.2160100000001	6.333067078637222e-10	3.166533539318611e-10	1.074702292132377e-09	5.373511460661885e-10	POSITIVE_SELECTION
terminal_Rucervus_eldii	terminal	Rucervus eldii	DISRUPTED_HIGH	Rucervus eldii	Rucervus_eldii	baseline_mask50	1	COMPARISONS				0.080035	0.127617	0.6271499878542827	0	0	824	ok		0.3535	0.62715	0.2736499878542827	12.17196199999671	0.0004851324974482963	8.241611999997986	0.004094075585168503	2.111247999997431	0.14622002786125873	0.07311001393062937	0.1574677223121248	0.0787338611560624	PURIFYING_CONSTRAINT
terminal_Rucervus_eldii	terminal	Rucervus eldii	DISRUPTED_HIGH	Rucervus eldii	Rucervus_eldii	baseline_trim2_occ70	2	COMPARISONS				0.070571	0.109805	0.6426938663995264	0	0	359	ok		0.31168	0.6427	0.3310138663995264	7.5577200000007	0.005975354141078421	2.85446199999933	0.09112071943390608	0.0	1.0	1.0	1.0	1.0	RATE_SHIFT_BELOW_ONE
terminal_Rucervus_eldii	terminal	Rucervus eldii	DISRUPTED_HIGH	Rucervus eldii	Rucervus_eldii	baseline_trim1_occ60	2	COMPARISONS				0.077633	0.11147	0.6964474746568583	0	0	512	ok		0.3469	0.69644	0.3495474746568583	10.476543999999194	0.0012089970570107092	2.881833999999799	0.08958393701855172	0.5994559999999183	0.4387856620262166	0.2193928310131083	0.4725384052590025	0.23626920262950124	RATE_SHIFT_BELOW_ONE
terminal_Rucervus_eldii	terminal	Rucervus eldii	DISRUPTED_HIGH	Rucervus eldii	Rucervus_eldii	baseline_mask50	2	COMPARISONS				0.082014	0.132279	0.6200077109745311	0	0	824	ok		0.3455	0.62001	0.27450771097453114	12.524858000000677	0.0004015734168288023	8.542892000001302	0.003468740746531866	2.5189640000025975	0.11248446274150453	0.056242231370752266	0.12113711372162027	0.060568556860810134	PURIFYING_CONSTRAINT
terminal_Rucervus_eldii	terminal	Rucervus eldii	DISRUPTED_HIGH	Rucervus eldii	Rucervus_eldii	baseline_strict_complete	2	COMPARISONS				0.084811	0.121257	0.6994317853814624	1	0	316	ok		0.43871	0.69943	0.26072178538146246	2.865936000000147	0.09047306447491657	1.728982000000542	0.18854095778055052	1.267442000000301	0.26024710800742457	0.13012355400371228	0.6624471840188989	0.33122359200944945	AMBIGUOUS
terminal_Rucervus_eldii	terminal	Rucervus eldii	DISRUPTED_HIGH	Rucervus eldii	Rucervus_eldii	refined_trim1_occ60	2	COMPARISONS				0.077633	0.11147	0.6964474746568583	0	0	512	ok		0.3469	0.69644	0.3495474746568583	10.476543999999194	0.0012089970570107092	2.881833999999799	0.08958393701855172	0.5994559999999183	0.4387856620262166	0.2193928310131083	0.4725384052590025	0.23626920262950124	RATE_SHIFT_BELOW_ONE
terminal_Rucervus_eldii	terminal	Rucervus eldii	DISRUPTED_HIGH	Rucervus eldii	Rucervus_eldii	altcost_trim1_occ60	2	COMPARISONS				0.078922	0.113714	0.6940394322598802	0	0	516	ok		0.37935	0.69404	0.31468943225988016	7.920783999999912	0.004887009066144559	2.9411660000005213	0.08634838068165766	0.36326999999982945	0.5466957461540438	0.2733478730770219	0.5776407883891783	0.28882039419458916	RATE_SHIFT_BELOW_ONE
terminal_Rucervus_eldii	terminal	Rucervus eldii	DISRUPTED_HIGH	Rucervus eldii	Rucervus_eldii	refined_mask50	2	COMPARISONS				0.082014	0.132279	0.6200077109745311	0	0	824	ok		0.3455	0.62001	0.27450771097453114	12.524858000000677	0.0004015734168288023	8.542892000001302	0.003468740746531866	2.5189640000025975	0.11248446274150453	0.056242231370752266	0.12113711372162027	0.060568556860810134	PURIFYING_CONSTRAINT
terminal_Rucervus_eldii	terminal	Rucervus eldii	DISRUPTED_HIGH	Rucervus eldii	Rucervus_eldii	altcost_mask50	2	COMPARISONS				0.082041	0.133696	0.6136384035423648	0	0	823	ok		0.35932	0.61364	0.2543184035423648	10.513193999999203	0.0011852521164690405	8.928601999999955	0.002807391470809385	1.0801819999978761	0.2986568449270051	0.14932842246350256	0.3155619493568356	0.1577809746784178	PURIFYING_CONSTRAINT
terminal_Rupicapra_rupicapra	terminal	Rupicapra rupicapra	DISRUPTED_LIKELY	Rupicapra rupicapra	Rupicapra_rupicapra	baseline_mask50	1	COMPARISONS				0.091205	0.127778	0.7137770195182269	1	0	810	ok		0.353	0.71377	0.36077701951822694	19.288510000002134	1.1238060213432796e-05	4.536420000000362	0.033180917159075285	0.7366019999972195	0.39075155766002556	0.19537577883001278	0.40522383757335984	0.20261191878667992	RATE_SHIFT_BELOW_ONE
terminal_Rupicapra_rupicapra	terminal	Rupicapra rupicapra	DISRUPTED_LIKELY	Rupicapra rupicapra	Rupicapra_rupicapra	baseline_trim1_occ60	2	COMPARISONS				0.08431	0.112241	0.7511515399898433	1	0	506	ok		0.34848	0.75116	0.4026715399898433	12.957147999999506	0.00031870231511959754	1.8333459999994375	0.1757328433781341	1.7668639999992592	0.18377066038139	0.091885330190695	0.2017873917913302	0.1008936958956651	RELAXED_TOWARD_NEUTRALITY
terminal_Rupicapra_rupicapra	terminal	Rupicapra rupicapra	DISRUPTED_LIKELY	Rupicapra rupicapra	Rupicapra_rupicapra	baseline_trim2_occ70	2	COMPARISONS				0.065343	0.113668	0.5748583594327339	0	0	358	ok		0.31556	0.57486	0.2592983594327339	5.1016080000008515	0.023903674215619716	4.432227999999668	0.03526644362331326	0.0	1.0	1.0	1.0	1.0	PURIFYING_CONSTRAINT
terminal_Rupicapra_rupicapra	terminal	Rupicapra rupicapra	DISRUPTED_LIKELY	Rupicapra rupicapra	Rupicapra_rupicapra	baseline_mask50	2	COMPARISONS				0.093417	0.133741	0.6984918611345811	2	0	810	ok		0.34508	0.69849	0.35341186113458106	19.187753999998677	1.1847096711645111e-05	5.083409999999276	0.024155816570692268	0.7006360000013956	0.40257007152934493	0.20128503576467247	0.409889527375333	0.2049447636876665	PURIFYING_CONSTRAINT
terminal_Rupicapra_rupicapra	terminal	Rupicapra rupicapra	DISRUPTED_LIKELY	Rupicapra rupicapra	Rupicapra_rupicapra	baseline_strict_complete	2	COMPARISONS				0.104169	0.113662	0.9164804420122821	2	1	316	ok		0.4372	0.91648	0.4792804420122821	7.80741400000079	0.0052032310627207244	0.11150000000088767	0.7384428272553161	2.3566680000003544	0.12474838841090274	0.06237419420545137	0.41093586770650314	0.20546793385325157	RELAXED_TOWARD_NEUTRALITY
terminal_Rupicapra_rupicapra	terminal	Rupicapra rupicapra	DISRUPTED_LIKELY	Rupicapra rupicapra	Rupicapra_rupicapra	refined_trim1_occ60	2	COMPARISONS				0.08431	0.112241	0.7511515399898433	1	0	506	ok		0.34848	0.75116	0.4026715399898433	12.957147999999506	0.00031870231511959754	1.8333459999994375	0.1757328433781341	1.7668639999992592	0.18377066038139	0.091885330190695	0.2017873917913302	0.1008936958956651	RELAXED_TOWARD_NEUTRALITY
terminal_Rupicapra_rupicapra	terminal	Rupicapra rupicapra	DISRUPTED_LIKELY	Rupicapra rupicapra	Rupicapra_rupicapra	refined_mask50	2	COMPARISONS				0.093417	0.133742	0.6984866384531411	2	0	810	ok		0.34508	0.69849	0.3534066384531411	19.187753999998677	1.1847096711645111e-05	5.083409999999276	0.024155816570692268	0.7006360000013956	0.40257007152934493	0.20128503576467247	0.409889527375333	0.2049447636876665	PURIFYING_CONSTRAINT
terminal_Rupicapra_rupicapra	terminal	Rupicapra rupicapra	DISRUPTED_LIKELY	Rupicapra rupicapra	Rupicapra_rupicapra	altcost_trim1_occ60	2	COMPARISONS				0.093818	0.114692	0.8179995117357792	5	3	510	ok		0.37856	0.818	0.4394395117357792	13.279202000001533	0.0002683667037882138	0.907310000000507	0.34082916372947436	9.112090000000535	0.0025392558142147987	0.0012696279071073993	0.003159962791022861	0.0015799813955114305	POSITIVE_SELECTION
terminal_Rupicapra_rupicapra	terminal	Rupicapra rupicapra	DISRUPTED_LIKELY	Rupicapra rupicapra	Rupicapra_rupicapra	altcost_mask50	2	COMPARISONS				0.112646	0.149834	0.7518053312332315	7	3	814	ok		0.35668	0.75181	0.39512533123323146	23.426203999999416	1.2979836907125186e-06	3.53130599999713	0.060220336203664224	11.221196000002237	0.0008086836217867035	0.00040434181089335177	0.0008879663298050078	0.0004439831649025039	POSITIVE_SELECTION
terminal_Syncerus_caffer	terminal	Syncerus caffer	DISRUPTED_LIKELY	Syncerus caffer	Syncerus_caffer	baseline_trim1_occ60	2	COMPARISONS				0.112074	0.13275	0.8442485875706214	7	4	457	ok		0.34161	0.84425	0.5026385875706214	18.42060400000082	1.7713228874797405e-05	0.6511140000002342	0.4197146768814475	28.70155000000159	8.443612360935536e-08	4.221806180467768e-08	1.89136916884956e-07	9.4568458442478e-08	POSITIVE_SELECTION
terminal_Syncerus_caffer	terminal	Syncerus caffer	DISRUPTED_LIKELY	Syncerus caffer	Syncerus_caffer	baseline_trim2_occ70	2	COMPARISONS				0.100672	0.134667	0.7475625060334008	6	4	326	ok		0.30788	0.74757	0.4396825060334008	11.85235399999874	0.0005758850309826822	1.2689839999984542	0.2599573673557564	23.64492799999971	1.1585085130036023e-06	5.792542565018011e-07	1.9081316684765218e-06	9.540658342382609e-07	POSITIVE_SELECTION
terminal_Syncerus_caffer	terminal	Syncerus caffer	DISRUPTED_LIKELY	Syncerus caffer	Syncerus_caffer	baseline_mask50	1	COMPARISONS				0.110701	0.142324	0.7778097861218065	11	3	723	ok		0.34862	0.77781	0.4291897861218065	24.18058799999926	8.771192300106626e-07	2.39603999999963	0.12164282858728925	27.914810000002035	1.2677569672899698e-07	6.338784836449849e-08	2.2901416183302682e-07	1.1450708091651341e-07	POSITIVE_SELECTION
terminal_Syncerus_caffer	terminal	Syncerus caffer	DISRUPTED_LIKELY	Syncerus caffer	Syncerus_caffer	baseline_mask50	2	COMPARISONS				0.11342	0.148286	0.764873285407928	11	4	723	ok		0.3404	0.76487	0.424473285407928	24.350335999999515	8.031273472342563e-07	2.690684000001056	0.10093647673816719	29.178381999998237	6.60116329111671e-08	3.300581645558355e-08	1.1239664141841758e-07	5.619832070920879e-08	POSITIVE_SELECTION
terminal_Syncerus_caffer	terminal	Syncerus caffer	DISRUPTED_LIKELY	Syncerus caffer	Syncerus_caffer	baseline_strict_complete	2	COMPARISONS				0.085857	0.111075	0.7729642133693451	1	0	316	ok		0.43513	0.77296	0.33783421336934505	4.362974000001486	0.036728132774722116	0.8978440000009869	0.3433604725115199	0.7422779999997147	0.3889321292721365	0.19446606463606825	0.8066740458977646	0.4033370229488823	RELAXED_TOWARD_NEUTRALITY
terminal_Syncerus_caffer	terminal	Syncerus caffer	DISRUPTED_LIKELY	Syncerus caffer	Syncerus_caffer	refined_trim1_occ60	2	COMPARISONS				0.112074	0.13275	0.8442485875706214	7	4	457	ok		0.34161	0.84425	0.5026385875706214	18.42060400000082	1.7713228874797405e-05	0.6511140000002342	0.4197146768814475	28.70155000000159	8.443612360935536e-08	4.221806180467768e-08	1.89136916884956e-07	9.4568458442478e-08	POSITIVE_SELECTION
terminal_Syncerus_caffer	terminal	Syncerus caffer	DISRUPTED_LIKELY	Syncerus caffer	Syncerus_caffer	refined_mask50	2	COMPARISONS				0.11342	0.148285	0.764878443537782	11	4	723	ok		0.3404	0.76487	0.424478443537782	24.350335999999515	8.031273472342563e-07	2.690684000001056	0.10093647673816719	29.178381999998237	6.60116329111671e-08	3.300581645558355e-08	1.1239664141841758e-07	5.619832070920879e-08	POSITIVE_SELECTION
terminal_Syncerus_caffer	terminal	Syncerus caffer	DISRUPTED_LIKELY	Syncerus caffer	Syncerus_caffer	altcost_trim1_occ60	2	COMPARISONS				0.107764	0.120139	0.8969943149185527	5	1	463	ok		0.37622	0.897	0.5207743149185527	16.466640000000552	4.9513672933312194e-05	0.25749399999949674	0.6118470611811737	19.487945999999283	1.0123652110319888e-05	5.061826055159944e-06	3.891109067745806e-05	1.945554533872903e-05	POSITIVE_SELECTION
terminal_Syncerus_caffer	terminal	Syncerus caffer	DISRUPTED_LIKELY	Syncerus caffer	Syncerus_caffer	altcost_mask50	2	COMPARISONS				0.129673	0.157932	0.8210685611529014	11	4	726	ok		0.35476	0.82107	0.46630856115290137	27.632606000002852	1.4668517097553213e-07	1.5400300000001153	0.2146133397759922	38.83798599999864	4.6047926037907987e-10	2.3023963018953994e-10	8.416469232947605e-10	4.2082346164738024e-10	POSITIVE_SELECTION
terminal_Tragelaphus_eurycerus	terminal	Tragelaphus eurycerus	DISRUPTED_LIKELY	Tragelaphus eurycerus	Tragelaphus_eurycerus	baseline_trim1_occ60	2	COMPARISONS				0.098278	0.139852	0.7027285988044504	6	3	517	ok		0.34022	0.70273	0.36250859880445035	13.20182399999976	0.0002796767904858598	3.235878000001321	0.07204167814536294	28.064408000000185	1.1734421500957602e-07	5.867210750478801e-08	2.345483714791823e-07	1.1727418573959115e-07	POSITIVE_SELECTION
terminal_Tragelaphus_eurycerus	terminal	Tragelaphus eurycerus	DISRUPTED_LIKELY	Tragelaphus eurycerus	Tragelaphus_eurycerus	baseline_mask50	1	COMPARISONS				0.095204	0.126846	0.7505479084874573	10	4	811	ok		0.34743	0.75055	0.4031179084874573	22.810441999998147	1.7879164426858534e-06	3.2065980000006675	0.07334183034480843	25.1785200000013	5.226104027796168e-07	2.613052013898084e-07	7.701626988331194e-07	3.850813494165597e-07	POSITIVE_SELECTION
terminal_Tragelaphus_eurycerus	terminal	Tragelaphus eurycerus	DISRUPTED_LIKELY	Tragelaphus eurycerus	Tragelaphus_eurycerus	baseline_mask50	2	COMPARISONS				0.097629	0.132295	0.7379643977474583	10	4	811	ok		0.3393	0.73797	0.39866439774745827	23.00992799999949	1.6116695446674237e-06	3.554595999998128	0.05938076144658431	24.306762000000163	8.215016741266418e-07	4.107508370633209e-07	1.0698626453742313e-06	5.349313226871156e-07	POSITIVE_SELECTION
terminal_Tragelaphus_eurycerus	terminal	Tragelaphus eurycerus	DISRUPTED_LIKELY	Tragelaphus eurycerus	Tragelaphus_eurycerus	baseline_trim2_occ70	2	COMPARISONS				0.082877	0.170561	0.4859082674233852	6	3	368	ok		0.30455	0.48591	0.18135826742338523	3.856997999999294	0.04953889072858611	9.67975800000022	0.0018630916736244243	32.21202600000106	1.3823250005948656e-08	6.911625002974328e-09	1.0578927658069861e-07	5.2894638290349304e-08	POSITIVE_SELECTION
terminal_Tragelaphus_eurycerus	terminal	Tragelaphus eurycerus	DISRUPTED_LIKELY	Tragelaphus eurycerus	Tragelaphus_eurycerus	baseline_strict_complete	2	COMPARISONS				0.078784	0.114266	0.6894789351163075	0	0	316	ok		0.43545	0.68948	0.25402893511630753	2.746501999999964	0.09746745152366972	1.8513340000008611	0.17362832194646008	0.35520399999950314	0.5511819520836988	0.2755909760418494	0.8573941476857537	0.42869707384287686	AMBIGUOUS
terminal_Tragelaphus_eurycerus	terminal	Tragelaphus eurycerus	DISRUPTED_LIKELY	Tragelaphus eurycerus	Tragelaphus_eurycerus	refined_trim1_occ60	2	COMPARISONS				0.098278	0.139852	0.7027285988044504	6	3	517	ok		0.34022	0.70273	0.36250859880445035	13.20182399999976	0.0002796767904858598	3.235878000001321	0.07204167814536294	28.064408000000185	1.1734421500957602e-07	5.867210750478801e-08	2.345483714791823e-07	1.1727418573959115e-07	POSITIVE_SELECTION
terminal_Tragelaphus_eurycerus	terminal	Tragelaphus eurycerus	DISRUPTED_LIKELY	Tragelaphus eurycerus	Tragelaphus_eurycerus	refined_mask50	2	COMPARISONS				0.097629	0.132295	0.7379643977474583	10	4	811	ok		0.3393	0.73797	0.39866439774745827	23.00992799999949	1.6116695446674237e-06	3.554595999998128	0.05938076144658431	24.306762000000163	8.215016741266418e-07	4.107508370633209e-07	1.0698626453742313e-06	5.349313226871156e-07	POSITIVE_SELECTION
terminal_Tragelaphus_eurycerus	terminal	Tragelaphus eurycerus	DISRUPTED_LIKELY	Tragelaphus eurycerus	Tragelaphus_eurycerus	altcost_mask50	2	COMPARISONS				0.110894	0.140963	0.7866887055468457	13	7	811	ok		0.35176	0.78669	0.43492870554684565	25.804105999999592	3.7788372733262435e-07	2.3108640000027663	0.12847262122880565	51.99722000000111	5.557926772001593e-13	2.7789633860007965e-13	3.890548740401115e-12	1.9452743702005575e-12	POSITIVE_SELECTION
terminal_Tragelaphus_eurycerus	terminal	Tragelaphus eurycerus	DISRUPTED_LIKELY	Tragelaphus eurycerus	Tragelaphus_eurycerus	altcost_trim1_occ60	2	COMPARISONS				0.089358	0.130995	0.682148173594412	3	1	515	ok		0.37398	0.68214	0.30816817359441206	8.549791999999798	0.0034556170943545006	3.549745999998777	0.05955456591261908	13.692428000000291	0.0002153209007325681	0.00010766045036628404	0.0003546461894418768	0.0001773230947209384	POSITIVE_SELECTION
terminal_Tragulus_kanchil	terminal	Tragulus kanchil	DISRUPTED_LIKELY	Tragulus kanchil	Tragulus_kanchil	baseline_trim2_occ70	2	COMPARISONS				0.112621	0.211691	0.5320065567265496	0	0	212	ok		0.30782	0.53201	0.22418655672654964	3.9658199999994395	0.04643290145003526	5.354177999999592	0.02067267711086175	0.0	1.0	1.0	1.0	1.0	PURIFYING_CONSTRAINT
terminal_Tragulus_kanchil	terminal	Tragulus kanchil	DISRUPTED_LIKELY	Tragulus kanchil	Tragulus_kanchil	baseline_mask50	1	COMPARISONS				0.14701	0.239591	0.6135873217274439	1	0	470	ok		0.34555	0.61359	0.2680373217274439	10.916558000000805	0.0009530852637130833	7.997989999999845	0.004682930497682248	2.3085920000012266	0.12866054727113002	0.06433027363556501	0.14127432641535848	0.07063716320767924	PURIFYING_CONSTRAINT
terminal_Tragulus_kanchil	terminal	Tragulus kanchil	DISRUPTED_LIKELY	Tragulus kanchil	Tragulus_kanchil	baseline_trim1_occ60	2	COMPARISONS				0.145709	0.217414	0.6701914320144977	0	0	296	ok		0.34297	0.67019	0.3272214320144977	9.040295999999216	0.0026409287565979374	3.2865679999995336	0.06984888046177744	0.03586399999949208	0.8497966215573124	0.4248983107786562	0.8652474692219908	0.4326237346109954	RATE_SHIFT_BELOW_ONE
terminal_Tragulus_kanchil	terminal	Tragulus kanchil	DISRUPTED_LIKELY	Tragulus kanchil	Tragulus_kanchil	baseline_mask50	2	COMPARISONS				0.153138	0.252498	0.6064919326093672	0	0	470	ok		0.33729	0.60649	0.2692019326093672	11.15499600000112	0.0008380567113814772	8.20670600000085	0.004173584909358049	3.290047999998933	0.06970098455349792	0.03485049227674896	0.07653441441168399	0.038267207205841994	PURIFYING_CONSTRAINT
terminal_Tragulus_kanchil	terminal	Tragulus kanchil	DISRUPTED_LIKELY	Tragulus kanchil	Tragulus_kanchil	baseline_strict_complete	2	COMPARISONS				0.138058	0.228302	0.6047165596446811	0	0	316	ok		0.43039	0.60471	0.17432655964468108	2.1863699999994424	0.13923712120641435	5.301385999999184	0.021308462392562354	0.0	1.0	1.0	1.0	1.0	PURIFYING_CONSTRAINT
terminal_Tragulus_kanchil	terminal	Tragulus kanchil	DISRUPTED_LIKELY	Tragulus kanchil	Tragulus_kanchil	refined_trim1_occ60	2	COMPARISONS				0.145709	0.217414	0.6701914320144977	0	0	296	ok		0.34297	0.67019	0.3272214320144977	9.040295999999216	0.0026409287565979374	3.2865679999995336	0.06984888046177744	0.03586399999949208	0.8497966215573124	0.4248983107786562	0.8652474692219908	0.4326237346109954	RATE_SHIFT_BELOW_ONE
terminal_Tragulus_kanchil	terminal	Tragulus kanchil	DISRUPTED_LIKELY	Tragulus kanchil	Tragulus_kanchil	refined_mask50	2	COMPARISONS				0.153138	0.252498	0.6064919326093672	0	0	470	ok		0.33729	0.60649	0.2692019326093672	11.15499600000112	0.0008380567113814772	8.20670600000085	0.004173584909358049	3.290047999998933	0.06970098455349792	0.03485049227674896	0.07653441441168399	0.038267207205841994	PURIFYING_CONSTRAINT
terminal_Tragulus_kanchil	terminal	Tragulus kanchil	DISRUPTED_LIKELY	Tragulus kanchil	Tragulus_kanchil	altcost_mask50	2	COMPARISONS				0.1752	0.249821	0.701302132326746	3	0	471	ok		0.35252	0.7013	0.348782132326746	15.922835999997915	6.597785495902238e-05	4.267496000000392	0.038848137242622316	8.667782000000443	0.0032388516255276926	0.0016194258127638463	0.003487994058260592	0.001743997029130296	POSITIVE_SELECTION
terminal_Tragulus_kanchil	terminal	Tragulus kanchil	DISRUPTED_LIKELY	Tragulus kanchil	Tragulus_kanchil	altcost_trim1_occ60	2	COMPARISONS				0.156193	0.196616	0.7944063555356634	2	0	304	ok		0.37391	0.79441	0.4204963555356634	11.24243000000024	0.0007994841647751341	1.0476899999994203	0.30603970104510236	2.5723179999986314	0.10874827656031254	0.05437413828015627	0.11940987230151966	0.05970493615075983	RELAXED_TOWARD_NEUTRALITY
