assembly_accession	assembly_name	organism_name	species_key	assembly_level	status	candidate_id	contig	strand	start	end	span	exon_count	coverage_sum	order_coherence	bitscore_sum	score	locus_length	locus_n_count	locus_n_fraction	locus_n_runs	locus_longest_n_run	error
GCA_000003055.5	Bos_taurus_UMD_3.1.1	Bos taurus	Bos taurus	Chromosome	ok	GK000009.2:+:1	GK000009.2	+	34258727.0	34278639.0	19913.0	6.0	5.823131828203328	1.0	3226.0	8569.539548460998	39913.0	0.0	0.0	0.0	0.0	
GCA_000003205.6	Btau_5.0.1	Bos taurus	Bos taurus	Chromosome	ok	CM000185.7:+:1	CM000185.7	+	34394994.0	34414906.0	19913.0	6.0	5.823131828203328	1.0	3226.0	8569.539548460998	39913.0	0.0	0.0	0.0	0.0	
GCA_000005525.1	Ovis_aries_1.0	Ovis aries	Ovis aries	Chromosome	ok	CM000892.1:+:1	CM000892.1	+	23288688.0	23308446.0	19759.0	5.0	3.9350705318696617	1.0	1788.0	6859.321159560898	39759.0	13639.0	0.3430418270077215	48.0	1854.0	
GCA_000180995.3	Bubalus_bubalis_Jaffrabadi_v3.0	Bubalus bubalis	Bubalus bubalis	Scaffold	ok	ACZF03010829.1:+:1	ACZF03010829.1	+	25207.0	45240.0	20034.0	4.0	3.9584826762246115	1.0	2599.0	5947.444802867383	40034.0	2247.0	0.05612729180196833	8.0	1590.0	
GCA_000191605.1	WTD_RRL	Odocoileus virginianus	Odocoileus virginianus	Contig	no_blast_hit																	
GCA_000191625.1	RRL-RSL_1.0	Odocoileus virginianus	Odocoileus virginianus	Contig	no_blast_hit																	
GCA_000247795.2	Bos_indicus_1.0	Bos indicus	Bos indicus	Chromosome	ok	CM003029.1:+:1	CM003029.1	+	35524877.0	35544623.0	19747.0	6.0	5.855389892719457	1.0	3228.0	8579.416967815836	39747.0	1017.0	0.025586836742395654	5.0	863.0	
GCA_000298355.1	BosGru_v2.0	Bos mutus	Bos mutus	Scaffold	ok	JH881239.1:+:1	JH881239.1	+	146042.0	165709.0	19668.0	6.0	5.733324165019926	1.0	3175.0	8537.497249505977	39668.0	828.0	0.02087324795805183	2.0	795.0	
GCA_000298735.2	Oar_v4.0	Ovis aries	Ovis aries	Chromosome	ok	CM001589.2:+:1	CM001589.2	+	20840880.0	20860895.0	20016.0	6.0	5.81174785304632	1.0	2723.0	8515.824355913895	40016.0	0.0	0.0	0.0	0.0	
GCA_000317765.2	CHIR_2.0	Capra hircus	Capra hircus	Chromosome	ok	CM001718.2:+:1	CM001718.2	+	21872815.0	21893841.0	21027.0	6.0	5.9385925532667585	1.0	2712.0	8552.777765980029	41027.0	1175.0	0.028639676310722208	3.0	1173.0	
GCA_000400835.1	PHO1.0	Pantholops hodgsonii	Pantholops hodgsonii	Scaffold	ok	KE113818.1:+:1	KE113818.1	+	50706.0	71144.0	20439.0	6.0	5.807137154205726	1.0	2737.0	8515.841146261719	40439.0	0.0	0.0	0.0	0.0	
GCA_000471725.1	UMD_CASPUR_WB_2.0	Bubalus bubalis	Bubalus bubalis	Scaffold	ok	KI417593.1:-:1	KI417593.1	-	449943.0	455149.0	5207.0	3.0	2.991935483870968	1.0	1663.0	4563.880645161291	18219.0	100.0	0.005488775454196169	1.0	100.0	
GCA_000751575.1	kmer631	Capreolus capreolus	Capreolus capreolus	Scaffold	ok	CCMK010168438.1:-:1	CCMK010168438.1	-	10886.0	27327.0	16442.0	5.0	4.126448703539858	1.0	2382.3	6976.164611061957	26502.0	128.0	0.004829824164214022	2.0	76.0	
GCA_000754665.1	Bison_UMD1.0	Bison bison bison	Bison bison	Scaffold	ok	KN265169.1:+:1	KN265169.1	+	13604502.0	13625051.0	20550.0	6.0	5.823131828203328	1.0	3226.0	8569.539548460998	40550.0	594.0	0.014648581997533909	3.0	394.0	
GCA_000765075.1	Caeg1	Capra aegagrus	Capra aegagrus	Scaffold	error																	CalledProcessError: Command '['/usr/local/bin/datasets', 'download', 'genome', 'accession', 'GCA_000765075.1', '--include', 'genome', '--filename', '/home/morpheus/retraction_watch_plots/gprc6a/GPRC6A_Ruminantia/cache/genomes/GCA_000765075.1/GCA_000765075.1.zip', '--no-progressbar']' returned non-zero exit status 1.
GCA_000765115.1	Oori1	Ovis aries musimon	Ovis aries	Scaffold	ok	HG925253.1:+:1	HG925253.1	+	1838541.0	1858333.0	19793.0	6.0	5.816526825567228	1.0	2704.0	8515.358047670168	39793.0	1460.0	0.03668987007765185	1.0	1460.0	
GCA_000978405.1	CapAeg_1.0	Capra aegagrus	Capra aegagrus	Chromosome	ok	CM003222.1:+:1	CM003222.1	+	19694932.0	19719354.0	24423.0	6.0	5.9385925532667585	1.0	2712.0	8552.777765980029	44423.0	4805.0	0.10816468946266573	2.0	3340.0	
GCA_001039535.1	ASM103953v1	Ovis canadensis canadensis	Ovis canadensis	Chromosome	ok	CP011893.1:+:1	CP011893.1	+	20894184.0	20914206.0	20023.0	6.0	5.81174785304632	1.0	2678.0	8511.324355913895	40023.0	884.0	0.022087299802613498	10.0	521.0	
GCA_001651235.1	ASM165123v1	Giraffa tippelskirchi	Giraffa tippelskirchi	Scaffold	ok	LVKQ01S001773.1:-:1	LVKQ01S001773.1	-	117019.0	138048.0	21030.0	6.0	5.971316927169937	1.0	3513.0	8642.69507815098	41030.0	5.0	0.00012186205215695832	5.0	1.0	
GCA_001660835.1	ASM166083v1	Okapia johnstoni	Okapia johnstoni	Scaffold	ok	LVCL01S0002937.1:-:1	LVCL01S0002937.1	-	42178.0	62658.0	20481.0	6.0	5.971316927169937	1.0	3485.0	8639.895078150981	40481.0	133.0	0.0032854919591907314	2.0	132.0	
GCA_001704415.2	ARS1.2	Capra hircus	Capra hircus	Chromosome	ok	CM004570.1:+:1	CM004570.1	+	21029116.0	21048939.0	19824.0	6.0	5.9385925532667585	1.0	2712.0	8552.777765980029	39824.0	0.0	0.0	0.0	0.0	
GCA_002102435.1	Ovir.te_1.0	Odocoileus virginianus texanus	Odocoileus virginianus	Scaffold	ok	KZ101336.1:+:1	KZ101336.1	+	1197223.0	1217442.0	20220.0	6.0	5.849251199470406	1.0	2856.0	8540.375359841122	40220.0	0.0	0.0	0.0	0.0	
GCA_002197005.1	CerEla1.0	Cervus elaphus hippelaphus	Cervus elaphus	Chromosome	error																	CalledProcessError: Command '['/usr/local/bin/datasets', 'download', 'genome', 'accession', 'GCA_002197005.1', '--include', 'genome', '--filename', '/home/morpheus/retraction_watch_plots/gprc6a/GPRC6A_Ruminantia/cache/genomes/GCA_002197005.1/GCA_002197005.1.zip', '--no-progressbar']' returned non-zero exit status 1.
GCA_002201775.1	ALER1.0	Ammotragus lervia	Ammotragus lervia	Scaffold	ok	NIVO01068596.1:-:1	NIVO01068596.1	-	203784.0	223073.0	19290.0	6.0	5.9385925532667585	1.0	2701.0	8551.677765980028	39290.0	1347.0	0.034283532705523034	4.0	832.0	
GCA_002263795.4	ARS-UCD2.0	Bos taurus	Bos taurus	Chromosome	ok	CM008176.2:+:1	CM008176.2	+	33818779.0	33838678.0	19900.0	6.0	5.83119634433236	1.0	3241.0	8573.458903299708	39900.0	0.0	0.0	0.0	0.0	
GCA_002443075.1	Milu1.0	Elaphurus davidianus	Elaphurus davidianus	Scaffold	ok	JRFZ01055316.1:+:1	JRFZ01055316.1	+	30411.0	47519.0	17109.0	5.0	4.957718175135211	1.0	2623.0	7249.615452540564	37109.0	0.0	0.0	0.0	0.0	
GCA_002742125.1	Oar_rambouillet_v1.0	Ovis aries	Ovis aries	Chromosome	ok	CM008479.1:+:1	CM008479.1	+	23182141.0	23202443.0	20303.0	6.0	5.816526825567228	1.0	2725.0	8517.458047670169	40303.0	0.0	0.0	0.0	0.0	
GCA_002933975.1	ASM293397v1	Bos indicus	Bos indicus	Chromosome	error																	CalledProcessError: Command '['/usr/local/bin/datasets', 'download', 'genome', 'accession', 'GCA_002933975.1', '--include', 'genome', '--filename', '/home/morpheus/retraction_watch_plots/gprc6a/GPRC6A_Ruminantia/cache/genomes/GCA_002933975.1/GCA_002933975.1.zip', '--no-progressbar']' returned non-zero exit status 1.
GCA_002968435.1	ASM296843v1	Bos mutus	Bos mutus	Chromosome	ok	CP027077.1:+:1	CP027077.1	+	33929176.0	33948843.0	19668.0	6.0	5.733324165019926	1.0	3175.0	8537.497249505977	39668.0	832.0	0.020974084904709086	3.0	795.0	
GCA_002993835.1	ASM299383v1	Bubalus bubalis	Bubalus bubalis	Scaffold	error																	CalledProcessError: Command '['/usr/local/bin/datasets', 'download', 'genome', 'accession', 'GCA_002993835.1', '--include', 'genome', '--filename', '/home/morpheus/retraction_watch_plots/gprc6a/GPRC6A_Ruminantia/cache/genomes/GCA_002993835.1/GCA_002993835.1.zip', '--no-progressbar']' returned non-zero exit status 1.
GCA_003121395.1	UOA_WB_1	Bubalus bubalis	Bubalus bubalis	Chromosome	ok	CM009849.1:-:1	CM009849.1	-	70543094.0	70562959.0	19866.0	4.0	3.9584826762246115	1.0	2594.0	5946.944802867383	39866.0	0.0	0.0	0.0	0.0	
GCA_003121645.1	O_ammon_KGZ_v1.0	Ovis ammon	Ovis ammon	Scaffold	ok	NIWH01036681.1:+:1	NIWH01036681.1	+	63225176.0	63225340.0	165.0	0.0	0.14798206278026907	0.5	104.0	304.7946188340807	20165.0	4.0	0.0001983635011157947	4.0	1.0	
GCA_003182575.1	ASM318257v1	Pseudois nayaur	Pseudois nayaur	Scaffold	ok	NIZD01063741.1:+:1	NIZD01063741.1	+	1352.0	21159.0	19808.0	6.0	5.887046161514181	1.0	2661.0	8532.213848454254	30863.0	0.0	0.0	0.0	0.0	
GCA_003182615.2	ASM318261v2	Capra sibirica	Capra sibirica	Scaffold	ok	NIYN02039830.1:+:1	NIYN02039830.1	+	5438466.0	5458300.0	19835.0	6.0	5.9292028819052565	1.0	2697.0	8548.460864571578	39835.0	13.0	0.00032634617798418477	3.0	11.0	
GCA_003369685.2	UOA_Angus_1	Bos indicus x Bos taurus	Bos indicus x Bos taurus	Chromosome	error																	CalledProcessError: Command '['/usr/local/bin/datasets', 'download', 'genome', 'accession', 'GCA_003369685.2', '--include', 'genome', '--filename', '/home/morpheus/retraction_watch_plots/gprc6a/GPRC6A_Ruminantia/cache/genomes/GCA_003369685.2/GCA_003369685.2.zip', '--no-progressbar']' returned non-zero exit status 1.
GCA_003369695.2	UOA_Brahman_1	Bos indicus x Bos taurus	Bos indicus x Bos taurus	Chromosome	ok	CM011812.1:+:1	CM011812.1	+	33908728.0	33928636.0	19909.0	6.0	5.855389892719457	1.0	3240.0	8580.616967815837	39909.0	0.0	0.0	0.0	0.0	
GCA_003697985.1	ASM369798v1	Odocoileus hemionus sitkensis	Odocoileus hemionus	Scaffold	ok	RFLZ01133879.1:+:1	RFLZ01133879.1	+	9823.0	25062.0	15240.0	4.0	3.843231208557185	1.0	1519.0	5804.869362567155	25382.0	0.0	0.0	0.0	0.0	
GCA_003798545.1	ASM379854v1	Axis porcinus	Axis porcinus	Scaffold	ok	QQTR01081902.1:-:1	QQTR01081902.1	-	152853.0	172552.0	19700.0	6.0	5.961007648819422	1.0	2725.0	8560.802294645826	39700.0	1.0	2.5188916876574308e-05	1.0	1.0	
GCA_003945745.1	UCDavis_Ogaz_1	Oryx gazella	Oryx gazella	Scaffold	ok	RAWW01004924.1:+:1	RAWW01004924.1	+	1659791.0	1683238.0	23448.0	6.0	5.933437914091501	1.0	2718.0	8551.83137422745	43448.0	3082.0	0.0709353710182287	4.0	1617.0	
GCA_004024705.2	MosMos_v2_BIUU_UCD	Moschus moschiferus	Moschus moschiferus	Scaffold	ok	PVHU020000109.1:+:1	PVHU020000109.1	+	13482893.0	13506841.0	23949.0	6.0	5.214737979801516	1.0	3105.9	8375.011393940455	43949.0	3000.0	0.06826093881544518	3.0	1000.0	
GCA_004024965.2	ASM402496v2	Tragulus javanicus	Tragulus javanicus	Scaffold	ok	PVHZ020005339.1:+:1	PVHZ020005339.1	+	9925893.0	9935662.0	9770.0	4.0	3.2573389009369373	1.0	1458.3	5623.0316702810815	29770.0	0.0	0.0	0.0	0.0	
GCA_004024985.1	SaiTat_v1_BIUU	Saiga tatarica	Saiga tatarica	Scaffold	ok	PVIK010043285.1:+:1	PVIK010043285.1	+	779.0	11916.0	11138.0	3.0	2.652582159624413	1.0	1327.0	4428.474647887324	11916.0	0.0	0.0	0.0	0.0	
GCA_004026565.1	RanTarSib_v1_BIUU	Rangifer tarandus	Rangifer tarandus	Scaffold	error																	CalledProcessError: Command '['/usr/local/bin/datasets', 'download', 'genome', 'accession', 'GCA_004026565.1', '--include', 'genome', '--filename', '/home/morpheus/retraction_watch_plots/gprc6a/GPRC6A_Ruminantia/cache/genomes/GCA_004026565.1/GCA_004026565.1.zip', '--no-progressbar']' returned non-zero exit status 1.
GCA_004026825.1	HemHyl_v1_BIUU	Nilgiritragus hylocrius	Nilgiritragus hylocrius	Scaffold	error																	CalledProcessError: Command '['/usr/local/bin/datasets', 'download', 'genome', 'accession', 'GCA_004026825.1', '--include', 'genome', '--filename', '/home/morpheus/retraction_watch_plots/gprc6a/GPRC6A_Ruminantia/cache/genomes/GCA_004026825.1/GCA_004026825.1.zip', '--no-progressbar']' returned non-zero exit status 1.
GCA_004026945.1	OviCan_v1_BIUU	Ovis canadensis	Ovis canadensis	Scaffold	ok	PVIS010022800.1:+:1	PVIS010022800.1	+	2338.0	22093.0	19756.0	6.0	5.81174785304632	1.0	2699.0	8513.424355913896	32093.0	0.0	0.0	0.0	0.0	
GCA_004027495.1	BeaHun_v1_BIUU	Beatragus hunteri	Beatragus hunteri	Scaffold	ok	PVKQ01017729.1:+:1	PVKQ01017729.1	+	25011.0	44873.0	19863.0	6.0	5.918707057046438	1.0	2648.0	8540.41211711393	34769.0	0.0	0.0	0.0	0.0	
GCA_004027515.2	AntAmePen_v2_BIUU_UCD	Antilocapra americana	Antilocapra americana	Scaffold	ok	PVKT020013607.1:-:1	PVKT020013607.1	-	25914268.0	25933403.0	19136.0	6.0	5.961927255808434	1.0	3178.0	8606.37817674253	39136.0	0.0	0.0	0.0	0.0	
GCA_004115125.1	UofA_Ohem_1.0	Odocoileus hemionus hemionus	Odocoileus hemionus	Scaffold	error																	CalledProcessError: Command '['/usr/local/bin/datasets', 'download', 'genome', 'accession', 'GCA_004115125.1', '--include', 'genome', '--filename', '/home/morpheus/retraction_watch_plots/gprc6a/GPRC6A_Ruminantia/cache/genomes/GCA_004115125.1/GCA_004115125.1.zip', '--no-progressbar']' returned non-zero exit status 1.
GCA_004361675.1	CVASU_BBG_1.0	Capra hircus	Capra hircus	Chromosome	ok	CM015216.1:+:1	CM015216.1	+	23179234.0	23201042.0	21809.0	6.0	5.821507726504512	1.0	2518.0	8498.252317951354	41809.0	8715.0	0.2084479418307063	50.0	1545.0	
GCA_004794615.1	Bubbub1.0	Bubalus bubalis	Bubalus bubalis	Scaffold	ok	ML220492.1:+:1	ML220492.1	+	991604.0	1011643.0	20040.0	4.0	3.9584826762246115	1.0	2594.0	5946.944802867383	40040.0	4912.0	0.12267732267732268	4.0	2366.0	
GCA_005887515.3	BosGru3.1	Bos grunniens	Bos grunniens	Chromosome	ok	CM016699.1:-:1	CM016699.1	-	58150866.0	58172244.0	21379.0	6.0	5.733324165019926	1.0	3175.0	8537.497249505977	41379.0	0.0	0.0	0.0	0.0	
GCA_006408465.1	WLD	Cervus albirostris	Cervus albirostris	Scaffold	ok	SJXR01000318.1:-:1	SJXR01000318.1	-	1989986.0	2006329.0	16344.0	5.0	4.957718175135211	1.0	2638.0	7251.115452540564	36344.0	1.0	2.7514858023332598e-05	1.0	1.0	
GCA_006408485.1	BMJ	Muntiacus crinifrons	Muntiacus crinifrons	Scaffold	error																	CalledProcessError: Command '['/usr/local/bin/datasets', 'download', 'genome', 'accession', 'GCA_006408485.1', '--include', 'genome', '--filename', '/home/morpheus/retraction_watch_plots/gprc6a/GPRC6A_Ruminantia/cache/genomes/GCA_006408485.1/GCA_006408485.1.zip', '--no-progressbar']' returned non-zero exit status 1.
GCA_006408505.1	CTB	Damaliscus lunatus	Damaliscus lunatus	Scaffold	ok	SJXP01001581.1:+:1	SJXP01001581.1	+	302021.0	321866.0	19846.0	6.0	5.919901800176666	1.0	2691.0	8545.070540053	39846.0	2832.0	0.07107363348893239	1.0	2832.0	
GCA_006408525.1	CIJ	Muntiacus reevesi	Muntiacus reevesi	Scaffold	ok	SJXT01007634.1:-:1	SJXT01007634.1	-	2289.0	22321.0	20033.0	6.0	5.833787281944633	1.0	2791.0	8529.23618458339	32321.0	0.0	0.0	0.0	0.0	
GCA_006408545.1	HBT	Alcelaphus buselaphus	Alcelaphus buselaphus	Scaffold	ok	SJXN01003835.1:+:1	SJXN01003835.1	+	1.0	4997.0	4997.0	2.0	1.4488972206501918	1.0	738.0	3008.469166195058	13916.0	11728.0	0.8427709111813739	4.0	6360.0	
GCA_006408565.1	GFE	Giraffa camelopardalis	Giraffa camelopardalis	Scaffold	ok	SJXV01008267.1:-:1	SJXV01008267.1	-	2228444.0	2248655.0	20212.0	6.0	5.971316927169937	1.0	3521.0	8643.495078150981	40212.0	718.0	0.017855366557246594	4.0	354.0	
GCA_006408585.1	SGB	Antidorcas marsupialis	Antidorcas marsupialis	Scaffold	error																	CalledProcessError: Command '['/usr/local/bin/datasets', 'download', 'genome', 'accession', 'GCA_006408585.1', '--include', 'genome', '--filename', '/home/morpheus/retraction_watch_plots/gprc6a/GPRC6A_Ruminantia/cache/genomes/GCA_006408585.1/GCA_006408585.1.zip', '--no-progressbar']' returned non-zero exit status 1.
GCA_006408615.1	BWD	Connochaetes taurinus	Connochaetes taurinus	Scaffold	ok	SJXO01006261.1:+:1	SJXO01006261.1	+	15112.0	34839.0	19728.0	6.0	5.9044378826508925	1.0	2678.0	8539.131364795267	39728.0	1.0	2.5171163914619413e-05	1.0	1.0	
GCA_006408635.1	GTG	Nanger granti	Nanger granti	Scaffold	ok	SJYD01050842.1:+:1	SJYD01050842.1	+	536381.0	554107.0	17727.0	4.0	4.0	1.0	2688.0	5968.8	37727.0	8704.0	0.23071010151880617	13.0	1795.0	
GCA_006408655.1	LMD	Tragulus kanchil	Tragulus kanchil	Scaffold	ok	SJXW01001224.1:+:1	SJXW01001224.1	+	86360.0	96986.0	10627.0	2.0	1.922680412371134	1.0	1261.0	3202.90412371134	30627.0	7348.0	0.23991902569628107	6.0	3065.0	
GCA_006408675.1	KDD	Madoqua kirkii	Madoqua kirkii	Scaffold	ok	SJYC01036033.1:+:1	SJYC01036033.1	+	14969.0	30853.0	15885.0	4.0	3.8969072164948453	1.0	1664.0	5835.472164948453	28049.0	0.0	0.0	0.0	0.0	
GCA_006408695.1	IMP	Aepyceros melampus	Aepyceros melampus	Scaffold	error																	CalledProcessError: Command '['/usr/local/bin/datasets', 'download', 'genome', 'accession', 'GCA_006408695.1', '--include', 'genome', '--filename', '/home/morpheus/retraction_watch_plots/gprc6a/GPRC6A_Ruminantia/cache/genomes/GCA_006408695.1/GCA_006408695.1.zip', '--no-progressbar']' returned non-zero exit status 1.
GCA_006408735.1	CMD	Sylvicapra grimmia	Sylvicapra grimmia	Scaffold	error																	CalledProcessError: Command '['/usr/local/bin/datasets', 'download', 'genome', 'accession', 'GCA_006408735.1', '--include', 'genome', '--filename', '/home/morpheus/retraction_watch_plots/gprc6a/GPRC6A_Ruminantia/cache/genomes/GCA_006408735.1/GCA_006408735.1.zip', '--no-progressbar']' returned non-zero exit status 1.
GCA_006408755.1	TMG	Eudorcas thomsonii	Eudorcas thomsonii	Scaffold	ok	SJYE01001448.1:+:1	SJYE01001448.1	+	975197.0	990846.0	15650.0	5.0	4.865385451238701	1.0	2844.0	7244.01563537161	35650.0	1.0	2.8050490883590464e-05	1.0	1.0	
GCA_006408785.2	ASM640878v2	Syncerus caffer	Syncerus caffer	Scaffold	ok	SJXX02093715.1:+:1	SJXX02093715.1	+	2396168.0	2411485.0	15318.0	4.0	3.9584826762246115	1.0	2574.0	5944.944802867383	35318.0	95.0	0.0026898465371765104	7.0	89.0	
GCA_006409035.1	CMJ	Muntiacus muntjak	Muntiacus muntjak	Scaffold	ok	SJXU01024218.1:+:1	SJXU01024218.1	+	16148770.0	16164910.0	16141.0	5.0	4.835354477173702	1.0	2511.0	7201.706343152111	36141.0	314.0	0.008688193464486318	5.0	169.0	
GCA_006410495.1	BUB	Tragelaphus scriptus	Tragelaphus scriptus	Scaffold	ok	SJXY01008133.1:+:1	SJXY01008133.1	+	636282.0	651809.0	15528.0	4.0	3.5705773643449583	1.0	1555.0	5726.673209303488	35528.0	5046.0	0.14202882233731143	4.0	3719.0	
GCA_006410515.1	PLG	Procapra przewalskii	Procapra przewalskii	Scaffold	ok	SJYF01000162.1:-:1	SJYF01000162.1	-	1502159.0	1523688.0	21530.0	6.0	5.75738730130478	1.0	3095.0	8536.716190391435	41530.0	194.0	0.004671321935949916	2.0	134.0	
GCA_006410535.1	GRK	Litocranius walleri	Litocranius walleri	Scaffold	error																	CalledProcessError: Command '['/usr/local/bin/datasets', 'download', 'genome', 'accession', 'GCA_006410535.1', '--include', 'genome', '--filename', '/home/morpheus/retraction_watch_plots/gprc6a/GPRC6A_Ruminantia/cache/genomes/GCA_006410535.1/GCA_006410535.1.zip', '--no-progressbar']' returned non-zero exit status 1.
GCA_006410555.1	IBX	Capra ibex	Capra ibex	Scaffold	ok	SJYO01026388.1:+:1	SJYO01026388.1	+	20038537.0	20058371.0	19835.0	6.0	5.9292028819052565	1.0	2697.0	8548.460864571578	39835.0	13.0	0.00032634617798418477	3.0	11.0	
GCA_006410575.1	GMB	Oryx gazella	Oryx gazella	Scaffold	error																	CalledProcessError: Command '['/usr/local/bin/datasets', 'download', 'genome', 'accession', 'GCA_006410575.1', '--include', 'genome', '--filename', '/home/morpheus/retraction_watch_plots/gprc6a/GPRC6A_Ruminantia/cache/genomes/GCA_006410575.1/GCA_006410575.1.zip', '--no-progressbar']' returned non-zero exit status 1.
GCA_006410595.1	AGL	Ovis ammon	Ovis ammon	Scaffold	ok	SJYP01000280.1:+:1	SJYP01000280.1	+	2267801.0	2288093.0	20293.0	6.0	5.816526825567228	1.0	2726.0	8517.558047670169	40293.0	605.0	0.015015015015015015	1.0	605.0	
GCA_006410615.1	SUN	Neotragus moschatus	Neotragus moschatus	Scaffold	ok	SJYA01001425.1:+:1	SJYA01001425.1	+	850225.0	886525.0	36301.0	6.0	5.8840637278449055	1.0	3038.0	8569.019118353472	56301.0	120.0	0.0021314008632173495	7.0	114.0	
GCA_006410635.1	HVD	Cephalophus harveyi	Cephalophus harveyi	Scaffold	ok	SJYT01007205.1:-:1	SJYT01007205.1	-	186708.0	206215.0	19508.0	6.0	5.842082740689045	1.0	2774.0	8530.024822206713	39508.0	1.0	2.5311329351017516e-05	1.0	1.0	
GCA_006410655.1	DFW	Kobus ellipsiprymnus	Kobus ellipsiprymnus	Scaffold	ok	SJYR01001915.1:+:1	SJYR01001915.1	+	38777.0	59220.0	20444.0	6.0	5.827078626657778	1.0	2665.0	8514.623587997334	40444.0	2584.0	0.0638908119869449	4.0	1337.0	
GCA_006410675.1	KSP	Oreotragus oreotragus	Oreotragus oreotragus	Scaffold	ok	SJYX01007479.1:+:1	SJYX01007479.1	+	103622.0	126783.0	23162.0	4.0	3.989545997610514	1.0	2368.0	5933.663799283154	43162.0	2.0	4.633705574347806e-05	2.0	1.0	
GCA_006410695.1	MXD	Philantomba maxwellii	Philantomba maxwellii	Scaffold	error																	CalledProcessError: Command '['/usr/local/bin/datasets', 'download', 'genome', 'accession', 'GCA_006410695.1', '--include', 'genome', '--filename', '/home/morpheus/retraction_watch_plots/gprc6a/GPRC6A_Ruminantia/cache/genomes/GCA_006410695.1/GCA_006410695.1.zip', '--no-progressbar']' returned non-zero exit status 1.
GCA_006410735.1	SNB	Raphicerus campestris	Raphicerus campestris	Scaffold	ok	SJYW01003942.1:+:1	SJYW01003942.1	+	181593.0	199393.0	17801.0	4.0	3.774841488795315	1.0	1727.0	5805.1524466385945	37801.0	8635.0	0.22843311023517895	10.0	8626.0	
GCA_006410755.1	BNG	Tragelaphus eurycerus	Tragelaphus eurycerus	Scaffold	ok	SJYI010057088.1:+:1	SJYI010057088.1	+	4402.0	27846.0	23445.0	6.0	5.429893146205221	1.0	2854.0	8414.367943861565	29585.0	5212.0	0.17617035659962818	17.0	682.0	
GCA_006410775.1	LEK	Tragelaphus imberbis	Tragelaphus imberbis	Scaffold	ok	SJYM01001015.1:+:1	SJYM01001015.1	+	5277973.0	5309024.0	31052.0	6.0	5.680094270982721	1.0	2936.0	8497.628281294817	51052.0	11368.0	0.2226749196897281	6.0	6699.0	
GCA_006410795.1	GTK	Tragelaphus strepsiceros	Tragelaphus strepsiceros	Scaffold	ok	SJYU01002727.1:+:1	SJYU01002727.1	+	651444.0	668558.0	17115.0	5.0	4.865368603488947	1.0	2778.8	7237.490581046684	37115.0	1216.0	0.0327630338138219	2.0	703.0	
GCA_006410875.1	RAL	Neotragus pygmaeus	Neotragus pygmaeus	Scaffold	ok	SJYV01034294.1:+:1	SJYV01034294.1	+	690615.0	709201.0	18587.0	5.0	4.991935483870968	1.0	2909.0	7288.48064516129	38587.0	677.0	0.017544768963640604	10.0	668.0	
GCA_006410935.1	BHR	Redunca redunca	Redunca redunca	Scaffold	ok	SJYQ01104328.1:+:1	SJYQ01104328.1	+	841518.0	861595.0	20078.0	6.0	5.827289157405794	1.0	2696.0	8517.786747221739	40078.0	0.0	0.0	0.0	0.0	
GCA_006411015.1	STG	Tragelaphus spekii	Tragelaphus spekii	Scaffold	ok	SJYL010004343.1:+:1	SJYL010004343.1	+	423158.0	444644.0	21487.0	5.0	4.680991131969268	1.0	2684.0	7172.69733959078	41487.0	2902.0	0.06994962277339889	4.0	2899.0	
GCA_006411685.1	MTN	Tragelaphus buxtoni	Tragelaphus buxtoni	Scaffold	ok	SJYJ010269994.1:-:1	SJYJ010269994.1	-	1569.0	13660.0	12092.0	3.0	2.450934364134133	1.0	1435.0	4378.78030924024	15530.0	3400.0	0.2189311010946555	10.0	513.0	
GCA_006416875.1	CME	Tragelaphus oryx	Tragelaphus oryx	Scaffold	ok	SJYK013548557.1:+:1	SJYK013548557.1	+	312.0	1343.0	1032.0	1.0	0.9542600896860987	0.5	1140.0	1650.2780269058296	1415.0	0.0	0.0	0.0	0.0	
GCA_006417275.1	ORB	Ourebia ourebi	Ourebia ourebi	Scaffold	ok	SJXZ013217770.1:-:1	SJXZ013217770.1	-	261.0	1340.0	1080.0	1.0	1.0	0.5	1254.0	1675.4	1869.0	0.0	0.0	0.0	0.0	
GCA_006459085.1	FMD	Moschus berezovskii	Moschus berezovskii	Scaffold	ok	SGQJ01003285.1:-:1	SGQJ01003285.1	-	304186.0	325405.0	21220.0	6.0	5.843277483819271	1.0	3328.0	8585.78324514578	41220.0	0.0	0.0	0.0	0.0	
GCA_006459105.1	NPU_HINE_1.0	Hydropotes inermis	Hydropotes inermis	Scaffold	ok	SPDZ01000796.1:-:1	SPDZ01000796.1	-	280300.0	299599.0	19300.0	6.0	5.80385096052178	1.0	2777.0	8518.855288156534	39300.0	10.0	0.0002544529262086514	1.0	10.0	
GCA_006461545.1	NPU_MBRE_1.0	Moschus berezovskii	Moschus berezovskii	Scaffold	ok	SPDX01004596.1:+:1	SPDX01004596.1	+	698560.0	732985.0	34426.0	6.0	5.849251199470406	1.0	3333.0	8588.075359841121	54426.0	120.0	0.0022048285745783266	10.0	111.0	
GCA_006461725.1	NPU_MCHR_1.0	Moschus chrysogaster	Moschus chrysogaster	Scaffold	ok	SPDY01007010.1:+:1	SPDY01007010.1	+	4347.0	35539.0	31193.0	5.0	3.4574587716044523	1.0	1689.0	6706.137631481335	45539.0	19933.0	0.43771272974812797	11.0	5347.0	
GCA_006942125.1	SCBI_HNig_1.0	Hippotragus niger niger	Hippotragus niger	Scaffold	ok	VHQK01014193.1:+:1	VHQK01014193.1	+	667850.0	687603.0	19754.0	6.0	5.9385925532667585	1.0	2679.0	8549.477765980027	39754.0	108.0	0.0027167077526789756	1.0	108.0	
GCA_007570765.1	GSC_moose_1.0	Alces alces	Alces alces	Scaffold	ok	ML664785.1:+:1	ML664785.1	+	3944973.0	3965142.0	20170.0	6.0	5.746158415965252	1.0	2820.0	8505.847524789575	40170.0	0.0	0.0	0.0	0.0	
GCA_007570785.1	GSC_phorn_1.0	Antilocapra americana	Antilocapra americana	Scaffold	ok	ML662442.1:+:1	ML662442.1	+	31343448.0	31362587.0	19140.0	6.0	5.961927255808434	1.0	3178.0	8606.37817674253	39140.0	0.0	0.0	0.0	0.0	
GCA_007646595.3	ASM764659v3	Bos mutus	Bos mutus	Scaffold	ok	VBQZ03000163.1:-:1	VBQZ03000163.1	-	172313.0	191963.0	19651.0	6.0	5.733324165019926	1.0	3175.0	8537.497249505977	39651.0	924.0	0.023303321479912233	1.0	924.0	
GCA_007844835.1	NRC_Mithun_1	Bos frontalis	Bos frontalis	Scaffold	ok	RBVW01002621.1:-:1	RBVW01002621.1	-	191606.0	211505.0	19900.0	6.0	5.733324165019926	1.0	3216.0	8541.597249505978	39900.0	1081.0	0.027092731829573936	2.0	1080.0	
GCA_008782695.1	UCB_Mmun_1.0	Muntiacus muntjak	Muntiacus muntjak	Chromosome	ok	CM018502.1:-:1	CM018502.1	-	376328947.0	376348970.0	20024.0	6.0	5.838941921119891	1.0	2764.0	8528.082576335966	40024.0	0.0	0.0	0.0	0.0	
GCA_008787405.2	UCB_Mree_1.1	Muntiacus reevesi	Muntiacus reevesi	Chromosome	ok	CM018496.1:-:1	CM018496.1	-	27916226.0	27936260.0	20035.0	6.0	5.838941921119891	1.0	2793.0	8530.982576335966	40035.0	0.0	0.0	0.0	0.0	
GCA_008931205.1	ASM893120v1	Muntiacus muntjak	Muntiacus muntjak	Scaffold	ok	RAWV01046695.1:+:1	RAWV01046695.1	+	16164739.0	16180879.0	16141.0	5.0	4.835354477173702	1.0	2511.0	7201.706343152111	36141.0	223.0	0.006170277524141557	2.0	139.0	
GCA_009493645.1	ARS_UNL_BGru_maternal_1.0_p	Bos grunniens x Bos taurus	Bos grunniens x Bos taurus	Chromosome	ok	CM018741.1:+:1	CM018741.1	+	34012659.0	34032315.0	19657.0	6.0	5.733324165019926	1.0	3180.0	8537.997249505977	39657.0	0.0	0.0	0.0	0.0	
GCA_009493655.1	ARS_UNL_Btau-highland_paternal_1.0_alt	Bos grunniens x Bos taurus	Bos grunniens x Bos taurus	Chromosome	error																	CalledProcessError: Command '['/usr/local/bin/datasets', 'download', 'genome', 'accession', 'GCA_009493655.1', '--include', 'genome', '--filename', '/home/morpheus/retraction_watch_plots/gprc6a/GPRC6A_Ruminantia/cache/genomes/GCA_009493655.1/GCA_009493655.1.zip', '--no-progressbar']' returned non-zero exit status 1.
GCA_009758055.1	ASM975805v1	Oreamnos americanus	Oreamnos americanus	Scaffold	ok	WJNR01002662.1:+:1	WJNR01002662.1	+	4399342.0	4419146.0	19805.0	6.0	5.937397810136533	1.0	2631.0	8544.319343040961	39805.0	200.0	0.0050244944102499686	2.0	100.0	
GCA_009823495.1	ASM982349v1	Capra hircus	Capra hircus	Scaffold	ok	QWFW01034905.1:+:1	QWFW01034905.1	+	21029437.0	21049260.0	19824.0	6.0	5.9385925532667585	1.0	2694.0	8550.977765980027	39824.0	0.0	0.0	0.0	0.0	
GCA_010411085.1	CEY_v1	Cervus hanglu yarkandensis	Cervus hanglu	Chromosome	ok	CM021219.1:+:1	CM021219.1	+	31007878.0	31023933.0	16056.0	5.0	4.957718175135211	1.0	2656.0	7252.915452540564	36056.0	0.0	0.0	0.0	0.0	
GCA_011170295.1	ASM1117029v1	Ovis aries	Ovis aries	Chromosome	ok	CM022026.1:+:1	CM022026.1	+	22422155.0	22441903.0	19749.0	6.0	5.81174785304632	1.0	2698.0	8513.324355913895	39749.0	0.0	0.0	0.0	0.0	
GCA_011751665.1	IMAU_Mmos_1.0	Moschus moschiferus	Moschus moschiferus	Scaffold	ok	JAAIGH010000264.1:+:1	JAAIGH010000264.1	+	3400677.0	3422481.0	21805.0	6.0	5.961448506117305	1.0	3329.0	8621.33455183519	41805.0	771.0	0.01844277000358809	1.0	771.0	
GCA_012069665.1	cow.Unzip_primary	Bos indicus x Bos taurus	Bos indicus x Bos taurus	Contig	ok	JAAIXR010000008.1:-:1	JAAIXR010000008.1	-	53113945.0	53133824.0	19880.0	6.0	5.855389892719457	1.0	3251.0	8581.716967815837	39880.0	0.0	0.0	0.0	0.0	
GCA_012070425.1	cow.Unzip_haplotigs	Bos indicus x Bos taurus	Bos indicus x Bos taurus	Contig	ok	JAAIXS010000928.1:-:1	JAAIXS010000928.1	-	574684.0	594592.0	19909.0	6.0	5.855389892719457	1.0	3240.0	8580.616967815837	39909.0	0.0	0.0	0.0	0.0	
GCA_012070445.1	cow.phase1_contigs	Bos indicus x Bos taurus	Bos indicus x Bos taurus	Contig	ok	JAAIXU010000008.1:-:1	JAAIXU010000008.1	-	53099620.0	53119528.0	19909.0	6.0	5.855389892719457	1.0	3240.0	8580.616967815837	39909.0	0.0	0.0	0.0	0.0	
GCA_012070465.1	cow.phase0_contigs	Bos indicus x Bos taurus	Bos indicus x Bos taurus	Contig	ok	JAAIXT010000008.1:-:1	JAAIXT010000008.1	-	53370631.0	53390510.0	19880.0	6.0	5.855389892719457	1.0	3251.0	8581.716967815837	39880.0	0.0	0.0	0.0	0.0	
GCA_012070475.1	cow.phase0_scaffolds	Bos indicus x Bos taurus	Bos indicus x Bos taurus	Scaffold	ok	JAAIXV010000010.1:-:1	JAAIXV010000010.1	-	72866132.0	72886040.0	19909.0	6.0	5.855389892719457	1.0	3240.0	8580.616967815837	39909.0	0.0	0.0	0.0	0.0	
GCA_012070485.1	cow.phase1_scaffolds	Bos indicus x Bos taurus	Bos indicus x Bos taurus	Scaffold	ok	JAAIXW010000010.1:-:1	JAAIXW010000010.1	-	73139520.0	73159399.0	19880.0	6.0	5.855389892719457	1.0	3251.0	8581.716967815837	39880.0	0.0	0.0	0.0	0.0	
GCA_012922965.1	ASM1292296v1	Capreolus pygargus	Capreolus pygargus	Scaffold	error																	CalledProcessError: Command '['/usr/local/bin/datasets', 'download', 'genome', 'accession', 'GCA_012922965.1', '--include', 'genome', '--filename', '/home/morpheus/retraction_watch_plots/gprc6a/GPRC6A_Ruminantia/cache/genomes/GCA_012922965.1/GCA_012922965.1.zip', '--no-progressbar']' returned non-zero exit status 1.
GCA_013496395.1	ASM1349639v1	Giraffa tippelskirchi	Giraffa tippelskirchi	Chromosome	error																	CalledProcessError: Command '['/usr/local/bin/datasets', 'download', 'genome', 'accession', 'GCA_013496395.1', '--include', 'genome', '--filename', '/home/morpheus/retraction_watch_plots/gprc6a/GPRC6A_Ruminantia/cache/genomes/GCA_013496395.1/GCA_013496395.1.zip', '--no-progressbar']' returned non-zero exit status 1.
GCA_014182915.2	ARS_UOA_Gaur_1.1	Bos gaurus	Bos gaurus	Chromosome	error																	CalledProcessError: Command '['/usr/local/bin/datasets', 'download', 'genome', 'accession', 'GCA_014182915.2', '--include', 'genome', '--filename', '/home/morpheus/retraction_watch_plots/gprc6a/GPRC6A_Ruminantia/cache/genomes/GCA_014182915.2/GCA_014182915.2.zip', '--no-progressbar']' returned non-zero exit status 1.
GCA_014523465.1	CAU_Oori_1.0	Ovis orientalis	Ovis orientalis	Chromosome	ok	CM025421.1:-:1	CM025421.1	-	70545370.0	70565620.0	20251.0	6.0	5.81174785304632	1.0	2702.0	8513.724355913897	40251.0	0.0	0.0	0.0	0.0	
GCA_014726795.1	Odo_v1	Odocoileus virginianus	Odocoileus virginianus	Scaffold	ok	JAAVWD010001061.1:-:1	JAAVWD010001061.1	-	265697.0	286335.0	20639.0	6.0	5.849251199470406	1.0	2846.0	8539.375359841122	40639.0	0.0	0.0	0.0	0.0	
GCA_014754425.2	SCBI_Odam_1.1	Oryx dammah	Oryx dammah	Scaffold	ok	JABAEV010000004.1:+:1	JABAEV010000004.1	+	21324383.0	21344150.0	19768.0	6.0	5.816526825567228	1.0	2727.0	8517.65804767017	39768.0	0.0	0.0	0.0	0.0	
GCA_014898785.1	LSU_RangTar_1.0	Rangifer tarandus granti	Rangifer tarandus	Scaffold	error																	CalledProcessError: Command '['/usr/local/bin/datasets', 'download', 'genome', 'accession', 'GCA_014898785.1', '--include', 'genome', '--filename', '/home/morpheus/retraction_watch_plots/gprc6a/GPRC6A_Ruminantia/cache/genomes/GCA_014898785.1/GCA_014898785.1.zip', '--no-progressbar']' returned non-zero exit status 1.
GCA_014926565.1	Klec_v1.0	Kobus leche leche	Kobus leche	Scaffold	ok	JACEGT010019637.1:-:1	JACEGT010019637.1	-	1181716.0	1201733.0	20018.0	6.0	5.823789152973568	1.0	2663.0	8513.43674589207	40018.0	0.0	0.0	0.0	0.0	
GCA_015443085.1	Saanen_v1	Capra hircus	Capra hircus	Chromosome	ok	CM027058.1:+:1	CM027058.1	+	21043157.0	21062972.0	19816.0	6.0	5.9385925532667585	1.0	2700.0	8551.577765980028	39816.0	0.0	0.0	0.0	0.0	
GCA_015832495.2	NRM_Aalces_2_0.fsa	Alces alces	Alces alces	Scaffold	ok	JADEYB020000006.1:+:1	JADEYB020000006.1	+	47433048.0	47453224.0	20177.0	6.0	5.746158415965252	1.0	2826.0	8506.447524789575	40177.0	0.0	0.0	0.0	0.0	
GCA_016433095.1	ASM1643309v1	Hippotragus equinus	Hippotragus equinus	Scaffold	ok	JAEFBM010000762.1:-:1	JAEFBM010000762.1	-	349556.0	369318.0	19763.0	6.0	5.9385925532667585	1.0	2779.0	8559.477765980027	39763.0	0.0	0.0	0.0	0.0	
GCA_016772045.2	ARS-UI_Ramb_v3.0	Ovis aries	Ovis aries	Chromosome	ok	CM028711.1:+:1	CM028711.1	+	21046625.0	21066920.0	20296.0	6.0	5.816526825567228	1.0	2721.0	8517.058047670169	40296.0	0.0	0.0	0.0	0.0	
GCA_017311355.1	CVASU_Gayal_001	Bos frontalis	Bos frontalis	Contig	ok	JAFDUV010074763.1:+:1	JAFDUV010074763.1	+	1278.0	6307.0	5030.0	3.0	2.869869756171437	1.0	1651.0	4526.060926851432	16307.0	0.0	0.0	0.0	0.0	
GCA_017524585.1	CAU_O.aries_1.0	Ovis aries	Ovis aries	Chromosome	ok	CM029826.1:+:1	CM029826.1	+	21237016.0	21256771.0	19756.0	6.0	5.816526825567228	1.0	2714.0	8516.358047670168	39756.0	0.0	0.0	0.0	0.0	
GCA_017591445.1	ASM1759144v1	Giraffa camelopardalis rothschildi	Giraffa camelopardalis	Chromosome	error																	CalledProcessError: Command '['/usr/local/bin/datasets', 'download', 'genome', 'accession', 'GCA_017591445.1', '--include', 'genome', '--filename', '/home/morpheus/retraction_watch_plots/gprc6a/GPRC6A_Ruminantia/cache/genomes/GCA_017591445.1/GCA_017591445.1.zip', '--no-progressbar']' returned non-zero exit status 1.
GCA_018282235.1	ASM1828223v1	Giraffa camelopardalis antiquorum	Giraffa camelopardalis	Scaffold	ok	JABSTO010000005.1:-:1	JABSTO010000005.1	-	48699150.0	48719620.0	20471.0	6.0	5.971316927169937	1.0	3517.0	8643.095078150982	40471.0	0.0	0.0	0.0	0.0	
GCA_018282365.1	ARS-UCSC_bison1.0	Bos taurus x Bison bison	Bos taurus x Bison bison	Chromosome	ok	CM031126.1:+:1	CM031126.1	+	33727913.0	33747673.0	19761.0	6.0	5.823131828203328	1.0	3226.0	8569.539548460998	39761.0	0.0	0.0	0.0	0.0	
GCA_018282465.1	ARS_Simm1.0	Bos taurus x Bison bison	Bos taurus x Bison bison	Chromosome	ok	CM031156.1:+:1	CM031156.1	+	33904532.0	33924098.0	19567.0	6.0	5.855389892719457	1.0	3241.0	8580.716967815837	39567.0	0.0	0.0	0.0	0.0	
GCA_018357025.1	ASM1835702v1	Capra hircus	Capra hircus	Scaffold	no_blast_hit																	
GCA_018804185.1	NWAFU_Friesian_1.0	Ovis aries	Ovis aries	Chromosome	ok	CM032013.1:+:1	CM032013.1	+	21320076.0	21339711.0	19636.0	6.0	5.81174785304632	1.0	2698.0	8513.324355913895	39636.0	0.0	0.0	0.0	0.0	
GCA_019145175.1	ASM1914517v1	Ovis aries	Ovis aries	Chromosome	error																	CalledProcessError: Command '['/usr/local/bin/datasets', 'download', 'genome', 'accession', 'GCA_019145175.1', '--include', 'genome', '--filename', '/home/morpheus/retraction_watch_plots/gprc6a/GPRC6A_Ruminantia/cache/genomes/GCA_019145175.1/GCA_019145175.1.zip', '--no-progressbar']' returned non-zero exit status 1.
GCA_019320065.1	ASM1932006v1	Cervus canadensis	Cervus canadensis	Chromosome	ok	CM033210.1:+:1	CM033210.1	+	45812667.0	45828719.0	16053.0	5.0	4.957718175135211	1.0	2642.0	7251.515452540563	36053.0	0.0	0.0	0.0	0.0	
GCA_019593525.1	ASM1959352v1	Addax nasomaculatus	Addax nasomaculatus	Scaffold	ok	JAIEZW010000047.1:+:1	JAIEZW010000047.1	+	18305870.0	18325649.0	19780.0	6.0	5.816526825567228	1.0	2742.0	8519.15804767017	39780.0	2719.0	0.06835093011563599	6.0	2523.0	
GCA_019903745.2	ULRtarCaribou_2v2	Rangifer tarandus caribou	Rangifer tarandus	Chromosome	ok	CM056421.1:-:1	CM056421.1	-	27509658.0	27529235.0	19578.0	6.0	5.849251199470406	1.0	2852.0	8539.975359841123	39578.0	0.0	0.0	0.0	0.0	
GCA_019923925.1	NDDB_DH_1	Bubalus bubalis	Bubalus bubalis	Chromosome	error																	CalledProcessError: Command '['/usr/local/bin/datasets', 'download', 'genome', 'accession', 'GCA_019923925.1', '--include', 'genome', '--filename', '/home/morpheus/retraction_watch_plots/gprc6a/GPRC6A_Ruminantia/cache/genomes/GCA_019923925.1/GCA_019923925.1.zip', '--no-progressbar']' returned non-zero exit status 1.
GCA_019923935.1	NDDB_SH_1	Bubalus bubalis	Bubalus bubalis	Chromosome	ok	CM034280.1:-:1	CM034280.1	-	70377730.0	70397595.0	19866.0	4.0	3.9584826762246115	1.0	2594.0	5946.944802867383	39866.0	0.0	0.0	0.0	0.0	
GCA_019969365.1	SCBI_Ndam_1.0	Nanger dama ruficollis	Nanger dama	Scaffold	ok	JAHTZZ010000003.1:+:1	JAHTZZ010000003.1	+	72759467.0	72775059.0	15593.0	5.0	4.991935483870968	1.0	2844.0	7281.98064516129	35593.0	0.0	0.0	0.0	0.0	
GCA_020226025.1	ASM2022602v1	Muntiacus gongshanensis	Muntiacus gongshanensis	Scaffold	ok	JAGTXU010000020.1:+:1	JAGTXU010000020.1	+	19437709.0	19457749.0	20041.0	6.0	5.838941921119891	1.0	2813.0	8532.982576335966	40041.0	0.0	0.0	0.0	0.0	
GCA_020226045.1	ASM2022604v1	Muntiacus reevesi	Muntiacus reevesi	Chromosome	error																	CalledProcessError: Command '['/usr/local/bin/datasets', 'download', 'genome', 'accession', 'GCA_020226045.1', '--include', 'genome', '--filename', '/home/morpheus/retraction_watch_plots/gprc6a/GPRC6A_Ruminantia/cache/genomes/GCA_020226045.1/GCA_020226045.1.zip', '--no-progressbar']' returned non-zero exit status 1.
GCA_020226055.1	ASM2022605v1	Muntiacus crinifrons	Muntiacus crinifrons	Chromosome	ok	CM035242.1:-:1	CM035242.1	-	220233823.0	220253844.0	20022.0	6.0	5.838941921119891	1.0	2862.0	8537.882576335967	40022.0	0.0	0.0	0.0	0.0	
GCA_020226075.1	ASM2022607v1	Hydropotes inermis	Hydropotes inermis	Chromosome	ok	CM035290.1:+:1	CM035290.1	+	47611339.0	47630638.0	19300.0	6.0	5.80385096052178	1.0	2777.0	8518.855288156534	39300.0	10.0	0.0002544529262086514	1.0	10.0	
GCA_020276665.1	ASM2027666v1	Muntiacus crinifrons	Muntiacus crinifrons	Chromosome	ok	CM035238.1:-:1	CM035238.1	-	221840703.0	221859743.0	19041.0	6.0	5.835354477173702	1.0	2848.0	8535.40634315211	39041.0	0.0	0.0	0.0	0.0	
GCA_020976825.1	BYU_Ohem_2021	Odocoileus hemionus	Odocoileus hemionus	Chromosome	ok	CM037454.1:+:1	CM037454.1	+	30296572.0	30296771.0	200.0	0.0	0.18295964125560538	0.5	56.3	310.51789237668163	20200.0	0.0	0.0	0.0	0.0	
GCA_021018645.1	ASM2101864v1	Antilocapra americana	Antilocapra americana	Scaffold	ok	JAJJWP010002222.1:+:1	JAJJWP010002222.1	+	2073340.0	2092484.0	19145.0	6.0	5.97223653415895	1.0	3171.0	8608.770960247684	39145.0	0.0	0.0	0.0	0.0	
GCA_021018665.1	miluL	Elaphurus davidianus	Elaphurus davidianus	Scaffold	ok	JAJIZU010038648.1:+:1	JAJIZU010038648.1	+	1322075.0	1338942.0	16868.0	5.0	4.957718175135211	1.0	2655.0	7252.8154525405635	36868.0	0.0	0.0	0.0	0.0	
GCA_021018685.1	ASM2101868v1	Okapia johnstoni	Okapia johnstoni	Scaffold	ok	JAJJWQ010037022.1:+:1	JAJJWQ010037022.1	+	1596967.0	1617947.0	20981.0	6.0	5.971316927169937	1.0	3463.0	8637.69507815098	40981.0	2729.0	0.0665918352407213	3.0	2727.0	
GCA_021234555.1	ARS-LIC_NZ_Jersey	Bos taurus	Bos taurus	Chromosome	ok	CM037804.1:+:1	CM037804.1	+	33810762.0	33830641.0	19880.0	6.0	5.855389892719457	1.0	3238.0	8580.416967815836	39880.0	0.0	0.0	0.0	0.0	
GCA_021325815.1	ASM2132581v1	Ovis aries	Ovis aries	Scaffold	error																	CalledProcessError: Command '['/usr/local/bin/datasets', 'download', 'genome', 'accession', 'GCA_021325815.1', '--include', 'genome', '--filename', '/home/morpheus/retraction_watch_plots/gprc6a/GPRC6A_Ruminantia/cache/genomes/GCA_021325815.1/GCA_021325815.1.zip', '--no-progressbar']' returned non-zero exit status 1.
GCA_021325835.1	ASM2132583v1	Ovis aries	Ovis aries	Scaffold	error																	CalledProcessError: Command '['/usr/local/bin/datasets', 'download', 'genome', 'accession', 'GCA_021325835.1', '--include', 'genome', '--filename', '/home/morpheus/retraction_watch_plots/gprc6a/GPRC6A_Ruminantia/cache/genomes/GCA_021325835.1/GCA_021325835.1.zip', '--no-progressbar']' returned non-zero exit status 1.
GCA_021325855.1	ASM2132585v1	Ovis aries	Ovis aries	Scaffold	error																	CalledProcessError: Command '['/usr/local/bin/datasets', 'download', 'genome', 'accession', 'GCA_021325855.1', '--include', 'genome', '--filename', '/home/morpheus/retraction_watch_plots/gprc6a/GPRC6A_Ruminantia/cache/genomes/GCA_021325855.1/GCA_021325855.1.zip', '--no-progressbar']' returned non-zero exit status 1.
GCA_021325865.1	ASM2132586v1	Ovis aries	Ovis aries	Contig	error																	CalledProcessError: Command '['/usr/local/bin/datasets', 'download', 'genome', 'accession', 'GCA_021325865.1', '--include', 'genome', '--filename', '/home/morpheus/retraction_watch_plots/gprc6a/GPRC6A_Ruminantia/cache/genomes/GCA_021325865.1/GCA_021325865.1.zip', '--no-progressbar']' returned non-zero exit status 1.
GCA_021325875.1	ASM2132587v1	Ovis aries	Ovis aries	Scaffold	error																	CalledProcessError: Command '['/usr/local/bin/datasets', 'download', 'genome', 'accession', 'GCA_021325875.1', '--include', 'genome', '--filename', '/home/morpheus/retraction_watch_plots/gprc6a/GPRC6A_Ruminantia/cache/genomes/GCA_021325875.1/GCA_021325875.1.zip', '--no-progressbar']' returned non-zero exit status 1.
GCA_021325905.1	ASM2132590v1	Ovis aries	Ovis aries	Scaffold	ok	JAJTAG010000010.1:-:1	JAJTAG010000010.1	-	43414875.0	43435153.0	20279.0	6.0	5.816526825567228	1.0	2721.0	8517.058047670169	40279.0	0.0	0.0	0.0	0.0	
GCA_021325935.1	ASM2132593v1	Ovis aries	Ovis aries	Scaffold	ok	JAJTAF010000006.1:-:1	JAJTAF010000006.1	-	70315219.0	70335464.0	20246.0	6.0	5.816526825567228	1.0	2712.0	8516.15804767017	40246.0	0.0	0.0	0.0	0.0	
GCA_021326705.1	ASM2132670v1	Ovis aries	Ovis aries	Scaffold	ok	JAJTAI010000373.1:-:1	JAJTAI010000373.1	-	440163.0	459797.0	19635.0	6.0	5.81174785304632	1.0	2698.0	8513.324355913895	39635.0	0.0	0.0	0.0	0.0	
GCA_021326735.1	ASM2132673v1	Ovis aries	Ovis aries	Scaffold	ok	JAJTAH010000067.1:-:1	JAJTAH010000067.1	-	18284843.0	18305147.0	20305.0	6.0	5.816526825567228	1.0	2730.0	8517.958047670169	40305.0	0.0	0.0	0.0	0.0	
GCA_021326975.1	ASM2132697v1	Ovis aries	Ovis aries	Scaffold	ok	JAJTAK010000013.1:+:1	JAJTAK010000013.1	+	21500949.0	21521247.0	20299.0	6.0	5.816526825567228	1.0	2715.0	8516.458047670169	40299.0	0.0	0.0	0.0	0.0	
GCA_021327145.1	ASM2132714v1	Ovis aries	Ovis aries	Contig	ok	JAJTAJ010000779.1:-:1	JAJTAJ010000779.1	-	1804633.0	1824400.0	19768.0	6.0	5.81174785304632	1.0	2697.0	8513.224355913897	39768.0	0.0	0.0	0.0	0.0	
GCA_021327245.1	ASM2132724v1	Ovis aries	Ovis aries	Scaffold	error																	CalledProcessError: Command '['/usr/local/bin/datasets', 'download', 'genome', 'accession', 'GCA_021327245.1', '--include', 'genome', '--filename', '/home/morpheus/retraction_watch_plots/gprc6a/GPRC6A_Ruminantia/cache/genomes/GCA_021327245.1/GCA_021327245.1.zip', '--no-progressbar']' returned non-zero exit status 1.
GCA_021327285.1	ASM2132728v1	Ovis aries	Ovis aries	Scaffold	error																	CalledProcessError: Command '['/usr/local/bin/datasets', 'download', 'genome', 'accession', 'GCA_021327285.1', '--include', 'genome', '--filename', '/home/morpheus/retraction_watch_plots/gprc6a/GPRC6A_Ruminantia/cache/genomes/GCA_021327285.1/GCA_021327285.1.zip', '--no-progressbar']' returned non-zero exit status 1.
GCA_021327305.1	ASM2132730v1	Ovis aries	Ovis aries	Scaffold	ok	JAJTAO010000051.1:+:1	JAJTAO010000051.1	+	2720703.0	2740456.0	19754.0	6.0	5.81174785304632	1.0	2698.0	8513.324355913895	39754.0	0.0	0.0	0.0	0.0	
GCA_021327315.1	ASM2132731v1	Ovis aries	Ovis aries	Scaffold	ok	JAJTAN010000006.1:+:1	JAJTAN010000006.1	+	4571842.0	4592072.0	20231.0	6.0	5.816526825567228	1.0	2712.0	8516.15804767017	40231.0	0.0	0.0	0.0	0.0	
GCA_021327335.1	ASM2132733v1	Ovis aries	Ovis aries	Scaffold	ok	JAJTAQ010004928.1:-:1	JAJTAQ010004928.1	-	217108.0	236744.0	19637.0	6.0	5.81174785304632	1.0	2698.0	8513.324355913895	39637.0	0.0	0.0	0.0	0.0	
GCA_021327355.1	ASM2132735v1	Ovis aries	Ovis aries	Scaffold	ok	JAJTAP010000176.1:+:1	JAJTAP010000176.1	+	4521007.0	4540772.0	19766.0	6.0	5.81174785304632	1.0	2697.0	8513.224355913897	39766.0	0.0	0.0	0.0	0.0	
GCA_021327375.1	ASM2132737v1	Ovis aries	Ovis aries	Scaffold	ok	JAJTAR010000004.1:+:1	JAJTAR010000004.1	+	6750627.0	6770370.0	19744.0	6.0	5.81174785304632	1.0	2698.0	8513.324355913895	39744.0	0.0	0.0	0.0	0.0	
GCA_021327395.1	ASM2132739v1	Ovis aries	Ovis aries	Scaffold	ok	JAJTAA010000827.1:+:1	JAJTAA010000827.1	+	1314759.0	1334996.0	20238.0	6.0	5.816526825567228	1.0	2726.0	8517.558047670169	40238.0	0.0	0.0	0.0	0.0	
GCA_021327435.1	ASM2132743v1	Ovis aries	Ovis aries	Scaffold	error																	CalledProcessError: Command '['/usr/local/bin/datasets', 'download', 'genome', 'accession', 'GCA_021327435.1', '--include', 'genome', '--filename', '/home/morpheus/retraction_watch_plots/gprc6a/GPRC6A_Ruminantia/cache/genomes/GCA_021327435.1/GCA_021327435.1.zip', '--no-progressbar']' returned non-zero exit status 1.
GCA_021328935.1	ASM2132893v1	Ovis aries	Ovis aries	Scaffold	ok	JAJTAU010000064.1:-:1	JAJTAU010000064.1	-	20807643.0	20827946.0	20304.0	6.0	5.816526825567228	1.0	2721.0	8517.058047670169	40304.0	0.0	0.0	0.0	0.0	
GCA_021328945.1	ASM2132894v1	Ovis aries	Ovis aries	Scaffold	ok	JAJTAT010000091.1:+:1	JAJTAT010000091.1	+	4519552.0	4540167.0	20616.0	6.0	5.816526825567228	1.0	2721.0	8517.058047670169	40616.0	0.0	0.0	0.0	0.0	
GCA_021328955.1	ASM2132895v1	Ovis aries	Ovis aries	Contig	ok	JAJTAS010000042.1:-:1	JAJTAS010000042.1	-	15157647.0	15177395.0	19749.0	6.0	5.81174785304632	1.0	2698.0	8513.324355913895	39749.0	0.0	0.0	0.0	0.0	
GCA_021328995.1	ASM2132899v1	Ovis aries	Ovis aries	Scaffold	error																	CalledProcessError: Command '['/usr/local/bin/datasets', 'download', 'genome', 'accession', 'GCA_021328995.1', '--include', 'genome', '--filename', '/home/morpheus/retraction_watch_plots/gprc6a/GPRC6A_Ruminantia/cache/genomes/GCA_021328995.1/GCA_021328995.1.zip', '--no-progressbar']' returned non-zero exit status 1.
GCA_021347905.1	ARS-LIC_NZ_Holstein-Friesian_1	Bos taurus	Bos taurus	Chromosome	ok	CM038087.1:+:1	CM038087.1	+	33749671.0	33769234.0	19564.0	6.0	5.823131828203328	1.0	3220.0	8568.939548460998	39564.0	0.0	0.0	0.0	0.0	
GCA_021462335.1	ASM2146233v1	Ovibos moschatus	Ovibos moschatus	Scaffold	error																	CalledProcessError: Command '['/usr/local/bin/datasets', 'download', 'genome', 'accession', 'GCA_021462335.1', '--include', 'genome', '--filename', '/home/morpheus/retraction_watch_plots/gprc6a/GPRC6A_Ruminantia/cache/genomes/GCA_021462335.1/GCA_021462335.1.zip', '--no-progressbar']' returned non-zero exit status 1.
GCA_022244695.1	Oar_ARS-UKY_WhiteDorper_v1.0	Ovis aries	Ovis aries	Chromosome	error																	CalledProcessError: Command '['/usr/local/bin/datasets', 'download', 'genome', 'accession', 'GCA_022244695.1', '--include', 'genome', '--filename', '/home/morpheus/retraction_watch_plots/gprc6a/GPRC6A_Ruminantia/cache/genomes/GCA_022244695.1/GCA_022244695.1.zip', '--no-progressbar']' returned non-zero exit status 1.
GCA_022244705.1	Oar_ARS-UKY_Romanov_v1.0	Ovis aries	Ovis aries	Chromosome	ok	CM039353.1:+:1	CM039353.1	+	21204953.0	21225190.0	20238.0	6.0	5.816526825567228	1.0	2717.0	8516.65804767017	40238.0	0.0	0.0	0.0	0.0	
GCA_022376915.1	ASM2237691v1	Moschus berezovskii	Moschus berezovskii	Scaffold	error																	CalledProcessError: Command '['/usr/local/bin/datasets', 'download', 'genome', 'accession', 'GCA_022376915.1', '--include', 'genome', '--filename', '/home/morpheus/retraction_watch_plots/gprc6a/GPRC6A_Ruminantia/cache/genomes/GCA_022376915.1/GCA_022376915.1.zip', '--no-progressbar']' returned non-zero exit status 1.
GCA_022376925.1	ASM2237692v1	Tragulus kanchil	Tragulus kanchil	Scaffold	ok	JAIOJX010000026.1:+:1	JAIOJX010000026.1	+	198122450.0	198140082.0	17633.0	4.0	3.2573389009369373	1.0	1476.8	5624.881670281082	37633.0	0.0	0.0	0.0	0.0	
GCA_022416685.1	ASM2241668v1	Ovis aries	Ovis aries	Chromosome	ok	CM039798.1:+:1	CM039798.1	+	21305639.0	21325273.0	19635.0	6.0	5.81174785304632	1.0	2698.0	8513.324355913895	39635.0	0.0	0.0	0.0	0.0	
GCA_022416695.1	ASM2241669v1	Ovis aries	Ovis aries	Chromosome	ok	CM039771.1:+:1	CM039771.1	+	21454445.0	21474210.0	19766.0	6.0	5.81174785304632	1.0	2697.0	8513.224355913897	39766.0	0.0	0.0	0.0	0.0	
GCA_022416725.1	ASM2241672v1	Ovis aries	Ovis aries	Chromosome	ok	CM039744.1:+:1	CM039744.1	+	22177945.0	22197715.0	19771.0	6.0	5.81174785304632	1.0	2697.0	8513.224355913897	39771.0	0.0	0.0	0.0	0.0	
GCA_022416745.1	ASM2241674v1	Ovis aries	Ovis aries	Chromosome	ok	CM039879.1:+:1	CM039879.1	+	22025955.0	22046229.0	20275.0	6.0	5.816526825567228	1.0	2715.0	8516.458047670169	40275.0	0.0	0.0	0.0	0.0	
GCA_022416755.1	ASM2241675v1	Ovis aries	Ovis aries	Chromosome	ok	CM039852.1:+:1	CM039852.1	+	21250183.0	21270413.0	20231.0	6.0	5.816526825567228	1.0	2712.0	8516.15804767017	40231.0	0.0	0.0	0.0	0.0	
GCA_022416775.1	ASM2241677v1	Ovis aries	Ovis aries	Chromosome	ok	CM039960.1:+:1	CM039960.1	+	21148914.0	21169208.0	20295.0	6.0	5.816526825567228	1.0	2715.0	8516.458047670169	40295.0	0.0	0.0	0.0	0.0	
GCA_022416785.1	ASM2241678v1	Ovis aries	Ovis aries	Chromosome	ok	CM039906.1:+:1	CM039906.1	+	23013457.0	23033200.0	19744.0	6.0	5.81174785304632	1.0	2698.0	8513.324355913895	39744.0	0.0	0.0	0.0	0.0	
GCA_022416915.1	ASM2241691v1	Ovis aries	Ovis aries	Chromosome	error																	CalledProcessError: Command '['/usr/local/bin/datasets', 'download', 'genome', 'accession', 'GCA_022416915.1', '--include', 'genome', '--filename', '/home/morpheus/retraction_watch_plots/gprc6a/GPRC6A_Ruminantia/cache/genomes/GCA_022416915.1/GCA_022416915.1.zip', '--no-progressbar']' returned non-zero exit status 1.
GCA_022432825.1	ASM2243282v1	Ovis aries	Ovis aries	Chromosome	error																	CalledProcessError: Command '['/usr/local/bin/datasets', 'download', 'genome', 'accession', 'GCA_022432825.1', '--include', 'genome', '--filename', '/home/morpheus/retraction_watch_plots/gprc6a/GPRC6A_Ruminantia/cache/genomes/GCA_022432825.1/GCA_022432825.1.zip', '--no-progressbar']' returned non-zero exit status 1.
GCA_022432835.1	ASM2243283v1	Ovis aries	Ovis aries	Chromosome	ok	CM039987.1:+:1	CM039987.1	+	21604798.0	21625043.0	20246.0	6.0	5.816526825567228	1.0	2712.0	8516.15804767017	40246.0	0.0	0.0	0.0	0.0	
GCA_022432845.1	ASM2243284v1	Ovis aries	Ovis aries	Chromosome	ok	CM040041.1:+:1	CM040041.1	+	21450643.0	21470946.0	20304.0	6.0	5.816526825567228	1.0	2721.0	8517.058047670169	40304.0	0.0	0.0	0.0	0.0	
GCA_022457185.1	ASM2245718v1	Rangifer tarandus	Rangifer tarandus	Scaffold	ok	JAJJMQ010033966.1:+:1	JAJJMQ010033966.1	+	217.0	15940.0	15724.0	5.0	4.126448703539858	1.0	2427.0	6980.634611061957	25940.0	0.0	0.0	0.0	0.0	
GCA_022457235.1	LMD_DV1	Tragulus javanicus	Tragulus javanicus	Scaffold	ok	JAJJWJ010005645.1:+:1	JAJJWJ010005645.1	+	86812.0	97438.0	10627.0	2.0	1.922680412371134	1.0	1261.0	3202.90412371134	30627.0	8650.0	0.28243053514872496	7.0	3070.0	
GCA_022533635.2	ASM2253363v2	Ovibos moschatus	Ovibos moschatus	Scaffold	error																	CalledProcessError: Command '['/usr/local/bin/datasets', 'download', 'genome', 'accession', 'GCA_022533635.2', '--include', 'genome', '--filename', '/home/morpheus/retraction_watch_plots/gprc6a/GPRC6A_Ruminantia/cache/genomes/GCA_022533635.2/GCA_022533635.2.zip', '--no-progressbar']' returned non-zero exit status 1.
GCA_022538005.1	ASM2253800v1	Ovis aries	Ovis aries	Chromosome	ok	CM039825.1:+:1	CM039825.1	+	21498283.0	21518581.0	20299.0	6.0	5.816526825567228	1.0	2715.0	8516.458047670169	40299.0	0.0	0.0	0.0	0.0	
GCA_022702505.1	ASM2270250v1	Ovis aries	Ovis aries	Scaffold	error																	CalledProcessError: Command '['/usr/local/bin/datasets', 'download', 'genome', 'accession', 'GCA_022702505.1', '--include', 'genome', '--filename', '/home/morpheus/retraction_watch_plots/gprc6a/GPRC6A_Ruminantia/cache/genomes/GCA_022702505.1/GCA_022702505.1.zip', '--no-progressbar']' returned non-zero exit status 1.
GCA_022702665.1	ASM2270266v1	Ovis aries	Ovis aries	Scaffold	ok	JAKFGD010000031.1:-:1	JAKFGD010000031.1	-	67629158.0	67649454.0	20297.0	6.0	5.816526825567228	1.0	2715.0	8516.458047670169	40297.0	0.0	0.0	0.0	0.0	
GCA_023091745.2	Takin1.1	Budorcas taxicolor	Budorcas taxicolor	Chromosome	ok	CM041237.1:+:1	CM041237.1	+	25404766.0	25424629.0	19864.0	6.0	5.9385925532667585	1.0	2701.0	8551.677765980028	39864.0	0.0	0.0	0.0	0.0	
GCA_023699985.4	Ovbor_1.2	Odocoileus virginianus	Odocoileus virginianus	Chromosome	error																	CalledProcessError: Command '['/usr/local/bin/datasets', 'download', 'genome', 'accession', 'GCA_023699985.4', '--include', 'genome', '--filename', '/home/morpheus/retraction_watch_plots/gprc6a/GPRC6A_Ruminantia/cache/genomes/GCA_023699985.4/GCA_023699985.4.zip', '--no-progressbar']' returned non-zero exit status 1.
GCA_023701655.1	CAU_F1_paternal_1.0	Ovis ammon polii x Ovis aries	Ovis ammon polii x Ovis aries	Chromosome	error																	CalledProcessError: Command '['/usr/local/bin/datasets', 'download', 'genome', 'accession', 'GCA_023701655.1', '--include', 'genome', '--filename', '/home/morpheus/retraction_watch_plots/gprc6a/GPRC6A_Ruminantia/cache/genomes/GCA_023701655.1/GCA_023701655.1.zip', '--no-progressbar']' returned non-zero exit status 1.
GCA_023701675.1	CAU_F1_maternal_1.0	Ovis ammon polii x Ovis aries	Ovis ammon polii x Ovis aries	Chromosome	ok	CM043033.1:+:1	CM043033.1	+	21459578.0	21479735.0	20158.0	6.0	5.816526825567228	1.0	2726.0	8517.558047670169	40158.0	0.0	0.0	0.0	0.0	
GCA_024222135.1	ASM2422213v1	Ovis aries	Ovis aries	Scaffold	ok	JAMHGD010000028.1:+:1	JAMHGD010000028.1	+	1209110.0	1229345.0	20236.0	6.0	5.816526825567228	1.0	2721.0	8517.058047670169	40236.0	0.0	0.0	0.0	0.0	
GCA_024222175.1	ASM2422217v1	Ovis aries	Ovis aries	Chromosome	ok	CM044184.1:+:1	CM044184.1	+	23082852.0	23103152.0	20301.0	6.0	5.816526825567228	1.0	2715.0	8516.458047670169	40301.0	0.0	0.0	0.0	0.0	
GCA_024222185.1	ASM2422218v1	Ovis aries	Ovis aries	Scaffold	error																	CalledProcessError: Command '['/usr/local/bin/datasets', 'download', 'genome', 'accession', 'GCA_024222185.1', '--include', 'genome', '--filename', '/home/morpheus/retraction_watch_plots/gprc6a/GPRC6A_Ruminantia/cache/genomes/GCA_024222185.1/GCA_024222185.1.zip', '--no-progressbar']' returned non-zero exit status 1.
GCA_024222265.1	ASM2422226v1	Ovis aries	Ovis aries	Chromosome	ok	CM044129.1:+:1	CM044129.1	+	22084127.0	22104361.0	20235.0	6.0	5.816526825567228	1.0	2725.0	8517.458047670169	40235.0	0.0	0.0	0.0	0.0	
GCA_024256485.1	ASM2425648v1	Ovis aries	Ovis aries	Scaffold	ok	JAMFTI010000476.1:-:1	JAMFTI010000476.1	-	761569.0	781858.0	20290.0	6.0	5.816526825567228	1.0	2725.0	8517.458047670169	40290.0	0.0	0.0	0.0	0.0	
GCA_024256505.1	ASM2425650v1	Ovis aries	Ovis aries	Scaffold	ok	JAMFTJ010000155.1:-:1	JAMFTJ010000155.1	-	772891.0	793191.0	20301.0	6.0	5.816526825567228	1.0	2715.0	8516.458047670169	40301.0	0.0	0.0	0.0	0.0	
GCA_024291935.2	TBG_Okapi_asm_v1	Okapia johnstoni	Okapia johnstoni	Chromosome	ok	CM044317.1:-:1	CM044317.1	-	63369178.0	63389664.0	20487.0	6.0	5.971316927169937	1.0	3463.0	8637.69507815098	40487.0	0.0	0.0	0.0	0.0	
GCA_024542955.1	B.taurus_INIA.1	Bos taurus	Bos taurus	Scaffold	ok	JANIWY010000008.1:+:1	JANIWY010000008.1	+	36034174.0	36054220.0	20047.0	6.0	5.855389892719457	1.0	3251.0	8581.716967815837	40047.0	621.0	0.015506779534047494	4.0	321.0	
GCA_025584935.1	MNHNYannick_LA_1	Bubalus depressicornis	Bubalus depressicornis	Scaffold	ok	JAMXBS010015876.1:-:1	JAMXBS010015876.1	-	14220.0	20012.0	5793.0	3.0	2.991935483870968	1.0	1663.0	4563.880645161291	18452.0	0.0	0.0	0.0	0.0	
GCA_026262375.1	ASM2626237v1	Bos indicus	Bos indicus	Chromosome	ok	CM048161.1:+:1	CM048161.1	+	33028662.0	33048502.0	19841.0	6.0	5.855389892719457	1.0	3238.0	8580.416967815836	39841.0	0.0	0.0	0.0	0.0	
GCA_026262465.1	ASM2626246v1	Bos indicus	Bos indicus	Chromosome	error																	CalledProcessError: Command '['/usr/local/bin/datasets', 'download', 'genome', 'accession', 'GCA_026262465.1', '--include', 'genome', '--filename', '/home/morpheus/retraction_watch_plots/gprc6a/GPRC6A_Ruminantia/cache/genomes/GCA_026262465.1/GCA_026262465.1.zip', '--no-progressbar']' returned non-zero exit status 1.
GCA_026262515.1	ASM2626251v1	Bos indicus	Bos indicus	Chromosome	ok	CM048101.1:+:1	CM048101.1	+	33848052.0	33867932.0	19881.0	6.0	5.855389892719457	1.0	3251.0	8581.716967815837	39881.0	0.0	0.0	0.0	0.0	
GCA_026262545.1	ASM2626254v1	Bos indicus	Bos indicus	Chromosome	ok	CM048071.1:+:1	CM048071.1	+	34123028.0	34142908.0	19881.0	6.0	5.855389892719457	1.0	3251.0	8581.716967815837	39881.0	0.0	0.0	0.0	0.0	
GCA_026652205.1	ASM2665220v1	Capra hircus	Capra hircus	Chromosome	ok	CM048875.1:+:1	CM048875.1	+	21011843.0	21031674.0	19832.0	6.0	5.9385925532667585	1.0	2707.0	8552.277765980029	39832.0	0.0	0.0	0.0	0.0	
GCA_027580195.2	NWIPB_WYAK_1.1	Bos mutus	Bos mutus	Chromosome	error																	CalledProcessError: Command '['/usr/local/bin/datasets', 'download', 'genome', 'accession', 'GCA_027580195.2', '--include', 'genome', '--filename', '/home/morpheus/retraction_watch_plots/gprc6a/GPRC6A_Ruminantia/cache/genomes/GCA_027580195.2/GCA_027580195.2.zip', '--no-progressbar']' returned non-zero exit status 1.
GCA_027580245.1	NWIPB_DYAK_1.0	Bos grunniens	Bos grunniens	Chromosome	ok	CM050818.1:+:1	CM050818.1	+	33891695.0	33911355.0	19661.0	6.0	5.733324165019926	1.0	3175.0	8537.497249505977	39661.0	0.0	0.0	0.0	0.0	
GCA_028583565.1	CAU_O.ammon polii_1.0	Ovis ammon polii	Ovis ammon	Chromosome	ok	CM053306.1:-:1	CM053306.1	-	71071473.0	71091753.0	20281.0	6.0	5.816526825567228	1.0	2726.0	8517.558047670169	40281.0	0.0	0.0	0.0	0.0	
GCA_028973685.2	SNU_Hanwoo_2.0	Bos taurus	Bos taurus	Chromosome	ok	CM054878.2:+:1	CM054878.2	+	35484997.0	35504585.0	19589.0	6.0	5.855389892719457	1.0	3229.0	8579.516967815836	39589.0	0.0	0.0	0.0	0.0	
GCA_029378735.1	NIAB-ARS_B.indSahiwal_pat_alt_1.0	Bos indicus	Bos indicus	Chromosome	ok	CM055552.1:+:1	CM055552.1	+	34012224.0	34032135.0	19912.0	6.0	5.823131828203328	1.0	3230.0	8569.939548460998	39912.0	0.0	0.0	0.0	0.0	
GCA_029378745.1	NIAB-ARS_B.indTharparkar_mat_pri_1.0	Bos indicus	Bos indicus	Chromosome	ok	CM055582.1:+:1	CM055582.1	+	34072501.0	34092382.0	19882.0	6.0	5.855389892719457	1.0	3251.0	8581.716967815837	39882.0	0.0	0.0	0.0	0.0	
GCA_029407905.2	PCC_UOA_SB_1v2	Bubalus kerabau	Bubalus kerabau	Chromosome	ok	CM055798.1:+:1	CM055798.1	+	41694407.0	41708433.0	14027.0	4.0	3.9584826762246115	1.0	2586.0	5946.144802867384	34027.0	0.0	0.0	0.0	0.0	
GCA_030254855.1	TAMU_Bison_Bison_3.0	Bos taurus x Bison bison	Bos taurus x Bison bison	Chromosome	ok	CM058106.1:+:1	CM058106.1	+	34900292.0	34919737.0	19446.0	6.0	5.823131828203328	1.0	3226.0	8569.539548460998	39446.0	0.0	0.0	0.0	0.0	
GCA_030267345.1	ASM3026734v1	Bos indicus	Bos indicus	Chromosome	error																	CalledProcessError: Command '['/usr/local/bin/datasets', 'download', 'genome', 'accession', 'GCA_030267345.1', '--include', 'genome', '--filename', '/home/morpheus/retraction_watch_plots/gprc6a/GPRC6A_Ruminantia/cache/genomes/GCA_030267345.1/GCA_030267345.1.zip', '--no-progressbar']' returned non-zero exit status 1.
GCA_030267355.1	ASM3026735v1	Bos indicus	Bos indicus	Chromosome	ok	CM058270.1:+:1	CM058270.1	+	33907546.0	33927426.0	19881.0	6.0	5.855389892719457	1.0	3251.0	8581.716967815837	39881.0	0.0	0.0	0.0	0.0	
GCA_030267375.1	ASM3026737v1	Bos indicus	Bos indicus	Chromosome	ok	CM058360.1:+:1	CM058360.1	+	34088342.0	34108305.0	19964.0	6.0	5.855389892719457	1.0	3233.0	8579.916967815836	39964.0	0.0	0.0	0.0	0.0	
GCA_030269505.1	ASM3026950v1	Bos indicus	Bos indicus	Chromosome	ok	CM058480.1:+:1	CM058480.1	+	34054386.0	34074266.0	19881.0	6.0	5.855389892719457	1.0	3251.0	8581.716967815837	39881.0	0.0	0.0	0.0	0.0	
GCA_030269805.1	ASM3026980v1	Bos indicus	Bos indicus	Scaffold	ok	JAKQXU010000029.1:+:1	JAKQXU010000029.1	+	34014259.0	34034139.0	19881.0	6.0	5.855389892719457	1.0	3251.0	8581.716967815837	39881.0	0.0	0.0	0.0	0.0	
GCA_030269815.1	ASM3026981v1	Bos indicus	Bos indicus	Chromosome	ok	CM058450.1:+:1	CM058450.1	+	35096619.0	35116581.0	19963.0	6.0	5.855389892719457	1.0	3228.0	8579.416967815836	39963.0	0.0	0.0	0.0	0.0	
GCA_030270685.1	ASM3027068v1	Bos indicus	Bos indicus	Chromosome	ok	CM058570.1:+:1	CM058570.1	+	34045358.0	34064947.0	19590.0	6.0	5.855389892719457	1.0	3229.0	8579.516967815836	39590.0	0.0	0.0	0.0	0.0	
GCA_030270705.1	ASM3027070v1	Bos indicus	Bos indicus	Chromosome	ok	CM058540.1:+:1	CM058540.1	+	33913423.0	33933263.0	19841.0	6.0	5.855389892719457	1.0	3229.0	8579.516967815836	39841.0	0.0	0.0	0.0	0.0	
GCA_030270715.1	ASM3027071v1	Bos indicus	Bos indicus	Chromosome	error																	CalledProcessError: Command '['/usr/local/bin/datasets', 'download', 'genome', 'accession', 'GCA_030270715.1', '--include', 'genome', '--filename', '/home/morpheus/retraction_watch_plots/gprc6a/GPRC6A_Ruminantia/cache/genomes/GCA_030270715.1/GCA_030270715.1.zip', '--no-progressbar']' returned non-zero exit status 1.
GCA_030270725.1	ASM3027072v1	Bos indicus	Bos indicus	Chromosome	ok	CM058600.1:+:1	CM058600.1	+	33895085.0	33914965.0	19881.0	6.0	5.855389892719457	1.0	3251.0	8581.716967815837	39881.0	0.0	0.0	0.0	0.0	
GCA_030270805.1	ASM3027080v1	Bos indicus	Bos indicus	Chromosome	error																	CalledProcessError: Command '['/usr/local/bin/datasets', 'download', 'genome', 'accession', 'GCA_030270805.1', '--include', 'genome', '--filename', '/home/morpheus/retraction_watch_plots/gprc6a/GPRC6A_Ruminantia/cache/genomes/GCA_030270805.1/GCA_030270805.1.zip', '--no-progressbar']' returned non-zero exit status 1.
GCA_030270825.1	ASM3027082v1	Bos indicus	Bos indicus	Chromosome	ok	CM058780.1:+:1	CM058780.1	+	33881946.0	33901510.0	19565.0	6.0	5.855389892719457	1.0	3241.0	8580.716967815837	39565.0	0.0	0.0	0.0	0.0	
GCA_030270845.1	ASM3027084v1	Bos indicus	Bos indicus	Chromosome	error																	CalledProcessError: Command '['/usr/local/bin/datasets', 'download', 'genome', 'accession', 'GCA_030270845.1', '--include', 'genome', '--filename', '/home/morpheus/retraction_watch_plots/gprc6a/GPRC6A_Ruminantia/cache/genomes/GCA_030270845.1/GCA_030270845.1.zip', '--no-progressbar']' returned non-zero exit status 1.
GCA_030270855.1	ASM3027085v1	Bos indicus	Bos indicus	Chromosome	error																	CalledProcessError: Command '['/usr/local/bin/datasets', 'download', 'genome', 'accession', 'GCA_030270855.1', '--include', 'genome', '--filename', '/home/morpheus/retraction_watch_plots/gprc6a/GPRC6A_Ruminantia/cache/genomes/GCA_030270855.1/GCA_030270855.1.zip', '--no-progressbar']' returned non-zero exit status 1.
GCA_030270865.1	ASM3027086v1	Bos indicus	Bos indicus	Chromosome	error																	CalledProcessError: Command '['/usr/local/bin/datasets', 'download', 'genome', 'accession', 'GCA_030270865.1', '--include', 'genome', '--filename', '/home/morpheus/retraction_watch_plots/gprc6a/GPRC6A_Ruminantia/cache/genomes/GCA_030270865.1/GCA_030270865.1.zip', '--no-progressbar']' returned non-zero exit status 1.
GCA_030270935.1	ASM3027093v1	Bos indicus	Bos indicus	Chromosome	ok	CM058960.1:+:1	CM058960.1	+	32655864.0	32675827.0	19964.0	6.0	5.855389892719457	1.0	3233.0	8579.916967815836	39964.0	0.0	0.0	0.0	0.0	
GCA_030270945.1	ASM3027094v1	Bos indicus	Bos indicus	Chromosome	ok	CM058930.1:+:1	CM058930.1	+	33510023.0	33529936.0	19914.0	6.0	5.823131828203328	1.0	3230.0	8569.939548460998	39914.0	0.0	0.0	0.0	0.0	
GCA_030270955.1	ASM3027095v1	Bos indicus	Bos indicus	Chromosome	ok	CM058900.1:+:1	CM058900.1	+	34863938.0	34883818.0	19881.0	6.0	5.855389892719457	1.0	3251.0	8581.716967815837	39881.0	0.0	0.0	0.0	0.0	
GCA_030270995.1	ASM3027099v1	Bos indicus	Bos indicus	Chromosome	ok	CM058990.1:+:1	CM058990.1	+	35091864.0	35111826.0	19963.0	6.0	5.855389892719457	1.0	3228.0	8579.416967815836	39963.0	0.0	0.0	0.0	0.0	
GCA_030271795.1	ASM3027179v1	Bos indicus	Bos indicus	Chromosome	ok	CM058300.1:+:1	CM058300.1	+	33878357.0	33897921.0	19565.0	6.0	5.855389892719457	1.0	3241.0	8580.716967815837	39565.0	0.0	0.0	0.0	0.0	
GCA_030271805.1	ASM3027180v1	Bos indicus	Bos indicus	Chromosome	ok	CM058390.1:+:1	CM058390.1	+	34020601.0	34040550.0	19950.0	6.0	5.855389892719457	1.0	3211.0	8577.716967815837	39950.0	0.0	0.0	0.0	0.0	
GCA_030272135.1	ASM3027213v1	Bos indicus	Bos indicus	Chromosome	ok	CM058420.1:+:1	CM058420.1	+	33925009.0	33944889.0	19881.0	6.0	5.855389892719457	1.0	3251.0	8581.716967815837	39881.0	0.0	0.0	0.0	0.0	
GCA_030272235.1	ASM3027223v1	Bos indicus	Bos indicus	Chromosome	ok	CM058510.1:+:1	CM058510.1	+	33954511.0	33974100.0	19590.0	6.0	5.855389892719457	1.0	3229.0	8579.516967815836	39590.0	0.0	0.0	0.0	0.0	
GCA_030272475.1	ASM3027247v1	Bos indicus	Bos indicus	Chromosome	ok	CM058630.1:+:1	CM058630.1	+	33776102.0	33796064.0	19963.0	6.0	5.855389892719457	1.0	3228.0	8579.416967815836	39963.0	0.0	0.0	0.0	0.0	
GCA_030272495.1	ASM3027249v1	Bos indicus	Bos indicus	Chromosome	ok	CM058720.1:+:1	CM058720.1	+	33809762.0	33829626.0	19865.0	6.0	5.855389892719457	1.0	3225.0	8579.116967815837	39865.0	0.0	0.0	0.0	0.0	
GCA_030272505.1	ASM3027250v1	Bos indicus	Bos indicus	Chromosome	ok	CM058750.1:+:1	CM058750.1	+	33234921.0	33254870.0	19950.0	6.0	5.855389892719457	1.0	3211.0	8577.716967815837	39950.0	0.0	0.0	0.0	0.0	
GCA_030378505.1	ASM3037850v1	Bos taurus	Bos taurus	Chromosome	no_blast_hit																	
GCA_030512445.1	ASM3051244v1	Ovis aries	Ovis aries	Chromosome	no_blast_hit																	
GCA_030847515.1	NIB_MC	Bos indicus	Bos indicus	Scaffold	ok	JASFDU010727397.1:+:1	JASFDU010727397.1	+	80.0	5086.0	5007.0	3.0	2.869869756171437	1.0	1660.0	4526.960926851431	5686.0	0.0	0.0	0.0	0.0	
GCA_032405125.2	serow.2	Capricornis sumatraensis	Capricornis sumatraensis	Chromosome	ok	CM073683.1:+:1	CM073683.1	+	21560865.0	21580732.0	19868.0	6.0	5.9385925532667585	1.0	2675.0	8549.077765980028	39868.0	0.0	0.0	0.0	0.0	
GCA_032433645.1	ASM3243364v1	Ovis aries	Ovis aries	Contig	ok	JAVYAH010485940.1:-:1	JAVYAH010485940.1	-	619.0	2626.0	2008.0	2.0	1.9766888470996673	1.0	1371.0	3230.1066541299	2971.0	0.0	0.0	0.0	0.0	
GCA_032452875.1	ARS-OSU_banteng_1.0	Bos javanicus	Bos javanicus	Chromosome	ok	CM063664.1:+:1	CM063664.1	+	33864579.0	33884465.0	19887.0	6.0	5.855389892719457	1.0	3225.0	8579.116967815837	39887.0	0.0	0.0	0.0	0.0	
GCA_033030755.1	IISER_Bind_1.0b	Bos indicus	Bos indicus	Contig	ok	JAUBKJ010000293.1:+:1	JAUBKJ010000293.1	+	2552990.0	2572870.0	19881.0	6.0	5.855389892719457	1.0	3251.0	8581.716967815837	39881.0	0.0	0.0	0.0	0.0	
GCA_033032115.1	SNNPC3_IISER1.0	Bos taurus	Bos taurus	Contig	ok	JASJPV010000924.1:+:1	JASJPV010000924.1	+	1373157.0	1393123.0	19967.0	6.0	5.855389892719457	1.0	3241.0	8580.716967815837	39967.0	0.0	0.0	0.0	0.0	
GCA_033118175.2	ASM3311817v2	Dama dama	Dama dama	Chromosome	ok	CM065627.1:+:1	CM065627.1	+	33025981.0	33045086.0	19106.0	6.0	5.849251199470406	1.0	2861.0	8540.875359841122	39106.0	0.0	0.0	0.0	0.0	
GCA_033439445.1	ASM3343944v1	Ovis aries	Ovis aries	Chromosome	ok	CM065858.1:+:1	CM065858.1	+	24123871.0	24144107.0	20237.0	6.0	5.816526825567228	1.0	2731.0	8518.058047670169	40237.0	0.0	0.0	0.0	0.0	
GCA_034097375.1	YAU_Btau_1.0	Bos taurus	Bos taurus	Chromosome	ok	CM067181.1:-:1	CM067181.1	-	70725149.0	70745029.0	19881.0	6.0	5.855389892719457	1.0	3242.0	8580.816967815837	39881.0	0.0	0.0	0.0	0.0	
GCA_034195675.1	ASM3419567v1	Cervus nippon	Cervus nippon	Chromosome	ok	CM067242.1:-:1	CM067242.1	-	28027631.0	28043653.0	16023.0	5.0	4.957718175135211	1.0	2571.0	7244.415452540564	36023.0	0.0	0.0	0.0	0.0	
GCA_034233915.1	ASM3423391v1	Rucervus eldii siamensis	Rucervus eldii	Scaffold	error																	CalledProcessError: Command '['/usr/local/bin/datasets', 'download', 'genome', 'accession', 'GCA_034233915.1', '--include', 'genome', '--filename', '/home/morpheus/retraction_watch_plots/gprc6a/GPRC6A_Ruminantia/cache/genomes/GCA_034233915.1/GCA_034233915.1.zip', '--no-progressbar']' returned non-zero exit status 1.
GCA_034234005.1	CU_Burmeseeldsdeer	Rucervus eldii thamin	Rucervus eldii	Scaffold	ok	JAJHSM010000009.1:+:1	JAJHSM010000009.1	+	18525858.0	18542538.0	16681.0	5.0	4.937407541921352	1.0	2651.0	7246.322262576406	36681.0	251.0	0.006842779640685913	4.0	100.0	
GCA_038088365.1	NPU_CNip_2	Cervus nippon	Cervus nippon	Chromosome	ok	CM076046.1:+:1	CM076046.1	+	38051086.0	38067114.0	16029.0	5.0	4.961007648819422	1.0	2579.0	7246.202294645826	36029.0	0.0	0.0	0.0	0.0	
GCA_038501445.1	RusAlf_1.1	Rusa alfredi	Rusa alfredi	Scaffold	ok	JBCEYX010000028.1:+:1	JBCEYX010000028.1	+	30887837.0	30904877.0	17041.0	5.0	4.957718175135211	1.0	2643.0	7251.615452540564	37041.0	100.0	0.002699711130908993	1.0	100.0	
GCA_038502695.1	ASM3850269v1	Capra falconeri	Capra falconeri	Scaffold	ok	JAWPPH010023954.1:-:1	JAWPPH010023954.1	-	1505.0	15043.0	13539.0	3.0	3.1403074620356364	1.0	1135.8	4555.67223861069	16304.0	0.0	0.0	0.0	0.0	
GCA_039877825.1	ASM3987782v1	Muntiacus vaginalis	Muntiacus vaginalis	Chromosome	error																	CalledProcessError: Command '['/usr/local/bin/datasets', 'download', 'genome', 'accession', 'GCA_039877825.1', '--include', 'genome', '--filename', '/home/morpheus/retraction_watch_plots/gprc6a/GPRC6A_Ruminantia/cache/genomes/GCA_039877825.1/GCA_039877825.1.zip', '--no-progressbar']' returned non-zero exit status 1.
GCA_039881165.1	ASM3988116v1	Bos indicus	Bos indicus	Chromosome	error																	CalledProcessError: Command '['/usr/local/bin/datasets', 'download', 'genome', 'accession', 'GCA_039881165.1', '--include', 'genome', '--filename', '/home/morpheus/retraction_watch_plots/gprc6a/GPRC6A_Ruminantia/cache/genomes/GCA_039881165.1/GCA_039881165.1.zip', '--no-progressbar']' returned non-zero exit status 1.
GCA_039881175.1	ASM3988117v1	Bos taurus	Bos taurus	Chromosome	ok	CM078299.1:+:1	CM078299.1	+	33962253.0	33982147.0	19895.0	6.0	5.855389892719457	1.0	3242.0	8580.816967815837	39895.0	0.0	0.0	0.0	0.0	
GCA_040085125.1	ASM4008512v1	Cervus nippon	Cervus nippon	Chromosome	error																	CalledProcessError: Command '['/usr/local/bin/datasets', 'download', 'genome', 'accession', 'GCA_040085125.1', '--include', 'genome', '--filename', '/home/morpheus/retraction_watch_plots/gprc6a/GPRC6A_Ruminantia/cache/genomes/GCA_040085125.1/GCA_040085125.1.zip', '--no-progressbar']' returned non-zero exit status 1.
GCA_040182635.1	NWIPB_Pahodg_1.0	Pantholops hodgsonii	Pantholops hodgsonii	Chromosome	ok	CM079617.1:-:1	CM079617.1	-	70394118.0	70414559.0	20442.0	6.0	5.807137154205726	1.0	2741.0	8516.241146261718	40442.0	0.0	0.0	0.0	0.0	
GCA_040259355.1	ASM4025935v1	Ovis aries	Ovis aries	Chromosome	ok	CM079910.1:+:1	CM079910.1	+	22728606.0	22748347.0	19742.0	6.0	5.81174785304632	1.0	2689.0	8512.424355913896	39742.0	0.0	0.0	0.0	0.0	
GCA_040285425.1	UOA_Tuli_1	Bos taurus	Bos taurus	Chromosome	ok	CM079957.1:+:1	CM079957.1	+	47411730.0	47431293.0	19564.0	6.0	5.855389892719457	1.0	3241.0	8580.716967815837	39564.0	0.0	0.0	0.0	0.0	
GCA_040286185.1	UOA_Wagyu_1	Bos taurus	Bos taurus	Chromosome	ok	CM079987.1:+:1	CM079987.1	+	57608031.0	57627909.0	19879.0	6.0	5.855389892719457	1.0	3256.0	8582.216967815837	39879.0	0.0	0.0	0.0	0.0	
GCA_040438115.1	ASM4043811v1	Tragelaphus eurycerus isaaci	Tragelaphus eurycerus	Chromosome	ok	CM080738.1:-:1	CM080738.1	-	74874268.0	74895298.0	21031.0	6.0	5.680991131969268	1.0	2892.0	8493.497339590782	41031.0	878.0	0.021398454826838244	1.0	878.0	
GCA_040543055.1	ASM4054305v1	Ovis aries	Ovis aries	Chromosome	ok	CM080903.1:-:1	CM080903.1	-	71756948.0	71777180.0	20233.0	6.0	5.816526825567228	1.0	2722.0	8517.15804767017	40233.0	0.0	0.0	0.0	0.0	
GCA_040805955.1	T2T-sheep1.0	Ovis aries	Ovis aries	Complete Genome	ok	CP162247.1:+:1	CP162247.1	+	26226582.0	26246329.0	19748.0	6.0	5.81174785304632	1.0	2698.0	8513.324355913895	39748.0	0.0	0.0	0.0	0.0	
GCA_040806595.1	T2T-goat1.0	Capra hircus	Capra hircus	Complete Genome	ok	CP162217.1:+:1	CP162217.1	+	28561350.0	28581170.0	19821.0	6.0	5.9385925532667585	1.0	2702.0	8551.777765980029	39821.0	0.0	0.0	0.0	0.0	
GCA_040822015.1	ASM4082201v1	Capra hircus	Capra hircus	Chromosome	ok	CP155490.1:-:1	CP155490.1	-	70372849.0	70392656.0	19808.0	6.0	5.9385925532667585	1.0	2712.0	8552.777765980029	39808.0	0.0	0.0	0.0	0.0	
GCA_040836155.1	T2T-sheep1.0P	Ovis aries	Ovis aries	Chromosome	error																	CalledProcessError: Command '['/usr/local/bin/datasets', 'download', 'genome', 'accession', 'GCA_040836155.1', '--include', 'genome', '--filename', '/home/morpheus/retraction_watch_plots/gprc6a/GPRC6A_Ruminantia/cache/genomes/GCA_040836155.1/GCA_040836155.1.zip', '--no-progressbar']' returned non-zero exit status 1.
GCA_040970035.1	T2T-goat2.0M	Capra hircus	Capra hircus	Chromosome	ok	CP162711.1:+:1	CP162711.1	+	25986674.0	26006494.0	19821.0	6.0	5.9385925532667585	1.0	2702.0	8551.777765980029	39821.0	0.0	0.0	0.0	0.0	
GCA_041053135.1	T2T-goat2.0P	Capra hircus	Capra hircus	Chromosome	ok	CP162681.1:+:1	CP162681.1	+	26586889.0	26606706.0	19818.0	6.0	5.9385925532667585	1.0	2707.0	8552.277765980029	39818.0	0.0	0.0	0.0	0.0	
GCA_041121725.1	T2T-sheep1.0M	Ovis aries	Ovis aries	Chromosome	error																	CalledProcessError: Command '['/usr/local/bin/datasets', 'download', 'genome', 'accession', 'GCA_041121725.1', '--include', 'genome', '--filename', '/home/morpheus/retraction_watch_plots/gprc6a/GPRC6A_Ruminantia/cache/genomes/GCA_041121725.1/GCA_041121725.1.zip', '--no-progressbar']' returned non-zero exit status 1.
GCA_041156055.1	O.moschatus_RAN27_v1.0	Ovibos moschatus	Ovibos moschatus	Scaffold	error																	CalledProcessError: Command '['/usr/local/bin/datasets', 'download', 'genome', 'accession', 'GCA_041156055.1', '--include', 'genome', '--filename', '/home/morpheus/retraction_watch_plots/gprc6a/GPRC6A_Ruminantia/cache/genomes/GCA_041156055.1/GCA_041156055.1.zip', '--no-progressbar']' returned non-zero exit status 1.
GCA_041735815.1	T2T-goat2.0	Capra hircus	Capra hircus	Complete Genome	ok	CP168619.1:+:1	CP168619.1	+	28561350.0	28581170.0	19821.0	6.0	5.9385925532667585	1.0	2702.0	8551.777765980029	39821.0	0.0	0.0	0.0	0.0	
GCA_041736475.1	T2T-goat1.0M	Capra hircus	Capra hircus	Chromosome	ok	CP168366.1:+:1	CP168366.1	+	25986674.0	26006494.0	19821.0	6.0	5.9385925532667585	1.0	2702.0	8551.777765980029	39821.0	0.0	0.0	0.0	0.0	
GCA_041920685.1	T2T-goat1.0P	Capra hircus	Capra hircus	Chromosome	ok	CP168336.1:+:1	CP168336.1	+	26586889.0	26606706.0	19818.0	6.0	5.9385925532667585	1.0	2707.0	8552.277765980029	39818.0	0.0	0.0	0.0	0.0	
GCA_042477335.2	ARS-UI_OviCan_v2	Ovis canadensis	Ovis canadensis	Chromosome	ok	CM090653.1:+:1	CM090653.1	+	31749274.0	31769025.0	19752.0	6.0	5.81174785304632	1.0	2699.0	8513.424355913896	39752.0	0.0	0.0	0.0	0.0	
GCA_042767535.1	mOdoHem1.0.a	Odocoileus hemionus	Odocoileus hemionus	Scaffold	ok	JBFCZQ010000020.1:+:1	JBFCZQ010000020.1	+	34881412.0	34901619.0	20208.0	6.0	5.849251199470406	1.0	2850.0	8539.775359841122	40208.0	0.0	0.0	0.0	0.0	
GCA_042768445.1	mOdoHem1.0.p	Odocoileus hemionus	Odocoileus hemionus	Scaffold	error																	CalledProcessError: Command '['/usr/local/bin/datasets', 'download', 'genome', 'accession', 'GCA_042768445.1', '--include', 'genome', '--filename', '/home/morpheus/retraction_watch_plots/gprc6a/GPRC6A_Ruminantia/cache/genomes/GCA_042768445.1/GCA_042768445.1.zip', '--no-progressbar']' returned non-zero exit status 1.
GCA_042835985.1	ASM4283598v1	Capra hircus	Capra hircus	Chromosome	ok	CM090925.1:+:1	CM090925.1	+	21011843.0	21031674.0	19832.0	6.0	5.9385925532667585	1.0	2707.0	8552.277765980029	39832.0	0.0	0.0	0.0	0.0	
GCA_042859625.1	Bighorn female F1	Ovis canadensis	Ovis canadensis	Complete Genome	no_blast_hit																	
GCA_043643345.1	YUN_Gayal_1	Bos frontalis	Bos frontalis	Chromosome	error																	CalledProcessError: Command '['/usr/local/bin/datasets', 'download', 'genome', 'accession', 'GCA_043643345.1', '--include', 'genome', '--filename', '/home/morpheus/retraction_watch_plots/gprc6a/GPRC6A_Ruminantia/cache/genomes/GCA_043643345.1/GCA_043643345.1.zip', '--no-progressbar']' returned non-zero exit status 1.
GCA_043882115.1	ASM4388211v1	Bos taurus	Bos taurus	Chromosome	ok	CM093586.1:-:1	CM093586.1	-	70794302.0	70814184.0	19883.0	6.0	5.855389892719457	1.0	3256.0	8582.216967815837	39883.0	0.0	0.0	0.0	0.0	
GCA_044231825.1	ASM4423182v1	Addax nasomaculatus	Addax nasomaculatus	Chromosome	ok	CM094568.1:+:1	CM094568.1	+	22230294.0	22250080.0	19787.0	6.0	5.816526825567228	1.0	2738.0	8518.758047670168	39787.0	0.0	0.0	0.0	0.0	
GCA_044509215.1	ASM4450921v1	Capra hircus	Capra hircus	Chromosome	ok	CM094825.1:+:1	CM094825.1	+	21504565.0	21524383.0	19819.0	6.0	5.9385925532667585	1.0	2707.0	8552.277765980029	39819.0	0.0	0.0	0.0	0.0	
GCA_044587905.1	ASM4458790v1	Capra hircus	Capra hircus	Chromosome	ok	CM095044.1:+:1	CM095044.1	+	21273765.0	21293583.0	19819.0	6.0	5.9385925532667585	1.0	2694.0	8550.977765980027	39819.0	0.0	0.0	0.0	0.0	
GCA_044587935.1	ASM4458793v1	Capra hircus	Capra hircus	Chromosome	ok	CM095074.1:+:1	CM095074.1	+	21095463.0	21115279.0	19817.0	6.0	5.9385925532667585	1.0	2707.0	8552.277765980029	39817.0	0.0	0.0	0.0	0.0	
GCA_044587945.1	ASM4458794v1	Capra hircus	Capra hircus	Chromosome	ok	CM095104.1:+:1	CM095104.1	+	30567513.0	30587337.0	19825.0	6.0	5.9385925532667585	1.0	2703.0	8551.877765980027	39825.0	0.0	0.0	0.0	0.0	
GCA_044588015.1	ASM4458801v1	Capra hircus	Capra hircus	Chromosome	ok	CM095134.1:+:1	CM095134.1	+	21296060.0	21315881.0	19822.0	6.0	5.9385925532667585	1.0	2702.0	8551.777765980029	39822.0	0.0	0.0	0.0	0.0	
GCA_045269445.1	NIPB_Tibetan_argali_1.0	Ovis ammon	Ovis ammon	Chromosome	ok	CM098122.1:-:1	CM098122.1	-	70843940.0	70864226.0	20287.0	6.0	5.816526825567228	1.0	2730.0	8517.958047670169	40287.0	0.0	0.0	0.0	0.0	
GCA_046464075.1	ASM4646407v1	Capra hircus	Capra hircus	Chromosome	error																	CalledProcessError: Command '['/usr/local/bin/datasets', 'download', 'genome', 'accession', 'GCA_046464075.1', '--include', 'genome', '--filename', '/home/morpheus/retraction_watch_plots/gprc6a/GPRC6A_Ruminantia/cache/genomes/GCA_046464075.1/GCA_046464075.1.zip', '--no-progressbar']' returned non-zero exit status 1.
GCA_046563475.2	NWIPB_Pralbi_1.0	Cervus albirostris	Cervus albirostris	Chromosome	ok	CM102236.1:-:1	CM102236.1	-	28212803.0	28228869.0	16067.0	5.0	4.957718175135211	1.0	2670.0	7254.3154525405635	36067.0	0.0	0.0	0.0	0.0	
GCA_047652215.1	ASM4765221v1	Bos taurus	Bos taurus	Chromosome	ok	CM105377.1:+:1	CM105377.1	+	35221276.0	35240865.0	19590.0	6.0	5.855389892719457	1.0	3229.0	8579.516967815836	39590.0	0.0	0.0	0.0	0.0	
GCA_047671635.1	ASM4767163v1	Capra hircus	Capra hircus	Chromosome	error																	CalledProcessError: Command '['/usr/local/bin/datasets', 'download', 'genome', 'accession', 'GCA_047671635.1', '--include', 'genome', '--filename', '/home/morpheus/retraction_watch_plots/gprc6a/GPRC6A_Ruminantia/cache/genomes/GCA_047671635.1/GCA_047671635.1.zip', '--no-progressbar']' returned non-zero exit status 1.
GCA_047671655.1	ASM4767165v1	Capra hircus	Capra hircus	Chromosome	ok	CM105895.1:+:1	CM105895.1	+	21359913.0	21379733.0	19821.0	6.0	5.9385925532667585	1.0	2698.0	8551.377765980027	39821.0	0.0	0.0	0.0	0.0	
GCA_048126745.1	DamDam1_v1.mat	Dama dama	Dama dama	Chromosome	ok	CM106750.1:+:1	CM106750.1	+	31555994.0	31575100.0	19107.0	6.0	5.849251199470406	1.0	2866.0	8541.375359841122	39107.0	0.0	0.0	0.0	0.0	
GCA_048127045.1	DamDam1_v1.pat	Dama dama	Dama dama	Chromosome	ok	CM106716.1:+:1	CM106716.1	+	31537227.0	31556332.0	19106.0	6.0	5.849251199470406	1.0	2861.0	8540.875359841122	39106.0	0.0	0.0	0.0	0.0	
GCA_048593975.1	ASM4859397v1	Capra hircus	Capra hircus	Chromosome	ok	CM109268.1:+:1	CM109268.1	+	23042169.0	23061989.0	19821.0	6.0	5.9385925532667585	1.0	2707.0	8552.277765980029	39821.0	0.0	0.0	0.0	0.0	
GCA_048594055.1	ASM4859405v1	Capra hircus	Capra hircus	Chromosome	ok	CM109298.1:+:1	CM109298.1	+	21105880.0	21125693.0	19814.0	6.0	5.9385925532667585	1.0	2707.0	8552.277765980029	39814.0	0.0	0.0	0.0	0.0	
GCA_048594065.1	ASM4859406v1	Capra hircus	Capra hircus	Chromosome	ok	CM109328.1:+:1	CM109328.1	+	21078256.0	21098076.0	19821.0	6.0	5.9385925532667585	1.0	2702.0	8551.777765980029	39821.0	0.0	0.0	0.0	0.0	
GCA_048594125.1	ASM4859412v1	Capra hircus	Capra hircus	Chromosome	ok	CM109384.1:+:1	CM109384.1	+	21307985.0	21327805.0	19821.0	6.0	5.9385925532667585	1.0	2698.0	8551.377765980027	39821.0	0.0	0.0	0.0	0.0	
GCA_048594135.1	ASM4859413v1	Capra hircus	Capra hircus	Chromosome	ok	CM109414.1:+:1	CM109414.1	+	21095484.0	21115300.0	19817.0	6.0	5.9385925532667585	1.0	2707.0	8552.277765980029	39817.0	0.0	0.0	0.0	0.0	
GCA_048594165.1	ASM4859416v1	Capra hircus	Capra hircus	Chromosome	ok	CM109444.1:+:1	CM109444.1	+	20285851.0	20305671.0	19821.0	6.0	5.9385925532667585	1.0	2698.0	8551.377765980027	39821.0	0.0	0.0	0.0	0.0	
GCA_048598025.1	ASM4859802v1	Capra hircus	Capra hircus	Chromosome	ok	CM109479.1:+:1	CM109479.1	+	21282132.0	21301953.0	19822.0	6.0	5.9385925532667585	1.0	2702.0	8551.777765980029	39822.0	0.0	0.0	0.0	0.0	
GCA_048598055.1	ASM4859805v1	Capra hircus	Capra hircus	Chromosome	error																	CalledProcessError: Command '['/usr/local/bin/datasets', 'download', 'genome', 'accession', 'GCA_048598055.1', '--include', 'genome', '--filename', '/home/morpheus/retraction_watch_plots/gprc6a/GPRC6A_Ruminantia/cache/genomes/GCA_048598055.1/GCA_048598055.1.zip', '--no-progressbar']' returned non-zero exit status 1.
GCA_048598065.1	ASM4859806v1	Capra hircus	Capra hircus	Chromosome	ok	CM109539.1:+:1	CM109539.1	+	21497458.0	21517282.0	19825.0	6.0	5.9385925532667585	1.0	2703.0	8551.877765980027	39825.0	0.0	0.0	0.0	0.0	
GCA_048598825.1	ASM4859882v1	Capra hircus	Capra hircus	Chromosome	ok	CM109569.1:+:1	CM109569.1	+	30567513.0	30587337.0	19825.0	6.0	5.9385925532667585	1.0	2703.0	8551.877765980027	39825.0	0.0	0.0	0.0	0.0	
GCA_049004405.1	ASM4900440v1	Capra hircus	Capra hircus	Chromosome	ok	CM110436.1:+:1	CM110436.1	+	32677640.0	32697454.0	19815.0	6.0	5.9385925532667585	1.0	2707.0	8552.277765980029	39815.0	0.0	0.0	0.0	0.0	
GCA_049004455.1	ASM4900445v1	Capra hircus	Capra hircus	Chromosome	ok	CM110466.1:+:1	CM110466.1	+	29404906.0	29424724.0	19819.0	6.0	5.816526825567228	1.0	2694.0	8514.358047670168	39819.0	0.0	0.0	0.0	0.0	
GCA_049004495.1	ASM4900449v1	Capra hircus	Capra hircus	Chromosome	error																	CalledProcessError: Command '['/usr/local/bin/datasets', 'download', 'genome', 'accession', 'GCA_049004495.1', '--include', 'genome', '--filename', '/home/morpheus/retraction_watch_plots/gprc6a/GPRC6A_Ruminantia/cache/genomes/GCA_049004495.1/GCA_049004495.1.zip', '--no-progressbar']' returned non-zero exit status 1.
GCA_049004535.1	ASM4900453v1	Capra hircus	Capra hircus	Chromosome	ok	CM110526.1:+:1	CM110526.1	+	21149310.0	21169135.0	19826.0	6.0	5.9385925532667585	1.0	2702.0	8551.777765980029	39826.0	0.0	0.0	0.0	0.0	
GCA_049004595.1	ASM4900459v1	Capra hircus	Capra hircus	Chromosome	ok	CM110556.1:+:1	CM110556.1	+	21281587.0	21301405.0	19819.0	6.0	5.9385925532667585	1.0	2707.0	8552.277765980029	39819.0	0.0	0.0	0.0	0.0	
GCA_049004675.1	ASM4900467v1	Capra hircus	Capra hircus	Chromosome	ok	CM110603.1:+:1	CM110603.1	+	21371942.0	21391763.0	19822.0	6.0	5.816526825567228	1.0	2694.0	8514.358047670168	39822.0	0.0	0.0	0.0	0.0	
GCA_049115385.1	NW_MosBer_1.0	Moschus berezovskii	Moschus berezovskii	Chromosome	ok	CM110807.1:+:1	CM110807.1	+	38959740.0	38980839.0	21100.0	6.0	5.849251199470406	1.0	3347.0	8589.475359841123	41100.0	0.0	0.0	0.0	0.0	
GCA_049634445.1	ASM4963444v1	Bos taurus	Bos taurus	Contig	ok	JBMUHS010000008.1:-:1	JBMUHS010000008.1	-	71339279.0	71358868.0	19590.0	6.0	5.855389892719457	1.0	3229.0	8579.516967815836	39590.0	0.0	0.0	0.0	0.0	
GCA_049634505.1	ASM4963450v1	Bos taurus	Bos taurus	Contig	ok	JBMUHU010000010.1:+:1	JBMUHU010000010.1	+	42315138.0	42334727.0	19590.0	6.0	5.855389892719457	1.0	3229.0	8579.516967815836	39590.0	0.0	0.0	0.0	0.0	
GCA_049634545.1	ASM4963454v1	Bos taurus	Bos taurus	Contig	ok	JBMUHR010000005.1:-:1	JBMUHR010000005.1	-	69900843.0	69920722.0	19880.0	6.0	5.855389892719457	1.0	3251.0	8581.716967815837	39880.0	0.0	0.0	0.0	0.0	
GCA_049634565.1	ASM4963456v1	Bos taurus	Bos taurus	Contig	ok	JBMUHV010000021.1:-:1	JBMUHV010000021.1	-	53030411.0	53050284.0	19874.0	6.0	5.855389892719457	1.0	3260.0	8582.616967815837	39874.0	0.0	0.0	0.0	0.0	
GCA_049634675.1	ASM4963467v1	Bos taurus	Bos taurus	Contig	ok	JBMUHW010000008.1:+:1	JBMUHW010000008.1	+	38768481.0	38788392.0	19912.0	6.0	5.823131828203328	1.0	3226.0	8569.539548460998	39912.0	0.0	0.0	0.0	0.0	
GCA_049634715.1	ASM4963471v1	Bos taurus	Bos taurus	Contig	error																	CalledProcessError: Command '['/usr/local/bin/datasets', 'download', 'genome', 'accession', 'GCA_049634715.1', '--include', 'genome', '--filename', '/home/morpheus/retraction_watch_plots/gprc6a/GPRC6A_Ruminantia/cache/genomes/GCA_049634715.1/GCA_049634715.1.zip', '--no-progressbar']' returned non-zero exit status 1.
GCA_050059765.1	NRCY_Bgru_v1	Bos grunniens	Bos grunniens	Chromosome	ok	CM113974.1:-:1	CM113974.1	-	70429328.0	70448987.0	19660.0	6.0	5.733324165019926	1.0	3175.0	8537.497249505977	39660.0	0.0	0.0	0.0	0.0	
GCA_050084595.1	ASM5008459v1	Ovis vignei punjabiensis	Ovis vignei	Scaffold	ok	JBMPHZ010128977.1:+:1	JBMPHZ010128977.1	+	1813.0	21576.0	19764.0	6.0	5.81174785304632	1.0	2700.0	8513.524355913896	31576.0	0.0	0.0	0.0	0.0	
GCA_050084895.1	ASM5008489v1	Ovis aries	Ovis aries	Scaffold	error																	CalledProcessError: Command '['/usr/local/bin/datasets', 'download', 'genome', 'accession', 'GCA_050084895.1', '--include', 'genome', '--filename', '/home/morpheus/retraction_watch_plots/gprc6a/GPRC6A_Ruminantia/cache/genomes/GCA_050084895.1/GCA_050084895.1.zip', '--no-progressbar']' returned non-zero exit status 1.
GCA_050436925.1	ASM5043692v1	Pseudoryx nghetinhensis	Pseudoryx nghetinhensis	Scaffold	error																	CalledProcessError: Command '['/usr/local/bin/datasets', 'download', 'genome', 'accession', 'GCA_050436925.1', '--include', 'genome', '--filename', '/home/morpheus/retraction_watch_plots/gprc6a/GPRC6A_Ruminantia/cache/genomes/GCA_050436925.1/GCA_050436925.1.zip', '--no-progressbar']' returned non-zero exit status 1.
GCA_050916685.1	ASM5091668v1	Ovis aries	Ovis aries	Chromosome	error																	CalledProcessError: Command '['/usr/local/bin/datasets', 'download', 'genome', 'accession', 'GCA_050916685.1', '--include', 'genome', '--filename', '/home/morpheus/retraction_watch_plots/gprc6a/GPRC6A_Ruminantia/cache/genomes/GCA_050916685.1/GCA_050916685.1.zip', '--no-progressbar']' returned non-zero exit status 1.
GCA_051106085.1	Guyuan_Btau_1.0	Bos taurus	Bos taurus	Chromosome	error																	CalledProcessError: Command '['/usr/local/bin/datasets', 'download', 'genome', 'accession', 'GCA_051106085.1', '--include', 'genome', '--filename', '/home/morpheus/retraction_watch_plots/gprc6a/GPRC6A_Ruminantia/cache/genomes/GCA_051106085.1/GCA_051106085.1.zip', '--no-progressbar']' returned non-zero exit status 1.
GCA_051122635.1	YB_JAAS	Bos taurus	Bos taurus	Chromosome	ok	CM117962.1:+:1	CM117962.1	+	43882644.0	43902518.0	19875.0	6.0	5.855389892719457	1.0	3256.0	8582.216967815837	39875.0	0.0	0.0	0.0	0.0	
GCA_051176575.2	mAntAme2_a1.2	Antilocapra americana	Antilocapra americana	Scaffold	ok	JBPKRJ020000010.1:+:1	JBPKRJ020000010.1	+	31983193.0	32002334.0	19142.0	6.0	5.97223653415895	1.0	3171.0	8608.770960247684	39142.0	0.0	0.0	0.0	0.0	
GCA_051176615.2	mAntAme2_p1.2	Antilocapra americana	Antilocapra americana	Scaffold	ok	JBPKRI020000010.1:+:1	JBPKRI020000010.1	+	31162680.0	31181842.0	19163.0	6.0	5.961927255808434	1.0	3174.0	8605.97817674253	39163.0	0.0	0.0	0.0	0.0	
GCA_051307275.1	BBCv1.0	Bubalus kerabau	Bubalus kerabau	Chromosome	ok	CM119500.1:+:1	CM119500.1	+	34049709.0	34063740.0	14032.0	4.0	3.9584826762246115	1.0	2581.0	5945.644802867384	34032.0	0.0	0.0	0.0	0.0	
GCA_052324755.1	ASM5232475v1	Cervus nippon kopschi	Cervus nippon	Chromosome	ok	CM126157.1:+:1	CM126157.1	+	41698254.0	41714317.0	16064.0	5.0	4.961007648819422	1.0	2549.0	7243.202294645826	36064.0	0.0	0.0	0.0	0.0	
GCA_053525375.1	ASM5352537v1	Ovis vignei	Ovis vignei	Contig	ok	JBRERX010000123.1:+:1	JBRERX010000123.1	+	4541167.0	4561417.0	20251.0	6.0	5.816526825567228	1.0	2725.0	8517.458047670169	40251.0	0.0	0.0	0.0	0.0	
GCA_054099735.1	mCepZeb1.hap1	Cephalophula zebra	Cephalophula zebra	Chromosome	ok	CM133919.1:-:1	CM133919.1	-	72331265.0	72351615.0	20351.0	6.0	5.912602076635998	1.0	2783.0	8552.080622990798	40351.0	0.0	0.0	0.0	0.0	
GCA_054099755.1	mCepZeb1.hap2	Cephalophula zebra	Cephalophula zebra	Chromosome	ok	CM133948.1:-:1	CM133948.1	-	72615026.0	72635351.0	20326.0	6.0	5.912602076635998	1.0	2790.0	8552.780622990798	40326.0	0.0	0.0	0.0	0.0	
GCA_054126965.1	ASM5412696v1	Capra hircus	Capra hircus	Scaffold	ok	JBNQSG010000035.1:-:1	JBNQSG010000035.1	-	70951263.0	70971068.0	19806.0	6.0	5.9385925532667585	1.0	2699.0	8551.477765980027	39806.0	0.0	0.0	0.0	0.0	
GCA_054371575.1	T2T-mGirTip1v1.2.alt	Giraffa tippelskirchi	Giraffa tippelskirchi	Chromosome	ok	CM136013.1:+:1	CM136013.1	+	102571520.0	102591983.0	20464.0	6.0	5.971316927169937	1.0	3522.0	8643.595078150982	40464.0	0.0	0.0	0.0	0.0	
GCA_054371585.1	T2T-mGirTip1v1.2.pri	Giraffa tippelskirchi	Giraffa tippelskirchi	Complete Genome	ok	CM136042.1:+:1	CM136042.1	+	101213283.0	101233746.0	20464.0	6.0	5.971316927169937	1.0	3522.0	8643.595078150982	40464.0	0.0	0.0	0.0	0.0	
GCA_054371615.1	T2T-mGirTip1v1.2.pat	Giraffa tippelskirchi	Giraffa tippelskirchi	Complete Genome	ok	CM136027.1:+:1	CM136027.1	+	102571520.0	102591983.0	20464.0	6.0	5.971316927169937	1.0	3522.0	8643.595078150982	40464.0	0.0	0.0	0.0	0.0	
GCA_054371825.1	T2T-mGirTip1v1.2.mat	Giraffa tippelskirchi	Giraffa tippelskirchi	Chromosome	ok	CM136059.1:+:1	CM136059.1	+	101213283.0	101233746.0	20464.0	6.0	5.971316927169937	1.0	3522.0	8643.595078150982	40464.0	0.0	0.0	0.0	0.0	
GCA_054642885.1	CapIbe1.0	Capra ibex	Capra ibex	Chromosome	ok	CM137811.1:+:1	CM137811.1	+	21188029.0	21207829.0	19801.0	6.0	5.9385925532667585	1.0	2702.0	8551.777765980029	39801.0	0.0	0.0	0.0	0.0	
GCA_054824845.1	mRucEld1.hap2	Rucervus eldii thamin	Rucervus eldii	Chromosome	ok	CM139481.1:-:1	CM139481.1	-	28479295.0	28496186.0	16892.0	5.0	4.957718175135211	1.0	2651.0	7252.415452540564	36892.0	0.0	0.0	0.0	0.0	
GCA_054824865.1	mRucEld1.hap1	Rucervus eldii thamin	Rucervus eldii	Chromosome	ok	CM139510.1:-:1	CM139510.1	-	28483965.0	28500869.0	16905.0	5.0	4.957718175135211	1.0	2651.0	7252.415452540564	36905.0	0.0	0.0	0.0	0.0	
GCA_054825135.1	ASM5482513v1	Bos taurus	Bos taurus	Scaffold	ok	JBSIPU010000117.1:+:1	JBSIPU010000117.1	+	55184634.0	55204545.0	19912.0	6.0	5.823131828203328	1.0	3226.0	8569.539548460998	39912.0	0.0	0.0	0.0	0.0	
GCA_054829135.1	AU_CerNipYes_1.0	Cervus nippon yesoensis	Cervus nippon	Chromosome	error																	CalledProcessError: Command '['/usr/local/bin/datasets', 'download', 'genome', 'accession', 'GCA_054829135.1', '--include', 'genome', '--filename', '/home/morpheus/retraction_watch_plots/gprc6a/GPRC6A_Ruminantia/cache/genomes/GCA_054829135.1/GCA_054829135.1.zip', '--no-progressbar']' returned non-zero exit status 1.
GCA_054855995.1	mCapNub1.hap1	Capra nubiana	Capra nubiana	Chromosome	ok	CM141914.1:-:1	CM141914.1	-	71054401.0	71074211.0	19811.0	6.0	5.9385925532667585	1.0	2691.0	8550.677765980028	39811.0	0.0	0.0	0.0	0.0	
GCA_054856215.1	mCapNub1.hap2	Capra nubiana	Capra nubiana	Chromosome	ok	CM141946.1:-:1	CM141946.1	-	71464936.0	71484746.0	19811.0	6.0	5.9385925532667585	1.0	2691.0	8550.677765980028	39811.0	0.0	0.0	0.0	0.0	
GCA_054883215.1	mAxiPor1.hap1	Axis porcinus	Axis porcinus	Chromosome	ok	CM142292.1:-:1	CM142292.1	-	28720974.0	28741024.0	20051.0	6.0	5.961007648819422	1.0	2717.0	8560.002294645827	40051.0	0.0	0.0	0.0	0.0	
GCA_054883225.1	mAxiPor1.hap2	Axis porcinus	Axis porcinus	Chromosome	ok	CM142327.1:-:1	CM142327.1	-	28716953.0	28737258.0	20306.0	6.0	5.961007648819422	1.0	2735.0	8561.802294645826	40306.0	0.0	0.0	0.0	0.0	
GCA_055505025.1	Bosgru_T2T1.0	Bos grunniens	Bos grunniens	Chromosome	ok	CM145282.1:+:1	CM145282.1	+	34729023.0	34748688.0	19666.0	6.0	5.733324165019926	1.0	3189.0	8538.897249505977	39666.0	0.0	0.0	0.0	0.0	
GCA_055691375.1	ASM5569137v1	Bos taurus	Bos taurus	Scaffold	ok	JBLYVI010000012.1:+:1	JBLYVI010000012.1	+	33915350.0	33935263.0	19914.0	6.0	5.823131828203328	1.0	3230.0	8569.939548460998	39914.0	0.0	0.0	0.0	0.0	
GCA_055691405.1	ASM5569140v1	Bos taurus	Bos taurus	Scaffold	ok	JBLYVJ010000012.1:+:1	JBLYVJ010000012.1	+	36045602.0	36065514.0	19913.0	6.0	5.823131828203328	1.0	3230.0	8569.939548460998	39913.0	0.0	0.0	0.0	0.0	
GCA_055691435.1	CaHircus_AHG_v1	Capra hircus	Capra hircus	Scaffold	ok	JBVNAF010019620.1:+:1	JBVNAF010019620.1	+	20201952.0	20221381.0	19430.0	6.0	5.9385925532667585	1.0	2707.0	8552.277765980029	39430.0	676.0	0.017144306365711386	12.0	100.0	
GCA_056162995.1	ASM5616299v1	Bos taurus	Bos taurus	Contig	ok	JBUZMI010000017.1:-:1	JBUZMI010000017.1	-	70722153.0	70741742.0	19590.0	6.0	5.855389892719457	1.0	3229.0	8579.516967815836	39590.0	0.0	0.0	0.0	0.0	
GCA_056247825.1	ASM5624782v1	Hydropotes inermis	Hydropotes inermis	Complete Genome	ok	CM149795.1:+:1	CM149795.1	+	47840174.0	47859449.0	19276.0	6.0	5.80385096052178	1.0	2792.0	8520.355288156534	39276.0	0.0	0.0	0.0	0.0	
GCA_056748525.1	ASM5674852v1	Bos taurus	Bos taurus	Chromosome	ok	CM164050.1:+:1	CM164050.1	+	33962253.0	33982147.0	19895.0	6.0	5.855389892719457	1.0	3242.0	8580.816967815837	39895.0	0.0	0.0	0.0	0.0	
GCA_056775595.1	SMU_DYY_1.0	Bos grunniens	Bos grunniens	Chromosome	no_blast_hit																	
GCA_056825275.1	MPW_1.0	Bos indicus x Bos taurus	Bos indicus x Bos taurus	Scaffold	ok	JBNBON010000009.1:+:1	JBNBON010000009.1	+	44548435.0	44568316.0	19882.0	6.0	5.855389892719457	1.0	3251.0	8581.716967815837	39882.0	0.0	0.0	0.0	0.0	
GCA_057190485.1	SIW_1.0	Bos indicus	Bos indicus	Scaffold	ok	JBNBOL010000010.1:+:1	JBNBOL010000010.1	+	37042872.0	37062782.0	19911.0	6.0	5.823131828203328	1.0	3226.0	8569.539548460998	39911.0	0.0	0.0	0.0	0.0	
GCA_057190515.1	IRR_1.0	Bos indicus	Bos indicus	Scaffold	ok	JBNBOM010000009.1:+:1	JBNBOM010000009.1	+	37915089.0	37935000.0	19912.0	6.0	5.823131828203328	1.0	3226.0	8569.539548460998	39912.0	0.0	0.0	0.0	0.0	
GCA_057190595.1	GUD_1.0	Bos indicus	Bos indicus	Scaffold	ok	JBNBOO010000010.1:+:1	JBNBOO010000010.1	+	49011852.0	49031814.0	19963.0	6.0	5.855389892719457	1.0	3228.0	8579.416967815836	39963.0	0.0	0.0	0.0	0.0	
GCA_057190615.1	LAG_1.0	Bos taurus	Bos taurus	Scaffold	ok	JBNBOP010000009.1:+:1	JBNBOP010000009.1	+	50374388.0	50393951.0	19564.0	6.0	5.855389892719457	1.0	3236.0	8580.216967815837	39564.0	0.0	0.0	0.0	0.0	
GCA_057332215.1	NLFDP_OvArieNajdiFemle_T2T_1.0	Ovis aries	Ovis aries	Complete Genome	ok	CM170554.1:+:1	CM170554.1	+	23186916.0	23207225.0	20310.0	6.0	5.816526825567228	1.0	2708.0	8515.758047670168	40310.0	0.0	0.0	0.0	0.0	
GCA_057332225.1	NLFDP_OvArieNajdiMale_T2T_1.0	Ovis aries	Ovis aries	Complete Genome	ok	CM170581.1:-:1	CM170581.1	-	71488179.0	71508506.0	20328.0	6.0	5.816526825567228	1.0	2708.0	8515.758047670168	40328.0	0.0	0.0	0.0	0.0	
GCA_057428545.1	Saanen maternal haplotype	Capra hircus	Capra hircus	Chromosome	ok	CM171929.1:+:1	CM171929.1	+	29710335.0	29730156.0	19822.0	6.0	5.9385925532667585	1.0	2702.0	8551.777765980029	39822.0	0.0	0.0	0.0	0.0	
GCA_057428595.1	Kiko paternal haplotype	Capra hircus	Capra hircus	Chromosome	ok	CM171960.1:+:1	CM171960.1	+	31083013.0	31102831.0	19819.0	6.0	5.9385925532667585	1.0	2694.0	8550.977765980027	39819.0	0.0	0.0	0.0	0.0	
GCA_057556445.1	ASM5755644v1	Capra hircus	Capra hircus	Chromosome	ok	CM172128.1:+:1	CM172128.1	+	21375675.0	21395496.0	19822.0	6.0	5.9385925532667585	1.0	2708.0	8552.377765980027	39822.0	0.0	0.0	0.0	0.0	
GCA_057557635.1	ASM5755763v1	Capra hircus	Capra hircus	Chromosome	ok	CM172325.1:+:1	CM172325.1	+	21373464.0	21393283.0	19820.0	6.0	5.9385925532667585	1.0	2694.0	8550.977765980027	39820.0	0.0	0.0	0.0	0.0	
GCA_057557695.1	ASM5755769v1	Capra hircus	Capra hircus	Scaffold	ok	JBXEOH010000009.1:+:1	JBXEOH010000009.1	+	21234411.0	21254232.0	19822.0	6.0	5.9385925532667585	1.0	2707.0	8552.277765980029	39822.0	0.0	0.0	0.0	0.0	
GCA_057557715.1	ASM5755771v1	Capra hircus	Capra hircus	Scaffold	ok	JBXEOI010000009.1:+:1	JBXEOI010000009.1	+	22841586.0	22861404.0	19819.0	6.0	5.9385925532667585	1.0	2694.0	8550.977765980027	39819.0	0.0	0.0	0.0	0.0	
GCA_057557795.1	ASM5755779v1	Capra hircus	Capra hircus	Scaffold	ok	JBXEOJ010000009.1:+:1	JBXEOJ010000009.1	+	26529826.0	26549647.0	19822.0	6.0	5.9385925532667585	1.0	2707.0	8552.277765980029	39822.0	0.0	0.0	0.0	0.0	
GCA_057557815.1	ASM5755781v1	Capra hircus	Capra hircus	Scaffold	ok	JBXEOK010000009.1:+:1	JBXEOK010000009.1	+	26329404.0	26349222.0	19819.0	6.0	5.9385925532667585	1.0	2694.0	8550.977765980027	39819.0	0.0	0.0	0.0	0.0	
GCA_059051325.1	mAlcAlc2_a1.1	Alces alces	Alces alces	Scaffold	ok	JBWVLQ010000022.1:+:1	JBWVLQ010000022.1	+	47979606.0	47999776.0	20171.0	6.0	5.746158415965252	1.0	2824.0	8506.247524789575	40171.0	0.0	0.0	0.0	0.0	
GCA_059051365.1	mAlcAlc2_p1.1	Alces alces	Alces alces	Scaffold	error																	CalledProcessError: Command '['/usr/local/bin/datasets', 'download', 'genome', 'accession', 'GCA_059051365.1', '--include', 'genome', '--filename', '/home/morpheus/retraction_watch_plots/gprc6a/GPRC6A_Ruminantia/cache/genomes/GCA_059051365.1/GCA_059051365.1.zip', '--no-progressbar']' returned non-zero exit status 1.
GCA_059055555.1	ASM5905555v1	Capra hircus	Capra hircus	Chromosome	ok	CM180621.1:+:1	CM180621.1	+	21067319.0	21087140.0	19822.0	6.0	5.9385925532667585	1.0	2707.0	8552.277765980029	39822.0	0.0	0.0	0.0	0.0	
GCA_059055625.1	ASM5905562v1	Capra hircus	Capra hircus	Chromosome	ok	CM180650.1:+:1	CM180650.1	+	21199719.0	21219537.0	19819.0	6.0	5.9385925532667585	1.0	2694.0	8550.977765980027	39819.0	0.0	0.0	0.0	0.0	
GCA_059335595.1	ASM5933559v1	Capra hircus	Capra hircus	Scaffold	ok	JBWDSV010000532.1:-:1	JBWDSV010000532.1	-	71258391.0	71278209.0	19819.0	6.0	5.9385925532667585	1.0	2694.0	8550.977765980027	39819.0	0.0	0.0	0.0	0.0	
GCA_059336145.1	ASM5933614v1	Bos taurus	Bos taurus	Complete Genome	ok	CM181650.1:-:1	CM181650.1	-	72301908.0	72321499.0	19592.0	6.0	5.855389892719457	1.0	3229.0	8579.516967815836	39592.0	0.0	0.0	0.0	0.0	
GCA_059698765.1	ASM5969876v1	Muntiacus feae	Muntiacus feae	Contig	ok	JAQQAB010004728.1:+:1	JAQQAB010004728.1	+	1013315.0	1033360.0	20046.0	6.0	5.838941921119891	1.0	2806.0	8532.282576335967	40046.0	0.0	0.0	0.0	0.0	
GCA_059997585.1	CRS_JAAS	Bos taurus	Bos taurus	Chromosome	ok	CM188620.1:+:1	CM188620.1	+	40360052.0	40379964.0	19913.0	6.0	5.823131828203328	1.0	3230.0	8569.939548460998	39913.0	0.0	0.0	0.0	0.0	
GCA_902712895.1	Rtarandus_v2.1	Rangifer tarandus tarandus	Rangifer tarandus	Scaffold	ok	CACTHY010000026.1:-:1	CACTHY010000026.1	-	71339.0	90912.0	19574.0	6.0	5.859560477820922	1.0	2846.0	8542.468143346277	39574.0	0.0	0.0	0.0	0.0	
GCA_902825105.1	synceruscaffer	Syncerus caffer	Syncerus caffer	Scaffold	ok	CADEAB010000010.1:+:1	CADEAB010000010.1	+	33859329.0	33873394.0	14066.0	4.0	3.9584826762246115	1.0	2569.0	5944.444802867383	34066.0	0.0	0.0	0.0	0.0	
GCA_903231385.1	OvNiv1.0	Ovis nivicola lydekkeri	Ovis nivicola	Scaffold	ok	CAFBRR010001747.1:+:1	CAFBRR010001747.1	+	23482.0	43241.0	19760.0	6.0	5.81174785304632	1.0	2713.0	8514.824355913895	39760.0	0.0	0.0	0.0	0.0	
GCA_905120125.1	ERS5330600	Megaloceros giganteus	Megaloceros giganteus	Scaffold	no_blast_hit																	
GCA_905120135.1	ERS5330601	Megaloceros giganteus	Megaloceros giganteus	Contig	no_blast_hit																	
GCA_905123515.1	ROSLIN_BTT_NDA1	Bos taurus	Bos taurus	Chromosome	ok	LR962767.1:+:1	LR962767.1	+	33959747.0	33979627.0	19881.0	6.0	5.855389892719457	1.0	3251.0	8581.716967815837	39881.0	0.0	0.0	0.0	0.0	
GCA_905123885.1	ROSLIN_BTI_ANK1	Bos taurus	Bos taurus	Chromosome	ok	LR962892.1:+:1	LR962892.1	+	33991996.0	34011868.0	19873.0	6.0	5.823131828203328	1.0	3217.0	8568.639548460998	39873.0	0.0	0.0	0.0	0.0	
GCA_905249985.1	Buffalo_MAGs	Bubalus bubalis bubalis	Bubalus bubalis	Scaffold	no_blast_hit																	
GCA_907165285.1	Goat_MAGs	Capra hircus	Capra hircus	Scaffold	no_blast_hit																	
GCA_910593805.2	mCerEla1.hap2.2	Cervus elaphus	Cervus elaphus	Chromosome	ok	OZ405905.1:+:1	OZ405905.1	+	39415734.0	39431805.0	16072.0	5.0	4.957718175135211	1.0	2657.0	7253.015452540563	36072.0	0.0	0.0	0.0	0.0	
GCA_910594005.1	mCerEla1.1	Cervus elaphus	Cervus elaphus	Chromosome	ok	OU343105.1:+:1	OU343105.1	+	36106682.0	36122762.0	16081.0	5.0	4.957718175135211	1.0	2679.0	7255.215452540563	36081.0	0.0	0.0	0.0	0.0	
GCA_910594005.2	mCerEla1.hap1.2	Cervus elaphus	Cervus elaphus	Chromosome	ok	OU343105.2:+:1	OU343105.2	+	68646212.0	68662292.0	16081.0	5.0	4.957718175135211	1.0	2679.0	7255.215452540563	36081.0	0.0	0.0	0.0	0.0	
GCA_914753205.1	Brown Swiss cow	Bos taurus	Bos taurus	Scaffold	ok	CAJZAZ010000005.1:+:1	CAJZAZ010000005.1	+	33807320.0	33826904.0	19585.0	6.0	5.823131828203328	1.0	3230.0	8569.939548460998	39585.0	10.0	0.00025262094227611467	1.0	10.0	
GCA_917880005.1	ORGONE_02	Nanger dama	Nanger dama	Scaffold	ok	CAKJTW010000068.1:+:1	CAKJTW010000068.1	+	10439117.0	10454692.0	15576.0	5.0	4.991935483870968	1.0	2854.0	7282.98064516129	35576.0	0.0	0.0	0.0	0.0	
GCA_935064755.1	mTraEur1.1	Tragelaphus eurycerus	Tragelaphus eurycerus	Contig	ok	CAKXYN010000012.1:-:1	CAKXYN010000012.1	-	33380150.0	33401184.0	21035.0	6.0	5.680991131969268	1.0	2892.0	8493.497339590782	41035.0	0.0	0.0	0.0	0.0	
GCA_946052875.1	ARS_Pied_mat1.0	Bos gaurus x Bos taurus	Bos gaurus x Bos taurus	Chromosome	error																	CalledProcessError: Command '['/usr/local/bin/datasets', 'download', 'genome', 'accession', 'GCA_946052875.1', '--include', 'genome', '--filename', '/home/morpheus/retraction_watch_plots/gprc6a/GPRC6A_Ruminantia/cache/genomes/GCA_946052875.1/GCA_946052875.1.zip', '--no-progressbar']' returned non-zero exit status 1.
GCA_947034695.1	seqoccin.Bt.char.v1.0	Bos taurus	Bos taurus	Chromosome	ok	OX344698.1:+:1	OX344698.1	+	39335679.0	39355558.0	19880.0	6.0	5.855389892719457	1.0	3256.0	8582.216967815837	39880.0	0.0	0.0	0.0	0.0	
GCA_949782905.1	mRanTar1.h1.1	Rangifer tarandus platyrhynchus	Rangifer tarandus	Chromosome	ok	OX459958.2:+:1	OX459958.2	+	33510522.0	33530096.0	19575.0	6.0	5.849251199470406	1.0	2848.0	8539.575359841121	39575.0	0.0	0.0	0.0	0.0	
GCA_951394145.2	mRanTar1.2.h2	Rangifer tarandus platyrhynchus	Rangifer tarandus	Chromosome	ok	OX596106.2:+:1	OX596106.2	+	33101572.0	33121146.0	19575.0	6.0	5.849251199470406	1.0	2848.0	8539.575359841121	39575.0	0.0	0.0	0.0	0.0	
GCA_951849835.1	ETH_CapCap1	Capreolus capreolus	Capreolus capreolus	Contig	ok	CATOUS010000012.1:+:1	CATOUS010000012.1	+	48204543.0	48223895.0	19353.0	6.0	5.849251199470406	1.0	2827.0	8537.475359841123	39353.0	0.0	0.0	0.0	0.0	
GCA_963422255.1	RTA_final	Rangifer tarandus	Rangifer tarandus	Scaffold	ok	CAUJRY010011726.1:+:1	CAUJRY010011726.1	+	32980501.0	33000074.0	19574.0	6.0	5.859560477820922	1.0	2842.0	8542.068143346278	39574.0	0.0	0.0	0.0	0.0	
GCA_963856025.1	reindeerY1320	Rangifer tarandus tarandus	Rangifer tarandus	Scaffold	no_blast_hit																	
GCA_963879515.1	ETH_BisBon1	Bison bonasus	Bison bonasus	Scaffold	ok	CAWOGG010000029.1:+:1	CAWOGG010000029.1	+	46677215.0	46694311.0	17097.0	5.0	4.9262246117084825	1.0	2997.0	7277.567383512544	37097.0	0.0	0.0	0.0	0.0	
GCA_963920245.1	seqoccin.Bt.char.SAMEA114541726.v1.0	Bos taurus	Bos taurus	Scaffold	ok	CAWUBD010000011.1:+:1	CAWUBD010000011.1	+	33983044.0	34002926.0	19883.0	6.0	5.855389892719457	1.0	3251.0	8581.716967815837	39883.0	0.0	0.0	0.0	0.0	
GCA_963920255.1	seqoccin.Bt.char.SAMEA114541728.v1.0	Bos taurus	Bos taurus	Scaffold	ok	CAWUBF010000011.1:+:1	CAWUBF010000011.1	+	33937730.0	33957609.0	19880.0	6.0	5.855389892719457	1.0	3256.0	8582.216967815837	39880.0	0.0	0.0	0.0	0.0	
GCA_963920265.1	seqoccin.Bt.char.SAMEA114541727.v1.0	Bos taurus	Bos taurus	Scaffold	ok	CAWUBE010000009.1:+:1	CAWUBE010000009.1	+	34923731.0	34943631.0	19901.0	6.0	5.823131828203328	1.0	3230.0	8569.939548460998	39901.0	0.0	0.0	0.0	0.0	
GCA_963921495.1	NRF	Bos taurus	Bos taurus	Chromosome	ok	OY997237.1:+:1	OY997237.1	+	37304786.0	37324666.0	19881.0	6.0	5.855389892719457	1.0	3251.0	8581.716967815837	39881.0	0.0	0.0	0.0	0.0	
GCA_963930625.1	mMunRee1.1	Muntiacus reevesi	Muntiacus reevesi	Chromosome	ok	OZ005643.1:+:1	OZ005643.1	+	31892163.0	31912203.0	20041.0	6.0	5.833787281944633	1.0	2816.0	8531.73618458339	40041.0	0.0	0.0	0.0	0.0	
GCA_963930625.2	mMunRee1.2	Muntiacus reevesi	Muntiacus reevesi	Chromosome	ok	OZ005643.2:-:1	OZ005643.2	-	28883996.0	28904036.0	20041.0	6.0	5.833787281944633	1.0	2816.0	8531.73618458339	40041.0	0.0	0.0	0.0	0.0	
GCA_963930665.2	mMunRee1.2 alternate haplotype	Muntiacus reevesi	Muntiacus reevesi	Scaffold	ok	CAWVNP020000002.1:+:1	CAWVNP020000002.1	+	195080448.0	195080637.0	190.0	0.0	0.17130044843049327	0.5	52.7	306.66013452914797	20190.0	0.0	0.0	0.0	0.0	
GCA_963966175.1	NIAB_Gir_supernova	Bos indicus	Bos indicus	Scaffold	ok	CAWZYL010000143.1:+:1	CAWZYL010000143.1	+	2772874.0	2792754.0	19881.0	6.0	5.855389892719457	1.0	3251.0	8581.716967815837	39881.0	10.0	0.00025074596925854417	1.0	10.0	
GCA_963966215.1	NIAB_Kankrej_supernova	Bos indicus	Bos indicus	Scaffold	ok	CAWZYN010000631.1:-:1	CAWZYN010000631.1	-	753792.0	773337.0	19546.0	6.0	5.855389892719457	1.0	3252.0	8581.816967815837	39546.0	10.0	0.00025287007535528244	1.0	10.0	
GCA_963966345.1	NIAB_Tharparkar_supernova	Bos indicus	Bos indicus	Scaffold	ok	CAWZZA010000605.1:-:1	CAWZZA010000605.1	-	1322620.0	1342185.0	19566.0	6.0	5.855389892719457	1.0	3251.0	8581.716967815837	39566.0	400.0	0.010109690137997271	1.0	400.0	
GCA_963966355.1	NIAB_Sahiwal_supernova	Bos indicus	Bos indicus	Scaffold	ok	CAWZZB010000026.1:+:1	CAWZZB010000026.1	+	33850328.0	33869911.0	19584.0	6.0	5.823131828203328	1.0	3230.0	8569.939548460998	39584.0	10.0	0.0002526273241713824	1.0	10.0	
GCA_963966425.1	NIAB_Red_sindhi_supernova	Bos indicus	Bos indicus	Scaffold	error																	CalledProcessError: Command '['/usr/local/bin/datasets', 'download', 'genome', 'accession', 'GCA_963966425.1', '--include', 'genome', '--filename', '/home/morpheus/retraction_watch_plots/gprc6a/GPRC6A_Ruminantia/cache/genomes/GCA_963966425.1/GCA_963966425.1.zip', '--no-progressbar']' returned non-zero exit status 1.
GCA_963981305.1	mRupRup1.1	Rupicapra rupicapra	Rupicapra rupicapra	Chromosome	ok	OZ022281.1:-:1	OZ022281.1	-	70149574.0	70166942.0	17369.0	5.0	4.915566237477286	1.0	2418.0	7216.469871243186	37369.0	0.0	0.0	0.0	0.0	
GCA_964019205.1	seqoccin.Bt.char.SAMEA114111949_v1	Bos taurus	Bos taurus	Contig	error																	CalledProcessError: Command '['/usr/local/bin/datasets', 'download', 'genome', 'accession', 'GCA_964019205.1', '--include', 'genome', '--filename', '/home/morpheus/retraction_watch_plots/gprc6a/GPRC6A_Ruminantia/cache/genomes/GCA_964019205.1/GCA_964019205.1.zip', '--no-progressbar']' returned non-zero exit status 1.
GCA_964019215.2	seqoccin.Bt.SAMEA114112153.scaffold	Bos taurus	Bos taurus	Scaffold	ok	CAXHSR020000029.1:+:1	CAXHSR020000029.1	+	32703001.0	32722892.0	19892.0	6.0	5.855389892719457	1.0	3256.0	8582.216967815837	39892.0	0.0	0.0	0.0	0.0	
GCA_964019225.2	seqoccin.Bt.SAMEA114111952.scaffold	Bos taurus	Bos taurus	Scaffold	ok	CAXHST020000029.1:+:1	CAXHST020000029.1	+	31570143.0	31589702.0	19560.0	6.0	5.855389892719457	1.0	3241.0	8580.716967815837	39560.0	0.0	0.0	0.0	0.0	
GCA_964019235.2	seqoccin.Bt.SAMEA114111947.scaffold	Bos taurus	Bos taurus	Scaffold	error																	CalledProcessError: Command '['/usr/local/bin/datasets', 'download', 'genome', 'accession', 'GCA_964019235.2', '--include', 'genome', '--filename', '/home/morpheus/retraction_watch_plots/gprc6a/GPRC6A_Ruminantia/cache/genomes/GCA_964019235.2/GCA_964019235.2.zip', '--no-progressbar']' returned non-zero exit status 1.
GCA_964019245.2	seqoccin.Bt.SAMEA114112003.scaffold	Bos taurus	Bos taurus	Scaffold	ok	CAXHSP020000029.1:+:1	CAXHSP020000029.1	+	33469931.0	33489811.0	19881.0	6.0	5.855389892719457	1.0	3237.0	8580.316967815837	39881.0	0.0	0.0	0.0	0.0	
GCA_964019255.2	seqoccin.Bt.SAMEA114112080.scaffold	Bos taurus	Bos taurus	Scaffold	ok	CAXHSV020000029.1:+:1	CAXHSV020000029.1	+	31155836.0	31162782.0	6947.0	3.0	2.798207528761674	1.0	1302.0	4469.662258628502	26947.0	100.0	0.003710988236167291	1.0	100.0	
GCA_964019265.2	seqoccin.Bt.SAMEA114111958.scaffold	Bos taurus	Bos taurus	Scaffold	ok	CAXHSQ020000029.1:+:1	CAXHSQ020000029.1	+	32831468.0	32851347.0	19880.0	6.0	5.855389892719457	1.0	3251.0	8581.716967815837	39880.0	0.0	0.0	0.0	0.0	
GCA_964019275.1	seqoccin.Bt.char.SAMEA114112360_v1	Bos taurus	Bos taurus	Contig	ok	CAXHSO010000742.1:-:1	CAXHSO010000742.1	-	482655.0	502513.0	19859.0	6.0	5.855389892719457	1.0	3174.0	8574.016967815836	39859.0	0.0	0.0	0.0	0.0	
GCA_964019295.2	seqoccin.Bt.SAMEA114112439.scaffold	Bos taurus	Bos taurus	Scaffold	ok	CAXHSW020000029.1:+:1	CAXHSW020000029.1	+	31602913.0	31622996.0	20084.0	6.0	5.807002795945263	1.0	3232.0	8565.30083878358	40084.0	0.0	0.0	0.0	0.0	
GCA_964270355.1	Elg.assembly.v.1.0	Alces alces	Alces alces	Scaffold	error																	CalledProcessError: Command '['/usr/local/bin/datasets', 'download', 'genome', 'accession', 'GCA_964270355.1', '--include', 'genome', '--filename', '/home/morpheus/retraction_watch_plots/gprc6a/GPRC6A_Ruminantia/cache/genomes/GCA_964270355.1/GCA_964270355.1.zip', '--no-progressbar']' returned non-zero exit status 1.
GCA_965153185.1	Rangifer_t_t_557	Rangifer tarandus tarandus	Rangifer tarandus	Chromosome	ok	OZ228847.1:+:1	OZ228847.1	+	31820441.0	31840639.0	20199.0	6.0	5.849251199470406	1.0	2853.0	8540.075359841121	40199.0	0.0	0.0	0.0	0.0	
GCA_965153475.2	seqoccin.Bt.SAMEA117655760.scaffold	Bos taurus	Bos taurus	Scaffold	ok	CBCUEW020000029.1:+:1	CBCUEW020000029.1	+	33726609.0	33746169.0	19561.0	6.0	5.823131828203328	1.0	3253.0	8572.239548460997	39561.0	0.0	0.0	0.0	0.0	
GCA_965153485.2	seqoccin.Bt.SAMEA117655733.scaffold	Bos taurus	Bos taurus	Scaffold	ok	CBCUEU020000029.1:+:1	CBCUEU020000029.1	+	34941680.0	34961557.0	19878.0	6.0	5.855389892719457	1.0	3247.0	8581.316967815837	39878.0	0.0	0.0	0.0	0.0	
GCA_965153495.2	seqoccin.Bt.SAMEA117655769.scaffold	Bos taurus	Bos taurus	Scaffold	ok	CBCUEV020000029.1:+:1	CBCUEV020000029.1	+	37447655.0	37467566.0	19912.0	6.0	5.823131828203328	1.0	3235.0	8570.439548460998	39912.0	0.0	0.0	0.0	0.0	
GCA_965153505.2	seqoccin.Bt.SAMEA117655735.scaffold	Bos taurus	Bos taurus	Scaffold	ok	CBCUFE020000029.1:+:1	CBCUFE020000029.1	+	33572622.0	33592501.0	19880.0	6.0	5.855389892719457	1.0	3256.0	8582.216967815837	39880.0	0.0	0.0	0.0	0.0	
GCA_965153515.2	seqoccin.Bt.SAMEA117655768.scaffold	Bos taurus	Bos taurus	Scaffold	ok	CBCUFK020000029.1:+:1	CBCUFK020000029.1	+	33739167.0	33759043.0	19877.0	6.0	5.823131828203328	1.0	3230.0	8569.939548460998	39877.0	0.0	0.0	0.0	0.0	
GCA_965153525.2	seqoccin.Bt.SAMEA117655774.scaffold	Bos taurus	Bos taurus	Scaffold	ok	CBCUFI020000029.1:+:1	CBCUFI020000029.1	+	33814391.0	33834303.0	19913.0	6.0	5.823131828203328	1.0	3230.0	8569.939548460998	39913.0	0.0	0.0	0.0	0.0	
GCA_965153535.2	seqoccin.Bt.SAMEA117655731.scaffold	Bos taurus	Bos taurus	Scaffold	ok	CBCUFD020000029.1:+:1	CBCUFD020000029.1	+	33728859.0	33748770.0	19912.0	6.0	5.823131828203328	1.0	3248.0	8571.739548460997	39912.0	0.0	0.0	0.0	0.0	
GCA_965153545.2	seqoccin.Bt.SAMEA117655722.scaffold	Bos taurus	Bos taurus	Scaffold	ok	CBCUFG020000029.1:+:1	CBCUFG020000029.1	+	32741942.0	32761506.0	19565.0	6.0	5.855389892719457	1.0	3251.0	8581.716967815837	39565.0	0.0	0.0	0.0	0.0	
GCA_965153555.2	seqoccin.Bt.SAMEA117655720.scaffold	Bos taurus	Bos taurus	Scaffold	ok	CBCUFA020000029.1:+:1	CBCUFA020000029.1	+	33796633.0	33816194.0	19562.0	6.0	5.855389892719457	1.0	3241.0	8580.716967815837	39562.0	0.0	0.0	0.0	0.0	
GCA_965153565.2	seqoccin.Bt.SAMEA117655718.scaffold	Bos taurus	Bos taurus	Scaffold	ok	CBCUFC020000029.1:+:1	CBCUFC020000029.1	+	33782209.0	33801770.0	19562.0	6.0	5.855389892719457	1.0	3241.0	8580.716967815837	39562.0	0.0	0.0	0.0	0.0	
GCA_965153575.2	seqoccin.Bt.SAMEA117655739.scaffold	Bos taurus	Bos taurus	Scaffold	ok	CBCUEZ020000029.1:+:1	CBCUEZ020000029.1	+	29324738.0	29344617.0	19880.0	6.0	5.855389892719457	1.0	3241.0	8580.716967815837	39880.0	0.0	0.0	0.0	0.0	
GCA_965153585.2	seqoccin.Bt.SAMEA117655765.scaffold	Bos taurus	Bos taurus	Scaffold	error																	CalledProcessError: Command '['/usr/local/bin/datasets', 'download', 'genome', 'accession', 'GCA_965153585.2', '--include', 'genome', '--filename', '/home/morpheus/retraction_watch_plots/gprc6a/GPRC6A_Ruminantia/cache/genomes/GCA_965153585.2/GCA_965153585.2.zip', '--no-progressbar']' returned non-zero exit status 1.
GCA_965153595.2	seqoccin.Bt.SAMEA117655776.scaffold	Bos taurus	Bos taurus	Scaffold	ok	CBCUFP020000029.1:+:1	CBCUFP020000029.1	+	33715187.0	33735066.0	19880.0	6.0	5.823131828203328	1.0	3230.0	8569.939548460998	39880.0	0.0	0.0	0.0	0.0	
GCA_965153605.2	seqoccin.Bt.SAMEA117655730.scaffold	Bos taurus	Bos taurus	Scaffold	ok	CBCUEX020000029.1:+:1	CBCUEX020000029.1	+	31369294.0	31389173.0	19880.0	6.0	5.855389892719457	1.0	3251.0	8581.716967815837	39880.0	0.0	0.0	0.0	0.0	
GCA_965153615.2	seqoccin.Bt.SAMEA117655762.scaffold	Bos taurus	Bos taurus	Scaffold	ok	CBCUEY020000029.1:+:1	CBCUEY020000029.1	+	33749180.0	33769092.0	19913.0	6.0	5.823131828203328	1.0	3226.0	8569.539548460998	39913.0	0.0	0.0	0.0	0.0	
GCA_965153625.2	seqoccin.Bt.SAMEA117655753.scaffold	Bos taurus	Bos taurus	Scaffold	ok	CBCUFM020000029.1:+:1	CBCUFM020000029.1	+	33887666.0	33907545.0	19880.0	6.0	5.855389892719457	1.0	3251.0	8581.716967815837	39880.0	0.0	0.0	0.0	0.0	
GCA_965153635.2	seqoccin.Bt.SAMEA117655759.scaffold	Bos taurus	Bos taurus	Scaffold	ok	CBCUFL020000003.1:-:1	CBCUFL020000003.1	-	63317368.0	63337281.0	19914.0	6.0	5.855389892719457	1.0	3233.0	8579.916967815836	39914.0	0.0	0.0	0.0	0.0	
GCA_965153645.2	seqoccin.Bt.SAMEA117655707.scaffold	Bos taurus	Bos taurus	Scaffold	ok	CBCUFR020000029.1:+:1	CBCUFR020000029.1	+	34049129.0	34068766.0	19638.0	6.0	5.855389892719457	1.0	3241.0	8580.716967815837	39638.0	0.0	0.0	0.0	0.0	
GCA_965153655.2	seqoccin.Bt.SAMEA117655728.scaffold	Bos taurus	Bos taurus	Scaffold	ok	CBCUFQ020000029.1:+:1	CBCUFQ020000029.1	+	34397656.0	34417535.0	19880.0	6.0	5.855389892719457	1.0	3251.0	8581.716967815837	39880.0	0.0	0.0	0.0	0.0	
GCA_965153665.2	seqoccin.Bt.SAMEA117655770.scaffold	Bos taurus	Bos taurus	Scaffold	ok	CBCUFB020000029.1:+:1	CBCUFB020000029.1	+	33730525.0	33750439.0	19915.0	6.0	5.855389892719457	1.0	3251.0	8581.716967815837	39915.0	0.0	0.0	0.0	0.0	
GCA_965153675.2	seqoccin.Bt.SAMEA117655710.scaffold	Bos taurus	Bos taurus	Scaffold	error																	CalledProcessError: Command '['/usr/local/bin/datasets', 'download', 'genome', 'accession', 'GCA_965153675.2', '--include', 'genome', '--filename', '/home/morpheus/retraction_watch_plots/gprc6a/GPRC6A_Ruminantia/cache/genomes/GCA_965153675.2/GCA_965153675.2.zip', '--no-progressbar']' returned non-zero exit status 1.
GCA_965153685.2	seqoccin.Bt.SAMEA117655708.scaffold	Bos taurus	Bos taurus	Scaffold	ok	CBCUFJ020000029.1:+:1	CBCUFJ020000029.1	+	33848985.0	33868866.0	19882.0	6.0	5.855389892719457	1.0	3251.0	8581.716967815837	39882.0	0.0	0.0	0.0	0.0	
GCA_965153695.2	seqoccin.Bt.SAMEA117655746.scaffold	Bos taurus	Bos taurus	Scaffold	error																	CalledProcessError: Command '['/usr/local/bin/datasets', 'download', 'genome', 'accession', 'GCA_965153695.2', '--include', 'genome', '--filename', '/home/morpheus/retraction_watch_plots/gprc6a/GPRC6A_Ruminantia/cache/genomes/GCA_965153695.2/GCA_965153695.2.zip', '--no-progressbar']' returned non-zero exit status 1.
GCA_965153705.2	seqoccin.Bt.SAMEA117655755.scaffold	Bos taurus	Bos taurus	Scaffold	error																	CalledProcessError: Command '['/usr/local/bin/datasets', 'download', 'genome', 'accession', 'GCA_965153705.2', '--include', 'genome', '--filename', '/home/morpheus/retraction_watch_plots/gprc6a/GPRC6A_Ruminantia/cache/genomes/GCA_965153705.2/GCA_965153705.2.zip', '--no-progressbar']' returned non-zero exit status 1.
GCA_965153715.2	seqoccin.Bt.SAMEA117655802.scaffold	Bos taurus	Bos taurus	Scaffold	ok	CBCUFT020000029.1:+:1	CBCUFT020000029.1	+	33827679.0	33847244.0	19566.0	6.0	5.855389892719457	1.0	3256.0	8582.216967815837	39566.0	0.0	0.0	0.0	0.0	
GCA_965153725.2	seqoccin.Bt.SAMEA117655832.scaffold	Bos taurus	Bos taurus	Scaffold	ok	CBCUFS020000029.1:+:1	CBCUFS020000029.1	+	33791667.0	33811575.0	19909.0	6.0	5.855389892719457	1.0	3219.0	8578.516967815836	39909.0	0.0	0.0	0.0	0.0	
GCA_965153735.2	seqoccin.Bt.SAMEA117655787.scaffold	Bos taurus	Bos taurus	Scaffold	ok	CBCUGG020000029.1:+:1	CBCUGG020000029.1	+	33853002.0	33872915.0	19914.0	6.0	5.855389892719457	1.0	3260.0	8582.616967815837	39914.0	0.0	0.0	0.0	0.0	
GCA_965153745.2	seqoccin.Bt.SAMEA117655831.scaffold	Bos taurus	Bos taurus	Scaffold	error																	CalledProcessError: Command '['/usr/local/bin/datasets', 'download', 'genome', 'accession', 'GCA_965153745.2', '--include', 'genome', '--filename', '/home/morpheus/retraction_watch_plots/gprc6a/GPRC6A_Ruminantia/cache/genomes/GCA_965153745.2/GCA_965153745.2.zip', '--no-progressbar']' returned non-zero exit status 1.
GCA_965153755.2	seqoccin.Bt.SAMEA117655820.scaffold	Bos taurus	Bos taurus	Scaffold	ok	CBCUGC020000029.1:+:1	CBCUGC020000029.1	+	33621797.0	33641676.0	19880.0	6.0	5.855389892719457	1.0	3251.0	8581.716967815837	39880.0	0.0	0.0	0.0	0.0	
GCA_965153765.2	seqoccin.Bt.SAMEA117655801.scaffold	Bos taurus	Bos taurus	Scaffold	ok	CBCUFV020000029.1:+:1	CBCUFV020000029.1	+	33396417.0	33415978.0	19562.0	6.0	5.855389892719457	1.0	3241.0	8580.716967815837	39562.0	0.0	0.0	0.0	0.0	
GCA_965153775.2	seqoccin.Bt.SAMEA117655807.scaffold	Bos taurus	Bos taurus	Scaffold	ok	CBCUFX020000029.1:+:1	CBCUFX020000029.1	+	36750695.0	36770571.0	19877.0	6.0	5.855389892719457	1.0	3256.0	8582.216967815837	39877.0	0.0	0.0	0.0	0.0	
GCA_965153785.2	seqoccin.Bt.SAMEA117655828.scaffold	Bos taurus	Bos taurus	Scaffold	ok	CBCUGP020000029.1:+:1	CBCUGP020000029.1	+	33752344.0	33772220.0	19877.0	6.0	5.823131828203328	1.0	3249.0	8571.839548460997	39877.0	0.0	0.0	0.0	0.0	
GCA_965153795.2	seqoccin.Bt.SAMEA117655819.scaffold	Bos taurus	Bos taurus	Scaffold	ok	CBCUGO020000029.1:+:1	CBCUGO020000029.1	+	33788416.0	33808331.0	19916.0	6.0	5.855389892719457	1.0	3237.0	8580.316967815837	39916.0	0.0	0.0	0.0	0.0	
GCA_965153805.2	seqoccin.Bt.SAMEA117655817.scaffold	Bos taurus	Bos taurus	Scaffold	ok	CBCUFW020000029.1:+:1	CBCUFW020000029.1	+	34761404.0	34781001.0	19598.0	6.0	5.823131828203328	1.0	3220.0	8568.939548460998	39598.0	0.0	0.0	0.0	0.0	
GCA_965153815.2	seqoccin.Bt.SAMEA117655810.scaffold	Bos taurus	Bos taurus	Scaffold	ok	CBCUGB020000029.1:+:1	CBCUGB020000029.1	+	33822066.0	33841945.0	19880.0	6.0	5.855389892719457	1.0	3251.0	8581.716967815837	39880.0	0.0	0.0	0.0	0.0	
GCA_965153825.2	seqoccin.Bt.SAMEA117655781.scaffold	Bos taurus	Bos taurus	Scaffold	ok	CBCUFZ020000029.1:+:1	CBCUFZ020000029.1	+	32509356.0	32529236.0	19881.0	6.0	5.855389892719457	1.0	3251.0	8581.716967815837	39881.0	0.0	0.0	0.0	0.0	
GCA_965153835.2	seqoccin.Bt.SAMEA117655803.scaffold	Bos taurus	Bos taurus	Scaffold	error																	CalledProcessError: Command '['/usr/local/bin/datasets', 'download', 'genome', 'accession', 'GCA_965153835.2', '--include', 'genome', '--filename', '/home/morpheus/retraction_watch_plots/gprc6a/GPRC6A_Ruminantia/cache/genomes/GCA_965153835.2/GCA_965153835.2.zip', '--no-progressbar']' returned non-zero exit status 1.
GCA_965153845.2	seqoccin.Bt.SAMEA117655826.scaffold	Bos taurus	Bos taurus	Scaffold	error																	CalledProcessError: Command '['/usr/local/bin/datasets', 'download', 'genome', 'accession', 'GCA_965153845.2', '--include', 'genome', '--filename', '/home/morpheus/retraction_watch_plots/gprc6a/GPRC6A_Ruminantia/cache/genomes/GCA_965153845.2/GCA_965153845.2.zip', '--no-progressbar']' returned non-zero exit status 1.
GCA_965153855.2	seqoccin.Bt.SAMEA117655815.scaffold	Bos taurus	Bos taurus	Scaffold	ok	CBCUGJ020000029.1:+:1	CBCUGJ020000029.1	+	38200125.0	38220026.0	19902.0	6.0	5.855389892719457	1.0	3232.0	8579.816967815837	39902.0	0.0	0.0	0.0	0.0	
GCA_965153865.2	seqoccin.Bt.SAMEA117655778.scaffold	Bos taurus	Bos taurus	Scaffold	error																	CalledProcessError: Command '['/usr/local/bin/datasets', 'download', 'genome', 'accession', 'GCA_965153865.2', '--include', 'genome', '--filename', '/home/morpheus/retraction_watch_plots/gprc6a/GPRC6A_Ruminantia/cache/genomes/GCA_965153865.2/GCA_965153865.2.zip', '--no-progressbar']' returned non-zero exit status 1.
GCA_965153875.2	seqoccin.Bt.SAMEA117655834.scaffold	Bos taurus	Bos taurus	Scaffold	ok	CBCUGN020000029.1:+:1	CBCUGN020000029.1	+	32922441.0	32942121.0	19681.0	6.0	5.855389892719457	1.0	3251.0	8581.716967815837	39681.0	0.0	0.0	0.0	0.0	
GCA_965153885.2	seqoccin.Bt.SAMEA117655792.scaffold	Bos taurus	Bos taurus	Scaffold	ok	CBCUGA020000029.1:+:1	CBCUGA020000029.1	+	33909373.0	33928970.0	19598.0	6.0	5.823131828203328	1.0	3230.0	8569.939548460998	39598.0	0.0	0.0	0.0	0.0	
GCA_965153895.2	seqoccin.Bt.SAMEA117655825.scaffold	Bos taurus	Bos taurus	Scaffold	ok	CBCUGQ020000029.1:+:1	CBCUGQ020000029.1	+	33681921.0	33701818.0	19898.0	6.0	5.823131828203328	1.0	3262.0	8573.139548460998	39898.0	0.0	0.0	0.0	0.0	
GCA_965153905.2	seqoccin.Bt.SAMEA117655785.scaffold	Bos taurus	Bos taurus	Scaffold	ok	CBCUGI020000029.1:+:1	CBCUGI020000029.1	+	33557487.0	33577365.0	19879.0	6.0	5.855389892719457	1.0	3242.0	8580.816967815837	39879.0	0.0	0.0	0.0	0.0	
GCA_965153915.2	seqoccin.Bt.SAMEA117655788.scaffold	Bos taurus	Bos taurus	Scaffold	ok	CBCUGT020000029.1:+:1	CBCUGT020000029.1	+	33821431.0	33841331.0	19901.0	6.0	5.855389892719457	1.0	3242.0	8580.816967815837	39901.0	0.0	0.0	0.0	0.0	
GCA_965153925.2	seqoccin.Bt.SAMEA117655818.scaffold	Bos taurus	Bos taurus	Scaffold	ok	CBCUGV020000029.1:+:1	CBCUGV020000029.1	+	31928689.0	31948567.0	19879.0	6.0	5.855389892719457	1.0	3236.0	8580.216967815837	39879.0	0.0	0.0	0.0	0.0	
GCA_965153935.2	seqoccin.Bt.SAMEA117655804.scaffold	Bos taurus	Bos taurus	Scaffold	ok	CBCUGZ020000029.1:+:1	CBCUGZ020000029.1	+	33735180.0	33755059.0	19880.0	6.0	5.855389892719457	1.0	3251.0	8581.716967815837	39880.0	0.0	0.0	0.0	0.0	
GCA_965153945.2	seqoccin.Bt.SAMEA117655779.scaffold	Bos taurus	Bos taurus	Scaffold	ok	CBCUGD020000029.1:+:1	CBCUGD020000029.1	+	33751672.0	33771573.0	19902.0	6.0	5.855389892719457	1.0	3251.0	8581.716967815837	39902.0	0.0	0.0	0.0	0.0	
GCA_965153955.2	seqoccin.Bt.SAMEA117655777.scaffold	Bos taurus	Bos taurus	Scaffold	error																	CalledProcessError: Command '['/usr/local/bin/datasets', 'download', 'genome', 'accession', 'GCA_965153955.2', '--include', 'genome', '--filename', '/home/morpheus/retraction_watch_plots/gprc6a/GPRC6A_Ruminantia/cache/genomes/GCA_965153955.2/GCA_965153955.2.zip', '--no-progressbar']' returned non-zero exit status 1.
GCA_965153965.2	seqoccin.Bt.SAMEA117655789.scaffold	Bos taurus	Bos taurus	Scaffold	ok	CBCUGF020000029.1:+:1	CBCUGF020000029.1	+	32724334.0	32743897.0	19564.0	6.0	5.855389892719457	1.0	3246.0	8581.216967815837	39564.0	0.0	0.0	0.0	0.0	
GCA_965153975.2	seqoccin.Bt.SAMEA117655791.scaffold	Bos taurus	Bos taurus	Scaffold	ok	CBCUGE020000029.1:+:1	CBCUGE020000029.1	+	33862664.0	33882541.0	19878.0	6.0	5.855389892719457	1.0	3251.0	8581.716967815837	39878.0	0.0	0.0	0.0	0.0	
GCA_965153985.2	seqoccin.Bt.SAMEA117655809.scaffold	Bos taurus	Bos taurus	Scaffold	error																	CalledProcessError: Command '['/usr/local/bin/datasets', 'download', 'genome', 'accession', 'GCA_965153985.2', '--include', 'genome', '--filename', '/home/morpheus/retraction_watch_plots/gprc6a/GPRC6A_Ruminantia/cache/genomes/GCA_965153985.2/GCA_965153985.2.zip', '--no-progressbar']' returned non-zero exit status 1.
GCA_965153995.2	seqoccin.Bt.SAMEA117655827.scaffold	Bos taurus	Bos taurus	Scaffold	error																	CalledProcessError: Command '['/usr/local/bin/datasets', 'download', 'genome', 'accession', 'GCA_965153995.2', '--include', 'genome', '--filename', '/home/morpheus/retraction_watch_plots/gprc6a/GPRC6A_Ruminantia/cache/genomes/GCA_965153995.2/GCA_965153995.2.zip', '--no-progressbar']' returned non-zero exit status 1.
GCA_965154005.2	seqoccin.Bt.SAMEA117655805.scaffold	Bos taurus	Bos taurus	Scaffold	ok	CBCUGY020000013.1:+:1	CBCUGY020000013.1	+	66785666.0	66805265.0	19600.0	6.0	5.855389892719457	1.0	3242.0	8580.816967815837	39600.0	0.0	0.0	0.0	0.0	
GCA_965154015.2	seqoccin.Bt.SAMEA117655786.scaffold	Bos taurus	Bos taurus	Scaffold	error																	CalledProcessError: Command '['/usr/local/bin/datasets', 'download', 'genome', 'accession', 'GCA_965154015.2', '--include', 'genome', '--filename', '/home/morpheus/retraction_watch_plots/gprc6a/GPRC6A_Ruminantia/cache/genomes/GCA_965154015.2/GCA_965154015.2.zip', '--no-progressbar']' returned non-zero exit status 1.
GCA_965154025.2	seqoccin.Bt.SAMEA117655784.scaffold	Bos taurus	Bos taurus	Scaffold	ok	CBCUGK020000029.1:+:1	CBCUGK020000029.1	+	34587594.0	34607475.0	19882.0	6.0	5.855389892719457	1.0	3256.0	8582.216967815837	39882.0	0.0	0.0	0.0	0.0	
GCA_965154035.2	seqoccin.Bt.SAMEA117655800.scaffold	Bos taurus	Bos taurus	Scaffold	ok	CBCUGW020000029.1:+:1	CBCUGW020000029.1	+	36620201.0	36640080.0	19880.0	6.0	5.855389892719457	1.0	3251.0	8581.716967815837	39880.0	0.0	0.0	0.0	0.0	
GCA_965154045.2	seqoccin.Bt.SAMEA117655833.scaffold	Bos taurus	Bos taurus	Scaffold	ok	CBCUGX020000029.1:+:1	CBCUGX020000029.1	+	31616809.0	31636690.0	19882.0	6.0	5.855389892719457	1.0	3251.0	8581.716967815837	39882.0	0.0	0.0	0.0	0.0	
GCA_965154055.2	seqoccin.Bt.SAMEA117655783.scaffold	Bos taurus	Bos taurus	Scaffold	ok	CBCUGU020000029.1:+:1	CBCUGU020000029.1	+	33829712.0	33849589.0	19878.0	6.0	5.823131828203328	1.0	3239.0	8570.839548460997	39878.0	0.0	0.0	0.0	0.0	
GCA_965154065.2	seqoccin.Bt.SAMEA117655842.scaffold	Bos taurus	Bos taurus	Scaffold	ok	CBCUHB020000029.1:+:1	CBCUHB020000029.1	+	32806220.0	32826132.0	19913.0	6.0	5.855389892719457	1.0	3246.0	8581.216967815837	39913.0	0.0	0.0	0.0	0.0	
GCA_965154075.2	seqoccin.Bt.SAMEA117655835.scaffold	Bos taurus	Bos taurus	Scaffold	ok	CBCUHC020000029.1:+:1	CBCUHC020000029.1	+	33802813.0	33822694.0	19882.0	6.0	5.855389892719457	1.0	3251.0	8581.716967815837	39882.0	0.0	0.0	0.0	0.0	
GCA_965154085.2	seqoccin.Bt.SAMEA117655843.scaffold	Bos taurus	Bos taurus	Scaffold	error																	CalledProcessError: Command '['/usr/local/bin/datasets', 'download', 'genome', 'accession', 'GCA_965154085.2', '--include', 'genome', '--filename', '/home/morpheus/retraction_watch_plots/gprc6a/GPRC6A_Ruminantia/cache/genomes/GCA_965154085.2/GCA_965154085.2.zip', '--no-progressbar']' returned non-zero exit status 1.
GCA_965154095.2	seqoccin.Bt.SAMEA117655838.scaffold	Bos taurus	Bos taurus	Scaffold	ok	CBCUHF020000029.1:+:1	CBCUHF020000029.1	+	32851667.0	32871546.0	19880.0	6.0	5.855389892719457	1.0	3251.0	8581.716967815837	39880.0	0.0	0.0	0.0	0.0	
GCA_965154105.2	seqoccin.Bt.SAMEA117655837.scaffold	Bos taurus	Bos taurus	Scaffold	ok	CBCUHD020000029.1:+:1	CBCUHD020000029.1	+	61332794.0	61352673.0	19880.0	6.0	5.855389892719457	1.0	3251.0	8581.716967815837	39880.0	0.0	0.0	0.0	0.0	
GCA_965154155.2	seqoccin.Bt.SAMEA117655719.scaffold	Bos taurus	Bos taurus	Scaffold	ok	CBCUHP020000029.1:+:1	CBCUHP020000029.1	+	33599835.0	33619396.0	19562.0	6.0	5.855389892719457	1.0	3241.0	8580.716967815837	39562.0	0.0	0.0	0.0	0.0	
GCA_965154165.2	seqoccin.Bt.SAMEA117655716.scaffold	Bos taurus	Bos taurus	Scaffold	ok	CBCUHQ020000029.1:+:1	CBCUHQ020000029.1	+	34654353.0	34673936.0	19584.0	6.0	5.823131828203328	1.0	3221.0	8569.039548460998	39584.0	0.0	0.0	0.0	0.0	
GCA_965154175.2	seqoccin.Bt.SAMEA117655724.scaffold	Bos taurus	Bos taurus	Scaffold	ok	CBCUHZ020000029.1:+:1	CBCUHZ020000029.1	+	32865117.0	32884681.0	19565.0	6.0	5.855389892719457	1.0	3237.0	8580.316967815837	39565.0	0.0	0.0	0.0	0.0	
GCA_965154185.2	seqoccin.Bt.SAMEA117655712.scaffold	Bos taurus	Bos taurus	Scaffold	ok	CBCUHR020000029.1:+:1	CBCUHR020000029.1	+	34470776.0	34490341.0	19566.0	6.0	5.855389892719457	1.0	3241.0	8580.716967815837	39566.0	0.0	0.0	0.0	0.0	
GCA_965154195.2	seqoccin.Bt.SAMEA117655706.scaffold	Bos taurus	Bos taurus	Scaffold	ok	CBCUHO020000029.1:+:1	CBCUHO020000029.1	+	28967014.0	28986893.0	19880.0	6.0	5.855389892719457	1.0	3251.0	8581.716967815837	39880.0	0.0	0.0	0.0	0.0	
GCA_965154205.2	seqoccin.Bt.SAMEA117655723.scaffold	Bos taurus	Bos taurus	Scaffold	ok	CBCUHY020000029.1:+:1	CBCUHY020000029.1	+	33507191.0	33526754.0	19564.0	6.0	5.855389892719457	1.0	3241.0	8580.716967815837	39564.0	0.0	0.0	0.0	0.0	
GCA_965154215.2	seqoccin.Bt.SAMEA117655704.scaffold	Bos taurus	Bos taurus	Scaffold	ok	CBCUHS020000029.1:+:1	CBCUHS020000029.1	+	33550432.0	33570312.0	19881.0	6.0	5.855389892719457	1.0	3251.0	8581.716967815837	39881.0	100.0	0.0025074596925854418	1.0	100.0	
GCA_965154225.2	seqoccin.Bt.SAMEA117655705.scaffold	Bos taurus	Bos taurus	Scaffold	ok	CBCUHK020000029.1:+:1	CBCUHK020000029.1	+	35229258.0	35249137.0	19880.0	6.0	5.855389892719457	1.0	3251.0	8581.716967815837	39880.0	0.0	0.0	0.0	0.0	
GCA_965154235.2	seqoccin.Bt.SAMEA117655714.scaffold	Bos taurus	Bos taurus	Scaffold	ok	CBCUHM020000029.1:+:1	CBCUHM020000029.1	+	34168768.0	34188684.0	19917.0	6.0	5.855389892719457	1.0	3229.0	8579.516967815836	39917.0	0.0	0.0	0.0	0.0	
GCA_965154245.2	seqoccin.Bt.SAMEA117655713.scaffold	Bos taurus	Bos taurus	Scaffold	ok	CBCUHT020000029.1:+:1	CBCUHT020000029.1	+	33850084.0	33869645.0	19562.0	6.0	5.855389892719457	1.0	3241.0	8580.716967815837	39562.0	0.0	0.0	0.0	0.0	
GCA_965154255.2	seqoccin.Bt.SAMEA117655702.scaffold	Bos taurus	Bos taurus	Scaffold	ok	CBCUHV020000029.1:+:1	CBCUHV020000029.1	+	30530143.0	30549709.0	19567.0	6.0	5.855389892719457	1.0	3251.0	8581.716967815837	39567.0	0.0	0.0	0.0	0.0	
GCA_965154265.2	seqoccin.Bt.SAMEA117655717.scaffold	Bos taurus	Bos taurus	Scaffold	ok	CBCUHL020000029.1:+:1	CBCUHL020000029.1	+	33813194.0	33832793.0	19600.0	6.0	5.855389892719457	1.0	3247.0	8581.316967815837	39600.0	0.0	0.0	0.0	0.0	
GCA_965154275.2	seqoccin.Bt.SAMEA117655709.scaffold	Bos taurus	Bos taurus	Scaffold	ok	CBCUHN020000029.1:+:1	CBCUHN020000029.1	+	33763938.0	33783501.0	19564.0	6.0	5.855389892719457	1.0	3241.0	8580.716967815837	39564.0	0.0	0.0	0.0	0.0	
GCA_965154285.2	seqoccin.Bt.SAMEA117655711.scaffold	Bos taurus	Bos taurus	Scaffold	ok	CBCUHW020000029.1:+:1	CBCUHW020000029.1	+	32764334.0	32783983.0	19650.0	6.0	5.855389892719457	1.0	3241.0	8580.716967815837	39650.0	0.0	0.0	0.0	0.0	
GCA_965154295.2	seqoccin.Bt.SAMEA117655715.scaffold	Bos taurus	Bos taurus	Scaffold	ok	CBCUHU020000029.1:+:1	CBCUHU020000029.1	+	28578967.0	28598529.0	19563.0	6.0	5.855389892719457	1.0	3241.0	8580.716967815837	39563.0	0.0	0.0	0.0	0.0	
GCA_965154305.2	seqoccin.Bt.SAMEA117655721.scaffold	Bos taurus	Bos taurus	Scaffold	ok	CBCUHX020000029.1:+:1	CBCUHX020000029.1	+	33525162.0	33544723.0	19562.0	6.0	5.855389892719457	1.0	3241.0	8580.716967815837	39562.0	0.0	0.0	0.0	0.0	
GCA_965154315.2	seqoccin.Bt.SAMEA117655726.scaffold	Bos taurus	Bos taurus	Scaffold	ok	CBCUIH020000029.1:+:1	CBCUIH020000029.1	+	33792150.0	33812026.0	19877.0	6.0	5.855389892719457	1.0	3246.0	8581.216967815837	39877.0	0.0	0.0	0.0	0.0	
GCA_965154325.2	seqoccin.Bt.SAMEA117655725.scaffold	Bos taurus	Bos taurus	Scaffold	ok	CBCUII020000029.1:+:1	CBCUII020000029.1	+	34217574.0	34237453.0	19880.0	6.0	5.855389892719457	1.0	3251.0	8581.716967815837	39880.0	0.0	0.0	0.0	0.0	
GCA_965154335.2	seqoccin.Bt.SAMEA117655742.scaffold	Bos taurus	Bos taurus	Scaffold	ok	CBCUIG020000029.1:+:1	CBCUIG020000029.1	+	32095248.0	32115128.0	19881.0	6.0	5.855389892719457	1.0	3251.0	8581.716967815837	39881.0	0.0	0.0	0.0	0.0	
GCA_965154345.2	seqoccin.Bt.SAMEA117655743.scaffold	Bos taurus	Bos taurus	Scaffold	ok	CBCUIM020000029.1:+:1	CBCUIM020000029.1	+	40337116.0	40356877.0	19762.0	6.0	5.855389892719457	1.0	3247.0	8581.316967815837	39762.0	0.0	0.0	0.0	0.0	
GCA_965154355.2	seqoccin.Bt.SAMEA117655732.scaffold	Bos taurus	Bos taurus	Scaffold	ok	CBCUIA020000029.1:+:1	CBCUIA020000029.1	+	33821602.0	33841481.0	19880.0	6.0	5.855389892719457	1.0	3251.0	8581.716967815837	39880.0	0.0	0.0	0.0	0.0	
GCA_965154365.2	seqoccin.Bt.SAMEA117655734.scaffold	Bos taurus	Bos taurus	Scaffold	error																	CalledProcessError: Command '['/usr/local/bin/datasets', 'download', 'genome', 'accession', 'GCA_965154365.2', '--include', 'genome', '--filename', '/home/morpheus/retraction_watch_plots/gprc6a/GPRC6A_Ruminantia/cache/genomes/GCA_965154365.2/GCA_965154365.2.zip', '--no-progressbar']' returned non-zero exit status 1.
GCA_965154375.2	seqoccin.Bt.SAMEA117655736.scaffold	Bos taurus	Bos taurus	Scaffold	ok	CBCUIF020000029.1:+:1	CBCUIF020000029.1	+	34311924.0	34331485.0	19562.0	6.0	5.855389892719457	1.0	3241.0	8580.716967815837	39562.0	0.0	0.0	0.0	0.0	
GCA_965154385.2	seqoccin.Bt.SAMEA117655737.scaffold	Bos taurus	Bos taurus	Scaffold	ok	CBCUIE020000029.1:+:1	CBCUIE020000029.1	+	33307475.0	33327375.0	19901.0	6.0	5.855389892719457	1.0	3237.0	8580.316967815837	39901.0	0.0	0.0	0.0	0.0	
GCA_965154395.2	seqoccin.Bt.SAMEA117655738.scaffold	Bos taurus	Bos taurus	Scaffold	ok	CBCUIC020000029.1:+:1	CBCUIC020000029.1	+	34210666.0	34230228.0	19563.0	6.0	5.855389892719457	1.0	3247.0	8581.316967815837	39563.0	0.0	0.0	0.0	0.0	
GCA_965154405.2	seqoccin.Bt.SAMEA117655727.scaffold	Bos taurus	Bos taurus	Scaffold	ok	CBCUIL020000029.1:+:1	CBCUIL020000029.1	+	33932318.0	33951881.0	19564.0	6.0	5.855389892719457	1.0	3241.0	8580.716967815837	39564.0	0.0	0.0	0.0	0.0	
GCA_965154415.2	seqoccin.Bt.SAMEA117655741.scaffold	Bos taurus	Bos taurus	Scaffold	ok	CBCUIN020000029.1:+:1	CBCUIN020000029.1	+	33477230.0	33497110.0	19881.0	6.0	5.855389892719457	1.0	3247.0	8581.316967815837	39881.0	0.0	0.0	0.0	0.0	
GCA_965154425.2	seqoccin.Bt.SAMEA117655740.scaffold	Bos taurus	Bos taurus	Scaffold	ok	CBCUID020000029.1:+:1	CBCUID020000029.1	+	33529548.0	33549459.0	19912.0	6.0	5.855389892719457	1.0	3259.0	8582.516967815836	39912.0	0.0	0.0	0.0	0.0	
GCA_965154435.2	seqoccin.Bt.SAMEA117655744.scaffold	Bos taurus	Bos taurus	Scaffold	ok	CBCUIK020000029.1:+:1	CBCUIK020000029.1	+	37696586.0	37716466.0	19881.0	6.0	5.855389892719457	1.0	3256.0	8582.216967815837	39881.0	0.0	0.0	0.0	0.0	
GCA_965154445.2	seqoccin.Bt.SAMEA117655729.scaffold	Bos taurus	Bos taurus	Scaffold	ok	CBCUIJ020000029.1:+:1	CBCUIJ020000029.1	+	32891930.0	32911809.0	19880.0	6.0	5.855389892719457	1.0	3256.0	8582.216967815837	39880.0	0.0	0.0	0.0	0.0	
GCA_965177315.2	seqoccin.Bt.SAMEA117655748.scaffold	Bos taurus	Bos taurus	Scaffold	ok	CBCXRD020000029.1:+:1	CBCXRD020000029.1	+	33662743.0	33682303.0	19561.0	6.0	5.855389892719457	1.0	3246.0	8581.216967815837	39561.0	0.0	0.0	0.0	0.0	
GCA_965177325.2	seqoccin.Bt.SAMEA117655745.scaffold	Bos taurus	Bos taurus	Scaffold	ok	CBCXRF020000029.1:+:1	CBCXRF020000029.1	+	32415851.0	32435728.0	19878.0	6.0	5.855389892719457	1.0	3241.0	8580.716967815837	39878.0	100.0	0.0025076483273985656	1.0	100.0	
GCA_965177335.2	seqoccin.Bt.SAMEA117655747.scaffold	Bos taurus	Bos taurus	Scaffold	ok	CBCXRE020000029.1:+:1	CBCXRE020000029.1	+	33323969.0	33343847.0	19879.0	6.0	5.855389892719457	1.0	3256.0	8582.216967815837	39879.0	0.0	0.0	0.0	0.0	
GCA_965177345.2	seqoccin.Bt.SAMEA117655766.scaffold	Bos taurus	Bos taurus	Scaffold	error																	CalledProcessError: Command '['/usr/local/bin/datasets', 'download', 'genome', 'accession', 'GCA_965177345.2', '--include', 'genome', '--filename', '/home/morpheus/retraction_watch_plots/gprc6a/GPRC6A_Ruminantia/cache/genomes/GCA_965177345.2/GCA_965177345.2.zip', '--no-progressbar']' returned non-zero exit status 1.
GCA_965177355.2	seqoccin.Bt.SAMEA117655790.scaffold	Bos taurus	Bos taurus	Scaffold	ok	CBCXRX020000029.1:+:1	CBCXRX020000029.1	+	32682789.0	32702700.0	19912.0	6.0	5.823131828203328	1.0	3230.0	8569.939548460998	39912.0	0.0	0.0	0.0	0.0	
GCA_965177365.2	seqoccin.Bt.SAMEA117655767.scaffold	Bos taurus	Bos taurus	Scaffold	ok	CBCXRY020000029.1:+:1	CBCXRY020000029.1	+	33647949.0	33667825.0	19877.0	6.0	5.823131828203328	1.0	3231.0	8570.039548460998	39877.0	0.0	0.0	0.0	0.0	
GCA_965177375.2	seqoccin.Bt.SAMEA117655764.scaffold	Bos taurus	Bos taurus	Scaffold	ok	CBCXSF020000029.1:+:1	CBCXSF020000029.1	+	34117017.0	34136896.0	19880.0	6.0	5.855389892719457	1.0	3251.0	8581.716967815837	39880.0	0.0	0.0	0.0	0.0	
GCA_965177385.2	seqoccin.Bt.SAMEA117655814.scaffold	Bos taurus	Bos taurus	Scaffold	ok	CBCXRI020000029.1:+:1	CBCXRI020000029.1	+	33755315.0	33775194.0	19880.0	6.0	5.855389892719457	1.0	3251.0	8581.716967815837	39880.0	0.0	0.0	0.0	0.0	
GCA_965177395.2	seqoccin.Bt.SAMEA117655813.scaffold	Bos taurus	Bos taurus	Scaffold	ok	CBCXRR020000029.1:+:1	CBCXRR020000029.1	+	33810670.0	33830549.0	19880.0	6.0	5.855389892719457	1.0	3256.0	8582.216967815837	39880.0	0.0	0.0	0.0	0.0	
GCA_965177405.2	seqoccin.Bt.SAMEA117655816.scaffold	Bos taurus	Bos taurus	Scaffold	error																	CalledProcessError: Command '['/usr/local/bin/datasets', 'download', 'genome', 'accession', 'GCA_965177405.2', '--include', 'genome', '--filename', '/home/morpheus/retraction_watch_plots/gprc6a/GPRC6A_Ruminantia/cache/genomes/GCA_965177405.2/GCA_965177405.2.zip', '--no-progressbar']' returned non-zero exit status 1.
GCA_965177415.2	seqoccin.Bt.SAMEA117655823.scaffold	Bos taurus	Bos taurus	Scaffold	ok	CBCXRT020000029.1:+:1	CBCXRT020000029.1	+	33202271.0	33222184.0	19914.0	6.0	5.855389892719457	1.0	3246.0	8581.216967815837	39914.0	0.0	0.0	0.0	0.0	
GCA_965177425.2	seqoccin.Bt.SAMEA117655830.scaffold	Bos taurus	Bos taurus	Scaffold	ok	CBCXRZ020000029.1:+:1	CBCXRZ020000029.1	+	41639978.0	41659857.0	19880.0	6.0	5.855389892719457	1.0	3246.0	8581.216967815837	39880.0	0.0	0.0	0.0	0.0	
GCA_965177435.2	seqoccin.Bt.SAMEA117655822.scaffold	Bos taurus	Bos taurus	Scaffold	error																	CalledProcessError: Command '['/usr/local/bin/datasets', 'download', 'genome', 'accession', 'GCA_965177435.2', '--include', 'genome', '--filename', '/home/morpheus/retraction_watch_plots/gprc6a/GPRC6A_Ruminantia/cache/genomes/GCA_965177435.2/GCA_965177435.2.zip', '--no-progressbar']' returned non-zero exit status 1.
GCA_965177445.2	seqoccin.Bt.SAMEA117655793.scaffold	Bos taurus	Bos taurus	Scaffold	ok	CBCXRH020000029.1:+:1	CBCXRH020000029.1	+	32188053.0	32207933.0	19881.0	6.0	5.855389892719457	1.0	3256.0	8582.216967815837	39881.0	0.0	0.0	0.0	0.0	
GCA_965177455.2	seqoccin.Bt.SAMEA117655773.scaffold	Bos taurus	Bos taurus	Scaffold	ok	CBCXRL020000029.1:+:1	CBCXRL020000029.1	+	36018563.0	36038441.0	19879.0	6.0	5.855389892719457	1.0	3260.0	8582.616967815837	39879.0	0.0	0.0	0.0	0.0	
GCA_965177465.2	seqoccin.Bt.SAMEA117655794.scaffold	Bos taurus	Bos taurus	Scaffold	ok	CBCXRM020000029.1:+:1	CBCXRM020000029.1	+	33645649.0	33665529.0	19881.0	6.0	5.855389892719457	1.0	3246.0	8581.216967815837	39881.0	0.0	0.0	0.0	0.0	
GCA_965177475.2	seqoccin.Bt.SAMEA117655797.scaffold	Bos taurus	Bos taurus	Scaffold	ok	CBCXRN020000029.1:+:1	CBCXRN020000029.1	+	33783207.0	33803088.0	19882.0	6.0	5.855389892719457	1.0	3251.0	8581.716967815837	39882.0	0.0	0.0	0.0	0.0	
GCA_965177485.2	seqoccin.Bt.SAMEA117655751.scaffold	Bos taurus	Bos taurus	Scaffold	error																	CalledProcessError: Command '['/usr/local/bin/datasets', 'download', 'genome', 'accession', 'GCA_965177485.2', '--include', 'genome', '--filename', '/home/morpheus/retraction_watch_plots/gprc6a/GPRC6A_Ruminantia/cache/genomes/GCA_965177485.2/GCA_965177485.2.zip', '--no-progressbar']' returned non-zero exit status 1.
GCA_965177495.2	seqoccin.Bt.SAMEA117655754.scaffold	Bos taurus	Bos taurus	Scaffold	ok	CBCXRJ020000029.1:+:1	CBCXRJ020000029.1	+	33777676.0	33797591.0	19916.0	6.0	5.855389892719457	1.0	3251.0	8581.716967815837	39916.0	0.0	0.0	0.0	0.0	
GCA_965177505.2	seqoccin.Bt.SAMEA117655758.scaffold	Bos taurus	Bos taurus	Scaffold	ok	CBCXSE020000029.1:+:1	CBCXSE020000029.1	+	33707123.0	33727023.0	19901.0	6.0	5.823131828203328	1.0	3240.0	8570.939548460998	39901.0	0.0	0.0	0.0	0.0	
GCA_965177515.2	seqoccin.Bt.SAMEA117655795.scaffold	Bos taurus	Bos taurus	Scaffold	ok	CBCXSI020000029.1:+:1	CBCXSI020000029.1	+	33707013.0	33726893.0	19881.0	6.0	5.855389892719457	1.0	3242.0	8580.816967815837	39881.0	0.0	0.0	0.0	0.0	
GCA_965177525.2	seqoccin.Bt.SAMEA117655796.scaffold	Bos taurus	Bos taurus	Scaffold	ok	CBCXRK020000029.1:+:1	CBCXRK020000029.1	+	34741531.0	34761419.0	19889.0	6.0	5.823131828203328	1.0	3226.0	8569.539548460998	39889.0	0.0	0.0	0.0	0.0	
GCA_965177535.2	seqoccin.Bt.SAMEA117655750.scaffold	Bos taurus	Bos taurus	Scaffold	ok	CBCXRP020000029.1:+:1	CBCXRP020000029.1	+	34034784.0	34054663.0	19880.0	6.0	5.855389892719457	1.0	3251.0	8581.716967815837	39880.0	0.0	0.0	0.0	0.0	
GCA_965177545.2	seqoccin.Bt.SAMEA117655806.scaffold	Bos taurus	Bos taurus	Scaffold	ok	CBCXSD020000029.1:+:1	CBCXSD020000029.1	+	33917055.0	33936934.0	19880.0	6.0	5.855389892719457	1.0	3251.0	8581.716967815837	39880.0	0.0	0.0	0.0	0.0	
GCA_965177555.2	seqoccin.Bt.SAMEA117655812.scaffold	Bos taurus	Bos taurus	Scaffold	ok	CBCXRO020000029.1:+:1	CBCXRO020000029.1	+	33337835.0	33357400.0	19566.0	6.0	5.855389892719457	1.0	3241.0	8580.716967815837	39566.0	0.0	0.0	0.0	0.0	
GCA_965177565.2	seqoccin.Bt.SAMEA117655775.scaffold	Bos taurus	Bos taurus	Scaffold	ok	CBCXSG020000029.1:+:1	CBCXSG020000029.1	+	33847010.0	33866574.0	19565.0	6.0	5.855389892719457	1.0	3241.0	8580.716967815837	39565.0	0.0	0.0	0.0	0.0	
GCA_965177575.2	seqoccin.Bt.SAMEA117655799.scaffold	Bos taurus	Bos taurus	Scaffold	ok	CBCXRW020000029.1:+:1	CBCXRW020000029.1	+	33525780.0	33545343.0	19564.0	6.0	5.855389892719457	1.0	3241.0	8580.716967815837	39564.0	0.0	0.0	0.0	0.0	
GCA_965177585.2	seqoccin.Bt.SAMEA117655756.scaffold	Bos taurus	Bos taurus	Scaffold	ok	CBCXRU020000029.1:+:1	CBCXRU020000029.1	+	33780220.0	33800098.0	19879.0	6.0	5.855389892719457	1.0	3238.0	8580.416967815836	39879.0	0.0	0.0	0.0	0.0	
GCA_965177605.2	seqoccin.Bt.SAMEA117655752.scaffold	Bos taurus	Bos taurus	Scaffold	ok	CBCXSL020000029.1:+:1	CBCXSL020000029.1	+	33732055.0	33751934.0	19880.0	6.0	5.855389892719457	1.0	3251.0	8581.716967815837	39880.0	0.0	0.0	0.0	0.0	
GCA_965177615.2	seqoccin.Bt.SAMEA117655811.scaffold	Bos taurus	Bos taurus	Scaffold	ok	CBCXSA020000029.1:+:1	CBCXSA020000029.1	+	33785263.0	33805139.0	19877.0	6.0	5.855389892719457	1.0	3256.0	8582.216967815837	39877.0	0.0	0.0	0.0	0.0	
GCA_965177625.2	seqoccin.Bt.SAMEA117655780.scaffold	Bos taurus	Bos taurus	Scaffold	error																	CalledProcessError: Command '['/usr/local/bin/datasets', 'download', 'genome', 'accession', 'GCA_965177625.2', '--include', 'genome', '--filename', '/home/morpheus/retraction_watch_plots/gprc6a/GPRC6A_Ruminantia/cache/genomes/GCA_965177625.2/GCA_965177625.2.zip', '--no-progressbar']' returned non-zero exit status 1.
GCA_965177635.2	seqoccin.Bt.SAMEA117655808.scaffold	Bos taurus	Bos taurus	Scaffold	ok	CBCXSQ020000029.1:+:1	CBCXSQ020000029.1	+	34475633.0	34495512.0	19880.0	6.0	5.855389892719457	1.0	3251.0	8581.716967815837	39880.0	0.0	0.0	0.0	0.0	
GCA_965177645.2	seqoccin.Bt.SAMEA117655824.scaffold	Bos taurus	Bos taurus	Scaffold	ok	CBCXSS020000029.1:+:1	CBCXSS020000029.1	+	33663062.0	33682973.0	19912.0	6.0	5.823131828203328	1.0	3230.0	8569.939548460998	39912.0	0.0	0.0	0.0	0.0	
GCA_965177655.2	seqoccin.Bt.SAMEA117655772.scaffold	Bos taurus	Bos taurus	Scaffold	ok	CBCXSC020000029.1:+:1	CBCXSC020000029.1	+	34763656.0	34783535.0	19880.0	6.0	5.855389892719457	1.0	3251.0	8581.716967815837	39880.0	0.0	0.0	0.0	0.0	
GCA_965177665.2	seqoccin.Bt.SAMEA117655821.scaffold	Bos taurus	Bos taurus	Scaffold	ok	CBCXSB020000029.1:+:1	CBCXSB020000029.1	+	33720857.0	33740755.0	19899.0	6.0	5.855389892719457	1.0	3260.0	8582.616967815837	39899.0	0.0	0.0	0.0	0.0	
GCA_965177675.2	seqoccin.Bt.SAMEA117655836.scaffold	Bos taurus	Bos taurus	Scaffold	ok	CBCXSH020000029.1:+:1	CBCXSH020000029.1	+	33587668.0	33607548.0	19881.0	6.0	5.855389892719457	1.0	3251.0	8581.716967815837	39881.0	0.0	0.0	0.0	0.0	
GCA_965177685.2	seqoccin.Bt.SAMEA117655749.scaffold	Bos taurus	Bos taurus	Scaffold	ok	CBCXSU020000029.1:+:1	CBCXSU020000029.1	+	37440649.0	37460528.0	19880.0	6.0	5.855389892719457	1.0	3251.0	8581.716967815837	39880.0	0.0	0.0	0.0	0.0	
GCA_965177695.2	seqoccin.Bt.SAMEA117655829.scaffold	Bos taurus	Bos taurus	Scaffold	ok	CBCXSK020000029.1:+:1	CBCXSK020000029.1	+	33855188.0	33875067.0	19880.0	6.0	5.855389892719457	1.0	3251.0	8581.716967815837	39880.0	0.0	0.0	0.0	0.0	
GCA_965177705.2	seqoccin.Bt.SAMEA117655782.scaffold	Bos taurus	Bos taurus	Scaffold	ok	CBCXST020000029.1:+:1	CBCXST020000029.1	+	33495338.0	33514901.0	19564.0	6.0	5.855389892719457	1.0	3241.0	8580.716967815837	39564.0	0.0	0.0	0.0	0.0	
GCA_965177715.2	seqoccin.Bt.SAMEA117655761.scaffold	Bos taurus	Bos taurus	Scaffold	ok	CBCXSR020000029.1:+:1	CBCXSR020000029.1	+	33695692.0	33715571.0	19880.0	6.0	5.855389892719457	1.0	3251.0	8581.716967815837	39880.0	0.0	0.0	0.0	0.0	
GCA_965177725.2	seqoccin.Bt.SAMEA117655798.scaffold	Bos taurus	Bos taurus	Scaffold	ok	CBCXSN020000029.1:+:1	CBCXSN020000029.1	+	33701621.0	33721517.0	19897.0	6.0	5.823131828203328	1.0	3230.0	8569.939548460998	39897.0	0.0	0.0	0.0	0.0	
GCA_965177735.2	seqoccin.Bt.SAMEA117655771.scaffold	Bos taurus	Bos taurus	Scaffold	ok	CBCXSO020000029.1:+:1	CBCXSO020000029.1	+	34006565.0	34026443.0	19879.0	6.0	5.855389892719457	1.0	3237.0	8580.316967815837	39879.0	0.0	0.0	0.0	0.0	
GCA_965177745.2	seqoccin.Bt.SAMEA117655757.scaffold	Bos taurus	Bos taurus	Scaffold	ok	CBCXSM020000029.1:+:1	CBCXSM020000029.1	+	32759223.0	32778784.0	19562.0	6.0	5.855389892719457	1.0	3236.0	8580.216967815837	39562.0	0.0	0.0	0.0	0.0	
GCA_965177755.2	seqoccin.Bt.SAMEA117655763.scaffold	Bos taurus	Bos taurus	Scaffold	ok	CBCXSV020000029.1:+:1	CBCXSV020000029.1	+	31235218.0	31255097.0	19880.0	6.0	5.855389892719457	1.0	3251.0	8581.716967815837	39880.0	0.0	0.0	0.0	0.0	
GCA_965177765.2	seqoccin.Bt.SAMEA117655846.scaffold	Bos taurus	Bos taurus	Scaffold	ok	CBCXSZ020000029.1:+:1	CBCXSZ020000029.1	+	33761213.0	33781092.0	19880.0	6.0	5.855389892719457	1.0	3251.0	8581.716967815837	39880.0	0.0	0.0	0.0	0.0	
GCA_965177775.2	seqoccin.Bt.SAMEA117655847.scaffold	Bos taurus	Bos taurus	Scaffold	ok	CBCXSW020000029.1:+:1	CBCXSW020000029.1	+	34150065.0	34169977.0	19913.0	6.0	5.823131828203328	1.0	3235.0	8570.439548460998	39913.0	0.0	0.0	0.0	0.0	
GCA_965177785.2	seqoccin.Bt.SAMEA117655839.scaffold	Bos taurus	Bos taurus	Scaffold	ok	CBCXSY020000029.1:+:1	CBCXSY020000029.1	+	33888478.0	33908356.0	19879.0	6.0	5.855389892719457	1.0	3256.0	8582.216967815837	39879.0	0.0	0.0	0.0	0.0	
GCA_965177795.2	seqoccin.Bt.SAMEA117655844.scaffold	Bos taurus	Bos taurus	Scaffold	ok	CBCXSX020000029.1:+:1	CBCXSX020000029.1	+	33212413.0	33232294.0	19882.0	6.0	5.855389892719457	1.0	3237.0	8580.316967815837	39882.0	0.0	0.0	0.0	0.0	
GCA_965177805.2	seqoccin.Bt.SAMEA117655845.scaffold	Bos taurus	Bos taurus	Scaffold	ok	CBCXTB020000029.1:+:1	CBCXTB020000029.1	+	33942687.0	33962599.0	19913.0	6.0	5.823131828203328	1.0	3230.0	8569.939548460998	39913.0	0.0	0.0	0.0	0.0	
GCA_965177825.2	seqoccin.Bt.SAMEA117655840.scaffold	Bos taurus	Bos taurus	Scaffold	ok	CBCXTC020000029.1:+:1	CBCXTC020000029.1	+	34201908.0	34221801.0	19894.0	6.0	5.855389892719457	1.0	3232.0	8579.816967815837	39894.0	0.0	0.0	0.0	0.0	
GCA_965225615.1	Vnn_Gaur	Bos gaurus	Bos gaurus	Scaffold	ok	CBDDBF010030085.1:+:1	CBDDBF010030085.1	+	160909.0	180740.0	19832.0	6.0	5.855389892719457	1.0	3219.0	8578.516967815836	39832.0	0.0	0.0	0.0	0.0	
GCA_965246665.2	Azikheli Water Buffalo Hap2	Bubalus bubalis bubalis	Bubalus bubalis	Contig	ok	CBDFFB020000024.1:+:1	CBDFFB020000024.1	+	35180362.0	35200227.0	19866.0	4.0	3.9584826762246115	1.0	2594.0	5946.944802867383	39866.0	0.0	0.0	0.0	0.0	
GCA_965363385.1	seqoccin.Sh.SAMEA118215306	Ovis aries	Ovis aries	Scaffold	error																	CalledProcessError: Command '['/usr/local/bin/datasets', 'download', 'genome', 'accession', 'GCA_965363385.1', '--include', 'genome', '--filename', '/home/morpheus/retraction_watch_plots/gprc6a/GPRC6A_Ruminantia/cache/genomes/GCA_965363385.1/GCA_965363385.1.zip', '--no-progressbar']' returned non-zero exit status 1.
GCA_965363395.1	seqoccin.Go.SAMEA118215289	Capra hircus	Capra hircus	Scaffold	error																	CalledProcessError: Command '['/usr/local/bin/datasets', 'download', 'genome', 'accession', 'GCA_965363395.1', '--include', 'genome', '--filename', '/home/morpheus/retraction_watch_plots/gprc6a/GPRC6A_Ruminantia/cache/genomes/GCA_965363395.1/GCA_965363395.1.zip', '--no-progressbar']' returned non-zero exit status 1.
GCA_965363425.1	seqoccin.Sh.SAMEA118215300	Ovis aries	Ovis aries	Scaffold	error																	CalledProcessError: Command '['/usr/local/bin/datasets', 'download', 'genome', 'accession', 'GCA_965363425.1', '--include', 'genome', '--filename', '/home/morpheus/retraction_watch_plots/gprc6a/GPRC6A_Ruminantia/cache/genomes/GCA_965363425.1/GCA_965363425.1.zip', '--no-progressbar']' returned non-zero exit status 1.
GCA_965363435.1	seqoccin.Sh.SAMEA118215309	Ovis aries	Ovis aries	Scaffold	ok	CBDTYB010000008.1:+:1	CBDTYB010000008.1	+	21156968.0	21177207.0	20240.0	6.0	5.816526825567228	1.0	2726.0	8517.558047670169	40240.0	0.0	0.0	0.0	0.0	
GCA_965363445.1	seqoccin.Sh.SAMEA118215297	Ovis aries	Ovis aries	Scaffold	ok	CBDTXW010000009.1:+:1	CBDTXW010000009.1	+	25471626.0	25491944.0	20319.0	6.0	5.816526825567228	1.0	2701.0	8515.058047670169	40319.0	0.0	0.0	0.0	0.0	
GCA_965363705.1	seqoccin.Sh.SAMEA118215298	Ovis aries	Ovis aries	Scaffold	ok	CBDTXU010000008.1:+:1	CBDTXU010000008.1	+	21118271.0	21138565.0	20295.0	6.0	5.816526825567228	1.0	2715.0	8516.458047670169	40295.0	0.0	0.0	0.0	0.0	
GCA_965363785.1	seqoccin.Sh.SAMEA118215299	Ovis aries	Ovis aries	Scaffold	ok	CBDTXR010000008.1:+:1	CBDTXR010000008.1	+	21222591.0	21242840.0	20250.0	6.0	5.816526825567228	1.0	2711.0	8516.058047670169	40250.0	0.0	0.0	0.0	0.0	
GCA_965363845.1	seqoccin.Go.SAMEA118215293	Capra hircus	Capra hircus	Scaffold	ok	CBDTXQ010000009.1:+:1	CBDTXQ010000009.1	+	21045796.0	21065607.0	19812.0	6.0	5.9385925532667585	1.0	2703.0	8551.877765980027	39812.0	0.0	0.0	0.0	0.0	
GCA_965363855.1	seqoccin.Go.SAMEA118215295	Capra hircus	Capra hircus	Scaffold	ok	CBDTXO010000009.1:+:1	CBDTXO010000009.1	+	21026418.0	21046243.0	19826.0	6.0	5.9385925532667585	1.0	2708.0	8552.377765980027	39826.0	0.0	0.0	0.0	0.0	
GCA_965363885.1	seqoccin.Go.SAMEA118215292	Capra hircus	Capra hircus	Scaffold	ok	CBDTXK010000010.1:+:1	CBDTXK010000010.1	+	21085630.0	21105462.0	19833.0	6.0	5.9385925532667585	1.0	2712.0	8552.777765980029	39833.0	0.0	0.0	0.0	0.0	
GCA_965364655.1	seqoccin.Go.SAMEA118215294_hap2	Capra hircus	Capra hircus	Scaffold	ok	CBDTZD030000028.1:-:1	CBDTZD030000028.1	-	71903724.0	71923542.0	19819.0	6.0	5.9385925532667585	1.0	2707.0	8552.277765980029	39819.0	0.0	0.0	0.0	0.0	
GCA_965364765.1	seqoccin.Sh.SAMEA118215305	Ovis aries	Ovis aries	Scaffold	error																	CalledProcessError: Command '['/usr/local/bin/datasets', 'download', 'genome', 'accession', 'GCA_965364765.1', '--include', 'genome', '--filename', '/home/morpheus/retraction_watch_plots/gprc6a/GPRC6A_Ruminantia/cache/genomes/GCA_965364765.1/GCA_965364765.1.zip', '--no-progressbar']' returned non-zero exit status 1.
GCA_965364855.1	seqoccin.Sh.SAMEA118215308	Ovis aries	Ovis aries	Scaffold	ok	CBDUAQ010000009.1:+:1	CBDUAQ010000009.1	+	21190540.0	21210818.0	20279.0	6.0	5.816526825567228	1.0	2721.0	8517.058047670169	40279.0	0.0	0.0	0.0	0.0	
GCA_965365845.1	seqoccin.Go.SAMEA118215296	Capra hircus	Capra hircus	Scaffold	ok	CBDUDM010000009.1:+:1	CBDUDM010000009.1	+	21065019.0	21084823.0	19805.0	6.0	5.9385925532667585	1.0	2699.0	8551.477765980027	39805.0	0.0	0.0	0.0	0.0	
GCA_965365915.1	seqoccin.Sh.SAMEA118215307	Ovis aries	Ovis aries	Scaffold	ok	CBDUDN010000009.1:+:1	CBDUDN010000009.1	+	27304348.0	27324101.0	19754.0	6.0	5.81174785304632	1.0	2698.0	8513.324355913895	39754.0	0.0	0.0	0.0	0.0	
GCA_965365925.1	seqoccin.Go.SAMEA118215291	Capra hircus	Capra hircus	Scaffold	ok	CBDUDO010000009.1:+:1	CBDUDO010000009.1	+	21052127.0	21071939.0	19813.0	6.0	5.9385925532667585	1.0	2702.0	8551.777765980029	39813.0	0.0	0.0	0.0	0.0	
GCA_965606195.1	Nili Ravi Water Buffalo Hap2	Bubalus bubalis bubalis	Bubalus bubalis	Contig	ok	CBFDFF020000030.1:+:1	CBFDFF020000030.1	+	34561521.0	34581376.0	19856.0	4.0	3.9584826762246115	1.0	2591.0	5946.644802867384	39856.0	0.0	0.0	0.0	0.0	
GCA_965637775.1	Oar_Finn	Ovis aries	Ovis aries	Scaffold	ok	CBFEWE010000011.1:-:1	CBFEWE010000011.1	-	70612669.0	70632906.0	20238.0	6.0	5.816526825567228	1.0	2715.0	8516.458047670169	40238.0	0.0	0.0	0.0	0.0	
GCA_965642185.1	NIBGE_UOENRWB_hap2	Bubalus bubalis bubalis	Bubalus bubalis	Contig	ok	CBFFLM010000030.1:+:1	CBFFLM010000030.1	+	34561521.0	34581376.0	19856.0	4.0	3.9584826762246115	1.0	2591.0	5946.644802867384	39856.0	0.0	0.0	0.0	0.0	
GCA_965642195.1	NIBGE_UOEAWB_hap2	Bubalus bubalis bubalis	Bubalus bubalis	Contig	ok	CBFFLO010000024.1:+:1	CBFFLO010000024.1	+	35180362.0	35200227.0	19866.0	4.0	3.9584826762246115	1.0	2594.0	5946.944802867383	39866.0	0.0	0.0	0.0	0.0	
GCA_965642205.1	NIBGE_UOENRWB_hap1	Bubalus bubalis bubalis	Bubalus bubalis	Contig	ok	CBFFLN010000008.1:+:1	CBFFLN010000008.1	+	34825880.0	34845744.0	19865.0	4.0	3.9584826762246115	1.0	2595.0	5947.044802867384	39865.0	0.0	0.0	0.0	0.0	
GCA_974728815.1	seqoccin.Bt.SAMEA117655703.scaffold	Bos taurus	Bos taurus	Scaffold	ok	CDETGU010000029.1:+:1	CDETGU010000029.1	+	32063689.0	32083252.0	19564.0	6.0	5.855389892719457	1.0	3251.0	8581.716967815837	39564.0	0.0	0.0	0.0	0.0	
GCA_976986615.1	seqoccin.Go.SAMEA114604485_hap1	Bos taurus	Bos taurus	Contig	ok	CDRKBT010000049.1:-:1	CDRKBT010000049.1	-	11818405.0	11837969.0	19565.0	6.0	5.855389892719457	1.0	3246.0	8581.216967815837	39565.0	0.0	0.0	0.0	0.0	
GCA_976986625.1	seqoccin.Go.SAMEA114604485_hap2	Bos taurus	Bos taurus	Contig	ok	CDRKBU010000036.1:-:1	CDRKBU010000036.1	-	58283507.0	58303388.0	19882.0	6.0	5.855389892719457	1.0	3251.0	8581.716967815837	39882.0	0.0	0.0	0.0	0.0	
GCA_976986635.2	seqoccin.Go.SAMEA114604488_hap1	Bos taurus	Bos taurus	Contig	error																	CalledProcessError: Command '['/usr/local/bin/datasets', 'download', 'genome', 'accession', 'GCA_976986635.2', '--include', 'genome', '--filename', '/home/morpheus/retraction_watch_plots/gprc6a/GPRC6A_Ruminantia/cache/genomes/GCA_976986635.2/GCA_976986635.2.zip', '--no-progressbar']' returned non-zero exit status 1.
GCA_977879435.1	seqoccin.Go.SAMEA118215296.2	Capra hircus	Capra hircus	Scaffold	ok	CDWKDU010000009.1:+:1	CDWKDU010000009.1	+	21065019.0	21084823.0	19805.0	6.0	5.9385925532667585	1.0	2699.0	8551.477765980027	39805.0	0.0	0.0	0.0	0.0	
GCA_977879805.1	seqoccin.Go.SAMEA118215294.2	Capra hircus	Capra hircus	Scaffold	ok	CDWKDW010000009.1:+:1	CDWKDW010000009.1	+	21077293.0	21097114.0	19822.0	6.0	5.9385925532667585	1.0	2712.0	8552.777765980029	39822.0	0.0	0.0	0.0	0.0	
GCA_977880105.2	seqoccin.Go.SAMEA118215292_	Capra hircus	Capra hircus	Scaffold	error																	CalledProcessError: Command '['/usr/local/bin/datasets', 'download', 'genome', 'accession', 'GCA_977880105.2', '--include', 'genome', '--filename', '/home/morpheus/retraction_watch_plots/gprc6a/GPRC6A_Ruminantia/cache/genomes/GCA_977880105.2/GCA_977880105.2.zip', '--no-progressbar']' returned non-zero exit status 1.
GCA_977927225.1	NR2025_1M	Bos taurus	Bos taurus	Chromosome	ok	OZ375962.1:+:1	OZ375962.1	+	35044099.0	35063979.0	19881.0	6.0	5.855389892719457	1.0	3251.0	8581.716967815837	39881.0	0.0	0.0	0.0	0.0	
GCA_977927245.1	NR2025_2M	Bos taurus	Bos taurus	Chromosome	ok	OZ375872.1:+:1	OZ375872.1	+	55671548.0	55691459.0	19912.0	6.0	5.823131828203328	1.0	3230.0	8569.939548460998	39912.0	0.0	0.0	0.0	0.0	
GCA_977927255.1	NR2025_3P	Bos taurus	Bos taurus	Chromosome	ok	OZ375902.1:+:1	OZ375902.1	+	46378406.0	46398318.0	19913.0	6.0	5.823131828203328	1.0	3230.0	8569.939548460998	39913.0	0.0	0.0	0.0	0.0	
GCA_977927265.1	NR2025_1P	Bos taurus	Bos taurus	Chromosome	ok	OZ375842.1:+:1	OZ375842.1	+	38725522.0	38745402.0	19881.0	6.0	5.855389892719457	1.0	3251.0	8581.716967815837	39881.0	0.0	0.0	0.0	0.0	
GCA_977927285.1	NR2025_3M	Bos taurus	Bos taurus	Chromosome	ok	OZ375932.1:+:1	OZ375932.1	+	42225449.0	42245361.0	19913.0	6.0	5.823131828203328	1.0	3230.0	8569.939548460998	39913.0	0.0	0.0	0.0	0.0	
GCA_977970235.1	NR2025_2P	Bos taurus	Bos taurus	Chromosome	ok	OZ387467.1:+:1	OZ387467.1	+	43409239.0	43429119.0	19881.0	6.0	5.855389892719457	1.0	3251.0	8581.716967815837	39881.0	0.0	0.0	0.0	0.0	
GCA_984506415.1	seqoccin.Sh.SAMEA118215311_hap2_	Ovis aries	Ovis aries	Scaffold	ok	CFGVMK010000025.1:+:1	CFGVMK010000025.1	+	21223874.0	21244497.0	20624.0	6.0	5.816526825567228	1.0	2712.0	8516.15804767017	40624.0	0.0	0.0	0.0	0.0	
GCA_984506425.1	seqoccin.Go.SAMEA118215288_hap1_	Capra hircus	Capra hircus	Scaffold	ok	CFGVMJ010000026.1:-:1	CFGVMJ010000026.1	-	71800280.0	71820102.0	19823.0	6.0	5.9292028819052565	1.0	2691.0	8547.860864571578	39823.0	0.0	0.0	0.0	0.0	
GCA_984506435.1	seqoccin.Sh.SAMEA118215303_hap1_	Ovis aries	Ovis aries	Scaffold	ok	CFGVMI010000025.1:-:1	CFGVMI010000025.1	-	70796584.0	70816348.0	19765.0	6.0	5.81174785304632	1.0	2697.0	8513.224355913897	39765.0	0.0	0.0	0.0	0.0	
GCA_984506445.1	seqoccin.Sh.SAMEA118215303_hap2_	Ovis aries	Ovis aries	Scaffold	error																	CalledProcessError: Command '['/usr/local/bin/datasets', 'download', 'genome', 'accession', 'GCA_984506445.1', '--include', 'genome', '--filename', '/home/morpheus/retraction_watch_plots/gprc6a/GPRC6A_Ruminantia/cache/genomes/GCA_984506445.1/GCA_984506445.1.zip', '--no-progressbar']' returned non-zero exit status 1.
GCA_984506455.1	seqoccin.Sh.SAMEA118215311_hap1_	Ovis aries	Ovis aries	Scaffold	ok	CFGVML010000025.1:+:1	CFGVML010000025.1	+	22215948.0	22236241.0	20294.0	6.0	5.816526825567228	1.0	2719.0	8516.858047670168	40294.0	0.0	0.0	0.0	0.0	
GCA_984506465.1	seqoccin.Sh.SAMEA118215310_hap2_	Ovis aries	Ovis aries	Scaffold	ok	CFGVMN010000025.1:+:1	CFGVMN010000025.1	+	21245731.0	21265500.0	19770.0	6.0	5.81174785304632	1.0	2697.0	8513.224355913897	39770.0	0.0	0.0	0.0	0.0	
GCA_984506515.1	seqoccin.Go.SAMEA118215289_	Capra hircus	Capra hircus	Scaffold	ok	CFGVMO010000010.1:+:1	CFGVMO010000010.1	+	21071494.0	21091314.0	19821.0	6.0	5.9385925532667585	1.0	2702.0	8551.777765980029	39821.0	0.0	0.0	0.0	0.0	
GCA_984506535.1	seqoccin.Go.SAMEA118215288_hap2_	Capra hircus	Capra hircus	Scaffold	ok	CFGVMQ010000028.1:-:1	CFGVMQ010000028.1	-	71903724.0	71923542.0	19819.0	6.0	5.9385925532667585	1.0	2707.0	8552.277765980029	39819.0	0.0	0.0	0.0	0.0	
GCA_984506635.1	seqoccin.Sh.SAMEA118215310_hap1_	Ovis aries	Ovis aries	Scaffold	ok	CFGVMP010000025.1:+:1	CFGVMP010000025.1	+	21526573.0	21546807.0	20235.0	6.0	5.816526825567228	1.0	2717.0	8516.65804767017	40235.0	0.0	0.0	0.0	0.0	
GCA_984506805.1	seqoccin.Go.SAMEA118215307_	Ovis aries	Ovis aries	Scaffold	error																	CalledProcessError: Command '['/usr/local/bin/datasets', 'download', 'genome', 'accession', 'GCA_984506805.1', '--include', 'genome', '--filename', '/home/morpheus/retraction_watch_plots/gprc6a/GPRC6A_Ruminantia/cache/genomes/GCA_984506805.1/GCA_984506805.1.zip', '--no-progressbar']' returned non-zero exit status 1.
GCA_984506815.1	seqoccin.Go.SAMEA118215305_	Ovis aries	Ovis aries	Scaffold	error																	CalledProcessError: Command '['/usr/local/bin/datasets', 'download', 'genome', 'accession', 'GCA_984506815.1', '--include', 'genome', '--filename', '/home/morpheus/retraction_watch_plots/gprc6a/GPRC6A_Ruminantia/cache/genomes/GCA_984506815.1/GCA_984506815.1.zip', '--no-progressbar']' returned non-zero exit status 1.
GCA_984506825.1	seqoccin.Go.SAMEA118215291_	Capra hircus	Capra hircus	Scaffold	ok	CFGVMR010000009.1:+:1	CFGVMR010000009.1	+	21052127.0	21071939.0	19813.0	6.0	5.9385925532667585	1.0	2702.0	8551.777765980029	39813.0	0.0	0.0	0.0	0.0	
GCA_984506965.1	seqoccin.Go.SAMEA118215310_	Ovis aries	Ovis aries	Scaffold	ok	CFGVNO010000008.1:+:1	CFGVNO010000008.1	+	20966025.0	20985794.0	19770.0	6.0	5.816526825567228	1.0	2702.0	8515.15804767017	39770.0	0.0	0.0	0.0	0.0	
GCA_984507005.1	seqoccin.Go.SAMEA118215298_	Ovis aries	Ovis aries	Scaffold	ok	CFGVNN010000008.1:+:1	CFGVNN010000008.1	+	21118271.0	21138565.0	20295.0	6.0	5.816526825567228	1.0	2715.0	8516.458047670169	40295.0	0.0	0.0	0.0	0.0	
GCA_984513465.1	seqoccin.Go.SAMEA118215308_	Ovis aries	Ovis aries	Scaffold	ok	CFGWSR010000009.1:+:1	CFGWSR010000009.1	+	21190540.0	21210818.0	20279.0	6.0	5.816526825567228	1.0	2721.0	8517.058047670169	40279.0	0.0	0.0	0.0	0.0	
GCA_984513515.1	seqoccin.Go.SAMEA118215295_	Capra hircus	Capra hircus	Scaffold	ok	CFGWSS010000009.1:+:1	CFGWSS010000009.1	+	21026418.0	21046243.0	19826.0	6.0	5.9385925532667585	1.0	2708.0	8552.377765980027	39826.0	0.0	0.0	0.0	0.0	
GCA_984513855.1	seqoccin.Go.SAMEA118215293_	Capra hircus	Capra hircus	Scaffold	ok	CFGWST010000009.1:+:1	CFGWST010000009.1	+	21045796.0	21065607.0	19812.0	6.0	5.9385925532667585	1.0	2703.0	8551.877765980027	39812.0	0.0	0.0	0.0	0.0	
GCA_984514235.1	seqoccin.Go.SAMEA118215297_	Ovis aries	Ovis aries	Scaffold	ok	CFGWSV010000009.1:+:1	CFGWSV010000009.1	+	25471626.0	25491944.0	20319.0	6.0	5.816526825567228	1.0	2701.0	8515.058047670169	40319.0	0.0	0.0	0.0	0.0	
GCA_984514435.1	seqoccin.Go.SAMEA118215300_	Ovis aries	Ovis aries	Scaffold	ok	CFGWSU010000008.1:+:1	CFGWSU010000008.1	+	21231245.0	21251064.0	19820.0	6.0	5.816526825567228	1.0	2710.0	8515.958047670169	39820.0	0.0	0.0	0.0	0.0	
GCA_984514685.1	seqoccin.Go.SAMEA118215306_	Ovis aries	Ovis aries	Scaffold	ok	CFGWSW010000009.1:+:1	CFGWSW010000009.1	+	21126301.0	21146572.0	20272.0	6.0	5.816526825567228	1.0	2717.0	8516.65804767017	40272.0	0.0	0.0	0.0	0.0	
GCA_984538235.1	seqoccin.Go.SAMEA118215309_	Ovis aries	Ovis aries	Scaffold	ok	CFHAKB010000008.1:+:1	CFHAKB010000008.1	+	21156968.0	21177207.0	20240.0	6.0	5.816526825567228	1.0	2726.0	8517.558047670169	40240.0	0.0	0.0	0.0	0.0	
GCF_000003055.6	Bos_taurus_UMD_3.1.1	Bos taurus	Bos taurus	Chromosome	ok	AC_000166.1:+:1	AC_000166.1	+	34258727.0	34278639.0	19913.0	6.0	5.823131828203328	1.0	3226.0	8569.539548460998	39913.0	0.0	0.0	0.0	0.0	
GCF_000003205.7	Btau_5.0.1	Bos taurus	Bos taurus	Chromosome	error																	CalledProcessError: Command '['/usr/local/bin/datasets', 'download', 'genome', 'accession', 'GCF_000003205.7', '--include', 'genome', '--filename', '/home/morpheus/retraction_watch_plots/gprc6a/GPRC6A_Ruminantia/cache/genomes/GCF_000003205.7/GCF_000003205.7.zip', '--no-progressbar']' returned non-zero exit status 1.
GCF_000247795.1	Bos_indicus_1.0	Bos indicus	Bos indicus	Chromosome	ok	NC_032658.1:+:1	NC_032658.1	+	35524877.0	35544623.0	19747.0	6.0	5.855389892719457	1.0	3228.0	8579.416967815836	39747.0	1017.0	0.025586836742395654	5.0	863.0	
GCF_000298355.1	BosGru_v2.0	Bos mutus	Bos mutus	Scaffold	ok	NW_005393812.1:+:1	NW_005393812.1	+	146042.0	165709.0	19668.0	6.0	5.733324165019926	1.0	3175.0	8537.497249505977	39668.0	828.0	0.02087324795805183	2.0	795.0	
GCF_000298735.2	Oar_v4.0	Ovis aries	Ovis aries	Chromosome	ok	NC_019465.2:+:1	NC_019465.2	+	20840880.0	20860895.0	20016.0	6.0	5.81174785304632	1.0	2723.0	8515.824355913895	40016.0	0.0	0.0	0.0	0.0	
GCF_000400835.1	PHO1.0	Pantholops hodgsonii	Pantholops hodgsonii	Scaffold	ok	NW_005810851.1:+:1	NW_005810851.1	+	50706.0	71144.0	20439.0	6.0	5.807137154205726	1.0	2737.0	8515.841146261719	40439.0	0.0	0.0	0.0	0.0	
GCF_000471725.1	UMD_CASPUR_WB_2.0	Bubalus bubalis	Bubalus bubalis	Scaffold	ok	NW_005784304.1:-:1	NW_005784304.1	-	449943.0	455149.0	5207.0	3.0	2.991935483870968	1.0	1663.0	4563.880645161291	18219.0	100.0	0.005488775454196169	1.0	100.0	
GCF_000754665.1	Bison_UMD1.0	Bison bison bison	Bison bison	Scaffold	ok	NW_011495034.1:+:1	NW_011495034.1	+	13604502.0	13625051.0	20550.0	6.0	5.823131828203328	1.0	3226.0	8569.539548460998	40550.0	594.0	0.014648581997533909	3.0	394.0	
GCF_000765115.1	Oori1	Ovis aries musimon	Ovis aries	Scaffold	ok	NW_011942609.1:+:1	NW_011942609.1	+	1838541.0	1858333.0	19793.0	6.0	5.816526825567228	1.0	2704.0	8515.358047670168	39793.0	1460.0	0.03668987007765185	1.0	1460.0	
GCF_001704415.2	ARS1.2	Capra hircus	Capra hircus	Chromosome	ok	NC_030816.1:+:1	NC_030816.1	+	21029116.0	21048939.0	19824.0	6.0	5.9385925532667585	1.0	2712.0	8552.777765980029	39824.0	0.0	0.0	0.0	0.0	
GCF_002102435.1	Ovir.te_1.0	Odocoileus virginianus texanus	Odocoileus virginianus	Scaffold	error																	CalledProcessError: Command '['/usr/local/bin/datasets', 'download', 'genome', 'accession', 'GCF_002102435.1', '--include', 'genome', '--filename', '/home/morpheus/retraction_watch_plots/gprc6a/GPRC6A_Ruminantia/cache/genomes/GCF_002102435.1/GCF_002102435.1.zip', '--no-progressbar']' returned non-zero exit status 1.
GCF_002263795.3	ARS-UCD2.0	Bos taurus	Bos taurus	Chromosome	ok	NC_037336.1:+:1	NC_037336.1	+	33818779.0	33838678.0	19900.0	6.0	5.83119634433236	1.0	3241.0	8573.458903299708	39900.0	0.0	0.0	0.0	0.0	
GCF_002742125.1	Oar_rambouillet_v1.0	Ovis aries	Ovis aries	Chromosome	ok	NC_040259.1:+:1	NC_040259.1	+	23182141.0	23202443.0	20303.0	6.0	5.816526825567228	1.0	2725.0	8517.458047670169	40303.0	0.0	0.0	0.0	0.0	
GCF_003121395.1	UOA_WB_1	Bubalus bubalis	Bubalus bubalis	Chromosome	error																	CalledProcessError: Command '['/usr/local/bin/datasets', 'download', 'genome', 'accession', 'GCF_003121395.1', '--include', 'genome', '--filename', '/home/morpheus/retraction_watch_plots/gprc6a/GPRC6A_Ruminantia/cache/genomes/GCF_003121395.1/GCF_003121395.1.zip', '--no-progressbar']' returned non-zero exit status 1.
GCF_003369695.1	UOA_Brahman_1	Bos indicus x Bos taurus	Bos indicus x Bos taurus	Chromosome	ok	NC_040084.1:+:1	NC_040084.1	+	33908728.0	33928636.0	19909.0	6.0	5.855389892719457	1.0	3240.0	8580.616967815837	39909.0	0.0	0.0	0.0	0.0	
GCF_014754425.2	SCBI_Odam_1.1	Oryx dammah	Oryx dammah	Scaffold	error																	CalledProcessError: Command '['/usr/local/bin/datasets', 'download', 'genome', 'accession', 'GCF_014754425.2', '--include', 'genome', '--filename', '/home/morpheus/retraction_watch_plots/gprc6a/GPRC6A_Ruminantia/cache/genomes/GCF_014754425.2/GCF_014754425.2.zip', '--no-progressbar']' returned non-zero exit status 1.
GCF_016772045.2	ARS-UI_Ramb_v3.0	Ovis aries	Ovis aries	Chromosome	ok	NC_056061.1:+:1	NC_056061.1	+	21046625.0	21066920.0	20296.0	6.0	5.816526825567228	1.0	2721.0	8517.058047670169	40296.0	0.0	0.0	0.0	0.0	
GCF_019320065.1	ASM1932006v1	Cervus canadensis	Cervus canadensis	Chromosome	ok	NC_057405.1:+:1	NC_057405.1	+	45812667.0	45828719.0	16053.0	5.0	4.957718175135211	1.0	2642.0	7251.515452540563	36053.0	0.0	0.0	0.0	0.0	
GCF_019923925.1	NDDB_DH_1	Bubalus bubalis	Bubalus bubalis	Chromosome	ok	NC_058352.1:-:1	NC_058352.1	-	69252161.0	69272026.0	19866.0	4.0	3.9584826762246115	1.0	2586.0	5946.144802867384	39866.0	0.0	0.0	0.0	0.0	
GCF_019923935.1	NDDB_SH_1	Bubalus bubalis	Bubalus bubalis	Chromosome	ok	NC_059166.1:-:1	NC_059166.1	-	70377730.0	70397595.0	19866.0	4.0	3.9584826762246115	1.0	2594.0	5946.944802867383	39866.0	0.0	0.0	0.0	0.0	
GCF_022376915.1	ASM2237691v1	Moschus berezovskii	Moschus berezovskii	Scaffold	error																	CalledProcessError: Command '['/usr/local/bin/datasets', 'download', 'genome', 'accession', 'GCF_022376915.1', '--include', 'genome', '--filename', '/home/morpheus/retraction_watch_plots/gprc6a/GPRC6A_Ruminantia/cache/genomes/GCF_022376915.1/GCF_022376915.1.zip', '--no-progressbar']' returned non-zero exit status 1.
GCF_023091745.1	Takin1.1	Budorcas taxicolor	Budorcas taxicolor	Chromosome	ok	NC_068918.1:+:1	NC_068918.1	+	25404766.0	25424629.0	19864.0	6.0	5.9385925532667585	1.0	2701.0	8551.677765980028	39864.0	0.0	0.0	0.0	0.0	
GCF_023699985.2	Ovbor_1.2	Odocoileus virginianus	Odocoileus virginianus	Chromosome	ok	NC_069692.1:+:1	NC_069692.1	+	19641497.0	19661712.0	20216.0	6.0	5.849251199470406	1.0	2847.0	8539.475359841123	40216.0	0.0	0.0	0.0	0.0	
GCF_027580195.1	NWIPB_WYAK_1.1	Bos mutus	Bos mutus	Chromosome	ok	NC_091625.1:+:1	NC_091625.1	+	33935654.0	33955313.0	19660.0	6.0	5.733324165019926	1.0	3175.0	8537.497249505977	39660.0	0.0	0.0	0.0	0.0	
GCF_029378745.1	NIAB-ARS_B.indTharparkar_mat_pri_1.0	Bos indicus	Bos indicus	Chromosome	error																	CalledProcessError: Command '['/usr/local/bin/datasets', 'download', 'genome', 'accession', 'GCF_029378745.1', '--include', 'genome', '--filename', '/home/morpheus/retraction_watch_plots/gprc6a/GPRC6A_Ruminantia/cache/genomes/GCF_029378745.1/GCF_029378745.1.zip', '--no-progressbar']' returned non-zero exit status 1.
GCF_029407905.1	PCC_UOA_SB_1v2	Bubalus kerabau	Bubalus kerabau	Chromosome	error																	CalledProcessError: Command '['/usr/local/bin/datasets', 'download', 'genome', 'accession', 'GCF_029407905.1', '--include', 'genome', '--filename', '/home/morpheus/retraction_watch_plots/gprc6a/GPRC6A_Ruminantia/cache/genomes/GCF_029407905.1/GCF_029407905.1.zip', '--no-progressbar']' returned non-zero exit status 1.
GCF_032405125.1	serow.2	Capricornis sumatraensis	Capricornis sumatraensis	Chromosome	ok	NC_091081.1:+:1	NC_091081.1	+	21560865.0	21580732.0	19868.0	6.0	5.9385925532667585	1.0	2675.0	8549.077765980028	39868.0	0.0	0.0	0.0	0.0	
GCF_032452875.1	ARS-OSU_banteng_1.0	Bos javanicus	Bos javanicus	Chromosome	error																	CalledProcessError: Command '['/usr/local/bin/datasets', 'download', 'genome', 'accession', 'GCF_032452875.1', '--include', 'genome', '--filename', '/home/morpheus/retraction_watch_plots/gprc6a/GPRC6A_Ruminantia/cache/genomes/GCF_032452875.1/GCF_032452875.1.zip', '--no-progressbar']' returned non-zero exit status 1.
GCF_033118175.1	ASM3311817v2	Dama dama	Dama dama	Chromosome	ok	NC_083708.1:+:1	NC_083708.1	+	33025981.0	33045086.0	19106.0	6.0	5.849251199470406	1.0	2861.0	8540.875359841122	39106.0	0.0	0.0	0.0	0.0	
GCF_042477335.2	ARS-UI_OviCan_v2	Ovis canadensis	Ovis canadensis	Chromosome	ok	NC_091252.1:+:1	NC_091252.1	+	31749274.0	31769025.0	19752.0	6.0	5.81174785304632	1.0	2699.0	8513.424355913896	39752.0	0.0	0.0	0.0	0.0	
GCF_054371585.1	T2T-mGirTip1v1.2.pri	Giraffa tippelskirchi	Giraffa tippelskirchi	Complete Genome	ok	NC_137283.1:+:1	NC_137283.1	+	101213283.0	101233746.0	20464.0	6.0	5.971316927169937	1.0	3522.0	8643.595078150982	40464.0	0.0	0.0	0.0	0.0	
GCF_055505025.1	Bosgru_T2T1.0	Bos grunniens	Bos grunniens	Chromosome	ok	NC_141173.1:+:1	NC_141173.1	+	34729023.0	34748688.0	19666.0	6.0	5.733324165019926	1.0	3189.0	8538.897249505977	39666.0	0.0	0.0	0.0	0.0	
GCF_910594005.1	mCerEla1.1	Cervus elaphus	Cervus elaphus	Chromosome	ok	NC_057842.1:+:1	NC_057842.1	+	36106682.0	36122762.0	16081.0	5.0	4.957718175135211	1.0	2679.0	7255.215452540563	36081.0	0.0	0.0	0.0	0.0	
GCF_963930625.1	mMunRee1.1	Muntiacus reevesi	Muntiacus reevesi	Chromosome	ok	NC_089267.1:+:1	NC_089267.1	+	31892163.0	31912203.0	20041.0	6.0	5.833787281944633	1.0	2816.0	8531.73618458339	40041.0	0.0	0.0	0.0	0.0	
