assembly_accession	assembly_name	organism_name	species_key	assembly_level	status	exon	exon_index	exon_length	coverage	aligned_fraction	callable_fraction	identity	n_aligned_fraction	recovered_bases	callable_bases	aligned_positions	matches	mismatches	genomic_min	genomic_max	confidence_score	confidence	splice_acceptor	splice_donor	splice_acceptor_status	splice_donor_status	genomic_n_context_length	genomic_n_context_n_count	genomic_n_context_n_fraction	genomic_n_context_n_runs	genomic_n_context_longest_n_run
GCA_000003055.5	Bos_taurus_UMD_3.1.1	Bos taurus	Bos taurus	Chromosome	ok	exon_1	1	194	0.8917525773195877	0.8969072164948454	0.8917525773195877	0.8728323699421965	0.0	173	173	174	151	22	34258727.0	34258899.0	0.9194967522793636	HIGH			NA	NA	373	0	0.0	0	0
GCA_000003055.5	Bos_taurus_UMD_3.1.1	Bos taurus	Bos taurus	Chromosome	ok	exon_2	2	304	1.0	1.0	1.0	0.9046052631578947	0.0	304	304	304	275	29	34261553.0	34261856.0	0.9761513157894737	HIGH	AG	GT	CANONICAL	CANONICAL	504	0	0.0	0	0
GCA_000003055.5	Bos_taurus_UMD_3.1.1	Bos taurus	Bos taurus	Chromosome	ok	exon_3	3	837	0.946236559139785	0.966547192353644	0.946236559139785	0.8825757575757576	0.0	792	792	809	699	93	34264708.0	34265499.0	0.9464503910068427	HIGH	AG	AC	CANONICAL	NONCANONICAL	992	0	0.0	0	0
GCA_000003055.5	Bos_taurus_UMD_3.1.1	Bos taurus	Bos taurus	Chromosome	ok	exon_4	4	213	0.9953051643192489	1.0	0.9953051643192489	0.9056603773584906	0.0	212	212	213	192	20	34272859.0	34273798.0	0.9743024182832847	HIGH	AG	GT	CANONICAL	CANONICAL	1140	0	0.0	0	0
GCA_000003055.5	Bos_taurus_UMD_3.1.1	Bos taurus	Bos taurus	Chromosome	ok	exon_5	5	124	0.9596774193548387	0.9596774193548387	0.9596774193548387	0.8907563025210085	0.0	119	119	119	106	13	34276620.0	34276738.0	0.9545439143399296	HIGH	GA	GT	NONCANONICAL	CANONICAL	319	0	0.0	0	0
GCA_000003055.5	Bos_taurus_UMD_3.1.1	Bos taurus	Bos taurus	Chromosome	ok	exon_6	6	1115	0.9641255605381166	1.0	0.9641255605381166	0.8734883720930232	0.0	1075	1075	1115	939	136	34277564.0	34278639.0	0.9522285952654084	HIGH	AG		CANONICAL	NA	1276	0	0.0	0	0
GCA_000003205.6	Btau_5.0.1	Bos taurus	Bos taurus	Chromosome	ok	exon_1	1	194	0.8917525773195877	0.8969072164948454	0.8917525773195877	0.8728323699421965	0.0	173	173	174	151	22	34394994.0	34395166.0	0.9194967522793636	HIGH			NA	NA	373	0	0.0	0	0
GCA_000003205.6	Btau_5.0.1	Bos taurus	Bos taurus	Chromosome	ok	exon_2	2	304	1.0	1.0	1.0	0.9046052631578947	0.0	304	304	304	275	29	34397820.0	34398123.0	0.9761513157894737	HIGH	AG	GT	CANONICAL	CANONICAL	504	0	0.0	0	0
GCA_000003205.6	Btau_5.0.1	Bos taurus	Bos taurus	Chromosome	ok	exon_3	3	837	0.946236559139785	0.966547192353644	0.946236559139785	0.8825757575757576	0.0	792	792	809	699	93	34400975.0	34401766.0	0.9464503910068427	HIGH	AG	AC	CANONICAL	NONCANONICAL	992	0	0.0	0	0
GCA_000003205.6	Btau_5.0.1	Bos taurus	Bos taurus	Chromosome	ok	exon_4	4	213	0.9953051643192489	1.0	0.9953051643192489	0.9056603773584906	0.0	212	212	213	192	20	34409126.0	34410065.0	0.9743024182832847	HIGH	AG	GT	CANONICAL	CANONICAL	1140	0	0.0	0	0
GCA_000003205.6	Btau_5.0.1	Bos taurus	Bos taurus	Chromosome	ok	exon_5	5	124	0.9596774193548387	0.9596774193548387	0.9596774193548387	0.8907563025210085	0.0	119	119	119	106	13	34412887.0	34413005.0	0.9545439143399296	HIGH	GA	GT	NONCANONICAL	CANONICAL	319	0	0.0	0	0
GCA_000003205.6	Btau_5.0.1	Bos taurus	Bos taurus	Chromosome	ok	exon_6	6	1115	0.9641255605381166	1.0	0.9641255605381166	0.8734883720930232	0.0	1075	1075	1115	939	136	34413831.0	34414906.0	0.9522285952654084	HIGH	AG		CANONICAL	NA	1276	0	0.0	0	0
GCA_000005525.1	Ovis_aries_1.0	Ovis aries	Ovis aries	Chromosome	ok	exon_1	1	194	0.9432989690721649	0.9690721649484536	0.9432989690721649	0.8524590163934426	0.0	183	183	188	156	27	23288688.0	23288874.0	0.9209326235141683	HIGH		CC	NA	NONCANONICAL	387	13	0.03359173126614987	1	13
GCA_000005525.1	Ovis_aries_1.0	Ovis aries	Ovis aries	Chromosome	ok	exon_2	2	304	0.6677631578947368	0.6677631578947368	0.6677631578947368	0.9014778325123153	0.0	203	203	203	183	20	23291533.0	23291735.0	0.8091962125140438	MEDIUM			NA	NA	403	100	0.24813895781637718	1	100
GCA_000005525.1	Ovis_aries_1.0	Ovis aries	Ovis aries	Chromosome	ok	exon_3	3	837	0.7825567502986858	0.8064516129032258	0.7825567502986858	0.8824427480916031	0.0	655	655	675	578	77	23294683.0	23295471.0	0.8560945579906428	HIGH			NA	NA	989	183	0.18503538928210314	2	134
GCA_000005525.1	Ovis_aries_1.0	Ovis aries	Ovis aries	Chromosome	ok	exon_4	4	213	0.0	0.0	0.0	0.0		0	0	0	0	0			0.23333333333333334	UNRESOLVED			NA	NA	0	0		0	0
GCA_000005525.1	Ovis_aries_1.0	Ovis aries	Ovis aries	Chromosome	ok	exon_5	5	124	0.6612903225806451	0.6612903225806451	0.6612903225806451	0.9024390243902439	0.0	82	82	82	74	8	23306475.0	23306556.0	0.8065237345921847	MEDIUM			NA	NA	282	100	0.3546099290780142	1	100
GCA_000005525.1	Ovis_aries_1.0	Ovis aries	Ovis aries	Chromosome	ok	exon_6	6	1115	0.8062780269058296	0.8304932735426009	0.8035874439461883	0.8694196428571429	0.0033370411568409346	899	896	926	779	117	23307473.0	23308446.0	0.8633465040974004	HIGH			NA	NA	1174	136	0.11584327086882454	4	70
GCA_000180995.3	Bubalus_bubalis_Jaffrabadi_v3.0	Bubalus bubalis	Bubalus bubalis	Scaffold	ok	exon_1	1	194	0.0	0.0	0.0	0.0		0	0	0	0	0			0.21666666666666667	UNRESOLVED			NA	NA	0	0		0	0
GCA_000180995.3	Bubalus_bubalis_Jaffrabadi_v3.0	Bubalus bubalis	Bubalus bubalis	Scaffold	ok	exon_2	2	304	0.0	0.0	0.0	0.0		0	0	0	0	0			0.21666666666666667	UNRESOLVED			NA	NA	0	0		0	0
GCA_000180995.3	Bubalus_bubalis_Jaffrabadi_v3.0	Bubalus bubalis	Bubalus bubalis	Scaffold	ok	exon_3	3	837	0.931899641577061	0.966547192353644	0.931899641577061	0.8846153846153846	0.0	780	780	809	690	90	25207.0	25986.0	0.9071753515301902	HIGH	AG	AC	CANONICAL	NONCANONICAL	980	0	0.0	0	0
GCA_000180995.3	Bubalus_bubalis_Jaffrabadi_v3.0	Bubalus bubalis	Bubalus bubalis	Scaffold	ok	exon_4	4	213	0.9953051643192489	1.0	0.9953051643192489	0.8962264150943396	0.0	212	212	213	190	22	32944.0	38761.0	0.9386105943839136	HIGH	AG	GT	CANONICAL	CANONICAL	6018	4	0.0006646726487205051	4	1
GCA_000180995.3	Bubalus_bubalis_Jaffrabadi_v3.0	Bubalus bubalis	Bubalus bubalis	Scaffold	ok	exon_5	5	124	0.9919354838709677	0.9919354838709677	0.9919354838709677	0.9105691056910569	0.0	123	123	123	112	11	43208.0	43330.0	0.9406799108313665	HIGH	GA	GT	NONCANONICAL	CANONICAL	323	0	0.0	0	0
GCA_000180995.3	Bubalus_bubalis_Jaffrabadi_v3.0	Bubalus bubalis	Bubalus bubalis	Scaffold	ok	exon_6	6	1115	0.9632286995515695	1.0	0.9632286995515695	0.8780260707635009	0.0	1074	1074	1115	943	131	44167.0	45240.0	0.9196260991557482	HIGH	AC		NONCANONICAL	NA	1274	0	0.0	0	0
GCA_000247795.2	Bos_indicus_1.0	Bos indicus	Bos indicus	Chromosome	ok	exon_1	1	194	0.8917525773195877	0.8969072164948454	0.8917525773195877	0.8786127167630058	0.0	173	173	174	152	21	35524877.0	35525049.0	0.9209418389845659	HIGH			NA	NA	373	0	0.0	0	0
GCA_000247795.2	Bos_indicus_1.0	Bos indicus	Bos indicus	Chromosome	ok	exon_2	2	304	1.0	1.0	1.0	0.9046052631578947	0.0	304	304	304	275	29	35527703.0	35528006.0	0.9761513157894737	HIGH	AG	GT	CANONICAL	CANONICAL	504	0	0.0	0	0
GCA_000247795.2	Bos_indicus_1.0	Bos indicus	Bos indicus	Chromosome	ok	exon_3	3	837	0.946236559139785	0.966547192353644	0.9354838709677419	0.8825031928480205	0.0	792	783	809	691	92	35530858.0	35531649.0	0.9464322498249085	HIGH	AG	AC	CANONICAL	NONCANONICAL	992	0	0.0	0	0
GCA_000247795.2	Bos_indicus_1.0	Bos indicus	Bos indicus	Chromosome	ok	exon_4	4	213	0.9953051643192489	1.0	0.9953051643192489	0.9056603773584906	0.0	212	212	213	192	20	35538839.0	35539778.0	0.9743024182832847	HIGH	AG	GT	CANONICAL	CANONICAL	1140	0	0.0	0	0
GCA_000247795.2	Bos_indicus_1.0	Bos indicus	Bos indicus	Chromosome	ok	exon_5	5	124	0.9919354838709677	0.9919354838709677	0.9838709677419355	0.9098360655737705	0.0	123	122	123	111	11	35542601.0	35542723.0	0.9738299841353781	HIGH	GA	GT	NONCANONICAL	CANONICAL	323	0	0.0	0	0
GCA_000247795.2	Bos_indicus_1.0	Bos indicus	Bos indicus	Chromosome	ok	exon_6	6	1115	0.9641255605381166	1.0	0.9623318385650225	0.8760484622553588	0.0	1075	1073	1115	940	133	35543548.0	35544623.0	0.9528686178059922	HIGH	AG		CANONICAL	NA	1276	0	0.0	0	0
GCA_000298355.1	BosGru_v2.0	Bos mutus	Bos mutus	Scaffold	ok	exon_1	1	194	0.8917525773195877	0.8969072164948454	0.8917525773195877	0.8728323699421965	0.0	173	173	174	151	22	146042.0	146214.0	0.9194967522793636	HIGH			NA	NA	373	0	0.0	0	0
GCA_000298355.1	BosGru_v2.0	Bos mutus	Bos mutus	Scaffold	ok	exon_2	2	304	1.0	1.0	1.0	0.8980263157894737	0.0	304	304	304	273	31	148710.0	149013.0	0.9745065789473685	HIGH	AG	GT	CANONICAL	CANONICAL	504	0	0.0	0	0
GCA_000298355.1	BosGru_v2.0	Bos mutus	Bos mutus	Scaffold	ok	exon_3	3	837	0.946236559139785	0.966547192353644	0.946236559139785	0.8762626262626263	0.0	792	792	809	694	98	151865.0	152666.0	0.9448721081785598	HIGH	AG	AC	CANONICAL	NONCANONICAL	1002	0	0.0	0	0
GCA_000298355.1	BosGru_v2.0	Bos mutus	Bos mutus	Scaffold	ok	exon_4	4	213	0.8732394366197183	0.8779342723004695	0.8732394366197183	0.9086021505376344	0.0	186	186	187	169	17	160665.0	160850.0	0.9201082841132818	HIGH			NA	NA	386	0	0.0	0	0
GCA_000298355.1	BosGru_v2.0	Bos mutus	Bos mutus	Scaffold	ok	exon_5	5	124	0.9919354838709677	0.9919354838709677	0.9919354838709677	0.9186991869918699	0.0	123	123	123	113	10	163686.0	163808.0	0.976045764489903	HIGH	GA	GT	NONCANONICAL	CANONICAL	323	0	0.0	0	0
GCA_000298355.1	BosGru_v2.0	Bos mutus	Bos mutus	Scaffold	ok	exon_6	6	1115	0.9641255605381166	1.0	0.9641255605381166	0.8706976744186047	0.0	1075	1075	1115	936	139	164634.0	165709.0	0.9515309208468037	HIGH	AG		CANONICAL	NA	1276	0	0.0	0	0
GCA_000298735.2	Oar_v4.0	Ovis aries	Ovis aries	Chromosome	ok	exon_1	1	194	0.9432989690721649	0.9690721649484536	0.9432989690721649	0.8524590163934426	0.0	183	183	188	156	27	20840880.0	20841066.0	0.9375992901808349	HIGH		CC	NA	NONCANONICAL	387	0	0.0	0	0
GCA_000298735.2	Oar_v4.0	Ovis aries	Ovis aries	Chromosome	ok	exon_2	2	304	1.0	1.0	1.0	0.9013157894736842	0.0	304	304	304	274	30	20843767.0	20844071.0	0.9753289473684211	HIGH	AG	GT	CANONICAL	CANONICAL	505	0	0.0	0	0
GCA_000298735.2	Oar_v4.0	Ovis aries	Ovis aries	Chromosome	ok	exon_3	3	837	0.9689366786140979	0.98805256869773	0.9689366786140979	0.8877928483353884	0.0	811	811	827	720	91	20846471.0	20847441.0	0.9579697174601912	HIGH	AG	GT	CANONICAL	CANONICAL	1171	0	0.0	0	0
GCA_000298735.2	Oar_v4.0	Ovis aries	Ovis aries	Chromosome	ok	exon_4	4	213	0.8732394366197183	0.8779342723004695	0.8732394366197183	0.8978494623655914	0.0	186	186	187	167	19	20855350.0	20855535.0	0.9174201120702711	HIGH			NA	NA	386	0	0.0	0	0
GCA_000298735.2	Oar_v4.0	Ovis aries	Ovis aries	Chromosome	ok	exon_5	5	124	0.9919354838709677	0.9919354838709677	0.9919354838709677	0.8943089430894309	0.0	123	123	123	110	13	20858888.0	20859010.0	0.9699482035142932	HIGH	GA	GC	NONCANONICAL	CANONICAL	323	0	0.0	0	0
GCA_000298735.2	Oar_v4.0	Ovis aries	Ovis aries	Chromosome	ok	exon_6	6	1115	0.9524663677130045	0.9847533632286996	0.9524663677130045	0.8700564971751412	0.0	1062	1062	1098	924	138	20859832.0	20860895.0	0.9461239897646374	HIGH	AG		CANONICAL	NA	1264	0	0.0	0	0
GCA_000317765.2	CHIR_2.0	Capra hircus	Capra hircus	Chromosome	ok	exon_1	1	194	0.9432989690721649	0.9690721649484536	0.9432989690721649	0.8469945355191257	0.0	183	183	188	155	28	21872815.0	21873001.0	0.9362331699622557	HIGH		CC	NA	NONCANONICAL	387	0	0.0	0	0
GCA_000317765.2	CHIR_2.0	Capra hircus	Capra hircus	Chromosome	ok	exon_2	2	304	1.0	1.0	1.0	0.8947368421052632	0.0	304	304	304	272	32	21875653.0	21875957.0	0.9736842105263158	HIGH	AG	GT	CANONICAL	CANONICAL	505	0	0.0	0	0
GCA_000317765.2	CHIR_2.0	Capra hircus	Capra hircus	Chromosome	ok	exon_3	3	837	0.96415770609319	0.992831541218638	0.96415770609319	0.8835192069392813	0.0	807	807	831	713	94	21878316.0	21879272.0	0.9547507694767559	HIGH	AG	GT	CANONICAL	CANONICAL	1157	0	0.0	0	0
GCA_000317765.2	CHIR_2.0	Capra hircus	Capra hircus	Chromosome	ok	exon_4	4	213	0.9953051643192489	1.0	0.9953051643192489	0.8962264150943396	0.0	212	212	213	190	22	21887491.0	21888430.0	0.9719439277172469	HIGH	AG	GT	CANONICAL	CANONICAL	1140	0	0.0	0	0
GCA_000317765.2	CHIR_2.0	Capra hircus	Capra hircus	Chromosome	ok	exon_5	5	124	0.9919354838709677	0.9919354838709677	0.9919354838709677	0.9105691056910569	0.0	123	123	123	112	11	21891831.0	21891953.0	0.9740132441646998	HIGH	GA	GC	NONCANONICAL	CANONICAL	323	0	0.0	0	0
GCA_000317765.2	CHIR_2.0	Capra hircus	Capra hircus	Chromosome	ok	exon_6	6	1115	0.9533632286995516	0.9847533632286996	0.9533632286995516	0.8701787394167451	0.0	1063	1063	1098	925	138	21892777.0	21893841.0	0.9465581377689845	HIGH	AG		CANONICAL	NA	1265	0	0.0	0	0
GCA_000400835.1	PHO1.0	Pantholops hodgsonii	Pantholops hodgsonii	Scaffold	ok	exon_1	1	194	0.9432989690721649	0.9690721649484536	0.9432989690721649	0.8579234972677595	0.0	183	183	188	157	26	50706.0	50889.0	0.9389654103994142	HIGH		CC	NA	NONCANONICAL	384	0	0.0	0	0
GCA_000400835.1	PHO1.0	Pantholops hodgsonii	Pantholops hodgsonii	Scaffold	ok	exon_2	2	304	1.0	1.0	1.0	0.8914473684210527	0.0	304	304	304	271	33	53910.0	54214.0	0.9728618421052633	HIGH	AG	GT	CANONICAL	CANONICAL	505	0	0.0	0	0
GCA_000400835.1	PHO1.0	Pantholops hodgsonii	Pantholops hodgsonii	Scaffold	ok	exon_3	3	837	0.973715651135006	0.992831541218638	0.973715651135006	0.8846625766871166	0.0	815	815	831	721	94	56581.0	57536.0	0.9593376871825319	HIGH	AG	GT	CANONICAL	CANONICAL	1156	0	0.0	0	0
GCA_000400835.1	PHO1.0	Pantholops hodgsonii	Pantholops hodgsonii	Scaffold	ok	exon_4	4	213	0.863849765258216	0.8685446009389671	0.863849765258216	0.8804347826086957	0.0	184	184	185	162	22	65300.0	65483.0	0.9088410900183712	HIGH			NA	NA	384	0	0.0	0	0
GCA_000400835.1	PHO1.0	Pantholops hodgsonii	Pantholops hodgsonii	Scaffold	ok	exon_5	5	124	0.9919354838709677	0.9919354838709677	0.9919354838709677	0.9105691056910569	0.0	123	123	123	112	11	69135.0	69257.0	0.9740132441646998	HIGH	GA	GC	NONCANONICAL	CANONICAL	323	0	0.0	0	0
GCA_000400835.1	PHO1.0	Pantholops hodgsonii	Pantholops hodgsonii	Scaffold	ok	exon_6	6	1115	0.9533632286995516	0.9847533632286996	0.9533632286995516	0.8720602069614299	0.0	1063	1063	1098	927	136	70080.0	71144.0	0.9470285046551558	HIGH	AG		CANONICAL	NA	1265	0	0.0	0	0
GCA_000471725.1	UMD_CASPUR_WB_2.0	Bubalus bubalis	Bubalus bubalis	Scaffold	ok	exon_1	1	194	0.0	0.0	0.0	0.0		0	0	0	0	0			0.2	UNRESOLVED			NA	NA	0	0		0	0
GCA_000471725.1	UMD_CASPUR_WB_2.0	Bubalus bubalis	Bubalus bubalis	Scaffold	ok	exon_2	2	304	0.0	0.0	0.0	0.0		0	0	0	0	0			0.2	UNRESOLVED			NA	NA	0	0		0	0
GCA_000471725.1	UMD_CASPUR_WB_2.0	Bubalus bubalis	Bubalus bubalis	Scaffold	ok	exon_3	3	837	0.0	0.0	0.0	0.0		0	0	0	0	0			0.2	UNRESOLVED			NA	NA	0	0		0	0
GCA_000471725.1	UMD_CASPUR_WB_2.0	Bubalus bubalis	Bubalus bubalis	Scaffold	ok	exon_4	4	213	0.9953051643192489	1.0	0.9953051643192489	0.8962264150943396	0.0	212	212	213	190	22	454797.0	455149.0	0.921943927717247	HIGH	AG	GT	CANONICAL	CANONICAL	553	0	0.0	0	0
GCA_000471725.1	UMD_CASPUR_WB_2.0	Bubalus bubalis	Bubalus bubalis	Scaffold	ok	exon_5	5	124	0.9919354838709677	0.9919354838709677	0.9919354838709677	0.9105691056910569	0.0	123	123	123	112	11	451853.0	451975.0	0.9240132441646999	HIGH	GA	GT	NONCANONICAL	CANONICAL	323	0	0.0	0	0
GCA_000471725.1	UMD_CASPUR_WB_2.0	Bubalus bubalis	Bubalus bubalis	Scaffold	ok	exon_6	6	1115	0.9632286995515695	1.0	0.9632286995515695	0.8780260707635009	0.0	1074	1074	1115	943	131	449943.0	451016.0	0.9029594324890816	HIGH	AC		NONCANONICAL	NA	1274	0	0.0	0	0
GCA_000751575.1	kmer631	Capreolus capreolus	Capreolus capreolus	Scaffold	ok	exon_1	1	194	0.0	0.0	0.0	0.0		0	0	0	0	0			0.23333333333333334	UNRESOLVED			NA	NA	0	0		0	0
GCA_000751575.1	kmer631	Capreolus capreolus	Capreolus capreolus	Scaffold	ok	exon_2	2	304	0.2532894736842105	0.2565789473684211	0.2532894736842105	0.8831168831168831	0.0	77	77	78	68	9	27251.0	27327.0	0.618092817270449	LOW			NA	NA	237	0	0.0	0	0
GCA_000751575.1	kmer631	Capreolus capreolus	Capreolus capreolus	Scaffold	ok	exon_3	3	837	0.9796893667861409	1.0	0.9796893667861409	0.875609756097561	0.0	820	820	837	718	102	23740.0	24885.0	0.9430959874114871	HIGH	AG	GT	CANONICAL	CANONICAL	1346	52	0.03863298662704309	1	52
GCA_000751575.1	kmer631	Capreolus capreolus	Capreolus capreolus	Scaffold	ok	exon_4	4	213	0.8732394366197183	0.8779342723004695	0.8732394366197183	0.8817204301075269	0.0	186	186	187	164	22	15865.0	16050.0	0.8967211873390883	HIGH			NA	NA	386	0	0.0	0	0
GCA_000751575.1	kmer631	Capreolus capreolus	Capreolus capreolus	Scaffold	ok	exon_5	5	124	0.9919354838709677	0.9919354838709677	0.9919354838709677	0.8943089430894309	0.0	123	123	123	110	13	12769.0	12891.0	0.9532815368476266	HIGH	GA	GT	NONCANONICAL	CANONICAL	323	0	0.0	0	0
GCA_000751575.1	kmer631	Capreolus capreolus	Capreolus capreolus	Scaffold	ok	exon_6	6	1115	0.9497757847533632	1.0	0.9497757847533632	0.8725212464589235	0.0	1059	1059	1115	924	135	10886.0	11944.0	0.9288627480870778	HIGH	AG		CANONICAL	NA	1259	0	0.0	0	0
GCA_000754665.1	Bison_UMD1.0	Bison bison bison	Bison bison	Scaffold	ok	exon_1	1	194	0.8917525773195877	0.8969072164948454	0.8917525773195877	0.8728323699421965	0.0	173	173	174	151	22	13604502.0	13604674.0	0.9194967522793636	HIGH			NA	NA	373	0	0.0	0	0
GCA_000754665.1	Bison_UMD1.0	Bison bison bison	Bison bison	Scaffold	ok	exon_2	2	304	1.0	1.0	1.0	0.9078947368421053	0.0	304	304	304	276	28	13607172.0	13607475.0	0.9769736842105263	HIGH	AG	GT	CANONICAL	CANONICAL	504	0	0.0	0	0
GCA_000754665.1	Bison_UMD1.0	Bison bison bison	Bison bison	Scaffold	ok	exon_3	3	837	0.946236559139785	0.966547192353644	0.946236559139785	0.8787878787878788	0.0	792	792	809	696	96	13610328.0	13611119.0	0.945503421309873	HIGH	AG	AC	CANONICAL	NONCANONICAL	992	0	0.0	0	0
GCA_000754665.1	Bison_UMD1.0	Bison bison bison	Bison bison	Scaffold	ok	exon_4	4	213	0.9953051643192489	1.0	0.9953051643192489	0.9009433962264151	0.0	212	212	213	191	21	13619274.0	13620213.0	0.9731231730002659	HIGH	AG	GT	CANONICAL	CANONICAL	1140	0	0.0	0	0
GCA_000754665.1	Bison_UMD1.0	Bison bison bison	Bison bison	Scaffold	ok	exon_5	5	124	0.9596774193548387	0.9596774193548387	0.9596774193548387	0.8991596638655462	0.0	119	119	119	107	12	13623034.0	13623152.0	0.956644754676064	HIGH	GA	GT	NONCANONICAL	CANONICAL	319	0	0.0	0	0
GCA_000754665.1	Bison_UMD1.0	Bison bison bison	Bison bison	Scaffold	ok	exon_6	6	1115	0.9641255605381166	1.0	0.9641255605381166	0.8753488372093023	0.0	1075	1075	1115	941	134	13623976.0	13625051.0	0.9526937115444781	HIGH	AG		CANONICAL	NA	1276	0	0.0	0	0
GCA_000765115.1	Oori1	Ovis aries musimon	Ovis aries	Scaffold	ok	exon_1	1	194	0.9432989690721649	0.9690721649484536	0.9432989690721649	0.8524590163934426	0.0	183	183	188	156	27	1838541.0	1838727.0	0.9375992901808349	HIGH		CC	NA	NONCANONICAL	387	0	0.0	0	0
GCA_000765115.1	Oori1	Ovis aries musimon	Ovis aries	Scaffold	ok	exon_2	2	304	1.0	1.0	1.0	0.8848684210526315	0.0	304	304	304	269	35	1841381.0	1841685.0	0.971217105263158	HIGH	AG	GT	CANONICAL	CANONICAL	505	0	0.0	0	0
GCA_000765115.1	Oori1	Ovis aries musimon	Ovis aries	Scaffold	ok	exon_3	3	837	0.961768219832736	0.992831541218638	0.961768219832736	0.8869565217391304	0.0	805	805	831	714	91	1844054.0	1845030.0	0.9545348293595138	HIGH	AG	GT	CANONICAL	CANONICAL	1177	0	0.0	0	0
GCA_000765115.1	Oori1	Ovis aries musimon	Ovis aries	Scaffold	ok	exon_4	4	213	0.8732394366197183	0.8779342723004695	0.8732394366197183	0.8978494623655914	0.0	186	186	187	167	19	1852794.0	1852979.0	0.9174201120702711	HIGH			NA	NA	386	0	0.0	0	0
GCA_000765115.1	Oori1	Ovis aries musimon	Ovis aries	Scaffold	ok	exon_5	5	124	0.9919354838709677	0.9919354838709677	0.9919354838709677	0.9024390243902439	0.0	123	123	123	111	12	1856326.0	1856448.0	0.9719807238394965	HIGH	GA	GC	NONCANONICAL	CANONICAL	323	0	0.0	0	0
GCA_000765115.1	Oori1	Ovis aries musimon	Ovis aries	Scaffold	ok	exon_6	6	1115	0.9524663677130045	0.9847533632286996	0.9524663677130045	0.8700564971751412	0.0	1062	1062	1098	924	138	1857270.0	1858333.0	0.9461239897646374	HIGH	AG		CANONICAL	NA	1264	0	0.0	0	0
GCA_000978405.1	CapAeg_1.0	Capra aegagrus	Capra aegagrus	Chromosome	ok	exon_1	1	194	0.9432989690721649	0.9690721649484536	0.9432989690721649	0.8469945355191257	0.0	183	183	188	155	28	19694932.0	19695118.0	0.9362331699622557	HIGH		CC	NA	NONCANONICAL	387	0	0.0	0	0
GCA_000978405.1	CapAeg_1.0	Capra aegagrus	Capra aegagrus	Chromosome	ok	exon_2	2	304	1.0	1.0	1.0	0.8947368421052632	0.0	304	304	304	272	32	19697768.0	19698072.0	0.9736842105263158	HIGH	AG	GT	CANONICAL	CANONICAL	505	0	0.0	0	0
GCA_000978405.1	CapAeg_1.0	Capra aegagrus	Capra aegagrus	Chromosome	ok	exon_3	3	837	0.96415770609319	0.992831541218638	0.96415770609319	0.8847583643122676	0.0	807	807	831	714	93	19700433.0	19701392.0	0.9550605588200025	HIGH	AG	GT	CANONICAL	CANONICAL	1160	0	0.0	0	0
GCA_000978405.1	CapAeg_1.0	Capra aegagrus	Capra aegagrus	Chromosome	ok	exon_4	4	213	0.9953051643192489	1.0	0.9953051643192489	0.8962264150943396	0.0	212	212	213	190	22	19712993.0	19713932.0	0.9719439277172469	HIGH	AG	GT	CANONICAL	CANONICAL	1140	0	0.0	0	0
GCA_000978405.1	CapAeg_1.0	Capra aegagrus	Capra aegagrus	Chromosome	ok	exon_5	5	124	0.9919354838709677	0.9919354838709677	0.9919354838709677	0.9105691056910569	0.0	123	123	123	112	11	19717344.0	19717466.0	0.9740132441646998	HIGH	GA	GC	NONCANONICAL	CANONICAL	323	0	0.0	0	0
GCA_000978405.1	CapAeg_1.0	Capra aegagrus	Capra aegagrus	Chromosome	ok	exon_6	6	1115	0.9533632286995516	0.9847533632286996	0.9533632286995516	0.8692380056444027	0.0	1063	1063	1098	924	139	19718290.0	19719354.0	0.9463229543258989	HIGH	AG		CANONICAL	NA	1265	0	0.0	0	0
GCA_001039535.1	ASM103953v1	Ovis canadensis canadensis	Ovis canadensis	Chromosome	ok	exon_1	1	194	0.9432989690721649	0.9690721649484536	0.9329896907216495	0.850828729281768	0.0	183	181	188	154	27	20894184.0	20894370.0	0.9371917184029163	HIGH		CC	NA	NONCANONICAL	387	0	0.0	0	0
GCA_001039535.1	ASM103953v1	Ovis canadensis canadensis	Ovis canadensis	Chromosome	ok	exon_2	2	304	0.993421052631579	1.0	0.9868421052631579	0.8966666666666666	0.0	302	300	304	269	31	20897074.0	20897376.0	0.9712061403508773	HIGH	AG	GT	CANONICAL	CANONICAL	503	0	0.0	0	0
GCA_001039535.1	ASM103953v1	Ovis canadensis canadensis	Ovis canadensis	Chromosome	ok	exon_3	3	837	0.9605734767025089	0.98805256869773	0.959378733572282	0.8866749688667497	0.0	804	803	827	712	91	20899777.0	20900741.0	0.9539268067328165	HIGH	AG	GT	CANONICAL	CANONICAL	1165	0	0.0	0	0
GCA_001039535.1	ASM103953v1	Ovis canadensis canadensis	Ovis canadensis	Chromosome	ok	exon_4	4	213	0.8732394366197183	0.8779342723004695	0.8732394366197183	0.8924731182795699	0.0	186	186	187	166	20	20908659.0	20908844.0	0.9160760260487657	HIGH			NA	NA	386	0	0.0	0	0
GCA_001039535.1	ASM103953v1	Ovis canadensis canadensis	Ovis canadensis	Chromosome	ok	exon_5	5	124	0.9919354838709677	0.9919354838709677	0.9919354838709677	0.9024390243902439	0.0	123	123	123	111	12	20912198.0	20912320.0	0.9719807238394965	HIGH	GA	GC	NONCANONICAL	CANONICAL	323	0	0.0	0	0
GCA_001039535.1	ASM103953v1	Ovis canadensis canadensis	Ovis canadensis	Chromosome	ok	exon_6	6	1115	0.9533632286995516	0.9847533632286996	0.9434977578475336	0.8726235741444867	0.0	1063	1052	1098	918	134	20913142.0	20914206.0	0.9471693464509199	HIGH	AG		CANONICAL	NA	1265	0	0.0	0	0
GCA_001651235.1	ASM165123v1	Giraffa tippelskirchi	Giraffa tippelskirchi	Scaffold	ok	exon_1	1	194	0.9742268041237113	0.979381443298969	0.9742268041237113	0.873015873015873	0.0	189	189	190	165	24	137860.0	138048.0	0.9566560301096384	HIGH		CC	NA	NONCANONICAL	389	0	0.0	0	0
GCA_001651235.1	ASM165123v1	Giraffa tippelskirchi	Giraffa tippelskirchi	Scaffold	ok	exon_2	2	304	0.9967105263157895	1.0	0.9967105263157895	0.9108910891089109	0.0	303	303	304	276	27	134770.0	135072.0	0.9762425091193331	HIGH	AG	GT	CANONICAL	CANONICAL	503	0	0.0	0	0
GCA_001651235.1	ASM165123v1	Giraffa tippelskirchi	Giraffa tippelskirchi	Scaffold	ok	exon_3	3	837	0.97610513739546	1.0	0.97610513739546	0.8971848225214198	0.0	817	817	837	733	84	131305.0	132122.0	0.963543517458312	HIGH	AG	GT	CANONICAL	CANONICAL	1018	0	0.0	0	0
GCA_001651235.1	ASM165123v1	Giraffa tippelskirchi	Giraffa tippelskirchi	Scaffold	ok	exon_4	4	213	0.9953051643192489	1.0	0.9953051643192489	0.8820754716981132	0.0	212	212	213	187	25	122424.0	122635.0	0.9684061918681903	HIGH	AG	GT	CANONICAL	CANONICAL	412	0	0.0	0	0
GCA_001651235.1	ASM165123v1	Giraffa tippelskirchi	Giraffa tippelskirchi	Scaffold	ok	exon_5	5	124	0.9919354838709677	0.9919354838709677	0.9919354838709677	0.8943089430894309	0.0	123	123	123	110	13	118949.0	119071.0	0.9699482035142932	HIGH	GA	GT	NONCANONICAL	CANONICAL	323	0	0.0	0	0
GCA_001651235.1	ASM165123v1	Giraffa tippelskirchi	Giraffa tippelskirchi	Scaffold	ok	exon_6	6	1115	0.9946188340807175	1.0	0.9946188340807175	0.8854824165915239	0.0	1109	1109	1115	982	127	117019.0	118127.0	0.968949079484204	HIGH	AG		CANONICAL	NA	1309	0	0.0	0	0
GCA_001660835.1	ASM166083v1	Okapia johnstoni	Okapia johnstoni	Scaffold	ok	exon_1	1	194	0.9742268041237113	0.979381443298969	0.9742268041237113	0.8677248677248677	0.0	189	189	190	164	25	62470.0	62658.0	0.9553332787868871	HIGH		CC	NA	NONCANONICAL	389	0	0.0	0	0
GCA_001660835.1	ASM166083v1	Okapia johnstoni	Okapia johnstoni	Scaffold	ok	exon_2	2	304	0.9967105263157895	1.0	0.9967105263157895	0.9075907590759076	0.0	303	303	304	275	28	59531.0	59833.0	0.9754174266110822	HIGH	AG	GT	CANONICAL	CANONICAL	503	0	0.0	0	0
GCA_001660835.1	ASM166083v1	Okapia johnstoni	Okapia johnstoni	Scaffold	ok	exon_3	3	837	0.97610513739546	1.0	0.97610513739546	0.8837209302325582	0.0	817	817	837	722	95	56347.0	57163.0	0.9601775443860966	HIGH	AA	GT	NONCANONICAL	CANONICAL	1017	0	0.0	0	0
GCA_001660835.1	ASM166083v1	Okapia johnstoni	Okapia johnstoni	Scaffold	ok	exon_4	4	213	0.9953051643192489	1.0	0.9953051643192489	0.8962264150943396	0.0	212	212	213	190	22	46901.0	47112.0	0.9719439277172469	HIGH	AG	GT	CANONICAL	CANONICAL	412	0	0.0	0	0
GCA_001660835.1	ASM166083v1	Okapia johnstoni	Okapia johnstoni	Scaffold	ok	exon_5	5	124	0.9919354838709677	0.9919354838709677	0.9919354838709677	0.9024390243902439	0.0	123	123	123	111	12	44107.0	44229.0	0.9719807238394965	HIGH	GA	GT	NONCANONICAL	CANONICAL	323	0	0.0	0	0
GCA_001660835.1	ASM166083v1	Okapia johnstoni	Okapia johnstoni	Scaffold	ok	exon_6	6	1115	0.9937219730941704	1.0	0.9937219730941704	0.8862815884476535	0.0	1108	1108	1115	982	126	42178.0	43285.0	0.9687452850042901	HIGH	AG		CANONICAL	NA	1308	0	0.0	0	0
GCA_001704415.2	ARS1.2	Capra hircus	Capra hircus	Chromosome	ok	exon_1	1	194	0.9432989690721649	0.9690721649484536	0.9432989690721649	0.8469945355191257	0.0	183	183	188	155	28	21029116.0	21029302.0	0.9362331699622557	HIGH		CC	NA	NONCANONICAL	387	0	0.0	0	0
GCA_001704415.2	ARS1.2	Capra hircus	Capra hircus	Chromosome	ok	exon_2	2	304	1.0	1.0	1.0	0.8947368421052632	0.0	304	304	304	272	32	21031953.0	21032257.0	0.9736842105263158	HIGH	AG	GT	CANONICAL	CANONICAL	505	0	0.0	0	0
GCA_001704415.2	ARS1.2	Capra hircus	Capra hircus	Chromosome	ok	exon_3	3	837	0.96415770609319	0.992831541218638	0.96415770609319	0.8822800495662949	0.0	807	807	831	712	95	21034618.0	21035574.0	0.9544409801335093	HIGH	AG	GT	CANONICAL	CANONICAL	1157	0	0.0	0	0
GCA_001704415.2	ARS1.2	Capra hircus	Capra hircus	Chromosome	ok	exon_4	4	213	0.9953051643192489	1.0	0.9953051643192489	0.8962264150943396	0.0	212	212	213	190	22	21042577.0	21043516.0	0.9719439277172469	HIGH	AG	GT	CANONICAL	CANONICAL	1140	0	0.0	0	0
GCA_001704415.2	ARS1.2	Capra hircus	Capra hircus	Chromosome	ok	exon_5	5	124	0.9919354838709677	0.9919354838709677	0.9919354838709677	0.9105691056910569	0.0	123	123	123	112	11	21046929.0	21047051.0	0.9740132441646998	HIGH	GA	GC	NONCANONICAL	CANONICAL	323	0	0.0	0	0
GCA_001704415.2	ARS1.2	Capra hircus	Capra hircus	Chromosome	ok	exon_6	6	1115	0.9533632286995516	0.9847533632286996	0.9533632286995516	0.8701787394167451	0.0	1063	1063	1098	925	138	21047875.0	21048939.0	0.9465581377689845	HIGH	AG		CANONICAL	NA	1265	0	0.0	0	0
GCA_002102435.1	Ovir.te_1.0	Odocoileus virginianus texanus	Odocoileus virginianus	Scaffold	ok	exon_1	1	194	0.979381443298969	0.979381443298969	0.979381443298969	0.8736842105263158	0.0	190	190	190	166	24	1197223.0	1197412.0	0.9591427021161151	HIGH		CC	NA	NONCANONICAL	390	0	0.0	0	0
GCA_002102435.1	Ovir.te_1.0	Odocoileus virginianus texanus	Odocoileus virginianus	Scaffold	ok	exon_2	2	304	0.9736842105263158	1.0	0.9736842105263158	0.9121621621621622	0.0	296	296	304	270	26	1200046.0	1201162.0	0.9661984352773827	HIGH	AG	GT	CANONICAL	CANONICAL	1317	0	0.0	0	0
GCA_002102435.1	Ovir.te_1.0	Odocoileus virginianus texanus	Odocoileus virginianus	Scaffold	ok	exon_3	3	837	0.980884109916368	1.0	0.980884109916368	0.8903775883069428	0.0	821	821	837	731	90	1203538.0	1204636.0	0.9639922465391013	HIGH	AG	GT	CANONICAL	CANONICAL	1299	0	0.0	0	0
GCA_002102435.1	Ovir.te_1.0	Odocoileus virginianus texanus	Odocoileus virginianus	Scaffold	ok	exon_4	4	213	0.8732394366197183	0.8779342723004695	0.8732394366197183	0.8817204301075269	0.0	186	186	187	164	22	1212281.0	1212466.0	0.913387854005755	HIGH			NA	NA	386	0	0.0	0	0
GCA_002102435.1	Ovir.te_1.0	Odocoileus virginianus texanus	Odocoileus virginianus	Scaffold	ok	exon_5	5	124	0.9919354838709677	0.9919354838709677	0.9919354838709677	0.8861788617886179	0.0	123	123	123	109	14	1215445.0	1215567.0	0.96791568318909	HIGH	GA	GT	NONCANONICAL	CANONICAL	323	0	0.0	0	0
GCA_002102435.1	Ovir.te_1.0	Odocoileus virginianus texanus	Odocoileus virginianus	Scaffold	ok	exon_6	6	1115	0.9479820627802691	1.0	0.9479820627802691	0.8713339640491958	0.0	1057	1057	1115	921	136	1216386.0	1217442.0	0.94442541926342	HIGH	AG		CANONICAL	NA	1257	0	0.0	0	0
GCA_002201775.1	ALER1.0	Ammotragus lervia	Ammotragus lervia	Scaffold	ok	exon_1	1	194	0.9432989690721649	0.9690721649484536	0.9432989690721649	0.8579234972677595	0.0	183	183	188	157	26	222886.0	223073.0	0.9389654103994142	HIGH		CC	NA	NONCANONICAL	388	0	0.0	0	0
GCA_002201775.1	ALER1.0	Ammotragus lervia	Ammotragus lervia	Scaffold	ok	exon_2	2	304	1.0	1.0	1.0	0.8947368421052632	0.0	304	304	304	272	32	219942.0	220246.0	0.9736842105263158	HIGH	AG	GT	CANONICAL	CANONICAL	505	0	0.0	0	0
GCA_002201775.1	ALER1.0	Ammotragus lervia	Ammotragus lervia	Scaffold	ok	exon_3	3	837	0.973715651135006	0.992831541218638	0.973715651135006	0.8723926380368098	0.0	815	815	831	711	104	216610.0	217577.0	0.9562702025199552	HIGH	AG	GT	CANONICAL	CANONICAL	1168	0	0.0	0	0
GCA_002201775.1	ALER1.0	Ammotragus lervia	Ammotragus lervia	Scaffold	ok	exon_4	4	213	0.9953051643192489	1.0	0.9953051643192489	0.9009433962264151	0.0	212	212	213	191	21	208653.0	209592.0	0.9731231730002659	HIGH	AG	GT	CANONICAL	CANONICAL	1140	0	0.0	0	0
GCA_002201775.1	ALER1.0	Ammotragus lervia	Ammotragus lervia	Scaffold	ok	exon_5	5	124	0.9919354838709677	0.9919354838709677	0.9919354838709677	0.9024390243902439	0.0	123	123	123	111	12	205673.0	205795.0	0.9719807238394965	HIGH	GA	GC	NONCANONICAL	CANONICAL	323	0	0.0	0	0
GCA_002201775.1	ALER1.0	Ammotragus lervia	Ammotragus lervia	Scaffold	ok	exon_6	6	1115	0.9533632286995516	0.9847533632286996	0.9533632286995516	0.8682972718720602	0.0	1063	1063	1098	923	140	203784.0	204848.0	0.9460877708828133	HIGH	AG		CANONICAL	NA	1265	0	0.0	0	0
GCA_002263795.4	ARS-UCD2.0	Bos taurus	Bos taurus	Chromosome	ok	exon_1	1	194	0.8917525773195877	0.8969072164948454	0.8917525773195877	0.8728323699421965	0.0	173	173	174	151	22	33818779.0	33818951.0	0.9194967522793636	HIGH			NA	NA	373	0	0.0	0	0
GCA_002263795.4	ARS-UCD2.0	Bos taurus	Bos taurus	Chromosome	ok	exon_2	2	304	1.0	1.0	1.0	0.9046052631578947	0.0	304	304	304	275	29	33821605.0	33821908.0	0.9761513157894737	HIGH	AG	GT	CANONICAL	CANONICAL	504	0	0.0	0	0
GCA_002263795.4	ARS-UCD2.0	Bos taurus	Bos taurus	Chromosome	ok	exon_3	3	837	0.946236559139785	0.966547192353644	0.946236559139785	0.8813131313131313	0.0	792	792	809	698	94	33824760.0	33825551.0	0.9461347344411861	HIGH	AG	AC	CANONICAL	NONCANONICAL	992	0	0.0	0	0
GCA_002263795.4	ARS-UCD2.0	Bos taurus	Bos taurus	Chromosome	ok	exon_4	4	213	0.9953051643192489	1.0	0.9953051643192489	0.9056603773584906	0.0	212	212	213	192	20	33832898.0	33833837.0	0.9743024182832847	HIGH	AG	GT	CANONICAL	CANONICAL	1140	0	0.0	0	0
GCA_002263795.4	ARS-UCD2.0	Bos taurus	Bos taurus	Chromosome	ok	exon_5	5	124	0.967741935483871	0.967741935483871	0.967741935483871	0.9083333333333333	0.0	120	120	120	109	11	33836657.0	33836776.0	0.9625672043010753	HIGH	GA	GG	NONCANONICAL	NONCANONICAL	320	0	0.0	0	0
GCA_002263795.4	ARS-UCD2.0	Bos taurus	Bos taurus	Chromosome	ok	exon_6	6	1115	0.9641255605381166	1.0	0.9641255605381166	0.8753488372093023	0.0	1075	1075	1115	941	134	33837603.0	33838678.0	0.9526937115444781	HIGH	AG		CANONICAL	NA	1276	0	0.0	0	0
GCA_002443075.1	Milu1.0	Elaphurus davidianus	Elaphurus davidianus	Scaffold	ok	exon_1	1	194	0.9690721649484536	0.9690721649484536	0.9690721649484536	0.8776595744680851	0.0	188	188	188	165	23	30411.0	30598.0	0.9388307011771588	HIGH		CC	NA	NONCANONICAL	388	0	0.0	0	0
GCA_002443075.1	Milu1.0	Elaphurus davidianus	Elaphurus davidianus	Scaffold	ok	exon_2	2	304	0.9703947368421053	0.9967105263157895	0.9703947368421053	0.9152542372881356	0.0	295	295	303	270	25	32972.0	34088.0	0.9488245242343147	HIGH	AG	AG	CANONICAL	NONCANONICAL	1317	0	0.0	0	0
GCA_002443075.1	Milu1.0	Elaphurus davidianus	Elaphurus davidianus	Scaffold	ok	exon_3	3	837	0.980884109916368	1.0	0.980884109916368	0.8830694275274056	0.0	821	821	837	725	96	36466.0	37589.0	0.9454985396775504	HIGH	AG	GT	CANONICAL	CANONICAL	1324	0	0.0	0	0
GCA_002443075.1	Milu1.0	Elaphurus davidianus	Elaphurus davidianus	Scaffold	ok	exon_4	4	213	0.0	0.0	0.0	0.0		0	0	0	0	0			0.23333333333333334	UNRESOLVED			NA	NA	0	0		0	0
GCA_002443075.1	Milu1.0	Elaphurus davidianus	Elaphurus davidianus	Scaffold	ok	exon_5	5	124	0.9919354838709677	0.9919354838709677	0.9919354838709677	0.8861788617886179	0.0	123	123	123	109	14	45521.0	45643.0	0.9512490165224234	HIGH	GA	GT	NONCANONICAL	CANONICAL	323	0	0.0	0	0
GCA_002443075.1	Milu1.0	Elaphurus davidianus	Elaphurus davidianus	Scaffold	ok	exon_6	6	1115	0.9551569506726457	1.0	0.9551569506726457	0.8751173708920188	0.0	1065	1065	1115	932	133	46455.0	47519.0	0.9319333038590287	HIGH	AG		CANONICAL	NA	1265	0	0.0	0	0
GCA_002742125.1	Oar_rambouillet_v1.0	Ovis aries	Ovis aries	Chromosome	ok	exon_1	1	194	0.9432989690721649	0.9690721649484536	0.9432989690721649	0.8524590163934426	0.0	183	183	188	156	27	23182141.0	23182327.0	0.9375992901808349	HIGH		CC	NA	NONCANONICAL	387	0	0.0	0	0
GCA_002742125.1	Oar_rambouillet_v1.0	Ovis aries	Ovis aries	Chromosome	ok	exon_2	2	304	1.0	1.0	1.0	0.8947368421052632	0.0	304	304	304	272	32	23185477.0	23185781.0	0.9736842105263158	HIGH	AG	GT	CANONICAL	CANONICAL	505	0	0.0	0	0
GCA_002742125.1	Oar_rambouillet_v1.0	Ovis aries	Ovis aries	Chromosome	ok	exon_3	3	837	0.9713261648745519	0.992831541218638	0.9713261648745519	0.8868388683886839	0.0	813	813	831	721	92	23188141.0	23189143.0	0.9588064912907194	HIGH	AG	GT	CANONICAL	CANONICAL	1203	0	0.0	0	0
GCA_002742125.1	Oar_rambouillet_v1.0	Ovis aries	Ovis aries	Chromosome	ok	exon_4	4	213	0.8732394366197183	0.8779342723004695	0.8732394366197183	0.8978494623655914	0.0	186	186	187	167	19	23196902.0	23197087.0	0.9174201120702711	HIGH			NA	NA	386	0	0.0	0	0
GCA_002742125.1	Oar_rambouillet_v1.0	Ovis aries	Ovis aries	Chromosome	ok	exon_5	5	124	0.9919354838709677	0.9919354838709677	0.9919354838709677	0.9024390243902439	0.0	123	123	123	111	12	23200436.0	23200558.0	0.9719807238394965	HIGH	GA	GC	NONCANONICAL	CANONICAL	323	0	0.0	0	0
GCA_002742125.1	Oar_rambouillet_v1.0	Ovis aries	Ovis aries	Chromosome	ok	exon_6	6	1115	0.9524663677130045	0.9847533632286996	0.9524663677130045	0.8709981167608286	0.0	1062	1062	1098	925	137	23201380.0	23202443.0	0.9463593946610592	HIGH	AG		CANONICAL	NA	1264	0	0.0	0	0
GCA_002968435.1	ASM296843v1	Bos mutus	Bos mutus	Chromosome	ok	exon_1	1	194	0.8917525773195877	0.8969072164948454	0.8917525773195877	0.8728323699421965	0.0	173	173	174	151	22	33929176.0	33929348.0	0.9194967522793636	HIGH			NA	NA	373	0	0.0	0	0
GCA_002968435.1	ASM296843v1	Bos mutus	Bos mutus	Chromosome	ok	exon_2	2	304	1.0	1.0	1.0	0.8980263157894737	0.0	304	304	304	273	31	33931844.0	33932147.0	0.9745065789473685	HIGH	AG	GT	CANONICAL	CANONICAL	504	0	0.0	0	0
GCA_002968435.1	ASM296843v1	Bos mutus	Bos mutus	Chromosome	ok	exon_3	3	837	0.946236559139785	0.966547192353644	0.946236559139785	0.8762626262626263	0.0	792	792	809	694	98	33934999.0	33935800.0	0.9448721081785598	HIGH	AG	AC	CANONICAL	NONCANONICAL	1002	0	0.0	0	0
GCA_002968435.1	ASM296843v1	Bos mutus	Bos mutus	Chromosome	ok	exon_4	4	213	0.8732394366197183	0.8779342723004695	0.8732394366197183	0.9086021505376344	0.0	186	186	187	169	17	33943799.0	33943984.0	0.9201082841132818	HIGH			NA	NA	386	0	0.0	0	0
GCA_002968435.1	ASM296843v1	Bos mutus	Bos mutus	Chromosome	ok	exon_5	5	124	0.9919354838709677	0.9919354838709677	0.9919354838709677	0.9186991869918699	0.0	123	123	123	113	10	33946820.0	33946942.0	0.976045764489903	HIGH	GA	GT	NONCANONICAL	CANONICAL	323	0	0.0	0	0
GCA_002968435.1	ASM296843v1	Bos mutus	Bos mutus	Chromosome	ok	exon_6	6	1115	0.9641255605381166	1.0	0.9641255605381166	0.8706976744186047	0.0	1075	1075	1115	936	139	33947768.0	33948843.0	0.9515309208468037	HIGH	AG		CANONICAL	NA	1276	0	0.0	0	0
GCA_003121395.1	UOA_WB_1	Bubalus bubalis	Bubalus bubalis	Chromosome	ok	exon_1	1	194	0.0	0.0	0.0	0.0		0	0	0	0	0			0.21666666666666667	UNRESOLVED			NA	NA	0	0		0	0
GCA_003121395.1	UOA_WB_1	Bubalus bubalis	Bubalus bubalis	Chromosome	ok	exon_2	2	304	0.0	0.0	0.0	0.0		0	0	0	0	0			0.21666666666666667	UNRESOLVED			NA	NA	0	0		0	0
GCA_003121395.1	UOA_WB_1	Bubalus bubalis	Bubalus bubalis	Chromosome	ok	exon_3	3	837	0.931899641577061	0.966547192353644	0.931899641577061	0.8833333333333333	0.0	780	780	809	689	91	70562180.0	70562959.0	0.9068548387096774	HIGH	AG	AC	CANONICAL	NONCANONICAL	980	0	0.0	0	0
GCA_003121395.1	UOA_WB_1	Bubalus bubalis	Bubalus bubalis	Chromosome	ok	exon_4	4	213	0.9953051643192489	1.0	0.9953051643192489	0.8962264150943396	0.0	212	212	213	190	22	70547947.0	70548886.0	0.9386105943839136	HIGH	AG	GT	CANONICAL	CANONICAL	1140	0	0.0	0	0
GCA_003121395.1	UOA_WB_1	Bubalus bubalis	Bubalus bubalis	Chromosome	ok	exon_5	5	124	0.9919354838709677	0.9919354838709677	0.9919354838709677	0.9105691056910569	0.0	123	123	123	112	11	70545004.0	70545126.0	0.9406799108313665	HIGH	GA	GT	NONCANONICAL	CANONICAL	323	0	0.0	0	0
GCA_003121395.1	UOA_WB_1	Bubalus bubalis	Bubalus bubalis	Chromosome	ok	exon_6	6	1115	0.9632286995515695	1.0	0.9632286995515695	0.8780260707635009	0.0	1074	1074	1115	943	131	70543094.0	70544167.0	0.9196260991557482	HIGH	AC		NONCANONICAL	NA	1274	0	0.0	0	0
GCA_003121645.1	O_ammon_KGZ_v1.0	Ovis ammon	Ovis ammon	Scaffold	ok	exon_1	1	194	0.0	0.0	0.0	0.0		0	0	0	0	0			0.075	UNRESOLVED			NA	NA	0	0		0	0
GCA_003121645.1	O_ammon_KGZ_v1.0	Ovis ammon	Ovis ammon	Scaffold	ok	exon_2	2	304	0.0	0.0	0.0	0.0		0	0	0	0	0			0.075	UNRESOLVED			NA	NA	0	0		0	0
GCA_003121645.1	O_ammon_KGZ_v1.0	Ovis ammon	Ovis ammon	Scaffold	ok	exon_3	3	837	0.0	0.0	0.0	0.0		0	0	0	0	0			0.075	UNRESOLVED			NA	NA	0	0		0	0
GCA_003121645.1	O_ammon_KGZ_v1.0	Ovis ammon	Ovis ammon	Scaffold	ok	exon_4	4	213	0.0	0.0	0.0	0.0		0	0	0	0	0			0.075	UNRESOLVED			NA	NA	0	0		0	0
GCA_003121645.1	O_ammon_KGZ_v1.0	Ovis ammon	Ovis ammon	Scaffold	ok	exon_5	5	124	0.0	0.0	0.0	0.0		0	0	0	0	0			0.075	UNRESOLVED			NA	NA	0	0		0	0
GCA_003121645.1	O_ammon_KGZ_v1.0	Ovis ammon	Ovis ammon	Scaffold	ok	exon_6	6	1115	0.14798206278026907	0.14798206278026907	0.14798206278026907	0.7393939393939394	0.0	165	165	165	122	43	63225176.0	63225340.0	0.3764404130996059	UNRESOLVED			NA	NA	365	0	0.0	0	0
GCA_003182575.1	ASM318257v1	Pseudois nayaur	Pseudois nayaur	Scaffold	ok	exon_1	1	194	0.8917525773195877	0.9175257731958762	0.8917525773195877	0.8497109826589595	0.0	173	173	178	147	26	1352.0	1525.0	0.9137164054585544	HIGH			NA	NA	374	0	0.0	0	0
GCA_003182575.1	ASM318257v1	Pseudois nayaur	Pseudois nayaur	Scaffold	ok	exon_2	2	304	1.0	1.0	1.0	0.9013157894736842	0.0	304	304	304	274	30	4177.0	4481.0	0.9753289473684211	HIGH	AG	GT	CANONICAL	CANONICAL	505	0	0.0	0	0
GCA_003182575.1	ASM318257v1	Pseudois nayaur	Pseudois nayaur	Scaffold	ok	exon_3	3	837	0.9629629629629629	0.992831541218638	0.9629629629629629	0.8808933002481389	0.0	806	806	831	710	96	6842.0	7809.0	0.9535566583953681	HIGH	AG	GT	CANONICAL	CANONICAL	1168	0	0.0	0	0
GCA_003182575.1	ASM318257v1	Pseudois nayaur	Pseudois nayaur	Scaffold	ok	exon_4	4	213	0.9953051643192489	1.0	0.9953051643192489	0.8915094339622641	0.0	212	212	213	189	23	14821.0	15758.0	0.9707646824342281	HIGH	AG	GT	CANONICAL	CANONICAL	1138	0	0.0	0	0
GCA_003182575.1	ASM318257v1	Pseudois nayaur	Pseudois nayaur	Scaffold	ok	exon_5	5	124	0.9919354838709677	0.9919354838709677	0.9919354838709677	0.8943089430894309	0.0	123	123	123	110	13	19149.0	19271.0	0.9699482035142932	HIGH	GA	GC	NONCANONICAL	CANONICAL	323	0	0.0	0	0
GCA_003182575.1	ASM318257v1	Pseudois nayaur	Pseudois nayaur	Scaffold	ok	exon_6	6	1115	0.9524663677130045	0.9847533632286996	0.9524663677130045	0.8653483992467044	0.0	1062	1062	1098	919	143	20096.0	21159.0	0.9449469652825282	HIGH	AG		CANONICAL	NA	1264	0	0.0	0	0
GCA_003182615.2	ASM318261v2	Capra sibirica	Capra sibirica	Scaffold	ok	exon_1	1	194	0.9432989690721649	0.9690721649484536	0.9432989690721649	0.8469945355191257	0.0	183	183	188	155	28	5438466.0	5438653.0	0.9362331699622557	HIGH		CC	NA	NONCANONICAL	388	0	0.0	0	0
GCA_003182615.2	ASM318261v2	Capra sibirica	Capra sibirica	Scaffold	ok	exon_2	2	304	1.0	1.0	1.0	0.8947368421052632	0.0	304	304	304	272	32	5441302.0	5441606.0	0.9736842105263158	HIGH	AG	GT	CANONICAL	CANONICAL	505	0	0.0	0	0
GCA_003182615.2	ASM318261v2	Capra sibirica	Capra sibirica	Scaffold	ok	exon_3	3	837	0.96415770609319	0.992831541218638	0.96415770609319	0.8810408921933085	0.0	807	807	831	711	96	5443962.0	5444924.0	0.9541311907902627	HIGH	AG	GT	CANONICAL	CANONICAL	1163	0	0.0	0	0
GCA_003182615.2	ASM318261v2	Capra sibirica	Capra sibirica	Scaffold	ok	exon_4	4	213	0.9859154929577465	0.9906103286384976	0.9859154929577465	0.8904761904761904	0.0	210	210	211	187	23	5451950.0	5452887.0	0.9662810194500335	HIGH	AG	GG	CANONICAL	NONCANONICAL	1138	0	0.0	0	0
GCA_003182615.2	ASM318261v2	Capra sibirica	Capra sibirica	Scaffold	ok	exon_5	5	124	0.9919354838709677	0.9919354838709677	0.9919354838709677	0.9105691056910569	0.0	123	123	123	112	11	5456290.0	5456412.0	0.9740132441646998	HIGH	GA	GC	NONCANONICAL	CANONICAL	323	0	0.0	0	0
GCA_003182615.2	ASM318261v2	Capra sibirica	Capra sibirica	Scaffold	ok	exon_6	6	1115	0.9533632286995516	0.9847533632286996	0.9533632286995516	0.8701787394167451	0.0	1063	1063	1098	925	138	5457236.0	5458300.0	0.9465581377689845	HIGH	AG		CANONICAL	NA	1265	0	0.0	0	0
GCA_003369695.2	UOA_Brahman_1	Bos indicus x Bos taurus	Bos indicus x Bos taurus	Chromosome	ok	exon_1	1	194	0.8917525773195877	0.8969072164948454	0.8917525773195877	0.8786127167630058	0.0	173	173	174	152	21	33908728.0	33908900.0	0.9209418389845659	HIGH			NA	NA	373	0	0.0	0	0
GCA_003369695.2	UOA_Brahman_1	Bos indicus x Bos taurus	Bos indicus x Bos taurus	Chromosome	ok	exon_2	2	304	1.0	1.0	1.0	0.9013157894736842	0.0	304	304	304	274	30	33911558.0	33911861.0	0.9753289473684211	HIGH	AG	GT	CANONICAL	CANONICAL	504	0	0.0	0	0
GCA_003369695.2	UOA_Brahman_1	Bos indicus x Bos taurus	Bos indicus x Bos taurus	Chromosome	ok	exon_3	3	837	0.946236559139785	0.966547192353644	0.946236559139785	0.8825757575757576	0.0	792	792	809	699	93	33914713.0	33915504.0	0.9464503910068427	HIGH	AG	AC	CANONICAL	NONCANONICAL	992	0	0.0	0	0
GCA_003369695.2	UOA_Brahman_1	Bos indicus x Bos taurus	Bos indicus x Bos taurus	Chromosome	ok	exon_4	4	213	0.9953051643192489	1.0	0.9953051643192489	0.9056603773584906	0.0	212	212	213	192	20	33922850.0	33923789.0	0.9743024182832847	HIGH	AG	GT	CANONICAL	CANONICAL	1140	0	0.0	0	0
GCA_003369695.2	UOA_Brahman_1	Bos indicus x Bos taurus	Bos indicus x Bos taurus	Chromosome	ok	exon_5	5	124	0.9838709677419355	0.9919354838709677	0.9838709677419355	0.9098360655737705	0.0	122	122	123	111	11	33926615.0	33926736.0	0.9702009518773136	HIGH	GA	GT	NONCANONICAL	CANONICAL	322	0	0.0	0	0
GCA_003369695.2	UOA_Brahman_1	Bos indicus x Bos taurus	Bos indicus x Bos taurus	Chromosome	ok	exon_6	6	1115	0.9641255605381166	1.0	0.9641255605381166	0.8744186046511628	0.0	1075	1075	1115	940	135	33927561.0	33928636.0	0.9524611534049432	HIGH	AG		CANONICAL	NA	1276	0	0.0	0	0
GCA_003697985.1	ASM369798v1	Odocoileus hemionus sitkensis	Odocoileus hemionus	Scaffold	ok	exon_1	1	194	0.979381443298969	0.979381443298969	0.979381443298969	0.8736842105263158	0.0	190	190	190	166	24	9823.0	10012.0	0.9258093687827817	HIGH		CC	NA	NONCANONICAL	390	0	0.0	0	0
GCA_003697985.1	ASM369798v1	Odocoileus hemionus sitkensis	Odocoileus hemionus	Scaffold	ok	exon_2	2	304	0.9736842105263158	1.0	0.9736842105263158	0.9222972972972973	0.0	296	296	304	273	23	12652.0	13770.0	0.9353988857278331	HIGH	AG	GT	CANONICAL	CANONICAL	1319	0	0.0	0	0
GCA_003697985.1	ASM369798v1	Odocoileus hemionus sitkensis	Odocoileus hemionus	Scaffold	ok	exon_3	3	837	0.980884109916368	1.0	0.980884109916368	0.881851400730816	0.0	821	821	837	724	97	16149.0	17247.0	0.9285273663117363	HIGH	AG	GT	CANONICAL	CANONICAL	1299	0	0.0	0	0
GCA_003697985.1	ASM369798v1	Odocoileus hemionus sitkensis	Odocoileus hemionus	Scaffold	ok	exon_4	4	213	0.8591549295774648	0.863849765258216	0.8591549295774648	0.8797814207650273	0.0	183	183	184	161	22	24880.0	25062.0	0.8732317401677827	HIGH			NA	NA	383	0	0.0	0	0
GCA_003697985.1	ASM369798v1	Odocoileus hemionus sitkensis	Odocoileus hemionus	Scaffold	ok	exon_5	5	124	0.0	0.0	0.0	0.0		0	0	0	0	0			0.21666666666666667	UNRESOLVED			NA	NA	0	0		0	0
GCA_003697985.1	ASM369798v1	Odocoileus hemionus sitkensis	Odocoileus hemionus	Scaffold	ok	exon_6	6	1115	0.0	0.0	0.0	0.0		0	0	0	0	0			0.21666666666666667	UNRESOLVED			NA	NA	0	0		0	0
GCA_003798545.1	ASM379854v1	Axis porcinus	Axis porcinus	Scaffold	ok	exon_1	1	194	0.9690721649484536	0.9690721649484536	0.9690721649484536	0.8670212765957447	0.0	188	188	188	163	25	172365.0	172552.0	0.9528377933757404	HIGH		CA	NA	NONCANONICAL	388	0	0.0	0	0
GCA_003798545.1	ASM379854v1	Axis porcinus	Axis porcinus	Scaffold	ok	exon_2	2	304	0.9243421052631579	1.0	0.9243421052631579	0.9074733096085409	0.0	281	281	304	255	26	168899.0	170001.0	0.9428222747705564	HIGH	AA	GT	NONCANONICAL	CANONICAL	1303	0	0.0	0	0
GCA_003798545.1	ASM379854v1	Axis porcinus	Axis porcinus	Scaffold	ok	exon_3	3	837	0.9796893667861409	1.0	0.9796893667861409	0.875609756097561	0.0	820	820	837	718	102	165396.0	166518.0	0.9597626540781538	HIGH	AG	GT	CANONICAL	CANONICAL	1323	0	0.0	0	0
GCA_003798545.1	ASM379854v1	Axis porcinus	Axis porcinus	Scaffold	ok	exon_4	4	213	0.9953051643192489	1.0	0.9953051643192489	0.8820754716981132	0.0	212	212	213	187	25	157946.0	158441.0	0.9684061918681903	HIGH	AG	GT	CANONICAL	CANONICAL	696	0	0.0	0	0
GCA_003798545.1	ASM379854v1	Axis porcinus	Axis porcinus	Scaffold	ok	exon_5	5	124	0.9919354838709677	0.9919354838709677	0.9919354838709677	0.8699186991869918	0.0	123	123	123	107	16	154726.0	154848.0	0.9638506425386835	HIGH	GA	GT	NONCANONICAL	CANONICAL	323	0	0.0	0	0
GCA_003798545.1	ASM379854v1	Axis porcinus	Axis porcinus	Scaffold	ok	exon_6	6	1115	0.9551569506726457	1.0	0.9551569506726457	0.8732394366197183	0.0	1065	1065	1115	930	135	152853.0	153917.0	0.9481304869576201	HIGH	AG		CANONICAL	NA	1265	0	0.0	0	0
GCA_003945745.1	UCDavis_Ogaz_1	Oryx gazella	Oryx gazella	Scaffold	ok	exon_1	1	194	0.9381443298969072	0.9639175257731959	0.9381443298969072	0.8626373626373627	0.0	182	182	187	157	25	1659791.0	1659973.0	0.9378242891129489	HIGH		CC	NA	NONCANONICAL	383	0	0.0	0	0
GCA_003945745.1	UCDavis_Ogaz_1	Oryx gazella	Oryx gazella	Scaffold	ok	exon_2	2	304	1.0	1.0	1.0	0.8947368421052632	0.0	304	304	304	272	32	1663842.0	1664146.0	0.9736842105263158	HIGH	AG	GT	CANONICAL	CANONICAL	505	0	0.0	0	0
GCA_003945745.1	UCDavis_Ogaz_1	Oryx gazella	Oryx gazella	Scaffold	ok	exon_3	3	837	0.970131421744325	0.992831541218638	0.970131421744325	0.8866995073891626	0.0	812	812	831	720	92	1666516.0	1668727.0	0.958234016632237	HIGH	AG	GT	CANONICAL	CANONICAL	2412	1064	0.44112769485903813	1	1064
GCA_003945745.1	UCDavis_Ogaz_1	Oryx gazella	Oryx gazella	Scaffold	ok	exon_4	4	213	0.9953051643192489	1.0	0.9953051643192489	0.9009433962264151	0.0	212	212	213	191	21	1677296.0	1678236.0	0.9731231730002659	HIGH	AG	GT	CANONICAL	CANONICAL	1141	0	0.0	0	0
GCA_003945745.1	UCDavis_Ogaz_1	Oryx gazella	Oryx gazella	Scaffold	ok	exon_5	5	124	0.9919354838709677	0.9919354838709677	0.9919354838709677	0.8943089430894309	0.0	123	123	123	110	13	1681235.0	1681357.0	0.9699482035142932	HIGH	GA	GT	NONCANONICAL	CANONICAL	323	0	0.0	0	0
GCA_003945745.1	UCDavis_Ogaz_1	Oryx gazella	Oryx gazella	Scaffold	ok	exon_6	6	1115	0.9524663677130045	0.9847533632286996	0.9524663677130045	0.8700564971751412	0.0	1062	1062	1098	924	138	1682174.0	1683238.0	0.9461239897646374	HIGH	AG		CANONICAL	NA	1265	0	0.0	0	0
GCA_004024705.2	MosMos_v2_BIUU_UCD	Moschus moschiferus	Moschus moschiferus	Scaffold	ok	exon_1	1	194	0.9742268041237113	0.979381443298969	0.9742268041237113	0.8783068783068783	0.0	189	189	190	166	23	13482893.0	13483081.0	0.9579787814323897	HIGH		CC	NA	NONCANONICAL	389	0	0.0	0	0
GCA_004024705.2	MosMos_v2_BIUU_UCD	Moschus moschiferus	Moschus moschiferus	Scaffold	ok	exon_2	2	304	0.24342105263157895	0.24342105263157895	0.24342105263157895	0.9054054054054054	0.0	74	74	74	67	7	13490022.0	13490096.0	0.6358908250355619	LOW			NA	NA	275	0	0.0	0	0
GCA_004024705.2	MosMos_v2_BIUU_UCD	Moschus moschiferus	Moschus moschiferus	Scaffold	ok	exon_3	3	837	0.980884109916368	1.0	0.980884109916368	0.8903775883069428	0.0	821	821	837	731	90	13492704.0	13493524.0	0.9639922465391013	HIGH	AG	GC	CANONICAL	CANONICAL	1021	0	0.0	0	0
GCA_004024705.2	MosMos_v2_BIUU_UCD	Moschus moschiferus	Moschus moschiferus	Scaffold	ok	exon_4	4	213	0.9953051643192489	1.0	0.9953051643192489	0.9150943396226415	0.0	212	212	213	194	18	13500798.0	13501740.0	0.9766609088493224	HIGH	AG	GT	CANONICAL	CANONICAL	1143	0	0.0	0	0
GCA_004024705.2	MosMos_v2_BIUU_UCD	Moschus moschiferus	Moschus moschiferus	Scaffold	ok	exon_5	5	124	0.9919354838709677	0.9919354838709677	0.9919354838709677	0.926829268292683	0.0	123	123	123	114	9	13504817.0	13504939.0	0.9780782848151063	HIGH	GA	GT	NONCANONICAL	CANONICAL	323	0	0.0	0	0
GCA_004024705.2	MosMos_v2_BIUU_UCD	Moschus moschiferus	Moschus moschiferus	Scaffold	ok	exon_6	6	1115	0.9757847533632287	1.0	0.9757847533632287	0.8786764705882353	0.0	1088	1088	1115	956	132	13505753.0	13506841.0	0.9587722566605118	HIGH	AG		CANONICAL	NA	1289	0	0.0	0	0
GCA_004024965.2	ASM402496v2	Tragulus javanicus	Tragulus javanicus	Scaffold	ok	exon_1	1	194	0.9226804123711341	0.9226804123711341	0.9226804123711341	0.8324022346368715	0.0	179	179	179	149	30	9925893.0	9926086.0	0.889973410892895	HIGH		AC	NA	NONCANONICAL	394	0	0.0	0	0
GCA_004024965.2	ASM402496v2	Tragulus javanicus	Tragulus javanicus	Scaffold	ok	exon_2	2	304	0.0	0.0	0.0	0.0		0	0	0	0	0			0.21666666666666667	UNRESOLVED			NA	NA	0	0		0	0
GCA_004024965.2	ASM402496v2	Tragulus javanicus	Tragulus javanicus	Scaffold	ok	exon_3	3	837	0.0	0.0	0.0	0.0		0	0	0	0	0			0.21666666666666667	UNRESOLVED			NA	NA	0	0		0	0
GCA_004024965.2	ASM402496v2	Tragulus javanicus	Tragulus javanicus	Scaffold	ok	exon_4	4	213	0.3192488262910798	0.3427230046948357	0.3192488262910798	0.8529411764705882	0.0	68	68	73	58	10	9932893.0	9932960.0	0.6235639326152996	LOW			NA	NA	268	0	0.0	0	0
GCA_004024965.2	ASM402496v2	Tragulus javanicus	Tragulus javanicus	Scaffold	ok	exon_5	5	124	0.9758064516129032	0.9919354838709677	0.9758064516129032	0.9008264462809917	0.0	121	121	123	109	12	9933256.0	9933378.0	0.9309861814627212	HIGH	GA	GT	NONCANONICAL	CANONICAL	323	0	0.0	0	0
GCA_004024965.2	ASM402496v2	Tragulus javanicus	Tragulus javanicus	Scaffold	ok	exon_6	6	1115	0.9982062780269059	1.0	0.9982062780269059	0.8274932614555256	0.0	1113	1113	1115	921	192	9934542.0	9935662.0	0.9227328071426558	HIGH	AC		NONCANONICAL	NA	1321	0	0.0	0	0
GCA_004024985.1	SaiTat_v1_BIUU	Saiga tatarica	Saiga tatarica	Scaffold	ok	exon_1	1	194	0.0	0.0	0.0	0.0		0	0	0	0	0			0.2	UNRESOLVED			NA	NA	0	0		0	0
GCA_004024985.1	SaiTat_v1_BIUU	Saiga tatarica	Saiga tatarica	Scaffold	ok	exon_2	2	304	0.9572368421052632	1.0	0.9572368421052632	0.8625429553264605	0.0	291	291	304	251	40	779.0	1069.0	0.8963923177789836	HIGH	AG	GT	CANONICAL	CANONICAL	491	0	0.0	0	0
GCA_004024985.1	SaiTat_v1_BIUU	Saiga tatarica	Saiga tatarica	Scaffold	ok	exon_3	3	837	0.966547192353644	1.0	0.966547192353644	0.8590852904820766	0.0	809	809	837	695	114	3470.0	4278.0	0.899717559179659	HIGH	AG	GT	CANONICAL	CANONICAL	1009	0	0.0	0	0
GCA_004024985.1	SaiTat_v1_BIUU	Saiga tatarica	Saiga tatarica	Scaffold	ok	exon_4	4	213	0.647887323943662	0.6525821596244131	0.647887323943662	0.8913043478260869	0.0	138	138	139	123	15	11057.0	11916.0	0.7643753827311698	MEDIUM			NA	NA	960	0	0.0	0	0
GCA_004024985.1	SaiTat_v1_BIUU	Saiga tatarica	Saiga tatarica	Scaffold	ok	exon_5	5	124	0.0	0.0	0.0	0.0		0	0	0	0	0			0.2	UNRESOLVED			NA	NA	0	0		0	0
GCA_004024985.1	SaiTat_v1_BIUU	Saiga tatarica	Saiga tatarica	Scaffold	ok	exon_6	6	1115	0.0	0.0	0.0	0.0		0	0	0	0	0			0.2	UNRESOLVED			NA	NA	0	0		0	0
GCA_004026945.1	OviCan_v1_BIUU	Ovis canadensis	Ovis canadensis	Scaffold	ok	exon_1	1	194	0.9432989690721649	0.9690721649484536	0.9432989690721649	0.8524590163934426	0.0	183	183	188	156	27	2338.0	2524.0	0.9375992901808349	HIGH		CC	NA	NONCANONICAL	387	0	0.0	0	0
GCA_004026945.1	OviCan_v1_BIUU	Ovis canadensis	Ovis canadensis	Scaffold	ok	exon_2	2	304	0.993421052631579	1.0	0.993421052631579	0.8940397350993378	0.0	302	302	304	270	32	5175.0	5477.0	0.970549407459045	HIGH	AG	GT	CANONICAL	CANONICAL	503	0	0.0	0	0
GCA_004026945.1	OviCan_v1_BIUU	Ovis canadensis	Ovis canadensis	Scaffold	ok	exon_3	3	837	0.959378733572282	0.98805256869773	0.959378733572282	0.8854296388542964	0.0	803	803	827	711	92	7833.0	8795.0	0.9530778398211011	HIGH	AG	GT	CANONICAL	CANONICAL	1163	0	0.0	0	0
GCA_004026945.1	OviCan_v1_BIUU	Ovis canadensis	Ovis canadensis	Scaffold	ok	exon_4	4	213	0.8732394366197183	0.8779342723004695	0.8732394366197183	0.8924731182795699	0.0	186	186	187	166	20	16554.0	16739.0	0.9160760260487657	HIGH			NA	NA	386	0	0.0	0	0
GCA_004026945.1	OviCan_v1_BIUU	Ovis canadensis	Ovis canadensis	Scaffold	ok	exon_5	5	124	0.9919354838709677	0.9919354838709677	0.9919354838709677	0.9024390243902439	0.0	123	123	123	111	12	20087.0	20209.0	0.9719807238394965	HIGH	GA	GC	NONCANONICAL	CANONICAL	323	0	0.0	0	0
GCA_004026945.1	OviCan_v1_BIUU	Ovis canadensis	Ovis canadensis	Scaffold	ok	exon_6	6	1115	0.9515695067264573	0.9847533632286996	0.9515695067264573	0.8718190386427899	0.0	1061	1061	1098	925	136	21031.0	22093.0	0.9461610376876033	HIGH	AG		CANONICAL	NA	1263	0	0.0	0	0
GCA_004027495.1	BeaHun_v1_BIUU	Beatragus hunteri	Beatragus hunteri	Scaffold	ok	exon_1	1	194	0.9536082474226805	0.979381443298969	0.9536082474226805	0.8540540540540541	0.0	185	185	190	158	27	25011.0	25196.0	0.9426372248537198	HIGH		AG	NA	NONCANONICAL	386	0	0.0	0	0
GCA_004027495.1	BeaHun_v1_BIUU	Beatragus hunteri	Beatragus hunteri	Scaffold	ok	exon_2	2	304	0.9769736842105263	0.9769736842105263	0.9769736842105263	0.8956228956228957	0.0	297	297	297	266	31	27841.0	28137.0	0.9635438818004608	HIGH	AG	GG	CANONICAL	NONCANONICAL	497	0	0.0	0	0
GCA_004027495.1	BeaHun_v1_BIUU	Beatragus hunteri	Beatragus hunteri	Scaffold	ok	exon_3	3	837	0.965352449223417	0.985663082437276	0.965352449223417	0.8836633663366337	0.0	808	808	825	714	94	30509.0	31466.0	0.9553244437346962	HIGH	GA	GT	NONCANONICAL	CANONICAL	1158	0	0.0	0	0
GCA_004027495.1	BeaHun_v1_BIUU	Beatragus hunteri	Beatragus hunteri	Scaffold	ok	exon_4	4	213	0.9953051643192489	1.0	0.9953051643192489	0.8962264150943396	0.0	212	212	213	190	22	38586.0	39524.0	0.9719439277172469	HIGH	AG	GT	CANONICAL	CANONICAL	1139	0	0.0	0	0
GCA_004027495.1	BeaHun_v1_BIUU	Beatragus hunteri	Beatragus hunteri	Scaffold	ok	exon_5	5	124	0.9919354838709677	0.9919354838709677	0.9919354838709677	0.8943089430894309	0.0	123	123	123	110	13	42888.0	43010.0	0.9699482035142932	HIGH	GA	GT	NONCANONICAL	CANONICAL	323	0	0.0	0	0
GCA_004027495.1	BeaHun_v1_BIUU	Beatragus hunteri	Beatragus hunteri	Scaffold	ok	exon_6	6	1115	0.9399103139013453	0.9847533632286996	0.9399103139013453	0.8645038167938931	0.0	1048	1048	1098	906	142	43824.0	44873.0	0.9390855954540787	HIGH	AG		CANONICAL	NA	1250	0	0.0	0	0
GCA_004027515.2	AntAmePen_v2_BIUU_UCD	Antilocapra americana	Antilocapra americana	Scaffold	ok	exon_1	1	194	0.9742268041237113	0.979381443298969	0.9742268041237113	0.8571428571428571	0.0	189	189	190	162	27	25933215.0	25933403.0	0.9526877761413844	HIGH		AA	NA	NONCANONICAL	389	0	0.0	0	0
GCA_004027515.2	AntAmePen_v2_BIUU_UCD	Antilocapra americana	Antilocapra americana	Scaffold	ok	exon_2	2	304	0.9802631578947368	1.0	0.9802631578947368	0.8758389261744967	0.0	298	298	304	261	37	25929979.0	25930276.0	0.9600781525962558	HIGH	AG	GT	CANONICAL	CANONICAL	498	0	0.0	0	0
GCA_004027515.2	AntAmePen_v2_BIUU_UCD	Antilocapra americana	Antilocapra americana	Scaffold	ok	exon_3	3	837	0.959378733572282	1.0	0.959378733572282	0.8717310087173101	0.0	803	803	837	700	103	25926810.0	25927615.0	0.9496531822868545	HIGH	AG	GT	CANONICAL	CANONICAL	1006	0	0.0	0	0
GCA_004027515.2	AntAmePen_v2_BIUU_UCD	Antilocapra americana	Antilocapra americana	Scaffold	ok	exon_4	4	213	0.9812206572769953	0.9906103286384976	0.9812206572769953	0.8803827751196173	0.0	209	209	211	184	25	25919155.0	25919363.0	0.9616449895545522	HIGH	AG	GG	CANONICAL	NONCANONICAL	409	0	0.0	0	0
GCA_004027515.2	AntAmePen_v2_BIUU_UCD	Antilocapra americana	Antilocapra americana	Scaffold	ok	exon_5	5	124	0.9112903225806451	0.9919354838709677	0.9112903225806451	0.9203539823008849	0.0	113	113	123	104	9	25916223.0	25916335.0	0.9401691407365116	HIGH	GA	GT	NONCANONICAL	CANONICAL	313	0	0.0	0	0
GCA_004027515.2	AntAmePen_v2_BIUU_UCD	Antilocapra americana	Antilocapra americana	Scaffold	ok	exon_6	6	1115	0.9856502242152466	1.0	0.9856502242152466	0.8853503184713376	0.0	1099	1099	1115	973	126	25914268.0	25915378.0	0.9648801805146954	HIGH	AG		CANONICAL	NA	1311	0	0.0	0	0
GCA_004361675.1	CVASU_BBG_1.0	Capra hircus	Capra hircus	Chromosome	ok	exon_1	1	194	0.9432989690721649	0.9690721649484536	0.9432989690721649	0.8469945355191257	0.0	183	183	188	155	28	23179234.0	23179420.0	0.9362331699622557	HIGH		CC	NA	NONCANONICAL	387	37	0.09560723514211886	1	37
GCA_004361675.1	CVASU_BBG_1.0	Capra hircus	Capra hircus	Chromosome	ok	exon_2	2	304	1.0	1.0	1.0	0.8947368421052632	0.0	304	304	304	272	32	23182876.0	23183325.0	0.9736842105263158	HIGH	AG	GT	CANONICAL	CANONICAL	650	146	0.2246153846153846	2	99
GCA_004361675.1	CVASU_BBG_1.0	Capra hircus	Capra hircus	Chromosome	ok	exon_3	3	837	0.8470728793309439	0.8757467144563919	0.8470728793309439	0.8801128349788434	0.0	709	709	733	624	85	23185788.0	23186888.0	0.9012110044436357	HIGH			NA	NA	1301	293	0.22521137586471945	2	194
GCA_004361675.1	CVASU_BBG_1.0	Capra hircus	Capra hircus	Chromosome	ok	exon_4	4	213	0.9953051643192489	1.0	0.9953051643192489	0.8915094339622641	0.0	212	212	213	189	23	23194276.0	23195215.0	0.9707646824342281	HIGH	AG	GT	CANONICAL	CANONICAL	1140	594	0.5210526315789473	1	594
GCA_004361675.1	CVASU_BBG_1.0	Capra hircus	Capra hircus	Chromosome	ok	exon_5	5	124	0.9919354838709677	0.9919354838709677	0.9919354838709677	0.9024390243902439	0.0	123	123	123	111	12	23199032.0	23199154.0	0.9719807238394965	HIGH	GA	GC	NONCANONICAL	CANONICAL	323	70	0.21671826625386997	1	70
GCA_004361675.1	CVASU_BBG_1.0	Capra hircus	Capra hircus	Chromosome	ok	exon_6	6	1115	0.9533632286995516	0.9847533632286996	0.9533632286995516	0.8682972718720602	0.0	1063	1063	1098	923	140	23199978.0	23201042.0	0.9460877708828133	HIGH	AG		CANONICAL	NA	1265	0	0.0	0	0
GCA_004794615.1	Bubbub1.0	Bubalus bubalis	Bubalus bubalis	Scaffold	ok	exon_1	1	194	0.0	0.0	0.0	0.0		0	0	0	0	0			0.21666666666666667	UNRESOLVED			NA	NA	0	0		0	0
GCA_004794615.1	Bubbub1.0	Bubalus bubalis	Bubalus bubalis	Scaffold	ok	exon_2	2	304	0.0	0.0	0.0	0.0		0	0	0	0	0			0.21666666666666667	UNRESOLVED			NA	NA	0	0		0	0
GCA_004794615.1	Bubbub1.0	Bubalus bubalis	Bubalus bubalis	Scaffold	ok	exon_3	3	837	0.931899641577061	0.966547192353644	0.931899641577061	0.8833333333333333	0.0	780	780	809	689	91	991604.0	992383.0	0.9068548387096774	HIGH	AG	AC	CANONICAL	NONCANONICAL	980	0	0.0	0	0
GCA_004794615.1	Bubbub1.0	Bubalus bubalis	Bubalus bubalis	Scaffold	ok	exon_4	4	213	0.9953051643192489	1.0	0.9953051643192489	0.8962264150943396	0.0	212	212	213	190	22	1005581.0	1006520.0	0.9386105943839136	HIGH	AG	GT	CANONICAL	CANONICAL	1140	0	0.0	0	0
GCA_004794615.1	Bubbub1.0	Bubalus bubalis	Bubalus bubalis	Scaffold	ok	exon_5	5	124	0.9919354838709677	0.9919354838709677	0.9919354838709677	0.9105691056910569	0.0	123	123	123	112	11	1009611.0	1009733.0	0.9406799108313665	HIGH	GA	GT	NONCANONICAL	CANONICAL	323	0	0.0	0	0
GCA_004794615.1	Bubbub1.0	Bubalus bubalis	Bubalus bubalis	Scaffold	ok	exon_6	6	1115	0.9632286995515695	1.0	0.9632286995515695	0.8780260707635009	0.0	1074	1074	1115	943	131	1010570.0	1011643.0	0.9196260991557482	HIGH	AC		NONCANONICAL	NA	1274	0	0.0	0	0
GCA_005887515.3	BosGru3.1	Bos grunniens	Bos grunniens	Chromosome	ok	exon_1	1	194	0.8917525773195877	0.8969072164948454	0.8917525773195877	0.8728323699421965	0.0	173	173	174	151	22	58172072.0	58172244.0	0.9194967522793636	HIGH			NA	NA	373	0	0.0	0	0
GCA_005887515.3	BosGru3.1	Bos grunniens	Bos grunniens	Chromosome	ok	exon_2	2	304	1.0	1.0	1.0	0.8980263157894737	0.0	304	304	304	273	31	58169274.0	58169577.0	0.9745065789473685	HIGH	AG	GT	CANONICAL	CANONICAL	504	0	0.0	0	0
GCA_005887515.3	BosGru3.1	Bos grunniens	Bos grunniens	Chromosome	ok	exon_3	3	837	0.946236559139785	0.966547192353644	0.946236559139785	0.8762626262626263	0.0	792	792	809	694	98	58164992.0	58165793.0	0.9448721081785598	HIGH	AG	AC	CANONICAL	NONCANONICAL	1002	0	0.0	0	0
GCA_005887515.3	BosGru3.1	Bos grunniens	Bos grunniens	Chromosome	ok	exon_4	4	213	0.8732394366197183	0.8779342723004695	0.8732394366197183	0.9086021505376344	0.0	186	186	187	169	17	58155715.0	58155900.0	0.9201082841132818	HIGH			NA	NA	386	0	0.0	0	0
GCA_005887515.3	BosGru3.1	Bos grunniens	Bos grunniens	Chromosome	ok	exon_5	5	124	0.9919354838709677	0.9919354838709677	0.9919354838709677	0.9186991869918699	0.0	123	123	123	113	10	58152767.0	58152889.0	0.976045764489903	HIGH	GA	GT	NONCANONICAL	CANONICAL	323	0	0.0	0	0
GCA_005887515.3	BosGru3.1	Bos grunniens	Bos grunniens	Chromosome	ok	exon_6	6	1115	0.9641255605381166	1.0	0.9641255605381166	0.8706976744186047	0.0	1075	1075	1115	936	139	58150866.0	58151941.0	0.9515309208468037	HIGH	AG		CANONICAL	NA	1276	0	0.0	0	0
GCA_006408465.1	WLD	Cervus albirostris	Cervus albirostris	Scaffold	ok	exon_1	1	194	0.9690721649484536	0.9690721649484536	0.9690721649484536	0.8776595744680851	0.0	188	188	188	165	23	2006142.0	2006329.0	0.9388307011771588	HIGH		CC	NA	NONCANONICAL	388	0	0.0	0	0
GCA_006408465.1	WLD	Cervus albirostris	Cervus albirostris	Scaffold	ok	exon_2	2	304	0.9703947368421053	0.9967105263157895	0.9703947368421053	0.911864406779661	0.0	295	295	303	269	26	2002360.0	2003476.0	0.947977066607196	HIGH	AG	AG	CANONICAL	NONCANONICAL	1317	0	0.0	0	0
GCA_006408465.1	WLD	Cervus albirostris	Cervus albirostris	Scaffold	ok	exon_3	3	837	0.980884109916368	1.0	0.980884109916368	0.8842874543239951	0.0	821	821	837	726	95	1998542.0	1999640.0	0.9458030463766978	HIGH	AG	GT	CANONICAL	CANONICAL	1299	1	0.0007698229407236335	1	1
GCA_006408465.1	WLD	Cervus albirostris	Cervus albirostris	Scaffold	ok	exon_4	4	213	0.0	0.0	0.0	0.0		0	0	0	0	0			0.23333333333333334	UNRESOLVED			NA	NA	0	0		0	0
GCA_006408465.1	WLD	Cervus albirostris	Cervus albirostris	Scaffold	ok	exon_5	5	124	0.9919354838709677	0.9919354838709677	0.9919354838709677	0.8780487804878049	0.0	123	123	123	108	15	1991857.0	1991979.0	0.9492164961972201	HIGH	GA	GT	NONCANONICAL	CANONICAL	323	0	0.0	0	0
GCA_006408465.1	WLD	Cervus albirostris	Cervus albirostris	Scaffold	ok	exon_6	6	1115	0.9551569506726457	1.0	0.9551569506726457	0.8713615023474178	0.0	1065	1065	1115	928	137	1989986.0	1991050.0	0.9309943367228785	HIGH	AG		CANONICAL	NA	1265	0	0.0	0	0
GCA_006408505.1	CTB	Damaliscus lunatus	Damaliscus lunatus	Scaffold	ok	exon_1	1	194	0.9536082474226805	0.979381443298969	0.9536082474226805	0.8432432432432433	0.0	185	185	190	156	29	302021.0	302206.0	0.9399345221510171	HIGH		AG	NA	NONCANONICAL	386	0	0.0	0	0
GCA_006408505.1	CTB	Damaliscus lunatus	Damaliscus lunatus	Scaffold	ok	exon_2	2	304	0.9769736842105263	0.9769736842105263	0.9769736842105263	0.8956228956228957	0.0	297	297	297	266	31	304848.0	305144.0	0.9635438818004608	HIGH	AG	GG	CANONICAL	NONCANONICAL	497	0	0.0	0	0
GCA_006408505.1	CTB	Damaliscus lunatus	Damaliscus lunatus	Scaffold	ok	exon_3	3	837	0.966547192353644	0.986857825567503	0.966547192353644	0.8825710754017305	0.0	809	809	826	714	95	307515.0	308469.0	0.9555890054095725	HIGH	AG	GT	CANONICAL	CANONICAL	1155	0	0.0	0	0
GCA_006408505.1	CTB	Damaliscus lunatus	Damaliscus lunatus	Scaffold	ok	exon_4	4	213	0.9953051643192489	1.0	0.9953051643192489	0.9009433962264151	0.0	212	212	213	191	21	315590.0	316529.0	0.9731231730002659	HIGH	AG	GT	CANONICAL	CANONICAL	1140	0	0.0	0	0
GCA_006408505.1	CTB	Damaliscus lunatus	Damaliscus lunatus	Scaffold	ok	exon_5	5	124	0.9919354838709677	0.9919354838709677	0.9919354838709677	0.9105691056910569	0.0	123	123	123	112	11	319895.0	320017.0	0.9740132441646998	HIGH	GA	GT	NONCANONICAL	CANONICAL	323	0	0.0	0	0
GCA_006408505.1	CTB	Damaliscus lunatus	Damaliscus lunatus	Scaffold	ok	exon_6	6	1115	0.9399103139013453	0.9847533632286996	0.9399103139013453	0.8730916030534351	0.0	1048	1048	1098	915	133	320816.0	321866.0	0.9412325420189642	HIGH	AG		CANONICAL	NA	1251	0	0.0	0	0
GCA_006408525.1	CIJ	Muntiacus reevesi	Muntiacus reevesi	Scaffold	ok	exon_1	1	194	0.9639175257731959	0.9639175257731959	0.9639175257731959	0.8770053475935828	0.0	187	187	187	164	23	22135.0	22321.0	0.9530142234963339	HIGH		CC	NA	NONCANONICAL	387	0	0.0	0	0
GCA_006408525.1	CIJ	Muntiacus reevesi	Muntiacus reevesi	Scaffold	ok	exon_2	2	304	0.9736842105263158	1.0	0.9736842105263158	0.8918918918918919	0.0	296	296	304	264	32	18380.0	19497.0	0.9611308677098152	HIGH	AG	GT	CANONICAL	CANONICAL	1318	0	0.0	0	0
GCA_006408525.1	CIJ	Muntiacus reevesi	Muntiacus reevesi	Scaffold	ok	exon_3	3	837	0.980884109916368	1.0	0.980884109916368	0.8781973203410475	0.0	821	821	837	721	100	14904.0	16003.0	0.9609471795476275	HIGH	AG	GT	CANONICAL	CANONICAL	1300	0	0.0	0	0
GCA_006408525.1	CIJ	Muntiacus reevesi	Muntiacus reevesi	Scaffold	ok	exon_4	4	213	0.8732394366197183	0.8779342723004695	0.8732394366197183	0.8870967741935484	0.0	186	186	187	165	21	7281.0	7466.0	0.9147319400272603	HIGH			NA	NA	386	0	0.0	0	0
GCA_006408525.1	CIJ	Muntiacus reevesi	Muntiacus reevesi	Scaffold	ok	exon_5	5	124	0.9919354838709677	0.9919354838709677	0.9919354838709677	0.8861788617886179	0.0	123	123	123	109	14	4169.0	4291.0	0.96791568318909	HIGH	GA	GT	NONCANONICAL	CANONICAL	323	0	0.0	0	0
GCA_006408525.1	CIJ	Muntiacus reevesi	Muntiacus reevesi	Scaffold	ok	exon_6	6	1115	0.9551569506726457	1.0	0.9551569506726457	0.8657276995305164	0.0	1065	1065	1115	922	143	2289.0	3353.0	0.9462525526853197	HIGH	AG		CANONICAL	NA	1265	0	0.0	0	0
GCA_006408545.1	HBT	Alcelaphus buselaphus	Alcelaphus buselaphus	Scaffold	ok	exon_1	1	194	0.0	0.0	0.0	0.0		0	0	0	0	0			0.18333333333333332	UNRESOLVED			NA	NA	0	0		0	0
GCA_006408545.1	HBT	Alcelaphus buselaphus	Alcelaphus buselaphus	Scaffold	ok	exon_2	2	304	0.9769736842105263	0.9769736842105263	0.9769736842105263	0.8888888888888888	0.0	297	297	297	264	33	1.0	1078.0	0.8951937134502925	HIGH		AC	UNRESOLVED	NONCANONICAL	1178	637	0.5407470288624788	2	541
GCA_006408545.1	HBT	Alcelaphus buselaphus	Alcelaphus buselaphus	Scaffold	ok	exon_3	3	837	0.45997610513739545	0.47192353643966545	0.45997610513739545	0.8545454545454545	0.0	385	385	395	329	56	4613.0	4997.0	0.653958944281525	MEDIUM			NA	NA	585	184	0.3145299145299145	2	100
GCA_006408545.1	HBT	Alcelaphus buselaphus	Alcelaphus buselaphus	Scaffold	ok	exon_4	4	213	0.0	0.0	0.0	0.0		0	0	0	0	0			0.18333333333333332	UNRESOLVED			NA	NA	0	0		0	0
GCA_006408545.1	HBT	Alcelaphus buselaphus	Alcelaphus buselaphus	Scaffold	ok	exon_5	5	124	0.0	0.0	0.0	0.0		0	0	0	0	0			0.18333333333333332	UNRESOLVED			NA	NA	0	0		0	0
GCA_006408545.1	HBT	Alcelaphus buselaphus	Alcelaphus buselaphus	Scaffold	ok	exon_6	6	1115	0.0	0.0	0.0	0.0		0	0	0	0	0			0.18333333333333332	UNRESOLVED			NA	NA	0	0		0	0
GCA_006408565.1	GFE	Giraffa camelopardalis	Giraffa camelopardalis	Scaffold	ok	exon_1	1	194	0.9742268041237113	0.979381443298969	0.9742268041237113	0.873015873015873	0.0	189	189	190	165	24	2248467.0	2248655.0	0.9566560301096384	HIGH		CC	NA	NONCANONICAL	389	0	0.0	0	0
GCA_006408565.1	GFE	Giraffa camelopardalis	Giraffa camelopardalis	Scaffold	ok	exon_2	2	304	0.9967105263157895	1.0	0.9967105263157895	0.9108910891089109	0.0	303	303	304	276	27	2245523.0	2245825.0	0.9762425091193331	HIGH	AG	GT	CANONICAL	CANONICAL	503	0	0.0	0	0
GCA_006408565.1	GFE	Giraffa camelopardalis	Giraffa camelopardalis	Scaffold	ok	exon_3	3	837	0.97610513739546	1.0	0.97610513739546	0.8971848225214198	0.0	817	817	837	733	84	2242191.0	2243008.0	0.963543517458312	HIGH	AG	GT	CANONICAL	CANONICAL	1018	0	0.0	0	0
GCA_006408565.1	GFE	Giraffa camelopardalis	Giraffa camelopardalis	Scaffold	ok	exon_4	4	213	0.9953051643192489	1.0	0.9953051643192489	0.8820754716981132	0.0	212	212	213	187	25	2233850.0	2234061.0	0.9684061918681903	HIGH	AG	GT	CANONICAL	CANONICAL	412	0	0.0	0	0
GCA_006408565.1	GFE	Giraffa camelopardalis	Giraffa camelopardalis	Scaffold	ok	exon_5	5	124	0.9919354838709677	0.9919354838709677	0.9919354838709677	0.8943089430894309	0.0	123	123	123	110	13	2230375.0	2230497.0	0.9699482035142932	HIGH	GA	GT	NONCANONICAL	CANONICAL	323	0	0.0	0	0
GCA_006408565.1	GFE	Giraffa camelopardalis	Giraffa camelopardalis	Scaffold	ok	exon_6	6	1115	0.9955156950672646	1.0	0.9955156950672646	0.8855855855855855	0.0	1110	1110	1115	983	127	2228444.0	2229553.0	0.9693784591766655	HIGH	AG		CANONICAL	NA	1310	0	0.0	0	0
GCA_006408615.1	BWD	Connochaetes taurinus	Connochaetes taurinus	Scaffold	ok	exon_1	1	194	0.9381443298969072	0.9639175257731959	0.9381443298969072	0.8406593406593407	0.0	182	182	187	153	29	15112.0	15294.0	0.9323297836184434	HIGH		AC	NA	NONCANONICAL	383	0	0.0	0	0
GCA_006408615.1	BWD	Connochaetes taurinus	Connochaetes taurinus	Scaffold	ok	exon_2	2	304	0.9769736842105263	0.9769736842105263	0.9769736842105263	0.8956228956228957	0.0	297	297	297	266	31	17935.0	18231.0	0.9635438818004608	HIGH	AG	GG	CANONICAL	NONCANONICAL	497	0	0.0	0	0
GCA_006408615.1	BWD	Connochaetes taurinus	Connochaetes taurinus	Scaffold	ok	exon_3	3	837	0.966547192353644	0.986857825567503	0.966547192353644	0.8838071693448702	0.0	809	809	826	715	94	20607.0	21561.0	0.9558980288953574	HIGH	AG	GT	CANONICAL	CANONICAL	1155	0	0.0	0	0
GCA_006408615.1	BWD	Connochaetes taurinus	Connochaetes taurinus	Scaffold	ok	exon_4	4	213	0.9953051643192489	1.0	0.9953051643192489	0.9009433962264151	0.0	212	212	213	191	21	28548.0	29486.0	0.9731231730002659	HIGH	AG	GT	CANONICAL	CANONICAL	1139	0	0.0	0	0
GCA_006408615.1	BWD	Connochaetes taurinus	Connochaetes taurinus	Scaffold	ok	exon_5	5	124	0.9919354838709677	0.9919354838709677	0.9919354838709677	0.9024390243902439	0.0	123	123	123	111	12	32852.0	32974.0	0.9719807238394965	HIGH	GA	GT	NONCANONICAL	CANONICAL	323	0	0.0	0	0
GCA_006408615.1	BWD	Connochaetes taurinus	Connochaetes taurinus	Scaffold	ok	exon_6	6	1115	0.9399103139013453	0.9847533632286996	0.9399103139013453	0.8711832061068703	0.0	1048	1048	1098	913	135	33790.0	34839.0	0.940755442782323	HIGH	AG		CANONICAL	NA	1250	0	0.0	0	0
GCA_006408635.1	GTG	Nanger granti	Nanger granti	Scaffold	ok	exon_1	1	194	0.0	0.0	0.0	0.0		0	0	0	0	0			0.21666666666666667	UNRESOLVED			NA	NA	0	0		0	0
GCA_006408635.1	GTG	Nanger granti	Nanger granti	Scaffold	ok	exon_2	2	304	0.9967105263157895	1.0	0.9967105263157895	0.8547854785478548	0.0	303	303	304	259	44	536381.0	536683.0	0.9288827731457358	HIGH	AG	GT	CANONICAL	CANONICAL	503	0	0.0	0	0
GCA_006408635.1	GTG	Nanger granti	Nanger granti	Scaffold	ok	exon_3	3	837	0.974910394265233	1.0	0.974910394265233	0.8602941176470589	0.0	816	816	837	702	114	538078.0	538893.0	0.9204498734977863	HIGH	AG	GT	CANONICAL	CANONICAL	1016	0	0.0	0	0
GCA_006408635.1	GTG	Nanger granti	Nanger granti	Scaffold	ok	exon_4	4	213	0.9953051643192489	1.0	0.9953051643192489	0.8867924528301887	0.0	212	212	213	188	24	547372.0	548291.0	0.9362521038178758	HIGH	AG	GT	CANONICAL	CANONICAL	1120	0	0.0	0	0
GCA_006408635.1	GTG	Nanger granti	Nanger granti	Scaffold	ok	exon_5	5	124	0.0	0.0	0.0	0.0		0	0	0	0	0			0.21666666666666667	UNRESOLVED			NA	NA	0	0		0	0
GCA_006408635.1	GTG	Nanger granti	Nanger granti	Scaffold	ok	exon_6	6	1115	0.968609865470852	1.0	0.968609865470852	0.8657407407407407	0.0	1080	1080	1115	935	145	553028.0	554107.0	0.9189762913137353	HIGH	AG		CANONICAL	NA	1280	0	0.0	0	0
GCA_006408655.1	LMD	Tragulus kanchil	Tragulus kanchil	Scaffold	ok	exon_1	1	194	0.9226804123711341	0.9226804123711341	0.9226804123711341	0.8212290502793296	0.0	179	179	179	147	32	86360.0	86552.0	0.8538467814701761	HIGH		AC	NA	NONCANONICAL	393	0	0.0	0	0
GCA_006408655.1	LMD	Tragulus kanchil	Tragulus kanchil	Scaffold	ok	exon_2	2	304	0.0	0.0	0.0	0.0		0	0	0	0	0			0.18333333333333332	UNRESOLVED			NA	NA	0	0		0	0
GCA_006408655.1	LMD	Tragulus kanchil	Tragulus kanchil	Scaffold	ok	exon_3	3	837	0.0	0.0	0.0	0.0		0	0	0	0	0			0.18333333333333332	UNRESOLVED			NA	NA	0	0		0	0
GCA_006408655.1	LMD	Tragulus kanchil	Tragulus kanchil	Scaffold	ok	exon_4	4	213	0.0	0.0	0.0	0.0		0	0	0	0	0			0.18333333333333332	UNRESOLVED			NA	NA	0	0		0	0
GCA_006408655.1	LMD	Tragulus kanchil	Tragulus kanchil	Scaffold	ok	exon_5	5	124	0.0	0.0	0.0	0.0		0	0	0	0	0			0.18333333333333332	UNRESOLVED			NA	NA	0	0		0	0
GCA_006408655.1	LMD	Tragulus kanchil	Tragulus kanchil	Scaffold	ok	exon_6	6	1115	0.9982062780269059	1.0	0.9982062780269059	0.8301886792452831	0.0	1113	1113	1115	924	189	95866.0	96986.0	0.8900733282567619	HIGH	AC		NONCANONICAL	NA	1321	0	0.0	0	0
GCA_006408675.1	KDD	Madoqua kirkii	Madoqua kirkii	Scaffold	ok	exon_1	1	194	0.8711340206185567	0.8969072164948454	0.8711340206185567	0.8461538461538461	0.0	169	169	174	143	26	14969.0	15137.0	0.8702154374834787	HIGH			NA	NA	369	0	0.0	0	0
GCA_006408675.1	KDD	Madoqua kirkii	Madoqua kirkii	Scaffold	ok	exon_2	2	304	1.0	1.0	1.0	0.868421052631579	0.0	304	304	304	264	40	19017.0	19320.0	0.9337719298245615	HIGH	AG	GT	CANONICAL	CANONICAL	504	0	0.0	0	0
GCA_006408675.1	KDD	Madoqua kirkii	Madoqua kirkii	Scaffold	ok	exon_3	3	837	0.965352449223417	1.0	0.965352449223417	0.8626237623762376	0.0	808	808	837	697	111	21721.0	22529.0	0.9167312094112637	HIGH	AG	GT	CANONICAL	CANONICAL	1009	0	0.0	0	0
GCA_006408675.1	KDD	Madoqua kirkii	Madoqua kirkii	Scaffold	ok	exon_4	4	213	0.9953051643192489	1.0	0.9953051643192489	0.9056603773584906	0.0	212	212	213	192	20	29917.0	30853.0	0.9409690849499514	HIGH	AG	GT	CANONICAL	CANONICAL	1137	0	0.0	0	0
GCA_006408675.1	KDD	Madoqua kirkii	Madoqua kirkii	Scaffold	ok	exon_5	5	124	0.0	0.0	0.0	0.0		0	0	0	0	0			0.21666666666666667	UNRESOLVED			NA	NA	0	0		0	0
GCA_006408675.1	KDD	Madoqua kirkii	Madoqua kirkii	Scaffold	ok	exon_6	6	1115	0.0	0.0	0.0	0.0		0	0	0	0	0			0.21666666666666667	UNRESOLVED			NA	NA	0	0		0	0
GCA_006408755.1	TMG	Eudorcas thomsonii	Eudorcas thomsonii	Scaffold	ok	exon_1	1	194	0.0	0.0	0.0	0.0		0	0	0	0	0			0.23333333333333334	UNRESOLVED			NA	NA	0	0		0	0
GCA_006408755.1	TMG	Eudorcas thomsonii	Eudorcas thomsonii	Scaffold	ok	exon_2	2	304	1.0	1.0	1.0	0.8519736842105263	0.0	304	304	304	259	45	975197.0	975500.0	0.946326754385965	HIGH	AG	GT	CANONICAL	CANONICAL	504	0	0.0	0	0
GCA_006408755.1	TMG	Eudorcas thomsonii	Eudorcas thomsonii	Scaffold	ok	exon_3	3	837	0.978494623655914	1.0	0.978494623655914	0.8608058608058609	0.0	819	819	837	705	114	976896.0	977714.0	0.9388573791799599	HIGH	AG	GT	CANONICAL	CANONICAL	1019	0	0.0	0	0
GCA_006408755.1	TMG	Eudorcas thomsonii	Eudorcas thomsonii	Scaffold	ok	exon_4	4	213	0.8732394366197183	0.8779342723004695	0.8732394366197183	0.8870967741935484	0.0	186	186	187	165	21	985303.0	985491.0	0.8980652733605937	HIGH			NA	NA	389	0	0.0	0	0
GCA_006408755.1	TMG	Eudorcas thomsonii	Eudorcas thomsonii	Scaffold	ok	exon_5	5	124	0.9758064516129032	0.9919354838709677	0.9758064516129032	0.8842975206611571	0.0	121	121	123	107	14	988847.0	988967.0	0.9435206167244292	HIGH	GA	GT	NONCANONICAL	CANONICAL	321	0	0.0	0	0
GCA_006408755.1	TMG	Eudorcas thomsonii	Eudorcas thomsonii	Scaffold	ok	exon_6	6	1115	0.95695067264574	0.9955156950672646	0.95695067264574	0.872539831302718	0.0	1067	1067	1110	931	136	989780.0	990846.0	0.9320960938495959	HIGH	CA		NONCANONICAL	NA	1267	0	0.0	0	0
GCA_006408785.2	ASM640878v2	Syncerus caffer	Syncerus caffer	Scaffold	ok	exon_1	1	194	0.0	0.0	0.0	0.0		0	0	0	0	0			0.21666666666666667	UNRESOLVED			NA	NA	0	0		0	0
GCA_006408785.2	ASM640878v2	Syncerus caffer	Syncerus caffer	Scaffold	ok	exon_2	2	304	0.0	0.0	0.0	0.0		0	0	0	0	0			0.21666666666666667	UNRESOLVED			NA	NA	0	0		0	0
GCA_006408785.2	ASM640878v2	Syncerus caffer	Syncerus caffer	Scaffold	ok	exon_3	3	837	0.929510155316607	0.966547192353644	0.929510155316607	0.8817480719794345	0.0	778	778	809	686	92	2396168.0	2396945.0	0.9053832545539985	HIGH	AG	AC	CANONICAL	NONCANONICAL	978	0	0.0	0	0
GCA_006408785.2	ASM640878v2	Syncerus caffer	Syncerus caffer	Scaffold	ok	exon_4	4	213	0.9953051643192489	1.0	0.9953051643192489	0.9009433962264151	0.0	212	212	213	191	21	2405684.0	2406623.0	0.9397898396669325	HIGH	AG	GT	CANONICAL	CANONICAL	1140	0	0.0	0	0
GCA_006408785.2	ASM640878v2	Syncerus caffer	Syncerus caffer	Scaffold	ok	exon_5	5	124	0.9919354838709677	0.9919354838709677	0.9919354838709677	0.9024390243902439	0.0	123	123	123	111	12	2409453.0	2409575.0	0.9386473905061632	HIGH	GA	GT	NONCANONICAL	CANONICAL	323	0	0.0	0	0
GCA_006408785.2	ASM640878v2	Syncerus caffer	Syncerus caffer	Scaffold	ok	exon_6	6	1115	0.9632286995515695	1.0	0.9632286995515695	0.8780260707635009	0.0	1074	1074	1115	943	131	2410412.0	2411485.0	0.9196260991557482	HIGH	AG		CANONICAL	NA	1274	0	0.0	0	0
GCA_006409035.1	CMJ	Muntiacus muntjak	Muntiacus muntjak	Scaffold	ok	exon_1	1	194	0.9690721649484536	0.9690721649484536	0.9690721649484536	0.8829787234042553	0.0	188	188	188	166	22	16148770.0	16148957.0	0.9401604884112014	HIGH		CC	NA	NONCANONICAL	388	0	0.0	0	0
GCA_006409035.1	CMJ	Muntiacus muntjak	Muntiacus muntjak	Scaffold	ok	exon_2	2	304	0.0	0.0	0.0	0.0		0	0	0	0	0			0.23333333333333334	UNRESOLVED			NA	NA	0	0		0	0
GCA_006409035.1	CMJ	Muntiacus muntjak	Muntiacus muntjak	Scaffold	ok	exon_3	3	837	0.9689366786140979	1.0	0.9689366786140979	0.8766954377311961	0.0	811	811	837	711	100	16151203.0	16152292.0	0.9385286981424765	HIGH	AG	GT	CANONICAL	CANONICAL	1290	0	0.0	0	0
GCA_006409035.1	CMJ	Muntiacus muntjak	Muntiacus muntjak	Scaffold	ok	exon_4	4	213	0.8685446009389671	0.8779342723004695	0.8685446009389671	0.8810810810810811	0.0	185	185	187	163	22	16159727.0	16159911.0	0.8944486740261389	HIGH			NA	NA	385	0	0.0	0	0
GCA_006409035.1	CMJ	Muntiacus muntjak	Muntiacus muntjak	Scaffold	ok	exon_5	5	124	0.9919354838709677	0.9919354838709677	0.9919354838709677	0.8861788617886179	0.0	123	123	123	109	14	16162909.0	16163031.0	0.9512490165224234	HIGH	GA	GT	NONCANONICAL	CANONICAL	323	0	0.0	0	0
GCA_006409035.1	CMJ	Muntiacus muntjak	Muntiacus muntjak	Scaffold	ok	exon_6	6	1115	0.9515695067264573	0.9964125560538116	0.9515695067264573	0.8708765315739868	0.0	1061	1061	1111	924	137	16163850.0	16164910.0	0.9292587442537359	HIGH	AG		CANONICAL	NA	1261	0	0.0	0	0
GCA_006410495.1	BUB	Tragelaphus scriptus	Tragelaphus scriptus	Scaffold	ok	exon_1	1	194	0.9742268041237113	0.979381443298969	0.9742268041237113	0.8624338624338624	0.0	189	189	190	163	26	636282.0	636470.0	0.9206771941308024	HIGH		CC	NA	NONCANONICAL	389	0	0.0	0	0
GCA_006410495.1	BUB	Tragelaphus scriptus	Tragelaphus scriptus	Scaffold	ok	exon_2	2	304	1.0	1.0	1.0	0.8848684210526315	0.0	304	304	304	269	35	639130.0	639434.0	0.9378837719298246	HIGH	AG	GT	CANONICAL	CANONICAL	505	0	0.0	0	0
GCA_006410495.1	BUB	Tragelaphus scriptus	Tragelaphus scriptus	Scaffold	ok	exon_3	3	837	0.6977299880525687	0.7132616487455197	0.6977299880525687	0.8904109589041096	0.0	584	584	597	520	64	643038.0	643621.0	0.80324790101635	MEDIUM			NA	NA	784	0	0.0	0	0
GCA_006410495.1	BUB	Tragelaphus scriptus	Tragelaphus scriptus	Scaffold	ok	exon_4	4	213	0.863849765258216	0.8779342723004695	0.863849765258216	0.8804347826086957	0.0	184	184	187	162	22	651626.0	651809.0	0.8755077566850379	HIGH			NA	NA	384	0	0.0	0	0
GCA_006410495.1	BUB	Tragelaphus scriptus	Tragelaphus scriptus	Scaffold	ok	exon_5	5	124	0.0	0.0	0.0	0.0		0	0	0	0	0			0.21666666666666667	UNRESOLVED			NA	NA	0	0		0	0
GCA_006410495.1	BUB	Tragelaphus scriptus	Tragelaphus scriptus	Scaffold	ok	exon_6	6	1115	0.0	0.0	0.0	0.0		0	0	0	0	0			0.21666666666666667	UNRESOLVED			NA	NA	0	0		0	0
GCA_006410515.1	PLG	Procapra przewalskii	Procapra przewalskii	Scaffold	ok	exon_1	1	194	0.8711340206185567	0.8969072164948454	0.8711340206185567	0.8520710059171598	0.0	169	169	174	144	25	1523520.0	1523688.0	0.9050280607576405	HIGH			NA	NA	369	0	0.0	0	0
GCA_006410515.1	PLG	Procapra przewalskii	Procapra przewalskii	Scaffold	ok	exon_2	2	304	1.0	1.0	1.0	0.875	0.0	304	304	304	266	38	1519347.0	1519650.0	0.96875	HIGH	AG	GT	CANONICAL	CANONICAL	504	0	0.0	0	0
GCA_006410515.1	PLG	Procapra przewalskii	Procapra przewalskii	Scaffold	ok	exon_3	3	837	0.974910394265233	1.0	0.974910394265233	0.8688725490196079	0.0	816	816	837	709	107	1516146.0	1516961.0	0.9559278146742569	HIGH	AG	GT	CANONICAL	CANONICAL	1016	0	0.0	0	0
GCA_006410515.1	PLG	Procapra przewalskii	Procapra przewalskii	Scaffold	ok	exon_4	4	213	0.863849765258216	0.8685446009389671	0.863849765258216	0.8967391304347826	0.0	184	184	185	165	19	1507871.0	1508054.0	0.9129171769748929	HIGH			NA	NA	384	0	0.0	0	0
GCA_006410515.1	PLG	Procapra przewalskii	Procapra przewalskii	Scaffold	ok	exon_5	5	124	0.9919354838709677	0.9919354838709677	0.9919354838709677	0.8699186991869918	0.0	123	123	123	107	16	1504044.0	1504166.0	0.9638506425386835	HIGH	GA	GT	NONCANONICAL	CANONICAL	323	0	0.0	0	0
GCA_006410515.1	PLG	Procapra przewalskii	Procapra przewalskii	Scaffold	ok	exon_6	6	1115	0.9560538116591928	1.0	0.9560538116591928	0.875234521575985	0.0	1066	1066	1115	933	133	1502159.0	1503224.0	0.9490328456406331	HIGH	AG		CANONICAL	NA	1266	0	0.0	0	0
GCA_006410555.1	IBX	Capra ibex	Capra ibex	Scaffold	ok	exon_1	1	194	0.9432989690721649	0.9690721649484536	0.9432989690721649	0.8469945355191257	0.0	183	183	188	155	28	20038537.0	20038724.0	0.9362331699622557	HIGH		CC	NA	NONCANONICAL	388	0	0.0	0	0
GCA_006410555.1	IBX	Capra ibex	Capra ibex	Scaffold	ok	exon_2	2	304	1.0	1.0	1.0	0.8947368421052632	0.0	304	304	304	272	32	20041373.0	20041677.0	0.9736842105263158	HIGH	AG	GT	CANONICAL	CANONICAL	505	0	0.0	0	0
GCA_006410555.1	IBX	Capra ibex	Capra ibex	Scaffold	ok	exon_3	3	837	0.96415770609319	0.992831541218638	0.96415770609319	0.8810408921933085	0.0	807	807	831	711	96	20044033.0	20044995.0	0.9541311907902627	HIGH	AG	GT	CANONICAL	CANONICAL	1163	0	0.0	0	0
GCA_006410555.1	IBX	Capra ibex	Capra ibex	Scaffold	ok	exon_4	4	213	0.9859154929577465	0.9906103286384976	0.9859154929577465	0.8904761904761904	0.0	210	210	211	187	23	20052021.0	20052958.0	0.9662810194500335	HIGH	AG	GG	CANONICAL	NONCANONICAL	1138	0	0.0	0	0
GCA_006410555.1	IBX	Capra ibex	Capra ibex	Scaffold	ok	exon_5	5	124	0.9919354838709677	0.9919354838709677	0.9919354838709677	0.9105691056910569	0.0	123	123	123	112	11	20056361.0	20056483.0	0.9740132441646998	HIGH	GA	GC	NONCANONICAL	CANONICAL	323	0	0.0	0	0
GCA_006410555.1	IBX	Capra ibex	Capra ibex	Scaffold	ok	exon_6	6	1115	0.9533632286995516	0.9847533632286996	0.9533632286995516	0.8701787394167451	0.0	1063	1063	1098	925	138	20057307.0	20058371.0	0.9465581377689845	HIGH	AG		CANONICAL	NA	1265	0	0.0	0	0
GCA_006410595.1	AGL	Ovis ammon	Ovis ammon	Scaffold	ok	exon_1	1	194	0.9432989690721649	0.9690721649484536	0.9432989690721649	0.8469945355191257	0.0	183	183	188	155	28	2267801.0	2267987.0	0.9362331699622557	HIGH		CC	NA	NONCANONICAL	387	0	0.0	0	0
GCA_006410595.1	AGL	Ovis ammon	Ovis ammon	Scaffold	ok	exon_2	2	304	1.0	1.0	1.0	0.8947368421052632	0.0	304	304	304	272	32	2271131.0	2271435.0	0.9736842105263158	HIGH	AG	GT	CANONICAL	CANONICAL	505	0	0.0	0	0
GCA_006410595.1	AGL	Ovis ammon	Ovis ammon	Scaffold	ok	exon_3	3	837	0.9713261648745519	0.992831541218638	0.9713261648745519	0.8880688806888068	0.0	813	813	831	722	91	2273796.0	2274795.0	0.9591139943657501	HIGH	AG	GT	CANONICAL	CANONICAL	1200	0	0.0	0	0
GCA_006410595.1	AGL	Ovis ammon	Ovis ammon	Scaffold	ok	exon_4	4	213	0.8732394366197183	0.8779342723004695	0.8732394366197183	0.8978494623655914	0.0	186	186	187	167	19	2282552.0	2282737.0	0.9174201120702711	HIGH			NA	NA	386	0	0.0	0	0
GCA_006410595.1	AGL	Ovis ammon	Ovis ammon	Scaffold	ok	exon_5	5	124	0.9919354838709677	0.9919354838709677	0.9919354838709677	0.9024390243902439	0.0	123	123	123	111	12	2286086.0	2286208.0	0.9719807238394965	HIGH	GA	GC	NONCANONICAL	CANONICAL	323	0	0.0	0	0
GCA_006410595.1	AGL	Ovis ammon	Ovis ammon	Scaffold	ok	exon_6	6	1115	0.9524663677130045	0.9847533632286996	0.9524663677130045	0.871939736346516	0.0	1062	1062	1098	926	136	2287030.0	2288093.0	0.946594799557481	HIGH	AG		CANONICAL	NA	1264	0	0.0	0	0
GCA_006410615.1	SUN	Neotragus moschatus	Neotragus moschatus	Scaffold	ok	exon_1	1	194	0.8711340206185567	0.8969072164948454	0.8711340206185567	0.8698224852071006	0.0	169	169	174	147	22	850225.0	850393.0	0.9094659305801257	HIGH			NA	NA	369	0	0.0	0	0
GCA_006410615.1	SUN	Neotragus moschatus	Neotragus moschatus	Scaffold	ok	exon_2	2	304	1.0	1.0	1.0	0.8881578947368421	0.0	304	304	304	270	34	853540.0	853844.0	0.9720394736842106	HIGH	AG	GT	CANONICAL	CANONICAL	505	0	0.0	0	0
GCA_006410615.1	SUN	Neotragus moschatus	Neotragus moschatus	Scaffold	ok	exon_3	3	837	0.97610513739546	0.995221027479092	0.97610513739546	0.8641370869033048	0.0	817	817	833	706	111	856218.0	857035.0	0.9552815835537832	HIGH	AG	GT	CANONICAL	CANONICAL	1018	0	0.0	0	0
GCA_006410615.1	SUN	Neotragus moschatus	Neotragus moschatus	Scaffold	ok	exon_4	4	213	0.9953051643192489	1.0	0.9953051643192489	0.8915094339622641	0.0	212	212	213	189	23	864450.0	865545.0	0.9707646824342281	HIGH	AG	GT	CANONICAL	CANONICAL	1296	1	0.0007716049382716049	1	1
GCA_006410615.1	SUN	Neotragus moschatus	Neotragus moschatus	Scaffold	ok	exon_5	5	124	0.9919354838709677	0.9919354838709677	0.9919354838709677	0.8943089430894309	0.0	123	123	123	110	13	884515.0	884638.0	0.9699482035142932	HIGH	AA	GT	NONCANONICAL	CANONICAL	324	0	0.0	0	0
GCA_006410615.1	SUN	Neotragus moschatus	Neotragus moschatus	Scaffold	ok	exon_6	6	1115	0.95695067264574	1.0	0.95695067264574	0.8650421743205249	0.0	1067	1067	1115	923	144	885455.0	886525.0	0.9468883462707143	HIGH	AG		CANONICAL	NA	1271	0	0.0	0	0
GCA_006410635.1	HVD	Cephalophus harveyi	Cephalophus harveyi	Scaffold	ok	exon_1	1	194	0.9432989690721649	0.979381443298969	0.9432989690721649	0.8688524590163934	0.0	183	183	190	159	24	206033.0	206215.0	0.9416976508365726	HIGH		CC	NA	NONCANONICAL	383	0	0.0	0	0
GCA_006410635.1	HVD	Cephalophus harveyi	Cephalophus harveyi	Scaffold	ok	exon_2	2	304	0.9868421052631579	1.0	0.9868421052631579	0.8966666666666666	0.0	300	300	304	269	31	202590.0	202889.0	0.9682456140350877	HIGH	AG	GT	CANONICAL	CANONICAL	500	0	0.0	0	0
GCA_006410635.1	HVD	Cephalophus harveyi	Cephalophus harveyi	Scaffold	ok	exon_3	3	837	0.972520908004779	0.992831541218638	0.972520908004779	0.8808353808353808	0.0	814	814	831	717	97	199275.0	200228.0	0.9578432538109958	HIGH	AG	GT	CANONICAL	CANONICAL	1154	0	0.0	0	0
GCA_006410635.1	HVD	Cephalophus harveyi	Cephalophus harveyi	Scaffold	ok	exon_4	4	213	0.8732394366197183	0.8779342723004695	0.8732394366197183	0.8978494623655914	0.0	186	186	187	167	19	192096.0	192281.0	0.9174201120702711	HIGH			NA	NA	386	0	0.0	0	0
GCA_006410635.1	HVD	Cephalophus harveyi	Cephalophus harveyi	Scaffold	ok	exon_5	5	124	0.9919354838709677	0.9919354838709677	0.9919354838709677	0.8943089430894309	0.0	123	123	123	110	13	188606.0	188728.0	0.9699482035142932	HIGH	GA	GT	NONCANONICAL	CANONICAL	323	0	0.0	0	0
GCA_006410635.1	HVD	Cephalophus harveyi	Cephalophus harveyi	Scaffold	ok	exon_6	6	1115	0.968609865470852	1.0	0.968609865470852	0.8796296296296297	0.0	1080	1080	1115	950	130	186708.0	187787.0	0.9557818468692909	HIGH	AG		CANONICAL	NA	1280	0	0.0	0	0
GCA_006410655.1	DFW	Kobus ellipsiprymnus	Kobus ellipsiprymnus	Scaffold	ok	exon_1	1	194	0.9432989690721649	0.9690721649484536	0.9432989690721649	0.8469945355191257	0.0	183	183	188	155	28	38777.0	38960.0	0.9362331699622557	HIGH		CC	NA	NONCANONICAL	384	0	0.0	0	0
GCA_006410655.1	DFW	Kobus ellipsiprymnus	Kobus ellipsiprymnus	Scaffold	ok	exon_2	2	304	1.0	1.0	1.0	0.875	0.0	304	304	304	266	38	41759.0	42062.0	0.96875	HIGH	AG	GT	CANONICAL	CANONICAL	504	0	0.0	0	0
GCA_006410655.1	DFW	Kobus ellipsiprymnus	Kobus ellipsiprymnus	Scaffold	ok	exon_3	3	837	0.9522102747909199	0.992831541218638	0.9522102747909199	0.8971141781681304	0.0	797	797	831	715	82	44522.0	45459.0	0.9527731681979466	HIGH	AA	GT	NONCANONICAL	CANONICAL	1138	0	0.0	0	0
GCA_006410655.1	DFW	Kobus ellipsiprymnus	Kobus ellipsiprymnus	Scaffold	ok	exon_4	4	213	0.8685446009389671	0.8732394366197183	0.8685446009389671	0.9135135135135135	0.0	185	185	186	169	16	53376.0	53560.0	0.9192234488009137	HIGH			NA	NA	385	0	0.0	0	0
GCA_006410655.1	DFW	Kobus ellipsiprymnus	Kobus ellipsiprymnus	Scaffold	ok	exon_5	5	124	0.9919354838709677	0.9919354838709677	0.9919354838709677	0.9024390243902439	0.0	123	123	123	111	12	57198.0	57320.0	0.9719807238394965	HIGH	GA	GT	NONCANONICAL	CANONICAL	323	0	0.0	0	0
GCA_006410655.1	DFW	Kobus ellipsiprymnus	Kobus ellipsiprymnus	Scaffold	ok	exon_6	6	1115	0.967713004484305	1.0	0.967713004484305	0.8637627432808156	0.0	1079	1079	1115	932	147	58140.0	59220.0	0.9514115378381411	HIGH	AG		CANONICAL	NA	1281	0	0.0	0	0
GCA_006410675.1	KSP	Oreotragus oreotragus	Oreotragus oreotragus	Scaffold	ok	exon_1	1	194	0.0	0.0	0.0	0.0		0	0	0	0	0			0.21666666666666667	UNRESOLVED			NA	NA	0	0		0	0
GCA_006410675.1	KSP	Oreotragus oreotragus	Oreotragus oreotragus	Scaffold	ok	exon_2	2	304	0.0	0.0	0.0	0.0		0	0	0	0	0			0.21666666666666667	UNRESOLVED			NA	NA	0	0		0	0
GCA_006410675.1	KSP	Oreotragus oreotragus	Oreotragus oreotragus	Scaffold	ok	exon_3	3	837	0.977299880525687	0.997610513739546	0.977299880525687	0.8777506112469438	0.0	818	818	835	718	100	103622.0	105649.0	0.9258892657149618	HIGH	AG	GT	CANONICAL	CANONICAL	2228	0	0.0	0	0
GCA_006410675.1	KSP	Oreotragus oreotragus	Oreotragus oreotragus	Scaffold	ok	exon_4	4	213	0.9953051643192489	1.0	0.9953051643192489	0.8820754716981132	0.0	212	212	213	187	25	120457.0	121396.0	0.935072858534857	HIGH	AG	GT	CANONICAL	CANONICAL	1140	0	0.0	0	0
GCA_006410675.1	KSP	Oreotragus oreotragus	Oreotragus oreotragus	Scaffold	ok	exon_5	5	124	0.9919354838709677	0.9919354838709677	0.9919354838709677	0.8943089430894309	0.0	123	123	123	110	13	124761.0	124883.0	0.9366148701809599	HIGH	GA	GT	NONCANONICAL	CANONICAL	323	0	0.0	0	0
GCA_006410675.1	KSP	Oreotragus oreotragus	Oreotragus oreotragus	Scaffold	ok	exon_6	6	1115	0.9650224215246637	1.0	0.9650224215246637	0.8801115241635687	0.0	1076	1076	1115	947	129	125706.0	126783.0	0.9209546373936576	HIGH	AG		CANONICAL	NA	1278	0	0.0	0	0
GCA_006410735.1	SNB	Raphicerus campestris	Raphicerus campestris	Scaffold	ok	exon_1	1	194	0.8711340206185567	0.8969072164948454	0.8711340206185567	0.863905325443787	0.0	169	169	174	146	23	181593.0	181762.0	0.874653307305964	HIGH			NA	NA	370	0	0.0	0	0
GCA_006410735.1	SNB	Raphicerus campestris	Raphicerus campestris	Scaffold	ok	exon_2	2	304	0.9967105263157895	1.0	0.9967105263157895	0.8712871287128713	0.0	303	303	304	264	39	184576.0	184878.0	0.9330081856869898	HIGH	AG	GT	CANONICAL	CANONICAL	503	0	0.0	0	0
GCA_006410735.1	SNB	Raphicerus campestris	Raphicerus campestris	Scaffold	ok	exon_3	3	837	0.9796893667861409	1.0	0.9796893667861409	0.8658536585365854	0.0	820	820	837	710	110	187262.0	188081.0	0.9239902963545765	HIGH	AG	GT	CANONICAL	CANONICAL	1020	0	0.0	0	0
GCA_006410735.1	SNB	Raphicerus campestris	Raphicerus campestris	Scaffold	ok	exon_4	4	213	0.8732394366197183	0.8779342723004695	0.8732394366197183	0.8924731182795699	0.0	186	186	187	166	20	199208.0	199393.0	0.8827426927154324	HIGH			NA	NA	386	0	0.0	0	0
GCA_006410735.1	SNB	Raphicerus campestris	Raphicerus campestris	Scaffold	ok	exon_5	5	124	0.0	0.0	0.0	0.0		0	0	0	0	0			0.21666666666666667	UNRESOLVED			NA	NA	0	0		0	0
GCA_006410735.1	SNB	Raphicerus campestris	Raphicerus campestris	Scaffold	ok	exon_6	6	1115	0.0	0.0	0.0	0.0		0	0	0	0	0			0.21666666666666667	UNRESOLVED			NA	NA	0	0		0	0
GCA_006410755.1	BNG	Tragelaphus eurycerus	Tragelaphus eurycerus	Scaffold	ok	exon_1	1	194	0.9742268041237113	0.979381443298969	0.9742268041237113	0.8571428571428571	0.0	189	189	190	162	27	4402.0	4590.0	0.9526877761413844	HIGH		CC	NA	NONCANONICAL	389	0	0.0	0	0
GCA_006410755.1	BNG	Tragelaphus eurycerus	Tragelaphus eurycerus	Scaffold	ok	exon_2	2	304	1.0	1.0	1.0	0.8980263157894737	0.0	304	304	304	273	31	7607.0	7910.0	0.9745065789473685	HIGH	AG	GT	CANONICAL	CANONICAL	504	0	0.0	0	0
GCA_006410755.1	BNG	Tragelaphus eurycerus	Tragelaphus eurycerus	Scaffold	ok	exon_3	3	837	0.7001194743130227	0.7132616487455197	0.7001194743130227	0.89419795221843	0.0	586	586	597	524	62	11999.0	12584.0	0.8386032514954678	MEDIUM			NA	NA	786	0	0.0	0	0
GCA_006410755.1	BNG	Tragelaphus eurycerus	Tragelaphus eurycerus	Scaffold	ok	exon_4	4	213	0.863849765258216	0.8779342723004695	0.863849765258216	0.875	0.0	184	184	187	161	23	21410.0	21593.0	0.9074823943661973	HIGH			NA	NA	384	0	0.0	0	0
GCA_006410755.1	BNG	Tragelaphus eurycerus	Tragelaphus eurycerus	Scaffold	ok	exon_5	5	124	0.8629032258064516	0.8629032258064516	0.8629032258064516	0.9065420560747663	0.0	107	107	107	97	10	25840.0	25946.0	0.9149419656315949	HIGH			NA	NA	307	100	0.3257328990228013	1	100
GCA_006410755.1	BNG	Tragelaphus eurycerus	Tragelaphus eurycerus	Scaffold	ok	exon_6	6	1115	0.947085201793722	0.9964125560538116	0.947085201793722	0.8731060606060606	0.0	1056	1056	1111	922	134	26770.0	27846.0	0.9444648559586901	HIGH	AG		CANONICAL	NA	1277	0	0.0	0	0
GCA_006410775.1	LEK	Tragelaphus imberbis	Tragelaphus imberbis	Scaffold	ok	exon_1	1	194	0.9742268041237113	0.979381443298969	0.9742268041237113	0.8571428571428571	0.0	189	189	190	162	27	5277973.0	5278161.0	0.9526877761413844	HIGH		CC	NA	NONCANONICAL	389	0	0.0	0	0
GCA_006410775.1	LEK	Tragelaphus imberbis	Tragelaphus imberbis	Scaffold	ok	exon_2	2	304	1.0	1.0	1.0	0.8947368421052632	0.0	304	304	304	272	32	5283378.0	5283681.0	0.9736842105263158	HIGH	AG	GT	CANONICAL	CANONICAL	504	0	0.0	0	0
GCA_006410775.1	LEK	Tragelaphus imberbis	Tragelaphus imberbis	Scaffold	ok	exon_3	3	837	0.7001194743130227	0.7132616487455197	0.7001194743130227	0.8959044368600683	0.0	586	586	597	525	61	5287136.0	5287721.0	0.8390298726558774	MEDIUM			NA	NA	786	0	0.0	0	0
GCA_006410775.1	LEK	Tragelaphus imberbis	Tragelaphus imberbis	Scaffold	ok	exon_4	4	213	0.9859154929577465	1.0	0.9859154929577465	0.8857142857142857	0.0	210	210	213	186	24	5302464.0	5303394.0	0.9650905432595573	HIGH	AA	GT	NONCANONICAL	CANONICAL	1131	0	0.0	0	0
GCA_006410775.1	LEK	Tragelaphus imberbis	Tragelaphus imberbis	Scaffold	ok	exon_5	5	124	0.9919354838709677	0.9919354838709677	0.9919354838709677	0.9105691056910569	0.0	123	123	123	112	11	5305554.0	5305676.0	0.9740132441646998	HIGH	GA	GT	NONCANONICAL	CANONICAL	323	0	0.0	0	0
GCA_006410775.1	LEK	Tragelaphus imberbis	Tragelaphus imberbis	Scaffold	ok	exon_6	6	1115	0.9542600896860987	0.9955156950672646	0.9542600896860987	0.8721804511278195	0.0	1064	1064	1110	928	136	5307944.0	5309024.0	0.9474621531406993	HIGH	CA		NONCANONICAL	NA	1281	0	0.0	0	0
GCA_006410795.1	GTK	Tragelaphus strepsiceros	Tragelaphus strepsiceros	Scaffold	ok	exon_1	1	194	0.9742268041237113	0.979381443298969	0.9742268041237113	0.8624338624338624	0.0	189	189	190	163	26	651444.0	651632.0	0.9373438607974691	HIGH		CC	NA	NONCANONICAL	389	0	0.0	0	0
GCA_006410795.1	GTK	Tragelaphus strepsiceros	Tragelaphus strepsiceros	Scaffold	ok	exon_2	2	304	1.0	1.0	1.0	0.9013157894736842	0.0	304	304	304	274	30	654301.0	654604.0	0.9586622807017545	HIGH	AG	GT	CANONICAL	CANONICAL	504	0	0.0	0	0
GCA_006410795.1	GTK	Tragelaphus strepsiceros	Tragelaphus strepsiceros	Scaffold	ok	exon_3	3	837	0.7060931899641577	0.7192353643966547	0.7060931899641577	0.8883248730964467	0.0	591	591	602	525	66	658054.0	658644.0	0.8231564870913161	MEDIUM			NA	NA	791	0	0.0	0	0
GCA_006410795.1	GTK	Tragelaphus strepsiceros	Tragelaphus strepsiceros	Scaffold	ok	exon_4	4	213	0.1784037558685446	0.1784037558685446	0.1784037558685446	0.8947368421052632	0.0	38	38	38	34	4	666051.0	666088.0	0.5872992340004943	LOW			NA	NA	238	0	0.0	0	0
GCA_006410795.1	GTK	Tragelaphus strepsiceros	Tragelaphus strepsiceros	Scaffold	ok	exon_5	5	124	0.9919354838709677	0.9919354838709677	0.9919354838709677	0.8861788617886179	0.0	123	123	123	109	14	666518.0	666640.0	0.9512490165224234	HIGH	GA	GT	NONCANONICAL	CANONICAL	323	0	0.0	0	0
GCA_006410795.1	GTK	Tragelaphus strepsiceros	Tragelaphus strepsiceros	Scaffold	ok	exon_6	6	1115	0.9614349775784753	0.9964125560538116	0.9614349775784753	0.878731343283582	0.0	1072	1072	1111	942	130	667464.0	668558.0	0.9356619090645428	HIGH	AG		CANONICAL	NA	1295	0	0.0	0	0
GCA_006410875.1	RAL	Neotragus pygmaeus	Neotragus pygmaeus	Scaffold	ok	exon_1	1	194	0.0	0.0	0.0	0.0		0	0	0	0	0			0.23333333333333334	UNRESOLVED			NA	NA	0	0		0	0
GCA_006410875.1	RAL	Neotragus pygmaeus	Neotragus pygmaeus	Scaffold	ok	exon_2	2	304	1.0	1.0	1.0	0.8947368421052632	0.0	304	304	304	272	32	690615.0	690918.0	0.9570175438596492	HIGH	AG	GT	CANONICAL	CANONICAL	504	0	0.0	0	0
GCA_006410875.1	RAL	Neotragus pygmaeus	Neotragus pygmaeus	Scaffold	ok	exon_3	3	837	0.973715651135006	1.0	0.973715651135006	0.8687116564417178	0.0	815	815	837	708	107	693749.0	694563.0	0.9386832904545156	HIGH	AG	GC	CANONICAL	CANONICAL	1015	0	0.0	0	0
GCA_006410875.1	RAL	Neotragus pygmaeus	Neotragus pygmaeus	Scaffold	ok	exon_4	4	213	0.9953051643192489	1.0	0.9953051643192489	0.8962264150943396	0.0	212	212	213	190	22	701526.0	703123.0	0.9552772610505803	HIGH	AG	GT	CANONICAL	CANONICAL	1798	668	0.371523915461624	1	668
GCA_006410875.1	RAL	Neotragus pygmaeus	Neotragus pygmaeus	Scaffold	ok	exon_5	5	124	0.9919354838709677	0.9919354838709677	0.9919354838709677	0.8943089430894309	0.0	123	123	123	110	13	707172.0	707295.0	0.9532815368476266	HIGH	GA	GT	NONCANONICAL	CANONICAL	324	0	0.0	0	0
GCA_006410875.1	RAL	Neotragus pygmaeus	Neotragus pygmaeus	Scaffold	ok	exon_6	6	1115	0.9650224215246637	1.0	0.9650224215246637	0.8680297397769516	0.0	1076	1076	1115	934	142	708119.0	709201.0	0.93460085796367	HIGH	AG		CANONICAL	NA	1283	0	0.0	0	0
GCA_006410935.1	BHR	Redunca redunca	Redunca redunca	Scaffold	ok	exon_1	1	194	0.9432989690721649	0.9690721649484536	0.9432989690721649	0.8415300546448088	0.0	183	183	188	154	29	841518.0	841701.0	0.9348670497436764	HIGH		CC	NA	NONCANONICAL	384	0	0.0	0	0
GCA_006410935.1	BHR	Redunca redunca	Redunca redunca	Scaffold	ok	exon_2	2	304	1.0	1.0	1.0	0.8848684210526315	0.0	304	304	304	269	35	844338.0	844641.0	0.971217105263158	HIGH	AG	GT	CANONICAL	CANONICAL	504	0	0.0	0	0
GCA_006410935.1	BHR	Redunca redunca	Redunca redunca	Scaffold	ok	exon_3	3	837	0.9605734767025089	0.992831541218638	0.9605734767025089	0.8917910447761194	0.0	804	804	831	717	87	847111.0	848055.0	0.9552058257101589	HIGH	AA	GT	NONCANONICAL	CANONICAL	1145	0	0.0	0	0
GCA_006410935.1	BHR	Redunca redunca	Redunca redunca	Scaffold	ok	exon_4	4	213	0.8732394366197183	0.8779342723004695	0.8732394366197183	0.9139784946236559	0.0	186	186	187	170	16	856018.0	856203.0	0.9214523701347872	HIGH			NA	NA	386	0	0.0	0	0
GCA_006410935.1	BHR	Redunca redunca	Redunca redunca	Scaffold	ok	exon_5	5	124	0.9919354838709677	0.9919354838709677	0.9919354838709677	0.9024390243902439	0.0	123	123	123	111	12	859578.0	859700.0	0.9719807238394965	HIGH	GA	GT	NONCANONICAL	CANONICAL	323	0	0.0	0	0
GCA_006410935.1	BHR	Redunca redunca	Redunca redunca	Scaffold	ok	exon_6	6	1115	0.9632286995515695	0.9955156950672646	0.9632286995515695	0.8677839851024208	0.0	1074	1074	1110	932	142	860520.0	861595.0	0.9503989110738116	HIGH	AG		CANONICAL	NA	1276	0	0.0	0	0
GCA_006411015.1	STG	Tragelaphus spekii	Tragelaphus spekii	Scaffold	ok	exon_1	1	194	0.9742268041237113	0.979381443298969	0.9742268041237113	0.8624338624338624	0.0	189	189	190	163	26	423158.0	423346.0	0.9373438607974691	HIGH		CC	NA	NONCANONICAL	389	0	0.0	0	0
GCA_006411015.1	STG	Tragelaphus spekii	Tragelaphus spekii	Scaffold	ok	exon_2	2	304	1.0	1.0	1.0	0.8980263157894737	0.0	304	304	304	273	31	426011.0	426314.0	0.9578399122807019	HIGH	AG	GT	CANONICAL	CANONICAL	504	0	0.0	0	0
GCA_006411015.1	STG	Tragelaphus spekii	Tragelaphus spekii	Scaffold	ok	exon_3	3	837	0.7001194743130227	0.7132616487455197	0.7001194743130227	0.8890784982935154	0.0	586	586	597	521	65	432338.0	432923.0	0.8206567213475725	MEDIUM			NA	NA	786	0	0.0	0	0
GCA_006411015.1	STG	Tragelaphus spekii	Tragelaphus spekii	Scaffold	ok	exon_4	4	213	0.0	0.0	0.0	0.0		0	0	0	0	0			0.23333333333333334	UNRESOLVED			NA	NA	0	0		0	0
GCA_006411015.1	STG	Tragelaphus spekii	Tragelaphus spekii	Scaffold	ok	exon_5	5	124	0.9919354838709677	0.9919354838709677	0.9919354838709677	0.8943089430894309	0.0	123	123	123	110	13	440660.0	440782.0	0.9532815368476266	HIGH	GA	GT	NONCANONICAL	CANONICAL	323	0	0.0	0	0
GCA_006411015.1	STG	Tragelaphus spekii	Tragelaphus spekii	Scaffold	ok	exon_6	6	1115	0.9551569506726457	0.9964125560538116	0.9551569506726457	0.8713615023474178	0.0	1065	1065	1111	928	137	443562.0	444644.0	0.9309943367228785	HIGH	AG		CANONICAL	NA	1283	0	0.0	0	0
GCA_006411685.1	MTN	Tragelaphus buxtoni	Tragelaphus buxtoni	Scaffold	ok	exon_1	1	194	0.0	0.0	0.0	0.0		0	0	0	0	0			0.2	UNRESOLVED			NA	NA	0	0		0	0
GCA_006411685.1	MTN	Tragelaphus buxtoni	Tragelaphus buxtoni	Scaffold	ok	exon_2	2	304	0.0	0.0	0.0	0.0		0	0	0	0	0			0.2	UNRESOLVED			NA	NA	0	0		0	0
GCA_006411685.1	MTN	Tragelaphus buxtoni	Tragelaphus buxtoni	Scaffold	ok	exon_3	3	837	0.5448028673835126	0.5495818399044206	0.5448028673835126	0.9035087719298246	0.0	456	456	460	412	44	12901.0	13660.0	0.721038483305037	MEDIUM			NA	NA	960	303	0.315625	1	303
GCA_006411685.1	MTN	Tragelaphus buxtoni	Tragelaphus buxtoni	Scaffold	ok	exon_4	4	213	0.0	0.0	0.0	0.0		0	0	0	0	0			0.2	UNRESOLVED			NA	NA	0	0		0	0
GCA_006411685.1	MTN	Tragelaphus buxtoni	Tragelaphus buxtoni	Scaffold	ok	exon_5	5	124	0.9919354838709677	0.9919354838709677	0.9919354838709677	0.8943089430894309	0.0	123	123	123	110	13	3635.0	3757.0	0.9199482035142933	HIGH	GA	GT	NONCANONICAL	CANONICAL	323	1	0.0030959752321981426	1	1
GCA_006411685.1	MTN	Tragelaphus buxtoni	Tragelaphus buxtoni	Scaffold	ok	exon_6	6	1115	0.8699551569506726	0.9094170403587444	0.8699551569506726	0.8731958762886598	0.0	970	970	1014	847	123	1569.0	2811.0	0.8597787896999677	HIGH			NA	NA	1443	253	0.17532917532917533	1	253
GCA_006416875.1	CME	Tragelaphus oryx	Tragelaphus oryx	Scaffold	ok	exon_1	1	194	0.0	0.0	0.0	0.0		0	0	0	0	0			0.09166666666666666	UNRESOLVED			NA	NA	0	0		0	0
GCA_006416875.1	CME	Tragelaphus oryx	Tragelaphus oryx	Scaffold	ok	exon_2	2	304	0.0	0.0	0.0	0.0		0	0	0	0	0			0.09166666666666666	UNRESOLVED			NA	NA	0	0		0	0
GCA_006416875.1	CME	Tragelaphus oryx	Tragelaphus oryx	Scaffold	ok	exon_3	3	837	0.0	0.0	0.0	0.0		0	0	0	0	0			0.09166666666666666	UNRESOLVED			NA	NA	0	0		0	0
GCA_006416875.1	CME	Tragelaphus oryx	Tragelaphus oryx	Scaffold	ok	exon_4	4	213	0.0	0.0	0.0	0.0		0	0	0	0	0			0.09166666666666666	UNRESOLVED			NA	NA	0	0		0	0
GCA_006416875.1	CME	Tragelaphus oryx	Tragelaphus oryx	Scaffold	ok	exon_5	5	124	0.0	0.0	0.0	0.0		0	0	0	0	0			0.09166666666666666	UNRESOLVED			NA	NA	0	0		0	0
GCA_006416875.1	CME	Tragelaphus oryx	Tragelaphus oryx	Scaffold	ok	exon_6	6	1115	0.9103139013452914	0.9542600896860987	0.9103139013452914	0.8817733990147784	0.0	1015	1015	1064	895	120	312.0	1343.0	0.7717512720257425	MEDIUM	AG		CANONICAL	NA	1204	0	0.0	0	0
GCA_006417275.1	ORB	Ourebia ourebi	Ourebia ourebi	Scaffold	ok	exon_1	1	194	0.0	0.0	0.0	0.0		0	0	0	0	0			0.09166666666666666	UNRESOLVED			NA	NA	0	0		0	0
GCA_006417275.1	ORB	Ourebia ourebi	Ourebia ourebi	Scaffold	ok	exon_2	2	304	0.0	0.0	0.0	0.0		0	0	0	0	0			0.09166666666666666	UNRESOLVED			NA	NA	0	0		0	0
GCA_006417275.1	ORB	Ourebia ourebi	Ourebia ourebi	Scaffold	ok	exon_3	3	837	0.0	0.0	0.0	0.0		0	0	0	0	0			0.09166666666666666	UNRESOLVED			NA	NA	0	0		0	0
GCA_006417275.1	ORB	Ourebia ourebi	Ourebia ourebi	Scaffold	ok	exon_4	4	213	0.0	0.0	0.0	0.0		0	0	0	0	0			0.09166666666666666	UNRESOLVED			NA	NA	0	0		0	0
GCA_006417275.1	ORB	Ourebia ourebi	Ourebia ourebi	Scaffold	ok	exon_5	5	124	0.0	0.0	0.0	0.0		0	0	0	0	0			0.09166666666666666	UNRESOLVED			NA	NA	0	0		0	0
GCA_006417275.1	ORB	Ourebia ourebi	Ourebia ourebi	Scaffold	ok	exon_6	6	1115	0.968609865470852	1.0	0.968609865470852	0.8731481481481481	0.0	1080	1080	1115	943	137	261.0	1340.0	0.7958281431655871	MEDIUM	AG		CANONICAL	NA	1280	0	0.0	0	0
GCA_006459085.1	FMD	Moschus berezovskii	Moschus berezovskii	Scaffold	ok	exon_1	1	194	0.9175257731958762	0.979381443298969	0.9175257731958762	0.8707865168539326	0.0	178	178	190	155	23	325228.0	325405.0	0.9305832271516274	HIGH		CC	NA	NONCANONICAL	378	0	0.0	0	0
GCA_006459085.1	FMD	Moschus berezovskii	Moschus berezovskii	Scaffold	ok	exon_2	2	304	1.0	1.0	1.0	0.9013157894736842	0.0	304	304	304	274	30	321383.0	321686.0	0.9753289473684211	HIGH	AG	GT	CANONICAL	CANONICAL	504	0	0.0	0	0
GCA_006459085.1	FMD	Moschus berezovskii	Moschus berezovskii	Scaffold	ok	exon_3	3	837	0.974910394265233	0.994026284348865	0.974910394265233	0.8786764705882353	0.0	816	816	832	717	99	317514.0	318329.0	0.9583787950664138	HIGH	AC	GC	NONCANONICAL	CANONICAL	1016	0	0.0	0	0
GCA_006459085.1	FMD	Moschus berezovskii	Moschus berezovskii	Scaffold	ok	exon_4	4	213	0.8732394366197183	0.8779342723004695	0.8732394366197183	0.9139784946236559	0.0	186	186	187	170	16	309284.0	309469.0	0.9214523701347872	HIGH			NA	NA	386	0	0.0	0	0
GCA_006459085.1	FMD	Moschus berezovskii	Moschus berezovskii	Scaffold	ok	exon_5	5	124	0.9919354838709677	0.9919354838709677	0.9919354838709677	0.926829268292683	0.0	123	123	123	114	9	306091.0	306213.0	0.9780782848151063	HIGH	GA	GT	NONCANONICAL	CANONICAL	323	0	0.0	0	0
GCA_006459085.1	FMD	Moschus berezovskii	Moschus berezovskii	Scaffold	ok	exon_6	6	1115	0.9757847533632287	1.0	0.9757847533632287	0.8795955882352942	0.0	1088	1088	1115	957	131	304186.0	305274.0	0.9590020360722765	HIGH	AG		CANONICAL	NA	1289	0	0.0	0	0
GCA_006459105.1	NPU_HINE_1.0	Hydropotes inermis	Hydropotes inermis	Scaffold	ok	exon_1	1	194	0.979381443298969	0.979381443298969	0.979381443298969	0.8473684210526315	0.0	190	190	190	161	29	299409.0	299599.0	0.952563754747694	HIGH		CA	NA	NONCANONICAL	391	0	0.0	0	0
GCA_006459105.1	NPU_HINE_1.0	Hydropotes inermis	Hydropotes inermis	Scaffold	ok	exon_2	2	304	0.9703947368421053	1.0	0.9703947368421053	0.9050847457627119	0.0	295	295	304	267	28	296575.0	297692.0	0.9629488180196254	HIGH	AG	GT	CANONICAL	CANONICAL	1318	0	0.0	0	0
GCA_006459105.1	NPU_HINE_1.0	Hydropotes inermis	Hydropotes inermis	Scaffold	ok	exon_3	3	837	0.9354838709677419	0.954599761051374	0.9354838709677419	0.8837803320561941	0.0	783	783	799	692	91	293119.0	294198.0	0.9419128249495324	HIGH	AG	GT	CANONICAL	CANONICAL	1280	0	0.0	0	0
GCA_006459105.1	NPU_HINE_1.0	Hydropotes inermis	Hydropotes inermis	Scaffold	ok	exon_4	4	213	0.8732394366197183	0.8779342723004695	0.8732394366197183	0.8870967741935484	0.0	186	186	187	165	21	285295.0	285480.0	0.9147319400272603	HIGH			NA	NA	386	0	0.0	0	0
GCA_006459105.1	NPU_HINE_1.0	Hydropotes inermis	Hydropotes inermis	Scaffold	ok	exon_5	5	124	0.9919354838709677	0.9919354838709677	0.9919354838709677	0.8861788617886179	0.0	123	123	123	109	14	282182.0	282304.0	0.96791568318909	HIGH	GA	GT	NONCANONICAL	CANONICAL	323	0	0.0	0	0
GCA_006459105.1	NPU_HINE_1.0	Hydropotes inermis	Hydropotes inermis	Scaffold	ok	exon_6	6	1115	0.9551569506726457	1.0	0.9551569506726457	0.8741784037558685	0.0	1065	1065	1115	931	134	280300.0	281365.0	0.9483652287416577	HIGH	AG		CANONICAL	NA	1266	0	0.0	0	0
GCA_006461545.1	NPU_MBRE_1.0	Moschus berezovskii	Moschus berezovskii	Scaffold	ok	exon_1	1	194	0.9175257731958762	0.979381443298969	0.9175257731958762	0.8707865168539326	0.0	178	178	190	155	23	698560.0	698737.0	0.9305832271516274	HIGH		CC	NA	NONCANONICAL	378	1	0.0026455026455026454	1	1
GCA_006461545.1	NPU_MBRE_1.0	Moschus berezovskii	Moschus berezovskii	Scaffold	ok	exon_2	2	304	1.0	1.0	1.0	0.8980263157894737	0.0	304	304	304	273	31	714373.0	714676.0	0.9745065789473685	HIGH	AG	GT	CANONICAL	CANONICAL	504	0	0.0	0	0
GCA_006461545.1	NPU_MBRE_1.0	Moschus berezovskii	Moschus berezovskii	Scaffold	ok	exon_3	3	837	0.980884109916368	1.0	0.980884109916368	0.8806333739342266	0.0	821	821	837	723	98	718219.0	719039.0	0.9615561929459223	HIGH	AG	GC	CANONICAL	CANONICAL	1021	0	0.0	0	0
GCA_006461545.1	NPU_MBRE_1.0	Moschus berezovskii	Moschus berezovskii	Scaffold	ok	exon_4	4	213	0.8732394366197183	0.8779342723004695	0.8732394366197183	0.9139784946236559	0.0	186	186	187	170	16	727251.0	727436.0	0.9214523701347872	HIGH			NA	NA	386	0	0.0	0	0
GCA_006461545.1	NPU_MBRE_1.0	Moschus berezovskii	Moschus berezovskii	Scaffold	ok	exon_5	5	124	0.9919354838709677	0.9919354838709677	0.9919354838709677	0.9186991869918699	0.0	123	123	123	113	10	730514.0	730636.0	0.976045764489903	HIGH	GA	GT	NONCANONICAL	CANONICAL	323	0	0.0	0	0
GCA_006461545.1	NPU_MBRE_1.0	Moschus berezovskii	Moschus berezovskii	Scaffold	ok	exon_6	6	1115	0.9757847533632287	1.0	0.9757847533632287	0.8795955882352942	0.0	1088	1088	1115	957	131	731897.0	732985.0	0.9590020360722765	HIGH	AG		CANONICAL	NA	1289	0	0.0	0	0
GCA_006461725.1	NPU_MCHR_1.0	Moschus chrysogaster	Moschus chrysogaster	Scaffold	ok	exon_1	1	194	0.4329896907216495	0.4381443298969072	0.4329896907216495	0.9047619047619048	0.0	84	84	85	76	8	4347.0	4430.0	0.7043691703485518	MEDIUM			NA	NA	284	100	0.352112676056338	1	100
GCA_006461725.1	NPU_MCHR_1.0	Moschus chrysogaster	Moschus chrysogaster	Scaffold	ok	exon_2	2	304	0.0	0.0	0.0	0.0		0	0	0	0	0			0.23333333333333334	UNRESOLVED			NA	NA	0	0		0	0
GCA_006461725.1	NPU_MCHR_1.0	Moschus chrysogaster	Moschus chrysogaster	Scaffold	ok	exon_3	3	837	0.36081242532855434	0.36917562724014336	0.36081242532855434	0.8708609271523179	0.0	302	302	309	263	39	12305.0	12606.0	0.6634141565192624	MEDIUM			NA	NA	502	97	0.19322709163346613	1	97
GCA_006461725.1	NPU_MCHR_1.0	Moschus chrysogaster	Moschus chrysogaster	Scaffold	ok	exon_4	4	213	0.8732394366197183	0.8779342723004695	0.8732394366197183	0.9193548387096774	0.0	186	186	187	171	15	25576.0	25761.0	0.906129789489626	HIGH			NA	NA	386	0	0.0	0	0
GCA_006461725.1	NPU_MCHR_1.0	Moschus chrysogaster	Moschus chrysogaster	Scaffold	ok	exon_5	5	124	0.9919354838709677	0.9919354838709677	0.9919354838709677	0.9105691056910569	0.0	123	123	123	112	11	30625.0	30747.0	0.9573465774980332	HIGH	GA	GT	NONCANONICAL	CANONICAL	323	0	0.0	0	0
GCA_006461725.1	NPU_MCHR_1.0	Moschus chrysogaster	Moschus chrysogaster	Scaffold	ok	exon_6	6	1115	0.7605381165919283	0.7802690582959642	0.7605381165919283	0.8691037735849056	0.0	848	848	870	737	111	33407.0	35539.0	0.8428514291959276	MEDIUM			NA	NA	2333	1284	0.5503643377625375	1	1284
GCA_006942125.1	SCBI_HNig_1.0	Hippotragus niger niger	Hippotragus niger	Scaffold	ok	exon_1	1	194	0.9432989690721649	0.9690721649484536	0.9432989690721649	0.8633879781420765	0.0	183	183	188	158	25	667850.0	668033.0	0.9403315306179933	HIGH		CC	NA	NONCANONICAL	384	0	0.0	0	0
GCA_006942125.1	SCBI_HNig_1.0	Hippotragus niger niger	Hippotragus niger	Scaffold	ok	exon_2	2	304	1.0	1.0	1.0	0.8914473684210527	0.0	304	304	304	271	33	670636.0	670940.0	0.9728618421052633	HIGH	AG	GT	CANONICAL	CANONICAL	505	0	0.0	0	0
GCA_006942125.1	SCBI_HNig_1.0	Hippotragus niger niger	Hippotragus niger	Scaffold	ok	exon_3	3	837	0.972520908004779	0.992831541218638	0.972520908004779	0.8845208845208845	0.0	814	814	831	720	94	673317.0	674274.0	0.9587646297323718	HIGH	AG	GT	CANONICAL	CANONICAL	1158	0	0.0	0	0
GCA_006942125.1	SCBI_HNig_1.0	Hippotragus niger niger	Hippotragus niger	Scaffold	ok	exon_4	4	213	0.9953051643192489	1.0	0.9953051643192489	0.8962264150943396	0.0	212	212	213	190	22	681320.0	682260.0	0.9719439277172469	HIGH	AG	GT	CANONICAL	CANONICAL	1141	0	0.0	0	0
GCA_006942125.1	SCBI_HNig_1.0	Hippotragus niger niger	Hippotragus niger	Scaffold	ok	exon_5	5	124	0.9919354838709677	0.9919354838709677	0.9919354838709677	0.8943089430894309	0.0	123	123	123	110	13	685624.0	685746.0	0.9699482035142932	HIGH	GA	GT	NONCANONICAL	CANONICAL	323	0	0.0	0	0
GCA_006942125.1	SCBI_HNig_1.0	Hippotragus niger niger	Hippotragus niger	Scaffold	ok	exon_6	6	1115	0.9309417040358744	0.9847533632286996	0.9309417040358744	0.8776493256262042	0.0	1038	1038	1098	911	127	686563.0	687603.0	0.9383360982226946	HIGH	AG		CANONICAL	NA	1241	0	0.0	0	0
GCA_007570765.1	GSC_moose_1.0	Alces alces	Alces alces	Scaffold	ok	exon_1	1	194	0.865979381443299	0.8762886597938144	0.865979381443299	0.8630952380952381	0.0	168	168	170	145	23	3944973.0	3945140.0	0.9054645311732941	HIGH			NA	NA	368	0	0.0	0	0
GCA_007570765.1	GSC_moose_1.0	Alces alces	Alces alces	Scaffold	ok	exon_2	2	304	0.9736842105263158	1.0	0.9736842105263158	0.8986486486486487	0.0	296	296	304	266	30	3947788.0	3948902.0	0.9628200568990044	HIGH	AG	GT	CANONICAL	CANONICAL	1315	0	0.0	0	0
GCA_007570765.1	GSC_moose_1.0	Alces alces	Alces alces	Scaffold	ok	exon_3	3	837	0.980884109916368	1.0	0.980884109916368	0.8867235079171741	0.0	821	821	837	728	93	3951253.0	3952351.0	0.9630787264416591	HIGH	AG	GT	CANONICAL	CANONICAL	1299	0	0.0	0	0
GCA_007570765.1	GSC_moose_1.0	Alces alces	Alces alces	Scaffold	ok	exon_4	4	213	0.8732394366197183	0.8779342723004695	0.8732394366197183	0.8870967741935484	0.0	186	186	187	165	21	3959982.0	3960167.0	0.9147319400272603	HIGH			NA	NA	386	0	0.0	0	0
GCA_007570765.1	GSC_moose_1.0	Alces alces	Alces alces	Scaffold	ok	exon_5	5	124	0.9919354838709677	0.9919354838709677	0.9919354838709677	0.8861788617886179	0.0	123	123	123	109	14	3963142.0	3963264.0	0.96791568318909	HIGH	GA	GT	NONCANONICAL	CANONICAL	323	0	0.0	0	0
GCA_007570765.1	GSC_moose_1.0	Alces alces	Alces alces	Scaffold	ok	exon_6	6	1115	0.9515695067264573	1.0	0.9515695067264573	0.8746465598491989	0.0	1061	1061	1115	928	133	3964081.0	3965142.0	0.9468679179892056	HIGH	AG		CANONICAL	NA	1262	0	0.0	0	0
GCA_007570785.1	GSC_phorn_1.0	Antilocapra americana	Antilocapra americana	Scaffold	ok	exon_1	1	194	0.9742268041237113	0.979381443298969	0.9742268041237113	0.8571428571428571	0.0	189	189	190	162	27	31343448.0	31343636.0	0.9526877761413844	HIGH		AA	NA	NONCANONICAL	389	0	0.0	0	0
GCA_007570785.1	GSC_phorn_1.0	Antilocapra americana	Antilocapra americana	Scaffold	ok	exon_2	2	304	0.9802631578947368	1.0	0.9802631578947368	0.8758389261744967	0.0	298	298	304	261	37	31346575.0	31346872.0	0.9600781525962558	HIGH	AG	GT	CANONICAL	CANONICAL	498	0	0.0	0	0
GCA_007570785.1	GSC_phorn_1.0	Antilocapra americana	Antilocapra americana	Scaffold	ok	exon_3	3	837	0.959378733572282	1.0	0.959378733572282	0.8717310087173101	0.0	803	803	837	700	103	31349236.0	31350041.0	0.9496531822868545	HIGH	AG	GT	CANONICAL	CANONICAL	1006	0	0.0	0	0
GCA_007570785.1	GSC_phorn_1.0	Antilocapra americana	Antilocapra americana	Scaffold	ok	exon_4	4	213	0.9812206572769953	0.9906103286384976	0.9812206572769953	0.8803827751196173	0.0	209	209	211	184	25	31357492.0	31357700.0	0.9616449895545522	HIGH	AG	GG	CANONICAL	NONCANONICAL	409	0	0.0	0	0
GCA_007570785.1	GSC_phorn_1.0	Antilocapra americana	Antilocapra americana	Scaffold	ok	exon_5	5	124	0.9112903225806451	0.9919354838709677	0.9112903225806451	0.9203539823008849	0.0	113	113	123	104	9	31360520.0	31360632.0	0.9401691407365116	HIGH	GA	GT	NONCANONICAL	CANONICAL	313	0	0.0	0	0
GCA_007570785.1	GSC_phorn_1.0	Antilocapra americana	Antilocapra americana	Scaffold	ok	exon_6	6	1115	0.9856502242152466	1.0	0.9856502242152466	0.8853503184713376	0.0	1099	1099	1115	973	126	31361477.0	31362587.0	0.9648801805146954	HIGH	AG		CANONICAL	NA	1311	0	0.0	0	0
GCA_007646595.3	ASM764659v3	Bos mutus	Bos mutus	Scaffold	ok	exon_1	1	194	0.8917525773195877	0.8969072164948454	0.8917525773195877	0.8728323699421965	0.0	173	173	174	151	22	191791.0	191963.0	0.9194967522793636	HIGH			NA	NA	373	0	0.0	0	0
GCA_007646595.3	ASM764659v3	Bos mutus	Bos mutus	Scaffold	ok	exon_2	2	304	1.0	1.0	1.0	0.8980263157894737	0.0	304	304	304	273	31	188993.0	189296.0	0.9745065789473685	HIGH	AG	GT	CANONICAL	CANONICAL	504	0	0.0	0	0
GCA_007646595.3	ASM764659v3	Bos mutus	Bos mutus	Scaffold	ok	exon_3	3	837	0.946236559139785	0.966547192353644	0.946236559139785	0.8762626262626263	0.0	792	792	809	694	98	185340.0	186141.0	0.9448721081785598	HIGH	AG	AC	CANONICAL	NONCANONICAL	1002	0	0.0	0	0
GCA_007646595.3	ASM764659v3	Bos mutus	Bos mutus	Scaffold	ok	exon_4	4	213	0.8732394366197183	0.8779342723004695	0.8732394366197183	0.9086021505376344	0.0	186	186	187	169	17	177160.0	177345.0	0.9201082841132818	HIGH			NA	NA	386	0	0.0	0	0
GCA_007646595.3	ASM764659v3	Bos mutus	Bos mutus	Scaffold	ok	exon_5	5	124	0.9919354838709677	0.9919354838709677	0.9919354838709677	0.9186991869918699	0.0	123	123	123	113	10	174214.0	174336.0	0.976045764489903	HIGH	GA	GT	NONCANONICAL	CANONICAL	323	0	0.0	0	0
GCA_007646595.3	ASM764659v3	Bos mutus	Bos mutus	Scaffold	ok	exon_6	6	1115	0.9641255605381166	1.0	0.9641255605381166	0.8706976744186047	0.0	1075	1075	1115	936	139	172313.0	173388.0	0.9515309208468037	HIGH	AG		CANONICAL	NA	1276	0	0.0	0	0
GCA_007844835.1	NRC_Mithun_1	Bos frontalis	Bos frontalis	Scaffold	ok	exon_1	1	194	0.8917525773195877	0.8969072164948454	0.8917525773195877	0.8786127167630058	0.0	173	173	174	152	21	211333.0	211505.0	0.9209418389845659	HIGH			NA	NA	373	0	0.0	0	0
GCA_007844835.1	NRC_Mithun_1	Bos frontalis	Bos frontalis	Scaffold	ok	exon_2	2	304	1.0	1.0	1.0	0.9046052631578947	0.0	304	304	304	275	29	208380.0	208683.0	0.9761513157894737	HIGH	AG	GT	CANONICAL	CANONICAL	504	0	0.0	0	0
GCA_007844835.1	NRC_Mithun_1	Bos frontalis	Bos frontalis	Scaffold	ok	exon_3	3	837	0.945041816009558	0.966547192353644	0.945041816009558	0.8735777496839444	0.0	791	791	809	691	100	204738.0	205528.0	0.9436632546252872	HIGH	AG	AC	CANONICAL	NONCANONICAL	991	0	0.0	0	0
GCA_007844835.1	NRC_Mithun_1	Bos frontalis	Bos frontalis	Scaffold	ok	exon_4	4	213	0.8732394366197183	0.8779342723004695	0.8732394366197183	0.9086021505376344	0.0	186	186	187	169	17	196453.0	196638.0	0.9201082841132818	HIGH			NA	NA	386	0	0.0	0	0
GCA_007844835.1	NRC_Mithun_1	Bos frontalis	Bos frontalis	Scaffold	ok	exon_5	5	124	0.9919354838709677	0.9919354838709677	0.9919354838709677	0.9024390243902439	0.0	123	123	123	111	12	193507.0	193629.0	0.9719807238394965	HIGH	GA	GT	NONCANONICAL	CANONICAL	323	0	0.0	0	0
GCA_007844835.1	NRC_Mithun_1	Bos frontalis	Bos frontalis	Scaffold	ok	exon_6	6	1115	0.9641255605381166	1.0	0.9641255605381166	0.8762790697674419	0.0	1075	1075	1115	942	133	191606.0	192681.0	0.9529262696840131	HIGH	AG		CANONICAL	NA	1276	0	0.0	0	0
GCA_008782695.1	UCB_Mmun_1.0	Muntiacus muntjak	Muntiacus muntjak	Chromosome	ok	exon_1	1	194	0.9690721649484536	0.9690721649484536	0.9690721649484536	0.8723404255319149	0.0	188	188	188	164	24	376348783.0	376348970.0	0.9541675806097829	HIGH		CC	NA	NONCANONICAL	388	0	0.0	0	0
GCA_008782695.1	UCB_Mmun_1.0	Muntiacus muntjak	Muntiacus muntjak	Chromosome	ok	exon_2	2	304	0.9736842105263158	1.0	0.9736842105263158	0.8817567567567568	0.0	296	296	304	261	35	376345022.0	376346139.0	0.9585970839260314	HIGH	AG	GT	CANONICAL	CANONICAL	1318	0	0.0	0	0
GCA_008782695.1	UCB_Mmun_1.0	Muntiacus muntjak	Muntiacus muntjak	Chromosome	ok	exon_3	3	837	0.9689366786140979	1.0	0.9689366786140979	0.87422934648582	0.0	811	811	837	709	102	376341552.0	376342645.0	0.9545788419977992	HIGH	AG	GT	CANONICAL	CANONICAL	1294	0	0.0	0	0
GCA_008782695.1	UCB_Mmun_1.0	Muntiacus muntjak	Muntiacus muntjak	Chromosome	ok	exon_4	4	213	0.8685446009389671	0.8779342723004695	0.8685446009389671	0.8810810810810811	0.0	185	185	187	163	22	376333931.0	376334115.0	0.9111153406928055	HIGH			NA	NA	385	0	0.0	0	0
GCA_008782695.1	UCB_Mmun_1.0	Muntiacus muntjak	Muntiacus muntjak	Chromosome	ok	exon_5	5	124	0.9919354838709677	0.9919354838709677	0.9919354838709677	0.8780487804878049	0.0	123	123	123	108	15	376330830.0	376330952.0	0.9658831628638868	HIGH	GA	GT	NONCANONICAL	CANONICAL	323	0	0.0	0	0
GCA_008782695.1	UCB_Mmun_1.0	Muntiacus muntjak	Muntiacus muntjak	Chromosome	ok	exon_6	6	1115	0.9551569506726457	1.0	0.9551569506726457	0.8704225352112676	0.0	1065	1065	1115	927	138	376328947.0	376330011.0	0.9474262616055076	HIGH	AG		CANONICAL	NA	1265	0	0.0	0	0
GCA_008787405.2	UCB_Mree_1.1	Muntiacus reevesi	Muntiacus reevesi	Chromosome	ok	exon_1	1	194	0.9690721649484536	0.9690721649484536	0.9690721649484536	0.8776595744680851	0.0	188	188	188	165	23	27936073.0	27936260.0	0.9554973678438254	HIGH		CC	NA	NONCANONICAL	388	0	0.0	0	0
GCA_008787405.2	UCB_Mree_1.1	Muntiacus reevesi	Muntiacus reevesi	Chromosome	ok	exon_2	2	304	0.9736842105263158	1.0	0.9736842105263158	0.8918918918918919	0.0	296	296	304	264	32	27932318.0	27933435.0	0.9611308677098152	HIGH	AG	GT	CANONICAL	CANONICAL	1318	0	0.0	0	0
GCA_008787405.2	UCB_Mree_1.1	Muntiacus reevesi	Muntiacus reevesi	Chromosome	ok	exon_3	3	837	0.980884109916368	1.0	0.980884109916368	0.8781973203410475	0.0	821	821	837	721	100	27928842.0	27929941.0	0.9609471795476275	HIGH	AG	GT	CANONICAL	CANONICAL	1300	0	0.0	0	0
GCA_008787405.2	UCB_Mree_1.1	Muntiacus reevesi	Muntiacus reevesi	Chromosome	ok	exon_4	4	213	0.8732394366197183	0.8779342723004695	0.8732394366197183	0.8870967741935484	0.0	186	186	187	165	21	27921218.0	27921403.0	0.9147319400272603	HIGH			NA	NA	386	0	0.0	0	0
GCA_008787405.2	UCB_Mree_1.1	Muntiacus reevesi	Muntiacus reevesi	Chromosome	ok	exon_5	5	124	0.9919354838709677	0.9919354838709677	0.9919354838709677	0.8861788617886179	0.0	123	123	123	109	14	27918106.0	27918228.0	0.96791568318909	HIGH	GA	GT	NONCANONICAL	CANONICAL	323	0	0.0	0	0
GCA_008787405.2	UCB_Mree_1.1	Muntiacus reevesi	Muntiacus reevesi	Chromosome	ok	exon_6	6	1115	0.9551569506726457	1.0	0.9551569506726457	0.8657276995305164	0.0	1065	1065	1115	922	143	27916226.0	27917290.0	0.9462525526853197	HIGH	AG		CANONICAL	NA	1265	0	0.0	0	0
GCA_008931205.1	ASM893120v1	Muntiacus muntjak	Muntiacus muntjak	Scaffold	ok	exon_1	1	194	0.9690721649484536	0.9690721649484536	0.9690721649484536	0.8829787234042553	0.0	188	188	188	166	22	16164739.0	16164926.0	0.9401604884112014	HIGH		CC	NA	NONCANONICAL	388	0	0.0	0	0
GCA_008931205.1	ASM893120v1	Muntiacus muntjak	Muntiacus muntjak	Scaffold	ok	exon_2	2	304	0.0	0.0	0.0	0.0		0	0	0	0	0			0.23333333333333334	UNRESOLVED			NA	NA	0	0		0	0
GCA_008931205.1	ASM893120v1	Muntiacus muntjak	Muntiacus muntjak	Scaffold	ok	exon_3	3	837	0.9689366786140979	1.0	0.9689366786140979	0.8766954377311961	0.0	811	811	837	711	100	16167172.0	16168261.0	0.9385286981424765	HIGH	AG	GT	CANONICAL	CANONICAL	1290	0	0.0	0	0
GCA_008931205.1	ASM893120v1	Muntiacus muntjak	Muntiacus muntjak	Scaffold	ok	exon_4	4	213	0.8685446009389671	0.8779342723004695	0.8685446009389671	0.8810810810810811	0.0	185	185	187	163	22	16175696.0	16175880.0	0.8944486740261389	HIGH			NA	NA	385	0	0.0	0	0
GCA_008931205.1	ASM893120v1	Muntiacus muntjak	Muntiacus muntjak	Scaffold	ok	exon_5	5	124	0.9919354838709677	0.9919354838709677	0.9919354838709677	0.8861788617886179	0.0	123	123	123	109	14	16178878.0	16179000.0	0.9512490165224234	HIGH	GA	GT	NONCANONICAL	CANONICAL	323	0	0.0	0	0
GCA_008931205.1	ASM893120v1	Muntiacus muntjak	Muntiacus muntjak	Scaffold	ok	exon_6	6	1115	0.9515695067264573	0.9964125560538116	0.9515695067264573	0.8708765315739868	0.0	1061	1061	1111	924	137	16179819.0	16180879.0	0.9292587442537359	HIGH	AG		CANONICAL	NA	1261	0	0.0	0	0
GCA_009493645.1	ARS_UNL_BGru_maternal_1.0_p	Bos grunniens x Bos taurus	Bos grunniens x Bos taurus	Chromosome	ok	exon_1	1	194	0.8917525773195877	0.8969072164948454	0.8917525773195877	0.8728323699421965	0.0	173	173	174	151	22	34012659.0	34012831.0	0.9194967522793636	HIGH			NA	NA	373	0	0.0	0	0
GCA_009493645.1	ARS_UNL_BGru_maternal_1.0_p	Bos grunniens x Bos taurus	Bos grunniens x Bos taurus	Chromosome	ok	exon_2	2	304	1.0	1.0	1.0	0.8980263157894737	0.0	304	304	304	273	31	34015326.0	34015629.0	0.9745065789473685	HIGH	AG	GT	CANONICAL	CANONICAL	504	0	0.0	0	0
GCA_009493645.1	ARS_UNL_BGru_maternal_1.0_p	Bos grunniens x Bos taurus	Bos grunniens x Bos taurus	Chromosome	ok	exon_3	3	837	0.946236559139785	0.966547192353644	0.946236559139785	0.8775252525252525	0.0	792	792	809	695	97	34018478.0	34019279.0	0.9451877647442164	HIGH	AG	AC	CANONICAL	NONCANONICAL	1002	0	0.0	0	0
GCA_009493645.1	ARS_UNL_BGru_maternal_1.0_p	Bos grunniens x Bos taurus	Bos grunniens x Bos taurus	Chromosome	ok	exon_4	4	213	0.8732394366197183	0.8779342723004695	0.8732394366197183	0.9086021505376344	0.0	186	186	187	169	17	34027282.0	34027467.0	0.9201082841132818	HIGH			NA	NA	386	0	0.0	0	0
GCA_009493645.1	ARS_UNL_BGru_maternal_1.0_p	Bos grunniens x Bos taurus	Bos grunniens x Bos taurus	Chromosome	ok	exon_5	5	124	0.9919354838709677	0.9919354838709677	0.9919354838709677	0.9186991869918699	0.0	123	123	123	113	10	34030292.0	34030414.0	0.976045764489903	HIGH	GA	GT	NONCANONICAL	CANONICAL	323	0	0.0	0	0
GCA_009493645.1	ARS_UNL_BGru_maternal_1.0_p	Bos grunniens x Bos taurus	Bos grunniens x Bos taurus	Chromosome	ok	exon_6	6	1115	0.9641255605381166	1.0	0.9641255605381166	0.8706976744186047	0.0	1075	1075	1115	936	139	34031240.0	34032315.0	0.9515309208468037	HIGH	AG		CANONICAL	NA	1276	0	0.0	0	0
GCA_009758055.1	ASM975805v1	Oreamnos americanus	Oreamnos americanus	Scaffold	ok	exon_1	1	194	0.9432989690721649	0.9690721649484536	0.9432989690721649	0.8469945355191257	0.0	183	183	188	155	28	4399342.0	4399529.0	0.9362331699622557	HIGH		CC	NA	NONCANONICAL	388	0	0.0	0	0
GCA_009758055.1	ASM975805v1	Oreamnos americanus	Oreamnos americanus	Scaffold	ok	exon_2	2	304	1.0	1.0	1.0	0.8881578947368421	0.0	304	304	304	270	34	4402169.0	4402473.0	0.9720394736842106	HIGH	AG	GT	CANONICAL	CANONICAL	505	0	0.0	0	0
GCA_009758055.1	ASM975805v1	Oreamnos americanus	Oreamnos americanus	Scaffold	ok	exon_3	3	837	0.9629629629629629	0.991636798088411	0.9629629629629629	0.8709677419354839	0.0	806	806	830	702	104	4404830.0	4405789.0	0.9510752688172043	HIGH	AG	GT	CANONICAL	CANONICAL	1160	0	0.0	0	0
GCA_009758055.1	ASM975805v1	Oreamnos americanus	Oreamnos americanus	Scaffold	ok	exon_4	4	213	0.9953051643192489	1.0	0.9953051643192489	0.8867924528301887	0.0	212	212	213	188	24	4412811.0	4413750.0	0.9695854371512092	HIGH	AG	GT	CANONICAL	CANONICAL	1140	0	0.0	0	0
GCA_009758055.1	ASM975805v1	Oreamnos americanus	Oreamnos americanus	Scaffold	ok	exon_5	5	124	0.9919354838709677	0.9919354838709677	0.9919354838709677	0.9024390243902439	0.0	123	123	123	111	12	4417140.0	4417262.0	0.9719807238394965	HIGH	GA	GT	NONCANONICAL	CANONICAL	323	0	0.0	0	0
GCA_009758055.1	ASM975805v1	Oreamnos americanus	Oreamnos americanus	Scaffold	ok	exon_6	6	1115	0.9497757847533632	0.9847533632286996	0.9497757847533632	0.8659112370160529	0.0	1059	1059	1098	917	142	4418086.0	4419146.0	0.9438769123930267	HIGH	AG		CANONICAL	NA	1261	0	0.0	0	0
GCA_009823495.1	ASM982349v1	Capra hircus	Capra hircus	Scaffold	ok	exon_1	1	194	0.9432989690721649	0.9690721649484536	0.9432989690721649	0.8469945355191257	0.0	183	183	188	155	28	21029437.0	21029623.0	0.9362331699622557	HIGH		CC	NA	NONCANONICAL	387	0	0.0	0	0
GCA_009823495.1	ASM982349v1	Capra hircus	Capra hircus	Scaffold	ok	exon_2	2	304	1.0	1.0	1.0	0.8947368421052632	0.0	304	304	304	272	32	21032274.0	21032578.0	0.9736842105263158	HIGH	AG	GT	CANONICAL	CANONICAL	505	0	0.0	0	0
GCA_009823495.1	ASM982349v1	Capra hircus	Capra hircus	Scaffold	ok	exon_3	3	837	0.96415770609319	0.992831541218638	0.96415770609319	0.8835192069392813	0.0	807	807	831	713	94	21034939.0	21035895.0	0.9547507694767559	HIGH	AG	GT	CANONICAL	CANONICAL	1157	0	0.0	0	0
GCA_009823495.1	ASM982349v1	Capra hircus	Capra hircus	Scaffold	ok	exon_4	4	213	0.9953051643192489	1.0	0.9953051643192489	0.8962264150943396	0.0	212	212	213	190	22	21042898.0	21043837.0	0.9719439277172469	HIGH	AG	GT	CANONICAL	CANONICAL	1140	0	0.0	0	0
GCA_009823495.1	ASM982349v1	Capra hircus	Capra hircus	Scaffold	ok	exon_5	5	124	0.9919354838709677	0.9919354838709677	0.9919354838709677	0.8943089430894309	0.0	123	123	123	110	13	21047250.0	21047372.0	0.9699482035142932	HIGH	GA	GC	NONCANONICAL	CANONICAL	323	0	0.0	0	0
GCA_009823495.1	ASM982349v1	Capra hircus	Capra hircus	Scaffold	ok	exon_6	6	1115	0.9533632286995516	0.9847533632286996	0.9533632286995516	0.8682972718720602	0.0	1063	1063	1098	923	140	21048196.0	21049260.0	0.9460877708828133	HIGH	AG		CANONICAL	NA	1265	0	0.0	0	0
GCA_010411085.1	CEY_v1	Cervus hanglu yarkandensis	Cervus hanglu	Chromosome	ok	exon_1	1	194	0.9690721649484536	0.9690721649484536	0.9690721649484536	0.8776595744680851	0.0	188	188	188	165	23	31007878.0	31008065.0	0.9388307011771588	HIGH		CC	NA	NONCANONICAL	388	0	0.0	0	0
GCA_010411085.1	CEY_v1	Cervus hanglu yarkandensis	Cervus hanglu	Chromosome	ok	exon_2	2	304	0.9703947368421053	0.9967105263157895	0.9703947368421053	0.911864406779661	0.0	295	295	303	269	26	31010730.0	31011846.0	0.947977066607196	HIGH	AG	AG	CANONICAL	NONCANONICAL	1317	0	0.0	0	0
GCA_010411085.1	CEY_v1	Cervus hanglu yarkandensis	Cervus hanglu	Chromosome	ok	exon_3	3	837	0.980884109916368	1.0	0.980884109916368	0.8867235079171741	0.0	821	821	837	728	93	31014230.0	31015328.0	0.9464120597749925	HIGH	AG	GT	CANONICAL	CANONICAL	1299	0	0.0	0	0
GCA_010411085.1	CEY_v1	Cervus hanglu yarkandensis	Cervus hanglu	Chromosome	ok	exon_4	4	213	0.0	0.0	0.0	0.0		0	0	0	0	0			0.23333333333333334	UNRESOLVED			NA	NA	0	0		0	0
GCA_010411085.1	CEY_v1	Cervus hanglu yarkandensis	Cervus hanglu	Chromosome	ok	exon_5	5	124	0.9919354838709677	0.9919354838709677	0.9919354838709677	0.8943089430894309	0.0	123	123	123	110	13	31021940.0	31022062.0	0.9532815368476266	HIGH	GA	GT	NONCANONICAL	CANONICAL	323	0	0.0	0	0
GCA_010411085.1	CEY_v1	Cervus hanglu yarkandensis	Cervus hanglu	Chromosome	ok	exon_6	6	1115	0.9551569506726457	1.0	0.9551569506726457	0.8713615023474178	0.0	1065	1065	1115	928	137	31022869.0	31023933.0	0.9309943367228785	HIGH	AG		CANONICAL	NA	1265	0	0.0	0	0
GCA_011170295.1	ASM1117029v1	Ovis aries	Ovis aries	Chromosome	ok	exon_1	1	194	0.9432989690721649	0.9690721649484536	0.9432989690721649	0.8524590163934426	0.0	183	183	188	156	27	22422155.0	22422341.0	0.9375992901808349	HIGH		CC	NA	NONCANONICAL	387	0	0.0	0	0
GCA_011170295.1	ASM1117029v1	Ovis aries	Ovis aries	Chromosome	ok	exon_2	2	304	0.993421052631579	1.0	0.993421052631579	0.8940397350993378	0.0	302	302	304	270	32	22424993.0	22425295.0	0.970549407459045	HIGH	AG	GT	CANONICAL	CANONICAL	503	0	0.0	0	0
GCA_011170295.1	ASM1117029v1	Ovis aries	Ovis aries	Chromosome	ok	exon_3	3	837	0.959378733572282	0.98805256869773	0.959378733572282	0.8854296388542964	0.0	803	803	827	711	92	22427632.0	22428594.0	0.9530778398211011	HIGH	AG	GT	CANONICAL	CANONICAL	1163	0	0.0	0	0
GCA_011170295.1	ASM1117029v1	Ovis aries	Ovis aries	Chromosome	ok	exon_4	4	213	0.8732394366197183	0.8779342723004695	0.8732394366197183	0.8978494623655914	0.0	186	186	187	167	19	22436358.0	22436543.0	0.9174201120702711	HIGH			NA	NA	386	0	0.0	0	0
GCA_011170295.1	ASM1117029v1	Ovis aries	Ovis aries	Chromosome	ok	exon_5	5	124	0.9919354838709677	0.9919354838709677	0.9919354838709677	0.9024390243902439	0.0	123	123	123	111	12	22439896.0	22440018.0	0.9719807238394965	HIGH	GA	GC	NONCANONICAL	CANONICAL	323	0	0.0	0	0
GCA_011170295.1	ASM1117029v1	Ovis aries	Ovis aries	Chromosome	ok	exon_6	6	1115	0.9524663677130045	0.9847533632286996	0.9524663677130045	0.8700564971751412	0.0	1062	1062	1098	924	138	22440840.0	22441903.0	0.9461239897646374	HIGH	AG		CANONICAL	NA	1264	0	0.0	0	0
GCA_011751665.1	IMAU_Mmos_1.0	Moschus moschiferus	Moschus moschiferus	Scaffold	ok	exon_1	1	194	0.9742268041237113	0.979381443298969	0.9742268041237113	0.8783068783068783	0.0	189	189	190	166	23	3400677.0	3400865.0	0.9579787814323897	HIGH		CC	NA	NONCANONICAL	389	0	0.0	0	0
GCA_011751665.1	IMAU_Mmos_1.0	Moschus moschiferus	Moschus moschiferus	Scaffold	ok	exon_2	2	304	0.9901315789473685	0.9901315789473685	0.9901315789473685	0.9069767441860465	0.0	301	301	301	273	28	3404912.0	3405735.0	0.9723033965728275	HIGH	AG	TG	CANONICAL	NONCANONICAL	1024	0	0.0	0	0
GCA_011751665.1	IMAU_Mmos_1.0	Moschus moschiferus	Moschus moschiferus	Scaffold	ok	exon_3	3	837	0.980884109916368	1.0	0.980884109916368	0.8879415347137637	0.0	821	821	837	729	92	3408343.0	3409163.0	0.9633832331408065	HIGH	AG	GC	CANONICAL	CANONICAL	1021	0	0.0	0	0
GCA_011751665.1	IMAU_Mmos_1.0	Moschus moschiferus	Moschus moschiferus	Scaffold	ok	exon_4	4	213	0.9953051643192489	1.0	0.9953051643192489	0.9150943396226415	0.0	212	212	213	194	18	3416436.0	3417378.0	0.9766609088493224	HIGH	AG	GT	CANONICAL	CANONICAL	1143	0	0.0	0	0
GCA_011751665.1	IMAU_Mmos_1.0	Moschus moschiferus	Moschus moschiferus	Scaffold	ok	exon_5	5	124	0.9919354838709677	0.9919354838709677	0.9919354838709677	0.926829268292683	0.0	123	123	123	114	9	3420457.0	3420579.0	0.9780782848151063	HIGH	GA	GT	NONCANONICAL	CANONICAL	323	0	0.0	0	0
GCA_011751665.1	IMAU_Mmos_1.0	Moschus moschiferus	Moschus moschiferus	Scaffold	ok	exon_6	6	1115	0.9757847533632287	1.0	0.9757847533632287	0.8777573529411765	0.0	1088	1088	1115	955	133	3421393.0	3422481.0	0.9585424772487471	HIGH	AG		CANONICAL	NA	1289	0	0.0	0	0
GCA_012069665.1	cow.Unzip_primary	Bos indicus x Bos taurus	Bos indicus x Bos taurus	Contig	ok	exon_1	1	194	0.8917525773195877	0.8969072164948454	0.8917525773195877	0.8728323699421965	0.0	173	173	174	151	22	53133652.0	53133824.0	0.9194967522793636	HIGH			NA	NA	373	0	0.0	0	0
GCA_012069665.1	cow.Unzip_primary	Bos indicus x Bos taurus	Bos indicus x Bos taurus	Contig	ok	exon_2	2	304	1.0	1.0	1.0	0.9046052631578947	0.0	304	304	304	275	29	53130695.0	53130998.0	0.9761513157894737	HIGH	AG	GT	CANONICAL	CANONICAL	504	0	0.0	0	0
GCA_012069665.1	cow.Unzip_primary	Bos indicus x Bos taurus	Bos indicus x Bos taurus	Contig	ok	exon_3	3	837	0.946236559139785	0.966547192353644	0.946236559139785	0.8825757575757576	0.0	792	792	809	699	93	53127052.0	53127843.0	0.9464503910068427	HIGH	AG	AC	CANONICAL	NONCANONICAL	992	0	0.0	0	0
GCA_012069665.1	cow.Unzip_primary	Bos indicus x Bos taurus	Bos indicus x Bos taurus	Contig	ok	exon_4	4	213	0.9953051643192489	1.0	0.9953051643192489	0.9056603773584906	0.0	212	212	213	192	20	53118766.0	53119705.0	0.9743024182832847	HIGH	AG	GT	CANONICAL	CANONICAL	1140	0	0.0	0	0
GCA_012069665.1	cow.Unzip_primary	Bos indicus x Bos taurus	Bos indicus x Bos taurus	Contig	ok	exon_5	5	124	0.9919354838709677	0.9919354838709677	0.9919354838709677	0.9024390243902439	0.0	123	123	123	111	12	53115845.0	53115967.0	0.9719807238394965	HIGH	GA	GT	NONCANONICAL	CANONICAL	323	0	0.0	0	0
GCA_012069665.1	cow.Unzip_primary	Bos indicus x Bos taurus	Bos indicus x Bos taurus	Contig	ok	exon_6	6	1115	0.9641255605381166	1.0	0.9641255605381166	0.8762790697674419	0.0	1075	1075	1115	942	133	53113945.0	53115020.0	0.9529262696840131	HIGH	AG		CANONICAL	NA	1276	0	0.0	0	0
GCA_012070425.1	cow.Unzip_haplotigs	Bos indicus x Bos taurus	Bos indicus x Bos taurus	Contig	ok	exon_1	1	194	0.8917525773195877	0.8969072164948454	0.8917525773195877	0.8786127167630058	0.0	173	173	174	152	21	594420.0	594592.0	0.9209418389845659	HIGH			NA	NA	373	0	0.0	0	0
GCA_012070425.1	cow.Unzip_haplotigs	Bos indicus x Bos taurus	Bos indicus x Bos taurus	Contig	ok	exon_2	2	304	1.0	1.0	1.0	0.9013157894736842	0.0	304	304	304	274	30	591460.0	591763.0	0.9753289473684211	HIGH	AG	GT	CANONICAL	CANONICAL	504	0	0.0	0	0
GCA_012070425.1	cow.Unzip_haplotigs	Bos indicus x Bos taurus	Bos indicus x Bos taurus	Contig	ok	exon_3	3	837	0.946236559139785	0.966547192353644	0.946236559139785	0.8825757575757576	0.0	792	792	809	699	93	587817.0	588608.0	0.9464503910068427	HIGH	AG	AC	CANONICAL	NONCANONICAL	992	0	0.0	0	0
GCA_012070425.1	cow.Unzip_haplotigs	Bos indicus x Bos taurus	Bos indicus x Bos taurus	Contig	ok	exon_4	4	213	0.9953051643192489	1.0	0.9953051643192489	0.9056603773584906	0.0	212	212	213	192	20	579532.0	580471.0	0.9743024182832847	HIGH	AG	GT	CANONICAL	CANONICAL	1140	0	0.0	0	0
GCA_012070425.1	cow.Unzip_haplotigs	Bos indicus x Bos taurus	Bos indicus x Bos taurus	Contig	ok	exon_5	5	124	0.9838709677419355	0.9919354838709677	0.9838709677419355	0.9098360655737705	0.0	122	122	123	111	11	576584.0	576705.0	0.9702009518773136	HIGH	GA	GT	NONCANONICAL	CANONICAL	322	0	0.0	0	0
GCA_012070425.1	cow.Unzip_haplotigs	Bos indicus x Bos taurus	Bos indicus x Bos taurus	Contig	ok	exon_6	6	1115	0.9641255605381166	1.0	0.9641255605381166	0.8744186046511628	0.0	1075	1075	1115	940	135	574684.0	575759.0	0.9524611534049432	HIGH	AG		CANONICAL	NA	1276	0	0.0	0	0
GCA_012070445.1	cow.phase1_contigs	Bos indicus x Bos taurus	Bos indicus x Bos taurus	Contig	ok	exon_1	1	194	0.8917525773195877	0.8969072164948454	0.8917525773195877	0.8786127167630058	0.0	173	173	174	152	21	53119356.0	53119528.0	0.9209418389845659	HIGH			NA	NA	373	0	0.0	0	0
GCA_012070445.1	cow.phase1_contigs	Bos indicus x Bos taurus	Bos indicus x Bos taurus	Contig	ok	exon_2	2	304	1.0	1.0	1.0	0.9013157894736842	0.0	304	304	304	274	30	53116396.0	53116699.0	0.9753289473684211	HIGH	AG	GT	CANONICAL	CANONICAL	504	0	0.0	0	0
GCA_012070445.1	cow.phase1_contigs	Bos indicus x Bos taurus	Bos indicus x Bos taurus	Contig	ok	exon_3	3	837	0.946236559139785	0.966547192353644	0.946236559139785	0.8825757575757576	0.0	792	792	809	699	93	53112753.0	53113544.0	0.9464503910068427	HIGH	AG	AC	CANONICAL	NONCANONICAL	992	0	0.0	0	0
GCA_012070445.1	cow.phase1_contigs	Bos indicus x Bos taurus	Bos indicus x Bos taurus	Contig	ok	exon_4	4	213	0.9953051643192489	1.0	0.9953051643192489	0.9056603773584906	0.0	212	212	213	192	20	53104468.0	53105407.0	0.9743024182832847	HIGH	AG	GT	CANONICAL	CANONICAL	1140	0	0.0	0	0
GCA_012070445.1	cow.phase1_contigs	Bos indicus x Bos taurus	Bos indicus x Bos taurus	Contig	ok	exon_5	5	124	0.9838709677419355	0.9919354838709677	0.9838709677419355	0.9098360655737705	0.0	122	122	123	111	11	53101520.0	53101641.0	0.9702009518773136	HIGH	GA	GT	NONCANONICAL	CANONICAL	322	0	0.0	0	0
GCA_012070445.1	cow.phase1_contigs	Bos indicus x Bos taurus	Bos indicus x Bos taurus	Contig	ok	exon_6	6	1115	0.9641255605381166	1.0	0.9641255605381166	0.8744186046511628	0.0	1075	1075	1115	940	135	53099620.0	53100695.0	0.9524611534049432	HIGH	AG		CANONICAL	NA	1276	0	0.0	0	0
GCA_012070465.1	cow.phase0_contigs	Bos indicus x Bos taurus	Bos indicus x Bos taurus	Contig	ok	exon_1	1	194	0.8917525773195877	0.8969072164948454	0.8917525773195877	0.8728323699421965	0.0	173	173	174	151	22	53390338.0	53390510.0	0.9194967522793636	HIGH			NA	NA	373	0	0.0	0	0
GCA_012070465.1	cow.phase0_contigs	Bos indicus x Bos taurus	Bos indicus x Bos taurus	Contig	ok	exon_2	2	304	1.0	1.0	1.0	0.9046052631578947	0.0	304	304	304	275	29	53387381.0	53387684.0	0.9761513157894737	HIGH	AG	GT	CANONICAL	CANONICAL	504	0	0.0	0	0
GCA_012070465.1	cow.phase0_contigs	Bos indicus x Bos taurus	Bos indicus x Bos taurus	Contig	ok	exon_3	3	837	0.946236559139785	0.966547192353644	0.946236559139785	0.8825757575757576	0.0	792	792	809	699	93	53383738.0	53384529.0	0.9464503910068427	HIGH	AG	AC	CANONICAL	NONCANONICAL	992	0	0.0	0	0
GCA_012070465.1	cow.phase0_contigs	Bos indicus x Bos taurus	Bos indicus x Bos taurus	Contig	ok	exon_4	4	213	0.9953051643192489	1.0	0.9953051643192489	0.9056603773584906	0.0	212	212	213	192	20	53375452.0	53376391.0	0.9743024182832847	HIGH	AG	GT	CANONICAL	CANONICAL	1140	0	0.0	0	0
GCA_012070465.1	cow.phase0_contigs	Bos indicus x Bos taurus	Bos indicus x Bos taurus	Contig	ok	exon_5	5	124	0.9919354838709677	0.9919354838709677	0.9919354838709677	0.9024390243902439	0.0	123	123	123	111	12	53372531.0	53372653.0	0.9719807238394965	HIGH	GA	GT	NONCANONICAL	CANONICAL	323	0	0.0	0	0
GCA_012070465.1	cow.phase0_contigs	Bos indicus x Bos taurus	Bos indicus x Bos taurus	Contig	ok	exon_6	6	1115	0.9641255605381166	1.0	0.9641255605381166	0.8762790697674419	0.0	1075	1075	1115	942	133	53370631.0	53371706.0	0.9529262696840131	HIGH	AG		CANONICAL	NA	1276	0	0.0	0	0
GCA_012070475.1	cow.phase0_scaffolds	Bos indicus x Bos taurus	Bos indicus x Bos taurus	Scaffold	ok	exon_1	1	194	0.8917525773195877	0.8969072164948454	0.8917525773195877	0.8786127167630058	0.0	173	173	174	152	21	72885868.0	72886040.0	0.9209418389845659	HIGH			NA	NA	373	0	0.0	0	0
GCA_012070475.1	cow.phase0_scaffolds	Bos indicus x Bos taurus	Bos indicus x Bos taurus	Scaffold	ok	exon_2	2	304	1.0	1.0	1.0	0.9013157894736842	0.0	304	304	304	274	30	72882908.0	72883211.0	0.9753289473684211	HIGH	AG	GT	CANONICAL	CANONICAL	504	0	0.0	0	0
GCA_012070475.1	cow.phase0_scaffolds	Bos indicus x Bos taurus	Bos indicus x Bos taurus	Scaffold	ok	exon_3	3	837	0.946236559139785	0.966547192353644	0.946236559139785	0.8825757575757576	0.0	792	792	809	699	93	72879265.0	72880056.0	0.9464503910068427	HIGH	AG	AC	CANONICAL	NONCANONICAL	992	0	0.0	0	0
GCA_012070475.1	cow.phase0_scaffolds	Bos indicus x Bos taurus	Bos indicus x Bos taurus	Scaffold	ok	exon_4	4	213	0.9953051643192489	1.0	0.9953051643192489	0.9056603773584906	0.0	212	212	213	192	20	72870980.0	72871919.0	0.9743024182832847	HIGH	AG	GT	CANONICAL	CANONICAL	1140	0	0.0	0	0
GCA_012070475.1	cow.phase0_scaffolds	Bos indicus x Bos taurus	Bos indicus x Bos taurus	Scaffold	ok	exon_5	5	124	0.9838709677419355	0.9919354838709677	0.9838709677419355	0.9098360655737705	0.0	122	122	123	111	11	72868032.0	72868153.0	0.9702009518773136	HIGH	GA	GT	NONCANONICAL	CANONICAL	322	0	0.0	0	0
GCA_012070475.1	cow.phase0_scaffolds	Bos indicus x Bos taurus	Bos indicus x Bos taurus	Scaffold	ok	exon_6	6	1115	0.9641255605381166	1.0	0.9641255605381166	0.8744186046511628	0.0	1075	1075	1115	940	135	72866132.0	72867207.0	0.9524611534049432	HIGH	AG		CANONICAL	NA	1276	0	0.0	0	0
GCA_012070485.1	cow.phase1_scaffolds	Bos indicus x Bos taurus	Bos indicus x Bos taurus	Scaffold	ok	exon_1	1	194	0.8917525773195877	0.8969072164948454	0.8917525773195877	0.8728323699421965	0.0	173	173	174	151	22	73159227.0	73159399.0	0.9194967522793636	HIGH			NA	NA	373	0	0.0	0	0
GCA_012070485.1	cow.phase1_scaffolds	Bos indicus x Bos taurus	Bos indicus x Bos taurus	Scaffold	ok	exon_2	2	304	1.0	1.0	1.0	0.9046052631578947	0.0	304	304	304	275	29	73156270.0	73156573.0	0.9761513157894737	HIGH	AG	GT	CANONICAL	CANONICAL	504	0	0.0	0	0
GCA_012070485.1	cow.phase1_scaffolds	Bos indicus x Bos taurus	Bos indicus x Bos taurus	Scaffold	ok	exon_3	3	837	0.946236559139785	0.966547192353644	0.946236559139785	0.8825757575757576	0.0	792	792	809	699	93	73152627.0	73153418.0	0.9464503910068427	HIGH	AG	AC	CANONICAL	NONCANONICAL	992	0	0.0	0	0
GCA_012070485.1	cow.phase1_scaffolds	Bos indicus x Bos taurus	Bos indicus x Bos taurus	Scaffold	ok	exon_4	4	213	0.9953051643192489	1.0	0.9953051643192489	0.9056603773584906	0.0	212	212	213	192	20	73144341.0	73145280.0	0.9743024182832847	HIGH	AG	GT	CANONICAL	CANONICAL	1140	0	0.0	0	0
GCA_012070485.1	cow.phase1_scaffolds	Bos indicus x Bos taurus	Bos indicus x Bos taurus	Scaffold	ok	exon_5	5	124	0.9919354838709677	0.9919354838709677	0.9919354838709677	0.9024390243902439	0.0	123	123	123	111	12	73141420.0	73141542.0	0.9719807238394965	HIGH	GA	GT	NONCANONICAL	CANONICAL	323	0	0.0	0	0
GCA_012070485.1	cow.phase1_scaffolds	Bos indicus x Bos taurus	Bos indicus x Bos taurus	Scaffold	ok	exon_6	6	1115	0.9641255605381166	1.0	0.9641255605381166	0.8762790697674419	0.0	1075	1075	1115	942	133	73139520.0	73140595.0	0.9529262696840131	HIGH	AG		CANONICAL	NA	1276	0	0.0	0	0
GCA_014523465.1	CAU_Oori_1.0	Ovis orientalis	Ovis orientalis	Chromosome	ok	exon_1	1	194	0.9432989690721649	0.9690721649484536	0.9432989690721649	0.8524590163934426	0.0	183	183	188	156	27	70565434.0	70565620.0	0.9375992901808349	HIGH		CC	NA	NONCANONICAL	387	0	0.0	0	0
GCA_014523465.1	CAU_Oori_1.0	Ovis orientalis	Ovis orientalis	Chromosome	ok	exon_2	2	304	0.993421052631579	1.0	0.993421052631579	0.890728476821192	0.0	302	302	304	269	33	70561989.0	70562291.0	0.9697215928895087	HIGH	AG	GT	CANONICAL	CANONICAL	503	0	0.0	0	0
GCA_014523465.1	CAU_Oori_1.0	Ovis orientalis	Ovis orientalis	Chromosome	ok	exon_3	3	837	0.959378733572282	0.98805256869773	0.959378733572282	0.887920298879203	0.0	803	803	827	713	90	70558671.0	70559633.0	0.9537005048273277	HIGH	AG	GT	CANONICAL	CANONICAL	1163	0	0.0	0	0
GCA_014523465.1	CAU_Oori_1.0	Ovis orientalis	Ovis orientalis	Chromosome	ok	exon_4	4	213	0.8732394366197183	0.8779342723004695	0.8732394366197183	0.8978494623655914	0.0	186	186	187	167	19	70550728.0	70550913.0	0.9174201120702711	HIGH			NA	NA	386	0	0.0	0	0
GCA_014523465.1	CAU_Oori_1.0	Ovis orientalis	Ovis orientalis	Chromosome	ok	exon_5	5	124	0.9919354838709677	0.9919354838709677	0.9919354838709677	0.9024390243902439	0.0	123	123	123	111	12	70547255.0	70547377.0	0.9719807238394965	HIGH	GA	GC	NONCANONICAL	CANONICAL	323	0	0.0	0	0
GCA_014523465.1	CAU_Oori_1.0	Ovis orientalis	Ovis orientalis	Chromosome	ok	exon_6	6	1115	0.9524663677130045	0.9847533632286996	0.9524663677130045	0.8700564971751412	0.0	1062	1062	1098	924	138	70545370.0	70546433.0	0.9461239897646374	HIGH	AG		CANONICAL	NA	1264	0	0.0	0	0
GCA_014726795.1	Odo_v1	Odocoileus virginianus	Odocoileus virginianus	Scaffold	ok	exon_1	1	194	0.979381443298969	0.979381443298969	0.979381443298969	0.8789473684210526	0.0	190	190	190	167	23	286146.0	286335.0	0.9604584915897992	HIGH		CC	NA	NONCANONICAL	390	0	0.0	0	0
GCA_014726795.1	Odo_v1	Odocoileus virginianus	Odocoileus virginianus	Scaffold	ok	exon_2	2	304	0.9703947368421053	1.0	0.9703947368421053	0.911864406779661	0.0	295	295	304	269	26	281928.0	283040.0	0.9646437332738627	HIGH	AG	GT	CANONICAL	CANONICAL	1313	0	0.0	0	0
GCA_014726795.1	Odo_v1	Odocoileus virginianus	Odocoileus virginianus	Scaffold	ok	exon_3	3	837	0.980884109916368	1.0	0.980884109916368	0.8830694275274056	0.0	821	821	837	725	96	278470.0	279566.0	0.962165206344217	HIGH	AG	GT	CANONICAL	CANONICAL	1297	0	0.0	0	0
GCA_014726795.1	Odo_v1	Odocoileus virginianus	Odocoileus virginianus	Scaffold	ok	exon_4	4	213	0.863849765258216	0.8779342723004695	0.863849765258216	0.8858695652173914	0.0	184	184	187	163	21	270664.0	270847.0	0.910199785670545	HIGH			NA	NA	384	0	0.0	0	0
GCA_014726795.1	Odo_v1	Odocoileus virginianus	Odocoileus virginianus	Scaffold	ok	exon_5	5	124	0.9919354838709677	0.9919354838709677	0.9919354838709677	0.8943089430894309	0.0	123	123	123	110	13	267569.0	267691.0	0.9699482035142932	HIGH	GA	GT	NONCANONICAL	CANONICAL	323	0	0.0	0	0
GCA_014726795.1	Odo_v1	Odocoileus virginianus	Odocoileus virginianus	Scaffold	ok	exon_6	6	1115	0.9479820627802691	1.0	0.9479820627802691	0.8770104068117314	0.0	1057	1057	1115	927	130	265697.0	266753.0	0.945844529954054	HIGH	AG		CANONICAL	NA	1257	0	0.0	0	0
GCA_014754425.2	SCBI_Odam_1.1	Oryx dammah	Oryx dammah	Scaffold	ok	exon_1	1	194	0.9432989690721649	0.9690721649484536	0.9432989690721649	0.8688524590163934	0.0	183	183	188	159	24	21324383.0	21324567.0	0.9416976508365726	HIGH		CC	NA	NONCANONICAL	385	0	0.0	0	0
GCA_014754425.2	SCBI_Odam_1.1	Oryx dammah	Oryx dammah	Scaffold	ok	exon_2	2	304	1.0	1.0	1.0	0.8980263157894737	0.0	304	304	304	273	31	21327205.0	21327509.0	0.9745065789473685	HIGH	AG	GT	CANONICAL	CANONICAL	505	0	0.0	0	0
GCA_014754425.2	SCBI_Odam_1.1	Oryx dammah	Oryx dammah	Scaffold	ok	exon_3	3	837	0.970131421744325	0.992831541218638	0.970131421744325	0.8879310344827587	0.0	812	812	831	721	91	21329880.0	21330835.0	0.958541898405636	HIGH	AG	GT	CANONICAL	CANONICAL	1156	0	0.0	0	0
GCA_014754425.2	SCBI_Odam_1.1	Oryx dammah	Oryx dammah	Scaffold	ok	exon_4	4	213	0.8732394366197183	0.8779342723004695	0.8732394366197183	0.9032258064516129	0.0	186	186	187	168	18	21338599.0	21338785.0	0.9187641980917765	HIGH			NA	NA	387	0	0.0	0	0
GCA_014754425.2	SCBI_Odam_1.1	Oryx dammah	Oryx dammah	Scaffold	ok	exon_5	5	124	0.9919354838709677	0.9919354838709677	0.9919354838709677	0.8861788617886179	0.0	123	123	123	109	14	21342146.0	21342268.0	0.96791568318909	HIGH	GA	GT	NONCANONICAL	CANONICAL	323	0	0.0	0	0
GCA_014754425.2	SCBI_Odam_1.1	Oryx dammah	Oryx dammah	Scaffold	ok	exon_6	6	1115	0.9533632286995516	0.9847533632286996	0.9533632286995516	0.8701787394167451	0.0	1063	1063	1098	925	138	21343085.0	21344150.0	0.9465581377689845	HIGH	AG		CANONICAL	NA	1266	0	0.0	0	0
GCA_014926565.1	Klec_v1.0	Kobus leche leche	Kobus leche	Scaffold	ok	exon_1	1	194	0.9432989690721649	0.9690721649484536	0.9432989690721649	0.8469945355191257	0.0	183	183	188	155	28	1201550.0	1201733.0	0.9362331699622557	HIGH		CC	NA	NONCANONICAL	384	0	0.0	0	0
GCA_014926565.1	Klec_v1.0	Kobus leche leche	Kobus leche	Scaffold	ok	exon_2	2	304	0.9967105263157895	0.9967105263157895	0.9967105263157895	0.8778877887788779	0.0	303	303	303	266	37	1198622.0	1198924.0	0.9679916840368248	HIGH	AG	AG	CANONICAL	NONCANONICAL	503	0	0.0	0	0
GCA_014926565.1	Klec_v1.0	Kobus leche leche	Kobus leche	Scaffold	ok	exon_3	3	837	0.9522102747909199	0.992831541218638	0.9522102747909199	0.8946047678795483	0.0	797	797	831	713	84	1195222.0	1196159.0	0.9521458156258011	HIGH	AA	GT	NONCANONICAL	CANONICAL	1138	0	0.0	0	0
GCA_014926565.1	Klec_v1.0	Kobus leche leche	Kobus leche	Scaffold	ok	exon_4	4	213	0.8685446009389671	0.8732394366197183	0.8685446009389671	0.9081081081081082	0.0	185	185	186	168	17	1187113.0	1187297.0	0.9178720974495622	HIGH			NA	NA	385	0	0.0	0	0
GCA_014926565.1	Klec_v1.0	Kobus leche leche	Kobus leche	Scaffold	ok	exon_5	5	124	0.9919354838709677	0.9919354838709677	0.9919354838709677	0.8943089430894309	0.0	123	123	123	110	13	1183618.0	1183740.0	0.9699482035142932	HIGH	GA	GT	NONCANONICAL	CANONICAL	323	0	0.0	0	0
GCA_014926565.1	Klec_v1.0	Kobus leche leche	Kobus leche	Scaffold	ok	exon_6	6	1115	0.967713004484305	1.0	0.967713004484305	0.8637627432808156	0.0	1079	1079	1115	932	147	1181716.0	1182796.0	0.9514115378381411	HIGH	AG		CANONICAL	NA	1281	0	0.0	0	0
GCA_015443085.1	Saanen_v1	Capra hircus	Capra hircus	Chromosome	ok	exon_1	1	194	0.9432989690721649	0.9690721649484536	0.9432989690721649	0.8469945355191257	0.0	183	183	188	155	28	21043157.0	21043343.0	0.9362331699622557	HIGH		CC	NA	NONCANONICAL	387	0	0.0	0	0
GCA_015443085.1	Saanen_v1	Capra hircus	Capra hircus	Chromosome	ok	exon_2	2	304	1.0	1.0	1.0	0.8947368421052632	0.0	304	304	304	272	32	21045991.0	21046295.0	0.9736842105263158	HIGH	AG	GT	CANONICAL	CANONICAL	505	0	0.0	0	0
GCA_015443085.1	Saanen_v1	Capra hircus	Capra hircus	Chromosome	ok	exon_3	3	837	0.9629629629629629	0.992831541218638	0.9629629629629629	0.8833746898263027	0.0	806	806	831	712	94	21048657.0	21049612.0	0.954177005789909	HIGH	AG	GT	CANONICAL	CANONICAL	1156	0	0.0	0	0
GCA_015443085.1	Saanen_v1	Capra hircus	Capra hircus	Chromosome	ok	exon_4	4	213	0.9953051643192489	1.0	0.9953051643192489	0.8915094339622641	0.0	212	212	213	189	23	21056615.0	21057554.0	0.9707646824342281	HIGH	AG	GT	CANONICAL	CANONICAL	1140	0	0.0	0	0
GCA_015443085.1	Saanen_v1	Capra hircus	Capra hircus	Chromosome	ok	exon_5	5	124	0.9919354838709677	0.9919354838709677	0.9919354838709677	0.9105691056910569	0.0	123	123	123	112	11	21060963.0	21061085.0	0.9740132441646998	HIGH	GA	GC	NONCANONICAL	CANONICAL	323	0	0.0	0	0
GCA_015443085.1	Saanen_v1	Capra hircus	Capra hircus	Chromosome	ok	exon_6	6	1115	0.9524663677130045	0.9847533632286996	0.9524663677130045	0.8700564971751412	0.0	1062	1062	1098	924	138	21061909.0	21062972.0	0.9461239897646374	HIGH	AG		CANONICAL	NA	1264	0	0.0	0	0
GCA_015832495.2	NRM_Aalces_2_0.fsa	Alces alces	Alces alces	Scaffold	ok	exon_1	1	194	0.8762886597938144	0.8762886597938144	0.8762886597938144	0.8588235294117647	0.0	170	170	170	146	24	47433048.0	47433217.0	0.9090357792601577	HIGH			NA	NA	370	0	0.0	0	0
GCA_015832495.2	NRM_Aalces_2_0.fsa	Alces alces	Alces alces	Scaffold	ok	exon_2	2	304	0.9736842105263158	1.0	0.9736842105263158	0.8986486486486487	0.0	296	296	304	266	30	47435866.0	47436980.0	0.9628200568990044	HIGH	AG	GT	CANONICAL	CANONICAL	1315	0	0.0	0	0
GCA_015832495.2	NRM_Aalces_2_0.fsa	Alces alces	Alces alces	Scaffold	ok	exon_3	3	837	0.980884109916368	1.0	0.980884109916368	0.8879415347137637	0.0	821	821	837	729	92	47439330.0	47440428.0	0.9633832331408065	HIGH	AG	GT	CANONICAL	CANONICAL	1299	0	0.0	0	0
GCA_015832495.2	NRM_Aalces_2_0.fsa	Alces alces	Alces alces	Scaffold	ok	exon_4	4	213	0.8732394366197183	0.8779342723004695	0.8732394366197183	0.8870967741935484	0.0	186	186	187	165	21	47448057.0	47448242.0	0.9147319400272603	HIGH			NA	NA	386	0	0.0	0	0
GCA_015832495.2	NRM_Aalces_2_0.fsa	Alces alces	Alces alces	Scaffold	ok	exon_5	5	124	0.9919354838709677	0.9919354838709677	0.9919354838709677	0.8861788617886179	0.0	123	123	123	109	14	47451224.0	47451346.0	0.96791568318909	HIGH	GA	GT	NONCANONICAL	CANONICAL	323	0	0.0	0	0
GCA_015832495.2	NRM_Aalces_2_0.fsa	Alces alces	Alces alces	Scaffold	ok	exon_6	6	1115	0.9515695067264573	1.0	0.9515695067264573	0.8737040527803959	0.0	1061	1061	1115	927	134	47452163.0	47453224.0	0.9466322912220049	HIGH	AG		CANONICAL	NA	1262	0	0.0	0	0
GCA_016433095.1	ASM1643309v1	Hippotragus equinus	Hippotragus equinus	Scaffold	ok	exon_1	1	194	0.9432989690721649	0.9690721649484536	0.9432989690721649	0.8633879781420765	0.0	183	183	188	158	25	369135.0	369318.0	0.9403315306179933	HIGH		CC	NA	NONCANONICAL	384	0	0.0	0	0
GCA_016433095.1	ASM1643309v1	Hippotragus equinus	Hippotragus equinus	Scaffold	ok	exon_2	2	304	1.0	1.0	1.0	0.8980263157894737	0.0	304	304	304	273	31	366243.0	366547.0	0.9745065789473685	HIGH	AG	GT	CANONICAL	CANONICAL	505	0	0.0	0	0
GCA_016433095.1	ASM1643309v1	Hippotragus equinus	Hippotragus equinus	Scaffold	ok	exon_3	3	837	0.972520908004779	0.992831541218638	0.972520908004779	0.8894348894348895	0.0	814	814	831	724	90	362902.0	363859.0	0.9599931309608729	HIGH	AG	GT	CANONICAL	CANONICAL	1158	0	0.0	0	0
GCA_016433095.1	ASM1643309v1	Hippotragus equinus	Hippotragus equinus	Scaffold	ok	exon_4	4	213	0.9906103286384976	1.0	0.9906103286384976	0.9052132701421801	0.0	211	211	213	191	20	354922.0	355861.0	0.9720779654228691	HIGH	AG	GT	CANONICAL	CANONICAL	1140	0	0.0	0	0
GCA_016433095.1	ASM1643309v1	Hippotragus equinus	Hippotragus equinus	Scaffold	ok	exon_5	5	124	0.9919354838709677	0.9919354838709677	0.9919354838709677	0.8861788617886179	0.0	123	123	123	109	14	351438.0	351560.0	0.96791568318909	HIGH	GA	GT	NONCANONICAL	CANONICAL	323	0	0.0	0	0
GCA_016433095.1	ASM1643309v1	Hippotragus equinus	Hippotragus equinus	Scaffold	ok	exon_6	6	1115	0.9533632286995516	0.9847533632286996	0.9533632286995516	0.8758231420507996	0.0	1063	1063	1098	931	132	349556.0	350621.0	0.9479692384274981	HIGH	AG		CANONICAL	NA	1266	0	0.0	0	0
GCA_016772045.2	ARS-UI_Ramb_v3.0	Ovis aries	Ovis aries	Chromosome	ok	exon_1	1	194	0.9432989690721649	0.9690721649484536	0.9432989690721649	0.8524590163934426	0.0	183	183	188	156	27	21046625.0	21046811.0	0.9375992901808349	HIGH		CC	NA	NONCANONICAL	387	0	0.0	0	0
GCA_016772045.2	ARS-UI_Ramb_v3.0	Ovis aries	Ovis aries	Chromosome	ok	exon_2	2	304	1.0	1.0	1.0	0.8947368421052632	0.0	304	304	304	272	32	21049960.0	21050264.0	0.9736842105263158	HIGH	AG	GT	CANONICAL	CANONICAL	505	0	0.0	0	0
GCA_016772045.2	ARS-UI_Ramb_v3.0	Ovis aries	Ovis aries	Chromosome	ok	exon_3	3	837	0.9713261648745519	0.992831541218638	0.9713261648745519	0.8868388683886839	0.0	813	813	831	721	92	21052623.0	21053619.0	0.9588064912907194	HIGH	AG	GT	CANONICAL	CANONICAL	1197	0	0.0	0	0
GCA_016772045.2	ARS-UI_Ramb_v3.0	Ovis aries	Ovis aries	Chromosome	ok	exon_4	4	213	0.8732394366197183	0.8779342723004695	0.8732394366197183	0.8978494623655914	0.0	186	186	187	167	19	21061378.0	21061563.0	0.9174201120702711	HIGH			NA	NA	386	0	0.0	0	0
GCA_016772045.2	ARS-UI_Ramb_v3.0	Ovis aries	Ovis aries	Chromosome	ok	exon_5	5	124	0.9919354838709677	0.9919354838709677	0.9919354838709677	0.9024390243902439	0.0	123	123	123	111	12	21064913.0	21065035.0	0.9719807238394965	HIGH	GA	GC	NONCANONICAL	CANONICAL	323	0	0.0	0	0
GCA_016772045.2	ARS-UI_Ramb_v3.0	Ovis aries	Ovis aries	Chromosome	ok	exon_6	6	1115	0.9524663677130045	0.9847533632286996	0.9524663677130045	0.8700564971751412	0.0	1062	1062	1098	924	138	21065857.0	21066920.0	0.9461239897646374	HIGH	AG		CANONICAL	NA	1264	0	0.0	0	0
GCA_017311355.1	CVASU_Gayal_001	Bos frontalis	Bos frontalis	Contig	ok	exon_1	1	194	0.0	0.0	0.0	0.0		0	0	0	0	0			0.2	UNRESOLVED			NA	NA	0	0		0	0
GCA_017311355.1	CVASU_Gayal_001	Bos frontalis	Bos frontalis	Contig	ok	exon_2	2	304	0.0	0.0	0.0	0.0		0	0	0	0	0			0.2	UNRESOLVED			NA	NA	0	0		0	0
GCA_017311355.1	CVASU_Gayal_001	Bos frontalis	Bos frontalis	Contig	ok	exon_3	3	837	0.0	0.0	0.0	0.0		0	0	0	0	0			0.2	UNRESOLVED			NA	NA	0	0		0	0
GCA_017311355.1	CVASU_Gayal_001	Bos frontalis	Bos frontalis	Contig	ok	exon_4	4	213	0.8732394366197183	0.8779342723004695	0.8732394366197183	0.9086021505376344	0.0	186	186	187	169	17	1278.0	1463.0	0.8701082841132819	HIGH			NA	NA	386	0	0.0	0	0
GCA_017311355.1	CVASU_Gayal_001	Bos frontalis	Bos frontalis	Contig	ok	exon_5	5	124	0.9919354838709677	0.9919354838709677	0.9919354838709677	0.9024390243902439	0.0	123	123	123	111	12	4284.0	4406.0	0.9219807238394966	HIGH	GA	GT	NONCANONICAL	CANONICAL	323	0	0.0	0	0
GCA_017311355.1	CVASU_Gayal_001	Bos frontalis	Bos frontalis	Contig	ok	exon_6	6	1115	0.9641255605381166	1.0	0.9641255605381166	0.8744186046511628	0.0	1075	1075	1115	940	135	5232.0	6307.0	0.9024611534049433	HIGH	AG		CANONICAL	NA	1276	0	0.0	0	0
GCA_017524585.1	CAU_O.aries_1.0	Ovis aries	Ovis aries	Chromosome	ok	exon_1	1	194	0.9432989690721649	0.9690721649484536	0.9432989690721649	0.8524590163934426	0.0	183	183	188	156	27	21237016.0	21237202.0	0.9375992901808349	HIGH		CC	NA	NONCANONICAL	387	0	0.0	0	0
GCA_017524585.1	CAU_O.aries_1.0	Ovis aries	Ovis aries	Chromosome	ok	exon_2	2	304	0.993421052631579	1.0	0.993421052631579	0.8940397350993378	0.0	302	302	304	270	32	21239854.0	21240156.0	0.970549407459045	HIGH	AG	GT	CANONICAL	CANONICAL	503	0	0.0	0	0
GCA_017524585.1	CAU_O.aries_1.0	Ovis aries	Ovis aries	Chromosome	ok	exon_3	3	837	0.9713261648745519	0.992831541218638	0.9713261648745519	0.8868388683886839	0.0	813	813	831	721	92	21242493.0	21243486.0	0.9588064912907194	HIGH	AG	GT	CANONICAL	CANONICAL	1194	0	0.0	0	0
GCA_017524585.1	CAU_O.aries_1.0	Ovis aries	Ovis aries	Chromosome	ok	exon_4	4	213	0.8732394366197183	0.8779342723004695	0.8732394366197183	0.8978494623655914	0.0	186	186	187	167	19	21251232.0	21251417.0	0.9174201120702711	HIGH			NA	NA	386	0	0.0	0	0
GCA_017524585.1	CAU_O.aries_1.0	Ovis aries	Ovis aries	Chromosome	ok	exon_5	5	124	0.9919354838709677	0.9919354838709677	0.9919354838709677	0.9024390243902439	0.0	123	123	123	111	12	21254764.0	21254886.0	0.9719807238394965	HIGH	GA	GC	NONCANONICAL	CANONICAL	323	0	0.0	0	0
GCA_017524585.1	CAU_O.aries_1.0	Ovis aries	Ovis aries	Chromosome	ok	exon_6	6	1115	0.9524663677130045	0.9847533632286996	0.9524663677130045	0.8709981167608286	0.0	1062	1062	1098	925	137	21255708.0	21256771.0	0.9463593946610592	HIGH	AG		CANONICAL	NA	1264	0	0.0	0	0
GCA_018282235.1	ASM1828223v1	Giraffa camelopardalis antiquorum	Giraffa camelopardalis	Scaffold	ok	exon_1	1	194	0.9742268041237113	0.979381443298969	0.9742268041237113	0.873015873015873	0.0	189	189	190	165	24	48719432.0	48719620.0	0.9566560301096384	HIGH		CC	NA	NONCANONICAL	389	0	0.0	0	0
GCA_018282235.1	ASM1828223v1	Giraffa camelopardalis antiquorum	Giraffa camelopardalis	Scaffold	ok	exon_2	2	304	0.9967105263157895	1.0	0.9967105263157895	0.9075907590759076	0.0	303	303	304	275	28	48716487.0	48716789.0	0.9754174266110822	HIGH	AG	GT	CANONICAL	CANONICAL	503	0	0.0	0	0
GCA_018282235.1	ASM1828223v1	Giraffa camelopardalis antiquorum	Giraffa camelopardalis	Scaffold	ok	exon_3	3	837	0.97610513739546	1.0	0.97610513739546	0.8971848225214198	0.0	817	817	837	733	84	48713309.0	48714126.0	0.963543517458312	HIGH	AG	GT	CANONICAL	CANONICAL	1018	0	0.0	0	0
GCA_018282235.1	ASM1828223v1	Giraffa camelopardalis antiquorum	Giraffa camelopardalis	Scaffold	ok	exon_4	4	213	0.9953051643192489	1.0	0.9953051643192489	0.8820754716981132	0.0	212	212	213	187	25	48704557.0	48704768.0	0.9684061918681903	HIGH	AG	GT	CANONICAL	CANONICAL	412	0	0.0	0	0
GCA_018282235.1	ASM1828223v1	Giraffa camelopardalis antiquorum	Giraffa camelopardalis	Scaffold	ok	exon_5	5	124	0.9919354838709677	0.9919354838709677	0.9919354838709677	0.8943089430894309	0.0	123	123	123	110	13	48701081.0	48701203.0	0.9699482035142932	HIGH	GA	GT	NONCANONICAL	CANONICAL	323	0	0.0	0	0
GCA_018282235.1	ASM1828223v1	Giraffa camelopardalis antiquorum	Giraffa camelopardalis	Scaffold	ok	exon_6	6	1115	0.9955156950672646	1.0	0.9955156950672646	0.8855855855855855	0.0	1110	1110	1115	983	127	48699150.0	48700259.0	0.9693784591766655	HIGH	AG		CANONICAL	NA	1310	0	0.0	0	0
GCA_018282365.1	ARS-UCSC_bison1.0	Bos taurus x Bison bison	Bos taurus x Bison bison	Chromosome	ok	exon_1	1	194	0.8917525773195877	0.8969072164948454	0.8917525773195877	0.8786127167630058	0.0	173	173	174	152	21	33727913.0	33728085.0	0.9209418389845659	HIGH			NA	NA	373	0	0.0	0	0
GCA_018282365.1	ARS-UCSC_bison1.0	Bos taurus x Bison bison	Bos taurus x Bison bison	Chromosome	ok	exon_2	2	304	1.0	1.0	1.0	0.9046052631578947	0.0	304	304	304	275	29	33730582.0	33730885.0	0.9761513157894737	HIGH	AG	GT	CANONICAL	CANONICAL	504	0	0.0	0	0
GCA_018282365.1	ARS-UCSC_bison1.0	Bos taurus x Bison bison	Bos taurus x Bison bison	Chromosome	ok	exon_3	3	837	0.946236559139785	0.966547192353644	0.946236559139785	0.8787878787878788	0.0	792	792	809	696	96	33733741.0	33734532.0	0.945503421309873	HIGH	AG	AC	CANONICAL	NONCANONICAL	992	0	0.0	0	0
GCA_018282365.1	ARS-UCSC_bison1.0	Bos taurus x Bison bison	Bos taurus x Bison bison	Chromosome	ok	exon_4	4	213	0.9953051643192489	1.0	0.9953051643192489	0.9009433962264151	0.0	212	212	213	191	21	33741897.0	33742836.0	0.9731231730002659	HIGH	AG	GT	CANONICAL	CANONICAL	1140	0	0.0	0	0
GCA_018282365.1	ARS-UCSC_bison1.0	Bos taurus x Bison bison	Bos taurus x Bison bison	Chromosome	ok	exon_5	5	124	0.9596774193548387	0.9596774193548387	0.9596774193548387	0.8991596638655462	0.0	119	119	119	107	12	33745656.0	33745774.0	0.956644754676064	HIGH	GA	GT	NONCANONICAL	CANONICAL	319	0	0.0	0	0
GCA_018282365.1	ARS-UCSC_bison1.0	Bos taurus x Bison bison	Bos taurus x Bison bison	Chromosome	ok	exon_6	6	1115	0.9641255605381166	1.0	0.9641255605381166	0.8753488372093023	0.0	1075	1075	1115	941	134	33746598.0	33747673.0	0.9526937115444781	HIGH	AG		CANONICAL	NA	1276	0	0.0	0	0
GCA_018282465.1	ARS_Simm1.0	Bos taurus x Bison bison	Bos taurus x Bison bison	Chromosome	ok	exon_1	1	194	0.8917525773195877	0.8969072164948454	0.8917525773195877	0.8728323699421965	0.0	173	173	174	151	22	33904532.0	33904704.0	0.9194967522793636	HIGH			NA	NA	373	0	0.0	0	0
GCA_018282465.1	ARS_Simm1.0	Bos taurus x Bison bison	Bos taurus x Bison bison	Chromosome	ok	exon_2	2	304	1.0	1.0	1.0	0.9078947368421053	0.0	304	304	304	276	28	33907358.0	33907661.0	0.9769736842105263	HIGH	AG	GT	CANONICAL	CANONICAL	504	0	0.0	0	0
GCA_018282465.1	ARS_Simm1.0	Bos taurus x Bison bison	Bos taurus x Bison bison	Chromosome	ok	exon_3	3	837	0.942652329749104	0.966547192353644	0.942652329749104	0.8846641318124208	0.0	789	789	809	698	91	33910198.0	33910988.0	0.945359581340202	HIGH	AG	AC	CANONICAL	NONCANONICAL	991	0	0.0	0	0
GCA_018282465.1	ARS_Simm1.0	Bos taurus x Bison bison	Bos taurus x Bison bison	Chromosome	ok	exon_4	4	213	0.9953051643192489	1.0	0.9953051643192489	0.9056603773584906	0.0	212	212	213	192	20	33918337.0	33919276.0	0.9743024182832847	HIGH	AG	GT	CANONICAL	CANONICAL	1140	0	0.0	0	0
GCA_018282465.1	ARS_Simm1.0	Bos taurus x Bison bison	Bos taurus x Bison bison	Chromosome	ok	exon_5	5	124	0.9919354838709677	0.9919354838709677	0.9919354838709677	0.9024390243902439	0.0	123	123	123	111	12	33922076.0	33922198.0	0.9719807238394965	HIGH	GA	GT	NONCANONICAL	CANONICAL	323	0	0.0	0	0
GCA_018282465.1	ARS_Simm1.0	Bos taurus x Bison bison	Bos taurus x Bison bison	Chromosome	ok	exon_6	6	1115	0.9641255605381166	1.0	0.9641255605381166	0.8762790697674419	0.0	1075	1075	1115	942	133	33923023.0	33924098.0	0.9529262696840131	HIGH	AG		CANONICAL	NA	1276	0	0.0	0	0
GCA_018804185.1	NWAFU_Friesian_1.0	Ovis aries	Ovis aries	Chromosome	ok	exon_1	1	194	0.9432989690721649	0.9690721649484536	0.9432989690721649	0.8524590163934426	0.0	183	183	188	156	27	21320076.0	21320262.0	0.9375992901808349	HIGH		CC	NA	NONCANONICAL	387	0	0.0	0	0
GCA_018804185.1	NWAFU_Friesian_1.0	Ovis aries	Ovis aries	Chromosome	ok	exon_2	2	304	0.993421052631579	1.0	0.993421052631579	0.8940397350993378	0.0	302	302	304	270	32	21322913.0	21323215.0	0.970549407459045	HIGH	AG	GT	CANONICAL	CANONICAL	503	0	0.0	0	0
GCA_018804185.1	NWAFU_Friesian_1.0	Ovis aries	Ovis aries	Chromosome	ok	exon_3	3	837	0.959378733572282	0.98805256869773	0.959378733572282	0.8854296388542964	0.0	803	803	827	711	92	21325451.0	21326413.0	0.9530778398211011	HIGH	AG	GT	CANONICAL	CANONICAL	1163	0	0.0	0	0
GCA_018804185.1	NWAFU_Friesian_1.0	Ovis aries	Ovis aries	Chromosome	ok	exon_4	4	213	0.8732394366197183	0.8779342723004695	0.8732394366197183	0.8978494623655914	0.0	186	186	187	167	19	21334172.0	21334357.0	0.9174201120702711	HIGH			NA	NA	386	0	0.0	0	0
GCA_018804185.1	NWAFU_Friesian_1.0	Ovis aries	Ovis aries	Chromosome	ok	exon_5	5	124	0.9919354838709677	0.9919354838709677	0.9919354838709677	0.9024390243902439	0.0	123	123	123	111	12	21337704.0	21337826.0	0.9719807238394965	HIGH	GA	GC	NONCANONICAL	CANONICAL	323	0	0.0	0	0
GCA_018804185.1	NWAFU_Friesian_1.0	Ovis aries	Ovis aries	Chromosome	ok	exon_6	6	1115	0.9524663677130045	0.9847533632286996	0.9524663677130045	0.8700564971751412	0.0	1062	1062	1098	924	138	21338648.0	21339711.0	0.9461239897646374	HIGH	AG		CANONICAL	NA	1264	0	0.0	0	0
GCA_019320065.1	ASM1932006v1	Cervus canadensis	Cervus canadensis	Chromosome	ok	exon_1	1	194	0.9639175257731959	0.9690721649484536	0.9639175257731959	0.8770053475935828	0.0	187	187	188	164	23	45812667.0	45812853.0	0.9363475568296673	HIGH		CC	NA	NONCANONICAL	387	0	0.0	0	0
GCA_019320065.1	ASM1932006v1	Cervus canadensis	Cervus canadensis	Chromosome	ok	exon_2	2	304	0.9703947368421053	0.9967105263157895	0.9703947368421053	0.911864406779661	0.0	295	295	303	269	26	45815518.0	45816634.0	0.947977066607196	HIGH	AG	AG	CANONICAL	NONCANONICAL	1317	0	0.0	0	0
GCA_019320065.1	ASM1932006v1	Cervus canadensis	Cervus canadensis	Chromosome	ok	exon_3	3	837	0.980884109916368	1.0	0.980884109916368	0.8855054811205847	0.0	821	821	837	727	94	45819018.0	45820116.0	0.9461075530758452	HIGH	AG	GT	CANONICAL	CANONICAL	1299	0	0.0	0	0
GCA_019320065.1	ASM1932006v1	Cervus canadensis	Cervus canadensis	Chromosome	ok	exon_4	4	213	0.0	0.0	0.0	0.0		0	0	0	0	0			0.23333333333333334	UNRESOLVED			NA	NA	0	0		0	0
GCA_019320065.1	ASM1932006v1	Cervus canadensis	Cervus canadensis	Chromosome	ok	exon_5	5	124	0.9919354838709677	0.9919354838709677	0.9919354838709677	0.8861788617886179	0.0	123	123	123	109	14	45826728.0	45826850.0	0.9512490165224234	HIGH	GA	GT	NONCANONICAL	CANONICAL	323	0	0.0	0	0
GCA_019320065.1	ASM1932006v1	Cervus canadensis	Cervus canadensis	Chromosome	ok	exon_6	6	1115	0.9551569506726457	1.0	0.9551569506726457	0.8723004694835681	0.0	1065	1065	1115	929	136	45827655.0	45828719.0	0.931229078506916	HIGH	AG		CANONICAL	NA	1265	0	0.0	0	0
GCA_019593525.1	ASM1959352v1	Addax nasomaculatus	Addax nasomaculatus	Scaffold	ok	exon_1	1	194	0.9432989690721649	0.9690721649484536	0.9432989690721649	0.8688524590163934	0.0	183	183	188	159	24	18305870.0	18306053.0	0.9416976508365726	HIGH		CC	NA	NONCANONICAL	384	0	0.0	0	0
GCA_019593525.1	ASM1959352v1	Addax nasomaculatus	Addax nasomaculatus	Scaffold	ok	exon_2	2	304	1.0	1.0	1.0	0.8914473684210527	0.0	304	304	304	271	33	18308691.0	18308995.0	0.9728618421052633	HIGH	AG	GT	CANONICAL	CANONICAL	505	0	0.0	0	0
GCA_019593525.1	ASM1959352v1	Addax nasomaculatus	Addax nasomaculatus	Scaffold	ok	exon_3	3	837	0.9713261648745519	0.992831541218638	0.9713261648745519	0.8892988929889298	0.0	813	813	831	723	90	18311366.0	18312322.0	0.9594214974407809	HIGH	AG	GT	CANONICAL	CANONICAL	1157	0	0.0	0	0
GCA_019593525.1	ASM1959352v1	Addax nasomaculatus	Addax nasomaculatus	Scaffold	ok	exon_4	4	213	0.8732394366197183	0.8779342723004695	0.8732394366197183	0.9032258064516129	0.0	186	186	187	168	18	18320268.0	18320454.0	0.9187641980917765	HIGH			NA	NA	387	0	0.0	0	0
GCA_019593525.1	ASM1959352v1	Addax nasomaculatus	Addax nasomaculatus	Scaffold	ok	exon_5	5	124	0.9919354838709677	0.9919354838709677	0.9919354838709677	0.8943089430894309	0.0	123	123	123	110	13	18323645.0	18323767.0	0.9699482035142932	HIGH	GA	GT	NONCANONICAL	CANONICAL	323	0	0.0	0	0
GCA_019593525.1	ASM1959352v1	Addax nasomaculatus	Addax nasomaculatus	Scaffold	ok	exon_6	6	1115	0.9533632286995516	0.9847533632286996	0.9533632286995516	0.8720602069614299	0.0	1063	1063	1098	927	136	18324584.0	18325649.0	0.9470285046551558	HIGH	AG		CANONICAL	NA	1266	0	0.0	0	0
GCA_019903745.2	ULRtarCaribou_2v2	Rangifer tarandus caribou	Rangifer tarandus	Chromosome	ok	exon_1	1	194	0.979381443298969	0.979381443298969	0.979381443298969	0.868421052631579	0.0	190	190	190	165	25	27529046.0	27529235.0	0.9578269126424308	HIGH		CC	NA	NONCANONICAL	390	0	0.0	0	0
GCA_019903745.2	ULRtarCaribou_2v2	Rangifer tarandus caribou	Rangifer tarandus	Chromosome	ok	exon_2	2	304	0.9703947368421053	1.0	0.9703947368421053	0.9152542372881356	0.0	295	295	304	270	25	27525312.0	27526427.0	0.9654911909009813	HIGH	AG	GT	CANONICAL	CANONICAL	1316	0	0.0	0	0
GCA_019903745.2	ULRtarCaribou_2v2	Rangifer tarandus caribou	Rangifer tarandus	Chromosome	ok	exon_3	3	837	0.978494623655914	1.0	0.978494623655914	0.8827838827838828	0.0	819	819	837	723	96	27521835.0	27522931.0	0.961018551341132	HIGH	AG	GT	CANONICAL	CANONICAL	1297	0	0.0	0	0
GCA_019903745.2	ULRtarCaribou_2v2	Rangifer tarandus caribou	Rangifer tarandus	Chromosome	ok	exon_4	4	213	0.8732394366197183	0.8779342723004695	0.8732394366197183	0.8978494623655914	0.0	186	186	187	167	19	27514638.0	27514823.0	0.9174201120702711	HIGH			NA	NA	386	0	0.0	0	0
GCA_019903745.2	ULRtarCaribou_2v2	Rangifer tarandus caribou	Rangifer tarandus	Chromosome	ok	exon_5	5	124	0.9919354838709677	0.9919354838709677	0.9919354838709677	0.8943089430894309	0.0	123	123	123	110	13	27511532.0	27511654.0	0.9699482035142932	HIGH	GA	GT	NONCANONICAL	CANONICAL	323	0	0.0	0	0
GCA_019903745.2	ULRtarCaribou_2v2	Rangifer tarandus caribou	Rangifer tarandus	Chromosome	ok	exon_6	6	1115	0.9479820627802691	1.0	0.9479820627802691	0.8722800378429517	0.0	1057	1057	1115	922	135	27509658.0	27510714.0	0.944661937711859	HIGH	AG		CANONICAL	NA	1257	0	0.0	0	0
GCA_019923935.1	NDDB_SH_1	Bubalus bubalis	Bubalus bubalis	Chromosome	ok	exon_1	1	194	0.0	0.0	0.0	0.0		0	0	0	0	0			0.21666666666666667	UNRESOLVED			NA	NA	0	0		0	0
GCA_019923935.1	NDDB_SH_1	Bubalus bubalis	Bubalus bubalis	Chromosome	ok	exon_2	2	304	0.0	0.0	0.0	0.0		0	0	0	0	0			0.21666666666666667	UNRESOLVED			NA	NA	0	0		0	0
GCA_019923935.1	NDDB_SH_1	Bubalus bubalis	Bubalus bubalis	Chromosome	ok	exon_3	3	837	0.931899641577061	0.966547192353644	0.931899641577061	0.8833333333333333	0.0	780	780	809	689	91	70396816.0	70397595.0	0.9068548387096774	HIGH	AG	AC	CANONICAL	NONCANONICAL	980	0	0.0	0	0
GCA_019923935.1	NDDB_SH_1	Bubalus bubalis	Bubalus bubalis	Chromosome	ok	exon_4	4	213	0.9953051643192489	1.0	0.9953051643192489	0.8962264150943396	0.0	212	212	213	190	22	70382583.0	70383522.0	0.9386105943839136	HIGH	AG	GT	CANONICAL	CANONICAL	1140	0	0.0	0	0
GCA_019923935.1	NDDB_SH_1	Bubalus bubalis	Bubalus bubalis	Chromosome	ok	exon_5	5	124	0.9919354838709677	0.9919354838709677	0.9919354838709677	0.9105691056910569	0.0	123	123	123	112	11	70379640.0	70379762.0	0.9406799108313665	HIGH	GA	GT	NONCANONICAL	CANONICAL	323	0	0.0	0	0
GCA_019923935.1	NDDB_SH_1	Bubalus bubalis	Bubalus bubalis	Chromosome	ok	exon_6	6	1115	0.9632286995515695	1.0	0.9632286995515695	0.8780260707635009	0.0	1074	1074	1115	943	131	70377730.0	70378803.0	0.9196260991557482	HIGH	AC		NONCANONICAL	NA	1274	0	0.0	0	0
GCA_019969365.1	SCBI_Ndam_1.0	Nanger dama ruficollis	Nanger dama	Scaffold	ok	exon_1	1	194	0.0	0.0	0.0	0.0		0	0	0	0	0			0.23333333333333334	UNRESOLVED			NA	NA	0	0		0	0
GCA_019969365.1	SCBI_Ndam_1.0	Nanger dama ruficollis	Nanger dama	Scaffold	ok	exon_2	2	304	0.9967105263157895	1.0	0.9967105263157895	0.8613861386138614	0.0	303	303	304	261	42	72759467.0	72759769.0	0.9471996048289041	HIGH	AG	GT	CANONICAL	CANONICAL	503	0	0.0	0	0
GCA_019969365.1	SCBI_Ndam_1.0	Nanger dama ruficollis	Nanger dama	Scaffold	ok	exon_3	3	837	0.974910394265233	1.0	0.974910394265233	0.8590686274509803	0.0	816	816	837	701	115	72761173.0	72761988.0	0.9368101676154333	HIGH	AG	GT	CANONICAL	CANONICAL	1016	0	0.0	0	0
GCA_019969365.1	SCBI_Ndam_1.0	Nanger dama ruficollis	Nanger dama	Scaffold	ok	exon_4	4	213	0.9953051643192489	1.0	0.9953051643192489	0.8867924528301887	0.0	212	212	213	188	24	72768783.0	72769702.0	0.9529187704845425	HIGH	AG	GT	CANONICAL	CANONICAL	1120	0	0.0	0	0
GCA_019969365.1	SCBI_Ndam_1.0	Nanger dama ruficollis	Nanger dama	Scaffold	ok	exon_5	5	124	0.9919354838709677	0.9919354838709677	0.9919354838709677	0.8699186991869918	0.0	123	123	123	107	16	72773054.0	72773176.0	0.9471839758720169	HIGH	GA	GT	NONCANONICAL	CANONICAL	323	0	0.0	0	0
GCA_019969365.1	SCBI_Ndam_1.0	Nanger dama ruficollis	Nanger dama	Scaffold	ok	exon_6	6	1115	0.967713004484305	1.0	0.967713004484305	0.8674698795180723	0.0	1079	1079	1115	936	143	72773981.0	72775059.0	0.9356716552307888	HIGH	AG		CANONICAL	NA	1279	0	0.0	0	0
GCA_020226025.1	ASM2022602v1	Muntiacus gongshanensis	Muntiacus gongshanensis	Scaffold	ok	exon_1	1	194	0.9690721649484536	0.9690721649484536	0.9690721649484536	0.8723404255319149	0.0	188	188	188	164	24	19437709.0	19437896.0	0.9541675806097829	HIGH		CC	NA	NONCANONICAL	388	0	0.0	0	0
GCA_020226025.1	ASM2022602v1	Muntiacus gongshanensis	Muntiacus gongshanensis	Scaffold	ok	exon_2	2	304	0.9736842105263158	1.0	0.9736842105263158	0.8783783783783784	0.0	296	296	304	260	36	19440537.0	19441653.0	0.9577524893314368	HIGH	AG	GT	CANONICAL	CANONICAL	1317	0	0.0	0	0
GCA_020226025.1	ASM2022602v1	Muntiacus gongshanensis	Muntiacus gongshanensis	Scaffold	ok	exon_3	3	837	0.980884109916368	1.0	0.980884109916368	0.8781973203410475	0.0	821	821	837	721	100	19444032.0	19445130.0	0.9609471795476275	HIGH	AG	GT	CANONICAL	CANONICAL	1299	0	0.0	0	0
GCA_020226025.1	ASM2022602v1	Muntiacus gongshanensis	Muntiacus gongshanensis	Scaffold	ok	exon_4	4	213	0.8732394366197183	0.8779342723004695	0.8732394366197183	0.8817204301075269	0.0	186	186	187	164	22	19452565.0	19452750.0	0.913387854005755	HIGH			NA	NA	386	0	0.0	0	0
GCA_020226025.1	ASM2022602v1	Muntiacus gongshanensis	Muntiacus gongshanensis	Scaffold	ok	exon_5	5	124	0.9919354838709677	0.9919354838709677	0.9919354838709677	0.8943089430894309	0.0	123	123	123	110	13	19455747.0	19455869.0	0.9699482035142932	HIGH	GA	GT	NONCANONICAL	CANONICAL	323	0	0.0	0	0
GCA_020226025.1	ASM2022602v1	Muntiacus gongshanensis	Muntiacus gongshanensis	Scaffold	ok	exon_6	6	1115	0.9551569506726457	1.0	0.9551569506726457	0.8666666666666667	0.0	1065	1065	1115	923	142	19456685.0	19457749.0	0.9464872944693573	HIGH	AG		CANONICAL	NA	1265	0	0.0	0	0
GCA_020226055.1	ASM2022605v1	Muntiacus crinifrons	Muntiacus crinifrons	Chromosome	ok	exon_1	1	194	0.9690721649484536	0.9690721649484536	0.9690721649484536	0.8829787234042553	0.0	188	188	188	166	22	220253657.0	220253844.0	0.956827155077868	HIGH		CC	NA	NONCANONICAL	388	0	0.0	0	0
GCA_020226055.1	ASM2022605v1	Muntiacus crinifrons	Muntiacus crinifrons	Chromosome	ok	exon_2	2	304	0.9736842105263158	1.0	0.9736842105263158	0.8817567567567568	0.0	296	296	304	261	35	220249904.0	220251021.0	0.9585970839260314	HIGH	AG	GT	CANONICAL	CANONICAL	1318	0	0.0	0	0
GCA_020226055.1	ASM2022605v1	Muntiacus crinifrons	Muntiacus crinifrons	Chromosome	ok	exon_3	3	837	0.980884109916368	1.0	0.980884109916368	0.881851400730816	0.0	821	821	837	724	97	220246427.0	220247525.0	0.9618606996450696	HIGH	AG	GT	CANONICAL	CANONICAL	1299	0	0.0	0	0
GCA_020226055.1	ASM2022605v1	Muntiacus crinifrons	Muntiacus crinifrons	Chromosome	ok	exon_4	4	213	0.8732394366197183	0.8779342723004695	0.8732394366197183	0.8870967741935484	0.0	186	186	187	165	21	220238803.0	220238988.0	0.9147319400272603	HIGH			NA	NA	386	0	0.0	0	0
GCA_020226055.1	ASM2022605v1	Muntiacus crinifrons	Muntiacus crinifrons	Chromosome	ok	exon_5	5	124	0.9919354838709677	0.9919354838709677	0.9919354838709677	0.8861788617886179	0.0	123	123	123	109	14	220235703.0	220235825.0	0.96791568318909	HIGH	GA	GT	NONCANONICAL	CANONICAL	323	0	0.0	0	0
GCA_020226055.1	ASM2022605v1	Muntiacus crinifrons	Muntiacus crinifrons	Chromosome	ok	exon_6	6	1115	0.9551569506726457	1.0	0.9551569506726457	0.8760563380281691	0.0	1065	1065	1115	933	132	220233823.0	220234887.0	0.9488347123097329	HIGH	AG		CANONICAL	NA	1265	0	0.0	0	0
GCA_020226075.1	ASM2022607v1	Hydropotes inermis	Hydropotes inermis	Chromosome	ok	exon_1	1	194	0.979381443298969	0.979381443298969	0.979381443298969	0.8473684210526315	0.0	190	190	190	161	29	47611339.0	47611529.0	0.952563754747694	HIGH		CA	NA	NONCANONICAL	391	0	0.0	0	0
GCA_020226075.1	ASM2022607v1	Hydropotes inermis	Hydropotes inermis	Chromosome	ok	exon_2	2	304	0.9703947368421053	1.0	0.9703947368421053	0.9050847457627119	0.0	295	295	304	267	28	47613246.0	47614363.0	0.9629488180196254	HIGH	AG	GT	CANONICAL	CANONICAL	1318	0	0.0	0	0
GCA_020226075.1	ASM2022607v1	Hydropotes inermis	Hydropotes inermis	Chromosome	ok	exon_3	3	837	0.9354838709677419	0.954599761051374	0.9354838709677419	0.8837803320561941	0.0	783	783	799	692	91	47616740.0	47617819.0	0.9419128249495324	HIGH	AG	GT	CANONICAL	CANONICAL	1280	0	0.0	0	0
GCA_020226075.1	ASM2022607v1	Hydropotes inermis	Hydropotes inermis	Chromosome	ok	exon_4	4	213	0.8732394366197183	0.8779342723004695	0.8732394366197183	0.8870967741935484	0.0	186	186	187	165	21	47625458.0	47625643.0	0.9147319400272603	HIGH			NA	NA	386	0	0.0	0	0
GCA_020226075.1	ASM2022607v1	Hydropotes inermis	Hydropotes inermis	Chromosome	ok	exon_5	5	124	0.9919354838709677	0.9919354838709677	0.9919354838709677	0.8861788617886179	0.0	123	123	123	109	14	47628634.0	47628756.0	0.96791568318909	HIGH	GA	GT	NONCANONICAL	CANONICAL	323	0	0.0	0	0
GCA_020226075.1	ASM2022607v1	Hydropotes inermis	Hydropotes inermis	Chromosome	ok	exon_6	6	1115	0.9551569506726457	1.0	0.9551569506726457	0.8741784037558685	0.0	1065	1065	1115	931	134	47629573.0	47630638.0	0.9483652287416577	HIGH	AG		CANONICAL	NA	1266	0	0.0	0	0
GCA_020276665.1	ASM2027666v1	Muntiacus crinifrons	Muntiacus crinifrons	Chromosome	ok	exon_1	1	194	0.9690721649484536	0.9690721649484536	0.9690721649484536	0.8829787234042553	0.0	188	188	188	166	22	221859556.0	221859743.0	0.956827155077868	HIGH		CC	NA	NONCANONICAL	388	0	0.0	0	0
GCA_020276665.1	ASM2027666v1	Muntiacus crinifrons	Muntiacus crinifrons	Chromosome	ok	exon_2	2	304	0.9736842105263158	1.0	0.9736842105263158	0.8817567567567568	0.0	296	296	304	261	35	221855801.0	221856918.0	0.9585970839260314	HIGH	AG	GT	CANONICAL	CANONICAL	1318	0	0.0	0	0
GCA_020276665.1	ASM2027666v1	Muntiacus crinifrons	Muntiacus crinifrons	Chromosome	ok	exon_3	3	837	0.980884109916368	1.0	0.980884109916368	0.876979293544458	0.0	821	821	837	720	101	221852324.0	221853422.0	0.9606426728484802	HIGH	AG	GT	CANONICAL	CANONICAL	1299	0	0.0	0	0
GCA_020276665.1	ASM2027666v1	Muntiacus crinifrons	Muntiacus crinifrons	Chromosome	ok	exon_4	4	213	0.8732394366197183	0.8779342723004695	0.8732394366197183	0.8870967741935484	0.0	186	186	187	165	21	221845678.0	221845863.0	0.9147319400272603	HIGH			NA	NA	386	0	0.0	0	0
GCA_020276665.1	ASM2027666v1	Muntiacus crinifrons	Muntiacus crinifrons	Chromosome	ok	exon_5	5	124	0.9919354838709677	0.9919354838709677	0.9919354838709677	0.8861788617886179	0.0	123	123	123	109	14	221842576.0	221842698.0	0.96791568318909	HIGH	AA	GT	NONCANONICAL	CANONICAL	323	0	0.0	0	0
GCA_020276665.1	ASM2027666v1	Muntiacus crinifrons	Muntiacus crinifrons	Chromosome	ok	exon_6	6	1115	0.9497757847533632	0.9964125560538116	0.9497757847533632	0.8772426817752597	0.0	1059	1059	1111	929	130	221840703.0	221841761.0	0.9467097735828285	HIGH	AG		CANONICAL	NA	1259	0	0.0	0	0
GCA_020976825.1	BYU_Ohem_2021	Odocoileus hemionus	Odocoileus hemionus	Chromosome	ok	exon_1	1	194	0.0	0.0	0.0	0.0		0	0	0	0	0			0.075	UNRESOLVED			NA	NA	0	0		0	0
GCA_020976825.1	BYU_Ohem_2021	Odocoileus hemionus	Odocoileus hemionus	Chromosome	ok	exon_2	2	304	0.0	0.0	0.0	0.0		0	0	0	0	0			0.075	UNRESOLVED			NA	NA	0	0		0	0
GCA_020976825.1	BYU_Ohem_2021	Odocoileus hemionus	Odocoileus hemionus	Chromosome	ok	exon_3	3	837	0.0	0.0	0.0	0.0		0	0	0	0	0			0.075	UNRESOLVED			NA	NA	0	0		0	0
GCA_020976825.1	BYU_Ohem_2021	Odocoileus hemionus	Odocoileus hemionus	Chromosome	ok	exon_4	4	213	0.0	0.0	0.0	0.0		0	0	0	0	0			0.075	UNRESOLVED			NA	NA	0	0		0	0
GCA_020976825.1	BYU_Ohem_2021	Odocoileus hemionus	Odocoileus hemionus	Chromosome	ok	exon_5	5	124	0.0	0.0	0.0	0.0		0	0	0	0	0			0.075	UNRESOLVED			NA	NA	0	0		0	0
GCA_020976825.1	BYU_Ohem_2021	Odocoileus hemionus	Odocoileus hemionus	Chromosome	ok	exon_6	6	1115	0.17847533632286997	0.18295964125560538	0.17847533632286997	0.6884422110552764	0.0	199	199	204	137	62	30296572.0	30296771.0	0.3774244541091106	UNRESOLVED			NA	NA	400	0	0.0	0	0
GCA_021018645.1	ASM2101864v1	Antilocapra americana	Antilocapra americana	Scaffold	ok	exon_1	1	194	0.9845360824742269	0.9896907216494846	0.9845360824742269	0.8586387434554974	0.0	191	191	192	164	27	2073340.0	2073530.0	0.9577009229772765	HIGH		AA	NA	NONCANONICAL	391	0	0.0	0	0
GCA_021018645.1	ASM2101864v1	Antilocapra americana	Antilocapra americana	Scaffold	ok	exon_2	2	304	0.9802631578947368	1.0	0.9802631578947368	0.87248322147651	0.0	298	298	304	260	38	2076469.0	2076766.0	0.9592392264217592	HIGH	AG	GT	CANONICAL	CANONICAL	498	0	0.0	0	0
GCA_021018645.1	ASM2101864v1	Antilocapra americana	Antilocapra americana	Scaffold	ok	exon_3	3	837	0.959378733572282	1.0	0.959378733572282	0.8717310087173101	0.0	803	803	837	700	103	2079130.0	2079935.0	0.9496531822868545	HIGH	AG	GT	CANONICAL	CANONICAL	1006	0	0.0	0	0
GCA_021018645.1	ASM2101864v1	Antilocapra americana	Antilocapra americana	Scaffold	ok	exon_4	4	213	0.9812206572769953	0.9906103286384976	0.9812206572769953	0.8803827751196173	0.0	209	209	211	184	25	2087389.0	2087597.0	0.9616449895545522	HIGH	AG	GG	CANONICAL	NONCANONICAL	409	0	0.0	0	0
GCA_021018645.1	ASM2101864v1	Antilocapra americana	Antilocapra americana	Scaffold	ok	exon_5	5	124	0.9112903225806451	0.9919354838709677	0.9112903225806451	0.9203539823008849	0.0	113	113	123	104	9	2090417.0	2090529.0	0.9401691407365116	HIGH	GA	GT	NONCANONICAL	CANONICAL	313	0	0.0	0	0
GCA_021018645.1	ASM2101864v1	Antilocapra americana	Antilocapra americana	Scaffold	ok	exon_6	6	1115	0.9856502242152466	1.0	0.9856502242152466	0.8844404003639672	0.0	1099	1099	1115	972	127	2091374.0	2092484.0	0.9646527009878528	HIGH	AG		CANONICAL	NA	1311	0	0.0	0	0
GCA_021018665.1	miluL	Elaphurus davidianus	Elaphurus davidianus	Scaffold	ok	exon_1	1	194	0.9690721649484536	0.9690721649484536	0.9690721649484536	0.8776595744680851	0.0	188	188	188	165	23	1322075.0	1322262.0	0.9388307011771588	HIGH		CC	NA	NONCANONICAL	388	0	0.0	0	0
GCA_021018665.1	miluL	Elaphurus davidianus	Elaphurus davidianus	Scaffold	ok	exon_2	2	304	0.9703947368421053	0.9967105263157895	0.9703947368421053	0.9152542372881356	0.0	295	295	303	270	25	1324640.0	1325756.0	0.9488245242343147	HIGH	AG	AG	CANONICAL	NONCANONICAL	1317	0	0.0	0	0
GCA_021018665.1	miluL	Elaphurus davidianus	Elaphurus davidianus	Scaffold	ok	exon_3	3	837	0.9796893667861409	1.0	0.9796893667861409	0.8817073170731707	0.0	820	820	837	723	97	1328152.0	1329249.0	0.9446203776553895	HIGH	AG	GT	CANONICAL	CANONICAL	1298	0	0.0	0	0
GCA_021018665.1	miluL	Elaphurus davidianus	Elaphurus davidianus	Scaffold	ok	exon_4	4	213	0.0	0.0	0.0	0.0		0	0	0	0	0			0.23333333333333334	UNRESOLVED			NA	NA	0	0		0	0
GCA_021018665.1	miluL	Elaphurus davidianus	Elaphurus davidianus	Scaffold	ok	exon_5	5	124	0.9919354838709677	0.9919354838709677	0.9919354838709677	0.8861788617886179	0.0	123	123	123	109	14	1336944.0	1337066.0	0.9512490165224234	HIGH	GA	GT	NONCANONICAL	CANONICAL	323	0	0.0	0	0
GCA_021018665.1	miluL	Elaphurus davidianus	Elaphurus davidianus	Scaffold	ok	exon_6	6	1115	0.9551569506726457	1.0	0.9551569506726457	0.8732394366197183	0.0	1065	1065	1115	930	135	1337878.0	1338942.0	0.9314638202909535	HIGH	AG		CANONICAL	NA	1265	0	0.0	0	0
GCA_021018685.1	ASM2101868v1	Okapia johnstoni	Okapia johnstoni	Scaffold	ok	exon_1	1	194	0.9742268041237113	0.979381443298969	0.9742268041237113	0.8677248677248677	0.0	189	189	190	164	25	1596967.0	1597155.0	0.9553332787868871	HIGH		CC	NA	NONCANONICAL	389	0	0.0	0	0
GCA_021018685.1	ASM2101868v1	Okapia johnstoni	Okapia johnstoni	Scaffold	ok	exon_2	2	304	0.9967105263157895	1.0	0.9967105263157895	0.9075907590759076	0.0	303	303	304	275	28	1599970.0	1600272.0	0.9754174266110822	HIGH	AG	GT	CANONICAL	CANONICAL	503	0	0.0	0	0
GCA_021018685.1	ASM2101868v1	Okapia johnstoni	Okapia johnstoni	Scaffold	ok	exon_3	3	837	0.97610513739546	1.0	0.97610513739546	0.8837209302325582	0.0	817	817	837	722	95	1602640.0	1603456.0	0.9601775443860966	HIGH	AA	GT	NONCANONICAL	CANONICAL	1017	0	0.0	0	0
GCA_021018685.1	ASM2101868v1	Okapia johnstoni	Okapia johnstoni	Scaffold	ok	exon_4	4	213	0.9953051643192489	1.0	0.9953051643192489	0.8915094339622641	0.0	212	212	213	189	23	1612726.0	1612937.0	0.9707646824342281	HIGH	AG	GT	CANONICAL	CANONICAL	412	0	0.0	0	0
GCA_021018685.1	ASM2101868v1	Okapia johnstoni	Okapia johnstoni	Scaffold	ok	exon_5	5	124	0.9919354838709677	0.9919354838709677	0.9919354838709677	0.8943089430894309	0.0	123	123	123	110	13	1615896.0	1616018.0	0.9699482035142932	HIGH	GA	GT	NONCANONICAL	CANONICAL	323	0	0.0	0	0
GCA_021018685.1	ASM2101868v1	Okapia johnstoni	Okapia johnstoni	Scaffold	ok	exon_6	6	1115	0.9937219730941704	1.0	0.9937219730941704	0.8835740072202166	0.0	1108	1108	1115	979	129	1616840.0	1617947.0	0.9680683896974309	HIGH	AG		CANONICAL	NA	1308	0	0.0	0	0
GCA_021234555.1	ARS-LIC_NZ_Jersey	Bos taurus	Bos taurus	Chromosome	ok	exon_1	1	194	0.8917525773195877	0.8969072164948454	0.8917525773195877	0.8728323699421965	0.0	173	173	174	151	22	33810762.0	33810934.0	0.9194967522793636	HIGH			NA	NA	373	0	0.0	0	0
GCA_021234555.1	ARS-LIC_NZ_Jersey	Bos taurus	Bos taurus	Chromosome	ok	exon_2	2	304	1.0	1.0	1.0	0.9078947368421053	0.0	304	304	304	276	28	33813587.0	33813890.0	0.9769736842105263	HIGH	AG	GT	CANONICAL	CANONICAL	504	0	0.0	0	0
GCA_021234555.1	ARS-LIC_NZ_Jersey	Bos taurus	Bos taurus	Chromosome	ok	exon_3	3	837	0.946236559139785	0.966547192353644	0.946236559139785	0.8825757575757576	0.0	792	792	809	699	93	33816742.0	33817533.0	0.9464503910068427	HIGH	AG	AC	CANONICAL	NONCANONICAL	992	0	0.0	0	0
GCA_021234555.1	ARS-LIC_NZ_Jersey	Bos taurus	Bos taurus	Chromosome	ok	exon_4	4	213	0.9953051643192489	1.0	0.9953051643192489	0.9056603773584906	0.0	212	212	213	192	20	33824880.0	33825819.0	0.9743024182832847	HIGH	AG	GT	CANONICAL	CANONICAL	1140	0	0.0	0	0
GCA_021234555.1	ARS-LIC_NZ_Jersey	Bos taurus	Bos taurus	Chromosome	ok	exon_5	5	124	0.9919354838709677	0.9919354838709677	0.9919354838709677	0.9024390243902439	0.0	123	123	123	111	12	33828619.0	33828741.0	0.9719807238394965	HIGH	GA	GT	NONCANONICAL	CANONICAL	323	0	0.0	0	0
GCA_021234555.1	ARS-LIC_NZ_Jersey	Bos taurus	Bos taurus	Chromosome	ok	exon_6	6	1115	0.9641255605381166	1.0	0.9641255605381166	0.8725581395348837	0.0	1075	1075	1115	938	137	33829566.0	33830641.0	0.9519960371258734	HIGH	AG		CANONICAL	NA	1276	0	0.0	0	0
GCA_021325905.1	ASM2132590v1	Ovis aries	Ovis aries	Scaffold	ok	exon_1	1	194	0.9432989690721649	0.9690721649484536	0.9432989690721649	0.8524590163934426	0.0	183	183	188	156	27	43434967.0	43435153.0	0.9375992901808349	HIGH		CC	NA	NONCANONICAL	387	0	0.0	0	0
GCA_021325905.1	ASM2132590v1	Ovis aries	Ovis aries	Scaffold	ok	exon_2	2	304	1.0	1.0	1.0	0.8947368421052632	0.0	304	304	304	272	32	43431519.0	43431823.0	0.9736842105263158	HIGH	AG	GT	CANONICAL	CANONICAL	505	0	0.0	0	0
GCA_021325905.1	ASM2132590v1	Ovis aries	Ovis aries	Scaffold	ok	exon_3	3	837	0.9713261648745519	0.992831541218638	0.9713261648745519	0.8880688806888068	0.0	813	813	831	722	91	43428169.0	43429159.0	0.9591139943657501	HIGH	AG	GT	CANONICAL	CANONICAL	1191	0	0.0	0	0
GCA_021325905.1	ASM2132590v1	Ovis aries	Ovis aries	Scaffold	ok	exon_4	4	213	0.8732394366197183	0.8779342723004695	0.8732394366197183	0.8978494623655914	0.0	186	186	187	167	19	43420235.0	43420420.0	0.9174201120702711	HIGH			NA	NA	386	0	0.0	0	0
GCA_021325905.1	ASM2132590v1	Ovis aries	Ovis aries	Scaffold	ok	exon_5	5	124	0.9919354838709677	0.9919354838709677	0.9919354838709677	0.9024390243902439	0.0	123	123	123	111	12	43416760.0	43416882.0	0.9719807238394965	HIGH	GA	GC	NONCANONICAL	CANONICAL	323	0	0.0	0	0
GCA_021325905.1	ASM2132590v1	Ovis aries	Ovis aries	Scaffold	ok	exon_6	6	1115	0.9524663677130045	0.9847533632286996	0.9524663677130045	0.8700564971751412	0.0	1062	1062	1098	924	138	43414875.0	43415938.0	0.9461239897646374	HIGH	AG		CANONICAL	NA	1264	0	0.0	0	0
GCA_021325935.1	ASM2132593v1	Ovis aries	Ovis aries	Scaffold	ok	exon_1	1	194	0.9432989690721649	0.9690721649484536	0.9432989690721649	0.8524590163934426	0.0	183	183	188	156	27	70335278.0	70335464.0	0.9375992901808349	HIGH		CC	NA	NONCANONICAL	387	0	0.0	0	0
GCA_021325935.1	ASM2132593v1	Ovis aries	Ovis aries	Scaffold	ok	exon_2	2	304	1.0	1.0	1.0	0.8947368421052632	0.0	304	304	304	272	32	70331821.0	70332125.0	0.9736842105263158	HIGH	AG	GT	CANONICAL	CANONICAL	505	0	0.0	0	0
GCA_021325935.1	ASM2132593v1	Ovis aries	Ovis aries	Scaffold	ok	exon_3	3	837	0.9713261648745519	0.992831541218638	0.9713261648745519	0.8856088560885609	0.0	813	813	831	720	93	70328506.0	70329460.0	0.9584989882156887	HIGH	AG	GT	CANONICAL	CANONICAL	1155	0	0.0	0	0
GCA_021325935.1	ASM2132593v1	Ovis aries	Ovis aries	Scaffold	ok	exon_4	4	213	0.8732394366197183	0.8779342723004695	0.8732394366197183	0.8978494623655914	0.0	186	186	187	167	19	70320576.0	70320761.0	0.9174201120702711	HIGH			NA	NA	386	0	0.0	0	0
GCA_021325935.1	ASM2132593v1	Ovis aries	Ovis aries	Scaffold	ok	exon_5	5	124	0.9919354838709677	0.9919354838709677	0.9919354838709677	0.8943089430894309	0.0	123	123	123	110	13	70317104.0	70317226.0	0.9699482035142932	HIGH	GA	GC	NONCANONICAL	CANONICAL	323	0	0.0	0	0
GCA_021325935.1	ASM2132593v1	Ovis aries	Ovis aries	Scaffold	ok	exon_6	6	1115	0.9524663677130045	0.9847533632286996	0.9524663677130045	0.8709981167608286	0.0	1062	1062	1098	925	137	70315219.0	70316282.0	0.9463593946610592	HIGH	AG		CANONICAL	NA	1264	0	0.0	0	0
GCA_021326705.1	ASM2132670v1	Ovis aries	Ovis aries	Scaffold	ok	exon_1	1	194	0.9432989690721649	0.9690721649484536	0.9432989690721649	0.8524590163934426	0.0	183	183	188	156	27	459611.0	459797.0	0.9375992901808349	HIGH		CC	NA	NONCANONICAL	387	0	0.0	0	0
GCA_021326705.1	ASM2132670v1	Ovis aries	Ovis aries	Scaffold	ok	exon_2	2	304	0.993421052631579	1.0	0.993421052631579	0.8940397350993378	0.0	302	302	304	270	32	456658.0	456960.0	0.970549407459045	HIGH	AG	GT	CANONICAL	CANONICAL	503	0	0.0	0	0
GCA_021326705.1	ASM2132670v1	Ovis aries	Ovis aries	Scaffold	ok	exon_3	3	837	0.959378733572282	0.98805256869773	0.959378733572282	0.8854296388542964	0.0	803	803	827	711	92	453460.0	454422.0	0.9530778398211011	HIGH	AG	GT	CANONICAL	CANONICAL	1163	0	0.0	0	0
GCA_021326705.1	ASM2132670v1	Ovis aries	Ovis aries	Scaffold	ok	exon_4	4	213	0.8732394366197183	0.8779342723004695	0.8732394366197183	0.8978494623655914	0.0	186	186	187	167	19	445517.0	445702.0	0.9174201120702711	HIGH			NA	NA	386	0	0.0	0	0
GCA_021326705.1	ASM2132670v1	Ovis aries	Ovis aries	Scaffold	ok	exon_5	5	124	0.9919354838709677	0.9919354838709677	0.9919354838709677	0.9024390243902439	0.0	123	123	123	111	12	442048.0	442170.0	0.9719807238394965	HIGH	GA	GC	NONCANONICAL	CANONICAL	323	0	0.0	0	0
GCA_021326705.1	ASM2132670v1	Ovis aries	Ovis aries	Scaffold	ok	exon_6	6	1115	0.9524663677130045	0.9847533632286996	0.9524663677130045	0.8700564971751412	0.0	1062	1062	1098	924	138	440163.0	441226.0	0.9461239897646374	HIGH	AG		CANONICAL	NA	1264	0	0.0	0	0
GCA_021326735.1	ASM2132673v1	Ovis aries	Ovis aries	Scaffold	ok	exon_1	1	194	0.9432989690721649	0.9690721649484536	0.9432989690721649	0.8524590163934426	0.0	183	183	188	156	27	18304961.0	18305147.0	0.9375992901808349	HIGH		CC	NA	NONCANONICAL	387	0	0.0	0	0
GCA_021326735.1	ASM2132673v1	Ovis aries	Ovis aries	Scaffold	ok	exon_2	2	304	1.0	1.0	1.0	0.8947368421052632	0.0	304	304	304	272	32	18301519.0	18301823.0	0.9736842105263158	HIGH	AG	GT	CANONICAL	CANONICAL	505	0	0.0	0	0
GCA_021326735.1	ASM2132673v1	Ovis aries	Ovis aries	Scaffold	ok	exon_3	3	837	0.9713261648745519	0.992831541218638	0.9713261648745519	0.8880688806888068	0.0	813	813	831	722	91	18298141.0	18299161.0	0.9591139943657501	HIGH	AG	GT	CANONICAL	CANONICAL	1221	0	0.0	0	0
GCA_021326735.1	ASM2132673v1	Ovis aries	Ovis aries	Scaffold	ok	exon_4	4	213	0.8732394366197183	0.8779342723004695	0.8732394366197183	0.8978494623655914	0.0	186	186	187	167	19	18290198.0	18290383.0	0.9174201120702711	HIGH			NA	NA	386	0	0.0	0	0
GCA_021326735.1	ASM2132673v1	Ovis aries	Ovis aries	Scaffold	ok	exon_5	5	124	0.9919354838709677	0.9919354838709677	0.9919354838709677	0.9024390243902439	0.0	123	123	123	111	12	18286729.0	18286851.0	0.9719807238394965	HIGH	GA	GC	NONCANONICAL	CANONICAL	323	0	0.0	0	0
GCA_021326735.1	ASM2132673v1	Ovis aries	Ovis aries	Scaffold	ok	exon_6	6	1115	0.9524663677130045	0.9847533632286996	0.9524663677130045	0.871939736346516	0.0	1062	1062	1098	926	136	18284843.0	18285906.0	0.946594799557481	HIGH	AG		CANONICAL	NA	1264	0	0.0	0	0
GCA_021326975.1	ASM2132697v1	Ovis aries	Ovis aries	Scaffold	ok	exon_1	1	194	0.9432989690721649	0.9690721649484536	0.9432989690721649	0.8524590163934426	0.0	183	183	188	156	27	21500949.0	21501135.0	0.9375992901808349	HIGH		CC	NA	NONCANONICAL	387	0	0.0	0	0
GCA_021326975.1	ASM2132697v1	Ovis aries	Ovis aries	Scaffold	ok	exon_2	2	304	1.0	1.0	1.0	0.8947368421052632	0.0	304	304	304	272	32	21504284.0	21504588.0	0.9736842105263158	HIGH	AG	GT	CANONICAL	CANONICAL	505	0	0.0	0	0
GCA_021326975.1	ASM2132697v1	Ovis aries	Ovis aries	Scaffold	ok	exon_3	3	837	0.9713261648745519	0.992831541218638	0.9713261648745519	0.8868388683886839	0.0	813	813	831	721	92	21506947.0	21507949.0	0.9588064912907194	HIGH	AG	GT	CANONICAL	CANONICAL	1203	0	0.0	0	0
GCA_021326975.1	ASM2132697v1	Ovis aries	Ovis aries	Scaffold	ok	exon_4	4	213	0.8732394366197183	0.8779342723004695	0.8732394366197183	0.8978494623655914	0.0	186	186	187	167	19	21515706.0	21515891.0	0.9174201120702711	HIGH			NA	NA	386	0	0.0	0	0
GCA_021326975.1	ASM2132697v1	Ovis aries	Ovis aries	Scaffold	ok	exon_5	5	124	0.9919354838709677	0.9919354838709677	0.9919354838709677	0.8943089430894309	0.0	123	123	123	110	13	21519239.0	21519361.0	0.9699482035142932	HIGH	GA	GC	NONCANONICAL	CANONICAL	323	0	0.0	0	0
GCA_021326975.1	ASM2132697v1	Ovis aries	Ovis aries	Scaffold	ok	exon_6	6	1115	0.9524663677130045	0.9847533632286996	0.9524663677130045	0.8709981167608286	0.0	1062	1062	1098	925	137	21520183.0	21521247.0	0.9463593946610592	HIGH	AG		CANONICAL	NA	1265	0	0.0	0	0
GCA_021327145.1	ASM2132714v1	Ovis aries	Ovis aries	Contig	ok	exon_1	1	194	0.9432989690721649	0.9690721649484536	0.9432989690721649	0.8524590163934426	0.0	183	183	188	156	27	1824214.0	1824400.0	0.9375992901808349	HIGH		CC	NA	NONCANONICAL	387	0	0.0	0	0
GCA_021327145.1	ASM2132714v1	Ovis aries	Ovis aries	Contig	ok	exon_2	2	304	0.993421052631579	1.0	0.993421052631579	0.890728476821192	0.0	302	302	304	269	33	1821257.0	1821559.0	0.9697215928895087	HIGH	AG	GT	CANONICAL	CANONICAL	503	0	0.0	0	0
GCA_021327145.1	ASM2132714v1	Ovis aries	Ovis aries	Contig	ok	exon_3	3	837	0.959378733572282	0.98805256869773	0.959378733572282	0.8854296388542964	0.0	803	803	827	711	92	1817939.0	1818901.0	0.9530778398211011	HIGH	AG	GT	CANONICAL	CANONICAL	1163	0	0.0	0	0
GCA_021327145.1	ASM2132714v1	Ovis aries	Ovis aries	Contig	ok	exon_4	4	213	0.8732394366197183	0.8779342723004695	0.8732394366197183	0.8978494623655914	0.0	186	186	187	167	19	1809991.0	1810176.0	0.9174201120702711	HIGH			NA	NA	386	0	0.0	0	0
GCA_021327145.1	ASM2132714v1	Ovis aries	Ovis aries	Contig	ok	exon_5	5	124	0.9919354838709677	0.9919354838709677	0.9919354838709677	0.9024390243902439	0.0	123	123	123	111	12	1806518.0	1806640.0	0.9719807238394965	HIGH	GA	GC	NONCANONICAL	CANONICAL	323	0	0.0	0	0
GCA_021327145.1	ASM2132714v1	Ovis aries	Ovis aries	Contig	ok	exon_6	6	1115	0.9524663677130045	0.9847533632286996	0.9524663677130045	0.8709981167608286	0.0	1062	1062	1098	925	137	1804633.0	1805696.0	0.9463593946610592	HIGH	AG		CANONICAL	NA	1264	0	0.0	0	0
GCA_021327305.1	ASM2132730v1	Ovis aries	Ovis aries	Scaffold	ok	exon_1	1	194	0.9432989690721649	0.9690721649484536	0.9432989690721649	0.8524590163934426	0.0	183	183	188	156	27	2720703.0	2720889.0	0.9375992901808349	HIGH		CC	NA	NONCANONICAL	387	0	0.0	0	0
GCA_021327305.1	ASM2132730v1	Ovis aries	Ovis aries	Scaffold	ok	exon_2	2	304	0.993421052631579	1.0	0.993421052631579	0.8940397350993378	0.0	302	302	304	270	32	2723541.0	2723843.0	0.970549407459045	HIGH	AG	GT	CANONICAL	CANONICAL	503	0	0.0	0	0
GCA_021327305.1	ASM2132730v1	Ovis aries	Ovis aries	Scaffold	ok	exon_3	3	837	0.959378733572282	0.98805256869773	0.959378733572282	0.8854296388542964	0.0	803	803	827	711	92	2726183.0	2727145.0	0.9530778398211011	HIGH	AG	GT	CANONICAL	CANONICAL	1163	0	0.0	0	0
GCA_021327305.1	ASM2132730v1	Ovis aries	Ovis aries	Scaffold	ok	exon_4	4	213	0.8732394366197183	0.8779342723004695	0.8732394366197183	0.8978494623655914	0.0	186	186	187	167	19	2734910.0	2735095.0	0.9174201120702711	HIGH			NA	NA	386	0	0.0	0	0
GCA_021327305.1	ASM2132730v1	Ovis aries	Ovis aries	Scaffold	ok	exon_5	5	124	0.9919354838709677	0.9919354838709677	0.9919354838709677	0.9024390243902439	0.0	123	123	123	111	12	2738449.0	2738571.0	0.9719807238394965	HIGH	GA	GC	NONCANONICAL	CANONICAL	323	0	0.0	0	0
GCA_021327305.1	ASM2132730v1	Ovis aries	Ovis aries	Scaffold	ok	exon_6	6	1115	0.9524663677130045	0.9847533632286996	0.9524663677130045	0.8700564971751412	0.0	1062	1062	1098	924	138	2739393.0	2740456.0	0.9461239897646374	HIGH	AG		CANONICAL	NA	1264	0	0.0	0	0
GCA_021327315.1	ASM2132731v1	Ovis aries	Ovis aries	Scaffold	ok	exon_1	1	194	0.9432989690721649	0.9690721649484536	0.9432989690721649	0.8524590163934426	0.0	183	183	188	156	27	4571842.0	4572028.0	0.9375992901808349	HIGH		CC	NA	NONCANONICAL	387	0	0.0	0	0
GCA_021327315.1	ASM2132731v1	Ovis aries	Ovis aries	Scaffold	ok	exon_2	2	304	1.0	1.0	1.0	0.8947368421052632	0.0	304	304	304	272	32	4575169.0	4575473.0	0.9736842105263158	HIGH	AG	GT	CANONICAL	CANONICAL	505	0	0.0	0	0
GCA_021327315.1	ASM2132731v1	Ovis aries	Ovis aries	Scaffold	ok	exon_3	3	837	0.9713261648745519	0.992831541218638	0.9713261648745519	0.8843788437884379	0.0	813	813	831	719	94	4577832.0	4578786.0	0.9581914851406579	HIGH	AG	GT	CANONICAL	CANONICAL	1155	0	0.0	0	0
GCA_021327315.1	ASM2132731v1	Ovis aries	Ovis aries	Scaffold	ok	exon_4	4	213	0.8732394366197183	0.8779342723004695	0.8732394366197183	0.8978494623655914	0.0	186	186	187	167	19	4586530.0	4586715.0	0.9174201120702711	HIGH			NA	NA	386	0	0.0	0	0
GCA_021327315.1	ASM2132731v1	Ovis aries	Ovis aries	Scaffold	ok	exon_5	5	124	0.9919354838709677	0.9919354838709677	0.9919354838709677	0.8943089430894309	0.0	123	123	123	110	13	4590065.0	4590187.0	0.9699482035142932	HIGH	GA	GC	NONCANONICAL	CANONICAL	323	0	0.0	0	0
GCA_021327315.1	ASM2132731v1	Ovis aries	Ovis aries	Scaffold	ok	exon_6	6	1115	0.9524663677130045	0.9847533632286996	0.9524663677130045	0.8709981167608286	0.0	1062	1062	1098	925	137	4591009.0	4592072.0	0.9463593946610592	HIGH	AG		CANONICAL	NA	1264	0	0.0	0	0
GCA_021327335.1	ASM2132733v1	Ovis aries	Ovis aries	Scaffold	ok	exon_1	1	194	0.9432989690721649	0.9690721649484536	0.9432989690721649	0.8524590163934426	0.0	183	183	188	156	27	236558.0	236744.0	0.9375992901808349	HIGH		CC	NA	NONCANONICAL	387	0	0.0	0	0
GCA_021327335.1	ASM2132733v1	Ovis aries	Ovis aries	Scaffold	ok	exon_2	2	304	0.993421052631579	1.0	0.993421052631579	0.8940397350993378	0.0	302	302	304	270	32	233605.0	233907.0	0.970549407459045	HIGH	AG	GT	CANONICAL	CANONICAL	503	0	0.0	0	0
GCA_021327335.1	ASM2132733v1	Ovis aries	Ovis aries	Scaffold	ok	exon_3	3	837	0.959378733572282	0.98805256869773	0.959378733572282	0.8854296388542964	0.0	803	803	827	711	92	230406.0	231368.0	0.9530778398211011	HIGH	AG	GT	CANONICAL	CANONICAL	1163	0	0.0	0	0
GCA_021327335.1	ASM2132733v1	Ovis aries	Ovis aries	Scaffold	ok	exon_4	4	213	0.8732394366197183	0.8779342723004695	0.8732394366197183	0.8978494623655914	0.0	186	186	187	167	19	222462.0	222647.0	0.9174201120702711	HIGH			NA	NA	386	0	0.0	0	0
GCA_021327335.1	ASM2132733v1	Ovis aries	Ovis aries	Scaffold	ok	exon_5	5	124	0.9919354838709677	0.9919354838709677	0.9919354838709677	0.9024390243902439	0.0	123	123	123	111	12	218993.0	219115.0	0.9719807238394965	HIGH	GA	GC	NONCANONICAL	CANONICAL	323	0	0.0	0	0
GCA_021327335.1	ASM2132733v1	Ovis aries	Ovis aries	Scaffold	ok	exon_6	6	1115	0.9524663677130045	0.9847533632286996	0.9524663677130045	0.8700564971751412	0.0	1062	1062	1098	924	138	217108.0	218171.0	0.9461239897646374	HIGH	AG		CANONICAL	NA	1264	0	0.0	0	0
GCA_021327355.1	ASM2132735v1	Ovis aries	Ovis aries	Scaffold	ok	exon_1	1	194	0.9432989690721649	0.9690721649484536	0.9432989690721649	0.8524590163934426	0.0	183	183	188	156	27	4521007.0	4521193.0	0.9375992901808349	HIGH		CC	NA	NONCANONICAL	387	0	0.0	0	0
GCA_021327355.1	ASM2132735v1	Ovis aries	Ovis aries	Scaffold	ok	exon_2	2	304	0.993421052631579	1.0	0.993421052631579	0.890728476821192	0.0	302	302	304	269	33	4523848.0	4524150.0	0.9697215928895087	HIGH	AG	GT	CANONICAL	CANONICAL	503	0	0.0	0	0
GCA_021327355.1	ASM2132735v1	Ovis aries	Ovis aries	Scaffold	ok	exon_3	3	837	0.959378733572282	0.98805256869773	0.959378733572282	0.8854296388542964	0.0	803	803	827	711	92	4526506.0	4527468.0	0.9530778398211011	HIGH	AG	GT	CANONICAL	CANONICAL	1163	0	0.0	0	0
GCA_021327355.1	ASM2132735v1	Ovis aries	Ovis aries	Scaffold	ok	exon_4	4	213	0.8732394366197183	0.8779342723004695	0.8732394366197183	0.8978494623655914	0.0	186	186	187	167	19	4535230.0	4535415.0	0.9174201120702711	HIGH			NA	NA	386	0	0.0	0	0
GCA_021327355.1	ASM2132735v1	Ovis aries	Ovis aries	Scaffold	ok	exon_5	5	124	0.9919354838709677	0.9919354838709677	0.9919354838709677	0.9024390243902439	0.0	123	123	123	111	12	4538765.0	4538887.0	0.9719807238394965	HIGH	GA	GC	NONCANONICAL	CANONICAL	323	0	0.0	0	0
GCA_021327355.1	ASM2132735v1	Ovis aries	Ovis aries	Scaffold	ok	exon_6	6	1115	0.9524663677130045	0.9847533632286996	0.9524663677130045	0.8709981167608286	0.0	1062	1062	1098	925	137	4539709.0	4540772.0	0.9463593946610592	HIGH	AG		CANONICAL	NA	1264	0	0.0	0	0
GCA_021327375.1	ASM2132737v1	Ovis aries	Ovis aries	Scaffold	ok	exon_1	1	194	0.9432989690721649	0.9690721649484536	0.9432989690721649	0.8524590163934426	0.0	183	183	188	156	27	6750627.0	6750813.0	0.9375992901808349	HIGH		CC	NA	NONCANONICAL	387	0	0.0	0	0
GCA_021327375.1	ASM2132737v1	Ovis aries	Ovis aries	Scaffold	ok	exon_2	2	304	0.993421052631579	1.0	0.993421052631579	0.8940397350993378	0.0	302	302	304	270	32	6753465.0	6753767.0	0.970549407459045	HIGH	AG	GT	CANONICAL	CANONICAL	503	0	0.0	0	0
GCA_021327375.1	ASM2132737v1	Ovis aries	Ovis aries	Scaffold	ok	exon_3	3	837	0.959378733572282	0.98805256869773	0.959378733572282	0.8854296388542964	0.0	803	803	827	711	92	6756106.0	6757068.0	0.9530778398211011	HIGH	AG	GT	CANONICAL	CANONICAL	1163	0	0.0	0	0
GCA_021327375.1	ASM2132737v1	Ovis aries	Ovis aries	Scaffold	ok	exon_4	4	213	0.8732394366197183	0.8779342723004695	0.8732394366197183	0.8978494623655914	0.0	186	186	187	167	19	6764831.0	6765016.0	0.9174201120702711	HIGH			NA	NA	386	0	0.0	0	0
GCA_021327375.1	ASM2132737v1	Ovis aries	Ovis aries	Scaffold	ok	exon_5	5	124	0.9919354838709677	0.9919354838709677	0.9919354838709677	0.8943089430894309	0.0	123	123	123	110	13	6768363.0	6768485.0	0.9699482035142932	HIGH	GA	GC	NONCANONICAL	CANONICAL	323	0	0.0	0	0
GCA_021327375.1	ASM2132737v1	Ovis aries	Ovis aries	Scaffold	ok	exon_6	6	1115	0.9524663677130045	0.9847533632286996	0.9524663677130045	0.8709981167608286	0.0	1062	1062	1098	925	137	6769307.0	6770370.0	0.9463593946610592	HIGH	AG		CANONICAL	NA	1264	0	0.0	0	0
GCA_021327395.1	ASM2132739v1	Ovis aries	Ovis aries	Scaffold	ok	exon_1	1	194	0.9432989690721649	0.9690721649484536	0.9432989690721649	0.8524590163934426	0.0	183	183	188	156	27	1314759.0	1314945.0	0.9375992901808349	HIGH		CC	NA	NONCANONICAL	387	0	0.0	0	0
GCA_021327395.1	ASM2132739v1	Ovis aries	Ovis aries	Scaffold	ok	exon_2	2	304	1.0	1.0	1.0	0.8947368421052632	0.0	304	304	304	272	32	1318097.0	1318401.0	0.9736842105263158	HIGH	AG	GT	CANONICAL	CANONICAL	505	0	0.0	0	0
GCA_021327395.1	ASM2132739v1	Ovis aries	Ovis aries	Scaffold	ok	exon_3	3	837	0.9713261648745519	0.992831541218638	0.9713261648745519	0.8880688806888068	0.0	813	813	831	722	91	1320759.0	1321713.0	0.9591139943657501	HIGH	AG	GT	CANONICAL	CANONICAL	1155	0	0.0	0	0
GCA_021327395.1	ASM2132739v1	Ovis aries	Ovis aries	Scaffold	ok	exon_4	4	213	0.8732394366197183	0.8779342723004695	0.8732394366197183	0.8978494623655914	0.0	186	186	187	167	19	1329454.0	1329639.0	0.9174201120702711	HIGH			NA	NA	386	0	0.0	0	0
GCA_021327395.1	ASM2132739v1	Ovis aries	Ovis aries	Scaffold	ok	exon_5	5	124	0.9919354838709677	0.9919354838709677	0.9919354838709677	0.8943089430894309	0.0	123	123	123	110	13	1332989.0	1333111.0	0.9699482035142932	HIGH	GA	GC	NONCANONICAL	CANONICAL	323	0	0.0	0	0
GCA_021327395.1	ASM2132739v1	Ovis aries	Ovis aries	Scaffold	ok	exon_6	6	1115	0.9524663677130045	0.9847533632286996	0.9524663677130045	0.871939736346516	0.0	1062	1062	1098	926	136	1333933.0	1334996.0	0.946594799557481	HIGH	AG		CANONICAL	NA	1264	0	0.0	0	0
GCA_021328935.1	ASM2132893v1	Ovis aries	Ovis aries	Scaffold	ok	exon_1	1	194	0.9432989690721649	0.9690721649484536	0.9432989690721649	0.8524590163934426	0.0	183	183	188	156	27	20827760.0	20827946.0	0.9375992901808349	HIGH		CC	NA	NONCANONICAL	387	0	0.0	0	0
GCA_021328935.1	ASM2132893v1	Ovis aries	Ovis aries	Scaffold	ok	exon_2	2	304	1.0	1.0	1.0	0.8947368421052632	0.0	304	304	304	272	32	20824318.0	20824622.0	0.9736842105263158	HIGH	AG	GT	CANONICAL	CANONICAL	505	0	0.0	0	0
GCA_021328935.1	ASM2132893v1	Ovis aries	Ovis aries	Scaffold	ok	exon_3	3	837	0.9713261648745519	0.992831541218638	0.9713261648745519	0.8880688806888068	0.0	813	813	831	722	91	20820939.0	20821959.0	0.9591139943657501	HIGH	AG	GT	CANONICAL	CANONICAL	1221	0	0.0	0	0
GCA_021328935.1	ASM2132893v1	Ovis aries	Ovis aries	Scaffold	ok	exon_4	4	213	0.8732394366197183	0.8779342723004695	0.8732394366197183	0.8978494623655914	0.0	186	186	187	167	19	20812996.0	20813181.0	0.9174201120702711	HIGH			NA	NA	386	0	0.0	0	0
GCA_021328935.1	ASM2132893v1	Ovis aries	Ovis aries	Scaffold	ok	exon_5	5	124	0.9919354838709677	0.9919354838709677	0.9919354838709677	0.8943089430894309	0.0	123	123	123	110	13	20809528.0	20809650.0	0.9699482035142932	HIGH	GA	GC	NONCANONICAL	CANONICAL	323	0	0.0	0	0
GCA_021328935.1	ASM2132893v1	Ovis aries	Ovis aries	Scaffold	ok	exon_6	6	1115	0.9524663677130045	0.9847533632286996	0.9524663677130045	0.8709981167608286	0.0	1062	1062	1098	925	137	20807643.0	20808706.0	0.9463593946610592	HIGH	AG		CANONICAL	NA	1264	0	0.0	0	0
GCA_021328945.1	ASM2132894v1	Ovis aries	Ovis aries	Scaffold	ok	exon_1	1	194	0.9432989690721649	0.9690721649484536	0.9432989690721649	0.8524590163934426	0.0	183	183	188	156	27	4519552.0	4519738.0	0.9375992901808349	HIGH		CC	NA	NONCANONICAL	387	0	0.0	0	0
GCA_021328945.1	ASM2132894v1	Ovis aries	Ovis aries	Scaffold	ok	exon_2	2	304	1.0	1.0	1.0	0.8947368421052632	0.0	304	304	304	272	32	4522882.0	4523186.0	0.9736842105263158	HIGH	AG	GT	CANONICAL	CANONICAL	505	0	0.0	0	0
GCA_021328945.1	ASM2132894v1	Ovis aries	Ovis aries	Scaffold	ok	exon_3	3	837	0.9713261648745519	0.992831541218638	0.9713261648745519	0.8880688806888068	0.0	813	813	831	722	91	4525925.0	4526879.0	0.9591139943657501	HIGH	AG	GT	CANONICAL	CANONICAL	1155	0	0.0	0	0
GCA_021328945.1	ASM2132894v1	Ovis aries	Ovis aries	Scaffold	ok	exon_4	4	213	0.8732394366197183	0.8779342723004695	0.8732394366197183	0.8978494623655914	0.0	186	186	187	167	19	4534625.0	4534810.0	0.9174201120702711	HIGH			NA	NA	386	0	0.0	0	0
GCA_021328945.1	ASM2132894v1	Ovis aries	Ovis aries	Scaffold	ok	exon_5	5	124	0.9919354838709677	0.9919354838709677	0.9919354838709677	0.8943089430894309	0.0	123	123	123	110	13	4538160.0	4538282.0	0.9699482035142932	HIGH	GA	GC	NONCANONICAL	CANONICAL	323	0	0.0	0	0
GCA_021328945.1	ASM2132894v1	Ovis aries	Ovis aries	Scaffold	ok	exon_6	6	1115	0.9524663677130045	0.9847533632286996	0.9524663677130045	0.8709981167608286	0.0	1062	1062	1098	925	137	4539104.0	4540167.0	0.9463593946610592	HIGH	AG		CANONICAL	NA	1264	0	0.0	0	0
GCA_021328955.1	ASM2132895v1	Ovis aries	Ovis aries	Contig	ok	exon_1	1	194	0.9432989690721649	0.9690721649484536	0.9432989690721649	0.8524590163934426	0.0	183	183	188	156	27	15177209.0	15177395.0	0.9375992901808349	HIGH		CC	NA	NONCANONICAL	387	0	0.0	0	0
GCA_021328955.1	ASM2132895v1	Ovis aries	Ovis aries	Contig	ok	exon_2	2	304	0.993421052631579	1.0	0.993421052631579	0.8940397350993378	0.0	302	302	304	270	32	15174255.0	15174557.0	0.970549407459045	HIGH	AG	GT	CANONICAL	CANONICAL	503	0	0.0	0	0
GCA_021328955.1	ASM2132895v1	Ovis aries	Ovis aries	Contig	ok	exon_3	3	837	0.959378733572282	0.98805256869773	0.959378733572282	0.8854296388542964	0.0	803	803	827	711	92	15170953.0	15171915.0	0.9530778398211011	HIGH	AG	GT	CANONICAL	CANONICAL	1163	0	0.0	0	0
GCA_021328955.1	ASM2132895v1	Ovis aries	Ovis aries	Contig	ok	exon_4	4	213	0.8732394366197183	0.8779342723004695	0.8732394366197183	0.8978494623655914	0.0	186	186	187	167	19	15163002.0	15163187.0	0.9174201120702711	HIGH			NA	NA	386	0	0.0	0	0
GCA_021328955.1	ASM2132895v1	Ovis aries	Ovis aries	Contig	ok	exon_5	5	124	0.9919354838709677	0.9919354838709677	0.9919354838709677	0.9024390243902439	0.0	123	123	123	111	12	15159532.0	15159654.0	0.9719807238394965	HIGH	GA	GC	NONCANONICAL	CANONICAL	323	0	0.0	0	0
GCA_021328955.1	ASM2132895v1	Ovis aries	Ovis aries	Contig	ok	exon_6	6	1115	0.9524663677130045	0.9847533632286996	0.9524663677130045	0.8700564971751412	0.0	1062	1062	1098	924	138	15157647.0	15158710.0	0.9461239897646374	HIGH	AG		CANONICAL	NA	1264	0	0.0	0	0
GCA_021347905.1	ARS-LIC_NZ_Holstein-Friesian_1	Bos taurus	Bos taurus	Chromosome	ok	exon_1	1	194	0.8917525773195877	0.8969072164948454	0.8917525773195877	0.8728323699421965	0.0	173	173	174	151	22	33749671.0	33749843.0	0.9194967522793636	HIGH			NA	NA	373	0	0.0	0	0
GCA_021347905.1	ARS-LIC_NZ_Holstein-Friesian_1	Bos taurus	Bos taurus	Chromosome	ok	exon_2	2	304	1.0	1.0	1.0	0.9078947368421053	0.0	304	304	304	276	28	33752499.0	33752802.0	0.9769736842105263	HIGH	AG	GT	CANONICAL	CANONICAL	504	0	0.0	0	0
GCA_021347905.1	ARS-LIC_NZ_Holstein-Friesian_1	Bos taurus	Bos taurus	Chromosome	ok	exon_3	3	837	0.942652329749104	0.966547192353644	0.942652329749104	0.8846641318124208	0.0	789	789	809	698	91	33755339.0	33756129.0	0.945359581340202	HIGH	AG	AC	CANONICAL	NONCANONICAL	991	0	0.0	0	0
GCA_021347905.1	ARS-LIC_NZ_Holstein-Friesian_1	Bos taurus	Bos taurus	Chromosome	ok	exon_4	4	213	0.9953051643192489	1.0	0.9953051643192489	0.9056603773584906	0.0	212	212	213	192	20	33763477.0	33764416.0	0.9743024182832847	HIGH	AG	GT	CANONICAL	CANONICAL	1140	0	0.0	0	0
GCA_021347905.1	ARS-LIC_NZ_Holstein-Friesian_1	Bos taurus	Bos taurus	Chromosome	ok	exon_5	5	124	0.9596774193548387	0.9596774193548387	0.9596774193548387	0.8991596638655462	0.0	119	119	119	107	12	33767215.0	33767333.0	0.956644754676064	HIGH	GA	GT	NONCANONICAL	CANONICAL	319	0	0.0	0	0
GCA_021347905.1	ARS-LIC_NZ_Holstein-Friesian_1	Bos taurus	Bos taurus	Chromosome	ok	exon_6	6	1115	0.9641255605381166	1.0	0.9641255605381166	0.8734883720930232	0.0	1075	1075	1115	939	136	33768159.0	33769234.0	0.9522285952654084	HIGH	AG		CANONICAL	NA	1276	0	0.0	0	0
GCA_022244705.1	Oar_ARS-UKY_Romanov_v1.0	Ovis aries	Ovis aries	Chromosome	ok	exon_1	1	194	0.9432989690721649	0.9690721649484536	0.9432989690721649	0.8524590163934426	0.0	183	183	188	156	27	21204953.0	21205139.0	0.9375992901808349	HIGH		CC	NA	NONCANONICAL	387	0	0.0	0	0
GCA_022244705.1	Oar_ARS-UKY_Romanov_v1.0	Ovis aries	Ovis aries	Chromosome	ok	exon_2	2	304	1.0	1.0	1.0	0.8947368421052632	0.0	304	304	304	272	32	21208290.0	21208594.0	0.9736842105263158	HIGH	AG	GT	CANONICAL	CANONICAL	505	0	0.0	0	0
GCA_022244705.1	Oar_ARS-UKY_Romanov_v1.0	Ovis aries	Ovis aries	Chromosome	ok	exon_3	3	837	0.9713261648745519	0.992831541218638	0.9713261648745519	0.8856088560885609	0.0	813	813	831	720	93	21210952.0	21211906.0	0.9584989882156887	HIGH	AG	GT	CANONICAL	CANONICAL	1155	0	0.0	0	0
GCA_022244705.1	Oar_ARS-UKY_Romanov_v1.0	Ovis aries	Ovis aries	Chromosome	ok	exon_4	4	213	0.8732394366197183	0.8779342723004695	0.8732394366197183	0.8978494623655914	0.0	186	186	187	167	19	21219647.0	21219832.0	0.9174201120702711	HIGH			NA	NA	386	0	0.0	0	0
GCA_022244705.1	Oar_ARS-UKY_Romanov_v1.0	Ovis aries	Ovis aries	Chromosome	ok	exon_5	5	124	0.9919354838709677	0.9919354838709677	0.9919354838709677	0.8943089430894309	0.0	123	123	123	110	13	21223183.0	21223305.0	0.9699482035142932	HIGH	GA	GC	NONCANONICAL	CANONICAL	323	0	0.0	0	0
GCA_022244705.1	Oar_ARS-UKY_Romanov_v1.0	Ovis aries	Ovis aries	Chromosome	ok	exon_6	6	1115	0.9524663677130045	0.9847533632286996	0.9524663677130045	0.871939736346516	0.0	1062	1062	1098	926	136	21224127.0	21225190.0	0.946594799557481	HIGH	AG		CANONICAL	NA	1264	0	0.0	0	0
GCA_022376925.1	ASM2237692v1	Tragulus kanchil	Tragulus kanchil	Scaffold	ok	exon_1	1	194	0.9226804123711341	0.9226804123711341	0.9226804123711341	0.8212290502793296	0.0	179	179	179	147	32	198122450.0	198122642.0	0.8871801148035094	HIGH		AC	NA	NONCANONICAL	393	0	0.0	0	0
GCA_022376925.1	ASM2237692v1	Tragulus kanchil	Tragulus kanchil	Scaffold	ok	exon_2	2	304	0.0	0.0	0.0	0.0		0	0	0	0	0			0.21666666666666667	UNRESOLVED			NA	NA	0	0		0	0
GCA_022376925.1	ASM2237692v1	Tragulus kanchil	Tragulus kanchil	Scaffold	ok	exon_3	3	837	0.0	0.0	0.0	0.0		0	0	0	0	0			0.21666666666666667	UNRESOLVED			NA	NA	0	0		0	0
GCA_022376925.1	ASM2237692v1	Tragulus kanchil	Tragulus kanchil	Scaffold	ok	exon_4	4	213	0.3192488262910798	0.3427230046948357	0.3192488262910798	0.8676470588235294	0.0	68	68	73	59	9	198135102.0	198135169.0	0.627240403203535	LOW			NA	NA	268	0	0.0	0	0
GCA_022376925.1	ASM2237692v1	Tragulus kanchil	Tragulus kanchil	Scaffold	ok	exon_5	5	124	0.9758064516129032	0.9919354838709677	0.9758064516129032	0.9008264462809917	0.0	121	121	123	109	12	198135470.0	198135592.0	0.9309861814627212	HIGH	GA	GT	NONCANONICAL	CANONICAL	323	0	0.0	0	0
GCA_022376925.1	ASM2237692v1	Tragulus kanchil	Tragulus kanchil	Scaffold	ok	exon_6	6	1115	0.9982062780269059	1.0	0.9982062780269059	0.8292902066486972	0.0	1113	1113	1115	923	190	198137873.0	198138992.0	0.9231820434409487	HIGH	AC		NONCANONICAL	NA	1320	0	0.0	0	0
GCA_022416685.1	ASM2241668v1	Ovis aries	Ovis aries	Chromosome	ok	exon_1	1	194	0.9432989690721649	0.9690721649484536	0.9432989690721649	0.8524590163934426	0.0	183	183	188	156	27	21305639.0	21305825.0	0.9375992901808349	HIGH		CC	NA	NONCANONICAL	387	0	0.0	0	0
GCA_022416685.1	ASM2241668v1	Ovis aries	Ovis aries	Chromosome	ok	exon_2	2	304	0.993421052631579	1.0	0.993421052631579	0.8940397350993378	0.0	302	302	304	270	32	21308476.0	21308778.0	0.970549407459045	HIGH	AG	GT	CANONICAL	CANONICAL	503	0	0.0	0	0
GCA_022416685.1	ASM2241668v1	Ovis aries	Ovis aries	Chromosome	ok	exon_3	3	837	0.959378733572282	0.98805256869773	0.959378733572282	0.8854296388542964	0.0	803	803	827	711	92	21311014.0	21311976.0	0.9530778398211011	HIGH	AG	GT	CANONICAL	CANONICAL	1163	0	0.0	0	0
GCA_022416685.1	ASM2241668v1	Ovis aries	Ovis aries	Chromosome	ok	exon_4	4	213	0.8732394366197183	0.8779342723004695	0.8732394366197183	0.8978494623655914	0.0	186	186	187	167	19	21319734.0	21319919.0	0.9174201120702711	HIGH			NA	NA	386	0	0.0	0	0
GCA_022416685.1	ASM2241668v1	Ovis aries	Ovis aries	Chromosome	ok	exon_5	5	124	0.9919354838709677	0.9919354838709677	0.9919354838709677	0.9024390243902439	0.0	123	123	123	111	12	21323266.0	21323388.0	0.9719807238394965	HIGH	GA	GC	NONCANONICAL	CANONICAL	323	0	0.0	0	0
GCA_022416685.1	ASM2241668v1	Ovis aries	Ovis aries	Chromosome	ok	exon_6	6	1115	0.9524663677130045	0.9847533632286996	0.9524663677130045	0.8700564971751412	0.0	1062	1062	1098	924	138	21324210.0	21325273.0	0.9461239897646374	HIGH	AG		CANONICAL	NA	1264	0	0.0	0	0
GCA_022416695.1	ASM2241669v1	Ovis aries	Ovis aries	Chromosome	ok	exon_1	1	194	0.9432989690721649	0.9690721649484536	0.9432989690721649	0.8524590163934426	0.0	183	183	188	156	27	21454445.0	21454631.0	0.9375992901808349	HIGH		CC	NA	NONCANONICAL	387	0	0.0	0	0
GCA_022416695.1	ASM2241669v1	Ovis aries	Ovis aries	Chromosome	ok	exon_2	2	304	0.993421052631579	1.0	0.993421052631579	0.890728476821192	0.0	302	302	304	269	33	21457286.0	21457588.0	0.9697215928895087	HIGH	AG	GT	CANONICAL	CANONICAL	503	0	0.0	0	0
GCA_022416695.1	ASM2241669v1	Ovis aries	Ovis aries	Chromosome	ok	exon_3	3	837	0.959378733572282	0.98805256869773	0.959378733572282	0.8854296388542964	0.0	803	803	827	711	92	21459944.0	21460906.0	0.9530778398211011	HIGH	AG	GT	CANONICAL	CANONICAL	1163	0	0.0	0	0
GCA_022416695.1	ASM2241669v1	Ovis aries	Ovis aries	Chromosome	ok	exon_4	4	213	0.8732394366197183	0.8779342723004695	0.8732394366197183	0.8978494623655914	0.0	186	186	187	167	19	21468668.0	21468853.0	0.9174201120702711	HIGH			NA	NA	386	0	0.0	0	0
GCA_022416695.1	ASM2241669v1	Ovis aries	Ovis aries	Chromosome	ok	exon_5	5	124	0.9919354838709677	0.9919354838709677	0.9919354838709677	0.9024390243902439	0.0	123	123	123	111	12	21472203.0	21472325.0	0.9719807238394965	HIGH	GA	GC	NONCANONICAL	CANONICAL	323	0	0.0	0	0
GCA_022416695.1	ASM2241669v1	Ovis aries	Ovis aries	Chromosome	ok	exon_6	6	1115	0.9524663677130045	0.9847533632286996	0.9524663677130045	0.8709981167608286	0.0	1062	1062	1098	925	137	21473147.0	21474210.0	0.9463593946610592	HIGH	AG		CANONICAL	NA	1264	0	0.0	0	0
GCA_022416725.1	ASM2241672v1	Ovis aries	Ovis aries	Chromosome	ok	exon_1	1	194	0.9432989690721649	0.9690721649484536	0.9432989690721649	0.8524590163934426	0.0	183	183	188	156	27	22177945.0	22178131.0	0.9375992901808349	HIGH		CC	NA	NONCANONICAL	387	0	0.0	0	0
GCA_022416725.1	ASM2241672v1	Ovis aries	Ovis aries	Chromosome	ok	exon_2	2	304	0.993421052631579	1.0	0.993421052631579	0.890728476821192	0.0	302	302	304	269	33	22180786.0	22181088.0	0.9697215928895087	HIGH	AG	GT	CANONICAL	CANONICAL	503	0	0.0	0	0
GCA_022416725.1	ASM2241672v1	Ovis aries	Ovis aries	Chromosome	ok	exon_3	3	837	0.959378733572282	0.98805256869773	0.959378733572282	0.8854296388542964	0.0	803	803	827	711	92	22183445.0	22184407.0	0.9530778398211011	HIGH	AG	GT	CANONICAL	CANONICAL	1163	0	0.0	0	0
GCA_022416725.1	ASM2241672v1	Ovis aries	Ovis aries	Chromosome	ok	exon_4	4	213	0.8732394366197183	0.8779342723004695	0.8732394366197183	0.8978494623655914	0.0	186	186	187	167	19	22192172.0	22192357.0	0.9174201120702711	HIGH			NA	NA	386	0	0.0	0	0
GCA_022416725.1	ASM2241672v1	Ovis aries	Ovis aries	Chromosome	ok	exon_5	5	124	0.9919354838709677	0.9919354838709677	0.9919354838709677	0.9024390243902439	0.0	123	123	123	111	12	22195708.0	22195830.0	0.9719807238394965	HIGH	GA	GC	NONCANONICAL	CANONICAL	323	0	0.0	0	0
GCA_022416725.1	ASM2241672v1	Ovis aries	Ovis aries	Chromosome	ok	exon_6	6	1115	0.9524663677130045	0.9847533632286996	0.9524663677130045	0.8709981167608286	0.0	1062	1062	1098	925	137	22196652.0	22197715.0	0.9463593946610592	HIGH	AG		CANONICAL	NA	1264	0	0.0	0	0
GCA_022416745.1	ASM2241674v1	Ovis aries	Ovis aries	Chromosome	ok	exon_1	1	194	0.9432989690721649	0.9690721649484536	0.9432989690721649	0.8524590163934426	0.0	183	183	188	156	27	22025955.0	22026141.0	0.9375992901808349	HIGH		CC	NA	NONCANONICAL	387	0	0.0	0	0
GCA_022416745.1	ASM2241674v1	Ovis aries	Ovis aries	Chromosome	ok	exon_2	2	304	1.0	1.0	1.0	0.8947368421052632	0.0	304	304	304	272	32	22029284.0	22029588.0	0.9736842105263158	HIGH	AG	GT	CANONICAL	CANONICAL	505	0	0.0	0	0
GCA_022416745.1	ASM2241674v1	Ovis aries	Ovis aries	Chromosome	ok	exon_3	3	837	0.9713261648745519	0.992831541218638	0.9713261648745519	0.8868388683886839	0.0	813	813	831	721	92	22031941.0	22032931.0	0.9588064912907194	HIGH	AG	GT	CANONICAL	CANONICAL	1191	0	0.0	0	0
GCA_022416745.1	ASM2241674v1	Ovis aries	Ovis aries	Chromosome	ok	exon_4	4	213	0.8732394366197183	0.8779342723004695	0.8732394366197183	0.8978494623655914	0.0	186	186	187	167	19	22040688.0	22040873.0	0.9174201120702711	HIGH			NA	NA	386	0	0.0	0	0
GCA_022416745.1	ASM2241674v1	Ovis aries	Ovis aries	Chromosome	ok	exon_5	5	124	0.9919354838709677	0.9919354838709677	0.9919354838709677	0.8943089430894309	0.0	123	123	123	110	13	22044221.0	22044343.0	0.9699482035142932	HIGH	GA	GC	NONCANONICAL	CANONICAL	323	0	0.0	0	0
GCA_022416745.1	ASM2241674v1	Ovis aries	Ovis aries	Chromosome	ok	exon_6	6	1115	0.9524663677130045	0.9847533632286996	0.9524663677130045	0.8709981167608286	0.0	1062	1062	1098	925	137	22045165.0	22046229.0	0.9463593946610592	HIGH	AG		CANONICAL	NA	1265	0	0.0	0	0
GCA_022416755.1	ASM2241675v1	Ovis aries	Ovis aries	Chromosome	ok	exon_1	1	194	0.9432989690721649	0.9690721649484536	0.9432989690721649	0.8524590163934426	0.0	183	183	188	156	27	21250183.0	21250369.0	0.9375992901808349	HIGH		CC	NA	NONCANONICAL	387	0	0.0	0	0
GCA_022416755.1	ASM2241675v1	Ovis aries	Ovis aries	Chromosome	ok	exon_2	2	304	1.0	1.0	1.0	0.8947368421052632	0.0	304	304	304	272	32	21253510.0	21253814.0	0.9736842105263158	HIGH	AG	GT	CANONICAL	CANONICAL	505	0	0.0	0	0
GCA_022416755.1	ASM2241675v1	Ovis aries	Ovis aries	Chromosome	ok	exon_3	3	837	0.9713261648745519	0.992831541218638	0.9713261648745519	0.8843788437884379	0.0	813	813	831	719	94	21256173.0	21257127.0	0.9581914851406579	HIGH	AG	GT	CANONICAL	CANONICAL	1155	0	0.0	0	0
GCA_022416755.1	ASM2241675v1	Ovis aries	Ovis aries	Chromosome	ok	exon_4	4	213	0.8732394366197183	0.8779342723004695	0.8732394366197183	0.8978494623655914	0.0	186	186	187	167	19	21264871.0	21265056.0	0.9174201120702711	HIGH			NA	NA	386	0	0.0	0	0
GCA_022416755.1	ASM2241675v1	Ovis aries	Ovis aries	Chromosome	ok	exon_5	5	124	0.9919354838709677	0.9919354838709677	0.9919354838709677	0.8943089430894309	0.0	123	123	123	110	13	21268406.0	21268528.0	0.9699482035142932	HIGH	GA	GC	NONCANONICAL	CANONICAL	323	0	0.0	0	0
GCA_022416755.1	ASM2241675v1	Ovis aries	Ovis aries	Chromosome	ok	exon_6	6	1115	0.9524663677130045	0.9847533632286996	0.9524663677130045	0.8709981167608286	0.0	1062	1062	1098	925	137	21269350.0	21270413.0	0.9463593946610592	HIGH	AG		CANONICAL	NA	1264	0	0.0	0	0
GCA_022416775.1	ASM2241677v1	Ovis aries	Ovis aries	Chromosome	ok	exon_1	1	194	0.9432989690721649	0.9690721649484536	0.9432989690721649	0.8524590163934426	0.0	183	183	188	156	27	21148914.0	21149100.0	0.9375992901808349	HIGH		CC	NA	NONCANONICAL	387	0	0.0	0	0
GCA_022416775.1	ASM2241677v1	Ovis aries	Ovis aries	Chromosome	ok	exon_2	2	304	1.0	1.0	1.0	0.8947368421052632	0.0	304	304	304	272	32	21152246.0	21152550.0	0.9736842105263158	HIGH	AG	GT	CANONICAL	CANONICAL	505	0	0.0	0	0
GCA_022416775.1	ASM2241677v1	Ovis aries	Ovis aries	Chromosome	ok	exon_3	3	837	0.9713261648745519	0.992831541218638	0.9713261648745519	0.8868388683886839	0.0	813	813	831	721	92	21154909.0	21155911.0	0.9588064912907194	HIGH	AG	GT	CANONICAL	CANONICAL	1203	0	0.0	0	0
GCA_022416775.1	ASM2241677v1	Ovis aries	Ovis aries	Chromosome	ok	exon_4	4	213	0.8732394366197183	0.8779342723004695	0.8732394366197183	0.8978494623655914	0.0	186	186	187	167	19	21163667.0	21163852.0	0.9174201120702711	HIGH			NA	NA	386	0	0.0	0	0
GCA_022416775.1	ASM2241677v1	Ovis aries	Ovis aries	Chromosome	ok	exon_5	5	124	0.9919354838709677	0.9919354838709677	0.9919354838709677	0.8943089430894309	0.0	123	123	123	110	13	21167200.0	21167322.0	0.9699482035142932	HIGH	GA	GC	NONCANONICAL	CANONICAL	323	0	0.0	0	0
GCA_022416775.1	ASM2241677v1	Ovis aries	Ovis aries	Chromosome	ok	exon_6	6	1115	0.9524663677130045	0.9847533632286996	0.9524663677130045	0.8709981167608286	0.0	1062	1062	1098	925	137	21168144.0	21169208.0	0.9463593946610592	HIGH	AG		CANONICAL	NA	1265	0	0.0	0	0
GCA_022416785.1	ASM2241678v1	Ovis aries	Ovis aries	Chromosome	ok	exon_1	1	194	0.9432989690721649	0.9690721649484536	0.9432989690721649	0.8524590163934426	0.0	183	183	188	156	27	23013457.0	23013643.0	0.9375992901808349	HIGH		CC	NA	NONCANONICAL	387	0	0.0	0	0
GCA_022416785.1	ASM2241678v1	Ovis aries	Ovis aries	Chromosome	ok	exon_2	2	304	0.993421052631579	1.0	0.993421052631579	0.8940397350993378	0.0	302	302	304	270	32	23016295.0	23016597.0	0.970549407459045	HIGH	AG	GT	CANONICAL	CANONICAL	503	0	0.0	0	0
GCA_022416785.1	ASM2241678v1	Ovis aries	Ovis aries	Chromosome	ok	exon_3	3	837	0.959378733572282	0.98805256869773	0.959378733572282	0.8854296388542964	0.0	803	803	827	711	92	23018936.0	23019898.0	0.9530778398211011	HIGH	AG	GT	CANONICAL	CANONICAL	1163	0	0.0	0	0
GCA_022416785.1	ASM2241678v1	Ovis aries	Ovis aries	Chromosome	ok	exon_4	4	213	0.8732394366197183	0.8779342723004695	0.8732394366197183	0.8978494623655914	0.0	186	186	187	167	19	23027661.0	23027846.0	0.9174201120702711	HIGH			NA	NA	386	0	0.0	0	0
GCA_022416785.1	ASM2241678v1	Ovis aries	Ovis aries	Chromosome	ok	exon_5	5	124	0.9919354838709677	0.9919354838709677	0.9919354838709677	0.8943089430894309	0.0	123	123	123	110	13	23031193.0	23031315.0	0.9699482035142932	HIGH	GA	GC	NONCANONICAL	CANONICAL	323	0	0.0	0	0
GCA_022416785.1	ASM2241678v1	Ovis aries	Ovis aries	Chromosome	ok	exon_6	6	1115	0.9524663677130045	0.9847533632286996	0.9524663677130045	0.8709981167608286	0.0	1062	1062	1098	925	137	23032137.0	23033200.0	0.9463593946610592	HIGH	AG		CANONICAL	NA	1264	0	0.0	0	0
GCA_022432835.1	ASM2243283v1	Ovis aries	Ovis aries	Chromosome	ok	exon_1	1	194	0.9432989690721649	0.9690721649484536	0.9432989690721649	0.8524590163934426	0.0	183	183	188	156	27	21604798.0	21604984.0	0.9375992901808349	HIGH		CC	NA	NONCANONICAL	387	0	0.0	0	0
GCA_022432835.1	ASM2243283v1	Ovis aries	Ovis aries	Chromosome	ok	exon_2	2	304	1.0	1.0	1.0	0.8947368421052632	0.0	304	304	304	272	32	21608137.0	21608441.0	0.9736842105263158	HIGH	AG	GT	CANONICAL	CANONICAL	505	0	0.0	0	0
GCA_022432835.1	ASM2243283v1	Ovis aries	Ovis aries	Chromosome	ok	exon_3	3	837	0.9713261648745519	0.992831541218638	0.9713261648745519	0.8856088560885609	0.0	813	813	831	720	93	21610802.0	21611756.0	0.9584989882156887	HIGH	AG	GT	CANONICAL	CANONICAL	1155	0	0.0	0	0
GCA_022432835.1	ASM2243283v1	Ovis aries	Ovis aries	Chromosome	ok	exon_4	4	213	0.8732394366197183	0.8779342723004695	0.8732394366197183	0.8978494623655914	0.0	186	186	187	167	19	21619501.0	21619686.0	0.9174201120702711	HIGH			NA	NA	386	0	0.0	0	0
GCA_022432835.1	ASM2243283v1	Ovis aries	Ovis aries	Chromosome	ok	exon_5	5	124	0.9919354838709677	0.9919354838709677	0.9919354838709677	0.8943089430894309	0.0	123	123	123	110	13	21623036.0	21623158.0	0.9699482035142932	HIGH	GA	GC	NONCANONICAL	CANONICAL	323	0	0.0	0	0
GCA_022432835.1	ASM2243283v1	Ovis aries	Ovis aries	Chromosome	ok	exon_6	6	1115	0.9524663677130045	0.9847533632286996	0.9524663677130045	0.8709981167608286	0.0	1062	1062	1098	925	137	21623980.0	21625043.0	0.9463593946610592	HIGH	AG		CANONICAL	NA	1264	0	0.0	0	0
GCA_022432845.1	ASM2243284v1	Ovis aries	Ovis aries	Chromosome	ok	exon_1	1	194	0.9432989690721649	0.9690721649484536	0.9432989690721649	0.8524590163934426	0.0	183	183	188	156	27	21450643.0	21450829.0	0.9375992901808349	HIGH		CC	NA	NONCANONICAL	387	0	0.0	0	0
GCA_022432845.1	ASM2243284v1	Ovis aries	Ovis aries	Chromosome	ok	exon_2	2	304	1.0	1.0	1.0	0.8947368421052632	0.0	304	304	304	272	32	21453967.0	21454271.0	0.9736842105263158	HIGH	AG	GT	CANONICAL	CANONICAL	505	0	0.0	0	0
GCA_022432845.1	ASM2243284v1	Ovis aries	Ovis aries	Chromosome	ok	exon_3	3	837	0.9713261648745519	0.992831541218638	0.9713261648745519	0.8880688806888068	0.0	813	813	831	722	91	21456630.0	21457650.0	0.9591139943657501	HIGH	AG	GT	CANONICAL	CANONICAL	1221	0	0.0	0	0
GCA_022432845.1	ASM2243284v1	Ovis aries	Ovis aries	Chromosome	ok	exon_4	4	213	0.8732394366197183	0.8779342723004695	0.8732394366197183	0.8978494623655914	0.0	186	186	187	167	19	21465408.0	21465593.0	0.9174201120702711	HIGH			NA	NA	386	0	0.0	0	0
GCA_022432845.1	ASM2243284v1	Ovis aries	Ovis aries	Chromosome	ok	exon_5	5	124	0.9919354838709677	0.9919354838709677	0.9919354838709677	0.8943089430894309	0.0	123	123	123	110	13	21468939.0	21469061.0	0.9699482035142932	HIGH	GA	GC	NONCANONICAL	CANONICAL	323	0	0.0	0	0
GCA_022432845.1	ASM2243284v1	Ovis aries	Ovis aries	Chromosome	ok	exon_6	6	1115	0.9524663677130045	0.9847533632286996	0.9524663677130045	0.8709981167608286	0.0	1062	1062	1098	925	137	21469883.0	21470946.0	0.9463593946610592	HIGH	AG		CANONICAL	NA	1264	0	0.0	0	0
GCA_022457185.1	ASM2245718v1	Rangifer tarandus	Rangifer tarandus	Scaffold	ok	exon_1	1	194	0.0	0.0	0.0	0.0		0	0	0	0	0			0.23333333333333334	UNRESOLVED			NA	NA	0	0		0	0
GCA_022457185.1	ASM2245718v1	Rangifer tarandus	Rangifer tarandus	Scaffold	ok	exon_2	2	304	0.2532894736842105	0.2565789473684211	0.2532894736842105	0.9090909090909091	0.0	77	77	78	70	7	217.0	293.0	0.6245863237639554	LOW			NA	NA	277	0	0.0	0	0
GCA_022457185.1	ASM2245718v1	Rangifer tarandus	Rangifer tarandus	Scaffold	ok	exon_3	3	837	0.978494623655914	1.0	0.978494623655914	0.8864468864468864	0.0	819	819	837	726	93	2674.0	3770.0	0.9452676355902163	HIGH	AG	GT	CANONICAL	CANONICAL	1297	0	0.0	0	0
GCA_022457185.1	ASM2245718v1	Rangifer tarandus	Rangifer tarandus	Scaffold	ok	exon_4	4	213	0.8732394366197183	0.8779342723004695	0.8732394366197183	0.8978494623655914	0.0	186	186	187	167	19	10779.0	10964.0	0.9007534454036045	HIGH			NA	NA	386	0	0.0	0	0
GCA_022457185.1	ASM2245718v1	Rangifer tarandus	Rangifer tarandus	Scaffold	ok	exon_5	5	124	0.9919354838709677	0.9919354838709677	0.9919354838709677	0.8943089430894309	0.0	123	123	123	110	13	13944.0	14066.0	0.9532815368476266	HIGH	GA	GT	NONCANONICAL	CANONICAL	323	0	0.0	0	0
GCA_022457185.1	ASM2245718v1	Rangifer tarandus	Rangifer tarandus	Scaffold	ok	exon_6	6	1115	0.9479820627802691	1.0	0.9479820627802691	0.8722800378429517	0.0	1057	1057	1115	922	135	14884.0	15940.0	0.9279952710451924	HIGH	AG		CANONICAL	NA	1257	0	0.0	0	0
GCA_022457235.1	LMD_DV1	Tragulus javanicus	Tragulus javanicus	Scaffold	ok	exon_1	1	194	0.9226804123711341	0.9226804123711341	0.9226804123711341	0.8212290502793296	0.0	179	179	179	147	32	86812.0	87004.0	0.8538467814701761	HIGH		AC	NA	NONCANONICAL	393	0	0.0	0	0
GCA_022457235.1	LMD_DV1	Tragulus javanicus	Tragulus javanicus	Scaffold	ok	exon_2	2	304	0.0	0.0	0.0	0.0		0	0	0	0	0			0.18333333333333332	UNRESOLVED			NA	NA	0	0		0	0
GCA_022457235.1	LMD_DV1	Tragulus javanicus	Tragulus javanicus	Scaffold	ok	exon_3	3	837	0.0	0.0	0.0	0.0		0	0	0	0	0			0.18333333333333332	UNRESOLVED			NA	NA	0	0		0	0
GCA_022457235.1	LMD_DV1	Tragulus javanicus	Tragulus javanicus	Scaffold	ok	exon_4	4	213	0.0	0.0	0.0	0.0		0	0	0	0	0			0.18333333333333332	UNRESOLVED			NA	NA	0	0		0	0
GCA_022457235.1	LMD_DV1	Tragulus javanicus	Tragulus javanicus	Scaffold	ok	exon_5	5	124	0.0	0.0	0.0	0.0		0	0	0	0	0			0.18333333333333332	UNRESOLVED			NA	NA	0	0		0	0
GCA_022457235.1	LMD_DV1	Tragulus javanicus	Tragulus javanicus	Scaffold	ok	exon_6	6	1115	0.9982062780269059	1.0	0.9982062780269059	0.8301886792452831	0.0	1113	1113	1115	924	189	96318.0	97438.0	0.8900733282567619	HIGH	AC		NONCANONICAL	NA	1321	0	0.0	0	0
GCA_022538005.1	ASM2253800v1	Ovis aries	Ovis aries	Chromosome	ok	exon_1	1	194	0.9432989690721649	0.9690721649484536	0.9432989690721649	0.8524590163934426	0.0	183	183	188	156	27	21498283.0	21498469.0	0.9375992901808349	HIGH		CC	NA	NONCANONICAL	387	0	0.0	0	0
GCA_022538005.1	ASM2253800v1	Ovis aries	Ovis aries	Chromosome	ok	exon_2	2	304	1.0	1.0	1.0	0.8947368421052632	0.0	304	304	304	272	32	21501618.0	21501922.0	0.9736842105263158	HIGH	AG	GT	CANONICAL	CANONICAL	505	0	0.0	0	0
GCA_022538005.1	ASM2253800v1	Ovis aries	Ovis aries	Chromosome	ok	exon_3	3	837	0.9713261648745519	0.992831541218638	0.9713261648745519	0.8868388683886839	0.0	813	813	831	721	92	21504281.0	21505283.0	0.9588064912907194	HIGH	AG	GT	CANONICAL	CANONICAL	1203	0	0.0	0	0
GCA_022538005.1	ASM2253800v1	Ovis aries	Ovis aries	Chromosome	ok	exon_4	4	213	0.8732394366197183	0.8779342723004695	0.8732394366197183	0.8978494623655914	0.0	186	186	187	167	19	21513040.0	21513225.0	0.9174201120702711	HIGH			NA	NA	386	0	0.0	0	0
GCA_022538005.1	ASM2253800v1	Ovis aries	Ovis aries	Chromosome	ok	exon_5	5	124	0.9919354838709677	0.9919354838709677	0.9919354838709677	0.8943089430894309	0.0	123	123	123	110	13	21516573.0	21516695.0	0.9699482035142932	HIGH	GA	GC	NONCANONICAL	CANONICAL	323	0	0.0	0	0
GCA_022538005.1	ASM2253800v1	Ovis aries	Ovis aries	Chromosome	ok	exon_6	6	1115	0.9524663677130045	0.9847533632286996	0.9524663677130045	0.8709981167608286	0.0	1062	1062	1098	925	137	21517517.0	21518581.0	0.9463593946610592	HIGH	AG		CANONICAL	NA	1265	0	0.0	0	0
GCA_022702665.1	ASM2270266v1	Ovis aries	Ovis aries	Scaffold	ok	exon_1	1	194	0.9432989690721649	0.9690721649484536	0.9432989690721649	0.8524590163934426	0.0	183	183	188	156	27	67649268.0	67649454.0	0.9375992901808349	HIGH		CC	NA	NONCANONICAL	387	0	0.0	0	0
GCA_022702665.1	ASM2270266v1	Ovis aries	Ovis aries	Scaffold	ok	exon_2	2	304	1.0	1.0	1.0	0.8947368421052632	0.0	304	304	304	272	32	67645815.0	67646119.0	0.9736842105263158	HIGH	AG	GT	CANONICAL	CANONICAL	505	0	0.0	0	0
GCA_022702665.1	ASM2270266v1	Ovis aries	Ovis aries	Scaffold	ok	exon_3	3	837	0.9713261648745519	0.992831541218638	0.9713261648745519	0.8868388683886839	0.0	813	813	831	721	92	67642454.0	67643456.0	0.9588064912907194	HIGH	AG	GT	CANONICAL	CANONICAL	1203	0	0.0	0	0
GCA_022702665.1	ASM2270266v1	Ovis aries	Ovis aries	Scaffold	ok	exon_4	4	213	0.8732394366197183	0.8779342723004695	0.8732394366197183	0.8978494623655914	0.0	186	186	187	167	19	67634514.0	67634699.0	0.9174201120702711	HIGH			NA	NA	386	0	0.0	0	0
GCA_022702665.1	ASM2270266v1	Ovis aries	Ovis aries	Scaffold	ok	exon_5	5	124	0.9919354838709677	0.9919354838709677	0.9919354838709677	0.8943089430894309	0.0	123	123	123	110	13	67631044.0	67631166.0	0.9699482035142932	HIGH	GA	GC	NONCANONICAL	CANONICAL	323	0	0.0	0	0
GCA_022702665.1	ASM2270266v1	Ovis aries	Ovis aries	Scaffold	ok	exon_6	6	1115	0.9524663677130045	0.9847533632286996	0.9524663677130045	0.8709981167608286	0.0	1062	1062	1098	925	137	67629158.0	67630222.0	0.9463593946610592	HIGH	AG		CANONICAL	NA	1265	0	0.0	0	0
GCA_023091745.2	Takin1.1	Budorcas taxicolor	Budorcas taxicolor	Chromosome	ok	exon_1	1	194	0.9432989690721649	0.9690721649484536	0.9432989690721649	0.8524590163934426	0.0	183	183	188	156	27	25404766.0	25404953.0	0.9375992901808349	HIGH		CC	NA	NONCANONICAL	388	0	0.0	0	0
GCA_023091745.2	Takin1.1	Budorcas taxicolor	Budorcas taxicolor	Chromosome	ok	exon_2	2	304	1.0	1.0	1.0	0.8947368421052632	0.0	304	304	304	272	32	25407627.0	25407931.0	0.9736842105263158	HIGH	AG	GT	CANONICAL	CANONICAL	505	0	0.0	0	0
GCA_023091745.2	Takin1.1	Budorcas taxicolor	Budorcas taxicolor	Chromosome	ok	exon_3	3	837	0.972520908004779	0.992831541218638	0.972520908004779	0.8845208845208845	0.0	814	814	831	720	94	25410291.0	25411255.0	0.9587646297323718	HIGH	AG	GT	CANONICAL	CANONICAL	1165	0	0.0	0	0
GCA_023091745.2	Takin1.1	Budorcas taxicolor	Budorcas taxicolor	Chromosome	ok	exon_4	4	213	0.9953051643192489	1.0	0.9953051643192489	0.8820754716981132	0.0	212	212	213	187	25	25418297.0	25419235.0	0.9684061918681903	HIGH	AG	GT	CANONICAL	CANONICAL	1139	0	0.0	0	0
GCA_023091745.2	Takin1.1	Budorcas taxicolor	Budorcas taxicolor	Chromosome	ok	exon_5	5	124	0.9919354838709677	0.9919354838709677	0.9919354838709677	0.8943089430894309	0.0	123	123	123	110	13	25422620.0	25422743.0	0.9699482035142932	HIGH	GA	GC	NONCANONICAL	CANONICAL	324	0	0.0	0	0
GCA_023091745.2	Takin1.1	Budorcas taxicolor	Budorcas taxicolor	Chromosome	ok	exon_6	6	1115	0.9533632286995516	0.9847533632286996	0.9533632286995516	0.8720602069614299	0.0	1063	1063	1098	927	136	25423565.0	25424629.0	0.9470285046551558	HIGH	AG		CANONICAL	NA	1265	0	0.0	0	0
GCA_023701675.1	CAU_F1_maternal_1.0	Ovis ammon polii x Ovis aries	Ovis ammon polii x Ovis aries	Chromosome	ok	exon_1	1	194	0.9432989690721649	0.9690721649484536	0.9432989690721649	0.8524590163934426	0.0	183	183	188	156	27	21459578.0	21459764.0	0.9375992901808349	HIGH		CC	NA	NONCANONICAL	387	0	0.0	0	0
GCA_023701675.1	CAU_F1_maternal_1.0	Ovis ammon polii x Ovis aries	Ovis ammon polii x Ovis aries	Chromosome	ok	exon_2	2	304	1.0	1.0	1.0	0.8947368421052632	0.0	304	304	304	272	32	21462909.0	21463213.0	0.9736842105263158	HIGH	AG	GT	CANONICAL	CANONICAL	505	0	0.0	0	0
GCA_023701675.1	CAU_F1_maternal_1.0	Ovis ammon polii x Ovis aries	Ovis ammon polii x Ovis aries	Chromosome	ok	exon_3	3	837	0.9713261648745519	0.992831541218638	0.9713261648745519	0.8880688806888068	0.0	813	813	831	722	91	21465446.0	21466442.0	0.9591139943657501	HIGH	AG	GT	CANONICAL	CANONICAL	1197	0	0.0	0	0
GCA_023701675.1	CAU_F1_maternal_1.0	Ovis ammon polii x Ovis aries	Ovis ammon polii x Ovis aries	Chromosome	ok	exon_4	4	213	0.8732394366197183	0.8779342723004695	0.8732394366197183	0.8978494623655914	0.0	186	186	187	167	19	21474196.0	21474381.0	0.9174201120702711	HIGH			NA	NA	386	0	0.0	0	0
GCA_023701675.1	CAU_F1_maternal_1.0	Ovis ammon polii x Ovis aries	Ovis ammon polii x Ovis aries	Chromosome	ok	exon_5	5	124	0.9919354838709677	0.9919354838709677	0.9919354838709677	0.8943089430894309	0.0	123	123	123	110	13	21477728.0	21477850.0	0.9699482035142932	HIGH	GA	GC	NONCANONICAL	CANONICAL	323	0	0.0	0	0
GCA_023701675.1	CAU_F1_maternal_1.0	Ovis ammon polii x Ovis aries	Ovis ammon polii x Ovis aries	Chromosome	ok	exon_6	6	1115	0.9524663677130045	0.9847533632286996	0.9524663677130045	0.871939736346516	0.0	1062	1062	1098	926	136	21478672.0	21479735.0	0.946594799557481	HIGH	AG		CANONICAL	NA	1264	0	0.0	0	0
GCA_024222135.1	ASM2422213v1	Ovis aries	Ovis aries	Scaffold	ok	exon_1	1	194	0.9432989690721649	0.9690721649484536	0.9432989690721649	0.8524590163934426	0.0	183	183	188	156	27	1209110.0	1209296.0	0.9375992901808349	HIGH		CC	NA	NONCANONICAL	387	0	0.0	0	0
GCA_024222135.1	ASM2422213v1	Ovis aries	Ovis aries	Scaffold	ok	exon_2	2	304	1.0	1.0	1.0	0.8947368421052632	0.0	304	304	304	272	32	1212445.0	1212749.0	0.9736842105263158	HIGH	AG	GT	CANONICAL	CANONICAL	505	0	0.0	0	0
GCA_024222135.1	ASM2422213v1	Ovis aries	Ovis aries	Scaffold	ok	exon_3	3	837	0.9713261648745519	0.992831541218638	0.9713261648745519	0.8880688806888068	0.0	813	813	831	722	91	1215105.0	1216059.0	0.9591139943657501	HIGH	AG	GT	CANONICAL	CANONICAL	1155	0	0.0	0	0
GCA_024222135.1	ASM2422213v1	Ovis aries	Ovis aries	Scaffold	ok	exon_4	4	213	0.8732394366197183	0.8779342723004695	0.8732394366197183	0.8978494623655914	0.0	186	186	187	167	19	1223803.0	1223988.0	0.9174201120702711	HIGH			NA	NA	386	0	0.0	0	0
GCA_024222135.1	ASM2422213v1	Ovis aries	Ovis aries	Scaffold	ok	exon_5	5	124	0.9919354838709677	0.9919354838709677	0.9919354838709677	0.8943089430894309	0.0	123	123	123	110	13	1227338.0	1227460.0	0.9699482035142932	HIGH	GA	GC	NONCANONICAL	CANONICAL	323	0	0.0	0	0
GCA_024222135.1	ASM2422213v1	Ovis aries	Ovis aries	Scaffold	ok	exon_6	6	1115	0.9524663677130045	0.9847533632286996	0.9524663677130045	0.8709981167608286	0.0	1062	1062	1098	925	137	1228282.0	1229345.0	0.9463593946610592	HIGH	AG		CANONICAL	NA	1264	0	0.0	0	0
GCA_024222175.1	ASM2422217v1	Ovis aries	Ovis aries	Chromosome	ok	exon_1	1	194	0.9432989690721649	0.9690721649484536	0.9432989690721649	0.8524590163934426	0.0	183	183	188	156	27	23082852.0	23083038.0	0.9375992901808349	HIGH		CC	NA	NONCANONICAL	387	0	0.0	0	0
GCA_024222175.1	ASM2422217v1	Ovis aries	Ovis aries	Chromosome	ok	exon_2	2	304	1.0	1.0	1.0	0.8947368421052632	0.0	304	304	304	272	32	23086187.0	23086491.0	0.9736842105263158	HIGH	AG	GT	CANONICAL	CANONICAL	505	0	0.0	0	0
GCA_024222175.1	ASM2422217v1	Ovis aries	Ovis aries	Chromosome	ok	exon_3	3	837	0.9713261648745519	0.992831541218638	0.9713261648745519	0.8868388683886839	0.0	813	813	831	721	92	23088851.0	23089853.0	0.9588064912907194	HIGH	AG	GT	CANONICAL	CANONICAL	1203	0	0.0	0	0
GCA_024222175.1	ASM2422217v1	Ovis aries	Ovis aries	Chromosome	ok	exon_4	4	213	0.8732394366197183	0.8779342723004695	0.8732394366197183	0.8978494623655914	0.0	186	186	187	167	19	23097611.0	23097796.0	0.9174201120702711	HIGH			NA	NA	386	0	0.0	0	0
GCA_024222175.1	ASM2422217v1	Ovis aries	Ovis aries	Chromosome	ok	exon_5	5	124	0.9919354838709677	0.9919354838709677	0.9919354838709677	0.8943089430894309	0.0	123	123	123	110	13	23101144.0	23101266.0	0.9699482035142932	HIGH	GA	GC	NONCANONICAL	CANONICAL	323	0	0.0	0	0
GCA_024222175.1	ASM2422217v1	Ovis aries	Ovis aries	Chromosome	ok	exon_6	6	1115	0.9524663677130045	0.9847533632286996	0.9524663677130045	0.8709981167608286	0.0	1062	1062	1098	925	137	23102088.0	23103152.0	0.9463593946610592	HIGH	AG		CANONICAL	NA	1265	0	0.0	0	0
GCA_024222265.1	ASM2422226v1	Ovis aries	Ovis aries	Chromosome	ok	exon_1	1	194	0.9432989690721649	0.9690721649484536	0.9432989690721649	0.8524590163934426	0.0	183	183	188	156	27	22084127.0	22084313.0	0.9375992901808349	HIGH		CC	NA	NONCANONICAL	387	0	0.0	0	0
GCA_024222265.1	ASM2422226v1	Ovis aries	Ovis aries	Chromosome	ok	exon_2	2	304	1.0	1.0	1.0	0.8947368421052632	0.0	304	304	304	272	32	22087464.0	22087768.0	0.9736842105263158	HIGH	AG	GT	CANONICAL	CANONICAL	505	0	0.0	0	0
GCA_024222265.1	ASM2422226v1	Ovis aries	Ovis aries	Chromosome	ok	exon_3	3	837	0.9713261648745519	0.992831541218638	0.9713261648745519	0.8880688806888068	0.0	813	813	831	722	91	22090126.0	22091080.0	0.9591139943657501	HIGH	AG	GT	CANONICAL	CANONICAL	1155	0	0.0	0	0
GCA_024222265.1	ASM2422226v1	Ovis aries	Ovis aries	Chromosome	ok	exon_4	4	213	0.8732394366197183	0.8779342723004695	0.8732394366197183	0.8978494623655914	0.0	186	186	187	167	19	22098822.0	22099007.0	0.9174201120702711	HIGH			NA	NA	386	0	0.0	0	0
GCA_024222265.1	ASM2422226v1	Ovis aries	Ovis aries	Chromosome	ok	exon_5	5	124	0.9919354838709677	0.9919354838709677	0.9919354838709677	0.9024390243902439	0.0	123	123	123	111	12	22102354.0	22102476.0	0.9719807238394965	HIGH	GA	GC	NONCANONICAL	CANONICAL	323	0	0.0	0	0
GCA_024222265.1	ASM2422226v1	Ovis aries	Ovis aries	Chromosome	ok	exon_6	6	1115	0.9524663677130045	0.9847533632286996	0.9524663677130045	0.8709981167608286	0.0	1062	1062	1098	925	137	22103298.0	22104361.0	0.9463593946610592	HIGH	AG		CANONICAL	NA	1264	0	0.0	0	0
GCA_024256485.1	ASM2425648v1	Ovis aries	Ovis aries	Scaffold	ok	exon_1	1	194	0.9432989690721649	0.9690721649484536	0.9432989690721649	0.8524590163934426	0.0	183	183	188	156	27	781672.0	781858.0	0.9375992901808349	HIGH		CC	NA	NONCANONICAL	387	0	0.0	0	0
GCA_024256485.1	ASM2425648v1	Ovis aries	Ovis aries	Scaffold	ok	exon_2	2	304	1.0	1.0	1.0	0.8947368421052632	0.0	304	304	304	272	32	778219.0	778523.0	0.9736842105263158	HIGH	AG	GT	CANONICAL	CANONICAL	505	0	0.0	0	0
GCA_024256485.1	ASM2425648v1	Ovis aries	Ovis aries	Scaffold	ok	exon_3	3	837	0.9713261648745519	0.992831541218638	0.9713261648745519	0.8868388683886839	0.0	813	813	831	721	92	774867.0	775860.0	0.9588064912907194	HIGH	AG	GT	CANONICAL	CANONICAL	1194	0	0.0	0	0
GCA_024256485.1	ASM2425648v1	Ovis aries	Ovis aries	Scaffold	ok	exon_4	4	213	0.8732394366197183	0.8779342723004695	0.8732394366197183	0.8978494623655914	0.0	186	186	187	167	19	766926.0	767111.0	0.9174201120702711	HIGH			NA	NA	386	0	0.0	0	0
GCA_024256485.1	ASM2425648v1	Ovis aries	Ovis aries	Scaffold	ok	exon_5	5	124	0.9919354838709677	0.9919354838709677	0.9919354838709677	0.9024390243902439	0.0	123	123	123	111	12	763454.0	763576.0	0.9719807238394965	HIGH	GA	GC	NONCANONICAL	CANONICAL	323	0	0.0	0	0
GCA_024256485.1	ASM2425648v1	Ovis aries	Ovis aries	Scaffold	ok	exon_6	6	1115	0.9524663677130045	0.9847533632286996	0.9524663677130045	0.8709981167608286	0.0	1062	1062	1098	925	137	761569.0	762632.0	0.9463593946610592	HIGH	AG		CANONICAL	NA	1264	0	0.0	0	0
GCA_024256505.1	ASM2425650v1	Ovis aries	Ovis aries	Scaffold	ok	exon_1	1	194	0.9432989690721649	0.9690721649484536	0.9432989690721649	0.8524590163934426	0.0	183	183	188	156	27	793005.0	793191.0	0.9375992901808349	HIGH		CC	NA	NONCANONICAL	387	0	0.0	0	0
GCA_024256505.1	ASM2425650v1	Ovis aries	Ovis aries	Scaffold	ok	exon_2	2	304	1.0	1.0	1.0	0.8947368421052632	0.0	304	304	304	272	32	789552.0	789856.0	0.9736842105263158	HIGH	AG	GT	CANONICAL	CANONICAL	505	0	0.0	0	0
GCA_024256505.1	ASM2425650v1	Ovis aries	Ovis aries	Scaffold	ok	exon_3	3	837	0.9713261648745519	0.992831541218638	0.9713261648745519	0.8868388683886839	0.0	813	813	831	721	92	786190.0	787192.0	0.9588064912907194	HIGH	AG	GT	CANONICAL	CANONICAL	1203	0	0.0	0	0
GCA_024256505.1	ASM2425650v1	Ovis aries	Ovis aries	Scaffold	ok	exon_4	4	213	0.8732394366197183	0.8779342723004695	0.8732394366197183	0.8978494623655914	0.0	186	186	187	167	19	778247.0	778432.0	0.9174201120702711	HIGH			NA	NA	386	0	0.0	0	0
GCA_024256505.1	ASM2425650v1	Ovis aries	Ovis aries	Scaffold	ok	exon_5	5	124	0.9919354838709677	0.9919354838709677	0.9919354838709677	0.8943089430894309	0.0	123	123	123	110	13	774777.0	774899.0	0.9699482035142932	HIGH	GA	GC	NONCANONICAL	CANONICAL	323	0	0.0	0	0
GCA_024256505.1	ASM2425650v1	Ovis aries	Ovis aries	Scaffold	ok	exon_6	6	1115	0.9524663677130045	0.9847533632286996	0.9524663677130045	0.8709981167608286	0.0	1062	1062	1098	925	137	772891.0	773955.0	0.9463593946610592	HIGH	AG		CANONICAL	NA	1265	0	0.0	0	0
GCA_024291935.2	TBG_Okapi_asm_v1	Okapia johnstoni	Okapia johnstoni	Chromosome	ok	exon_1	1	194	0.9742268041237113	0.979381443298969	0.9742268041237113	0.8677248677248677	0.0	189	189	190	164	25	63389476.0	63389664.0	0.9553332787868871	HIGH		CC	NA	NONCANONICAL	389	0	0.0	0	0
GCA_024291935.2	TBG_Okapi_asm_v1	Okapia johnstoni	Okapia johnstoni	Chromosome	ok	exon_2	2	304	0.9967105263157895	1.0	0.9967105263157895	0.9075907590759076	0.0	303	303	304	275	28	63386529.0	63386831.0	0.9754174266110822	HIGH	AG	GT	CANONICAL	CANONICAL	503	0	0.0	0	0
GCA_024291935.2	TBG_Okapi_asm_v1	Okapia johnstoni	Okapia johnstoni	Chromosome	ok	exon_3	3	837	0.97610513739546	1.0	0.97610513739546	0.8837209302325582	0.0	817	817	837	722	95	63383344.0	63384160.0	0.9601775443860966	HIGH	AA	GT	NONCANONICAL	CANONICAL	1017	0	0.0	0	0
GCA_024291935.2	TBG_Okapi_asm_v1	Okapia johnstoni	Okapia johnstoni	Chromosome	ok	exon_4	4	213	0.9953051643192489	1.0	0.9953051643192489	0.8915094339622641	0.0	212	212	213	189	23	63373899.0	63374110.0	0.9707646824342281	HIGH	AG	GT	CANONICAL	CANONICAL	412	0	0.0	0	0
GCA_024291935.2	TBG_Okapi_asm_v1	Okapia johnstoni	Okapia johnstoni	Chromosome	ok	exon_5	5	124	0.9919354838709677	0.9919354838709677	0.9919354838709677	0.8943089430894309	0.0	123	123	123	110	13	63371107.0	63371229.0	0.9699482035142932	HIGH	GA	GT	NONCANONICAL	CANONICAL	323	0	0.0	0	0
GCA_024291935.2	TBG_Okapi_asm_v1	Okapia johnstoni	Okapia johnstoni	Chromosome	ok	exon_6	6	1115	0.9937219730941704	1.0	0.9937219730941704	0.8835740072202166	0.0	1108	1108	1115	979	129	63369178.0	63370285.0	0.9680683896974309	HIGH	AG		CANONICAL	NA	1308	0	0.0	0	0
GCA_024542955.1	B.taurus_INIA.1	Bos taurus	Bos taurus	Scaffold	ok	exon_1	1	194	0.8917525773195877	0.8969072164948454	0.8917525773195877	0.8728323699421965	0.0	173	173	174	151	22	36034174.0	36034346.0	0.9194967522793636	HIGH			NA	NA	373	0	0.0	0	0
GCA_024542955.1	B.taurus_INIA.1	Bos taurus	Bos taurus	Scaffold	ok	exon_2	2	304	1.0	1.0	1.0	0.9078947368421053	0.0	304	304	304	276	28	36036999.0	36037302.0	0.9769736842105263	HIGH	AG	GT	CANONICAL	CANONICAL	504	0	0.0	0	0
GCA_024542955.1	B.taurus_INIA.1	Bos taurus	Bos taurus	Scaffold	ok	exon_3	3	837	0.946236559139785	0.966547192353644	0.946236559139785	0.8813131313131313	0.0	792	792	809	698	94	36040154.0	36040945.0	0.9461347344411861	HIGH	AG	AC	CANONICAL	NONCANONICAL	992	0	0.0	0	0
GCA_024542955.1	B.taurus_INIA.1	Bos taurus	Bos taurus	Scaffold	ok	exon_4	4	213	0.9953051643192489	1.0	0.9953051643192489	0.9056603773584906	0.0	212	212	213	192	20	36048293.0	36049398.0	0.9743024182832847	HIGH	AG	GT	CANONICAL	CANONICAL	1306	100	0.07656967840735068	1	100
GCA_024542955.1	B.taurus_INIA.1	Bos taurus	Bos taurus	Scaffold	ok	exon_5	5	124	0.9919354838709677	0.9919354838709677	0.9919354838709677	0.9024390243902439	0.0	123	123	123	111	12	36052198.0	36052320.0	0.9719807238394965	HIGH	GA	GT	NONCANONICAL	CANONICAL	323	0	0.0	0	0
GCA_024542955.1	B.taurus_INIA.1	Bos taurus	Bos taurus	Scaffold	ok	exon_6	6	1115	0.9641255605381166	1.0	0.9641255605381166	0.8762790697674419	0.0	1075	1075	1115	942	133	36053145.0	36054220.0	0.9529262696840131	HIGH	AG		CANONICAL	NA	1276	0	0.0	0	0
GCA_025584935.1	MNHNYannick_LA_1	Bubalus depressicornis	Bubalus depressicornis	Scaffold	ok	exon_1	1	194	0.0	0.0	0.0	0.0		0	0	0	0	0			0.2	UNRESOLVED			NA	NA	0	0		0	0
GCA_025584935.1	MNHNYannick_LA_1	Bubalus depressicornis	Bubalus depressicornis	Scaffold	ok	exon_2	2	304	0.0	0.0	0.0	0.0		0	0	0	0	0			0.2	UNRESOLVED			NA	NA	0	0		0	0
GCA_025584935.1	MNHNYannick_LA_1	Bubalus depressicornis	Bubalus depressicornis	Scaffold	ok	exon_3	3	837	0.0	0.0	0.0	0.0		0	0	0	0	0			0.2	UNRESOLVED			NA	NA	0	0		0	0
GCA_025584935.1	MNHNYannick_LA_1	Bubalus depressicornis	Bubalus depressicornis	Scaffold	ok	exon_4	4	213	0.9953051643192489	1.0	0.9953051643192489	0.8962264150943396	0.0	212	212	213	190	22	19073.0	20012.0	0.921943927717247	HIGH	AG	GT	CANONICAL	CANONICAL	1140	0	0.0	0	0
GCA_025584935.1	MNHNYannick_LA_1	Bubalus depressicornis	Bubalus depressicornis	Scaffold	ok	exon_5	5	124	0.9919354838709677	0.9919354838709677	0.9919354838709677	0.9105691056910569	0.0	123	123	123	112	11	16130.0	16252.0	0.9240132441646999	HIGH	GA	GT	NONCANONICAL	CANONICAL	323	0	0.0	0	0
GCA_025584935.1	MNHNYannick_LA_1	Bubalus depressicornis	Bubalus depressicornis	Scaffold	ok	exon_6	6	1115	0.9632286995515695	1.0	0.9632286995515695	0.8780260707635009	0.0	1074	1074	1115	943	131	14220.0	15293.0	0.9029594324890816	HIGH	AC		NONCANONICAL	NA	1274	0	0.0	0	0
GCA_026262375.1	ASM2626237v1	Bos indicus	Bos indicus	Chromosome	ok	exon_1	1	194	0.8917525773195877	0.8969072164948454	0.8917525773195877	0.8728323699421965	0.0	173	173	174	151	22	33028662.0	33028834.0	0.9194967522793636	HIGH			NA	NA	373	0	0.0	0	0
GCA_026262375.1	ASM2626237v1	Bos indicus	Bos indicus	Chromosome	ok	exon_2	2	304	1.0	1.0	1.0	0.9013157894736842	0.0	304	304	304	274	30	33031495.0	33031798.0	0.9753289473684211	HIGH	AG	GT	CANONICAL	CANONICAL	504	0	0.0	0	0
GCA_026262375.1	ASM2626237v1	Bos indicus	Bos indicus	Chromosome	ok	exon_3	3	837	0.946236559139785	0.966547192353644	0.946236559139785	0.8800505050505051	0.0	792	792	809	697	95	33034651.0	33035442.0	0.9458190778755295	HIGH	AG	AC	CANONICAL	NONCANONICAL	992	0	0.0	0	0
GCA_026262375.1	ASM2626237v1	Bos indicus	Bos indicus	Chromosome	ok	exon_4	4	213	0.9953051643192489	1.0	0.9953051643192489	0.9056603773584906	0.0	212	212	213	192	20	33042712.0	33043651.0	0.9743024182832847	HIGH	AG	GT	CANONICAL	CANONICAL	1140	0	0.0	0	0
GCA_026262375.1	ASM2626237v1	Bos indicus	Bos indicus	Chromosome	ok	exon_5	5	124	0.9919354838709677	0.9919354838709677	0.9919354838709677	0.9186991869918699	0.0	123	123	123	113	10	33046478.0	33046600.0	0.976045764489903	HIGH	GA	GT	NONCANONICAL	CANONICAL	323	0	0.0	0	0
GCA_026262375.1	ASM2626237v1	Bos indicus	Bos indicus	Chromosome	ok	exon_6	6	1115	0.9650224215246637	1.0	0.9650224215246637	0.8726765799256505	0.0	1076	1076	1115	939	137	33047426.0	33048502.0	0.9524292346675113	HIGH	AG		CANONICAL	NA	1277	0	0.0	0	0
GCA_026262515.1	ASM2626251v1	Bos indicus	Bos indicus	Chromosome	ok	exon_1	1	194	0.8917525773195877	0.8969072164948454	0.8917525773195877	0.8728323699421965	0.0	173	173	174	151	22	33848052.0	33848224.0	0.9194967522793636	HIGH			NA	NA	373	0	0.0	0	0
GCA_026262515.1	ASM2626251v1	Bos indicus	Bos indicus	Chromosome	ok	exon_2	2	304	1.0	1.0	1.0	0.9046052631578947	0.0	304	304	304	275	29	33850878.0	33851181.0	0.9761513157894737	HIGH	AG	GT	CANONICAL	CANONICAL	504	0	0.0	0	0
GCA_026262515.1	ASM2626251v1	Bos indicus	Bos indicus	Chromosome	ok	exon_3	3	837	0.946236559139785	0.966547192353644	0.946236559139785	0.8825757575757576	0.0	792	792	809	699	93	33854033.0	33854824.0	0.9464503910068427	HIGH	AG	AC	CANONICAL	NONCANONICAL	992	0	0.0	0	0
GCA_026262515.1	ASM2626251v1	Bos indicus	Bos indicus	Chromosome	ok	exon_4	4	213	0.9953051643192489	1.0	0.9953051643192489	0.9056603773584906	0.0	212	212	213	192	20	33862171.0	33863110.0	0.9743024182832847	HIGH	AG	GT	CANONICAL	CANONICAL	1140	0	0.0	0	0
GCA_026262515.1	ASM2626251v1	Bos indicus	Bos indicus	Chromosome	ok	exon_5	5	124	0.9919354838709677	0.9919354838709677	0.9919354838709677	0.9024390243902439	0.0	123	123	123	111	12	33865910.0	33866032.0	0.9719807238394965	HIGH	GA	GT	NONCANONICAL	CANONICAL	323	0	0.0	0	0
GCA_026262515.1	ASM2626251v1	Bos indicus	Bos indicus	Chromosome	ok	exon_6	6	1115	0.9641255605381166	1.0	0.9641255605381166	0.8762790697674419	0.0	1075	1075	1115	942	133	33866857.0	33867932.0	0.9529262696840131	HIGH	AG		CANONICAL	NA	1276	0	0.0	0	0
GCA_026262545.1	ASM2626254v1	Bos indicus	Bos indicus	Chromosome	ok	exon_1	1	194	0.8917525773195877	0.8969072164948454	0.8917525773195877	0.8728323699421965	0.0	173	173	174	151	22	34123028.0	34123200.0	0.9194967522793636	HIGH			NA	NA	373	0	0.0	0	0
GCA_026262545.1	ASM2626254v1	Bos indicus	Bos indicus	Chromosome	ok	exon_2	2	304	1.0	1.0	1.0	0.9046052631578947	0.0	304	304	304	275	29	34125854.0	34126157.0	0.9761513157894737	HIGH	AG	GT	CANONICAL	CANONICAL	504	0	0.0	0	0
GCA_026262545.1	ASM2626254v1	Bos indicus	Bos indicus	Chromosome	ok	exon_3	3	837	0.946236559139785	0.966547192353644	0.946236559139785	0.8825757575757576	0.0	792	792	809	699	93	34129009.0	34129800.0	0.9464503910068427	HIGH	AG	AC	CANONICAL	NONCANONICAL	992	0	0.0	0	0
GCA_026262545.1	ASM2626254v1	Bos indicus	Bos indicus	Chromosome	ok	exon_4	4	213	0.9953051643192489	1.0	0.9953051643192489	0.9056603773584906	0.0	212	212	213	192	20	34137147.0	34138086.0	0.9743024182832847	HIGH	AG	GT	CANONICAL	CANONICAL	1140	0	0.0	0	0
GCA_026262545.1	ASM2626254v1	Bos indicus	Bos indicus	Chromosome	ok	exon_5	5	124	0.9919354838709677	0.9919354838709677	0.9919354838709677	0.9024390243902439	0.0	123	123	123	111	12	34140886.0	34141008.0	0.9719807238394965	HIGH	GA	GT	NONCANONICAL	CANONICAL	323	0	0.0	0	0
GCA_026262545.1	ASM2626254v1	Bos indicus	Bos indicus	Chromosome	ok	exon_6	6	1115	0.9641255605381166	1.0	0.9641255605381166	0.8762790697674419	0.0	1075	1075	1115	942	133	34141833.0	34142908.0	0.9529262696840131	HIGH	AG		CANONICAL	NA	1276	0	0.0	0	0
GCA_026652205.1	ASM2665220v1	Capra hircus	Capra hircus	Chromosome	ok	exon_1	1	194	0.9432989690721649	0.9690721649484536	0.9432989690721649	0.8469945355191257	0.0	183	183	188	155	28	21011843.0	21012029.0	0.9362331699622557	HIGH		CC	NA	NONCANONICAL	387	0	0.0	0	0
GCA_026652205.1	ASM2665220v1	Capra hircus	Capra hircus	Chromosome	ok	exon_2	2	304	1.0	1.0	1.0	0.8947368421052632	0.0	304	304	304	272	32	21014681.0	21014985.0	0.9736842105263158	HIGH	AG	GT	CANONICAL	CANONICAL	505	0	0.0	0	0
GCA_026652205.1	ASM2665220v1	Capra hircus	Capra hircus	Chromosome	ok	exon_3	3	837	0.96415770609319	0.992831541218638	0.96415770609319	0.8835192069392813	0.0	807	807	831	713	94	21017354.0	21018310.0	0.9547507694767559	HIGH	AG	GT	CANONICAL	CANONICAL	1157	0	0.0	0	0
GCA_026652205.1	ASM2665220v1	Capra hircus	Capra hircus	Chromosome	ok	exon_4	4	213	0.9953051643192489	1.0	0.9953051643192489	0.8962264150943396	0.0	212	212	213	190	22	21025313.0	21026252.0	0.9719439277172469	HIGH	AG	GT	CANONICAL	CANONICAL	1140	0	0.0	0	0
GCA_026652205.1	ASM2665220v1	Capra hircus	Capra hircus	Chromosome	ok	exon_5	5	124	0.9919354838709677	0.9919354838709677	0.9919354838709677	0.9105691056910569	0.0	123	123	123	112	11	21029664.0	21029786.0	0.9740132441646998	HIGH	GA	GC	NONCANONICAL	CANONICAL	323	0	0.0	0	0
GCA_026652205.1	ASM2665220v1	Capra hircus	Capra hircus	Chromosome	ok	exon_6	6	1115	0.9533632286995516	0.9847533632286996	0.9533632286995516	0.8692380056444027	0.0	1063	1063	1098	924	139	21030610.0	21031674.0	0.9463229543258989	HIGH	AG		CANONICAL	NA	1265	0	0.0	0	0
GCA_027580245.1	NWIPB_DYAK_1.0	Bos grunniens	Bos grunniens	Chromosome	ok	exon_1	1	194	0.8917525773195877	0.8969072164948454	0.8917525773195877	0.8728323699421965	0.0	173	173	174	151	22	33891695.0	33891867.0	0.9194967522793636	HIGH			NA	NA	373	0	0.0	0	0
GCA_027580245.1	NWIPB_DYAK_1.0	Bos grunniens	Bos grunniens	Chromosome	ok	exon_2	2	304	1.0	1.0	1.0	0.8980263157894737	0.0	304	304	304	273	31	33894362.0	33894665.0	0.9745065789473685	HIGH	AG	GT	CANONICAL	CANONICAL	504	0	0.0	0	0
GCA_027580245.1	NWIPB_DYAK_1.0	Bos grunniens	Bos grunniens	Chromosome	ok	exon_3	3	837	0.946236559139785	0.966547192353644	0.946236559139785	0.8762626262626263	0.0	792	792	809	694	98	33897517.0	33898318.0	0.9448721081785598	HIGH	AG	AC	CANONICAL	NONCANONICAL	1002	0	0.0	0	0
GCA_027580245.1	NWIPB_DYAK_1.0	Bos grunniens	Bos grunniens	Chromosome	ok	exon_4	4	213	0.8732394366197183	0.8779342723004695	0.8732394366197183	0.9086021505376344	0.0	186	186	187	169	17	33906321.0	33906506.0	0.9201082841132818	HIGH			NA	NA	386	0	0.0	0	0
GCA_027580245.1	NWIPB_DYAK_1.0	Bos grunniens	Bos grunniens	Chromosome	ok	exon_5	5	124	0.9919354838709677	0.9919354838709677	0.9919354838709677	0.9186991869918699	0.0	123	123	123	113	10	33909332.0	33909454.0	0.976045764489903	HIGH	GA	GT	NONCANONICAL	CANONICAL	323	0	0.0	0	0
GCA_027580245.1	NWIPB_DYAK_1.0	Bos grunniens	Bos grunniens	Chromosome	ok	exon_6	6	1115	0.9641255605381166	1.0	0.9641255605381166	0.8706976744186047	0.0	1075	1075	1115	936	139	33910280.0	33911355.0	0.9515309208468037	HIGH	AG		CANONICAL	NA	1276	0	0.0	0	0
GCA_028583565.1	CAU_O.ammon polii_1.0	Ovis ammon polii	Ovis ammon	Chromosome	ok	exon_1	1	194	0.9432989690721649	0.9690721649484536	0.9432989690721649	0.8469945355191257	0.0	183	183	188	155	28	71091567.0	71091753.0	0.9362331699622557	HIGH		CC	NA	NONCANONICAL	387	0	0.0	0	0
GCA_028583565.1	CAU_O.ammon polii_1.0	Ovis ammon polii	Ovis ammon	Chromosome	ok	exon_2	2	304	1.0	1.0	1.0	0.8947368421052632	0.0	304	304	304	272	32	71088122.0	71088426.0	0.9736842105263158	HIGH	AG	GT	CANONICAL	CANONICAL	505	0	0.0	0	0
GCA_028583565.1	CAU_O.ammon polii_1.0	Ovis ammon polii	Ovis ammon	Chromosome	ok	exon_3	3	837	0.9713261648745519	0.992831541218638	0.9713261648745519	0.8892988929889298	0.0	813	813	831	723	90	71084773.0	71085766.0	0.9594214974407809	HIGH	AG	GT	CANONICAL	CANONICAL	1194	0	0.0	0	0
GCA_028583565.1	CAU_O.ammon polii_1.0	Ovis ammon polii	Ovis ammon	Chromosome	ok	exon_4	4	213	0.8732394366197183	0.8779342723004695	0.8732394366197183	0.8978494623655914	0.0	186	186	187	167	19	71076828.0	71077013.0	0.9174201120702711	HIGH			NA	NA	386	0	0.0	0	0
GCA_028583565.1	CAU_O.ammon polii_1.0	Ovis ammon polii	Ovis ammon	Chromosome	ok	exon_5	5	124	0.9919354838709677	0.9919354838709677	0.9919354838709677	0.9024390243902439	0.0	123	123	123	111	12	71073358.0	71073480.0	0.9719807238394965	HIGH	GA	GC	NONCANONICAL	CANONICAL	323	0	0.0	0	0
GCA_028583565.1	CAU_O.ammon polii_1.0	Ovis ammon polii	Ovis ammon	Chromosome	ok	exon_6	6	1115	0.9524663677130045	0.9847533632286996	0.9524663677130045	0.8709981167608286	0.0	1062	1062	1098	925	137	71071473.0	71072536.0	0.9463593946610592	HIGH	AG		CANONICAL	NA	1264	0	0.0	0	0
GCA_028973685.2	SNU_Hanwoo_2.0	Bos taurus	Bos taurus	Chromosome	ok	exon_1	1	194	0.8917525773195877	0.8969072164948454	0.8917525773195877	0.8728323699421965	0.0	173	173	174	151	22	35484997.0	35485169.0	0.9194967522793636	HIGH			NA	NA	373	0	0.0	0	0
GCA_028973685.2	SNU_Hanwoo_2.0	Bos taurus	Bos taurus	Chromosome	ok	exon_2	2	304	1.0	1.0	1.0	0.9078947368421053	0.0	304	304	304	276	28	35487821.0	35488124.0	0.9769736842105263	HIGH	AG	GT	CANONICAL	CANONICAL	504	0	0.0	0	0
GCA_028973685.2	SNU_Hanwoo_2.0	Bos taurus	Bos taurus	Chromosome	ok	exon_3	3	837	0.942652329749104	0.966547192353644	0.942652329749104	0.8846641318124208	0.0	789	789	809	698	91	35490661.0	35491451.0	0.945359581340202	HIGH	AG	AC	CANONICAL	NONCANONICAL	991	0	0.0	0	0
GCA_028973685.2	SNU_Hanwoo_2.0	Bos taurus	Bos taurus	Chromosome	ok	exon_4	4	213	0.9953051643192489	1.0	0.9953051643192489	0.9056603773584906	0.0	212	212	213	192	20	35498798.0	35499737.0	0.9743024182832847	HIGH	AG	GT	CANONICAL	CANONICAL	1140	0	0.0	0	0
GCA_028973685.2	SNU_Hanwoo_2.0	Bos taurus	Bos taurus	Chromosome	ok	exon_5	5	124	0.9838709677419355	0.9919354838709677	0.9838709677419355	0.9098360655737705	0.0	122	122	123	111	11	35502564.0	35502685.0	0.9702009518773136	HIGH	GA	GT	NONCANONICAL	CANONICAL	322	0	0.0	0	0
GCA_028973685.2	SNU_Hanwoo_2.0	Bos taurus	Bos taurus	Chromosome	ok	exon_6	6	1115	0.9641255605381166	1.0	0.9641255605381166	0.8744186046511628	0.0	1075	1075	1115	940	135	35503510.0	35504585.0	0.9524611534049432	HIGH	AG		CANONICAL	NA	1276	0	0.0	0	0
GCA_029378735.1	NIAB-ARS_B.indSahiwal_pat_alt_1.0	Bos indicus	Bos indicus	Chromosome	ok	exon_1	1	194	0.8917525773195877	0.8969072164948454	0.8917525773195877	0.8728323699421965	0.0	173	173	174	151	22	34012224.0	34012396.0	0.9194967522793636	HIGH			NA	NA	373	0	0.0	0	0
GCA_029378735.1	NIAB-ARS_B.indSahiwal_pat_alt_1.0	Bos indicus	Bos indicus	Chromosome	ok	exon_2	2	304	1.0	1.0	1.0	0.9046052631578947	0.0	304	304	304	275	29	34015051.0	34015354.0	0.9761513157894737	HIGH	AG	GT	CANONICAL	CANONICAL	504	0	0.0	0	0
GCA_029378735.1	NIAB-ARS_B.indSahiwal_pat_alt_1.0	Bos indicus	Bos indicus	Chromosome	ok	exon_3	3	837	0.946236559139785	0.966547192353644	0.946236559139785	0.8825757575757576	0.0	792	792	809	699	93	34018206.0	34018997.0	0.9464503910068427	HIGH	AG	AC	CANONICAL	NONCANONICAL	992	0	0.0	0	0
GCA_029378735.1	NIAB-ARS_B.indSahiwal_pat_alt_1.0	Bos indicus	Bos indicus	Chromosome	ok	exon_4	4	213	0.9953051643192489	1.0	0.9953051643192489	0.9056603773584906	0.0	212	212	213	192	20	34026356.0	34027295.0	0.9743024182832847	HIGH	AG	GT	CANONICAL	CANONICAL	1140	0	0.0	0	0
GCA_029378735.1	NIAB-ARS_B.indSahiwal_pat_alt_1.0	Bos indicus	Bos indicus	Chromosome	ok	exon_5	5	124	0.9596774193548387	0.9596774193548387	0.9596774193548387	0.8991596638655462	0.0	119	119	119	107	12	34030116.0	34030234.0	0.956644754676064	HIGH	GA	GT	NONCANONICAL	CANONICAL	319	0	0.0	0	0
GCA_029378735.1	NIAB-ARS_B.indSahiwal_pat_alt_1.0	Bos indicus	Bos indicus	Chromosome	ok	exon_6	6	1115	0.9641255605381166	1.0	0.9641255605381166	0.8734883720930232	0.0	1075	1075	1115	939	136	34031060.0	34032135.0	0.9522285952654084	HIGH	AG		CANONICAL	NA	1276	0	0.0	0	0
GCA_029378745.1	NIAB-ARS_B.indTharparkar_mat_pri_1.0	Bos indicus	Bos indicus	Chromosome	ok	exon_1	1	194	0.8917525773195877	0.8969072164948454	0.8917525773195877	0.8728323699421965	0.0	173	173	174	151	22	34072501.0	34072673.0	0.9194967522793636	HIGH			NA	NA	373	0	0.0	0	0
GCA_029378745.1	NIAB-ARS_B.indTharparkar_mat_pri_1.0	Bos indicus	Bos indicus	Chromosome	ok	exon_2	2	304	1.0	1.0	1.0	0.9046052631578947	0.0	304	304	304	275	29	34075328.0	34075631.0	0.9761513157894737	HIGH	AG	GT	CANONICAL	CANONICAL	504	0	0.0	0	0
GCA_029378745.1	NIAB-ARS_B.indTharparkar_mat_pri_1.0	Bos indicus	Bos indicus	Chromosome	ok	exon_3	3	837	0.946236559139785	0.966547192353644	0.946236559139785	0.8825757575757576	0.0	792	792	809	699	93	34078483.0	34079274.0	0.9464503910068427	HIGH	AG	AC	CANONICAL	NONCANONICAL	992	0	0.0	0	0
GCA_029378745.1	NIAB-ARS_B.indTharparkar_mat_pri_1.0	Bos indicus	Bos indicus	Chromosome	ok	exon_4	4	213	0.9953051643192489	1.0	0.9953051643192489	0.9056603773584906	0.0	212	212	213	192	20	34086621.0	34087560.0	0.9743024182832847	HIGH	AG	GT	CANONICAL	CANONICAL	1140	0	0.0	0	0
GCA_029378745.1	NIAB-ARS_B.indTharparkar_mat_pri_1.0	Bos indicus	Bos indicus	Chromosome	ok	exon_5	5	124	0.9919354838709677	0.9919354838709677	0.9919354838709677	0.9024390243902439	0.0	123	123	123	111	12	34090360.0	34090482.0	0.9719807238394965	HIGH	GA	GT	NONCANONICAL	CANONICAL	323	0	0.0	0	0
GCA_029378745.1	NIAB-ARS_B.indTharparkar_mat_pri_1.0	Bos indicus	Bos indicus	Chromosome	ok	exon_6	6	1115	0.9641255605381166	1.0	0.9641255605381166	0.8762790697674419	0.0	1075	1075	1115	942	133	34091307.0	34092382.0	0.9529262696840131	HIGH	AG		CANONICAL	NA	1276	0	0.0	0	0
GCA_029407905.2	PCC_UOA_SB_1v2	Bubalus kerabau	Bubalus kerabau	Chromosome	ok	exon_1	1	194	0.0	0.0	0.0	0.0		0	0	0	0	0			0.21666666666666667	UNRESOLVED			NA	NA	0	0		0	0
GCA_029407905.2	PCC_UOA_SB_1v2	Bubalus kerabau	Bubalus kerabau	Chromosome	ok	exon_2	2	304	0.0	0.0	0.0	0.0		0	0	0	0	0			0.21666666666666667	UNRESOLVED			NA	NA	0	0		0	0
GCA_029407905.2	PCC_UOA_SB_1v2	Bubalus kerabau	Bubalus kerabau	Chromosome	ok	exon_3	3	837	0.931899641577061	0.966547192353644	0.931899641577061	0.8807692307692307	0.0	780	780	809	687	93	41694407.0	41695186.0	0.9062138130686518	HIGH	AG	AC	CANONICAL	NONCANONICAL	980	0	0.0	0	0
GCA_029407905.2	PCC_UOA_SB_1v2	Bubalus kerabau	Bubalus kerabau	Chromosome	ok	exon_4	4	213	0.9953051643192489	1.0	0.9953051643192489	0.9009433962264151	0.0	212	212	213	191	21	41702652.0	41703591.0	0.9397898396669325	HIGH	AG	GT	CANONICAL	CANONICAL	1140	0	0.0	0	0
GCA_029407905.2	PCC_UOA_SB_1v2	Bubalus kerabau	Bubalus kerabau	Chromosome	ok	exon_5	5	124	0.9919354838709677	0.9919354838709677	0.9919354838709677	0.9105691056910569	0.0	123	123	123	112	11	41706401.0	41706523.0	0.9406799108313665	HIGH	GA	GT	NONCANONICAL	CANONICAL	323	0	0.0	0	0
GCA_029407905.2	PCC_UOA_SB_1v2	Bubalus kerabau	Bubalus kerabau	Chromosome	ok	exon_6	6	1115	0.9632286995515695	1.0	0.9632286995515695	0.8770949720670391	0.0	1074	1074	1115	942	132	41707360.0	41708433.0	0.9193933244816328	HIGH	AC		NONCANONICAL	NA	1274	0	0.0	0	0
GCA_030254855.1	TAMU_Bison_Bison_3.0	Bos taurus x Bison bison	Bos taurus x Bison bison	Chromosome	ok	exon_1	1	194	0.8917525773195877	0.8969072164948454	0.8917525773195877	0.8728323699421965	0.0	173	173	174	151	22	34900292.0	34900464.0	0.9194967522793636	HIGH			NA	NA	373	0	0.0	0	0
GCA_030254855.1	TAMU_Bison_Bison_3.0	Bos taurus x Bison bison	Bos taurus x Bison bison	Chromosome	ok	exon_2	2	304	1.0	1.0	1.0	0.9046052631578947	0.0	304	304	304	275	29	34902963.0	34903266.0	0.9761513157894737	HIGH	AG	GT	CANONICAL	CANONICAL	504	0	0.0	0	0
GCA_030254855.1	TAMU_Bison_Bison_3.0	Bos taurus x Bison bison	Bos taurus x Bison bison	Chromosome	ok	exon_3	3	837	0.946236559139785	0.966547192353644	0.946236559139785	0.8787878787878788	0.0	792	792	809	696	96	34905805.0	34906596.0	0.945503421309873	HIGH	AG	AC	CANONICAL	NONCANONICAL	992	0	0.0	0	0
GCA_030254855.1	TAMU_Bison_Bison_3.0	Bos taurus x Bison bison	Bos taurus x Bison bison	Chromosome	ok	exon_4	4	213	0.9953051643192489	1.0	0.9953051643192489	0.9009433962264151	0.0	212	212	213	191	21	34913961.0	34914900.0	0.9731231730002659	HIGH	AG	GT	CANONICAL	CANONICAL	1140	0	0.0	0	0
GCA_030254855.1	TAMU_Bison_Bison_3.0	Bos taurus x Bison bison	Bos taurus x Bison bison	Chromosome	ok	exon_5	5	124	0.9596774193548387	0.9596774193548387	0.9596774193548387	0.8991596638655462	0.0	119	119	119	107	12	34917720.0	34917838.0	0.956644754676064	HIGH	GA	GT	NONCANONICAL	CANONICAL	319	0	0.0	0	0
GCA_030254855.1	TAMU_Bison_Bison_3.0	Bos taurus x Bison bison	Bos taurus x Bison bison	Chromosome	ok	exon_6	6	1115	0.9641255605381166	1.0	0.9641255605381166	0.8762790697674419	0.0	1075	1075	1115	942	133	34918662.0	34919737.0	0.9529262696840131	HIGH	AG		CANONICAL	NA	1276	0	0.0	0	0
GCA_030267355.1	ASM3026735v1	Bos indicus	Bos indicus	Chromosome	ok	exon_1	1	194	0.8917525773195877	0.8969072164948454	0.8917525773195877	0.8728323699421965	0.0	173	173	174	151	22	33907546.0	33907718.0	0.9194967522793636	HIGH			NA	NA	373	0	0.0	0	0
GCA_030267355.1	ASM3026735v1	Bos indicus	Bos indicus	Chromosome	ok	exon_2	2	304	1.0	1.0	1.0	0.9046052631578947	0.0	304	304	304	275	29	33910372.0	33910675.0	0.9761513157894737	HIGH	AG	GT	CANONICAL	CANONICAL	504	0	0.0	0	0
GCA_030267355.1	ASM3026735v1	Bos indicus	Bos indicus	Chromosome	ok	exon_3	3	837	0.946236559139785	0.966547192353644	0.946236559139785	0.8825757575757576	0.0	792	792	809	699	93	33913527.0	33914318.0	0.9464503910068427	HIGH	AG	AC	CANONICAL	NONCANONICAL	992	0	0.0	0	0
GCA_030267355.1	ASM3026735v1	Bos indicus	Bos indicus	Chromosome	ok	exon_4	4	213	0.9953051643192489	1.0	0.9953051643192489	0.9056603773584906	0.0	212	212	213	192	20	33921665.0	33922604.0	0.9743024182832847	HIGH	AG	GT	CANONICAL	CANONICAL	1140	0	0.0	0	0
GCA_030267355.1	ASM3026735v1	Bos indicus	Bos indicus	Chromosome	ok	exon_5	5	124	0.9919354838709677	0.9919354838709677	0.9919354838709677	0.9024390243902439	0.0	123	123	123	111	12	33925404.0	33925526.0	0.9719807238394965	HIGH	GA	GT	NONCANONICAL	CANONICAL	323	0	0.0	0	0
GCA_030267355.1	ASM3026735v1	Bos indicus	Bos indicus	Chromosome	ok	exon_6	6	1115	0.9641255605381166	1.0	0.9641255605381166	0.8762790697674419	0.0	1075	1075	1115	942	133	33926351.0	33927426.0	0.9529262696840131	HIGH	AG		CANONICAL	NA	1276	0	0.0	0	0
GCA_030267375.1	ASM3026737v1	Bos indicus	Bos indicus	Chromosome	ok	exon_1	1	194	0.8917525773195877	0.8969072164948454	0.8917525773195877	0.8786127167630058	0.0	173	173	174	152	21	34088342.0	34088514.0	0.9209418389845659	HIGH			NA	NA	373	0	0.0	0	0
GCA_030267375.1	ASM3026737v1	Bos indicus	Bos indicus	Chromosome	ok	exon_2	2	304	1.0	1.0	1.0	0.9046052631578947	0.0	304	304	304	275	29	34091173.0	34091476.0	0.9761513157894737	HIGH	AG	GT	CANONICAL	CANONICAL	504	0	0.0	0	0
GCA_030267375.1	ASM3026737v1	Bos indicus	Bos indicus	Chromosome	ok	exon_3	3	837	0.946236559139785	0.966547192353644	0.946236559139785	0.8762626262626263	0.0	792	792	809	694	98	34094327.0	34095118.0	0.9448721081785598	HIGH	AG	AC	CANONICAL	NONCANONICAL	992	0	0.0	0	0
GCA_030267375.1	ASM3026737v1	Bos indicus	Bos indicus	Chromosome	ok	exon_4	4	213	0.9953051643192489	1.0	0.9953051643192489	0.9056603773584906	0.0	212	212	213	192	20	34102522.0	34103461.0	0.9743024182832847	HIGH	AG	GT	CANONICAL	CANONICAL	1140	0	0.0	0	0
GCA_030267375.1	ASM3026737v1	Bos indicus	Bos indicus	Chromosome	ok	exon_5	5	124	0.9919354838709677	0.9919354838709677	0.9919354838709677	0.9024390243902439	0.0	123	123	123	111	12	34106283.0	34106405.0	0.9719807238394965	HIGH	GA	GT	NONCANONICAL	CANONICAL	323	0	0.0	0	0
GCA_030267375.1	ASM3026737v1	Bos indicus	Bos indicus	Chromosome	ok	exon_6	6	1115	0.9641255605381166	1.0	0.9641255605381166	0.8762790697674419	0.0	1075	1075	1115	942	133	34107230.0	34108305.0	0.9529262696840131	HIGH	AG		CANONICAL	NA	1276	0	0.0	0	0
GCA_030269505.1	ASM3026950v1	Bos indicus	Bos indicus	Chromosome	ok	exon_1	1	194	0.8917525773195877	0.8969072164948454	0.8917525773195877	0.8728323699421965	0.0	173	173	174	151	22	34054386.0	34054558.0	0.9194967522793636	HIGH			NA	NA	373	0	0.0	0	0
GCA_030269505.1	ASM3026950v1	Bos indicus	Bos indicus	Chromosome	ok	exon_2	2	304	1.0	1.0	1.0	0.9046052631578947	0.0	304	304	304	275	29	34057212.0	34057515.0	0.9761513157894737	HIGH	AG	GT	CANONICAL	CANONICAL	504	0	0.0	0	0
GCA_030269505.1	ASM3026950v1	Bos indicus	Bos indicus	Chromosome	ok	exon_3	3	837	0.946236559139785	0.966547192353644	0.946236559139785	0.8825757575757576	0.0	792	792	809	699	93	34060367.0	34061158.0	0.9464503910068427	HIGH	AG	AC	CANONICAL	NONCANONICAL	992	0	0.0	0	0
GCA_030269505.1	ASM3026950v1	Bos indicus	Bos indicus	Chromosome	ok	exon_4	4	213	0.9953051643192489	1.0	0.9953051643192489	0.9056603773584906	0.0	212	212	213	192	20	34068505.0	34069444.0	0.9743024182832847	HIGH	AG	GT	CANONICAL	CANONICAL	1140	0	0.0	0	0
GCA_030269505.1	ASM3026950v1	Bos indicus	Bos indicus	Chromosome	ok	exon_5	5	124	0.9919354838709677	0.9919354838709677	0.9919354838709677	0.9024390243902439	0.0	123	123	123	111	12	34072244.0	34072366.0	0.9719807238394965	HIGH	GA	GT	NONCANONICAL	CANONICAL	323	0	0.0	0	0
GCA_030269505.1	ASM3026950v1	Bos indicus	Bos indicus	Chromosome	ok	exon_6	6	1115	0.9641255605381166	1.0	0.9641255605381166	0.8762790697674419	0.0	1075	1075	1115	942	133	34073191.0	34074266.0	0.9529262696840131	HIGH	AG		CANONICAL	NA	1276	0	0.0	0	0
GCA_030269805.1	ASM3026980v1	Bos indicus	Bos indicus	Scaffold	ok	exon_1	1	194	0.8917525773195877	0.8969072164948454	0.8917525773195877	0.8728323699421965	0.0	173	173	174	151	22	34014259.0	34014431.0	0.9194967522793636	HIGH			NA	NA	373	0	0.0	0	0
GCA_030269805.1	ASM3026980v1	Bos indicus	Bos indicus	Scaffold	ok	exon_2	2	304	1.0	1.0	1.0	0.9046052631578947	0.0	304	304	304	275	29	34017085.0	34017388.0	0.9761513157894737	HIGH	AG	GT	CANONICAL	CANONICAL	504	0	0.0	0	0
GCA_030269805.1	ASM3026980v1	Bos indicus	Bos indicus	Scaffold	ok	exon_3	3	837	0.946236559139785	0.966547192353644	0.946236559139785	0.8825757575757576	0.0	792	792	809	699	93	34020240.0	34021031.0	0.9464503910068427	HIGH	AG	AC	CANONICAL	NONCANONICAL	992	0	0.0	0	0
GCA_030269805.1	ASM3026980v1	Bos indicus	Bos indicus	Scaffold	ok	exon_4	4	213	0.9953051643192489	1.0	0.9953051643192489	0.9056603773584906	0.0	212	212	213	192	20	34028378.0	34029317.0	0.9743024182832847	HIGH	AG	GT	CANONICAL	CANONICAL	1140	0	0.0	0	0
GCA_030269805.1	ASM3026980v1	Bos indicus	Bos indicus	Scaffold	ok	exon_5	5	124	0.9919354838709677	0.9919354838709677	0.9919354838709677	0.9024390243902439	0.0	123	123	123	111	12	34032117.0	34032239.0	0.9719807238394965	HIGH	GA	GT	NONCANONICAL	CANONICAL	323	0	0.0	0	0
GCA_030269805.1	ASM3026980v1	Bos indicus	Bos indicus	Scaffold	ok	exon_6	6	1115	0.9641255605381166	1.0	0.9641255605381166	0.8762790697674419	0.0	1075	1075	1115	942	133	34033064.0	34034139.0	0.9529262696840131	HIGH	AG		CANONICAL	NA	1276	0	0.0	0	0
GCA_030269815.1	ASM3026981v1	Bos indicus	Bos indicus	Chromosome	ok	exon_1	1	194	0.8917525773195877	0.8969072164948454	0.8917525773195877	0.8786127167630058	0.0	173	173	174	152	21	35096619.0	35096791.0	0.9209418389845659	HIGH			NA	NA	373	0	0.0	0	0
GCA_030269815.1	ASM3026981v1	Bos indicus	Bos indicus	Chromosome	ok	exon_2	2	304	1.0	1.0	1.0	0.9046052631578947	0.0	304	304	304	275	29	35099450.0	35099753.0	0.9761513157894737	HIGH	AG	GT	CANONICAL	CANONICAL	504	0	0.0	0	0
GCA_030269815.1	ASM3026981v1	Bos indicus	Bos indicus	Chromosome	ok	exon_3	3	837	0.946236559139785	0.966547192353644	0.946236559139785	0.8762626262626263	0.0	792	792	809	694	98	35102604.0	35103395.0	0.9448721081785598	HIGH	AG	AC	CANONICAL	NONCANONICAL	992	0	0.0	0	0
GCA_030269815.1	ASM3026981v1	Bos indicus	Bos indicus	Chromosome	ok	exon_4	4	213	0.9953051643192489	1.0	0.9953051643192489	0.9056603773584906	0.0	212	212	213	192	20	35110799.0	35111738.0	0.9743024182832847	HIGH	AG	GT	CANONICAL	CANONICAL	1140	0	0.0	0	0
GCA_030269815.1	ASM3026981v1	Bos indicus	Bos indicus	Chromosome	ok	exon_5	5	124	0.9919354838709677	0.9919354838709677	0.9919354838709677	0.9024390243902439	0.0	123	123	123	111	12	35114559.0	35114681.0	0.9719807238394965	HIGH	GA	GT	NONCANONICAL	CANONICAL	323	0	0.0	0	0
GCA_030269815.1	ASM3026981v1	Bos indicus	Bos indicus	Chromosome	ok	exon_6	6	1115	0.9641255605381166	1.0	0.9641255605381166	0.8753488372093023	0.0	1075	1075	1115	941	134	35115506.0	35116581.0	0.9526937115444781	HIGH	AG		CANONICAL	NA	1276	0	0.0	0	0
GCA_030270685.1	ASM3027068v1	Bos indicus	Bos indicus	Chromosome	ok	exon_1	1	194	0.8917525773195877	0.8969072164948454	0.8917525773195877	0.8728323699421965	0.0	173	173	174	151	22	34045358.0	34045530.0	0.9194967522793636	HIGH			NA	NA	373	0	0.0	0	0
GCA_030270685.1	ASM3027068v1	Bos indicus	Bos indicus	Chromosome	ok	exon_2	2	304	1.0	1.0	1.0	0.9078947368421053	0.0	304	304	304	276	28	34048183.0	34048486.0	0.9769736842105263	HIGH	AG	GT	CANONICAL	CANONICAL	504	0	0.0	0	0
GCA_030270685.1	ASM3027068v1	Bos indicus	Bos indicus	Chromosome	ok	exon_3	3	837	0.942652329749104	0.966547192353644	0.942652329749104	0.8846641318124208	0.0	789	789	809	698	91	34051023.0	34051813.0	0.945359581340202	HIGH	AG	AC	CANONICAL	NONCANONICAL	991	0	0.0	0	0
GCA_030270685.1	ASM3027068v1	Bos indicus	Bos indicus	Chromosome	ok	exon_4	4	213	0.9953051643192489	1.0	0.9953051643192489	0.9056603773584906	0.0	212	212	213	192	20	34059160.0	34060099.0	0.9743024182832847	HIGH	AG	GT	CANONICAL	CANONICAL	1140	0	0.0	0	0
GCA_030270685.1	ASM3027068v1	Bos indicus	Bos indicus	Chromosome	ok	exon_5	5	124	0.9838709677419355	0.9919354838709677	0.9838709677419355	0.9098360655737705	0.0	122	122	123	111	11	34062926.0	34063047.0	0.9702009518773136	HIGH	GA	GT	NONCANONICAL	CANONICAL	322	0	0.0	0	0
GCA_030270685.1	ASM3027068v1	Bos indicus	Bos indicus	Chromosome	ok	exon_6	6	1115	0.9641255605381166	1.0	0.9641255605381166	0.8744186046511628	0.0	1075	1075	1115	940	135	34063872.0	34064947.0	0.9524611534049432	HIGH	AG		CANONICAL	NA	1276	0	0.0	0	0
GCA_030270705.1	ASM3027070v1	Bos indicus	Bos indicus	Chromosome	ok	exon_1	1	194	0.8917525773195877	0.8969072164948454	0.8917525773195877	0.8670520231213873	0.0	173	173	174	150	23	33913423.0	33913595.0	0.9180516655741613	HIGH			NA	NA	373	0	0.0	0	0
GCA_030270705.1	ASM3027070v1	Bos indicus	Bos indicus	Chromosome	ok	exon_2	2	304	1.0	1.0	1.0	0.8980263157894737	0.0	304	304	304	273	31	33916256.0	33916559.0	0.9745065789473685	HIGH	AG	GT	CANONICAL	CANONICAL	504	0	0.0	0	0
GCA_030270705.1	ASM3027070v1	Bos indicus	Bos indicus	Chromosome	ok	exon_3	3	837	0.946236559139785	0.966547192353644	0.946236559139785	0.8800505050505051	0.0	792	792	809	697	95	33919413.0	33920204.0	0.9458190778755295	HIGH	AG	AC	CANONICAL	NONCANONICAL	992	0	0.0	0	0
GCA_030270705.1	ASM3027070v1	Bos indicus	Bos indicus	Chromosome	ok	exon_4	4	213	0.9953051643192489	1.0	0.9953051643192489	0.9056603773584906	0.0	212	212	213	192	20	33927474.0	33928413.0	0.9743024182832847	HIGH	AG	GT	CANONICAL	CANONICAL	1140	0	0.0	0	0
GCA_030270705.1	ASM3027070v1	Bos indicus	Bos indicus	Chromosome	ok	exon_5	5	124	0.9919354838709677	0.9919354838709677	0.9919354838709677	0.9186991869918699	0.0	123	123	123	113	10	33931239.0	33931361.0	0.976045764489903	HIGH	GA	GT	NONCANONICAL	CANONICAL	323	0	0.0	0	0
GCA_030270705.1	ASM3027070v1	Bos indicus	Bos indicus	Chromosome	ok	exon_6	6	1115	0.9650224215246637	1.0	0.9650224215246637	0.8726765799256505	0.0	1076	1076	1115	939	137	33932187.0	33933263.0	0.9524292346675113	HIGH	AG		CANONICAL	NA	1277	0	0.0	0	0
GCA_030270725.1	ASM3027072v1	Bos indicus	Bos indicus	Chromosome	ok	exon_1	1	194	0.8917525773195877	0.8969072164948454	0.8917525773195877	0.8728323699421965	0.0	173	173	174	151	22	33895085.0	33895257.0	0.9194967522793636	HIGH			NA	NA	373	0	0.0	0	0
GCA_030270725.1	ASM3027072v1	Bos indicus	Bos indicus	Chromosome	ok	exon_2	2	304	1.0	1.0	1.0	0.9046052631578947	0.0	304	304	304	275	29	33897911.0	33898214.0	0.9761513157894737	HIGH	AG	GT	CANONICAL	CANONICAL	504	0	0.0	0	0
GCA_030270725.1	ASM3027072v1	Bos indicus	Bos indicus	Chromosome	ok	exon_3	3	837	0.946236559139785	0.966547192353644	0.946236559139785	0.8825757575757576	0.0	792	792	809	699	93	33901066.0	33901857.0	0.9464503910068427	HIGH	AG	AC	CANONICAL	NONCANONICAL	992	0	0.0	0	0
GCA_030270725.1	ASM3027072v1	Bos indicus	Bos indicus	Chromosome	ok	exon_4	4	213	0.9953051643192489	1.0	0.9953051643192489	0.9056603773584906	0.0	212	212	213	192	20	33909204.0	33910143.0	0.9743024182832847	HIGH	AG	GT	CANONICAL	CANONICAL	1140	0	0.0	0	0
GCA_030270725.1	ASM3027072v1	Bos indicus	Bos indicus	Chromosome	ok	exon_5	5	124	0.9919354838709677	0.9919354838709677	0.9919354838709677	0.9024390243902439	0.0	123	123	123	111	12	33912943.0	33913065.0	0.9719807238394965	HIGH	GA	GT	NONCANONICAL	CANONICAL	323	0	0.0	0	0
GCA_030270725.1	ASM3027072v1	Bos indicus	Bos indicus	Chromosome	ok	exon_6	6	1115	0.9641255605381166	1.0	0.9641255605381166	0.8762790697674419	0.0	1075	1075	1115	942	133	33913890.0	33914965.0	0.9529262696840131	HIGH	AG		CANONICAL	NA	1276	0	0.0	0	0
GCA_030270825.1	ASM3027082v1	Bos indicus	Bos indicus	Chromosome	ok	exon_1	1	194	0.8917525773195877	0.8969072164948454	0.8917525773195877	0.8728323699421965	0.0	173	173	174	151	22	33881946.0	33882118.0	0.9194967522793636	HIGH			NA	NA	373	0	0.0	0	0
GCA_030270825.1	ASM3027082v1	Bos indicus	Bos indicus	Chromosome	ok	exon_2	2	304	1.0	1.0	1.0	0.9078947368421053	0.0	304	304	304	276	28	33884772.0	33885075.0	0.9769736842105263	HIGH	AG	GT	CANONICAL	CANONICAL	504	0	0.0	0	0
GCA_030270825.1	ASM3027082v1	Bos indicus	Bos indicus	Chromosome	ok	exon_3	3	837	0.942652329749104	0.966547192353644	0.942652329749104	0.8846641318124208	0.0	789	789	809	698	91	33887612.0	33888402.0	0.945359581340202	HIGH	AG	AC	CANONICAL	NONCANONICAL	991	0	0.0	0	0
GCA_030270825.1	ASM3027082v1	Bos indicus	Bos indicus	Chromosome	ok	exon_4	4	213	0.9953051643192489	1.0	0.9953051643192489	0.9056603773584906	0.0	212	212	213	192	20	33895750.0	33896689.0	0.9743024182832847	HIGH	AG	GT	CANONICAL	CANONICAL	1140	0	0.0	0	0
GCA_030270825.1	ASM3027082v1	Bos indicus	Bos indicus	Chromosome	ok	exon_5	5	124	0.9919354838709677	0.9919354838709677	0.9919354838709677	0.9024390243902439	0.0	123	123	123	111	12	33899488.0	33899610.0	0.9719807238394965	HIGH	GA	GT	NONCANONICAL	CANONICAL	323	0	0.0	0	0
GCA_030270825.1	ASM3027082v1	Bos indicus	Bos indicus	Chromosome	ok	exon_6	6	1115	0.9641255605381166	1.0	0.9641255605381166	0.8762790697674419	0.0	1075	1075	1115	942	133	33900435.0	33901510.0	0.9529262696840131	HIGH	AG		CANONICAL	NA	1276	0	0.0	0	0
GCA_030270935.1	ASM3027093v1	Bos indicus	Bos indicus	Chromosome	ok	exon_1	1	194	0.8917525773195877	0.8969072164948454	0.8917525773195877	0.8786127167630058	0.0	173	173	174	152	21	32655864.0	32656036.0	0.9209418389845659	HIGH			NA	NA	373	0	0.0	0	0
GCA_030270935.1	ASM3027093v1	Bos indicus	Bos indicus	Chromosome	ok	exon_2	2	304	1.0	1.0	1.0	0.9046052631578947	0.0	304	304	304	275	29	32658695.0	32658998.0	0.9761513157894737	HIGH	AG	GT	CANONICAL	CANONICAL	504	0	0.0	0	0
GCA_030270935.1	ASM3027093v1	Bos indicus	Bos indicus	Chromosome	ok	exon_3	3	837	0.946236559139785	0.966547192353644	0.946236559139785	0.8762626262626263	0.0	792	792	809	694	98	32661849.0	32662640.0	0.9448721081785598	HIGH	AG	AC	CANONICAL	NONCANONICAL	992	0	0.0	0	0
GCA_030270935.1	ASM3027093v1	Bos indicus	Bos indicus	Chromosome	ok	exon_4	4	213	0.9953051643192489	1.0	0.9953051643192489	0.9056603773584906	0.0	212	212	213	192	20	32670044.0	32670983.0	0.9743024182832847	HIGH	AG	GT	CANONICAL	CANONICAL	1140	0	0.0	0	0
GCA_030270935.1	ASM3027093v1	Bos indicus	Bos indicus	Chromosome	ok	exon_5	5	124	0.9919354838709677	0.9919354838709677	0.9919354838709677	0.9024390243902439	0.0	123	123	123	111	12	32673805.0	32673927.0	0.9719807238394965	HIGH	GA	GT	NONCANONICAL	CANONICAL	323	0	0.0	0	0
GCA_030270935.1	ASM3027093v1	Bos indicus	Bos indicus	Chromosome	ok	exon_6	6	1115	0.9641255605381166	1.0	0.9641255605381166	0.8762790697674419	0.0	1075	1075	1115	942	133	32674752.0	32675827.0	0.9529262696840131	HIGH	AG		CANONICAL	NA	1276	0	0.0	0	0
GCA_030270945.1	ASM3027094v1	Bos indicus	Bos indicus	Chromosome	ok	exon_1	1	194	0.8917525773195877	0.8969072164948454	0.8917525773195877	0.8728323699421965	0.0	173	173	174	151	22	33510023.0	33510195.0	0.9194967522793636	HIGH			NA	NA	373	0	0.0	0	0
GCA_030270945.1	ASM3027094v1	Bos indicus	Bos indicus	Chromosome	ok	exon_2	2	304	1.0	1.0	1.0	0.9046052631578947	0.0	304	304	304	275	29	33512851.0	33513154.0	0.9761513157894737	HIGH	AG	GT	CANONICAL	CANONICAL	504	0	0.0	0	0
GCA_030270945.1	ASM3027094v1	Bos indicus	Bos indicus	Chromosome	ok	exon_3	3	837	0.946236559139785	0.966547192353644	0.946236559139785	0.8825757575757576	0.0	792	792	809	699	93	33516006.0	33516797.0	0.9464503910068427	HIGH	AG	AC	CANONICAL	NONCANONICAL	992	0	0.0	0	0
GCA_030270945.1	ASM3027094v1	Bos indicus	Bos indicus	Chromosome	ok	exon_4	4	213	0.9953051643192489	1.0	0.9953051643192489	0.9056603773584906	0.0	212	212	213	192	20	33524156.0	33525095.0	0.9743024182832847	HIGH	AG	GT	CANONICAL	CANONICAL	1140	0	0.0	0	0
GCA_030270945.1	ASM3027094v1	Bos indicus	Bos indicus	Chromosome	ok	exon_5	5	124	0.9596774193548387	0.9596774193548387	0.9596774193548387	0.8991596638655462	0.0	119	119	119	107	12	33527917.0	33528035.0	0.956644754676064	HIGH	GA	GT	NONCANONICAL	CANONICAL	319	0	0.0	0	0
GCA_030270945.1	ASM3027094v1	Bos indicus	Bos indicus	Chromosome	ok	exon_6	6	1115	0.9641255605381166	1.0	0.9641255605381166	0.8734883720930232	0.0	1075	1075	1115	939	136	33528861.0	33529936.0	0.9522285952654084	HIGH	AG		CANONICAL	NA	1276	0	0.0	0	0
GCA_030270955.1	ASM3027095v1	Bos indicus	Bos indicus	Chromosome	ok	exon_1	1	194	0.8917525773195877	0.8969072164948454	0.8917525773195877	0.8728323699421965	0.0	173	173	174	151	22	34863938.0	34864110.0	0.9194967522793636	HIGH			NA	NA	373	0	0.0	0	0
GCA_030270955.1	ASM3027095v1	Bos indicus	Bos indicus	Chromosome	ok	exon_2	2	304	1.0	1.0	1.0	0.9046052631578947	0.0	304	304	304	275	29	34866764.0	34867067.0	0.9761513157894737	HIGH	AG	GT	CANONICAL	CANONICAL	504	0	0.0	0	0
GCA_030270955.1	ASM3027095v1	Bos indicus	Bos indicus	Chromosome	ok	exon_3	3	837	0.946236559139785	0.966547192353644	0.946236559139785	0.8825757575757576	0.0	792	792	809	699	93	34869919.0	34870710.0	0.9464503910068427	HIGH	AG	AC	CANONICAL	NONCANONICAL	992	0	0.0	0	0
GCA_030270955.1	ASM3027095v1	Bos indicus	Bos indicus	Chromosome	ok	exon_4	4	213	0.9953051643192489	1.0	0.9953051643192489	0.9056603773584906	0.0	212	212	213	192	20	34878057.0	34878996.0	0.9743024182832847	HIGH	AG	GT	CANONICAL	CANONICAL	1140	0	0.0	0	0
GCA_030270955.1	ASM3027095v1	Bos indicus	Bos indicus	Chromosome	ok	exon_5	5	124	0.9919354838709677	0.9919354838709677	0.9919354838709677	0.9024390243902439	0.0	123	123	123	111	12	34881796.0	34881918.0	0.9719807238394965	HIGH	GA	GT	NONCANONICAL	CANONICAL	323	0	0.0	0	0
GCA_030270955.1	ASM3027095v1	Bos indicus	Bos indicus	Chromosome	ok	exon_6	6	1115	0.9641255605381166	1.0	0.9641255605381166	0.8762790697674419	0.0	1075	1075	1115	942	133	34882743.0	34883818.0	0.9529262696840131	HIGH	AG		CANONICAL	NA	1276	0	0.0	0	0
GCA_030270995.1	ASM3027099v1	Bos indicus	Bos indicus	Chromosome	ok	exon_1	1	194	0.8917525773195877	0.8969072164948454	0.8917525773195877	0.8786127167630058	0.0	173	173	174	152	21	35091864.0	35092036.0	0.9209418389845659	HIGH			NA	NA	373	0	0.0	0	0
GCA_030270995.1	ASM3027099v1	Bos indicus	Bos indicus	Chromosome	ok	exon_2	2	304	1.0	1.0	1.0	0.9046052631578947	0.0	304	304	304	275	29	35094695.0	35094998.0	0.9761513157894737	HIGH	AG	GT	CANONICAL	CANONICAL	504	0	0.0	0	0
GCA_030270995.1	ASM3027099v1	Bos indicus	Bos indicus	Chromosome	ok	exon_3	3	837	0.946236559139785	0.966547192353644	0.946236559139785	0.8762626262626263	0.0	792	792	809	694	98	35097849.0	35098640.0	0.9448721081785598	HIGH	AG	AC	CANONICAL	NONCANONICAL	992	0	0.0	0	0
GCA_030270995.1	ASM3027099v1	Bos indicus	Bos indicus	Chromosome	ok	exon_4	4	213	0.9953051643192489	1.0	0.9953051643192489	0.9056603773584906	0.0	212	212	213	192	20	35106044.0	35106983.0	0.9743024182832847	HIGH	AG	GT	CANONICAL	CANONICAL	1140	0	0.0	0	0
GCA_030270995.1	ASM3027099v1	Bos indicus	Bos indicus	Chromosome	ok	exon_5	5	124	0.9919354838709677	0.9919354838709677	0.9919354838709677	0.9024390243902439	0.0	123	123	123	111	12	35109804.0	35109926.0	0.9719807238394965	HIGH	GA	GT	NONCANONICAL	CANONICAL	323	0	0.0	0	0
GCA_030270995.1	ASM3027099v1	Bos indicus	Bos indicus	Chromosome	ok	exon_6	6	1115	0.9641255605381166	1.0	0.9641255605381166	0.8753488372093023	0.0	1075	1075	1115	941	134	35110751.0	35111826.0	0.9526937115444781	HIGH	AG		CANONICAL	NA	1276	0	0.0	0	0
GCA_030271795.1	ASM3027179v1	Bos indicus	Bos indicus	Chromosome	ok	exon_1	1	194	0.8917525773195877	0.8969072164948454	0.8917525773195877	0.8728323699421965	0.0	173	173	174	151	22	33878357.0	33878529.0	0.9194967522793636	HIGH			NA	NA	373	0	0.0	0	0
GCA_030271795.1	ASM3027179v1	Bos indicus	Bos indicus	Chromosome	ok	exon_2	2	304	1.0	1.0	1.0	0.9078947368421053	0.0	304	304	304	276	28	33881183.0	33881486.0	0.9769736842105263	HIGH	AG	GT	CANONICAL	CANONICAL	504	0	0.0	0	0
GCA_030271795.1	ASM3027179v1	Bos indicus	Bos indicus	Chromosome	ok	exon_3	3	837	0.942652329749104	0.966547192353644	0.942652329749104	0.8846641318124208	0.0	789	789	809	698	91	33884023.0	33884813.0	0.945359581340202	HIGH	AG	AC	CANONICAL	NONCANONICAL	991	0	0.0	0	0
GCA_030271795.1	ASM3027179v1	Bos indicus	Bos indicus	Chromosome	ok	exon_4	4	213	0.9953051643192489	1.0	0.9953051643192489	0.9056603773584906	0.0	212	212	213	192	20	33892161.0	33893100.0	0.9743024182832847	HIGH	AG	GT	CANONICAL	CANONICAL	1140	0	0.0	0	0
GCA_030271795.1	ASM3027179v1	Bos indicus	Bos indicus	Chromosome	ok	exon_5	5	124	0.9919354838709677	0.9919354838709677	0.9919354838709677	0.9024390243902439	0.0	123	123	123	111	12	33895899.0	33896021.0	0.9719807238394965	HIGH	GA	GT	NONCANONICAL	CANONICAL	323	0	0.0	0	0
GCA_030271795.1	ASM3027179v1	Bos indicus	Bos indicus	Chromosome	ok	exon_6	6	1115	0.9641255605381166	1.0	0.9641255605381166	0.8762790697674419	0.0	1075	1075	1115	942	133	33896846.0	33897921.0	0.9529262696840131	HIGH	AG		CANONICAL	NA	1276	0	0.0	0	0
GCA_030271805.1	ASM3027180v1	Bos indicus	Bos indicus	Chromosome	ok	exon_1	1	194	0.8917525773195877	0.8969072164948454	0.8917525773195877	0.8786127167630058	0.0	173	173	174	152	21	34020601.0	34020773.0	0.9209418389845659	HIGH			NA	NA	373	0	0.0	0	0
GCA_030271805.1	ASM3027180v1	Bos indicus	Bos indicus	Chromosome	ok	exon_2	2	304	1.0	1.0	1.0	0.9013157894736842	0.0	304	304	304	274	30	34023431.0	34023734.0	0.9753289473684211	HIGH	AG	GT	CANONICAL	CANONICAL	504	0	0.0	0	0
GCA_030271805.1	ASM3027180v1	Bos indicus	Bos indicus	Chromosome	ok	exon_3	3	837	0.946236559139785	0.966547192353644	0.946236559139785	0.8762626262626263	0.0	792	792	809	694	98	34026586.0	34027377.0	0.9448721081785598	HIGH	AG	AC	CANONICAL	NONCANONICAL	992	0	0.0	0	0
GCA_030271805.1	ASM3027180v1	Bos indicus	Bos indicus	Chromosome	ok	exon_4	4	213	0.9953051643192489	1.0	0.9953051643192489	0.9056603773584906	0.0	212	212	213	192	20	34034767.0	34035706.0	0.9743024182832847	HIGH	AG	GT	CANONICAL	CANONICAL	1140	0	0.0	0	0
GCA_030271805.1	ASM3027180v1	Bos indicus	Bos indicus	Chromosome	ok	exon_5	5	124	0.9919354838709677	0.9919354838709677	0.9919354838709677	0.9105691056910569	0.0	123	123	123	112	11	34038527.0	34038649.0	0.9740132441646998	HIGH	GA	GT	NONCANONICAL	CANONICAL	323	0	0.0	0	0
GCA_030271805.1	ASM3027180v1	Bos indicus	Bos indicus	Chromosome	ok	exon_6	6	1115	0.9641255605381166	1.0	0.9641255605381166	0.8716279069767442	0.0	1075	1075	1115	937	138	34039475.0	34040550.0	0.9517634789863386	HIGH	AG		CANONICAL	NA	1276	0	0.0	0	0
GCA_030272135.1	ASM3027213v1	Bos indicus	Bos indicus	Chromosome	ok	exon_1	1	194	0.8917525773195877	0.8969072164948454	0.8917525773195877	0.8728323699421965	0.0	173	173	174	151	22	33925009.0	33925181.0	0.9194967522793636	HIGH			NA	NA	373	0	0.0	0	0
GCA_030272135.1	ASM3027213v1	Bos indicus	Bos indicus	Chromosome	ok	exon_2	2	304	1.0	1.0	1.0	0.9046052631578947	0.0	304	304	304	275	29	33927835.0	33928138.0	0.9761513157894737	HIGH	AG	GT	CANONICAL	CANONICAL	504	0	0.0	0	0
GCA_030272135.1	ASM3027213v1	Bos indicus	Bos indicus	Chromosome	ok	exon_3	3	837	0.946236559139785	0.966547192353644	0.946236559139785	0.8825757575757576	0.0	792	792	809	699	93	33930990.0	33931781.0	0.9464503910068427	HIGH	AG	AC	CANONICAL	NONCANONICAL	992	0	0.0	0	0
GCA_030272135.1	ASM3027213v1	Bos indicus	Bos indicus	Chromosome	ok	exon_4	4	213	0.9953051643192489	1.0	0.9953051643192489	0.9056603773584906	0.0	212	212	213	192	20	33939128.0	33940067.0	0.9743024182832847	HIGH	AG	GT	CANONICAL	CANONICAL	1140	0	0.0	0	0
GCA_030272135.1	ASM3027213v1	Bos indicus	Bos indicus	Chromosome	ok	exon_5	5	124	0.9919354838709677	0.9919354838709677	0.9919354838709677	0.9024390243902439	0.0	123	123	123	111	12	33942867.0	33942989.0	0.9719807238394965	HIGH	GA	GT	NONCANONICAL	CANONICAL	323	0	0.0	0	0
GCA_030272135.1	ASM3027213v1	Bos indicus	Bos indicus	Chromosome	ok	exon_6	6	1115	0.9641255605381166	1.0	0.9641255605381166	0.8762790697674419	0.0	1075	1075	1115	942	133	33943814.0	33944889.0	0.9529262696840131	HIGH	AG		CANONICAL	NA	1276	0	0.0	0	0
GCA_030272235.1	ASM3027223v1	Bos indicus	Bos indicus	Chromosome	ok	exon_1	1	194	0.8917525773195877	0.8969072164948454	0.8917525773195877	0.8728323699421965	0.0	173	173	174	151	22	33954511.0	33954683.0	0.9194967522793636	HIGH			NA	NA	373	0	0.0	0	0
GCA_030272235.1	ASM3027223v1	Bos indicus	Bos indicus	Chromosome	ok	exon_2	2	304	1.0	1.0	1.0	0.9078947368421053	0.0	304	304	304	276	28	33957336.0	33957639.0	0.9769736842105263	HIGH	AG	GT	CANONICAL	CANONICAL	504	0	0.0	0	0
GCA_030272235.1	ASM3027223v1	Bos indicus	Bos indicus	Chromosome	ok	exon_3	3	837	0.942652329749104	0.966547192353644	0.942652329749104	0.8846641318124208	0.0	789	789	809	698	91	33960176.0	33960966.0	0.945359581340202	HIGH	AG	AC	CANONICAL	NONCANONICAL	991	0	0.0	0	0
GCA_030272235.1	ASM3027223v1	Bos indicus	Bos indicus	Chromosome	ok	exon_4	4	213	0.9953051643192489	1.0	0.9953051643192489	0.9056603773584906	0.0	212	212	213	192	20	33968313.0	33969252.0	0.9743024182832847	HIGH	AG	GT	CANONICAL	CANONICAL	1140	0	0.0	0	0
GCA_030272235.1	ASM3027223v1	Bos indicus	Bos indicus	Chromosome	ok	exon_5	5	124	0.9838709677419355	0.9919354838709677	0.9838709677419355	0.9098360655737705	0.0	122	122	123	111	11	33972079.0	33972200.0	0.9702009518773136	HIGH	GA	GT	NONCANONICAL	CANONICAL	322	0	0.0	0	0
GCA_030272235.1	ASM3027223v1	Bos indicus	Bos indicus	Chromosome	ok	exon_6	6	1115	0.9641255605381166	1.0	0.9641255605381166	0.8744186046511628	0.0	1075	1075	1115	940	135	33973025.0	33974100.0	0.9524611534049432	HIGH	AG		CANONICAL	NA	1276	0	0.0	0	0
GCA_030272475.1	ASM3027247v1	Bos indicus	Bos indicus	Chromosome	ok	exon_1	1	194	0.8917525773195877	0.8969072164948454	0.8917525773195877	0.8786127167630058	0.0	173	173	174	152	21	33776102.0	33776274.0	0.9209418389845659	HIGH			NA	NA	373	0	0.0	0	0
GCA_030272475.1	ASM3027247v1	Bos indicus	Bos indicus	Chromosome	ok	exon_2	2	304	1.0	1.0	1.0	0.9046052631578947	0.0	304	304	304	275	29	33778933.0	33779236.0	0.9761513157894737	HIGH	AG	GT	CANONICAL	CANONICAL	504	0	0.0	0	0
GCA_030272475.1	ASM3027247v1	Bos indicus	Bos indicus	Chromosome	ok	exon_3	3	837	0.946236559139785	0.966547192353644	0.946236559139785	0.8762626262626263	0.0	792	792	809	694	98	33782087.0	33782878.0	0.9448721081785598	HIGH	AG	AC	CANONICAL	NONCANONICAL	992	0	0.0	0	0
GCA_030272475.1	ASM3027247v1	Bos indicus	Bos indicus	Chromosome	ok	exon_4	4	213	0.9953051643192489	1.0	0.9953051643192489	0.9056603773584906	0.0	212	212	213	192	20	33790282.0	33791221.0	0.9743024182832847	HIGH	AG	GT	CANONICAL	CANONICAL	1140	0	0.0	0	0
GCA_030272475.1	ASM3027247v1	Bos indicus	Bos indicus	Chromosome	ok	exon_5	5	124	0.9919354838709677	0.9919354838709677	0.9919354838709677	0.9024390243902439	0.0	123	123	123	111	12	33794042.0	33794164.0	0.9719807238394965	HIGH	GA	GT	NONCANONICAL	CANONICAL	323	0	0.0	0	0
GCA_030272475.1	ASM3027247v1	Bos indicus	Bos indicus	Chromosome	ok	exon_6	6	1115	0.9641255605381166	1.0	0.9641255605381166	0.8753488372093023	0.0	1075	1075	1115	941	134	33794989.0	33796064.0	0.9526937115444781	HIGH	AG		CANONICAL	NA	1276	0	0.0	0	0
GCA_030272495.1	ASM3027249v1	Bos indicus	Bos indicus	Chromosome	ok	exon_1	1	194	0.8917525773195877	0.8969072164948454	0.8917525773195877	0.8728323699421965	0.0	173	173	174	151	22	33809762.0	33809934.0	0.9194967522793636	HIGH			NA	NA	373	0	0.0	0	0
GCA_030272495.1	ASM3027249v1	Bos indicus	Bos indicus	Chromosome	ok	exon_2	2	304	1.0	1.0	1.0	0.9046052631578947	0.0	304	304	304	275	29	33812597.0	33812900.0	0.9761513157894737	HIGH	AG	GT	CANONICAL	CANONICAL	504	0	0.0	0	0
GCA_030272495.1	ASM3027249v1	Bos indicus	Bos indicus	Chromosome	ok	exon_3	3	837	0.946236559139785	0.966547192353644	0.946236559139785	0.8813131313131313	0.0	792	792	809	698	94	33815746.0	33816537.0	0.9461347344411861	HIGH	AG	AC	CANONICAL	NONCANONICAL	992	0	0.0	0	0
GCA_030272495.1	ASM3027249v1	Bos indicus	Bos indicus	Chromosome	ok	exon_4	4	213	0.9953051643192489	1.0	0.9953051643192489	0.9009433962264151	0.0	212	212	213	191	21	33823837.0	33824776.0	0.9731231730002659	HIGH	AG	GT	CANONICAL	CANONICAL	1140	0	0.0	0	0
GCA_030272495.1	ASM3027249v1	Bos indicus	Bos indicus	Chromosome	ok	exon_5	5	124	0.9919354838709677	0.9919354838709677	0.9919354838709677	0.9186991869918699	0.0	123	123	123	113	10	33827603.0	33827725.0	0.976045764489903	HIGH	GA	GT	NONCANONICAL	CANONICAL	323	0	0.0	0	0
GCA_030272495.1	ASM3027249v1	Bos indicus	Bos indicus	Chromosome	ok	exon_6	6	1115	0.9641255605381166	1.0	0.9641255605381166	0.8706976744186047	0.0	1075	1075	1115	936	139	33828551.0	33829626.0	0.9515309208468037	HIGH	AG		CANONICAL	NA	1276	0	0.0	0	0
GCA_030272505.1	ASM3027250v1	Bos indicus	Bos indicus	Chromosome	ok	exon_1	1	194	0.8917525773195877	0.8969072164948454	0.8917525773195877	0.8786127167630058	0.0	173	173	174	152	21	33234921.0	33235093.0	0.9209418389845659	HIGH			NA	NA	373	0	0.0	0	0
GCA_030272505.1	ASM3027250v1	Bos indicus	Bos indicus	Chromosome	ok	exon_2	2	304	1.0	1.0	1.0	0.9013157894736842	0.0	304	304	304	274	30	33237751.0	33238054.0	0.9753289473684211	HIGH	AG	GT	CANONICAL	CANONICAL	504	0	0.0	0	0
GCA_030272505.1	ASM3027250v1	Bos indicus	Bos indicus	Chromosome	ok	exon_3	3	837	0.946236559139785	0.966547192353644	0.946236559139785	0.8762626262626263	0.0	792	792	809	694	98	33240906.0	33241697.0	0.9448721081785598	HIGH	AG	AC	CANONICAL	NONCANONICAL	992	0	0.0	0	0
GCA_030272505.1	ASM3027250v1	Bos indicus	Bos indicus	Chromosome	ok	exon_4	4	213	0.9953051643192489	1.0	0.9953051643192489	0.9056603773584906	0.0	212	212	213	192	20	33249087.0	33250026.0	0.9743024182832847	HIGH	AG	GT	CANONICAL	CANONICAL	1140	0	0.0	0	0
GCA_030272505.1	ASM3027250v1	Bos indicus	Bos indicus	Chromosome	ok	exon_5	5	124	0.9919354838709677	0.9919354838709677	0.9919354838709677	0.9105691056910569	0.0	123	123	123	112	11	33252847.0	33252969.0	0.9740132441646998	HIGH	GA	GT	NONCANONICAL	CANONICAL	323	0	0.0	0	0
GCA_030272505.1	ASM3027250v1	Bos indicus	Bos indicus	Chromosome	ok	exon_6	6	1115	0.9641255605381166	1.0	0.9641255605381166	0.8716279069767442	0.0	1075	1075	1115	937	138	33253795.0	33254870.0	0.9517634789863386	HIGH	AG		CANONICAL	NA	1276	0	0.0	0	0
GCA_030847515.1	NIB_MC	Bos indicus	Bos indicus	Scaffold	ok	exon_1	1	194	0.0	0.0	0.0	0.0		0	0	0	0	0			0.2	UNRESOLVED			NA	NA	0	0		0	0
GCA_030847515.1	NIB_MC	Bos indicus	Bos indicus	Scaffold	ok	exon_2	2	304	0.0	0.0	0.0	0.0		0	0	0	0	0			0.2	UNRESOLVED			NA	NA	0	0		0	0
GCA_030847515.1	NIB_MC	Bos indicus	Bos indicus	Scaffold	ok	exon_3	3	837	0.0	0.0	0.0	0.0		0	0	0	0	0			0.2	UNRESOLVED			NA	NA	0	0		0	0
GCA_030847515.1	NIB_MC	Bos indicus	Bos indicus	Scaffold	ok	exon_4	4	213	0.8732394366197183	0.8779342723004695	0.8732394366197183	0.9086021505376344	0.0	186	186	187	169	17	80.0	265.0	0.8701082841132819	HIGH			NA	NA	365	0	0.0	0	0
GCA_030847515.1	NIB_MC	Bos indicus	Bos indicus	Scaffold	ok	exon_5	5	124	0.9919354838709677	0.9919354838709677	0.9919354838709677	0.9024390243902439	0.0	123	123	123	111	12	3064.0	3186.0	0.9219807238394966	HIGH	GA	GT	NONCANONICAL	CANONICAL	323	0	0.0	0	0
GCA_030847515.1	NIB_MC	Bos indicus	Bos indicus	Scaffold	ok	exon_6	6	1115	0.9641255605381166	1.0	0.9641255605381166	0.8762790697674419	0.0	1075	1075	1115	942	133	4011.0	5086.0	0.9029262696840131	HIGH	AG		CANONICAL	NA	1276	0	0.0	0	0
GCA_032405125.2	serow.2	Capricornis sumatraensis	Capricornis sumatraensis	Chromosome	ok	exon_1	1	194	0.9432989690721649	0.9690721649484536	0.9432989690721649	0.8579234972677595	0.0	183	183	188	157	26	21560865.0	21561052.0	0.9389654103994142	HIGH		CC	NA	NONCANONICAL	388	0	0.0	0	0
GCA_032405125.2	serow.2	Capricornis sumatraensis	Capricornis sumatraensis	Chromosome	ok	exon_2	2	304	1.0	1.0	1.0	0.881578947368421	0.0	304	304	304	268	36	21563767.0	21564071.0	0.9703947368421053	HIGH	AG	GT	CANONICAL	CANONICAL	505	0	0.0	0	0
GCA_032405125.2	serow.2	Capricornis sumatraensis	Capricornis sumatraensis	Chromosome	ok	exon_3	3	837	0.967741935483871	0.992831541218638	0.967741935483871	0.8814814814814815	0.0	810	810	831	714	96	21566438.0	21567397.0	0.9558542413381124	HIGH	AG	GT	CANONICAL	CANONICAL	1160	0	0.0	0	0
GCA_032405125.2	serow.2	Capricornis sumatraensis	Capricornis sumatraensis	Chromosome	ok	exon_4	4	213	0.9953051643192489	1.0	0.9953051643192489	0.8820754716981132	0.0	212	212	213	187	25	21574399.0	21575337.0	0.9684061918681903	HIGH	AG	GT	CANONICAL	CANONICAL	1139	0	0.0	0	0
GCA_032405125.2	serow.2	Capricornis sumatraensis	Capricornis sumatraensis	Chromosome	ok	exon_5	5	124	0.9919354838709677	0.9919354838709677	0.9919354838709677	0.9024390243902439	0.0	123	123	123	111	12	21578722.0	21578844.0	0.9719807238394965	HIGH	GA	GC	NONCANONICAL	CANONICAL	323	0	0.0	0	0
GCA_032405125.2	serow.2	Capricornis sumatraensis	Capricornis sumatraensis	Chromosome	ok	exon_6	6	1115	0.9533632286995516	0.9847533632286996	0.9533632286995516	0.8711194731890874	0.0	1063	1063	1098	926	137	21579667.0	21580732.0	0.94679332121207	HIGH	AG		CANONICAL	NA	1266	0	0.0	0	0
GCA_032433645.1	ASM3243364v1	Ovis aries	Ovis aries	Contig	ok	exon_1	1	194	0.0	0.0	0.0	0.0		0	0	0	0	0			0.18333333333333332	UNRESOLVED			NA	NA	0	0		0	0
GCA_032433645.1	ASM3243364v1	Ovis aries	Ovis aries	Contig	ok	exon_2	2	304	0.0	0.0	0.0	0.0		0	0	0	0	0			0.18333333333333332	UNRESOLVED			NA	NA	0	0		0	0
GCA_032433645.1	ASM3243364v1	Ovis aries	Ovis aries	Contig	ok	exon_3	3	837	0.0	0.0	0.0	0.0		0	0	0	0	0			0.18333333333333332	UNRESOLVED			NA	NA	0	0		0	0
GCA_032433645.1	ASM3243364v1	Ovis aries	Ovis aries	Contig	ok	exon_4	4	213	0.0	0.0	0.0	0.0		0	0	0	0	0			0.18333333333333332	UNRESOLVED			NA	NA	0	0		0	0
GCA_032433645.1	ASM3243364v1	Ovis aries	Ovis aries	Contig	ok	exon_5	5	124	0.9919354838709677	0.9919354838709677	0.9919354838709677	0.8943089430894309	0.0	123	123	123	110	13	2504.0	2626.0	0.9032815368476266	HIGH	GA	GC	NONCANONICAL	CANONICAL	323	0	0.0	0	0
GCA_032433645.1	ASM3243364v1	Ovis aries	Ovis aries	Contig	ok	exon_6	6	1115	0.9524663677130045	0.9847533632286996	0.9524663677130045	0.8709981167608286	0.0	1062	1062	1098	925	137	619.0	1682.0	0.8796927279943926	HIGH	AG		CANONICAL	NA	1264	0	0.0	0	0
GCA_032452875.1	ARS-OSU_banteng_1.0	Bos javanicus	Bos javanicus	Chromosome	ok	exon_1	1	194	0.8917525773195877	0.8969072164948454	0.8917525773195877	0.8728323699421965	0.0	173	173	174	151	22	33864579.0	33864751.0	0.9194967522793636	HIGH			NA	NA	373	0	0.0	0	0
GCA_032452875.1	ARS-OSU_banteng_1.0	Bos javanicus	Bos javanicus	Chromosome	ok	exon_2	2	304	1.0	1.0	1.0	0.9046052631578947	0.0	304	304	304	275	29	33867415.0	33867718.0	0.9761513157894737	HIGH	AG	GT	CANONICAL	CANONICAL	504	0	0.0	0	0
GCA_032452875.1	ARS-OSU_banteng_1.0	Bos javanicus	Bos javanicus	Chromosome	ok	exon_3	3	837	0.946236559139785	0.966547192353644	0.946236559139785	0.8813131313131313	0.0	792	792	809	698	94	33870564.0	33871355.0	0.9461347344411861	HIGH	AG	AC	CANONICAL	NONCANONICAL	992	0	0.0	0	0
GCA_032452875.1	ARS-OSU_banteng_1.0	Bos javanicus	Bos javanicus	Chromosome	ok	exon_4	4	213	0.9953051643192489	1.0	0.9953051643192489	0.9009433962264151	0.0	212	212	213	191	21	33878674.0	33879613.0	0.9731231730002659	HIGH	AG	GT	CANONICAL	CANONICAL	1140	0	0.0	0	0
GCA_032452875.1	ARS-OSU_banteng_1.0	Bos javanicus	Bos javanicus	Chromosome	ok	exon_5	5	124	0.9919354838709677	0.9919354838709677	0.9919354838709677	0.9186991869918699	0.0	123	123	123	113	10	33882442.0	33882564.0	0.976045764489903	HIGH	GA	GT	NONCANONICAL	CANONICAL	323	0	0.0	0	0
GCA_032452875.1	ARS-OSU_banteng_1.0	Bos javanicus	Bos javanicus	Chromosome	ok	exon_6	6	1115	0.9641255605381166	1.0	0.9641255605381166	0.8706976744186047	0.0	1075	1075	1115	936	139	33883390.0	33884465.0	0.9515309208468037	HIGH	AG		CANONICAL	NA	1276	0	0.0	0	0
GCA_033030755.1	IISER_Bind_1.0b	Bos indicus	Bos indicus	Contig	ok	exon_1	1	194	0.8917525773195877	0.8969072164948454	0.8917525773195877	0.8728323699421965	0.0	173	173	174	151	22	2552990.0	2553162.0	0.9194967522793636	HIGH			NA	NA	373	0	0.0	0	0
GCA_033030755.1	IISER_Bind_1.0b	Bos indicus	Bos indicus	Contig	ok	exon_2	2	304	1.0	1.0	1.0	0.9046052631578947	0.0	304	304	304	275	29	2555816.0	2556119.0	0.9761513157894737	HIGH	AG	GT	CANONICAL	CANONICAL	504	0	0.0	0	0
GCA_033030755.1	IISER_Bind_1.0b	Bos indicus	Bos indicus	Contig	ok	exon_3	3	837	0.946236559139785	0.966547192353644	0.946236559139785	0.8825757575757576	0.0	792	792	809	699	93	2558971.0	2559762.0	0.9464503910068427	HIGH	AG	AC	CANONICAL	NONCANONICAL	992	0	0.0	0	0
GCA_033030755.1	IISER_Bind_1.0b	Bos indicus	Bos indicus	Contig	ok	exon_4	4	213	0.9953051643192489	1.0	0.9953051643192489	0.9056603773584906	0.0	212	212	213	192	20	2567109.0	2568048.0	0.9743024182832847	HIGH	AG	GT	CANONICAL	CANONICAL	1140	0	0.0	0	0
GCA_033030755.1	IISER_Bind_1.0b	Bos indicus	Bos indicus	Contig	ok	exon_5	5	124	0.9919354838709677	0.9919354838709677	0.9919354838709677	0.9024390243902439	0.0	123	123	123	111	12	2570848.0	2570970.0	0.9719807238394965	HIGH	GA	GT	NONCANONICAL	CANONICAL	323	0	0.0	0	0
GCA_033030755.1	IISER_Bind_1.0b	Bos indicus	Bos indicus	Contig	ok	exon_6	6	1115	0.9641255605381166	1.0	0.9641255605381166	0.8762790697674419	0.0	1075	1075	1115	942	133	2571795.0	2572870.0	0.9529262696840131	HIGH	AG		CANONICAL	NA	1276	0	0.0	0	0
GCA_033032115.1	SNNPC3_IISER1.0	Bos taurus	Bos taurus	Contig	ok	exon_1	1	194	0.8917525773195877	0.8969072164948454	0.8917525773195877	0.8786127167630058	0.0	173	173	174	152	21	1373157.0	1373329.0	0.9209418389845659	HIGH			NA	NA	373	0	0.0	0	0
GCA_033032115.1	SNNPC3_IISER1.0	Bos taurus	Bos taurus	Contig	ok	exon_2	2	304	1.0	1.0	1.0	0.9078947368421053	0.0	304	304	304	276	28	1375992.0	1376295.0	0.9769736842105263	HIGH	AG	GT	CANONICAL	CANONICAL	504	0	0.0	0	0
GCA_033032115.1	SNNPC3_IISER1.0	Bos taurus	Bos taurus	Contig	ok	exon_3	3	837	0.942652329749104	0.966547192353644	0.942652329749104	0.8821292775665399	0.0	789	789	809	696	93	1379147.0	1379937.0	0.9447258677787318	HIGH	AG	AC	CANONICAL	NONCANONICAL	991	0	0.0	0	0
GCA_033032115.1	SNNPC3_IISER1.0	Bos taurus	Bos taurus	Contig	ok	exon_4	4	213	0.9953051643192489	1.0	0.9953051643192489	0.9056603773584906	0.0	212	212	213	192	20	1387342.0	1388281.0	0.9743024182832847	HIGH	AG	GT	CANONICAL	CANONICAL	1140	0	0.0	0	0
GCA_033032115.1	SNNPC3_IISER1.0	Bos taurus	Bos taurus	Contig	ok	exon_5	5	124	0.9919354838709677	0.9919354838709677	0.9919354838709677	0.9024390243902439	0.0	123	123	123	111	12	1391101.0	1391223.0	0.9719807238394965	HIGH	GA	GT	NONCANONICAL	CANONICAL	323	0	0.0	0	0
GCA_033032115.1	SNNPC3_IISER1.0	Bos taurus	Bos taurus	Contig	ok	exon_6	6	1115	0.9641255605381166	1.0	0.9641255605381166	0.8772093023255814	0.0	1075	1075	1115	943	132	1392048.0	1393123.0	0.9531588278235479	HIGH	AG		CANONICAL	NA	1276	0	0.0	0	0
GCA_033118175.2	ASM3311817v2	Dama dama	Dama dama	Chromosome	ok	exon_1	1	194	0.979381443298969	0.979381443298969	0.979381443298969	0.8736842105263158	0.0	190	190	190	166	24	33025981.0	33026170.0	0.9591427021161151	HIGH		CC	NA	NONCANONICAL	390	0	0.0	0	0
GCA_033118175.2	ASM3311817v2	Dama dama	Dama dama	Chromosome	ok	exon_2	2	304	0.9736842105263158	1.0	0.9736842105263158	0.9155405405405406	0.0	296	296	304	271	25	33028834.0	33029953.0	0.9670430298719773	HIGH	AG	GT	CANONICAL	CANONICAL	1320	0	0.0	0	0
GCA_033118175.2	ASM3311817v2	Dama dama	Dama dama	Chromosome	ok	exon_3	3	837	0.9796893667861409	1.0	0.9796893667861409	0.8804878048780488	0.0	820	820	837	722	98	33032325.0	33033422.0	0.9609821662732757	HIGH	AG	GT	CANONICAL	CANONICAL	1298	0	0.0	0	0
GCA_033118175.2	ASM3311817v2	Dama dama	Dama dama	Chromosome	ok	exon_4	4	213	0.8732394366197183	0.8779342723004695	0.8732394366197183	0.8763440860215054	0.0	186	186	187	163	23	33039883.0	33040068.0	0.9120437679842496	HIGH			NA	NA	386	0	0.0	0	0
GCA_033118175.2	ASM3311817v2	Dama dama	Dama dama	Chromosome	ok	exon_5	5	124	0.9919354838709677	0.9919354838709677	0.9919354838709677	0.8861788617886179	0.0	123	123	123	109	14	33043084.0	33043206.0	0.96791568318909	HIGH	GA	GT	NONCANONICAL	CANONICAL	323	0	0.0	0	0
GCA_033118175.2	ASM3311817v2	Dama dama	Dama dama	Chromosome	ok	exon_6	6	1115	0.9605381165919282	1.0	0.9605381165919282	0.8683473389355743	0.0	1071	1071	1115	930	141	33044016.0	33045086.0	0.9493289872002613	HIGH	AG		CANONICAL	NA	1271	0	0.0	0	0
GCA_033439445.1	ASM3343944v1	Ovis aries	Ovis aries	Chromosome	ok	exon_1	1	194	0.9432989690721649	0.9690721649484536	0.9432989690721649	0.8524590163934426	0.0	183	183	188	156	27	24123871.0	24124057.0	0.9375992901808349	HIGH		CC	NA	NONCANONICAL	387	0	0.0	0	0
GCA_033439445.1	ASM3343944v1	Ovis aries	Ovis aries	Chromosome	ok	exon_2	2	304	1.0	1.0	1.0	0.8947368421052632	0.0	304	304	304	272	32	24127208.0	24127512.0	0.9736842105263158	HIGH	AG	GT	CANONICAL	CANONICAL	505	0	0.0	0	0
GCA_033439445.1	ASM3343944v1	Ovis aries	Ovis aries	Chromosome	ok	exon_3	3	837	0.9713261648745519	0.992831541218638	0.9713261648745519	0.8892988929889298	0.0	813	813	831	723	90	24129870.0	24130824.0	0.9594214974407809	HIGH	AG	GT	CANONICAL	CANONICAL	1155	0	0.0	0	0
GCA_033439445.1	ASM3343944v1	Ovis aries	Ovis aries	Chromosome	ok	exon_4	4	213	0.8732394366197183	0.8779342723004695	0.8732394366197183	0.8978494623655914	0.0	186	186	187	167	19	24138565.0	24138750.0	0.9174201120702711	HIGH			NA	NA	386	0	0.0	0	0
GCA_033439445.1	ASM3343944v1	Ovis aries	Ovis aries	Chromosome	ok	exon_5	5	124	0.9919354838709677	0.9919354838709677	0.9919354838709677	0.8943089430894309	0.0	123	123	123	110	13	24142100.0	24142222.0	0.9699482035142932	HIGH	GA	GC	NONCANONICAL	CANONICAL	323	0	0.0	0	0
GCA_033439445.1	ASM3343944v1	Ovis aries	Ovis aries	Chromosome	ok	exon_6	6	1115	0.9524663677130045	0.9847533632286996	0.9524663677130045	0.871939736346516	0.0	1062	1062	1098	926	136	24143044.0	24144107.0	0.946594799557481	HIGH	AG		CANONICAL	NA	1264	0	0.0	0	0
GCA_034097375.1	YAU_Btau_1.0	Bos taurus	Bos taurus	Chromosome	ok	exon_1	1	194	0.8917525773195877	0.8969072164948454	0.8917525773195877	0.8728323699421965	0.0	173	173	174	151	22	70744857.0	70745029.0	0.9194967522793636	HIGH			NA	NA	373	0	0.0	0	0
GCA_034097375.1	YAU_Btau_1.0	Bos taurus	Bos taurus	Chromosome	ok	exon_2	2	304	1.0	1.0	1.0	0.9078947368421053	0.0	304	304	304	276	28	70741901.0	70742204.0	0.9769736842105263	HIGH	AG	GT	CANONICAL	CANONICAL	504	0	0.0	0	0
GCA_034097375.1	YAU_Btau_1.0	Bos taurus	Bos taurus	Chromosome	ok	exon_3	3	837	0.946236559139785	0.966547192353644	0.946236559139785	0.8787878787878788	0.0	792	792	809	696	96	70738258.0	70739049.0	0.945503421309873	HIGH	AG	AC	CANONICAL	NONCANONICAL	992	0	0.0	0	0
GCA_034097375.1	YAU_Btau_1.0	Bos taurus	Bos taurus	Chromosome	ok	exon_4	4	213	0.9953051643192489	1.0	0.9953051643192489	0.9056603773584906	0.0	212	212	213	192	20	70729971.0	70730910.0	0.9743024182832847	HIGH	AG	GT	CANONICAL	CANONICAL	1140	0	0.0	0	0
GCA_034097375.1	YAU_Btau_1.0	Bos taurus	Bos taurus	Chromosome	ok	exon_5	5	124	0.9919354838709677	0.9919354838709677	0.9919354838709677	0.9024390243902439	0.0	123	123	123	111	12	70727049.0	70727171.0	0.9719807238394965	HIGH	GA	GT	NONCANONICAL	CANONICAL	323	0	0.0	0	0
GCA_034097375.1	YAU_Btau_1.0	Bos taurus	Bos taurus	Chromosome	ok	exon_6	6	1115	0.9641255605381166	1.0	0.9641255605381166	0.8762790697674419	0.0	1075	1075	1115	942	133	70725149.0	70726224.0	0.9529262696840131	HIGH	AG		CANONICAL	NA	1276	0	0.0	0	0
GCA_034195675.1	ASM3419567v1	Cervus nippon	Cervus nippon	Chromosome	ok	exon_1	1	194	0.9690721649484536	0.9690721649484536	0.9690721649484536	0.8829787234042553	0.0	188	188	188	166	22	28043466.0	28043653.0	0.9401604884112014	HIGH		CC	NA	NONCANONICAL	388	0	0.0	0	0
GCA_034195675.1	ASM3419567v1	Cervus nippon	Cervus nippon	Chromosome	ok	exon_2	2	304	0.9703947368421053	0.9967105263157895	0.9703947368421053	0.911864406779661	0.0	295	295	303	269	26	28039684.0	28040800.0	0.947977066607196	HIGH	AG	AG	CANONICAL	NONCANONICAL	1317	0	0.0	0	0
GCA_034195675.1	ASM3419567v1	Cervus nippon	Cervus nippon	Chromosome	ok	exon_3	3	837	0.9796893667861409	1.0	0.9796893667861409	0.8804878048780488	0.0	820	820	837	722	98	28036178.0	28037300.0	0.9443154996066091	HIGH	AG	GT	CANONICAL	CANONICAL	1323	0	0.0	0	0
GCA_034195675.1	ASM3419567v1	Cervus nippon	Cervus nippon	Chromosome	ok	exon_4	4	213	0.0	0.0	0.0	0.0		0	0	0	0	0			0.23333333333333334	UNRESOLVED			NA	NA	0	0		0	0
GCA_034195675.1	ASM3419567v1	Cervus nippon	Cervus nippon	Chromosome	ok	exon_5	5	124	0.9919354838709677	0.9919354838709677	0.9919354838709677	0.8943089430894309	0.0	123	123	123	110	13	28029502.0	28029624.0	0.9532815368476266	HIGH	GA	GT	NONCANONICAL	CANONICAL	323	0	0.0	0	0
GCA_034195675.1	ASM3419567v1	Cervus nippon	Cervus nippon	Chromosome	ok	exon_6	6	1115	0.9551569506726457	1.0	0.9551569506726457	0.8704225352112676	0.0	1065	1065	1115	927	138	28027631.0	28028695.0	0.930759594938841	HIGH	AG		CANONICAL	NA	1265	0	0.0	0	0
GCA_034234005.1	CU_Burmeseeldsdeer	Rucervus eldii thamin	Rucervus eldii	Scaffold	ok	exon_1	1	194	0.9690721649484536	0.9690721649484536	0.9690721649484536	0.8829787234042553	0.0	188	188	188	166	22	18525858.0	18526045.0	0.9401604884112014	HIGH		CC	NA	NONCANONICAL	388	0	0.0	0	0
GCA_034234005.1	CU_Burmeseeldsdeer	Rucervus eldii thamin	Rucervus eldii	Scaffold	ok	exon_2	2	304	0.9703947368421053	0.9967105263157895	0.9703947368421053	0.9016949152542373	0.0	295	295	303	266	29	18528413.0	18529265.0	0.9454346937258402	HIGH	AG	AG	CANONICAL	NONCANONICAL	1053	100	0.0949667616334283	1	100
GCA_034234005.1	CU_Burmeseeldsdeer	Rucervus eldii thamin	Rucervus eldii	Scaffold	ok	exon_3	3	837	0.967741935483871	0.9796893667861409	0.967741935483871	0.8827160493827161	0.0	810	810	820	715	95	18531648.0	18532660.0	0.9394962166467544	HIGH	AG	GT	CANONICAL	CANONICAL	1213	100	0.08244023083264633	1	100
GCA_034234005.1	CU_Burmeseeldsdeer	Rucervus eldii thamin	Rucervus eldii	Scaffold	ok	exon_4	4	213	0.0	0.0	0.0	0.0		0	0	0	0	0			0.23333333333333334	UNRESOLVED			NA	NA	0	0		0	0
GCA_034234005.1	CU_Burmeseeldsdeer	Rucervus eldii thamin	Rucervus eldii	Scaffold	ok	exon_5	5	124	0.9919354838709677	0.9919354838709677	0.9919354838709677	0.8861788617886179	0.0	123	123	123	109	14	18540541.0	18540663.0	0.9512490165224234	HIGH	GA	GT	NONCANONICAL	CANONICAL	323	0	0.0	0	0
GCA_034234005.1	CU_Burmeseeldsdeer	Rucervus eldii thamin	Rucervus eldii	Scaffold	ok	exon_6	6	1115	0.9551569506726457	1.0	0.9551569506726457	0.8751173708920188	0.0	1065	1065	1115	932	133	18541474.0	18542538.0	0.9319333038590287	HIGH	AG		CANONICAL	NA	1265	0	0.0	0	0
GCA_038088365.1	NPU_CNip_2	Cervus nippon	Cervus nippon	Chromosome	ok	exon_1	1	194	0.9690721649484536	0.9690721649484536	0.9690721649484536	0.8829787234042553	0.0	188	188	188	166	22	38051086.0	38051273.0	0.9401604884112014	HIGH		CC	NA	NONCANONICAL	388	0	0.0	0	0
GCA_038088365.1	NPU_CNip_2	Cervus nippon	Cervus nippon	Chromosome	ok	exon_2	2	304	0.9736842105263158	1.0	0.9736842105263158	0.8986486486486487	0.0	296	296	304	266	30	38053951.0	38055062.0	0.9461533902323378	HIGH	AG	GT	CANONICAL	CANONICAL	1312	0	0.0	0	0
GCA_038088365.1	NPU_CNip_2	Cervus nippon	Cervus nippon	Chromosome	ok	exon_3	3	837	0.980884109916368	1.0	0.980884109916368	0.876979293544458	0.0	821	821	837	720	101	38057441.0	38058564.0	0.9439760061818135	HIGH	AG	GT	CANONICAL	CANONICAL	1324	0	0.0	0	0
GCA_038088365.1	NPU_CNip_2	Cervus nippon	Cervus nippon	Chromosome	ok	exon_4	4	213	0.0	0.0	0.0	0.0		0	0	0	0	0			0.23333333333333334	UNRESOLVED			NA	NA	0	0		0	0
GCA_038088365.1	NPU_CNip_2	Cervus nippon	Cervus nippon	Chromosome	ok	exon_5	5	124	0.9919354838709677	0.9919354838709677	0.9919354838709677	0.8943089430894309	0.0	123	123	123	110	13	38065121.0	38065243.0	0.9532815368476266	HIGH	GA	GT	NONCANONICAL	CANONICAL	323	0	0.0	0	0
GCA_038088365.1	NPU_CNip_2	Cervus nippon	Cervus nippon	Chromosome	ok	exon_6	6	1115	0.9551569506726457	1.0	0.9551569506726457	0.8723004694835681	0.0	1065	1065	1115	929	136	38066050.0	38067114.0	0.931229078506916	HIGH	AG		CANONICAL	NA	1265	0	0.0	0	0
GCA_038501445.1	RusAlf_1.1	Rusa alfredi	Rusa alfredi	Scaffold	ok	exon_1	1	194	0.9690721649484536	0.9690721649484536	0.9690721649484536	0.8723404255319149	0.0	188	188	188	164	24	30887837.0	30888024.0	0.9375009139431163	HIGH		CC	NA	NONCANONICAL	388	0	0.0	0	0
GCA_038501445.1	RusAlf_1.1	Rusa alfredi	Rusa alfredi	Scaffold	ok	exon_2	2	304	0.9703947368421053	0.9967105263157895	0.9703947368421053	0.9050847457627119	0.0	295	295	303	267	28	30890395.0	30891704.0	0.9462821513529588	HIGH	AG	AG	CANONICAL	NONCANONICAL	1510	100	0.06622516556291391	1	100
GCA_038501445.1	RusAlf_1.1	Rusa alfredi	Rusa alfredi	Scaffold	ok	exon_3	3	837	0.9796893667861409	1.0	0.9796893667861409	0.8829268292682927	0.0	820	820	837	724	96	30894089.0	30895186.0	0.9449252557041701	HIGH	AG	GT	CANONICAL	CANONICAL	1298	0	0.0	0	0
GCA_038501445.1	RusAlf_1.1	Rusa alfredi	Rusa alfredi	Scaffold	ok	exon_4	4	213	0.0	0.0	0.0	0.0		0	0	0	0	0			0.23333333333333334	UNRESOLVED			NA	NA	0	0		0	0
GCA_038501445.1	RusAlf_1.1	Rusa alfredi	Rusa alfredi	Scaffold	ok	exon_5	5	124	0.9919354838709677	0.9919354838709677	0.9919354838709677	0.8943089430894309	0.0	123	123	123	110	13	30902880.0	30903002.0	0.9532815368476266	HIGH	GA	GT	NONCANONICAL	CANONICAL	323	0	0.0	0	0
GCA_038501445.1	RusAlf_1.1	Rusa alfredi	Rusa alfredi	Scaffold	ok	exon_6	6	1115	0.9551569506726457	1.0	0.9551569506726457	0.8732394366197183	0.0	1065	1065	1115	930	135	30903813.0	30904877.0	0.9314638202909535	HIGH	AG		CANONICAL	NA	1265	0	0.0	0	0
GCA_038502695.1	ASM3850269v1	Capra falconeri	Capra falconeri	Scaffold	ok	exon_1	1	194	0.9432989690721649	0.9690721649484536	0.9432989690721649	0.8469945355191257	0.0	183	183	188	155	28	14857.0	15043.0	0.8862331699622558	HIGH		CC	NA	NONCANONICAL	387	0	0.0	0	0
GCA_038502695.1	ASM3850269v1	Capra falconeri	Capra falconeri	Scaffold	ok	exon_2	2	304	1.0	1.0	1.0	0.8947368421052632	0.0	304	304	304	272	32	11903.0	12207.0	0.9236842105263159	HIGH	AG	GT	CANONICAL	CANONICAL	505	0	0.0	0	0
GCA_038502695.1	ASM3850269v1	Capra falconeri	Capra falconeri	Scaffold	ok	exon_3	3	837	0.96415770609319	0.992831541218638	0.96415770609319	0.8835192069392813	0.0	807	807	831	713	94	8547.0	9539.0	0.9047507694767559	HIGH	AG	GT	CANONICAL	CANONICAL	1193	0	0.0	0	0
GCA_038502695.1	ASM3850269v1	Capra falconeri	Capra falconeri	Scaffold	ok	exon_4	4	213	0.1784037558685446	0.1784037558685446	0.1784037558685446	0.8947368421052632	0.0	38	38	38	34	4	1505.0	1542.0	0.553965900667161	LOW			NA	NA	238	0	0.0	0	0
GCA_038502695.1	ASM3850269v1	Capra falconeri	Capra falconeri	Scaffold	ok	exon_5	5	124	0.0	0.0	0.0	0.0		0	0	0	0	0			0.2	UNRESOLVED			NA	NA	0	0		0	0
GCA_038502695.1	ASM3850269v1	Capra falconeri	Capra falconeri	Scaffold	ok	exon_6	6	1115	0.0	0.0	0.0	0.0		0	0	0	0	0			0.2	UNRESOLVED			NA	NA	0	0		0	0
GCA_039881175.1	ASM3988117v1	Bos taurus	Bos taurus	Chromosome	ok	exon_1	1	194	0.8917525773195877	0.8969072164948454	0.8917525773195877	0.8728323699421965	0.0	173	173	174	151	22	33962253.0	33962425.0	0.9194967522793636	HIGH			NA	NA	373	0	0.0	0	0
GCA_039881175.1	ASM3988117v1	Bos taurus	Bos taurus	Chromosome	ok	exon_2	2	304	1.0	1.0	1.0	0.9078947368421053	0.0	304	304	304	276	28	33965079.0	33965382.0	0.9769736842105263	HIGH	AG	GT	CANONICAL	CANONICAL	504	0	0.0	0	0
GCA_039881175.1	ASM3988117v1	Bos taurus	Bos taurus	Chromosome	ok	exon_3	3	837	0.946236559139785	0.966547192353644	0.946236559139785	0.8813131313131313	0.0	792	792	809	698	94	33968234.0	33969025.0	0.9461347344411861	HIGH	AG	AC	CANONICAL	NONCANONICAL	992	0	0.0	0	0
GCA_039881175.1	ASM3988117v1	Bos taurus	Bos taurus	Chromosome	ok	exon_4	4	213	0.9953051643192489	1.0	0.9953051643192489	0.9056603773584906	0.0	212	212	213	192	20	33976386.0	33977325.0	0.9743024182832847	HIGH	AG	GT	CANONICAL	CANONICAL	1140	0	0.0	0	0
GCA_039881175.1	ASM3988117v1	Bos taurus	Bos taurus	Chromosome	ok	exon_5	5	124	0.9919354838709677	0.9919354838709677	0.9919354838709677	0.9024390243902439	0.0	123	123	123	111	12	33980124.0	33980246.0	0.9719807238394965	HIGH	GA	GT	NONCANONICAL	CANONICAL	323	0	0.0	0	0
GCA_039881175.1	ASM3988117v1	Bos taurus	Bos taurus	Chromosome	ok	exon_6	6	1115	0.9641255605381166	1.0	0.9641255605381166	0.8744186046511628	0.0	1075	1075	1115	940	135	33981072.0	33982147.0	0.9524611534049432	HIGH	AG		CANONICAL	NA	1276	0	0.0	0	0
GCA_040182635.1	NWIPB_Pahodg_1.0	Pantholops hodgsonii	Pantholops hodgsonii	Chromosome	ok	exon_1	1	194	0.9432989690721649	0.9690721649484536	0.9432989690721649	0.8579234972677595	0.0	183	183	188	157	26	70414376.0	70414559.0	0.9389654103994142	HIGH		CC	NA	NONCANONICAL	384	0	0.0	0	0
GCA_040182635.1	NWIPB_Pahodg_1.0	Pantholops hodgsonii	Pantholops hodgsonii	Chromosome	ok	exon_2	2	304	1.0	1.0	1.0	0.8914473684210527	0.0	304	304	304	271	33	70411051.0	70411355.0	0.9728618421052633	HIGH	AG	GT	CANONICAL	CANONICAL	505	0	0.0	0	0
GCA_040182635.1	NWIPB_Pahodg_1.0	Pantholops hodgsonii	Pantholops hodgsonii	Chromosome	ok	exon_3	3	837	0.973715651135006	0.992831541218638	0.973715651135006	0.8846625766871166	0.0	815	815	831	721	94	70407726.0	70408681.0	0.9593376871825319	HIGH	AG	GT	CANONICAL	CANONICAL	1156	0	0.0	0	0
GCA_040182635.1	NWIPB_Pahodg_1.0	Pantholops hodgsonii	Pantholops hodgsonii	Chromosome	ok	exon_4	4	213	0.863849765258216	0.8685446009389671	0.863849765258216	0.8804347826086957	0.0	184	184	185	162	22	70399779.0	70399962.0	0.9088410900183712	HIGH			NA	NA	384	0	0.0	0	0
GCA_040182635.1	NWIPB_Pahodg_1.0	Pantholops hodgsonii	Pantholops hodgsonii	Chromosome	ok	exon_5	5	124	0.9919354838709677	0.9919354838709677	0.9919354838709677	0.9105691056910569	0.0	123	123	123	112	11	70396005.0	70396127.0	0.9740132441646998	HIGH	GA	GC	NONCANONICAL	CANONICAL	323	0	0.0	0	0
GCA_040182635.1	NWIPB_Pahodg_1.0	Pantholops hodgsonii	Pantholops hodgsonii	Chromosome	ok	exon_6	6	1115	0.9533632286995516	0.9847533632286996	0.9533632286995516	0.8730009407337723	0.0	1063	1063	1098	928	135	70394118.0	70395182.0	0.9472636880982414	HIGH	AG		CANONICAL	NA	1265	0	0.0	0	0
GCA_040259355.1	ASM4025935v1	Ovis aries	Ovis aries	Chromosome	ok	exon_1	1	194	0.9432989690721649	0.9690721649484536	0.9432989690721649	0.8524590163934426	0.0	183	183	188	156	27	22728606.0	22728792.0	0.9375992901808349	HIGH		CC	NA	NONCANONICAL	387	0	0.0	0	0
GCA_040259355.1	ASM4025935v1	Ovis aries	Ovis aries	Chromosome	ok	exon_2	2	304	0.993421052631579	1.0	0.993421052631579	0.890728476821192	0.0	302	302	304	269	33	22731445.0	22731747.0	0.9697215928895087	HIGH	AG	GT	CANONICAL	CANONICAL	503	0	0.0	0	0
GCA_040259355.1	ASM4025935v1	Ovis aries	Ovis aries	Chromosome	ok	exon_3	3	837	0.959378733572282	0.98805256869773	0.959378733572282	0.8841843088418431	0.0	803	803	827	710	93	22734082.0	22735044.0	0.9527665073179877	HIGH	AG	GT	CANONICAL	CANONICAL	1163	0	0.0	0	0
GCA_040259355.1	ASM4025935v1	Ovis aries	Ovis aries	Chromosome	ok	exon_4	4	213	0.8732394366197183	0.8779342723004695	0.8732394366197183	0.8978494623655914	0.0	186	186	187	167	19	22742806.0	22742991.0	0.9174201120702711	HIGH			NA	NA	386	0	0.0	0	0
GCA_040259355.1	ASM4025935v1	Ovis aries	Ovis aries	Chromosome	ok	exon_5	5	124	0.9919354838709677	0.9919354838709677	0.9919354838709677	0.9024390243902439	0.0	123	123	123	111	12	22746340.0	22746462.0	0.9719807238394965	HIGH	GA	GC	NONCANONICAL	CANONICAL	323	0	0.0	0	0
GCA_040259355.1	ASM4025935v1	Ovis aries	Ovis aries	Chromosome	ok	exon_6	6	1115	0.9524663677130045	0.9847533632286996	0.9524663677130045	0.8700564971751412	0.0	1062	1062	1098	924	138	22747284.0	22748347.0	0.9461239897646374	HIGH	AG		CANONICAL	NA	1264	0	0.0	0	0
GCA_040285425.1	UOA_Tuli_1	Bos taurus	Bos taurus	Chromosome	ok	exon_1	1	194	0.8917525773195877	0.8969072164948454	0.8917525773195877	0.8728323699421965	0.0	173	173	174	151	22	47411730.0	47411902.0	0.9194967522793636	HIGH			NA	NA	373	0	0.0	0	0
GCA_040285425.1	UOA_Tuli_1	Bos taurus	Bos taurus	Chromosome	ok	exon_2	2	304	1.0	1.0	1.0	0.9078947368421053	0.0	304	304	304	276	28	47414555.0	47414858.0	0.9769736842105263	HIGH	AG	GT	CANONICAL	CANONICAL	504	0	0.0	0	0
GCA_040285425.1	UOA_Tuli_1	Bos taurus	Bos taurus	Chromosome	ok	exon_3	3	837	0.942652329749104	0.966547192353644	0.942652329749104	0.8846641318124208	0.0	789	789	809	698	91	47417395.0	47418185.0	0.945359581340202	HIGH	AG	AC	CANONICAL	NONCANONICAL	991	0	0.0	0	0
GCA_040285425.1	UOA_Tuli_1	Bos taurus	Bos taurus	Chromosome	ok	exon_4	4	213	0.9953051643192489	1.0	0.9953051643192489	0.9056603773584906	0.0	212	212	213	192	20	47425533.0	47426472.0	0.9743024182832847	HIGH	AG	GT	CANONICAL	CANONICAL	1140	0	0.0	0	0
GCA_040285425.1	UOA_Tuli_1	Bos taurus	Bos taurus	Chromosome	ok	exon_5	5	124	0.9919354838709677	0.9919354838709677	0.9919354838709677	0.9024390243902439	0.0	123	123	123	111	12	47429271.0	47429393.0	0.9719807238394965	HIGH	GA	GT	NONCANONICAL	CANONICAL	323	0	0.0	0	0
GCA_040285425.1	UOA_Tuli_1	Bos taurus	Bos taurus	Chromosome	ok	exon_6	6	1115	0.9641255605381166	1.0	0.9641255605381166	0.8762790697674419	0.0	1075	1075	1115	942	133	47430218.0	47431293.0	0.9529262696840131	HIGH	AG		CANONICAL	NA	1276	0	0.0	0	0
GCA_040286185.1	UOA_Wagyu_1	Bos taurus	Bos taurus	Chromosome	ok	exon_1	1	194	0.8917525773195877	0.8969072164948454	0.8917525773195877	0.8728323699421965	0.0	173	173	174	151	22	57608031.0	57608203.0	0.9194967522793636	HIGH			NA	NA	373	0	0.0	0	0
GCA_040286185.1	UOA_Wagyu_1	Bos taurus	Bos taurus	Chromosome	ok	exon_2	2	304	1.0	1.0	1.0	0.9078947368421053	0.0	304	304	304	276	28	57610855.0	57611158.0	0.9769736842105263	HIGH	AG	GT	CANONICAL	CANONICAL	504	0	0.0	0	0
GCA_040286185.1	UOA_Wagyu_1	Bos taurus	Bos taurus	Chromosome	ok	exon_3	3	837	0.946236559139785	0.966547192353644	0.946236559139785	0.8825757575757576	0.0	792	792	809	699	93	57614010.0	57614801.0	0.9464503910068427	HIGH	AG	AC	CANONICAL	NONCANONICAL	992	0	0.0	0	0
GCA_040286185.1	UOA_Wagyu_1	Bos taurus	Bos taurus	Chromosome	ok	exon_4	4	213	0.9953051643192489	1.0	0.9953051643192489	0.9056603773584906	0.0	212	212	213	192	20	57622148.0	57623087.0	0.9743024182832847	HIGH	AG	GT	CANONICAL	CANONICAL	1140	0	0.0	0	0
GCA_040286185.1	UOA_Wagyu_1	Bos taurus	Bos taurus	Chromosome	ok	exon_5	5	124	0.9919354838709677	0.9919354838709677	0.9919354838709677	0.9024390243902439	0.0	123	123	123	111	12	57625887.0	57626009.0	0.9719807238394965	HIGH	GA	GT	NONCANONICAL	CANONICAL	323	0	0.0	0	0
GCA_040286185.1	UOA_Wagyu_1	Bos taurus	Bos taurus	Chromosome	ok	exon_6	6	1115	0.9641255605381166	1.0	0.9641255605381166	0.8762790697674419	0.0	1075	1075	1115	942	133	57626834.0	57627909.0	0.9529262696840131	HIGH	AG		CANONICAL	NA	1276	0	0.0	0	0
GCA_040438115.1	ASM4043811v1	Tragelaphus eurycerus isaaci	Tragelaphus eurycerus	Chromosome	ok	exon_1	1	194	0.9742268041237113	0.979381443298969	0.9742268041237113	0.8571428571428571	0.0	189	189	190	162	27	74895110.0	74895298.0	0.9526877761413844	HIGH		CC	NA	NONCANONICAL	389	0	0.0	0	0
GCA_040438115.1	ASM4043811v1	Tragelaphus eurycerus isaaci	Tragelaphus eurycerus	Chromosome	ok	exon_2	2	304	1.0	1.0	1.0	0.8980263157894737	0.0	304	304	304	273	31	74892129.0	74892432.0	0.9745065789473685	HIGH	AG	GT	CANONICAL	CANONICAL	504	0	0.0	0	0
GCA_040438115.1	ASM4043811v1	Tragelaphus eurycerus isaaci	Tragelaphus eurycerus	Chromosome	ok	exon_3	3	837	0.7001194743130227	0.7132616487455197	0.7001194743130227	0.89419795221843	0.0	586	586	597	524	62	74888093.0	74888678.0	0.8386032514954678	MEDIUM			NA	NA	786	0	0.0	0	0
GCA_040438115.1	ASM4043811v1	Tragelaphus eurycerus isaaci	Tragelaphus eurycerus	Chromosome	ok	exon_4	4	213	0.9859154929577465	1.0	0.9859154929577465	0.8761904761904762	0.0	210	210	213	184	26	74879907.0	74880837.0	0.962709590878605	HIGH	AA	GT	NONCANONICAL	CANONICAL	1131	0	0.0	0	0
GCA_040438115.1	ASM4043811v1	Tragelaphus eurycerus isaaci	Tragelaphus eurycerus	Chromosome	ok	exon_5	5	124	0.9919354838709677	0.9919354838709677	0.9919354838709677	0.9105691056910569	0.0	123	123	123	112	11	74876170.0	74876292.0	0.9740132441646998	HIGH	GA	GT	NONCANONICAL	CANONICAL	323	0	0.0	0	0
GCA_040438115.1	ASM4043811v1	Tragelaphus eurycerus isaaci	Tragelaphus eurycerus	Chromosome	ok	exon_6	6	1115	0.947085201793722	0.9964125560538116	0.947085201793722	0.8768939393939394	0.0	1056	1056	1111	926	130	74874268.0	74875346.0	0.9454118256556598	HIGH	AG		CANONICAL	NA	1279	0	0.0	0	0
GCA_040543055.1	ASM4054305v1	Ovis aries	Ovis aries	Chromosome	ok	exon_1	1	194	0.9432989690721649	0.9690721649484536	0.9432989690721649	0.8524590163934426	0.0	183	183	188	156	27	71776994.0	71777180.0	0.9375992901808349	HIGH		CC	NA	NONCANONICAL	387	0	0.0	0	0
GCA_040543055.1	ASM4054305v1	Ovis aries	Ovis aries	Chromosome	ok	exon_2	2	304	1.0	1.0	1.0	0.8947368421052632	0.0	304	304	304	272	32	71773544.0	71773848.0	0.9736842105263158	HIGH	AG	GT	CANONICAL	CANONICAL	505	0	0.0	0	0
GCA_040543055.1	ASM4054305v1	Ovis aries	Ovis aries	Chromosome	ok	exon_3	3	837	0.9713261648745519	0.992831541218638	0.9713261648745519	0.8868388683886839	0.0	813	813	831	721	92	71770231.0	71771185.0	0.9588064912907194	HIGH	AG	GT	CANONICAL	CANONICAL	1155	0	0.0	0	0
GCA_040543055.1	ASM4054305v1	Ovis aries	Ovis aries	Chromosome	ok	exon_4	4	213	0.8732394366197183	0.8779342723004695	0.8732394366197183	0.8978494623655914	0.0	186	186	187	167	19	71762305.0	71762490.0	0.9174201120702711	HIGH			NA	NA	386	0	0.0	0	0
GCA_040543055.1	ASM4054305v1	Ovis aries	Ovis aries	Chromosome	ok	exon_5	5	124	0.9919354838709677	0.9919354838709677	0.9919354838709677	0.8943089430894309	0.0	123	123	123	110	13	71758833.0	71758955.0	0.9699482035142932	HIGH	GA	GC	NONCANONICAL	CANONICAL	323	0	0.0	0	0
GCA_040543055.1	ASM4054305v1	Ovis aries	Ovis aries	Chromosome	ok	exon_6	6	1115	0.9524663677130045	0.9847533632286996	0.9524663677130045	0.871939736346516	0.0	1062	1062	1098	926	136	71756948.0	71758011.0	0.946594799557481	HIGH	AG		CANONICAL	NA	1264	0	0.0	0	0
GCA_040805955.1	T2T-sheep1.0	Ovis aries	Ovis aries	Complete Genome	ok	exon_1	1	194	0.9432989690721649	0.9690721649484536	0.9432989690721649	0.8524590163934426	0.0	183	183	188	156	27	26226582.0	26226768.0	0.9375992901808349	HIGH		CC	NA	NONCANONICAL	387	0	0.0	0	0
GCA_040805955.1	T2T-sheep1.0	Ovis aries	Ovis aries	Complete Genome	ok	exon_2	2	304	0.993421052631579	1.0	0.993421052631579	0.8940397350993378	0.0	302	302	304	270	32	26229420.0	26229722.0	0.970549407459045	HIGH	AG	GT	CANONICAL	CANONICAL	503	0	0.0	0	0
GCA_040805955.1	T2T-sheep1.0	Ovis aries	Ovis aries	Complete Genome	ok	exon_3	3	837	0.959378733572282	0.98805256869773	0.959378733572282	0.8854296388542964	0.0	803	803	827	711	92	26232061.0	26233023.0	0.9530778398211011	HIGH	AG	GT	CANONICAL	CANONICAL	1163	0	0.0	0	0
GCA_040805955.1	T2T-sheep1.0	Ovis aries	Ovis aries	Complete Genome	ok	exon_4	4	213	0.8732394366197183	0.8779342723004695	0.8732394366197183	0.8978494623655914	0.0	186	186	187	167	19	26240784.0	26240969.0	0.9174201120702711	HIGH			NA	NA	386	0	0.0	0	0
GCA_040805955.1	T2T-sheep1.0	Ovis aries	Ovis aries	Complete Genome	ok	exon_5	5	124	0.9919354838709677	0.9919354838709677	0.9919354838709677	0.9024390243902439	0.0	123	123	123	111	12	26244322.0	26244444.0	0.9719807238394965	HIGH	GA	GC	NONCANONICAL	CANONICAL	323	0	0.0	0	0
GCA_040805955.1	T2T-sheep1.0	Ovis aries	Ovis aries	Complete Genome	ok	exon_6	6	1115	0.9524663677130045	0.9847533632286996	0.9524663677130045	0.8700564971751412	0.0	1062	1062	1098	924	138	26245266.0	26246329.0	0.9461239897646374	HIGH	AG		CANONICAL	NA	1264	0	0.0	0	0
GCA_040806595.1	T2T-goat1.0	Capra hircus	Capra hircus	Complete Genome	ok	exon_1	1	194	0.9432989690721649	0.9690721649484536	0.9432989690721649	0.8469945355191257	0.0	183	183	188	155	28	28561350.0	28561536.0	0.9362331699622557	HIGH		CC	NA	NONCANONICAL	387	0	0.0	0	0
GCA_040806595.1	T2T-goat1.0	Capra hircus	Capra hircus	Complete Genome	ok	exon_2	2	304	1.0	1.0	1.0	0.8947368421052632	0.0	304	304	304	272	32	28564186.0	28564490.0	0.9736842105263158	HIGH	AG	GT	CANONICAL	CANONICAL	505	0	0.0	0	0
GCA_040806595.1	T2T-goat1.0	Capra hircus	Capra hircus	Complete Genome	ok	exon_3	3	837	0.96415770609319	0.992831541218638	0.96415770609319	0.8822800495662949	0.0	807	807	831	712	95	28566851.0	28567807.0	0.9544409801335093	HIGH	AG	GT	CANONICAL	CANONICAL	1157	0	0.0	0	0
GCA_040806595.1	T2T-goat1.0	Capra hircus	Capra hircus	Complete Genome	ok	exon_4	4	213	0.9953051643192489	1.0	0.9953051643192489	0.8962264150943396	0.0	212	212	213	190	22	28574810.0	28575749.0	0.9719439277172469	HIGH	AG	GT	CANONICAL	CANONICAL	1140	0	0.0	0	0
GCA_040806595.1	T2T-goat1.0	Capra hircus	Capra hircus	Complete Genome	ok	exon_5	5	124	0.9919354838709677	0.9919354838709677	0.9919354838709677	0.9024390243902439	0.0	123	123	123	111	12	28579160.0	28579282.0	0.9719807238394965	HIGH	GA	GC	NONCANONICAL	CANONICAL	323	0	0.0	0	0
GCA_040806595.1	T2T-goat1.0	Capra hircus	Capra hircus	Complete Genome	ok	exon_6	6	1115	0.9533632286995516	0.9847533632286996	0.9533632286995516	0.8692380056444027	0.0	1063	1063	1098	924	139	28580106.0	28581170.0	0.9463229543258989	HIGH	AG		CANONICAL	NA	1265	0	0.0	0	0
GCA_040822015.1	ASM4082201v1	Capra hircus	Capra hircus	Chromosome	ok	exon_1	1	194	0.9432989690721649	0.9690721649484536	0.9432989690721649	0.8469945355191257	0.0	183	183	188	155	28	70392470.0	70392656.0	0.9362331699622557	HIGH		CC	NA	NONCANONICAL	387	0	0.0	0	0
GCA_040822015.1	ASM4082201v1	Capra hircus	Capra hircus	Chromosome	ok	exon_2	2	304	1.0	1.0	1.0	0.8947368421052632	0.0	304	304	304	272	32	70389515.0	70389819.0	0.9736842105263158	HIGH	AG	GT	CANONICAL	CANONICAL	505	0	0.0	0	0
GCA_040822015.1	ASM4082201v1	Capra hircus	Capra hircus	Chromosome	ok	exon_3	3	837	0.96415770609319	0.992831541218638	0.96415770609319	0.8835192069392813	0.0	807	807	831	713	94	70386200.0	70387156.0	0.9547507694767559	HIGH	AG	GT	CANONICAL	CANONICAL	1157	0	0.0	0	0
GCA_040822015.1	ASM4082201v1	Capra hircus	Capra hircus	Chromosome	ok	exon_4	4	213	0.9953051643192489	1.0	0.9953051643192489	0.8962264150943396	0.0	212	212	213	190	22	70378260.0	70379199.0	0.9719439277172469	HIGH	AG	GT	CANONICAL	CANONICAL	1140	0	0.0	0	0
GCA_040822015.1	ASM4082201v1	Capra hircus	Capra hircus	Chromosome	ok	exon_5	5	124	0.9919354838709677	0.9919354838709677	0.9919354838709677	0.9105691056910569	0.0	123	123	123	112	11	70374737.0	70374859.0	0.9740132441646998	HIGH	GA	GC	NONCANONICAL	CANONICAL	323	0	0.0	0	0
GCA_040822015.1	ASM4082201v1	Capra hircus	Capra hircus	Chromosome	ok	exon_6	6	1115	0.9533632286995516	0.9847533632286996	0.9533632286995516	0.8701787394167451	0.0	1063	1063	1098	925	138	70372849.0	70373913.0	0.9465581377689845	HIGH	AG		CANONICAL	NA	1265	0	0.0	0	0
GCA_040970035.1	T2T-goat2.0M	Capra hircus	Capra hircus	Chromosome	ok	exon_1	1	194	0.9432989690721649	0.9690721649484536	0.9432989690721649	0.8469945355191257	0.0	183	183	188	155	28	25986674.0	25986860.0	0.9362331699622557	HIGH		CC	NA	NONCANONICAL	387	0	0.0	0	0
GCA_040970035.1	T2T-goat2.0M	Capra hircus	Capra hircus	Chromosome	ok	exon_2	2	304	1.0	1.0	1.0	0.8947368421052632	0.0	304	304	304	272	32	25989510.0	25989814.0	0.9736842105263158	HIGH	AG	GT	CANONICAL	CANONICAL	505	0	0.0	0	0
GCA_040970035.1	T2T-goat2.0M	Capra hircus	Capra hircus	Chromosome	ok	exon_3	3	837	0.96415770609319	0.992831541218638	0.96415770609319	0.8822800495662949	0.0	807	807	831	712	95	25992175.0	25993131.0	0.9544409801335093	HIGH	AG	GT	CANONICAL	CANONICAL	1157	0	0.0	0	0
GCA_040970035.1	T2T-goat2.0M	Capra hircus	Capra hircus	Chromosome	ok	exon_4	4	213	0.9953051643192489	1.0	0.9953051643192489	0.8962264150943396	0.0	212	212	213	190	22	26000134.0	26001073.0	0.9719439277172469	HIGH	AG	GT	CANONICAL	CANONICAL	1140	0	0.0	0	0
GCA_040970035.1	T2T-goat2.0M	Capra hircus	Capra hircus	Chromosome	ok	exon_5	5	124	0.9919354838709677	0.9919354838709677	0.9919354838709677	0.9024390243902439	0.0	123	123	123	111	12	26004484.0	26004606.0	0.9719807238394965	HIGH	GA	GC	NONCANONICAL	CANONICAL	323	0	0.0	0	0
GCA_040970035.1	T2T-goat2.0M	Capra hircus	Capra hircus	Chromosome	ok	exon_6	6	1115	0.9533632286995516	0.9847533632286996	0.9533632286995516	0.8692380056444027	0.0	1063	1063	1098	924	139	26005430.0	26006494.0	0.9463229543258989	HIGH	AG		CANONICAL	NA	1265	0	0.0	0	0
GCA_041053135.1	T2T-goat2.0P	Capra hircus	Capra hircus	Chromosome	ok	exon_1	1	194	0.9432989690721649	0.9690721649484536	0.9432989690721649	0.8469945355191257	0.0	183	183	188	155	28	26586889.0	26587075.0	0.9362331699622557	HIGH		CC	NA	NONCANONICAL	387	0	0.0	0	0
GCA_041053135.1	T2T-goat2.0P	Capra hircus	Capra hircus	Chromosome	ok	exon_2	2	304	1.0	1.0	1.0	0.8947368421052632	0.0	304	304	304	272	32	26589726.0	26590030.0	0.9736842105263158	HIGH	AG	GT	CANONICAL	CANONICAL	505	0	0.0	0	0
GCA_041053135.1	T2T-goat2.0P	Capra hircus	Capra hircus	Chromosome	ok	exon_3	3	837	0.96415770609319	0.992831541218638	0.96415770609319	0.8822800495662949	0.0	807	807	831	712	95	26592392.0	26593348.0	0.9544409801335093	HIGH	AG	GT	CANONICAL	CANONICAL	1157	0	0.0	0	0
GCA_041053135.1	T2T-goat2.0P	Capra hircus	Capra hircus	Chromosome	ok	exon_4	4	213	0.9953051643192489	1.0	0.9953051643192489	0.8962264150943396	0.0	212	212	213	190	22	26600346.0	26601285.0	0.9719439277172469	HIGH	AG	GT	CANONICAL	CANONICAL	1140	0	0.0	0	0
GCA_041053135.1	T2T-goat2.0P	Capra hircus	Capra hircus	Chromosome	ok	exon_5	5	124	0.9919354838709677	0.9919354838709677	0.9919354838709677	0.9105691056910569	0.0	123	123	123	112	11	26604697.0	26604819.0	0.9740132441646998	HIGH	GA	GC	NONCANONICAL	CANONICAL	323	0	0.0	0	0
GCA_041053135.1	T2T-goat2.0P	Capra hircus	Capra hircus	Chromosome	ok	exon_6	6	1115	0.9533632286995516	0.9847533632286996	0.9533632286995516	0.8692380056444027	0.0	1063	1063	1098	924	139	26605642.0	26606706.0	0.9463229543258989	HIGH	AG		CANONICAL	NA	1265	0	0.0	0	0
GCA_041735815.1	T2T-goat2.0	Capra hircus	Capra hircus	Complete Genome	ok	exon_1	1	194	0.9432989690721649	0.9690721649484536	0.9432989690721649	0.8469945355191257	0.0	183	183	188	155	28	28561350.0	28561536.0	0.9362331699622557	HIGH		CC	NA	NONCANONICAL	387	0	0.0	0	0
GCA_041735815.1	T2T-goat2.0	Capra hircus	Capra hircus	Complete Genome	ok	exon_2	2	304	1.0	1.0	1.0	0.8947368421052632	0.0	304	304	304	272	32	28564186.0	28564490.0	0.9736842105263158	HIGH	AG	GT	CANONICAL	CANONICAL	505	0	0.0	0	0
GCA_041735815.1	T2T-goat2.0	Capra hircus	Capra hircus	Complete Genome	ok	exon_3	3	837	0.96415770609319	0.992831541218638	0.96415770609319	0.8822800495662949	0.0	807	807	831	712	95	28566851.0	28567807.0	0.9544409801335093	HIGH	AG	GT	CANONICAL	CANONICAL	1157	0	0.0	0	0
GCA_041735815.1	T2T-goat2.0	Capra hircus	Capra hircus	Complete Genome	ok	exon_4	4	213	0.9953051643192489	1.0	0.9953051643192489	0.8962264150943396	0.0	212	212	213	190	22	28574810.0	28575749.0	0.9719439277172469	HIGH	AG	GT	CANONICAL	CANONICAL	1140	0	0.0	0	0
GCA_041735815.1	T2T-goat2.0	Capra hircus	Capra hircus	Complete Genome	ok	exon_5	5	124	0.9919354838709677	0.9919354838709677	0.9919354838709677	0.9024390243902439	0.0	123	123	123	111	12	28579160.0	28579282.0	0.9719807238394965	HIGH	GA	GC	NONCANONICAL	CANONICAL	323	0	0.0	0	0
GCA_041735815.1	T2T-goat2.0	Capra hircus	Capra hircus	Complete Genome	ok	exon_6	6	1115	0.9533632286995516	0.9847533632286996	0.9533632286995516	0.8692380056444027	0.0	1063	1063	1098	924	139	28580106.0	28581170.0	0.9463229543258989	HIGH	AG		CANONICAL	NA	1265	0	0.0	0	0
GCA_041736475.1	T2T-goat1.0M	Capra hircus	Capra hircus	Chromosome	ok	exon_1	1	194	0.9432989690721649	0.9690721649484536	0.9432989690721649	0.8469945355191257	0.0	183	183	188	155	28	25986674.0	25986860.0	0.9362331699622557	HIGH		CC	NA	NONCANONICAL	387	0	0.0	0	0
GCA_041736475.1	T2T-goat1.0M	Capra hircus	Capra hircus	Chromosome	ok	exon_2	2	304	1.0	1.0	1.0	0.8947368421052632	0.0	304	304	304	272	32	25989510.0	25989814.0	0.9736842105263158	HIGH	AG	GT	CANONICAL	CANONICAL	505	0	0.0	0	0
GCA_041736475.1	T2T-goat1.0M	Capra hircus	Capra hircus	Chromosome	ok	exon_3	3	837	0.96415770609319	0.992831541218638	0.96415770609319	0.8822800495662949	0.0	807	807	831	712	95	25992175.0	25993131.0	0.9544409801335093	HIGH	AG	GT	CANONICAL	CANONICAL	1157	0	0.0	0	0
GCA_041736475.1	T2T-goat1.0M	Capra hircus	Capra hircus	Chromosome	ok	exon_4	4	213	0.9953051643192489	1.0	0.9953051643192489	0.8962264150943396	0.0	212	212	213	190	22	26000134.0	26001073.0	0.9719439277172469	HIGH	AG	GT	CANONICAL	CANONICAL	1140	0	0.0	0	0
GCA_041736475.1	T2T-goat1.0M	Capra hircus	Capra hircus	Chromosome	ok	exon_5	5	124	0.9919354838709677	0.9919354838709677	0.9919354838709677	0.9024390243902439	0.0	123	123	123	111	12	26004484.0	26004606.0	0.9719807238394965	HIGH	GA	GC	NONCANONICAL	CANONICAL	323	0	0.0	0	0
GCA_041736475.1	T2T-goat1.0M	Capra hircus	Capra hircus	Chromosome	ok	exon_6	6	1115	0.9533632286995516	0.9847533632286996	0.9533632286995516	0.8692380056444027	0.0	1063	1063	1098	924	139	26005430.0	26006494.0	0.9463229543258989	HIGH	AG		CANONICAL	NA	1265	0	0.0	0	0
GCA_041920685.1	T2T-goat1.0P	Capra hircus	Capra hircus	Chromosome	ok	exon_1	1	194	0.9432989690721649	0.9690721649484536	0.9432989690721649	0.8469945355191257	0.0	183	183	188	155	28	26586889.0	26587075.0	0.9362331699622557	HIGH		CC	NA	NONCANONICAL	387	0	0.0	0	0
GCA_041920685.1	T2T-goat1.0P	Capra hircus	Capra hircus	Chromosome	ok	exon_2	2	304	1.0	1.0	1.0	0.8947368421052632	0.0	304	304	304	272	32	26589726.0	26590030.0	0.9736842105263158	HIGH	AG	GT	CANONICAL	CANONICAL	505	0	0.0	0	0
GCA_041920685.1	T2T-goat1.0P	Capra hircus	Capra hircus	Chromosome	ok	exon_3	3	837	0.96415770609319	0.992831541218638	0.96415770609319	0.8822800495662949	0.0	807	807	831	712	95	26592392.0	26593348.0	0.9544409801335093	HIGH	AG	GT	CANONICAL	CANONICAL	1157	0	0.0	0	0
GCA_041920685.1	T2T-goat1.0P	Capra hircus	Capra hircus	Chromosome	ok	exon_4	4	213	0.9953051643192489	1.0	0.9953051643192489	0.8962264150943396	0.0	212	212	213	190	22	26600346.0	26601285.0	0.9719439277172469	HIGH	AG	GT	CANONICAL	CANONICAL	1140	0	0.0	0	0
GCA_041920685.1	T2T-goat1.0P	Capra hircus	Capra hircus	Chromosome	ok	exon_5	5	124	0.9919354838709677	0.9919354838709677	0.9919354838709677	0.9105691056910569	0.0	123	123	123	112	11	26604697.0	26604819.0	0.9740132441646998	HIGH	GA	GC	NONCANONICAL	CANONICAL	323	0	0.0	0	0
GCA_041920685.1	T2T-goat1.0P	Capra hircus	Capra hircus	Chromosome	ok	exon_6	6	1115	0.9533632286995516	0.9847533632286996	0.9533632286995516	0.8692380056444027	0.0	1063	1063	1098	924	139	26605642.0	26606706.0	0.9463229543258989	HIGH	AG		CANONICAL	NA	1265	0	0.0	0	0
GCA_042477335.2	ARS-UI_OviCan_v2	Ovis canadensis	Ovis canadensis	Chromosome	ok	exon_1	1	194	0.9432989690721649	0.9690721649484536	0.9432989690721649	0.8524590163934426	0.0	183	183	188	156	27	31749274.0	31749460.0	0.9375992901808349	HIGH		CC	NA	NONCANONICAL	387	0	0.0	0	0
GCA_042477335.2	ARS-UI_OviCan_v2	Ovis canadensis	Ovis canadensis	Chromosome	ok	exon_2	2	304	0.993421052631579	1.0	0.993421052631579	0.890728476821192	0.0	302	302	304	269	33	31752111.0	31752413.0	0.9697215928895087	HIGH	AG	GT	CANONICAL	CANONICAL	503	0	0.0	0	0
GCA_042477335.2	ARS-UI_OviCan_v2	Ovis canadensis	Ovis canadensis	Chromosome	ok	exon_3	3	837	0.959378733572282	0.98805256869773	0.959378733572282	0.8854296388542964	0.0	803	803	827	711	92	31754763.0	31755725.0	0.9530778398211011	HIGH	AG	GT	CANONICAL	CANONICAL	1163	0	0.0	0	0
GCA_042477335.2	ARS-UI_OviCan_v2	Ovis canadensis	Ovis canadensis	Chromosome	ok	exon_4	4	213	0.8732394366197183	0.8779342723004695	0.8732394366197183	0.8924731182795699	0.0	186	186	187	166	20	31763485.0	31763670.0	0.9160760260487657	HIGH			NA	NA	386	0	0.0	0	0
GCA_042477335.2	ARS-UI_OviCan_v2	Ovis canadensis	Ovis canadensis	Chromosome	ok	exon_5	5	124	0.9919354838709677	0.9919354838709677	0.9919354838709677	0.9024390243902439	0.0	123	123	123	111	12	31767019.0	31767141.0	0.9719807238394965	HIGH	GA	GC	NONCANONICAL	CANONICAL	323	0	0.0	0	0
GCA_042477335.2	ARS-UI_OviCan_v2	Ovis canadensis	Ovis canadensis	Chromosome	ok	exon_6	6	1115	0.9515695067264573	0.9847533632286996	0.9515695067264573	0.8727615457115928	0.0	1061	1061	1098	926	135	31767963.0	31769025.0	0.9463966644548041	HIGH	AG		CANONICAL	NA	1263	0	0.0	0	0
GCA_042767535.1	mOdoHem1.0.a	Odocoileus hemionus	Odocoileus hemionus	Scaffold	ok	exon_1	1	194	0.979381443298969	0.979381443298969	0.979381443298969	0.8736842105263158	0.0	190	190	190	166	24	34881412.0	34881601.0	0.9591427021161151	HIGH		CC	NA	NONCANONICAL	390	0	0.0	0	0
GCA_042767535.1	mOdoHem1.0.a	Odocoileus hemionus	Odocoileus hemionus	Scaffold	ok	exon_2	2	304	0.9736842105263158	1.0	0.9736842105263158	0.9155405405405406	0.0	296	296	304	271	25	34884243.0	34885361.0	0.9670430298719773	HIGH	AG	GT	CANONICAL	CANONICAL	1319	0	0.0	0	0
GCA_042767535.1	mOdoHem1.0.a	Odocoileus hemionus	Odocoileus hemionus	Scaffold	ok	exon_3	3	837	0.980884109916368	1.0	0.980884109916368	0.8842874543239951	0.0	821	821	837	726	95	34887740.0	34888838.0	0.9624697130433644	HIGH	AG	GT	CANONICAL	CANONICAL	1299	0	0.0	0	0
GCA_042767535.1	mOdoHem1.0.a	Odocoileus hemionus	Odocoileus hemionus	Scaffold	ok	exon_4	4	213	0.8732394366197183	0.8779342723004695	0.8732394366197183	0.8817204301075269	0.0	186	186	187	164	22	34896463.0	34896648.0	0.913387854005755	HIGH			NA	NA	386	0	0.0	0	0
GCA_042767535.1	mOdoHem1.0.a	Odocoileus hemionus	Odocoileus hemionus	Scaffold	ok	exon_5	5	124	0.9919354838709677	0.9919354838709677	0.9919354838709677	0.8861788617886179	0.0	123	123	123	109	14	34899635.0	34899757.0	0.96791568318909	HIGH	GA	GT	NONCANONICAL	CANONICAL	323	0	0.0	0	0
GCA_042767535.1	mOdoHem1.0.a	Odocoileus hemionus	Odocoileus hemionus	Scaffold	ok	exon_6	6	1115	0.9479820627802691	1.0	0.9479820627802691	0.8741721854304636	0.0	1057	1057	1115	924	133	34900563.0	34901619.0	0.945134974608737	HIGH	AG		CANONICAL	NA	1257	0	0.0	0	0
GCA_042835985.1	ASM4283598v1	Capra hircus	Capra hircus	Chromosome	ok	exon_1	1	194	0.9432989690721649	0.9690721649484536	0.9432989690721649	0.8469945355191257	0.0	183	183	188	155	28	21011843.0	21012029.0	0.9362331699622557	HIGH		CC	NA	NONCANONICAL	387	0	0.0	0	0
GCA_042835985.1	ASM4283598v1	Capra hircus	Capra hircus	Chromosome	ok	exon_2	2	304	1.0	1.0	1.0	0.8947368421052632	0.0	304	304	304	272	32	21014681.0	21014985.0	0.9736842105263158	HIGH	AG	GT	CANONICAL	CANONICAL	505	0	0.0	0	0
GCA_042835985.1	ASM4283598v1	Capra hircus	Capra hircus	Chromosome	ok	exon_3	3	837	0.96415770609319	0.992831541218638	0.96415770609319	0.8835192069392813	0.0	807	807	831	713	94	21017354.0	21018310.0	0.9547507694767559	HIGH	AG	GT	CANONICAL	CANONICAL	1157	0	0.0	0	0
GCA_042835985.1	ASM4283598v1	Capra hircus	Capra hircus	Chromosome	ok	exon_4	4	213	0.9953051643192489	1.0	0.9953051643192489	0.8962264150943396	0.0	212	212	213	190	22	21025313.0	21026252.0	0.9719439277172469	HIGH	AG	GT	CANONICAL	CANONICAL	1140	0	0.0	0	0
GCA_042835985.1	ASM4283598v1	Capra hircus	Capra hircus	Chromosome	ok	exon_5	5	124	0.9919354838709677	0.9919354838709677	0.9919354838709677	0.9105691056910569	0.0	123	123	123	112	11	21029664.0	21029786.0	0.9740132441646998	HIGH	GA	GC	NONCANONICAL	CANONICAL	323	0	0.0	0	0
GCA_042835985.1	ASM4283598v1	Capra hircus	Capra hircus	Chromosome	ok	exon_6	6	1115	0.9533632286995516	0.9847533632286996	0.9533632286995516	0.8692380056444027	0.0	1063	1063	1098	924	139	21030610.0	21031674.0	0.9463229543258989	HIGH	AG		CANONICAL	NA	1265	0	0.0	0	0
GCA_043882115.1	ASM4388211v1	Bos taurus	Bos taurus	Chromosome	ok	exon_1	1	194	0.8917525773195877	0.8969072164948454	0.8917525773195877	0.8728323699421965	0.0	173	173	174	151	22	70814012.0	70814184.0	0.9194967522793636	HIGH			NA	NA	373	0	0.0	0	0
GCA_043882115.1	ASM4388211v1	Bos taurus	Bos taurus	Chromosome	ok	exon_2	2	304	1.0	1.0	1.0	0.9078947368421053	0.0	304	304	304	276	28	70811053.0	70811356.0	0.9769736842105263	HIGH	AG	GT	CANONICAL	CANONICAL	504	0	0.0	0	0
GCA_043882115.1	ASM4388211v1	Bos taurus	Bos taurus	Chromosome	ok	exon_3	3	837	0.946236559139785	0.966547192353644	0.946236559139785	0.8825757575757576	0.0	792	792	809	699	93	70807410.0	70808201.0	0.9464503910068427	HIGH	AG	AC	CANONICAL	NONCANONICAL	992	0	0.0	0	0
GCA_043882115.1	ASM4388211v1	Bos taurus	Bos taurus	Chromosome	ok	exon_4	4	213	0.9953051643192489	1.0	0.9953051643192489	0.9056603773584906	0.0	212	212	213	192	20	70799124.0	70800063.0	0.9743024182832847	HIGH	AG	GT	CANONICAL	CANONICAL	1140	0	0.0	0	0
GCA_043882115.1	ASM4388211v1	Bos taurus	Bos taurus	Chromosome	ok	exon_5	5	124	0.9919354838709677	0.9919354838709677	0.9919354838709677	0.9024390243902439	0.0	123	123	123	111	12	70796202.0	70796324.0	0.9719807238394965	HIGH	GA	GT	NONCANONICAL	CANONICAL	323	0	0.0	0	0
GCA_043882115.1	ASM4388211v1	Bos taurus	Bos taurus	Chromosome	ok	exon_6	6	1115	0.9641255605381166	1.0	0.9641255605381166	0.8762790697674419	0.0	1075	1075	1115	942	133	70794302.0	70795377.0	0.9529262696840131	HIGH	AG		CANONICAL	NA	1276	0	0.0	0	0
GCA_044231825.1	ASM4423182v1	Addax nasomaculatus	Addax nasomaculatus	Chromosome	ok	exon_1	1	194	0.9432989690721649	0.9690721649484536	0.9432989690721649	0.8688524590163934	0.0	183	183	188	159	24	22230294.0	22230477.0	0.9416976508365726	HIGH		CC	NA	NONCANONICAL	384	0	0.0	0	0
GCA_044231825.1	ASM4423182v1	Addax nasomaculatus	Addax nasomaculatus	Chromosome	ok	exon_2	2	304	1.0	1.0	1.0	0.8914473684210527	0.0	304	304	304	271	33	22233115.0	22233419.0	0.9728618421052633	HIGH	AG	GT	CANONICAL	CANONICAL	505	0	0.0	0	0
GCA_044231825.1	ASM4423182v1	Addax nasomaculatus	Addax nasomaculatus	Chromosome	ok	exon_3	3	837	0.9713261648745519	0.992831541218638	0.9713261648745519	0.8880688806888068	0.0	813	813	831	722	91	22235791.0	22236747.0	0.9591139943657501	HIGH	AG	GT	CANONICAL	CANONICAL	1157	0	0.0	0	0
GCA_044231825.1	ASM4423182v1	Addax nasomaculatus	Addax nasomaculatus	Chromosome	ok	exon_4	4	213	0.8732394366197183	0.8779342723004695	0.8732394366197183	0.9032258064516129	0.0	186	186	187	168	18	22244534.0	22244720.0	0.9187641980917765	HIGH			NA	NA	387	0	0.0	0	0
GCA_044231825.1	ASM4423182v1	Addax nasomaculatus	Addax nasomaculatus	Chromosome	ok	exon_5	5	124	0.9919354838709677	0.9919354838709677	0.9919354838709677	0.8943089430894309	0.0	123	123	123	110	13	22248076.0	22248198.0	0.9699482035142932	HIGH	GA	GT	NONCANONICAL	CANONICAL	323	0	0.0	0	0
GCA_044231825.1	ASM4423182v1	Addax nasomaculatus	Addax nasomaculatus	Chromosome	ok	exon_6	6	1115	0.9533632286995516	0.9847533632286996	0.9533632286995516	0.8720602069614299	0.0	1063	1063	1098	927	136	22249015.0	22250080.0	0.9470285046551558	HIGH	AG		CANONICAL	NA	1266	0	0.0	0	0
GCA_044509215.1	ASM4450921v1	Capra hircus	Capra hircus	Chromosome	ok	exon_1	1	194	0.9432989690721649	0.9690721649484536	0.9432989690721649	0.8469945355191257	0.0	183	183	188	155	28	21504565.0	21504751.0	0.9362331699622557	HIGH		CC	NA	NONCANONICAL	387	0	0.0	0	0
GCA_044509215.1	ASM4450921v1	Capra hircus	Capra hircus	Chromosome	ok	exon_2	2	304	1.0	1.0	1.0	0.8947368421052632	0.0	304	304	304	272	32	21507402.0	21507706.0	0.9736842105263158	HIGH	AG	GT	CANONICAL	CANONICAL	505	0	0.0	0	0
GCA_044509215.1	ASM4450921v1	Capra hircus	Capra hircus	Chromosome	ok	exon_3	3	837	0.96415770609319	0.992831541218638	0.96415770609319	0.8822800495662949	0.0	807	807	831	712	95	21510068.0	21511024.0	0.9544409801335093	HIGH	AG	GT	CANONICAL	CANONICAL	1157	0	0.0	0	0
GCA_044509215.1	ASM4450921v1	Capra hircus	Capra hircus	Chromosome	ok	exon_4	4	213	0.9953051643192489	1.0	0.9953051643192489	0.8962264150943396	0.0	212	212	213	190	22	21518022.0	21518961.0	0.9719439277172469	HIGH	AG	GT	CANONICAL	CANONICAL	1140	0	0.0	0	0
GCA_044509215.1	ASM4450921v1	Capra hircus	Capra hircus	Chromosome	ok	exon_5	5	124	0.9919354838709677	0.9919354838709677	0.9919354838709677	0.9105691056910569	0.0	123	123	123	112	11	21522374.0	21522496.0	0.9740132441646998	HIGH	GA	GC	NONCANONICAL	CANONICAL	323	0	0.0	0	0
GCA_044509215.1	ASM4450921v1	Capra hircus	Capra hircus	Chromosome	ok	exon_6	6	1115	0.9533632286995516	0.9847533632286996	0.9533632286995516	0.8692380056444027	0.0	1063	1063	1098	924	139	21523319.0	21524383.0	0.9463229543258989	HIGH	AG		CANONICAL	NA	1265	0	0.0	0	0
GCA_044587905.1	ASM4458790v1	Capra hircus	Capra hircus	Chromosome	ok	exon_1	1	194	0.9432989690721649	0.9690721649484536	0.9432989690721649	0.8469945355191257	0.0	183	183	188	155	28	21273765.0	21273951.0	0.9362331699622557	HIGH		CC	NA	NONCANONICAL	387	0	0.0	0	0
GCA_044587905.1	ASM4458790v1	Capra hircus	Capra hircus	Chromosome	ok	exon_2	2	304	1.0	1.0	1.0	0.8947368421052632	0.0	304	304	304	272	32	21276602.0	21276906.0	0.9736842105263158	HIGH	AG	GT	CANONICAL	CANONICAL	505	0	0.0	0	0
GCA_044587905.1	ASM4458790v1	Capra hircus	Capra hircus	Chromosome	ok	exon_3	3	837	0.9629629629629629	0.992831541218638	0.9629629629629629	0.8833746898263027	0.0	806	806	831	712	94	21279271.0	21280226.0	0.954177005789909	HIGH	AG	GT	CANONICAL	CANONICAL	1156	0	0.0	0	0
GCA_044587905.1	ASM4458790v1	Capra hircus	Capra hircus	Chromosome	ok	exon_4	4	213	0.9953051643192489	1.0	0.9953051643192489	0.8962264150943396	0.0	212	212	213	190	22	21287227.0	21288166.0	0.9719439277172469	HIGH	AG	GT	CANONICAL	CANONICAL	1140	0	0.0	0	0
GCA_044587905.1	ASM4458790v1	Capra hircus	Capra hircus	Chromosome	ok	exon_5	5	124	0.9919354838709677	0.9919354838709677	0.9919354838709677	0.8943089430894309	0.0	123	123	123	110	13	21291573.0	21291695.0	0.9699482035142932	HIGH	GA	GC	NONCANONICAL	CANONICAL	323	0	0.0	0	0
GCA_044587905.1	ASM4458790v1	Capra hircus	Capra hircus	Chromosome	ok	exon_6	6	1115	0.9533632286995516	0.9847533632286996	0.9533632286995516	0.8682972718720602	0.0	1063	1063	1098	923	140	21292519.0	21293583.0	0.9460877708828133	HIGH	AG		CANONICAL	NA	1265	0	0.0	0	0
GCA_044587935.1	ASM4458793v1	Capra hircus	Capra hircus	Chromosome	ok	exon_1	1	194	0.9432989690721649	0.9690721649484536	0.9432989690721649	0.8469945355191257	0.0	183	183	188	155	28	21095463.0	21095649.0	0.9362331699622557	HIGH		CC	NA	NONCANONICAL	387	0	0.0	0	0
GCA_044587935.1	ASM4458793v1	Capra hircus	Capra hircus	Chromosome	ok	exon_2	2	304	1.0	1.0	1.0	0.8947368421052632	0.0	304	304	304	272	32	21098300.0	21098604.0	0.9736842105263158	HIGH	AG	GT	CANONICAL	CANONICAL	505	0	0.0	0	0
GCA_044587935.1	ASM4458793v1	Capra hircus	Capra hircus	Chromosome	ok	exon_3	3	837	0.96415770609319	0.992831541218638	0.96415770609319	0.8822800495662949	0.0	807	807	831	712	95	21100966.0	21101922.0	0.9544409801335093	HIGH	AG	GT	CANONICAL	CANONICAL	1157	0	0.0	0	0
GCA_044587935.1	ASM4458793v1	Capra hircus	Capra hircus	Chromosome	ok	exon_4	4	213	0.9953051643192489	1.0	0.9953051643192489	0.8962264150943396	0.0	212	212	213	190	22	21108918.0	21109857.0	0.9719439277172469	HIGH	AG	GT	CANONICAL	CANONICAL	1140	0	0.0	0	0
GCA_044587935.1	ASM4458793v1	Capra hircus	Capra hircus	Chromosome	ok	exon_5	5	124	0.9919354838709677	0.9919354838709677	0.9919354838709677	0.9105691056910569	0.0	123	123	123	112	11	21113270.0	21113392.0	0.9740132441646998	HIGH	GA	GC	NONCANONICAL	CANONICAL	323	0	0.0	0	0
GCA_044587935.1	ASM4458793v1	Capra hircus	Capra hircus	Chromosome	ok	exon_6	6	1115	0.9533632286995516	0.9847533632286996	0.9533632286995516	0.8692380056444027	0.0	1063	1063	1098	924	139	21114215.0	21115279.0	0.9463229543258989	HIGH	AG		CANONICAL	NA	1265	0	0.0	0	0
GCA_044587945.1	ASM4458794v1	Capra hircus	Capra hircus	Chromosome	ok	exon_1	1	194	0.9432989690721649	0.9690721649484536	0.9432989690721649	0.8469945355191257	0.0	183	183	188	155	28	30567513.0	30567699.0	0.9362331699622557	HIGH		CC	NA	NONCANONICAL	387	0	0.0	0	0
GCA_044587945.1	ASM4458794v1	Capra hircus	Capra hircus	Chromosome	ok	exon_2	2	304	1.0	1.0	1.0	0.8947368421052632	0.0	304	304	304	272	32	30570349.0	30570653.0	0.9736842105263158	HIGH	AG	GT	CANONICAL	CANONICAL	505	0	0.0	0	0
GCA_044587945.1	ASM4458794v1	Capra hircus	Capra hircus	Chromosome	ok	exon_3	3	837	0.96415770609319	0.992831541218638	0.96415770609319	0.8835192069392813	0.0	807	807	831	713	94	30573016.0	30573972.0	0.9547507694767559	HIGH	AG	GT	CANONICAL	CANONICAL	1157	0	0.0	0	0
GCA_044587945.1	ASM4458794v1	Capra hircus	Capra hircus	Chromosome	ok	exon_4	4	213	0.9953051643192489	1.0	0.9953051643192489	0.8915094339622641	0.0	212	212	213	189	23	30580976.0	30581915.0	0.9707646824342281	HIGH	AG	GT	CANONICAL	CANONICAL	1140	0	0.0	0	0
GCA_044587945.1	ASM4458794v1	Capra hircus	Capra hircus	Chromosome	ok	exon_5	5	124	0.9919354838709677	0.9919354838709677	0.9919354838709677	0.9105691056910569	0.0	123	123	123	112	11	30585327.0	30585449.0	0.9740132441646998	HIGH	GA	GC	NONCANONICAL	CANONICAL	323	0	0.0	0	0
GCA_044587945.1	ASM4458794v1	Capra hircus	Capra hircus	Chromosome	ok	exon_6	6	1115	0.9533632286995516	0.9847533632286996	0.9533632286995516	0.8692380056444027	0.0	1063	1063	1098	924	139	30586273.0	30587337.0	0.9463229543258989	HIGH	AG		CANONICAL	NA	1265	0	0.0	0	0
GCA_044588015.1	ASM4458801v1	Capra hircus	Capra hircus	Chromosome	ok	exon_1	1	194	0.9432989690721649	0.9690721649484536	0.9432989690721649	0.8469945355191257	0.0	183	183	188	155	28	21296060.0	21296246.0	0.9362331699622557	HIGH		CC	NA	NONCANONICAL	387	0	0.0	0	0
GCA_044588015.1	ASM4458801v1	Capra hircus	Capra hircus	Chromosome	ok	exon_2	2	304	1.0	1.0	1.0	0.8947368421052632	0.0	304	304	304	272	32	21298897.0	21299201.0	0.9736842105263158	HIGH	AG	GT	CANONICAL	CANONICAL	505	0	0.0	0	0
GCA_044588015.1	ASM4458801v1	Capra hircus	Capra hircus	Chromosome	ok	exon_3	3	837	0.96415770609319	0.992831541218638	0.96415770609319	0.8822800495662949	0.0	807	807	831	712	95	21301562.0	21302518.0	0.9544409801335093	HIGH	AG	GT	CANONICAL	CANONICAL	1157	0	0.0	0	0
GCA_044588015.1	ASM4458801v1	Capra hircus	Capra hircus	Chromosome	ok	exon_4	4	213	0.9953051643192489	1.0	0.9953051643192489	0.8962264150943396	0.0	212	212	213	190	22	21309521.0	21310460.0	0.9719439277172469	HIGH	AG	GT	CANONICAL	CANONICAL	1140	0	0.0	0	0
GCA_044588015.1	ASM4458801v1	Capra hircus	Capra hircus	Chromosome	ok	exon_5	5	124	0.9919354838709677	0.9919354838709677	0.9919354838709677	0.9024390243902439	0.0	123	123	123	111	12	21313871.0	21313993.0	0.9719807238394965	HIGH	GA	GC	NONCANONICAL	CANONICAL	323	0	0.0	0	0
GCA_044588015.1	ASM4458801v1	Capra hircus	Capra hircus	Chromosome	ok	exon_6	6	1115	0.9533632286995516	0.9847533632286996	0.9533632286995516	0.8692380056444027	0.0	1063	1063	1098	924	139	21314817.0	21315881.0	0.9463229543258989	HIGH	AG		CANONICAL	NA	1265	0	0.0	0	0
GCA_045269445.1	NIPB_Tibetan_argali_1.0	Ovis ammon	Ovis ammon	Chromosome	ok	exon_1	1	194	0.9432989690721649	0.9690721649484536	0.9432989690721649	0.8524590163934426	0.0	183	183	188	156	27	70864040.0	70864226.0	0.9375992901808349	HIGH		CC	NA	NONCANONICAL	387	0	0.0	0	0
GCA_045269445.1	NIPB_Tibetan_argali_1.0	Ovis ammon	Ovis ammon	Chromosome	ok	exon_2	2	304	1.0	1.0	1.0	0.8947368421052632	0.0	304	304	304	272	32	70860587.0	70860891.0	0.9736842105263158	HIGH	AG	GT	CANONICAL	CANONICAL	505	0	0.0	0	0
GCA_045269445.1	NIPB_Tibetan_argali_1.0	Ovis ammon	Ovis ammon	Chromosome	ok	exon_3	3	837	0.9713261648745519	0.992831541218638	0.9713261648745519	0.8880688806888068	0.0	813	813	831	722	91	70857242.0	70858229.0	0.9591139943657501	HIGH	AG	GT	CANONICAL	CANONICAL	1188	0	0.0	0	0
GCA_045269445.1	NIPB_Tibetan_argali_1.0	Ovis ammon	Ovis ammon	Chromosome	ok	exon_4	4	213	0.8732394366197183	0.8779342723004695	0.8732394366197183	0.8978494623655914	0.0	186	186	187	167	19	70849296.0	70849481.0	0.9174201120702711	HIGH			NA	NA	386	0	0.0	0	0
GCA_045269445.1	NIPB_Tibetan_argali_1.0	Ovis ammon	Ovis ammon	Chromosome	ok	exon_5	5	124	0.9919354838709677	0.9919354838709677	0.9919354838709677	0.9024390243902439	0.0	123	123	123	111	12	70845825.0	70845947.0	0.9719807238394965	HIGH	GA	GC	NONCANONICAL	CANONICAL	323	0	0.0	0	0
GCA_045269445.1	NIPB_Tibetan_argali_1.0	Ovis ammon	Ovis ammon	Chromosome	ok	exon_6	6	1115	0.9524663677130045	0.9847533632286996	0.9524663677130045	0.871939736346516	0.0	1062	1062	1098	926	136	70843940.0	70845003.0	0.946594799557481	HIGH	AG		CANONICAL	NA	1264	0	0.0	0	0
GCA_046563475.2	NWIPB_Pralbi_1.0	Cervus albirostris	Cervus albirostris	Chromosome	ok	exon_1	1	194	0.9690721649484536	0.9690721649484536	0.9690721649484536	0.8829787234042553	0.0	188	188	188	166	22	28228682.0	28228869.0	0.9401604884112014	HIGH		CC	NA	NONCANONICAL	388	0	0.0	0	0
GCA_046563475.2	NWIPB_Pralbi_1.0	Cervus albirostris	Cervus albirostris	Chromosome	ok	exon_2	2	304	0.9703947368421053	0.9967105263157895	0.9703947368421053	0.911864406779661	0.0	295	295	303	269	26	28224901.0	28226017.0	0.947977066607196	HIGH	AG	AG	CANONICAL	NONCANONICAL	1317	0	0.0	0	0
GCA_046563475.2	NWIPB_Pralbi_1.0	Cervus albirostris	Cervus albirostris	Chromosome	ok	exon_3	3	837	0.980884109916368	1.0	0.980884109916368	0.8867235079171741	0.0	821	821	837	728	93	28221419.0	28222517.0	0.9464120597749925	HIGH	AG	GT	CANONICAL	CANONICAL	1299	0	0.0	0	0
GCA_046563475.2	NWIPB_Pralbi_1.0	Cervus albirostris	Cervus albirostris	Chromosome	ok	exon_4	4	213	0.0	0.0	0.0	0.0		0	0	0	0	0			0.23333333333333334	UNRESOLVED			NA	NA	0	0		0	0
GCA_046563475.2	NWIPB_Pralbi_1.0	Cervus albirostris	Cervus albirostris	Chromosome	ok	exon_5	5	124	0.9919354838709677	0.9919354838709677	0.9919354838709677	0.8943089430894309	0.0	123	123	123	110	13	28214677.0	28214799.0	0.9532815368476266	HIGH	GA	GT	NONCANONICAL	CANONICAL	323	0	0.0	0	0
GCA_046563475.2	NWIPB_Pralbi_1.0	Cervus albirostris	Cervus albirostris	Chromosome	ok	exon_6	6	1115	0.9551569506726457	1.0	0.9551569506726457	0.8732394366197183	0.0	1065	1065	1115	930	135	28212803.0	28213867.0	0.9314638202909535	HIGH	AG		CANONICAL	NA	1265	0	0.0	0	0
GCA_047652215.1	ASM4765221v1	Bos taurus	Bos taurus	Chromosome	ok	exon_1	1	194	0.8917525773195877	0.8969072164948454	0.8917525773195877	0.8728323699421965	0.0	173	173	174	151	22	35221276.0	35221448.0	0.9194967522793636	HIGH			NA	NA	373	0	0.0	0	0
GCA_047652215.1	ASM4765221v1	Bos taurus	Bos taurus	Chromosome	ok	exon_2	2	304	1.0	1.0	1.0	0.9078947368421053	0.0	304	304	304	276	28	35224101.0	35224404.0	0.9769736842105263	HIGH	AG	GT	CANONICAL	CANONICAL	504	0	0.0	0	0
GCA_047652215.1	ASM4765221v1	Bos taurus	Bos taurus	Chromosome	ok	exon_3	3	837	0.942652329749104	0.966547192353644	0.942652329749104	0.8846641318124208	0.0	789	789	809	698	91	35226941.0	35227731.0	0.945359581340202	HIGH	AG	AC	CANONICAL	NONCANONICAL	991	0	0.0	0	0
GCA_047652215.1	ASM4765221v1	Bos taurus	Bos taurus	Chromosome	ok	exon_4	4	213	0.9953051643192489	1.0	0.9953051643192489	0.9056603773584906	0.0	212	212	213	192	20	35235078.0	35236017.0	0.9743024182832847	HIGH	AG	GT	CANONICAL	CANONICAL	1140	0	0.0	0	0
GCA_047652215.1	ASM4765221v1	Bos taurus	Bos taurus	Chromosome	ok	exon_5	5	124	0.9838709677419355	0.9919354838709677	0.9838709677419355	0.9098360655737705	0.0	122	122	123	111	11	35238844.0	35238965.0	0.9702009518773136	HIGH	GA	GT	NONCANONICAL	CANONICAL	322	0	0.0	0	0
GCA_047652215.1	ASM4765221v1	Bos taurus	Bos taurus	Chromosome	ok	exon_6	6	1115	0.9641255605381166	1.0	0.9641255605381166	0.8744186046511628	0.0	1075	1075	1115	940	135	35239790.0	35240865.0	0.9524611534049432	HIGH	AG		CANONICAL	NA	1276	0	0.0	0	0
GCA_047671655.1	ASM4767165v1	Capra hircus	Capra hircus	Chromosome	ok	exon_1	1	194	0.9432989690721649	0.9690721649484536	0.9432989690721649	0.8469945355191257	0.0	183	183	188	155	28	21359913.0	21360099.0	0.9362331699622557	HIGH		CC	NA	NONCANONICAL	387	0	0.0	0	0
GCA_047671655.1	ASM4767165v1	Capra hircus	Capra hircus	Chromosome	ok	exon_2	2	304	1.0	1.0	1.0	0.8947368421052632	0.0	304	304	304	272	32	21362750.0	21363054.0	0.9736842105263158	HIGH	AG	GT	CANONICAL	CANONICAL	505	0	0.0	0	0
GCA_047671655.1	ASM4767165v1	Capra hircus	Capra hircus	Chromosome	ok	exon_3	3	837	0.96415770609319	0.992831541218638	0.96415770609319	0.8835192069392813	0.0	807	807	831	713	94	21365416.0	21366372.0	0.9547507694767559	HIGH	AG	GT	CANONICAL	CANONICAL	1157	0	0.0	0	0
GCA_047671655.1	ASM4767165v1	Capra hircus	Capra hircus	Chromosome	ok	exon_4	4	213	0.9953051643192489	1.0	0.9953051643192489	0.8962264150943396	0.0	212	212	213	190	22	21373377.0	21374316.0	0.9719439277172469	HIGH	AG	GT	CANONICAL	CANONICAL	1140	0	0.0	0	0
GCA_047671655.1	ASM4767165v1	Capra hircus	Capra hircus	Chromosome	ok	exon_5	5	124	0.9919354838709677	0.9919354838709677	0.9919354838709677	0.8943089430894309	0.0	123	123	123	110	13	21377723.0	21377845.0	0.9699482035142932	HIGH	GA	GC	NONCANONICAL	CANONICAL	323	0	0.0	0	0
GCA_047671655.1	ASM4767165v1	Capra hircus	Capra hircus	Chromosome	ok	exon_6	6	1115	0.9533632286995516	0.9847533632286996	0.9533632286995516	0.8692380056444027	0.0	1063	1063	1098	924	139	21378669.0	21379733.0	0.9463229543258989	HIGH	AG		CANONICAL	NA	1265	0	0.0	0	0
GCA_048126745.1	DamDam1_v1.mat	Dama dama	Dama dama	Chromosome	ok	exon_1	1	194	0.979381443298969	0.979381443298969	0.979381443298969	0.8736842105263158	0.0	190	190	190	166	24	31555994.0	31556183.0	0.9591427021161151	HIGH		CC	NA	NONCANONICAL	390	0	0.0	0	0
GCA_048126745.1	DamDam1_v1.mat	Dama dama	Dama dama	Chromosome	ok	exon_2	2	304	0.9736842105263158	1.0	0.9736842105263158	0.9155405405405406	0.0	296	296	304	271	25	31558847.0	31559966.0	0.9670430298719773	HIGH	AG	GT	CANONICAL	CANONICAL	1320	0	0.0	0	0
GCA_048126745.1	DamDam1_v1.mat	Dama dama	Dama dama	Chromosome	ok	exon_3	3	837	0.9796893667861409	1.0	0.9796893667861409	0.8817073170731707	0.0	820	820	837	723	97	31562338.0	31563435.0	0.9612870443220561	HIGH	AG	GT	CANONICAL	CANONICAL	1298	0	0.0	0	0
GCA_048126745.1	DamDam1_v1.mat	Dama dama	Dama dama	Chromosome	ok	exon_4	4	213	0.8732394366197183	0.8779342723004695	0.8732394366197183	0.8763440860215054	0.0	186	186	187	163	23	31569897.0	31570082.0	0.9120437679842496	HIGH			NA	NA	386	0	0.0	0	0
GCA_048126745.1	DamDam1_v1.mat	Dama dama	Dama dama	Chromosome	ok	exon_5	5	124	0.9919354838709677	0.9919354838709677	0.9919354838709677	0.8861788617886179	0.0	123	123	123	109	14	31573098.0	31573220.0	0.96791568318909	HIGH	GA	GT	NONCANONICAL	CANONICAL	323	0	0.0	0	0
GCA_048126745.1	DamDam1_v1.mat	Dama dama	Dama dama	Chromosome	ok	exon_6	6	1115	0.9605381165919282	1.0	0.9605381165919282	0.8683473389355743	0.0	1071	1071	1115	930	141	31574030.0	31575100.0	0.9493289872002613	HIGH	AG		CANONICAL	NA	1271	0	0.0	0	0
GCA_048127045.1	DamDam1_v1.pat	Dama dama	Dama dama	Chromosome	ok	exon_1	1	194	0.979381443298969	0.979381443298969	0.979381443298969	0.8736842105263158	0.0	190	190	190	166	24	31537227.0	31537416.0	0.9591427021161151	HIGH		CC	NA	NONCANONICAL	390	0	0.0	0	0
GCA_048127045.1	DamDam1_v1.pat	Dama dama	Dama dama	Chromosome	ok	exon_2	2	304	0.9736842105263158	1.0	0.9736842105263158	0.9155405405405406	0.0	296	296	304	271	25	31540080.0	31541199.0	0.9670430298719773	HIGH	AG	GT	CANONICAL	CANONICAL	1320	0	0.0	0	0
GCA_048127045.1	DamDam1_v1.pat	Dama dama	Dama dama	Chromosome	ok	exon_3	3	837	0.9796893667861409	1.0	0.9796893667861409	0.8804878048780488	0.0	820	820	837	722	98	31543571.0	31544668.0	0.9609821662732757	HIGH	AG	GT	CANONICAL	CANONICAL	1298	0	0.0	0	0
GCA_048127045.1	DamDam1_v1.pat	Dama dama	Dama dama	Chromosome	ok	exon_4	4	213	0.8732394366197183	0.8779342723004695	0.8732394366197183	0.8763440860215054	0.0	186	186	187	163	23	31551129.0	31551314.0	0.9120437679842496	HIGH			NA	NA	386	0	0.0	0	0
GCA_048127045.1	DamDam1_v1.pat	Dama dama	Dama dama	Chromosome	ok	exon_5	5	124	0.9919354838709677	0.9919354838709677	0.9919354838709677	0.8861788617886179	0.0	123	123	123	109	14	31554330.0	31554452.0	0.96791568318909	HIGH	GA	GT	NONCANONICAL	CANONICAL	323	0	0.0	0	0
GCA_048127045.1	DamDam1_v1.pat	Dama dama	Dama dama	Chromosome	ok	exon_6	6	1115	0.9605381165919282	1.0	0.9605381165919282	0.8683473389355743	0.0	1071	1071	1115	930	141	31555262.0	31556332.0	0.9493289872002613	HIGH	AG		CANONICAL	NA	1271	0	0.0	0	0
GCA_048593975.1	ASM4859397v1	Capra hircus	Capra hircus	Chromosome	ok	exon_1	1	194	0.9432989690721649	0.9690721649484536	0.9432989690721649	0.8469945355191257	0.0	183	183	188	155	28	23042169.0	23042355.0	0.9362331699622557	HIGH		CC	NA	NONCANONICAL	387	0	0.0	0	0
GCA_048593975.1	ASM4859397v1	Capra hircus	Capra hircus	Chromosome	ok	exon_2	2	304	1.0	1.0	1.0	0.8947368421052632	0.0	304	304	304	272	32	23045006.0	23045310.0	0.9736842105263158	HIGH	AG	GT	CANONICAL	CANONICAL	505	0	0.0	0	0
GCA_048593975.1	ASM4859397v1	Capra hircus	Capra hircus	Chromosome	ok	exon_3	3	837	0.96415770609319	0.992831541218638	0.96415770609319	0.8847583643122676	0.0	807	807	831	714	93	23047674.0	23048630.0	0.9550605588200025	HIGH	AG	GT	CANONICAL	CANONICAL	1157	0	0.0	0	0
GCA_048593975.1	ASM4859397v1	Capra hircus	Capra hircus	Chromosome	ok	exon_4	4	213	0.9953051643192489	1.0	0.9953051643192489	0.8962264150943396	0.0	212	212	213	190	22	23055634.0	23056573.0	0.9719439277172469	HIGH	AG	GT	CANONICAL	CANONICAL	1140	0	0.0	0	0
GCA_048593975.1	ASM4859397v1	Capra hircus	Capra hircus	Chromosome	ok	exon_5	5	124	0.9919354838709677	0.9919354838709677	0.9919354838709677	0.9105691056910569	0.0	123	123	123	112	11	23059979.0	23060101.0	0.9740132441646998	HIGH	GA	GC	NONCANONICAL	CANONICAL	323	0	0.0	0	0
GCA_048593975.1	ASM4859397v1	Capra hircus	Capra hircus	Chromosome	ok	exon_6	6	1115	0.9533632286995516	0.9847533632286996	0.9533632286995516	0.8692380056444027	0.0	1063	1063	1098	924	139	23060925.0	23061989.0	0.9463229543258989	HIGH	AG		CANONICAL	NA	1265	0	0.0	0	0
GCA_048594055.1	ASM4859405v1	Capra hircus	Capra hircus	Chromosome	ok	exon_1	1	194	0.9432989690721649	0.9690721649484536	0.9432989690721649	0.8469945355191257	0.0	183	183	188	155	28	21105880.0	21106066.0	0.9362331699622557	HIGH		CC	NA	NONCANONICAL	387	0	0.0	0	0
GCA_048594055.1	ASM4859405v1	Capra hircus	Capra hircus	Chromosome	ok	exon_2	2	304	1.0	1.0	1.0	0.8947368421052632	0.0	304	304	304	272	32	21108717.0	21109021.0	0.9736842105263158	HIGH	AG	GT	CANONICAL	CANONICAL	505	0	0.0	0	0
GCA_048594055.1	ASM4859405v1	Capra hircus	Capra hircus	Chromosome	ok	exon_3	3	837	0.96415770609319	0.992831541218638	0.96415770609319	0.8822800495662949	0.0	807	807	831	712	95	21111378.0	21112334.0	0.9544409801335093	HIGH	AG	GT	CANONICAL	CANONICAL	1157	0	0.0	0	0
GCA_048594055.1	ASM4859405v1	Capra hircus	Capra hircus	Chromosome	ok	exon_4	4	213	0.9953051643192489	1.0	0.9953051643192489	0.8962264150943396	0.0	212	212	213	190	22	21119332.0	21120271.0	0.9719439277172469	HIGH	AG	GT	CANONICAL	CANONICAL	1140	0	0.0	0	0
GCA_048594055.1	ASM4859405v1	Capra hircus	Capra hircus	Chromosome	ok	exon_5	5	124	0.9919354838709677	0.9919354838709677	0.9919354838709677	0.9105691056910569	0.0	123	123	123	112	11	21123684.0	21123806.0	0.9740132441646998	HIGH	GA	GC	NONCANONICAL	CANONICAL	323	0	0.0	0	0
GCA_048594055.1	ASM4859405v1	Capra hircus	Capra hircus	Chromosome	ok	exon_6	6	1115	0.9533632286995516	0.9847533632286996	0.9533632286995516	0.8692380056444027	0.0	1063	1063	1098	924	139	21124629.0	21125693.0	0.9463229543258989	HIGH	AG		CANONICAL	NA	1265	0	0.0	0	0
GCA_048594065.1	ASM4859406v1	Capra hircus	Capra hircus	Chromosome	ok	exon_1	1	194	0.9432989690721649	0.9690721649484536	0.9432989690721649	0.8469945355191257	0.0	183	183	188	155	28	21078256.0	21078442.0	0.9362331699622557	HIGH		CC	NA	NONCANONICAL	387	0	0.0	0	0
GCA_048594065.1	ASM4859406v1	Capra hircus	Capra hircus	Chromosome	ok	exon_2	2	304	1.0	1.0	1.0	0.8947368421052632	0.0	304	304	304	272	32	21081092.0	21081396.0	0.9736842105263158	HIGH	AG	GT	CANONICAL	CANONICAL	505	0	0.0	0	0
GCA_048594065.1	ASM4859406v1	Capra hircus	Capra hircus	Chromosome	ok	exon_3	3	837	0.96415770609319	0.992831541218638	0.96415770609319	0.8822800495662949	0.0	807	807	831	712	95	21083757.0	21084713.0	0.9544409801335093	HIGH	AG	GT	CANONICAL	CANONICAL	1157	0	0.0	0	0
GCA_048594065.1	ASM4859406v1	Capra hircus	Capra hircus	Chromosome	ok	exon_4	4	213	0.9953051643192489	1.0	0.9953051643192489	0.8962264150943396	0.0	212	212	213	190	22	21091716.0	21092655.0	0.9719439277172469	HIGH	AG	GT	CANONICAL	CANONICAL	1140	0	0.0	0	0
GCA_048594065.1	ASM4859406v1	Capra hircus	Capra hircus	Chromosome	ok	exon_5	5	124	0.9919354838709677	0.9919354838709677	0.9919354838709677	0.9024390243902439	0.0	123	123	123	111	12	21096066.0	21096188.0	0.9719807238394965	HIGH	GA	GC	NONCANONICAL	CANONICAL	323	0	0.0	0	0
GCA_048594065.1	ASM4859406v1	Capra hircus	Capra hircus	Chromosome	ok	exon_6	6	1115	0.9533632286995516	0.9847533632286996	0.9533632286995516	0.8692380056444027	0.0	1063	1063	1098	924	139	21097012.0	21098076.0	0.9463229543258989	HIGH	AG		CANONICAL	NA	1265	0	0.0	0	0
GCA_048594125.1	ASM4859412v1	Capra hircus	Capra hircus	Chromosome	ok	exon_1	1	194	0.9432989690721649	0.9690721649484536	0.9432989690721649	0.8469945355191257	0.0	183	183	188	155	28	21307985.0	21308171.0	0.9362331699622557	HIGH		CC	NA	NONCANONICAL	387	0	0.0	0	0
GCA_048594125.1	ASM4859412v1	Capra hircus	Capra hircus	Chromosome	ok	exon_2	2	304	1.0	1.0	1.0	0.8947368421052632	0.0	304	304	304	272	32	21310822.0	21311126.0	0.9736842105263158	HIGH	AG	GT	CANONICAL	CANONICAL	505	0	0.0	0	0
GCA_048594125.1	ASM4859412v1	Capra hircus	Capra hircus	Chromosome	ok	exon_3	3	837	0.96415770609319	0.992831541218638	0.96415770609319	0.8835192069392813	0.0	807	807	831	713	94	21313488.0	21314444.0	0.9547507694767559	HIGH	AG	GT	CANONICAL	CANONICAL	1157	0	0.0	0	0
GCA_048594125.1	ASM4859412v1	Capra hircus	Capra hircus	Chromosome	ok	exon_4	4	213	0.9953051643192489	1.0	0.9953051643192489	0.8962264150943396	0.0	212	212	213	190	22	21321449.0	21322388.0	0.9719439277172469	HIGH	AG	GT	CANONICAL	CANONICAL	1140	0	0.0	0	0
GCA_048594125.1	ASM4859412v1	Capra hircus	Capra hircus	Chromosome	ok	exon_5	5	124	0.9919354838709677	0.9919354838709677	0.9919354838709677	0.8943089430894309	0.0	123	123	123	110	13	21325795.0	21325917.0	0.9699482035142932	HIGH	GA	GC	NONCANONICAL	CANONICAL	323	0	0.0	0	0
GCA_048594125.1	ASM4859412v1	Capra hircus	Capra hircus	Chromosome	ok	exon_6	6	1115	0.9533632286995516	0.9847533632286996	0.9533632286995516	0.8692380056444027	0.0	1063	1063	1098	924	139	21326741.0	21327805.0	0.9463229543258989	HIGH	AG		CANONICAL	NA	1265	0	0.0	0	0
GCA_048594135.1	ASM4859413v1	Capra hircus	Capra hircus	Chromosome	ok	exon_1	1	194	0.9432989690721649	0.9690721649484536	0.9432989690721649	0.8469945355191257	0.0	183	183	188	155	28	21095484.0	21095670.0	0.9362331699622557	HIGH		CC	NA	NONCANONICAL	387	0	0.0	0	0
GCA_048594135.1	ASM4859413v1	Capra hircus	Capra hircus	Chromosome	ok	exon_2	2	304	1.0	1.0	1.0	0.8947368421052632	0.0	304	304	304	272	32	21098321.0	21098625.0	0.9736842105263158	HIGH	AG	GT	CANONICAL	CANONICAL	505	0	0.0	0	0
GCA_048594135.1	ASM4859413v1	Capra hircus	Capra hircus	Chromosome	ok	exon_3	3	837	0.96415770609319	0.992831541218638	0.96415770609319	0.8822800495662949	0.0	807	807	831	712	95	21100987.0	21101943.0	0.9544409801335093	HIGH	AG	GT	CANONICAL	CANONICAL	1157	0	0.0	0	0
GCA_048594135.1	ASM4859413v1	Capra hircus	Capra hircus	Chromosome	ok	exon_4	4	213	0.9953051643192489	1.0	0.9953051643192489	0.8962264150943396	0.0	212	212	213	190	22	21108939.0	21109878.0	0.9719439277172469	HIGH	AG	GT	CANONICAL	CANONICAL	1140	0	0.0	0	0
GCA_048594135.1	ASM4859413v1	Capra hircus	Capra hircus	Chromosome	ok	exon_5	5	124	0.9919354838709677	0.9919354838709677	0.9919354838709677	0.9105691056910569	0.0	123	123	123	112	11	21113291.0	21113413.0	0.9740132441646998	HIGH	GA	GC	NONCANONICAL	CANONICAL	323	0	0.0	0	0
GCA_048594135.1	ASM4859413v1	Capra hircus	Capra hircus	Chromosome	ok	exon_6	6	1115	0.9533632286995516	0.9847533632286996	0.9533632286995516	0.8692380056444027	0.0	1063	1063	1098	924	139	21114236.0	21115300.0	0.9463229543258989	HIGH	AG		CANONICAL	NA	1265	0	0.0	0	0
GCA_048594165.1	ASM4859416v1	Capra hircus	Capra hircus	Chromosome	ok	exon_1	1	194	0.9432989690721649	0.9690721649484536	0.9432989690721649	0.8469945355191257	0.0	183	183	188	155	28	20285851.0	20286037.0	0.9362331699622557	HIGH		CC	NA	NONCANONICAL	387	0	0.0	0	0
GCA_048594165.1	ASM4859416v1	Capra hircus	Capra hircus	Chromosome	ok	exon_2	2	304	1.0	1.0	1.0	0.8947368421052632	0.0	304	304	304	272	32	20288688.0	20288992.0	0.9736842105263158	HIGH	AG	GT	CANONICAL	CANONICAL	505	0	0.0	0	0
GCA_048594165.1	ASM4859416v1	Capra hircus	Capra hircus	Chromosome	ok	exon_3	3	837	0.96415770609319	0.992831541218638	0.96415770609319	0.8835192069392813	0.0	807	807	831	713	94	20291354.0	20292310.0	0.9547507694767559	HIGH	AG	GT	CANONICAL	CANONICAL	1157	0	0.0	0	0
GCA_048594165.1	ASM4859416v1	Capra hircus	Capra hircus	Chromosome	ok	exon_4	4	213	0.9953051643192489	1.0	0.9953051643192489	0.8962264150943396	0.0	212	212	213	190	22	20299315.0	20300254.0	0.9719439277172469	HIGH	AG	GT	CANONICAL	CANONICAL	1140	0	0.0	0	0
GCA_048594165.1	ASM4859416v1	Capra hircus	Capra hircus	Chromosome	ok	exon_5	5	124	0.9919354838709677	0.9919354838709677	0.9919354838709677	0.8943089430894309	0.0	123	123	123	110	13	20303661.0	20303783.0	0.9699482035142932	HIGH	GA	GC	NONCANONICAL	CANONICAL	323	0	0.0	0	0
GCA_048594165.1	ASM4859416v1	Capra hircus	Capra hircus	Chromosome	ok	exon_6	6	1115	0.9533632286995516	0.9847533632286996	0.9533632286995516	0.8692380056444027	0.0	1063	1063	1098	924	139	20304607.0	20305671.0	0.9463229543258989	HIGH	AG		CANONICAL	NA	1265	0	0.0	0	0
GCA_048598025.1	ASM4859802v1	Capra hircus	Capra hircus	Chromosome	ok	exon_1	1	194	0.9432989690721649	0.9690721649484536	0.9432989690721649	0.8469945355191257	0.0	183	183	188	155	28	21282132.0	21282318.0	0.9362331699622557	HIGH		CC	NA	NONCANONICAL	387	0	0.0	0	0
GCA_048598025.1	ASM4859802v1	Capra hircus	Capra hircus	Chromosome	ok	exon_2	2	304	1.0	1.0	1.0	0.8947368421052632	0.0	304	304	304	272	32	21284969.0	21285273.0	0.9736842105263158	HIGH	AG	GT	CANONICAL	CANONICAL	505	0	0.0	0	0
GCA_048598025.1	ASM4859802v1	Capra hircus	Capra hircus	Chromosome	ok	exon_3	3	837	0.96415770609319	0.992831541218638	0.96415770609319	0.8822800495662949	0.0	807	807	831	712	95	21287634.0	21288590.0	0.9544409801335093	HIGH	AG	GT	CANONICAL	CANONICAL	1157	0	0.0	0	0
GCA_048598025.1	ASM4859802v1	Capra hircus	Capra hircus	Chromosome	ok	exon_4	4	213	0.9953051643192489	1.0	0.9953051643192489	0.8962264150943396	0.0	212	212	213	190	22	21295593.0	21296532.0	0.9719439277172469	HIGH	AG	GT	CANONICAL	CANONICAL	1140	0	0.0	0	0
GCA_048598025.1	ASM4859802v1	Capra hircus	Capra hircus	Chromosome	ok	exon_5	5	124	0.9919354838709677	0.9919354838709677	0.9919354838709677	0.9024390243902439	0.0	123	123	123	111	12	21299943.0	21300065.0	0.9719807238394965	HIGH	GA	GC	NONCANONICAL	CANONICAL	323	0	0.0	0	0
GCA_048598025.1	ASM4859802v1	Capra hircus	Capra hircus	Chromosome	ok	exon_6	6	1115	0.9533632286995516	0.9847533632286996	0.9533632286995516	0.8692380056444027	0.0	1063	1063	1098	924	139	21300889.0	21301953.0	0.9463229543258989	HIGH	AG		CANONICAL	NA	1265	0	0.0	0	0
GCA_048598065.1	ASM4859806v1	Capra hircus	Capra hircus	Chromosome	ok	exon_1	1	194	0.9432989690721649	0.9690721649484536	0.9432989690721649	0.8469945355191257	0.0	183	183	188	155	28	21497458.0	21497644.0	0.9362331699622557	HIGH		CC	NA	NONCANONICAL	387	0	0.0	0	0
GCA_048598065.1	ASM4859806v1	Capra hircus	Capra hircus	Chromosome	ok	exon_2	2	304	1.0	1.0	1.0	0.8947368421052632	0.0	304	304	304	272	32	21500294.0	21500598.0	0.9736842105263158	HIGH	AG	GT	CANONICAL	CANONICAL	505	0	0.0	0	0
GCA_048598065.1	ASM4859806v1	Capra hircus	Capra hircus	Chromosome	ok	exon_3	3	837	0.96415770609319	0.992831541218638	0.96415770609319	0.8835192069392813	0.0	807	807	831	713	94	21502961.0	21503917.0	0.9547507694767559	HIGH	AG	GT	CANONICAL	CANONICAL	1157	0	0.0	0	0
GCA_048598065.1	ASM4859806v1	Capra hircus	Capra hircus	Chromosome	ok	exon_4	4	213	0.9953051643192489	1.0	0.9953051643192489	0.8915094339622641	0.0	212	212	213	189	23	21510921.0	21511860.0	0.9707646824342281	HIGH	AG	GT	CANONICAL	CANONICAL	1140	0	0.0	0	0
GCA_048598065.1	ASM4859806v1	Capra hircus	Capra hircus	Chromosome	ok	exon_5	5	124	0.9919354838709677	0.9919354838709677	0.9919354838709677	0.9105691056910569	0.0	123	123	123	112	11	21515272.0	21515394.0	0.9740132441646998	HIGH	GA	GC	NONCANONICAL	CANONICAL	323	0	0.0	0	0
GCA_048598065.1	ASM4859806v1	Capra hircus	Capra hircus	Chromosome	ok	exon_6	6	1115	0.9533632286995516	0.9847533632286996	0.9533632286995516	0.8692380056444027	0.0	1063	1063	1098	924	139	21516218.0	21517282.0	0.9463229543258989	HIGH	AG		CANONICAL	NA	1265	0	0.0	0	0
GCA_048598825.1	ASM4859882v1	Capra hircus	Capra hircus	Chromosome	ok	exon_1	1	194	0.9432989690721649	0.9690721649484536	0.9432989690721649	0.8469945355191257	0.0	183	183	188	155	28	30567513.0	30567699.0	0.9362331699622557	HIGH		CC	NA	NONCANONICAL	387	0	0.0	0	0
GCA_048598825.1	ASM4859882v1	Capra hircus	Capra hircus	Chromosome	ok	exon_2	2	304	1.0	1.0	1.0	0.8947368421052632	0.0	304	304	304	272	32	30570349.0	30570653.0	0.9736842105263158	HIGH	AG	GT	CANONICAL	CANONICAL	505	0	0.0	0	0
GCA_048598825.1	ASM4859882v1	Capra hircus	Capra hircus	Chromosome	ok	exon_3	3	837	0.96415770609319	0.992831541218638	0.96415770609319	0.8835192069392813	0.0	807	807	831	713	94	30573016.0	30573972.0	0.9547507694767559	HIGH	AG	GT	CANONICAL	CANONICAL	1157	0	0.0	0	0
GCA_048598825.1	ASM4859882v1	Capra hircus	Capra hircus	Chromosome	ok	exon_4	4	213	0.9953051643192489	1.0	0.9953051643192489	0.8915094339622641	0.0	212	212	213	189	23	30580976.0	30581915.0	0.9707646824342281	HIGH	AG	GT	CANONICAL	CANONICAL	1140	0	0.0	0	0
GCA_048598825.1	ASM4859882v1	Capra hircus	Capra hircus	Chromosome	ok	exon_5	5	124	0.9919354838709677	0.9919354838709677	0.9919354838709677	0.9105691056910569	0.0	123	123	123	112	11	30585327.0	30585449.0	0.9740132441646998	HIGH	GA	GC	NONCANONICAL	CANONICAL	323	0	0.0	0	0
GCA_048598825.1	ASM4859882v1	Capra hircus	Capra hircus	Chromosome	ok	exon_6	6	1115	0.9533632286995516	0.9847533632286996	0.9533632286995516	0.8692380056444027	0.0	1063	1063	1098	924	139	30586273.0	30587337.0	0.9463229543258989	HIGH	AG		CANONICAL	NA	1265	0	0.0	0	0
GCA_049004405.1	ASM4900440v1	Capra hircus	Capra hircus	Chromosome	ok	exon_1	1	194	0.9432989690721649	0.9690721649484536	0.9432989690721649	0.8469945355191257	0.0	183	183	188	155	28	32677640.0	32677826.0	0.9362331699622557	HIGH		CC	NA	NONCANONICAL	387	0	0.0	0	0
GCA_049004405.1	ASM4900440v1	Capra hircus	Capra hircus	Chromosome	ok	exon_2	2	304	1.0	1.0	1.0	0.8947368421052632	0.0	304	304	304	272	32	32680477.0	32680781.0	0.9736842105263158	HIGH	AG	GT	CANONICAL	CANONICAL	505	0	0.0	0	0
GCA_049004405.1	ASM4900440v1	Capra hircus	Capra hircus	Chromosome	ok	exon_3	3	837	0.96415770609319	0.992831541218638	0.96415770609319	0.8847583643122676	0.0	807	807	831	714	93	32683140.0	32684096.0	0.9550605588200025	HIGH	AG	GT	CANONICAL	CANONICAL	1157	0	0.0	0	0
GCA_049004405.1	ASM4900440v1	Capra hircus	Capra hircus	Chromosome	ok	exon_4	4	213	0.9953051643192489	1.0	0.9953051643192489	0.8962264150943396	0.0	212	212	213	190	22	32691100.0	32692039.0	0.9719439277172469	HIGH	AG	GT	CANONICAL	CANONICAL	1140	0	0.0	0	0
GCA_049004405.1	ASM4900440v1	Capra hircus	Capra hircus	Chromosome	ok	exon_5	5	124	0.9919354838709677	0.9919354838709677	0.9919354838709677	0.9105691056910569	0.0	123	123	123	112	11	32695444.0	32695566.0	0.9740132441646998	HIGH	GA	GC	NONCANONICAL	CANONICAL	323	0	0.0	0	0
GCA_049004405.1	ASM4900440v1	Capra hircus	Capra hircus	Chromosome	ok	exon_6	6	1115	0.9533632286995516	0.9847533632286996	0.9533632286995516	0.8692380056444027	0.0	1063	1063	1098	924	139	32696390.0	32697454.0	0.9463229543258989	HIGH	AG		CANONICAL	NA	1265	0	0.0	0	0
GCA_049004455.1	ASM4900445v1	Capra hircus	Capra hircus	Chromosome	ok	exon_1	1	194	0.9432989690721649	0.9690721649484536	0.9432989690721649	0.8469945355191257	0.0	183	183	188	155	28	29404906.0	29405092.0	0.9362331699622557	HIGH		CC	NA	NONCANONICAL	387	0	0.0	0	0
GCA_049004455.1	ASM4900445v1	Capra hircus	Capra hircus	Chromosome	ok	exon_2	2	304	1.0	1.0	1.0	0.8947368421052632	0.0	304	304	304	272	32	29407744.0	29408048.0	0.9736842105263158	HIGH	AG	GT	CANONICAL	CANONICAL	505	0	0.0	0	0
GCA_049004455.1	ASM4900445v1	Capra hircus	Capra hircus	Chromosome	ok	exon_3	3	837	0.96415770609319	0.992831541218638	0.96415770609319	0.8835192069392813	0.0	807	807	831	713	94	29410413.0	29411369.0	0.9547507694767559	HIGH	AG	GT	CANONICAL	CANONICAL	1157	0	0.0	0	0
GCA_049004455.1	ASM4900445v1	Capra hircus	Capra hircus	Chromosome	ok	exon_4	4	213	0.8732394366197183	0.8779342723004695	0.8732394366197183	0.8870967741935484	0.0	186	186	187	165	21	29419128.0	29419313.0	0.9147319400272603	HIGH			NA	NA	386	0	0.0	0	0
GCA_049004455.1	ASM4900445v1	Capra hircus	Capra hircus	Chromosome	ok	exon_5	5	124	0.9919354838709677	0.9919354838709677	0.9919354838709677	0.9105691056910569	0.0	123	123	123	112	11	29422714.0	29422836.0	0.9740132441646998	HIGH	GA	GC	NONCANONICAL	CANONICAL	323	0	0.0	0	0
GCA_049004455.1	ASM4900445v1	Capra hircus	Capra hircus	Chromosome	ok	exon_6	6	1115	0.9533632286995516	0.9847533632286996	0.9533632286995516	0.8682972718720602	0.0	1063	1063	1098	923	140	29423660.0	29424724.0	0.9460877708828133	HIGH	AG		CANONICAL	NA	1265	0	0.0	0	0
GCA_049004535.1	ASM4900453v1	Capra hircus	Capra hircus	Chromosome	ok	exon_1	1	194	0.9432989690721649	0.9690721649484536	0.9432989690721649	0.8469945355191257	0.0	183	183	188	155	28	21149310.0	21149496.0	0.9362331699622557	HIGH		CC	NA	NONCANONICAL	387	0	0.0	0	0
GCA_049004535.1	ASM4900453v1	Capra hircus	Capra hircus	Chromosome	ok	exon_2	2	304	1.0	1.0	1.0	0.8947368421052632	0.0	304	304	304	272	32	21152149.0	21152453.0	0.9736842105263158	HIGH	AG	GT	CANONICAL	CANONICAL	505	0	0.0	0	0
GCA_049004535.1	ASM4900453v1	Capra hircus	Capra hircus	Chromosome	ok	exon_3	3	837	0.96415770609319	0.992831541218638	0.96415770609319	0.8822800495662949	0.0	807	807	831	712	95	21154814.0	21155770.0	0.9544409801335093	HIGH	AG	GT	CANONICAL	CANONICAL	1157	0	0.0	0	0
GCA_049004535.1	ASM4900453v1	Capra hircus	Capra hircus	Chromosome	ok	exon_4	4	213	0.9953051643192489	1.0	0.9953051643192489	0.8962264150943396	0.0	212	212	213	190	22	21162775.0	21163714.0	0.9719439277172469	HIGH	AG	GT	CANONICAL	CANONICAL	1140	0	0.0	0	0
GCA_049004535.1	ASM4900453v1	Capra hircus	Capra hircus	Chromosome	ok	exon_5	5	124	0.9919354838709677	0.9919354838709677	0.9919354838709677	0.9024390243902439	0.0	123	123	123	111	12	21167125.0	21167247.0	0.9719807238394965	HIGH	GA	GC	NONCANONICAL	CANONICAL	323	0	0.0	0	0
GCA_049004535.1	ASM4900453v1	Capra hircus	Capra hircus	Chromosome	ok	exon_6	6	1115	0.9533632286995516	0.9847533632286996	0.9533632286995516	0.8692380056444027	0.0	1063	1063	1098	924	139	21168071.0	21169135.0	0.9463229543258989	HIGH	AG		CANONICAL	NA	1265	0	0.0	0	0
GCA_049004595.1	ASM4900459v1	Capra hircus	Capra hircus	Chromosome	ok	exon_1	1	194	0.9432989690721649	0.9690721649484536	0.9432989690721649	0.8469945355191257	0.0	183	183	188	155	28	21281587.0	21281773.0	0.9362331699622557	HIGH		CC	NA	NONCANONICAL	387	0	0.0	0	0
GCA_049004595.1	ASM4900459v1	Capra hircus	Capra hircus	Chromosome	ok	exon_2	2	304	1.0	1.0	1.0	0.8947368421052632	0.0	304	304	304	272	32	21284424.0	21284728.0	0.9736842105263158	HIGH	AG	GT	CANONICAL	CANONICAL	505	0	0.0	0	0
GCA_049004595.1	ASM4900459v1	Capra hircus	Capra hircus	Chromosome	ok	exon_3	3	837	0.96415770609319	0.992831541218638	0.96415770609319	0.8822800495662949	0.0	807	807	831	712	95	21287090.0	21288046.0	0.9544409801335093	HIGH	AG	GT	CANONICAL	CANONICAL	1157	0	0.0	0	0
GCA_049004595.1	ASM4900459v1	Capra hircus	Capra hircus	Chromosome	ok	exon_4	4	213	0.9953051643192489	1.0	0.9953051643192489	0.8962264150943396	0.0	212	212	213	190	22	21295044.0	21295983.0	0.9719439277172469	HIGH	AG	GT	CANONICAL	CANONICAL	1140	0	0.0	0	0
GCA_049004595.1	ASM4900459v1	Capra hircus	Capra hircus	Chromosome	ok	exon_5	5	124	0.9919354838709677	0.9919354838709677	0.9919354838709677	0.9105691056910569	0.0	123	123	123	112	11	21299396.0	21299518.0	0.9740132441646998	HIGH	GA	GC	NONCANONICAL	CANONICAL	323	0	0.0	0	0
GCA_049004595.1	ASM4900459v1	Capra hircus	Capra hircus	Chromosome	ok	exon_6	6	1115	0.9533632286995516	0.9847533632286996	0.9533632286995516	0.8692380056444027	0.0	1063	1063	1098	924	139	21300341.0	21301405.0	0.9463229543258989	HIGH	AG		CANONICAL	NA	1265	0	0.0	0	0
GCA_049004675.1	ASM4900467v1	Capra hircus	Capra hircus	Chromosome	ok	exon_1	1	194	0.9432989690721649	0.9690721649484536	0.9432989690721649	0.8469945355191257	0.0	183	183	188	155	28	21371942.0	21372128.0	0.9362331699622557	HIGH		CC	NA	NONCANONICAL	387	0	0.0	0	0
GCA_049004675.1	ASM4900467v1	Capra hircus	Capra hircus	Chromosome	ok	exon_2	2	304	1.0	1.0	1.0	0.8947368421052632	0.0	304	304	304	272	32	21374780.0	21375084.0	0.9736842105263158	HIGH	AG	GT	CANONICAL	CANONICAL	505	0	0.0	0	0
GCA_049004675.1	ASM4900467v1	Capra hircus	Capra hircus	Chromosome	ok	exon_3	3	837	0.96415770609319	0.992831541218638	0.96415770609319	0.8835192069392813	0.0	807	807	831	713	94	21377449.0	21378405.0	0.9547507694767559	HIGH	AG	GT	CANONICAL	CANONICAL	1157	0	0.0	0	0
GCA_049004675.1	ASM4900467v1	Capra hircus	Capra hircus	Chromosome	ok	exon_4	4	213	0.8732394366197183	0.8779342723004695	0.8732394366197183	0.8870967741935484	0.0	186	186	187	165	21	21386163.0	21386348.0	0.9147319400272603	HIGH			NA	NA	386	0	0.0	0	0
GCA_049004675.1	ASM4900467v1	Capra hircus	Capra hircus	Chromosome	ok	exon_5	5	124	0.9919354838709677	0.9919354838709677	0.9919354838709677	0.9105691056910569	0.0	123	123	123	112	11	21389753.0	21389875.0	0.9740132441646998	HIGH	GA	GC	NONCANONICAL	CANONICAL	323	0	0.0	0	0
GCA_049004675.1	ASM4900467v1	Capra hircus	Capra hircus	Chromosome	ok	exon_6	6	1115	0.9533632286995516	0.9847533632286996	0.9533632286995516	0.8682972718720602	0.0	1063	1063	1098	923	140	21390699.0	21391763.0	0.9460877708828133	HIGH	AG		CANONICAL	NA	1265	0	0.0	0	0
GCA_049115385.1	NW_MosBer_1.0	Moschus berezovskii	Moschus berezovskii	Chromosome	ok	exon_1	1	194	0.9175257731958762	0.979381443298969	0.9175257731958762	0.8707865168539326	0.0	178	178	190	155	23	38959740.0	38959917.0	0.9305832271516274	HIGH		CC	NA	NONCANONICAL	378	0	0.0	0	0
GCA_049115385.1	NW_MosBer_1.0	Moschus berezovskii	Moschus berezovskii	Chromosome	ok	exon_2	2	304	1.0	1.0	1.0	0.9013157894736842	0.0	304	304	304	274	30	38963459.0	38963762.0	0.9753289473684211	HIGH	AG	GT	CANONICAL	CANONICAL	504	0	0.0	0	0
GCA_049115385.1	NW_MosBer_1.0	Moschus berezovskii	Moschus berezovskii	Chromosome	ok	exon_3	3	837	0.980884109916368	1.0	0.980884109916368	0.8806333739342266	0.0	821	821	837	723	98	38966683.0	38967503.0	0.9615561929459223	HIGH	AG	GC	CANONICAL	CANONICAL	1021	0	0.0	0	0
GCA_049115385.1	NW_MosBer_1.0	Moschus berezovskii	Moschus berezovskii	Chromosome	ok	exon_4	4	213	0.8732394366197183	0.8779342723004695	0.8732394366197183	0.9139784946236559	0.0	186	186	187	170	16	38975547.0	38975732.0	0.9214523701347872	HIGH			NA	NA	386	0	0.0	0	0
GCA_049115385.1	NW_MosBer_1.0	Moschus berezovskii	Moschus berezovskii	Chromosome	ok	exon_5	5	124	0.9919354838709677	0.9919354838709677	0.9919354838709677	0.926829268292683	0.0	123	123	123	114	9	38978812.0	38978934.0	0.9780782848151063	HIGH	GA	GT	NONCANONICAL	CANONICAL	323	0	0.0	0	0
GCA_049115385.1	NW_MosBer_1.0	Moschus berezovskii	Moschus berezovskii	Chromosome	ok	exon_6	6	1115	0.9757847533632287	1.0	0.9757847533632287	0.8805147058823529	0.0	1088	1088	1115	958	130	38979751.0	38980839.0	0.9592318154840412	HIGH	AG		CANONICAL	NA	1289	0	0.0	0	0
GCA_049634445.1	ASM4963444v1	Bos taurus	Bos taurus	Contig	ok	exon_1	1	194	0.8917525773195877	0.8969072164948454	0.8917525773195877	0.8728323699421965	0.0	173	173	174	151	22	71358696.0	71358868.0	0.9194967522793636	HIGH			NA	NA	373	0	0.0	0	0
GCA_049634445.1	ASM4963444v1	Bos taurus	Bos taurus	Contig	ok	exon_2	2	304	1.0	1.0	1.0	0.9078947368421053	0.0	304	304	304	276	28	71355740.0	71356043.0	0.9769736842105263	HIGH	AG	GT	CANONICAL	CANONICAL	504	0	0.0	0	0
GCA_049634445.1	ASM4963444v1	Bos taurus	Bos taurus	Contig	ok	exon_3	3	837	0.942652329749104	0.966547192353644	0.942652329749104	0.8846641318124208	0.0	789	789	809	698	91	71352413.0	71353203.0	0.945359581340202	HIGH	AG	AC	CANONICAL	NONCANONICAL	991	0	0.0	0	0
GCA_049634445.1	ASM4963444v1	Bos taurus	Bos taurus	Contig	ok	exon_4	4	213	0.9953051643192489	1.0	0.9953051643192489	0.9056603773584906	0.0	212	212	213	192	20	71344127.0	71345066.0	0.9743024182832847	HIGH	AG	GT	CANONICAL	CANONICAL	1140	0	0.0	0	0
GCA_049634445.1	ASM4963444v1	Bos taurus	Bos taurus	Contig	ok	exon_5	5	124	0.9838709677419355	0.9919354838709677	0.9838709677419355	0.9098360655737705	0.0	122	122	123	111	11	71341179.0	71341300.0	0.9702009518773136	HIGH	GA	GT	NONCANONICAL	CANONICAL	322	0	0.0	0	0
GCA_049634445.1	ASM4963444v1	Bos taurus	Bos taurus	Contig	ok	exon_6	6	1115	0.9641255605381166	1.0	0.9641255605381166	0.8744186046511628	0.0	1075	1075	1115	940	135	71339279.0	71340354.0	0.9524611534049432	HIGH	AG		CANONICAL	NA	1276	0	0.0	0	0
GCA_049634505.1	ASM4963450v1	Bos taurus	Bos taurus	Contig	ok	exon_1	1	194	0.8917525773195877	0.8969072164948454	0.8917525773195877	0.8728323699421965	0.0	173	173	174	151	22	42315138.0	42315310.0	0.9194967522793636	HIGH			NA	NA	373	0	0.0	0	0
GCA_049634505.1	ASM4963450v1	Bos taurus	Bos taurus	Contig	ok	exon_2	2	304	1.0	1.0	1.0	0.9078947368421053	0.0	304	304	304	276	28	42317963.0	42318266.0	0.9769736842105263	HIGH	AG	GT	CANONICAL	CANONICAL	504	0	0.0	0	0
GCA_049634505.1	ASM4963450v1	Bos taurus	Bos taurus	Contig	ok	exon_3	3	837	0.942652329749104	0.966547192353644	0.942652329749104	0.8846641318124208	0.0	789	789	809	698	91	42320803.0	42321593.0	0.945359581340202	HIGH	AG	AC	CANONICAL	NONCANONICAL	991	0	0.0	0	0
GCA_049634505.1	ASM4963450v1	Bos taurus	Bos taurus	Contig	ok	exon_4	4	213	0.9953051643192489	1.0	0.9953051643192489	0.9056603773584906	0.0	212	212	213	192	20	42328940.0	42329879.0	0.9743024182832847	HIGH	AG	GT	CANONICAL	CANONICAL	1140	0	0.0	0	0
GCA_049634505.1	ASM4963450v1	Bos taurus	Bos taurus	Contig	ok	exon_5	5	124	0.9838709677419355	0.9919354838709677	0.9838709677419355	0.9098360655737705	0.0	122	122	123	111	11	42332706.0	42332827.0	0.9702009518773136	HIGH	GA	GT	NONCANONICAL	CANONICAL	322	0	0.0	0	0
GCA_049634505.1	ASM4963450v1	Bos taurus	Bos taurus	Contig	ok	exon_6	6	1115	0.9641255605381166	1.0	0.9641255605381166	0.8744186046511628	0.0	1075	1075	1115	940	135	42333652.0	42334727.0	0.9524611534049432	HIGH	AG		CANONICAL	NA	1276	0	0.0	0	0
GCA_049634545.1	ASM4963454v1	Bos taurus	Bos taurus	Contig	ok	exon_1	1	194	0.8917525773195877	0.8969072164948454	0.8917525773195877	0.8728323699421965	0.0	173	173	174	151	22	69920550.0	69920722.0	0.9194967522793636	HIGH			NA	NA	373	0	0.0	0	0
GCA_049634545.1	ASM4963454v1	Bos taurus	Bos taurus	Contig	ok	exon_2	2	304	1.0	1.0	1.0	0.9078947368421053	0.0	304	304	304	276	28	69917594.0	69917897.0	0.9769736842105263	HIGH	AG	GT	CANONICAL	CANONICAL	504	0	0.0	0	0
GCA_049634545.1	ASM4963454v1	Bos taurus	Bos taurus	Contig	ok	exon_3	3	837	0.946236559139785	0.966547192353644	0.946236559139785	0.8813131313131313	0.0	792	792	809	698	94	69913951.0	69914742.0	0.9461347344411861	HIGH	AG	AC	CANONICAL	NONCANONICAL	992	0	0.0	0	0
GCA_049634545.1	ASM4963454v1	Bos taurus	Bos taurus	Contig	ok	exon_4	4	213	0.9953051643192489	1.0	0.9953051643192489	0.9056603773584906	0.0	212	212	213	192	20	69905665.0	69906604.0	0.9743024182832847	HIGH	AG	GT	CANONICAL	CANONICAL	1140	0	0.0	0	0
GCA_049634545.1	ASM4963454v1	Bos taurus	Bos taurus	Contig	ok	exon_5	5	124	0.9919354838709677	0.9919354838709677	0.9919354838709677	0.9024390243902439	0.0	123	123	123	111	12	69902743.0	69902865.0	0.9719807238394965	HIGH	GA	GT	NONCANONICAL	CANONICAL	323	0	0.0	0	0
GCA_049634545.1	ASM4963454v1	Bos taurus	Bos taurus	Contig	ok	exon_6	6	1115	0.9641255605381166	1.0	0.9641255605381166	0.8762790697674419	0.0	1075	1075	1115	942	133	69900843.0	69901918.0	0.9529262696840131	HIGH	AG		CANONICAL	NA	1276	0	0.0	0	0
GCA_049634565.1	ASM4963456v1	Bos taurus	Bos taurus	Contig	ok	exon_1	1	194	0.8917525773195877	0.8969072164948454	0.8917525773195877	0.8728323699421965	0.0	173	173	174	151	22	53050112.0	53050284.0	0.9194967522793636	HIGH			NA	NA	373	0	0.0	0	0
GCA_049634565.1	ASM4963456v1	Bos taurus	Bos taurus	Contig	ok	exon_2	2	304	1.0	1.0	1.0	0.9078947368421053	0.0	304	304	304	276	28	53047155.0	53047458.0	0.9769736842105263	HIGH	AG	GT	CANONICAL	CANONICAL	504	0	0.0	0	0
GCA_049634565.1	ASM4963456v1	Bos taurus	Bos taurus	Contig	ok	exon_3	3	837	0.946236559139785	0.966547192353644	0.946236559139785	0.8825757575757576	0.0	792	792	809	699	93	53043512.0	53044303.0	0.9464503910068427	HIGH	AG	AC	CANONICAL	NONCANONICAL	992	0	0.0	0	0
GCA_049634565.1	ASM4963456v1	Bos taurus	Bos taurus	Contig	ok	exon_4	4	213	0.9953051643192489	1.0	0.9953051643192489	0.9056603773584906	0.0	212	212	213	192	20	53035230.0	53036169.0	0.9743024182832847	HIGH	AG	GT	CANONICAL	CANONICAL	1140	0	0.0	0	0
GCA_049634565.1	ASM4963456v1	Bos taurus	Bos taurus	Contig	ok	exon_5	5	124	0.9919354838709677	0.9919354838709677	0.9919354838709677	0.9024390243902439	0.0	123	123	123	111	12	53032311.0	53032433.0	0.9719807238394965	HIGH	GA	GT	NONCANONICAL	CANONICAL	323	0	0.0	0	0
GCA_049634565.1	ASM4963456v1	Bos taurus	Bos taurus	Contig	ok	exon_6	6	1115	0.9641255605381166	1.0	0.9641255605381166	0.8772093023255814	0.0	1075	1075	1115	943	132	53030411.0	53031486.0	0.9531588278235479	HIGH	AG		CANONICAL	NA	1276	0	0.0	0	0
GCA_049634675.1	ASM4963467v1	Bos taurus	Bos taurus	Contig	ok	exon_1	1	194	0.8917525773195877	0.8969072164948454	0.8917525773195877	0.8728323699421965	0.0	173	173	174	151	22	38768481.0	38768653.0	0.9194967522793636	HIGH			NA	NA	373	0	0.0	0	0
GCA_049634675.1	ASM4963467v1	Bos taurus	Bos taurus	Contig	ok	exon_2	2	304	1.0	1.0	1.0	0.9046052631578947	0.0	304	304	304	275	29	38771308.0	38771611.0	0.9761513157894737	HIGH	AG	GT	CANONICAL	CANONICAL	504	0	0.0	0	0
GCA_049634675.1	ASM4963467v1	Bos taurus	Bos taurus	Contig	ok	exon_3	3	837	0.946236559139785	0.966547192353644	0.946236559139785	0.8825757575757576	0.0	792	792	809	699	93	38774463.0	38775254.0	0.9464503910068427	HIGH	AG	AC	CANONICAL	NONCANONICAL	992	0	0.0	0	0
GCA_049634675.1	ASM4963467v1	Bos taurus	Bos taurus	Contig	ok	exon_4	4	213	0.9953051643192489	1.0	0.9953051643192489	0.9056603773584906	0.0	212	212	213	192	20	38782613.0	38783552.0	0.9743024182832847	HIGH	AG	GT	CANONICAL	CANONICAL	1140	0	0.0	0	0
GCA_049634675.1	ASM4963467v1	Bos taurus	Bos taurus	Contig	ok	exon_5	5	124	0.9596774193548387	0.9596774193548387	0.9596774193548387	0.8991596638655462	0.0	119	119	119	107	12	38786373.0	38786491.0	0.956644754676064	HIGH	GA	GT	NONCANONICAL	CANONICAL	319	0	0.0	0	0
GCA_049634675.1	ASM4963467v1	Bos taurus	Bos taurus	Contig	ok	exon_6	6	1115	0.9641255605381166	1.0	0.9641255605381166	0.8725581395348837	0.0	1075	1075	1115	938	137	38787317.0	38788392.0	0.9519960371258734	HIGH	AG		CANONICAL	NA	1276	0	0.0	0	0
GCA_050059765.1	NRCY_Bgru_v1	Bos grunniens	Bos grunniens	Chromosome	ok	exon_1	1	194	0.8917525773195877	0.8969072164948454	0.8917525773195877	0.8728323699421965	0.0	173	173	174	151	22	70448815.0	70448987.0	0.9194967522793636	HIGH			NA	NA	373	0	0.0	0	0
GCA_050059765.1	NRCY_Bgru_v1	Bos grunniens	Bos grunniens	Chromosome	ok	exon_2	2	304	1.0	1.0	1.0	0.8980263157894737	0.0	304	304	304	273	31	70446017.0	70446320.0	0.9745065789473685	HIGH	AG	GT	CANONICAL	CANONICAL	504	0	0.0	0	0
GCA_050059765.1	NRCY_Bgru_v1	Bos grunniens	Bos grunniens	Chromosome	ok	exon_3	3	837	0.946236559139785	0.966547192353644	0.946236559139785	0.8762626262626263	0.0	792	792	809	694	98	70442364.0	70443165.0	0.9448721081785598	HIGH	AG	AC	CANONICAL	NONCANONICAL	1002	0	0.0	0	0
GCA_050059765.1	NRCY_Bgru_v1	Bos grunniens	Bos grunniens	Chromosome	ok	exon_4	4	213	0.8732394366197183	0.8779342723004695	0.8732394366197183	0.9086021505376344	0.0	186	186	187	169	17	70434176.0	70434361.0	0.9201082841132818	HIGH			NA	NA	386	0	0.0	0	0
GCA_050059765.1	NRCY_Bgru_v1	Bos grunniens	Bos grunniens	Chromosome	ok	exon_5	5	124	0.9919354838709677	0.9919354838709677	0.9919354838709677	0.9186991869918699	0.0	123	123	123	113	10	70431229.0	70431351.0	0.976045764489903	HIGH	GA	GT	NONCANONICAL	CANONICAL	323	0	0.0	0	0
GCA_050059765.1	NRCY_Bgru_v1	Bos grunniens	Bos grunniens	Chromosome	ok	exon_6	6	1115	0.9641255605381166	1.0	0.9641255605381166	0.8706976744186047	0.0	1075	1075	1115	936	139	70429328.0	70430403.0	0.9515309208468037	HIGH	AG		CANONICAL	NA	1276	0	0.0	0	0
GCA_050084595.1	ASM5008459v1	Ovis vignei punjabiensis	Ovis vignei	Scaffold	ok	exon_1	1	194	0.9432989690721649	0.9690721649484536	0.9432989690721649	0.8524590163934426	0.0	183	183	188	156	27	1813.0	1999.0	0.9375992901808349	HIGH		CC	NA	NONCANONICAL	387	0	0.0	0	0
GCA_050084595.1	ASM5008459v1	Ovis vignei punjabiensis	Ovis vignei	Scaffold	ok	exon_2	2	304	1.0	1.0	1.0	0.8947368421052632	0.0	304	304	304	272	32	4649.0	4953.0	0.9736842105263158	HIGH	AG	GT	CANONICAL	CANONICAL	505	0	0.0	0	0
GCA_050084595.1	ASM5008459v1	Ovis vignei punjabiensis	Ovis vignei	Scaffold	ok	exon_3	3	837	0.959378733572282	0.98805256869773	0.959378733572282	0.8854296388542964	0.0	803	803	827	711	92	7310.0	8272.0	0.9530778398211011	HIGH	AG	GT	CANONICAL	CANONICAL	1163	0	0.0	0	0
GCA_050084595.1	ASM5008459v1	Ovis vignei punjabiensis	Ovis vignei	Scaffold	ok	exon_4	4	213	0.8732394366197183	0.8779342723004695	0.8732394366197183	0.8924731182795699	0.0	186	186	187	166	20	16036.0	16221.0	0.9160760260487657	HIGH			NA	NA	386	0	0.0	0	0
GCA_050084595.1	ASM5008459v1	Ovis vignei punjabiensis	Ovis vignei	Scaffold	ok	exon_5	5	124	0.9919354838709677	0.9919354838709677	0.9919354838709677	0.8861788617886179	0.0	123	123	123	109	14	19569.0	19691.0	0.96791568318909	HIGH	GA	GC	NONCANONICAL	CANONICAL	323	0	0.0	0	0
GCA_050084595.1	ASM5008459v1	Ovis vignei punjabiensis	Ovis vignei	Scaffold	ok	exon_6	6	1115	0.9524663677130045	0.9847533632286996	0.9524663677130045	0.8709981167608286	0.0	1062	1062	1098	925	137	20513.0	21576.0	0.9463593946610592	HIGH	AG		CANONICAL	NA	1264	0	0.0	0	0
GCA_051122635.1	YB_JAAS	Bos taurus	Bos taurus	Chromosome	ok	exon_1	1	194	0.8917525773195877	0.8969072164948454	0.8917525773195877	0.8728323699421965	0.0	173	173	174	151	22	43882644.0	43882816.0	0.9194967522793636	HIGH			NA	NA	373	0	0.0	0	0
GCA_051122635.1	YB_JAAS	Bos taurus	Bos taurus	Chromosome	ok	exon_2	2	304	1.0	1.0	1.0	0.9078947368421053	0.0	304	304	304	276	28	43885469.0	43885772.0	0.9769736842105263	HIGH	AG	GT	CANONICAL	CANONICAL	504	0	0.0	0	0
GCA_051122635.1	YB_JAAS	Bos taurus	Bos taurus	Chromosome	ok	exon_3	3	837	0.946236559139785	0.966547192353644	0.946236559139785	0.8825757575757576	0.0	792	792	809	699	93	43888624.0	43889415.0	0.9464503910068427	HIGH	AG	AC	CANONICAL	NONCANONICAL	992	0	0.0	0	0
GCA_051122635.1	YB_JAAS	Bos taurus	Bos taurus	Chromosome	ok	exon_4	4	213	0.9953051643192489	1.0	0.9953051643192489	0.9056603773584906	0.0	212	212	213	192	20	43896759.0	43897697.0	0.9743024182832847	HIGH	AG	GT	CANONICAL	CANONICAL	1139	0	0.0	0	0
GCA_051122635.1	YB_JAAS	Bos taurus	Bos taurus	Chromosome	ok	exon_5	5	124	0.9919354838709677	0.9919354838709677	0.9919354838709677	0.9024390243902439	0.0	123	123	123	111	12	43900496.0	43900618.0	0.9719807238394965	HIGH	GA	GT	NONCANONICAL	CANONICAL	323	0	0.0	0	0
GCA_051122635.1	YB_JAAS	Bos taurus	Bos taurus	Chromosome	ok	exon_6	6	1115	0.9641255605381166	1.0	0.9641255605381166	0.8762790697674419	0.0	1075	1075	1115	942	133	43901443.0	43902518.0	0.9529262696840131	HIGH	AG		CANONICAL	NA	1276	0	0.0	0	0
GCA_051176575.2	mAntAme2_a1.2	Antilocapra americana	Antilocapra americana	Scaffold	ok	exon_1	1	194	0.9845360824742269	0.9896907216494846	0.9845360824742269	0.8586387434554974	0.0	191	191	192	164	27	31983193.0	31983383.0	0.9577009229772765	HIGH		AA	NA	NONCANONICAL	391	0	0.0	0	0
GCA_051176575.2	mAntAme2_a1.2	Antilocapra americana	Antilocapra americana	Scaffold	ok	exon_2	2	304	0.9802631578947368	1.0	0.9802631578947368	0.87248322147651	0.0	298	298	304	260	38	31986322.0	31986619.0	0.9592392264217592	HIGH	AG	GT	CANONICAL	CANONICAL	498	0	0.0	0	0
GCA_051176575.2	mAntAme2_a1.2	Antilocapra americana	Antilocapra americana	Scaffold	ok	exon_3	3	837	0.959378733572282	1.0	0.959378733572282	0.8717310087173101	0.0	803	803	837	700	103	31988983.0	31989788.0	0.9496531822868545	HIGH	AG	GT	CANONICAL	CANONICAL	1006	0	0.0	0	0
GCA_051176575.2	mAntAme2_a1.2	Antilocapra americana	Antilocapra americana	Scaffold	ok	exon_4	4	213	0.9812206572769953	0.9906103286384976	0.9812206572769953	0.8803827751196173	0.0	209	209	211	184	25	31997239.0	31997447.0	0.9616449895545522	HIGH	AG	GG	CANONICAL	NONCANONICAL	409	0	0.0	0	0
GCA_051176575.2	mAntAme2_a1.2	Antilocapra americana	Antilocapra americana	Scaffold	ok	exon_5	5	124	0.9112903225806451	0.9919354838709677	0.9112903225806451	0.9203539823008849	0.0	113	113	123	104	9	32000267.0	32000379.0	0.9401691407365116	HIGH	GA	GT	NONCANONICAL	CANONICAL	313	0	0.0	0	0
GCA_051176575.2	mAntAme2_a1.2	Antilocapra americana	Antilocapra americana	Scaffold	ok	exon_6	6	1115	0.9856502242152466	1.0	0.9856502242152466	0.8844404003639672	0.0	1099	1099	1115	972	127	32001224.0	32002334.0	0.9646527009878528	HIGH	AG		CANONICAL	NA	1311	0	0.0	0	0
GCA_051176615.2	mAntAme2_p1.2	Antilocapra americana	Antilocapra americana	Scaffold	ok	exon_1	1	194	0.9742268041237113	0.979381443298969	0.9742268041237113	0.8571428571428571	0.0	189	189	190	162	27	31162680.0	31162868.0	0.9526877761413844	HIGH		AA	NA	NONCANONICAL	389	0	0.0	0	0
GCA_051176615.2	mAntAme2_p1.2	Antilocapra americana	Antilocapra americana	Scaffold	ok	exon_2	2	304	0.9802631578947368	1.0	0.9802631578947368	0.8758389261744967	0.0	298	298	304	261	37	31165807.0	31166104.0	0.9600781525962558	HIGH	AG	GT	CANONICAL	CANONICAL	498	0	0.0	0	0
GCA_051176615.2	mAntAme2_p1.2	Antilocapra americana	Antilocapra americana	Scaffold	ok	exon_3	3	837	0.959378733572282	1.0	0.959378733572282	0.8729763387297634	0.0	803	803	837	701	102	31168468.0	31169273.0	0.9499645147899678	HIGH	AG	GT	CANONICAL	CANONICAL	1006	0	0.0	0	0
GCA_051176615.2	mAntAme2_p1.2	Antilocapra americana	Antilocapra americana	Scaffold	ok	exon_4	4	213	0.9812206572769953	0.9906103286384976	0.9812206572769953	0.8803827751196173	0.0	209	209	211	184	25	31176747.0	31176955.0	0.9616449895545522	HIGH	AG	GG	CANONICAL	NONCANONICAL	409	0	0.0	0	0
GCA_051176615.2	mAntAme2_p1.2	Antilocapra americana	Antilocapra americana	Scaffold	ok	exon_5	5	124	0.9112903225806451	0.9919354838709677	0.9112903225806451	0.9203539823008849	0.0	113	113	123	104	9	31179775.0	31179887.0	0.9401691407365116	HIGH	GA	GT	NONCANONICAL	CANONICAL	313	0	0.0	0	0
GCA_051176615.2	mAntAme2_p1.2	Antilocapra americana	Antilocapra americana	Scaffold	ok	exon_6	6	1115	0.9856502242152466	1.0	0.9856502242152466	0.8835304822565969	0.0	1099	1099	1115	971	128	31180732.0	31181842.0	0.9644252214610103	HIGH	AG		CANONICAL	NA	1311	0	0.0	0	0
GCA_051307275.1	BBCv1.0	Bubalus kerabau	Bubalus kerabau	Chromosome	ok	exon_1	1	194	0.0	0.0	0.0	0.0		0	0	0	0	0			0.21666666666666667	UNRESOLVED			NA	NA	0	0		0	0
GCA_051307275.1	BBCv1.0	Bubalus kerabau	Bubalus kerabau	Chromosome	ok	exon_2	2	304	0.0	0.0	0.0	0.0		0	0	0	0	0			0.21666666666666667	UNRESOLVED			NA	NA	0	0		0	0
GCA_051307275.1	BBCv1.0	Bubalus kerabau	Bubalus kerabau	Chromosome	ok	exon_3	3	837	0.931899641577061	0.966547192353644	0.931899641577061	0.8807692307692307	0.0	780	780	809	687	93	34049709.0	34050488.0	0.9062138130686518	HIGH	AG	AC	CANONICAL	NONCANONICAL	980	0	0.0	0	0
GCA_051307275.1	BBCv1.0	Bubalus kerabau	Bubalus kerabau	Chromosome	ok	exon_4	4	213	0.9953051643192489	1.0	0.9953051643192489	0.9009433962264151	0.0	212	212	213	191	21	34057957.0	34058896.0	0.9397898396669325	HIGH	AG	GT	CANONICAL	CANONICAL	1140	0	0.0	0	0
GCA_051307275.1	BBCv1.0	Bubalus kerabau	Bubalus kerabau	Chromosome	ok	exon_5	5	124	0.9919354838709677	0.9919354838709677	0.9919354838709677	0.9105691056910569	0.0	123	123	123	112	11	34061708.0	34061830.0	0.9406799108313665	HIGH	GA	GT	NONCANONICAL	CANONICAL	323	0	0.0	0	0
GCA_051307275.1	BBCv1.0	Bubalus kerabau	Bubalus kerabau	Chromosome	ok	exon_6	6	1115	0.9632286995515695	1.0	0.9632286995515695	0.8761638733705773	0.0	1074	1074	1115	941	133	34062667.0	34063740.0	0.9191605498075174	HIGH	AC		NONCANONICAL	NA	1274	0	0.0	0	0
GCA_052324755.1	ASM5232475v1	Cervus nippon kopschi	Cervus nippon	Chromosome	ok	exon_1	1	194	0.9690721649484536	0.9690721649484536	0.9690721649484536	0.8829787234042553	0.0	188	188	188	166	22	41698254.0	41698441.0	0.9401604884112014	HIGH		CC	NA	NONCANONICAL	388	0	0.0	0	0
GCA_052324755.1	ASM5232475v1	Cervus nippon kopschi	Cervus nippon	Chromosome	ok	exon_2	2	304	0.9736842105263158	1.0	0.9736842105263158	0.8986486486486487	0.0	296	296	304	266	30	41701118.0	41702229.0	0.9461533902323378	HIGH	AG	GT	CANONICAL	CANONICAL	1312	0	0.0	0	0
GCA_052324755.1	ASM5232475v1	Cervus nippon kopschi	Cervus nippon	Chromosome	ok	exon_3	3	837	0.9796893667861409	1.0	0.9796893667861409	0.8731707317073171	0.0	820	820	837	716	104	41704608.0	41705730.0	0.9424862313139262	HIGH	AG	GT	CANONICAL	CANONICAL	1323	0	0.0	0	0
GCA_052324755.1	ASM5232475v1	Cervus nippon kopschi	Cervus nippon	Chromosome	ok	exon_4	4	213	0.0	0.0	0.0	0.0		0	0	0	0	0			0.23333333333333334	UNRESOLVED			NA	NA	0	0		0	0
GCA_052324755.1	ASM5232475v1	Cervus nippon kopschi	Cervus nippon	Chromosome	ok	exon_5	5	124	0.9919354838709677	0.9919354838709677	0.9919354838709677	0.8861788617886179	0.0	123	123	123	109	14	41712324.0	41712446.0	0.9512490165224234	HIGH	GA	GT	NONCANONICAL	CANONICAL	323	0	0.0	0	0
GCA_052324755.1	ASM5232475v1	Cervus nippon kopschi	Cervus nippon	Chromosome	ok	exon_6	6	1115	0.9551569506726457	1.0	0.9551569506726457	0.8713615023474178	0.0	1065	1065	1115	928	137	41713253.0	41714317.0	0.9309943367228785	HIGH	AG		CANONICAL	NA	1265	0	0.0	0	0
GCA_053525375.1	ASM5352537v1	Ovis vignei	Ovis vignei	Contig	ok	exon_1	1	194	0.9432989690721649	0.9690721649484536	0.9432989690721649	0.8524590163934426	0.0	183	183	188	156	27	4541167.0	4541353.0	0.9375992901808349	HIGH		CC	NA	NONCANONICAL	387	0	0.0	0	0
GCA_053525375.1	ASM5352537v1	Ovis vignei	Ovis vignei	Contig	ok	exon_2	2	304	1.0	1.0	1.0	0.8947368421052632	0.0	304	304	304	272	32	4544502.0	4544806.0	0.9736842105263158	HIGH	AG	GT	CANONICAL	CANONICAL	505	0	0.0	0	0
GCA_053525375.1	ASM5352537v1	Ovis vignei	Ovis vignei	Contig	ok	exon_3	3	837	0.9713261648745519	0.992831541218638	0.9713261648745519	0.8880688806888068	0.0	813	813	831	722	91	4547169.0	4548123.0	0.9591139943657501	HIGH	AG	GT	CANONICAL	CANONICAL	1155	0	0.0	0	0
GCA_053525375.1	ASM5352537v1	Ovis vignei	Ovis vignei	Contig	ok	exon_4	4	213	0.8732394366197183	0.8779342723004695	0.8732394366197183	0.8978494623655914	0.0	186	186	187	167	19	4555875.0	4556060.0	0.9174201120702711	HIGH			NA	NA	386	0	0.0	0	0
GCA_053525375.1	ASM5352537v1	Ovis vignei	Ovis vignei	Contig	ok	exon_5	5	124	0.9919354838709677	0.9919354838709677	0.9919354838709677	0.9024390243902439	0.0	123	123	123	111	12	4559410.0	4559532.0	0.9719807238394965	HIGH	GA	GC	NONCANONICAL	CANONICAL	323	0	0.0	0	0
GCA_053525375.1	ASM5352537v1	Ovis vignei	Ovis vignei	Contig	ok	exon_6	6	1115	0.9524663677130045	0.9847533632286996	0.9524663677130045	0.8709981167608286	0.0	1062	1062	1098	925	137	4560354.0	4561417.0	0.9463593946610592	HIGH	AG		CANONICAL	NA	1264	0	0.0	0	0
GCA_054099735.1	mCepZeb1.hap1	Cephalophula zebra	Cephalophula zebra	Chromosome	ok	exon_1	1	194	0.8969072164948454	0.9278350515463918	0.8969072164948454	0.8620689655172413	0.0	174	174	180	150	24	72351442.0	72351615.0	0.9191254888019909	HIGH			NA	NA	374	0	0.0	0	0
GCA_054099735.1	mCepZeb1.hap1	Cephalophula zebra	Cephalophula zebra	Chromosome	ok	exon_2	2	304	1.0	1.0	1.0	0.8947368421052632	0.0	304	304	304	272	32	72347263.0	72347566.0	0.9736842105263158	HIGH	AA	GT	NONCANONICAL	CANONICAL	504	0	0.0	0	0
GCA_054099735.1	mCepZeb1.hap1	Cephalophula zebra	Cephalophula zebra	Chromosome	ok	exon_3	3	837	0.972520908004779	0.992831541218638	0.972520908004779	0.8783783783783784	0.0	814	814	831	715	99	72343926.0	72344880.0	0.9572290031967452	HIGH	AG	GT	CANONICAL	CANONICAL	1155	0	0.0	0	0
GCA_054099735.1	mCepZeb1.hap1	Cephalophula zebra	Cephalophula zebra	Chromosome	ok	exon_4	4	213	0.9953051643192489	1.0	0.9953051643192489	0.9009433962264151	0.0	212	212	213	191	21	72336650.0	72337589.0	0.9731231730002659	HIGH	AG	TC	CANONICAL	NONCANONICAL	1140	0	0.0	0	0
GCA_054099735.1	mCepZeb1.hap1	Cephalophula zebra	Cephalophula zebra	Chromosome	ok	exon_5	5	124	0.9919354838709677	0.9919354838709677	0.9919354838709677	0.9024390243902439	0.0	123	123	123	111	12	72333166.0	72333288.0	0.9719807238394965	HIGH	GA	GT	NONCANONICAL	CANONICAL	323	0	0.0	0	0
GCA_054099735.1	mCepZeb1.hap1	Cephalophula zebra	Cephalophula zebra	Chromosome	ok	exon_6	6	1115	0.967713004484305	1.0	0.967713004484305	0.8822984244670992	0.0	1079	1079	1115	952	127	72331265.0	72332347.0	0.9560454581347121	HIGH	AG		CANONICAL	NA	1283	0	0.0	0	0
GCA_054099755.1	mCepZeb1.hap2	Cephalophula zebra	Cephalophula zebra	Chromosome	ok	exon_1	1	194	0.8969072164948454	0.9278350515463918	0.8969072164948454	0.867816091954023	0.0	174	174	180	151	23	72635178.0	72635351.0	0.9205622704111862	HIGH			NA	NA	374	0	0.0	0	0
GCA_054099755.1	mCepZeb1.hap2	Cephalophula zebra	Cephalophula zebra	Chromosome	ok	exon_2	2	304	1.0	1.0	1.0	0.8947368421052632	0.0	304	304	304	272	32	72630998.0	72631301.0	0.9736842105263158	HIGH	AA	GT	NONCANONICAL	CANONICAL	504	0	0.0	0	0
GCA_054099755.1	mCepZeb1.hap2	Cephalophula zebra	Cephalophula zebra	Chromosome	ok	exon_3	3	837	0.972520908004779	0.992831541218638	0.972520908004779	0.8783783783783784	0.0	814	814	831	715	99	72627672.0	72628625.0	0.9572290031967452	HIGH	AG	GT	CANONICAL	CANONICAL	1154	0	0.0	0	0
GCA_054099755.1	mCepZeb1.hap2	Cephalophula zebra	Cephalophula zebra	Chromosome	ok	exon_4	4	213	0.9953051643192489	1.0	0.9953051643192489	0.9009433962264151	0.0	212	212	213	191	21	72620411.0	72621350.0	0.9731231730002659	HIGH	AG	TC	CANONICAL	NONCANONICAL	1140	0	0.0	0	0
GCA_054099755.1	mCepZeb1.hap2	Cephalophula zebra	Cephalophula zebra	Chromosome	ok	exon_5	5	124	0.9919354838709677	0.9919354838709677	0.9919354838709677	0.9024390243902439	0.0	123	123	123	111	12	72616927.0	72617049.0	0.9719807238394965	HIGH	GA	GT	NONCANONICAL	CANONICAL	323	0	0.0	0	0
GCA_054099755.1	mCepZeb1.hap2	Cephalophula zebra	Cephalophula zebra	Chromosome	ok	exon_6	6	1115	0.967713004484305	1.0	0.967713004484305	0.8822984244670992	0.0	1079	1079	1115	952	127	72615026.0	72616108.0	0.9560454581347121	HIGH	AG		CANONICAL	NA	1283	0	0.0	0	0
GCA_054126965.1	ASM5412696v1	Capra hircus	Capra hircus	Scaffold	ok	exon_1	1	194	0.9432989690721649	0.9690721649484536	0.9432989690721649	0.8469945355191257	0.0	183	183	188	155	28	70970882.0	70971068.0	0.9362331699622557	HIGH		CC	NA	NONCANONICAL	387	0	0.0	0	0
GCA_054126965.1	ASM5412696v1	Capra hircus	Capra hircus	Scaffold	ok	exon_2	2	304	1.0	1.0	1.0	0.8914473684210527	0.0	304	304	304	271	33	70967928.0	70968232.0	0.9728618421052633	HIGH	AG	GT	CANONICAL	CANONICAL	505	0	0.0	0	0
GCA_054126965.1	ASM5412696v1	Capra hircus	Capra hircus	Scaffold	ok	exon_3	3	837	0.96415770609319	0.992831541218638	0.96415770609319	0.8822800495662949	0.0	807	807	831	712	95	70964612.0	70965568.0	0.9544409801335093	HIGH	AG	GT	CANONICAL	CANONICAL	1157	0	0.0	0	0
GCA_054126965.1	ASM5412696v1	Capra hircus	Capra hircus	Scaffold	ok	exon_4	4	213	0.9953051643192489	1.0	0.9953051643192489	0.8962264150943396	0.0	212	212	213	190	22	70956674.0	70957613.0	0.9719439277172469	HIGH	AG	GT	CANONICAL	CANONICAL	1140	0	0.0	0	0
GCA_054126965.1	ASM5412696v1	Capra hircus	Capra hircus	Scaffold	ok	exon_5	5	124	0.9919354838709677	0.9919354838709677	0.9919354838709677	0.9105691056910569	0.0	123	123	123	112	11	70953151.0	70953273.0	0.9740132441646998	HIGH	GA	GC	NONCANONICAL	CANONICAL	323	0	0.0	0	0
GCA_054126965.1	ASM5412696v1	Capra hircus	Capra hircus	Scaffold	ok	exon_6	6	1115	0.9533632286995516	0.9847533632286996	0.9533632286995516	0.8692380056444027	0.0	1063	1063	1098	924	139	70951263.0	70952327.0	0.9463229543258989	HIGH	AG		CANONICAL	NA	1265	0	0.0	0	0
GCA_054371575.1	T2T-mGirTip1v1.2.alt	Giraffa tippelskirchi	Giraffa tippelskirchi	Chromosome	ok	exon_1	1	194	0.9742268041237113	0.979381443298969	0.9742268041237113	0.8783068783068783	0.0	189	189	190	166	23	102571520.0	102571708.0	0.9579787814323897	HIGH		CC	NA	NONCANONICAL	389	0	0.0	0	0
GCA_054371575.1	T2T-mGirTip1v1.2.alt	Giraffa tippelskirchi	Giraffa tippelskirchi	Chromosome	ok	exon_2	2	304	0.9967105263157895	1.0	0.9967105263157895	0.9108910891089109	0.0	303	303	304	276	27	102574351.0	102574653.0	0.9762425091193331	HIGH	AG	GT	CANONICAL	CANONICAL	503	0	0.0	0	0
GCA_054371575.1	T2T-mGirTip1v1.2.alt	Giraffa tippelskirchi	Giraffa tippelskirchi	Chromosome	ok	exon_3	3	837	0.97610513739546	1.0	0.97610513739546	0.8959608323133414	0.0	817	817	837	732	85	102577014.0	102577831.0	0.9632375199062924	HIGH	AG	GT	CANONICAL	CANONICAL	1018	0	0.0	0	0
GCA_054371575.1	T2T-mGirTip1v1.2.alt	Giraffa tippelskirchi	Giraffa tippelskirchi	Chromosome	ok	exon_4	4	213	0.9953051643192489	1.0	0.9953051643192489	0.8820754716981132	0.0	212	212	213	187	25	102586366.0	102586577.0	0.9684061918681903	HIGH	AG	GT	CANONICAL	CANONICAL	412	0	0.0	0	0
GCA_054371575.1	T2T-mGirTip1v1.2.alt	Giraffa tippelskirchi	Giraffa tippelskirchi	Chromosome	ok	exon_5	5	124	0.9919354838709677	0.9919354838709677	0.9919354838709677	0.8943089430894309	0.0	123	123	123	110	13	102589930.0	102590052.0	0.9699482035142932	HIGH	GA	GT	NONCANONICAL	CANONICAL	323	0	0.0	0	0
GCA_054371575.1	T2T-mGirTip1v1.2.alt	Giraffa tippelskirchi	Giraffa tippelskirchi	Chromosome	ok	exon_6	6	1115	0.9955156950672646	1.0	0.9955156950672646	0.8855855855855855	0.0	1110	1110	1115	983	127	102590874.0	102591983.0	0.9693784591766655	HIGH	AG		CANONICAL	NA	1310	0	0.0	0	0
GCA_054371585.1	T2T-mGirTip1v1.2.pri	Giraffa tippelskirchi	Giraffa tippelskirchi	Complete Genome	ok	exon_1	1	194	0.9742268041237113	0.979381443298969	0.9742268041237113	0.8783068783068783	0.0	189	189	190	166	23	101213283.0	101213471.0	0.9579787814323897	HIGH		CC	NA	NONCANONICAL	389	0	0.0	0	0
GCA_054371585.1	T2T-mGirTip1v1.2.pri	Giraffa tippelskirchi	Giraffa tippelskirchi	Complete Genome	ok	exon_2	2	304	0.9967105263157895	1.0	0.9967105263157895	0.9108910891089109	0.0	303	303	304	276	27	101216114.0	101216416.0	0.9762425091193331	HIGH	AG	GT	CANONICAL	CANONICAL	503	0	0.0	0	0
GCA_054371585.1	T2T-mGirTip1v1.2.pri	Giraffa tippelskirchi	Giraffa tippelskirchi	Complete Genome	ok	exon_3	3	837	0.97610513739546	1.0	0.97610513739546	0.8959608323133414	0.0	817	817	837	732	85	101218777.0	101219594.0	0.9632375199062924	HIGH	AG	GT	CANONICAL	CANONICAL	1018	0	0.0	0	0
GCA_054371585.1	T2T-mGirTip1v1.2.pri	Giraffa tippelskirchi	Giraffa tippelskirchi	Complete Genome	ok	exon_4	4	213	0.9953051643192489	1.0	0.9953051643192489	0.8820754716981132	0.0	212	212	213	187	25	101228129.0	101228340.0	0.9684061918681903	HIGH	AG	GT	CANONICAL	CANONICAL	412	0	0.0	0	0
GCA_054371585.1	T2T-mGirTip1v1.2.pri	Giraffa tippelskirchi	Giraffa tippelskirchi	Complete Genome	ok	exon_5	5	124	0.9919354838709677	0.9919354838709677	0.9919354838709677	0.8943089430894309	0.0	123	123	123	110	13	101231693.0	101231815.0	0.9699482035142932	HIGH	GA	GT	NONCANONICAL	CANONICAL	323	0	0.0	0	0
GCA_054371585.1	T2T-mGirTip1v1.2.pri	Giraffa tippelskirchi	Giraffa tippelskirchi	Complete Genome	ok	exon_6	6	1115	0.9955156950672646	1.0	0.9955156950672646	0.8855855855855855	0.0	1110	1110	1115	983	127	101232637.0	101233746.0	0.9693784591766655	HIGH	AG		CANONICAL	NA	1310	0	0.0	0	0
GCA_054371615.1	T2T-mGirTip1v1.2.pat	Giraffa tippelskirchi	Giraffa tippelskirchi	Complete Genome	ok	exon_1	1	194	0.9742268041237113	0.979381443298969	0.9742268041237113	0.8783068783068783	0.0	189	189	190	166	23	102571520.0	102571708.0	0.9579787814323897	HIGH		CC	NA	NONCANONICAL	389	0	0.0	0	0
GCA_054371615.1	T2T-mGirTip1v1.2.pat	Giraffa tippelskirchi	Giraffa tippelskirchi	Complete Genome	ok	exon_2	2	304	0.9967105263157895	1.0	0.9967105263157895	0.9108910891089109	0.0	303	303	304	276	27	102574351.0	102574653.0	0.9762425091193331	HIGH	AG	GT	CANONICAL	CANONICAL	503	0	0.0	0	0
GCA_054371615.1	T2T-mGirTip1v1.2.pat	Giraffa tippelskirchi	Giraffa tippelskirchi	Complete Genome	ok	exon_3	3	837	0.97610513739546	1.0	0.97610513739546	0.8959608323133414	0.0	817	817	837	732	85	102577014.0	102577831.0	0.9632375199062924	HIGH	AG	GT	CANONICAL	CANONICAL	1018	0	0.0	0	0
GCA_054371615.1	T2T-mGirTip1v1.2.pat	Giraffa tippelskirchi	Giraffa tippelskirchi	Complete Genome	ok	exon_4	4	213	0.9953051643192489	1.0	0.9953051643192489	0.8820754716981132	0.0	212	212	213	187	25	102586366.0	102586577.0	0.9684061918681903	HIGH	AG	GT	CANONICAL	CANONICAL	412	0	0.0	0	0
GCA_054371615.1	T2T-mGirTip1v1.2.pat	Giraffa tippelskirchi	Giraffa tippelskirchi	Complete Genome	ok	exon_5	5	124	0.9919354838709677	0.9919354838709677	0.9919354838709677	0.8943089430894309	0.0	123	123	123	110	13	102589930.0	102590052.0	0.9699482035142932	HIGH	GA	GT	NONCANONICAL	CANONICAL	323	0	0.0	0	0
GCA_054371615.1	T2T-mGirTip1v1.2.pat	Giraffa tippelskirchi	Giraffa tippelskirchi	Complete Genome	ok	exon_6	6	1115	0.9955156950672646	1.0	0.9955156950672646	0.8855855855855855	0.0	1110	1110	1115	983	127	102590874.0	102591983.0	0.9693784591766655	HIGH	AG		CANONICAL	NA	1310	0	0.0	0	0
GCA_054371825.1	T2T-mGirTip1v1.2.mat	Giraffa tippelskirchi	Giraffa tippelskirchi	Chromosome	ok	exon_1	1	194	0.9742268041237113	0.979381443298969	0.9742268041237113	0.8783068783068783	0.0	189	189	190	166	23	101213283.0	101213471.0	0.9579787814323897	HIGH		CC	NA	NONCANONICAL	389	0	0.0	0	0
GCA_054371825.1	T2T-mGirTip1v1.2.mat	Giraffa tippelskirchi	Giraffa tippelskirchi	Chromosome	ok	exon_2	2	304	0.9967105263157895	1.0	0.9967105263157895	0.9108910891089109	0.0	303	303	304	276	27	101216114.0	101216416.0	0.9762425091193331	HIGH	AG	GT	CANONICAL	CANONICAL	503	0	0.0	0	0
GCA_054371825.1	T2T-mGirTip1v1.2.mat	Giraffa tippelskirchi	Giraffa tippelskirchi	Chromosome	ok	exon_3	3	837	0.97610513739546	1.0	0.97610513739546	0.8959608323133414	0.0	817	817	837	732	85	101218777.0	101219594.0	0.9632375199062924	HIGH	AG	GT	CANONICAL	CANONICAL	1018	0	0.0	0	0
GCA_054371825.1	T2T-mGirTip1v1.2.mat	Giraffa tippelskirchi	Giraffa tippelskirchi	Chromosome	ok	exon_4	4	213	0.9953051643192489	1.0	0.9953051643192489	0.8820754716981132	0.0	212	212	213	187	25	101228129.0	101228340.0	0.9684061918681903	HIGH	AG	GT	CANONICAL	CANONICAL	412	0	0.0	0	0
GCA_054371825.1	T2T-mGirTip1v1.2.mat	Giraffa tippelskirchi	Giraffa tippelskirchi	Chromosome	ok	exon_5	5	124	0.9919354838709677	0.9919354838709677	0.9919354838709677	0.8943089430894309	0.0	123	123	123	110	13	101231693.0	101231815.0	0.9699482035142932	HIGH	GA	GT	NONCANONICAL	CANONICAL	323	0	0.0	0	0
GCA_054371825.1	T2T-mGirTip1v1.2.mat	Giraffa tippelskirchi	Giraffa tippelskirchi	Chromosome	ok	exon_6	6	1115	0.9955156950672646	1.0	0.9955156950672646	0.8855855855855855	0.0	1110	1110	1115	983	127	101232637.0	101233746.0	0.9693784591766655	HIGH	AG		CANONICAL	NA	1310	0	0.0	0	0
GCA_054642885.1	CapIbe1.0	Capra ibex	Capra ibex	Chromosome	ok	exon_1	1	194	0.9432989690721649	0.9690721649484536	0.9432989690721649	0.8469945355191257	0.0	183	183	188	155	28	21188029.0	21188216.0	0.9362331699622557	HIGH		CC	NA	NONCANONICAL	388	0	0.0	0	0
GCA_054642885.1	CapIbe1.0	Capra ibex	Capra ibex	Chromosome	ok	exon_2	2	304	1.0	1.0	1.0	0.8914473684210527	0.0	304	304	304	271	33	21190867.0	21191171.0	0.9728618421052633	HIGH	AG	GT	CANONICAL	CANONICAL	505	0	0.0	0	0
GCA_054642885.1	CapIbe1.0	Capra ibex	Capra ibex	Chromosome	ok	exon_3	3	837	0.96415770609319	0.992831541218638	0.96415770609319	0.8835192069392813	0.0	807	807	831	713	94	21193534.0	21194490.0	0.9547507694767559	HIGH	AG	GT	CANONICAL	CANONICAL	1157	0	0.0	0	0
GCA_054642885.1	CapIbe1.0	Capra ibex	Capra ibex	Chromosome	ok	exon_4	4	213	0.9953051643192489	1.0	0.9953051643192489	0.8915094339622641	0.0	212	212	213	189	23	21201489.0	21202428.0	0.9707646824342281	HIGH	AG	GT	CANONICAL	CANONICAL	1140	0	0.0	0	0
GCA_054642885.1	CapIbe1.0	Capra ibex	Capra ibex	Chromosome	ok	exon_5	5	124	0.9919354838709677	0.9919354838709677	0.9919354838709677	0.9105691056910569	0.0	123	123	123	112	11	21205819.0	21205941.0	0.9740132441646998	HIGH	GA	GC	NONCANONICAL	CANONICAL	323	0	0.0	0	0
GCA_054642885.1	CapIbe1.0	Capra ibex	Capra ibex	Chromosome	ok	exon_6	6	1115	0.9533632286995516	0.9847533632286996	0.9533632286995516	0.8701787394167451	0.0	1063	1063	1098	925	138	21206765.0	21207829.0	0.9465581377689845	HIGH	AG		CANONICAL	NA	1265	0	0.0	0	0
GCA_054824845.1	mRucEld1.hap2	Rucervus eldii thamin	Rucervus eldii	Chromosome	ok	exon_1	1	194	0.9690721649484536	0.9690721649484536	0.9690721649484536	0.8829787234042553	0.0	188	188	188	166	22	28495999.0	28496186.0	0.9401604884112014	HIGH		CC	NA	NONCANONICAL	388	0	0.0	0	0
GCA_054824845.1	mRucEld1.hap2	Rucervus eldii thamin	Rucervus eldii	Chromosome	ok	exon_2	2	304	0.9703947368421053	0.9967105263157895	0.9703947368421053	0.9016949152542373	0.0	295	295	303	266	29	28492515.0	28493631.0	0.9454346937258402	HIGH	AG	AG	CANONICAL	NONCANONICAL	1317	0	0.0	0	0
GCA_054824845.1	mRucEld1.hap2	Rucervus eldii thamin	Rucervus eldii	Chromosome	ok	exon_3	3	837	0.977299880525687	1.0	0.977299880525687	0.8838630806845966	0.0	818	818	837	723	95	28489037.0	28490132.0	0.9440840497410417	HIGH	AG	GT	CANONICAL	CANONICAL	1296	0	0.0	0	0
GCA_054824845.1	mRucEld1.hap2	Rucervus eldii thamin	Rucervus eldii	Chromosome	ok	exon_4	4	213	0.0	0.0	0.0	0.0		0	0	0	0	0			0.23333333333333334	UNRESOLVED			NA	NA	0	0		0	0
GCA_054824845.1	mRucEld1.hap2	Rucervus eldii thamin	Rucervus eldii	Chromosome	ok	exon_5	5	124	0.9919354838709677	0.9919354838709677	0.9919354838709677	0.8861788617886179	0.0	123	123	123	109	14	28481170.0	28481292.0	0.9512490165224234	HIGH	GA	GT	NONCANONICAL	CANONICAL	323	0	0.0	0	0
GCA_054824845.1	mRucEld1.hap2	Rucervus eldii thamin	Rucervus eldii	Chromosome	ok	exon_6	6	1115	0.9551569506726457	1.0	0.9551569506726457	0.8751173708920188	0.0	1065	1065	1115	932	133	28479295.0	28480359.0	0.9319333038590287	HIGH	AG		CANONICAL	NA	1265	0	0.0	0	0
GCA_054824865.1	mRucEld1.hap1	Rucervus eldii thamin	Rucervus eldii	Chromosome	ok	exon_1	1	194	0.9690721649484536	0.9690721649484536	0.9690721649484536	0.8829787234042553	0.0	188	188	188	166	22	28500682.0	28500869.0	0.9401604884112014	HIGH		CC	NA	NONCANONICAL	388	0	0.0	0	0
GCA_054824865.1	mRucEld1.hap1	Rucervus eldii thamin	Rucervus eldii	Chromosome	ok	exon_2	2	304	0.9703947368421053	0.9967105263157895	0.9703947368421053	0.9050847457627119	0.0	295	295	303	267	28	28497197.0	28498313.0	0.9462821513529588	HIGH	AG	AG	CANONICAL	NONCANONICAL	1317	0	0.0	0	0
GCA_054824865.1	mRucEld1.hap1	Rucervus eldii thamin	Rucervus eldii	Chromosome	ok	exon_3	3	837	0.9796893667861409	1.0	0.9796893667861409	0.8841463414634146	0.0	820	820	837	725	95	28493718.0	28494815.0	0.9452301337529505	HIGH	AG	GT	CANONICAL	CANONICAL	1298	0	0.0	0	0
GCA_054824865.1	mRucEld1.hap1	Rucervus eldii thamin	Rucervus eldii	Chromosome	ok	exon_4	4	213	0.0	0.0	0.0	0.0		0	0	0	0	0			0.23333333333333334	UNRESOLVED			NA	NA	0	0		0	0
GCA_054824865.1	mRucEld1.hap1	Rucervus eldii thamin	Rucervus eldii	Chromosome	ok	exon_5	5	124	0.9919354838709677	0.9919354838709677	0.9919354838709677	0.8861788617886179	0.0	123	123	123	109	14	28485841.0	28485963.0	0.9512490165224234	HIGH	GA	GT	NONCANONICAL	CANONICAL	323	0	0.0	0	0
GCA_054824865.1	mRucEld1.hap1	Rucervus eldii thamin	Rucervus eldii	Chromosome	ok	exon_6	6	1115	0.9551569506726457	1.0	0.9551569506726457	0.8741784037558685	0.0	1065	1065	1115	931	134	28483965.0	28485029.0	0.9316985620749911	HIGH	AG		CANONICAL	NA	1265	0	0.0	0	0
GCA_054825135.1	ASM5482513v1	Bos taurus	Bos taurus	Scaffold	ok	exon_1	1	194	0.8917525773195877	0.8969072164948454	0.8917525773195877	0.8728323699421965	0.0	173	173	174	151	22	55184634.0	55184806.0	0.9194967522793636	HIGH			NA	NA	373	0	0.0	0	0
GCA_054825135.1	ASM5482513v1	Bos taurus	Bos taurus	Scaffold	ok	exon_2	2	304	1.0	1.0	1.0	0.9046052631578947	0.0	304	304	304	275	29	55187461.0	55187764.0	0.9761513157894737	HIGH	AG	GT	CANONICAL	CANONICAL	504	0	0.0	0	0
GCA_054825135.1	ASM5482513v1	Bos taurus	Bos taurus	Scaffold	ok	exon_3	3	837	0.946236559139785	0.966547192353644	0.946236559139785	0.8825757575757576	0.0	792	792	809	699	93	55190616.0	55191407.0	0.9464503910068427	HIGH	AG	AC	CANONICAL	NONCANONICAL	992	0	0.0	0	0
GCA_054825135.1	ASM5482513v1	Bos taurus	Bos taurus	Scaffold	ok	exon_4	4	213	0.9953051643192489	1.0	0.9953051643192489	0.9056603773584906	0.0	212	212	213	192	20	55198766.0	55199705.0	0.9743024182832847	HIGH	AG	GT	CANONICAL	CANONICAL	1140	0	0.0	0	0
GCA_054825135.1	ASM5482513v1	Bos taurus	Bos taurus	Scaffold	ok	exon_5	5	124	0.9596774193548387	0.9596774193548387	0.9596774193548387	0.8991596638655462	0.0	119	119	119	107	12	55202526.0	55202644.0	0.956644754676064	HIGH	GA	GT	NONCANONICAL	CANONICAL	319	0	0.0	0	0
GCA_054825135.1	ASM5482513v1	Bos taurus	Bos taurus	Scaffold	ok	exon_6	6	1115	0.9641255605381166	1.0	0.9641255605381166	0.8725581395348837	0.0	1075	1075	1115	938	137	55203470.0	55204545.0	0.9519960371258734	HIGH	AG		CANONICAL	NA	1276	0	0.0	0	0
GCA_054855995.1	mCapNub1.hap1	Capra nubiana	Capra nubiana	Chromosome	ok	exon_1	1	194	0.9432989690721649	0.9690721649484536	0.9432989690721649	0.8469945355191257	0.0	183	183	188	155	28	71074025.0	71074211.0	0.9362331699622557	HIGH		CC	NA	NONCANONICAL	387	0	0.0	0	0
GCA_054855995.1	mCapNub1.hap1	Capra nubiana	Capra nubiana	Chromosome	ok	exon_2	2	304	1.0	1.0	1.0	0.8914473684210527	0.0	304	304	304	271	33	71071071.0	71071375.0	0.9728618421052633	HIGH	AG	GT	CANONICAL	CANONICAL	505	0	0.0	0	0
GCA_054855995.1	mCapNub1.hap1	Capra nubiana	Capra nubiana	Chromosome	ok	exon_3	3	837	0.96415770609319	0.992831541218638	0.96415770609319	0.8822800495662949	0.0	807	807	831	712	95	71067754.0	71068710.0	0.9544409801335093	HIGH	AG	GT	CANONICAL	CANONICAL	1157	0	0.0	0	0
GCA_054855995.1	mCapNub1.hap1	Capra nubiana	Capra nubiana	Chromosome	ok	exon_4	4	213	0.9953051643192489	1.0	0.9953051643192489	0.8915094339622641	0.0	212	212	213	189	23	71059814.0	71060753.0	0.9707646824342281	HIGH	AG	GT	CANONICAL	CANONICAL	1140	0	0.0	0	0
GCA_054855995.1	mCapNub1.hap1	Capra nubiana	Capra nubiana	Chromosome	ok	exon_5	5	124	0.9919354838709677	0.9919354838709677	0.9919354838709677	0.9105691056910569	0.0	123	123	123	112	11	71056289.0	71056411.0	0.9740132441646998	HIGH	GA	GC	NONCANONICAL	CANONICAL	323	0	0.0	0	0
GCA_054855995.1	mCapNub1.hap1	Capra nubiana	Capra nubiana	Chromosome	ok	exon_6	6	1115	0.9533632286995516	0.9847533632286996	0.9533632286995516	0.8682972718720602	0.0	1063	1063	1098	923	140	71054401.0	71055465.0	0.9460877708828133	HIGH	AG		CANONICAL	NA	1265	0	0.0	0	0
GCA_054856215.1	mCapNub1.hap2	Capra nubiana	Capra nubiana	Chromosome	ok	exon_1	1	194	0.9432989690721649	0.9690721649484536	0.9432989690721649	0.8469945355191257	0.0	183	183	188	155	28	71484560.0	71484746.0	0.9362331699622557	HIGH		CC	NA	NONCANONICAL	387	0	0.0	0	0
GCA_054856215.1	mCapNub1.hap2	Capra nubiana	Capra nubiana	Chromosome	ok	exon_2	2	304	1.0	1.0	1.0	0.8914473684210527	0.0	304	304	304	271	33	71481606.0	71481910.0	0.9728618421052633	HIGH	AG	GT	CANONICAL	CANONICAL	505	0	0.0	0	0
GCA_054856215.1	mCapNub1.hap2	Capra nubiana	Capra nubiana	Chromosome	ok	exon_3	3	837	0.96415770609319	0.992831541218638	0.96415770609319	0.8822800495662949	0.0	807	807	831	712	95	71478289.0	71479245.0	0.9544409801335093	HIGH	AG	GT	CANONICAL	CANONICAL	1157	0	0.0	0	0
GCA_054856215.1	mCapNub1.hap2	Capra nubiana	Capra nubiana	Chromosome	ok	exon_4	4	213	0.9953051643192489	1.0	0.9953051643192489	0.8915094339622641	0.0	212	212	213	189	23	71470349.0	71471288.0	0.9707646824342281	HIGH	AG	GT	CANONICAL	CANONICAL	1140	0	0.0	0	0
GCA_054856215.1	mCapNub1.hap2	Capra nubiana	Capra nubiana	Chromosome	ok	exon_5	5	124	0.9919354838709677	0.9919354838709677	0.9919354838709677	0.9105691056910569	0.0	123	123	123	112	11	71466824.0	71466946.0	0.9740132441646998	HIGH	GA	GC	NONCANONICAL	CANONICAL	323	0	0.0	0	0
GCA_054856215.1	mCapNub1.hap2	Capra nubiana	Capra nubiana	Chromosome	ok	exon_6	6	1115	0.9533632286995516	0.9847533632286996	0.9533632286995516	0.8682972718720602	0.0	1063	1063	1098	923	140	71464936.0	71466000.0	0.9460877708828133	HIGH	AG		CANONICAL	NA	1265	0	0.0	0	0
GCA_054883215.1	mAxiPor1.hap1	Axis porcinus	Axis porcinus	Chromosome	ok	exon_1	1	194	0.9690721649484536	0.9690721649484536	0.9690721649484536	0.8723404255319149	0.0	188	188	188	164	24	28740837.0	28741024.0	0.9541675806097829	HIGH		CA	NA	NONCANONICAL	388	0	0.0	0	0
GCA_054883215.1	mAxiPor1.hap1	Axis porcinus	Axis porcinus	Chromosome	ok	exon_2	2	304	0.9243421052631579	1.0	0.9243421052631579	0.9039145907473309	0.0	281	281	304	254	27	28737622.0	28738724.0	0.9419325950552538	HIGH	AA	GT	NONCANONICAL	CANONICAL	1303	0	0.0	0	0
GCA_054883215.1	mAxiPor1.hap1	Axis porcinus	Axis porcinus	Chromosome	ok	exon_3	3	837	0.978494623655914	1.0	0.978494623655914	0.8705738705738706	0.0	819	819	837	713	106	28734122.0	28735238.0	0.957966048288629	HIGH	AG	GT	CANONICAL	CANONICAL	1317	0	0.0	0	0
GCA_054883215.1	mAxiPor1.hap1	Axis porcinus	Axis porcinus	Chromosome	ok	exon_4	4	213	0.9953051643192489	1.0	0.9953051643192489	0.8867924528301887	0.0	212	212	213	188	24	28726066.0	28726561.0	0.9695854371512092	HIGH	AG	GT	CANONICAL	CANONICAL	696	0	0.0	0	0
GCA_054883215.1	mAxiPor1.hap1	Axis porcinus	Axis porcinus	Chromosome	ok	exon_5	5	124	0.9919354838709677	0.9919354838709677	0.9919354838709677	0.8780487804878049	0.0	123	123	123	108	15	28722848.0	28722970.0	0.9658831628638868	HIGH	GA	GT	NONCANONICAL	CANONICAL	323	0	0.0	0	0
GCA_054883215.1	mAxiPor1.hap1	Axis porcinus	Axis porcinus	Chromosome	ok	exon_6	6	1115	0.9551569506726457	1.0	0.9551569506726457	0.8751173708920188	0.0	1065	1065	1115	932	133	28720974.0	28722038.0	0.9485999705256953	HIGH	AG		CANONICAL	NA	1265	0	0.0	0	0
GCA_054883225.1	mAxiPor1.hap2	Axis porcinus	Axis porcinus	Chromosome	ok	exon_1	1	194	0.9690721649484536	0.9690721649484536	0.9690721649484536	0.8723404255319149	0.0	188	188	188	164	24	28737071.0	28737258.0	0.9541675806097829	HIGH		CA	NA	NONCANONICAL	388	0	0.0	0	0
GCA_054883225.1	mAxiPor1.hap2	Axis porcinus	Axis porcinus	Chromosome	ok	exon_2	2	304	0.9243421052631579	1.0	0.9243421052631579	0.9074733096085409	0.0	281	281	304	255	26	28733597.0	28734699.0	0.9428222747705564	HIGH	AA	GT	NONCANONICAL	CANONICAL	1303	0	0.0	0	0
GCA_054883225.1	mAxiPor1.hap2	Axis porcinus	Axis porcinus	Chromosome	ok	exon_3	3	837	0.978494623655914	1.0	0.978494623655914	0.873015873015873	0.0	819	819	837	715	104	28730098.0	28731214.0	0.9585765488991296	HIGH	AG	GT	CANONICAL	CANONICAL	1317	0	0.0	0	0
GCA_054883225.1	mAxiPor1.hap2	Axis porcinus	Axis porcinus	Chromosome	ok	exon_4	4	213	0.9953051643192489	1.0	0.9953051643192489	0.8867924528301887	0.0	212	212	213	188	24	28722046.0	28722541.0	0.9695854371512092	HIGH	AG	GT	CANONICAL	CANONICAL	696	0	0.0	0	0
GCA_054883225.1	mAxiPor1.hap2	Axis porcinus	Axis porcinus	Chromosome	ok	exon_5	5	124	0.9919354838709677	0.9919354838709677	0.9919354838709677	0.8780487804878049	0.0	123	123	123	108	15	28718828.0	28718950.0	0.9658831628638868	HIGH	GA	GT	NONCANONICAL	CANONICAL	323	0	0.0	0	0
GCA_054883225.1	mAxiPor1.hap2	Axis porcinus	Axis porcinus	Chromosome	ok	exon_6	6	1115	0.9551569506726457	1.0	0.9551569506726457	0.8760563380281691	0.0	1065	1065	1115	933	132	28716953.0	28718017.0	0.9488347123097329	HIGH	AG		CANONICAL	NA	1265	0	0.0	0	0
GCA_055505025.1	Bosgru_T2T1.0	Bos grunniens	Bos grunniens	Chromosome	ok	exon_1	1	194	0.8917525773195877	0.8969072164948454	0.8917525773195877	0.8728323699421965	0.0	173	173	174	151	22	34729023.0	34729195.0	0.9194967522793636	HIGH			NA	NA	373	0	0.0	0	0
GCA_055505025.1	Bosgru_T2T1.0	Bos grunniens	Bos grunniens	Chromosome	ok	exon_2	2	304	1.0	1.0	1.0	0.9013157894736842	0.0	304	304	304	274	30	34731691.0	34731994.0	0.9753289473684211	HIGH	AG	GT	CANONICAL	CANONICAL	504	0	0.0	0	0
GCA_055505025.1	Bosgru_T2T1.0	Bos grunniens	Bos grunniens	Chromosome	ok	exon_3	3	837	0.946236559139785	0.966547192353644	0.946236559139785	0.8787878787878788	0.0	792	792	809	696	96	34734848.0	34735649.0	0.945503421309873	HIGH	AG	AC	CANONICAL	NONCANONICAL	1002	0	0.0	0	0
GCA_055505025.1	Bosgru_T2T1.0	Bos grunniens	Bos grunniens	Chromosome	ok	exon_4	4	213	0.8732394366197183	0.8779342723004695	0.8732394366197183	0.9086021505376344	0.0	186	186	187	169	17	34743655.0	34743840.0	0.9201082841132818	HIGH			NA	NA	386	0	0.0	0	0
GCA_055505025.1	Bosgru_T2T1.0	Bos grunniens	Bos grunniens	Chromosome	ok	exon_5	5	124	0.9919354838709677	0.9919354838709677	0.9919354838709677	0.9186991869918699	0.0	123	123	123	113	10	34746665.0	34746787.0	0.976045764489903	HIGH	GA	GT	NONCANONICAL	CANONICAL	323	0	0.0	0	0
GCA_055505025.1	Bosgru_T2T1.0	Bos grunniens	Bos grunniens	Chromosome	ok	exon_6	6	1115	0.9641255605381166	1.0	0.9641255605381166	0.8706976744186047	0.0	1075	1075	1115	936	139	34747613.0	34748688.0	0.9515309208468037	HIGH	AG		CANONICAL	NA	1276	0	0.0	0	0
GCA_055691375.1	ASM5569137v1	Bos taurus	Bos taurus	Scaffold	ok	exon_1	1	194	0.8917525773195877	0.8969072164948454	0.8917525773195877	0.8728323699421965	0.0	173	173	174	151	22	33915350.0	33915522.0	0.9194967522793636	HIGH			NA	NA	373	0	0.0	0	0
GCA_055691375.1	ASM5569137v1	Bos taurus	Bos taurus	Scaffold	ok	exon_2	2	304	1.0	1.0	1.0	0.9046052631578947	0.0	304	304	304	275	29	33918178.0	33918481.0	0.9761513157894737	HIGH	AG	GT	CANONICAL	CANONICAL	504	0	0.0	0	0
GCA_055691375.1	ASM5569137v1	Bos taurus	Bos taurus	Scaffold	ok	exon_3	3	837	0.946236559139785	0.966547192353644	0.946236559139785	0.8825757575757576	0.0	792	792	809	699	93	33921333.0	33922124.0	0.9464503910068427	HIGH	AG	AC	CANONICAL	NONCANONICAL	992	0	0.0	0	0
GCA_055691375.1	ASM5569137v1	Bos taurus	Bos taurus	Scaffold	ok	exon_4	4	213	0.9953051643192489	1.0	0.9953051643192489	0.9056603773584906	0.0	212	212	213	192	20	33929483.0	33930422.0	0.9743024182832847	HIGH	AG	GT	CANONICAL	CANONICAL	1140	0	0.0	0	0
GCA_055691375.1	ASM5569137v1	Bos taurus	Bos taurus	Scaffold	ok	exon_5	5	124	0.9596774193548387	0.9596774193548387	0.9596774193548387	0.8991596638655462	0.0	119	119	119	107	12	33933244.0	33933362.0	0.956644754676064	HIGH	GA	GT	NONCANONICAL	CANONICAL	319	0	0.0	0	0
GCA_055691375.1	ASM5569137v1	Bos taurus	Bos taurus	Scaffold	ok	exon_6	6	1115	0.9641255605381166	1.0	0.9641255605381166	0.8734883720930232	0.0	1075	1075	1115	939	136	33934188.0	33935263.0	0.9522285952654084	HIGH	AG		CANONICAL	NA	1276	0	0.0	0	0
GCA_055691405.1	ASM5569140v1	Bos taurus	Bos taurus	Scaffold	ok	exon_1	1	194	0.8917525773195877	0.8969072164948454	0.8917525773195877	0.8728323699421965	0.0	173	173	174	151	22	36045602.0	36045774.0	0.9194967522793636	HIGH			NA	NA	373	0	0.0	0	0
GCA_055691405.1	ASM5569140v1	Bos taurus	Bos taurus	Scaffold	ok	exon_2	2	304	1.0	1.0	1.0	0.9046052631578947	0.0	304	304	304	275	29	36048429.0	36048732.0	0.9761513157894737	HIGH	AG	GT	CANONICAL	CANONICAL	504	0	0.0	0	0
GCA_055691405.1	ASM5569140v1	Bos taurus	Bos taurus	Scaffold	ok	exon_3	3	837	0.946236559139785	0.966547192353644	0.946236559139785	0.8825757575757576	0.0	792	792	809	699	93	36051584.0	36052375.0	0.9464503910068427	HIGH	AG	AC	CANONICAL	NONCANONICAL	992	0	0.0	0	0
GCA_055691405.1	ASM5569140v1	Bos taurus	Bos taurus	Scaffold	ok	exon_4	4	213	0.9953051643192489	1.0	0.9953051643192489	0.9056603773584906	0.0	212	212	213	192	20	36059734.0	36060673.0	0.9743024182832847	HIGH	AG	GT	CANONICAL	CANONICAL	1140	0	0.0	0	0
GCA_055691405.1	ASM5569140v1	Bos taurus	Bos taurus	Scaffold	ok	exon_5	5	124	0.9596774193548387	0.9596774193548387	0.9596774193548387	0.8991596638655462	0.0	119	119	119	107	12	36063495.0	36063613.0	0.956644754676064	HIGH	GA	GT	NONCANONICAL	CANONICAL	319	0	0.0	0	0
GCA_055691405.1	ASM5569140v1	Bos taurus	Bos taurus	Scaffold	ok	exon_6	6	1115	0.9641255605381166	1.0	0.9641255605381166	0.8734883720930232	0.0	1075	1075	1115	939	136	36064439.0	36065514.0	0.9522285952654084	HIGH	AG		CANONICAL	NA	1276	0	0.0	0	0
GCA_055691435.1	CaHircus_AHG_v1	Capra hircus	Capra hircus	Scaffold	ok	exon_1	1	194	0.9432989690721649	0.9690721649484536	0.9432989690721649	0.8469945355191257	0.0	183	183	188	155	28	20201952.0	20202138.0	0.9362331699622557	HIGH		CC	NA	NONCANONICAL	387	0	0.0	0	0
GCA_055691435.1	CaHircus_AHG_v1	Capra hircus	Capra hircus	Scaffold	ok	exon_2	2	304	1.0	1.0	1.0	0.8947368421052632	0.0	304	304	304	272	32	20204856.0	20205160.0	0.9736842105263158	HIGH	AG	GT	CANONICAL	CANONICAL	505	0	0.0	0	0
GCA_055691435.1	CaHircus_AHG_v1	Capra hircus	Capra hircus	Scaffold	ok	exon_3	3	837	0.9629629629629629	0.992831541218638	0.9629629629629629	0.8846153846153846	0.0	806	806	831	713	93	20207141.0	20208096.0	0.9544871794871794	HIGH	AG	GT	CANONICAL	CANONICAL	1156	0	0.0	0	0
GCA_055691435.1	CaHircus_AHG_v1	Capra hircus	Capra hircus	Scaffold	ok	exon_4	4	213	0.9953051643192489	1.0	0.9953051643192489	0.8962264150943396	0.0	212	212	213	190	22	20215021.0	20215960.0	0.9719439277172469	HIGH	AG	GT	CANONICAL	CANONICAL	1140	0	0.0	0	0
GCA_055691435.1	CaHircus_AHG_v1	Capra hircus	Capra hircus	Scaffold	ok	exon_5	5	124	0.9919354838709677	0.9919354838709677	0.9919354838709677	0.9105691056910569	0.0	123	123	123	112	11	20219427.0	20219549.0	0.9740132441646998	HIGH	GA	GC	NONCANONICAL	CANONICAL	323	0	0.0	0	0
GCA_055691435.1	CaHircus_AHG_v1	Capra hircus	Capra hircus	Scaffold	ok	exon_6	6	1115	0.9533632286995516	0.9847533632286996	0.9533632286995516	0.8692380056444027	0.0	1063	1063	1098	924	139	20220317.0	20221381.0	0.9463229543258989	HIGH	AG		CANONICAL	NA	1265	0	0.0	0	0
GCA_056162995.1	ASM5616299v1	Bos taurus	Bos taurus	Contig	ok	exon_1	1	194	0.8917525773195877	0.8969072164948454	0.8917525773195877	0.8728323699421965	0.0	173	173	174	151	22	70741570.0	70741742.0	0.9194967522793636	HIGH			NA	NA	373	0	0.0	0	0
GCA_056162995.1	ASM5616299v1	Bos taurus	Bos taurus	Contig	ok	exon_2	2	304	1.0	1.0	1.0	0.9078947368421053	0.0	304	304	304	276	28	70738614.0	70738917.0	0.9769736842105263	HIGH	AG	GT	CANONICAL	CANONICAL	504	0	0.0	0	0
GCA_056162995.1	ASM5616299v1	Bos taurus	Bos taurus	Contig	ok	exon_3	3	837	0.942652329749104	0.966547192353644	0.942652329749104	0.8846641318124208	0.0	789	789	809	698	91	70735287.0	70736077.0	0.945359581340202	HIGH	AG	AC	CANONICAL	NONCANONICAL	991	0	0.0	0	0
GCA_056162995.1	ASM5616299v1	Bos taurus	Bos taurus	Contig	ok	exon_4	4	213	0.9953051643192489	1.0	0.9953051643192489	0.9056603773584906	0.0	212	212	213	192	20	70727001.0	70727940.0	0.9743024182832847	HIGH	AG	GT	CANONICAL	CANONICAL	1140	0	0.0	0	0
GCA_056162995.1	ASM5616299v1	Bos taurus	Bos taurus	Contig	ok	exon_5	5	124	0.9838709677419355	0.9919354838709677	0.9838709677419355	0.9098360655737705	0.0	122	122	123	111	11	70724053.0	70724174.0	0.9702009518773136	HIGH	GA	GT	NONCANONICAL	CANONICAL	322	0	0.0	0	0
GCA_056162995.1	ASM5616299v1	Bos taurus	Bos taurus	Contig	ok	exon_6	6	1115	0.9641255605381166	1.0	0.9641255605381166	0.8744186046511628	0.0	1075	1075	1115	940	135	70722153.0	70723228.0	0.9524611534049432	HIGH	AG		CANONICAL	NA	1276	0	0.0	0	0
GCA_056247825.1	ASM5624782v1	Hydropotes inermis	Hydropotes inermis	Complete Genome	ok	exon_1	1	194	0.979381443298969	0.979381443298969	0.979381443298969	0.8526315789473684	0.0	190	190	190	162	28	47840174.0	47840364.0	0.9538795442213782	HIGH		CA	NA	NONCANONICAL	391	0	0.0	0	0
GCA_056247825.1	ASM5624782v1	Hydropotes inermis	Hydropotes inermis	Complete Genome	ok	exon_2	2	304	0.9703947368421053	1.0	0.9703947368421053	0.9050847457627119	0.0	295	295	304	267	28	47842081.0	47843198.0	0.9629488180196254	HIGH	AG	GT	CANONICAL	CANONICAL	1318	0	0.0	0	0
GCA_056247825.1	ASM5624782v1	Hydropotes inermis	Hydropotes inermis	Complete Genome	ok	exon_3	3	837	0.9354838709677419	0.954599761051374	0.9354838709677419	0.8876117496807152	0.0	783	783	799	695	88	47845575.0	47846671.0	0.9428706793556627	HIGH	AG	GT	CANONICAL	CANONICAL	1297	0	0.0	0	0
GCA_056247825.1	ASM5624782v1	Hydropotes inermis	Hydropotes inermis	Complete Genome	ok	exon_4	4	213	0.8732394366197183	0.8779342723004695	0.8732394366197183	0.8817204301075269	0.0	186	186	187	164	22	47854269.0	47854454.0	0.913387854005755	HIGH			NA	NA	386	0	0.0	0	0
GCA_056247825.1	ASM5624782v1	Hydropotes inermis	Hydropotes inermis	Complete Genome	ok	exon_5	5	124	0.9919354838709677	0.9919354838709677	0.9919354838709677	0.8861788617886179	0.0	123	123	123	109	14	47857445.0	47857567.0	0.96791568318909	HIGH	GA	GT	NONCANONICAL	CANONICAL	323	0	0.0	0	0
GCA_056247825.1	ASM5624782v1	Hydropotes inermis	Hydropotes inermis	Complete Genome	ok	exon_6	6	1115	0.9551569506726457	1.0	0.9551569506726457	0.8741784037558685	0.0	1065	1065	1115	931	134	47858384.0	47859449.0	0.9483652287416577	HIGH	AG		CANONICAL	NA	1266	0	0.0	0	0
GCA_056748525.1	ASM5674852v1	Bos taurus	Bos taurus	Chromosome	ok	exon_1	1	194	0.8917525773195877	0.8969072164948454	0.8917525773195877	0.8728323699421965	0.0	173	173	174	151	22	33962253.0	33962425.0	0.9194967522793636	HIGH			NA	NA	373	0	0.0	0	0
GCA_056748525.1	ASM5674852v1	Bos taurus	Bos taurus	Chromosome	ok	exon_2	2	304	1.0	1.0	1.0	0.9078947368421053	0.0	304	304	304	276	28	33965079.0	33965382.0	0.9769736842105263	HIGH	AG	GT	CANONICAL	CANONICAL	504	0	0.0	0	0
GCA_056748525.1	ASM5674852v1	Bos taurus	Bos taurus	Chromosome	ok	exon_3	3	837	0.946236559139785	0.966547192353644	0.946236559139785	0.8813131313131313	0.0	792	792	809	698	94	33968234.0	33969025.0	0.9461347344411861	HIGH	AG	AC	CANONICAL	NONCANONICAL	992	0	0.0	0	0
GCA_056748525.1	ASM5674852v1	Bos taurus	Bos taurus	Chromosome	ok	exon_4	4	213	0.9953051643192489	1.0	0.9953051643192489	0.9056603773584906	0.0	212	212	213	192	20	33976386.0	33977325.0	0.9743024182832847	HIGH	AG	GT	CANONICAL	CANONICAL	1140	0	0.0	0	0
GCA_056748525.1	ASM5674852v1	Bos taurus	Bos taurus	Chromosome	ok	exon_5	5	124	0.9919354838709677	0.9919354838709677	0.9919354838709677	0.9024390243902439	0.0	123	123	123	111	12	33980124.0	33980246.0	0.9719807238394965	HIGH	GA	GT	NONCANONICAL	CANONICAL	323	0	0.0	0	0
GCA_056748525.1	ASM5674852v1	Bos taurus	Bos taurus	Chromosome	ok	exon_6	6	1115	0.9641255605381166	1.0	0.9641255605381166	0.8744186046511628	0.0	1075	1075	1115	940	135	33981072.0	33982147.0	0.9524611534049432	HIGH	AG		CANONICAL	NA	1276	0	0.0	0	0
GCA_056825275.1	MPW_1.0	Bos indicus x Bos taurus	Bos indicus x Bos taurus	Scaffold	ok	exon_1	1	194	0.8917525773195877	0.8969072164948454	0.8917525773195877	0.8728323699421965	0.0	173	173	174	151	22	44548435.0	44548607.0	0.9194967522793636	HIGH			NA	NA	373	0	0.0	0	0
GCA_056825275.1	MPW_1.0	Bos indicus x Bos taurus	Bos indicus x Bos taurus	Scaffold	ok	exon_2	2	304	1.0	1.0	1.0	0.9046052631578947	0.0	304	304	304	275	29	44551262.0	44551565.0	0.9761513157894737	HIGH	AG	GT	CANONICAL	CANONICAL	504	0	0.0	0	0
GCA_056825275.1	MPW_1.0	Bos indicus x Bos taurus	Bos indicus x Bos taurus	Scaffold	ok	exon_3	3	837	0.946236559139785	0.966547192353644	0.946236559139785	0.8825757575757576	0.0	792	792	809	699	93	44554417.0	44555208.0	0.9464503910068427	HIGH	AG	AC	CANONICAL	NONCANONICAL	992	0	0.0	0	0
GCA_056825275.1	MPW_1.0	Bos indicus x Bos taurus	Bos indicus x Bos taurus	Scaffold	ok	exon_4	4	213	0.9953051643192489	1.0	0.9953051643192489	0.9056603773584906	0.0	212	212	213	192	20	44562555.0	44563494.0	0.9743024182832847	HIGH	AG	GT	CANONICAL	CANONICAL	1140	0	0.0	0	0
GCA_056825275.1	MPW_1.0	Bos indicus x Bos taurus	Bos indicus x Bos taurus	Scaffold	ok	exon_5	5	124	0.9919354838709677	0.9919354838709677	0.9919354838709677	0.9024390243902439	0.0	123	123	123	111	12	44566294.0	44566416.0	0.9719807238394965	HIGH	GA	GT	NONCANONICAL	CANONICAL	323	0	0.0	0	0
GCA_056825275.1	MPW_1.0	Bos indicus x Bos taurus	Bos indicus x Bos taurus	Scaffold	ok	exon_6	6	1115	0.9641255605381166	1.0	0.9641255605381166	0.8762790697674419	0.0	1075	1075	1115	942	133	44567241.0	44568316.0	0.9529262696840131	HIGH	AG		CANONICAL	NA	1276	0	0.0	0	0
GCA_057190485.1	SIW_1.0	Bos indicus	Bos indicus	Scaffold	ok	exon_1	1	194	0.8917525773195877	0.8969072164948454	0.8917525773195877	0.8728323699421965	0.0	173	173	174	151	22	37042872.0	37043044.0	0.9194967522793636	HIGH			NA	NA	373	0	0.0	0	0
GCA_057190485.1	SIW_1.0	Bos indicus	Bos indicus	Scaffold	ok	exon_2	2	304	1.0	1.0	1.0	0.9046052631578947	0.0	304	304	304	275	29	37045698.0	37046001.0	0.9761513157894737	HIGH	AG	GT	CANONICAL	CANONICAL	504	0	0.0	0	0
GCA_057190485.1	SIW_1.0	Bos indicus	Bos indicus	Scaffold	ok	exon_3	3	837	0.946236559139785	0.966547192353644	0.946236559139785	0.8825757575757576	0.0	792	792	809	699	93	37048853.0	37049644.0	0.9464503910068427	HIGH	AG	AC	CANONICAL	NONCANONICAL	992	0	0.0	0	0
GCA_057190485.1	SIW_1.0	Bos indicus	Bos indicus	Scaffold	ok	exon_4	4	213	0.9953051643192489	1.0	0.9953051643192489	0.9056603773584906	0.0	212	212	213	192	20	37057003.0	37057942.0	0.9743024182832847	HIGH	AG	GT	CANONICAL	CANONICAL	1140	0	0.0	0	0
GCA_057190485.1	SIW_1.0	Bos indicus	Bos indicus	Scaffold	ok	exon_5	5	124	0.9596774193548387	0.9596774193548387	0.9596774193548387	0.8991596638655462	0.0	119	119	119	107	12	37060763.0	37060881.0	0.956644754676064	HIGH	GA	GT	NONCANONICAL	CANONICAL	319	0	0.0	0	0
GCA_057190485.1	SIW_1.0	Bos indicus	Bos indicus	Scaffold	ok	exon_6	6	1115	0.9641255605381166	1.0	0.9641255605381166	0.8725581395348837	0.0	1075	1075	1115	938	137	37061707.0	37062782.0	0.9519960371258734	HIGH	AG		CANONICAL	NA	1276	0	0.0	0	0
GCA_057190515.1	IRR_1.0	Bos indicus	Bos indicus	Scaffold	ok	exon_1	1	194	0.8917525773195877	0.8969072164948454	0.8917525773195877	0.8728323699421965	0.0	173	173	174	151	22	37915089.0	37915261.0	0.9194967522793636	HIGH			NA	NA	373	0	0.0	0	0
GCA_057190515.1	IRR_1.0	Bos indicus	Bos indicus	Scaffold	ok	exon_2	2	304	1.0	1.0	1.0	0.9046052631578947	0.0	304	304	304	275	29	37917916.0	37918219.0	0.9761513157894737	HIGH	AG	GT	CANONICAL	CANONICAL	504	0	0.0	0	0
GCA_057190515.1	IRR_1.0	Bos indicus	Bos indicus	Scaffold	ok	exon_3	3	837	0.946236559139785	0.966547192353644	0.946236559139785	0.8825757575757576	0.0	792	792	809	699	93	37921071.0	37921862.0	0.9464503910068427	HIGH	AG	AC	CANONICAL	NONCANONICAL	992	0	0.0	0	0
GCA_057190515.1	IRR_1.0	Bos indicus	Bos indicus	Scaffold	ok	exon_4	4	213	0.9953051643192489	1.0	0.9953051643192489	0.9056603773584906	0.0	212	212	213	192	20	37929221.0	37930160.0	0.9743024182832847	HIGH	AG	GT	CANONICAL	CANONICAL	1140	0	0.0	0	0
GCA_057190515.1	IRR_1.0	Bos indicus	Bos indicus	Scaffold	ok	exon_5	5	124	0.9596774193548387	0.9596774193548387	0.9596774193548387	0.8991596638655462	0.0	119	119	119	107	12	37932981.0	37933099.0	0.956644754676064	HIGH	GA	GT	NONCANONICAL	CANONICAL	319	0	0.0	0	0
GCA_057190515.1	IRR_1.0	Bos indicus	Bos indicus	Scaffold	ok	exon_6	6	1115	0.9641255605381166	1.0	0.9641255605381166	0.8725581395348837	0.0	1075	1075	1115	938	137	37933925.0	37935000.0	0.9519960371258734	HIGH	AG		CANONICAL	NA	1276	0	0.0	0	0
GCA_057190595.1	GUD_1.0	Bos indicus	Bos indicus	Scaffold	ok	exon_1	1	194	0.8917525773195877	0.8969072164948454	0.8917525773195877	0.8786127167630058	0.0	173	173	174	152	21	49011852.0	49012024.0	0.9209418389845659	HIGH			NA	NA	373	0	0.0	0	0
GCA_057190595.1	GUD_1.0	Bos indicus	Bos indicus	Scaffold	ok	exon_2	2	304	1.0	1.0	1.0	0.9046052631578947	0.0	304	304	304	275	29	49014683.0	49014986.0	0.9761513157894737	HIGH	AG	GT	CANONICAL	CANONICAL	504	0	0.0	0	0
GCA_057190595.1	GUD_1.0	Bos indicus	Bos indicus	Scaffold	ok	exon_3	3	837	0.946236559139785	0.966547192353644	0.946236559139785	0.8762626262626263	0.0	792	792	809	694	98	49017837.0	49018628.0	0.9448721081785598	HIGH	AG	AC	CANONICAL	NONCANONICAL	992	0	0.0	0	0
GCA_057190595.1	GUD_1.0	Bos indicus	Bos indicus	Scaffold	ok	exon_4	4	213	0.9953051643192489	1.0	0.9953051643192489	0.9056603773584906	0.0	212	212	213	192	20	49026032.0	49026971.0	0.9743024182832847	HIGH	AG	GT	CANONICAL	CANONICAL	1140	0	0.0	0	0
GCA_057190595.1	GUD_1.0	Bos indicus	Bos indicus	Scaffold	ok	exon_5	5	124	0.9919354838709677	0.9919354838709677	0.9919354838709677	0.9024390243902439	0.0	123	123	123	111	12	49029792.0	49029914.0	0.9719807238394965	HIGH	GA	GT	NONCANONICAL	CANONICAL	323	0	0.0	0	0
GCA_057190595.1	GUD_1.0	Bos indicus	Bos indicus	Scaffold	ok	exon_6	6	1115	0.9641255605381166	1.0	0.9641255605381166	0.8753488372093023	0.0	1075	1075	1115	941	134	49030739.0	49031814.0	0.9526937115444781	HIGH	AG		CANONICAL	NA	1276	0	0.0	0	0
GCA_057190615.1	LAG_1.0	Bos taurus	Bos taurus	Scaffold	ok	exon_1	1	194	0.8917525773195877	0.8969072164948454	0.8917525773195877	0.8728323699421965	0.0	173	173	174	151	22	50374388.0	50374560.0	0.9194967522793636	HIGH			NA	NA	373	0	0.0	0	0
GCA_057190615.1	LAG_1.0	Bos taurus	Bos taurus	Scaffold	ok	exon_2	2	304	1.0	1.0	1.0	0.9078947368421053	0.0	304	304	304	276	28	50377213.0	50377516.0	0.9769736842105263	HIGH	AG	GT	CANONICAL	CANONICAL	504	0	0.0	0	0
GCA_057190615.1	LAG_1.0	Bos taurus	Bos taurus	Scaffold	ok	exon_3	3	837	0.942652329749104	0.966547192353644	0.942652329749104	0.8846641318124208	0.0	789	789	809	698	91	50380053.0	50380843.0	0.945359581340202	HIGH	AG	AC	CANONICAL	NONCANONICAL	991	0	0.0	0	0
GCA_057190615.1	LAG_1.0	Bos taurus	Bos taurus	Scaffold	ok	exon_4	4	213	0.9953051643192489	1.0	0.9953051643192489	0.9056603773584906	0.0	212	212	213	192	20	50388191.0	50389130.0	0.9743024182832847	HIGH	AG	GT	CANONICAL	CANONICAL	1140	0	0.0	0	0
GCA_057190615.1	LAG_1.0	Bos taurus	Bos taurus	Scaffold	ok	exon_5	5	124	0.9919354838709677	0.9919354838709677	0.9919354838709677	0.9024390243902439	0.0	123	123	123	111	12	50391929.0	50392051.0	0.9719807238394965	HIGH	GA	GT	NONCANONICAL	CANONICAL	323	0	0.0	0	0
GCA_057190615.1	LAG_1.0	Bos taurus	Bos taurus	Scaffold	ok	exon_6	6	1115	0.9641255605381166	1.0	0.9641255605381166	0.8753488372093023	0.0	1075	1075	1115	941	134	50392876.0	50393951.0	0.9526937115444781	HIGH	AG		CANONICAL	NA	1276	0	0.0	0	0
GCA_057332215.1	NLFDP_OvArieNajdiFemle_T2T_1.0	Ovis aries	Ovis aries	Complete Genome	ok	exon_1	1	194	0.9432989690721649	0.9690721649484536	0.9432989690721649	0.8524590163934426	0.0	183	183	188	156	27	23186916.0	23187102.0	0.9375992901808349	HIGH		CC	NA	NONCANONICAL	387	0	0.0	0	0
GCA_057332215.1	NLFDP_OvArieNajdiFemle_T2T_1.0	Ovis aries	Ovis aries	Complete Genome	ok	exon_2	2	304	1.0	1.0	1.0	0.8947368421052632	0.0	304	304	304	272	32	23190240.0	23190544.0	0.9736842105263158	HIGH	AG	GT	CANONICAL	CANONICAL	505	0	0.0	0	0
GCA_057332215.1	NLFDP_OvArieNajdiFemle_T2T_1.0	Ovis aries	Ovis aries	Complete Genome	ok	exon_3	3	837	0.9713261648745519	0.992831541218638	0.9713261648745519	0.8843788437884379	0.0	813	813	831	719	94	23192906.0	23193920.0	0.9581914851406579	HIGH	AG	GT	CANONICAL	CANONICAL	1215	0	0.0	0	0
GCA_057332215.1	NLFDP_OvArieNajdiFemle_T2T_1.0	Ovis aries	Ovis aries	Complete Genome	ok	exon_4	4	213	0.8732394366197183	0.8779342723004695	0.8732394366197183	0.8978494623655914	0.0	186	186	187	167	19	23201686.0	23201871.0	0.9174201120702711	HIGH			NA	NA	386	0	0.0	0	0
GCA_057332215.1	NLFDP_OvArieNajdiFemle_T2T_1.0	Ovis aries	Ovis aries	Complete Genome	ok	exon_5	5	124	0.9919354838709677	0.9919354838709677	0.9919354838709677	0.9024390243902439	0.0	123	123	123	111	12	23205218.0	23205340.0	0.9719807238394965	HIGH	GA	GC	NONCANONICAL	CANONICAL	323	0	0.0	0	0
GCA_057332215.1	NLFDP_OvArieNajdiFemle_T2T_1.0	Ovis aries	Ovis aries	Complete Genome	ok	exon_6	6	1115	0.9524663677130045	0.9847533632286996	0.9524663677130045	0.8700564971751412	0.0	1062	1062	1098	924	138	23206162.0	23207225.0	0.9461239897646374	HIGH	AG		CANONICAL	NA	1264	0	0.0	0	0
GCA_057332225.1	NLFDP_OvArieNajdiMale_T2T_1.0	Ovis aries	Ovis aries	Complete Genome	ok	exon_1	1	194	0.9432989690721649	0.9690721649484536	0.9432989690721649	0.8524590163934426	0.0	183	183	188	156	27	71508320.0	71508506.0	0.9375992901808349	HIGH		CC	NA	NONCANONICAL	387	0	0.0	0	0
GCA_057332225.1	NLFDP_OvArieNajdiMale_T2T_1.0	Ovis aries	Ovis aries	Complete Genome	ok	exon_2	2	304	1.0	1.0	1.0	0.8947368421052632	0.0	304	304	304	272	32	71504864.0	71505168.0	0.9736842105263158	HIGH	AG	GT	CANONICAL	CANONICAL	505	0	0.0	0	0
GCA_057332225.1	NLFDP_OvArieNajdiMale_T2T_1.0	Ovis aries	Ovis aries	Complete Genome	ok	exon_3	3	837	0.96415770609319	0.992831541218638	0.96415770609319	0.8847583643122676	0.0	807	807	831	714	93	71501492.0	71502500.0	0.9550605588200025	HIGH	AG	GT	CANONICAL	CANONICAL	1209	0	0.0	0	0
GCA_057332225.1	NLFDP_OvArieNajdiMale_T2T_1.0	Ovis aries	Ovis aries	Complete Genome	ok	exon_4	4	213	0.8732394366197183	0.8779342723004695	0.8732394366197183	0.8978494623655914	0.0	186	186	187	167	19	71493539.0	71493724.0	0.9174201120702711	HIGH			NA	NA	386	0	0.0	0	0
GCA_057332225.1	NLFDP_OvArieNajdiMale_T2T_1.0	Ovis aries	Ovis aries	Complete Genome	ok	exon_5	5	124	0.9919354838709677	0.9919354838709677	0.9919354838709677	0.9024390243902439	0.0	123	123	123	111	12	71490064.0	71490186.0	0.9719807238394965	HIGH	GA	GC	NONCANONICAL	CANONICAL	323	0	0.0	0	0
GCA_057332225.1	NLFDP_OvArieNajdiMale_T2T_1.0	Ovis aries	Ovis aries	Complete Genome	ok	exon_6	6	1115	0.9524663677130045	0.9847533632286996	0.9524663677130045	0.8700564971751412	0.0	1062	1062	1098	924	138	71488179.0	71489242.0	0.9461239897646374	HIGH	AG		CANONICAL	NA	1264	0	0.0	0	0
GCA_057428545.1	Saanen maternal haplotype	Capra hircus	Capra hircus	Chromosome	ok	exon_1	1	194	0.9432989690721649	0.9690721649484536	0.9432989690721649	0.8469945355191257	0.0	183	183	188	155	28	29710335.0	29710521.0	0.9362331699622557	HIGH		CC	NA	NONCANONICAL	387	0	0.0	0	0
GCA_057428545.1	Saanen maternal haplotype	Capra hircus	Capra hircus	Chromosome	ok	exon_2	2	304	1.0	1.0	1.0	0.8947368421052632	0.0	304	304	304	272	32	29713172.0	29713476.0	0.9736842105263158	HIGH	AG	GT	CANONICAL	CANONICAL	505	0	0.0	0	0
GCA_057428545.1	Saanen maternal haplotype	Capra hircus	Capra hircus	Chromosome	ok	exon_3	3	837	0.96415770609319	0.992831541218638	0.96415770609319	0.8822800495662949	0.0	807	807	831	712	95	29715837.0	29716793.0	0.9544409801335093	HIGH	AG	GT	CANONICAL	CANONICAL	1157	0	0.0	0	0
GCA_057428545.1	Saanen maternal haplotype	Capra hircus	Capra hircus	Chromosome	ok	exon_4	4	213	0.9953051643192489	1.0	0.9953051643192489	0.8962264150943396	0.0	212	212	213	190	22	29723796.0	29724735.0	0.9719439277172469	HIGH	AG	GT	CANONICAL	CANONICAL	1140	0	0.0	0	0
GCA_057428545.1	Saanen maternal haplotype	Capra hircus	Capra hircus	Chromosome	ok	exon_5	5	124	0.9919354838709677	0.9919354838709677	0.9919354838709677	0.9024390243902439	0.0	123	123	123	111	12	29728146.0	29728268.0	0.9719807238394965	HIGH	GA	GC	NONCANONICAL	CANONICAL	323	0	0.0	0	0
GCA_057428545.1	Saanen maternal haplotype	Capra hircus	Capra hircus	Chromosome	ok	exon_6	6	1115	0.9533632286995516	0.9847533632286996	0.9533632286995516	0.8692380056444027	0.0	1063	1063	1098	924	139	29729092.0	29730156.0	0.9463229543258989	HIGH	AG		CANONICAL	NA	1265	0	0.0	0	0
GCA_057428595.1	Kiko paternal haplotype	Capra hircus	Capra hircus	Chromosome	ok	exon_1	1	194	0.9432989690721649	0.9690721649484536	0.9432989690721649	0.8469945355191257	0.0	183	183	188	155	28	31083013.0	31083199.0	0.9362331699622557	HIGH		CC	NA	NONCANONICAL	387	0	0.0	0	0
GCA_057428595.1	Kiko paternal haplotype	Capra hircus	Capra hircus	Chromosome	ok	exon_2	2	304	1.0	1.0	1.0	0.8947368421052632	0.0	304	304	304	272	32	31085850.0	31086154.0	0.9736842105263158	HIGH	AG	GT	CANONICAL	CANONICAL	505	0	0.0	0	0
GCA_057428595.1	Kiko paternal haplotype	Capra hircus	Capra hircus	Chromosome	ok	exon_3	3	837	0.9629629629629629	0.992831541218638	0.9629629629629629	0.8833746898263027	0.0	806	806	831	712	94	31088519.0	31089474.0	0.954177005789909	HIGH	AG	GT	CANONICAL	CANONICAL	1156	0	0.0	0	0
GCA_057428595.1	Kiko paternal haplotype	Capra hircus	Capra hircus	Chromosome	ok	exon_4	4	213	0.9953051643192489	1.0	0.9953051643192489	0.8962264150943396	0.0	212	212	213	190	22	31096474.0	31097413.0	0.9719439277172469	HIGH	AG	GT	CANONICAL	CANONICAL	1140	0	0.0	0	0
GCA_057428595.1	Kiko paternal haplotype	Capra hircus	Capra hircus	Chromosome	ok	exon_5	5	124	0.9919354838709677	0.9919354838709677	0.9919354838709677	0.8943089430894309	0.0	123	123	123	110	13	31100821.0	31100943.0	0.9699482035142932	HIGH	GA	GC	NONCANONICAL	CANONICAL	323	0	0.0	0	0
GCA_057428595.1	Kiko paternal haplotype	Capra hircus	Capra hircus	Chromosome	ok	exon_6	6	1115	0.9533632286995516	0.9847533632286996	0.9533632286995516	0.8682972718720602	0.0	1063	1063	1098	923	140	31101767.0	31102831.0	0.9460877708828133	HIGH	AG		CANONICAL	NA	1265	0	0.0	0	0
GCA_057556445.1	ASM5755644v1	Capra hircus	Capra hircus	Chromosome	ok	exon_1	1	194	0.9432989690721649	0.9690721649484536	0.9432989690721649	0.8469945355191257	0.0	183	183	188	155	28	21375675.0	21375861.0	0.9362331699622557	HIGH		CC	NA	NONCANONICAL	387	0	0.0	0	0
GCA_057556445.1	ASM5755644v1	Capra hircus	Capra hircus	Chromosome	ok	exon_2	2	304	1.0	1.0	1.0	0.8947368421052632	0.0	304	304	304	272	32	21378511.0	21378815.0	0.9736842105263158	HIGH	AG	GT	CANONICAL	CANONICAL	505	0	0.0	0	0
GCA_057556445.1	ASM5755644v1	Capra hircus	Capra hircus	Chromosome	ok	exon_3	3	837	0.96415770609319	0.992831541218638	0.96415770609319	0.8822800495662949	0.0	807	807	831	712	95	21381178.0	21382134.0	0.9544409801335093	HIGH	AG	GT	CANONICAL	CANONICAL	1157	0	0.0	0	0
GCA_057556445.1	ASM5755644v1	Capra hircus	Capra hircus	Chromosome	ok	exon_4	4	213	0.9953051643192489	1.0	0.9953051643192489	0.8915094339622641	0.0	212	212	213	189	23	21389138.0	21390077.0	0.9707646824342281	HIGH	AG	GT	CANONICAL	CANONICAL	1140	0	0.0	0	0
GCA_057556445.1	ASM5755644v1	Capra hircus	Capra hircus	Chromosome	ok	exon_5	5	124	0.9919354838709677	0.9919354838709677	0.9919354838709677	0.9105691056910569	0.0	123	123	123	112	11	21393486.0	21393608.0	0.9740132441646998	HIGH	GA	GC	NONCANONICAL	CANONICAL	323	0	0.0	0	0
GCA_057556445.1	ASM5755644v1	Capra hircus	Capra hircus	Chromosome	ok	exon_6	6	1115	0.9533632286995516	0.9847533632286996	0.9533632286995516	0.8701787394167451	0.0	1063	1063	1098	925	138	21394432.0	21395496.0	0.9465581377689845	HIGH	AG		CANONICAL	NA	1265	0	0.0	0	0
GCA_057557635.1	ASM5755763v1	Capra hircus	Capra hircus	Chromosome	ok	exon_1	1	194	0.9432989690721649	0.9690721649484536	0.9432989690721649	0.8469945355191257	0.0	183	183	188	155	28	21373464.0	21373650.0	0.9362331699622557	HIGH		CC	NA	NONCANONICAL	387	0	0.0	0	0
GCA_057557635.1	ASM5755763v1	Capra hircus	Capra hircus	Chromosome	ok	exon_2	2	304	1.0	1.0	1.0	0.8947368421052632	0.0	304	304	304	272	32	21376301.0	21376605.0	0.9736842105263158	HIGH	AG	GT	CANONICAL	CANONICAL	505	0	0.0	0	0
GCA_057557635.1	ASM5755763v1	Capra hircus	Capra hircus	Chromosome	ok	exon_3	3	837	0.9629629629629629	0.992831541218638	0.9629629629629629	0.8833746898263027	0.0	806	806	831	712	94	21378970.0	21379925.0	0.954177005789909	HIGH	AG	GT	CANONICAL	CANONICAL	1156	0	0.0	0	0
GCA_057557635.1	ASM5755763v1	Capra hircus	Capra hircus	Chromosome	ok	exon_4	4	213	0.9953051643192489	1.0	0.9953051643192489	0.8962264150943396	0.0	212	212	213	190	22	21386926.0	21387865.0	0.9719439277172469	HIGH	AG	GT	CANONICAL	CANONICAL	1140	0	0.0	0	0
GCA_057557635.1	ASM5755763v1	Capra hircus	Capra hircus	Chromosome	ok	exon_5	5	124	0.9919354838709677	0.9919354838709677	0.9919354838709677	0.8943089430894309	0.0	123	123	123	110	13	21391273.0	21391395.0	0.9699482035142932	HIGH	GA	GC	NONCANONICAL	CANONICAL	323	0	0.0	0	0
GCA_057557635.1	ASM5755763v1	Capra hircus	Capra hircus	Chromosome	ok	exon_6	6	1115	0.9533632286995516	0.9847533632286996	0.9533632286995516	0.8682972718720602	0.0	1063	1063	1098	923	140	21392219.0	21393283.0	0.9460877708828133	HIGH	AG		CANONICAL	NA	1265	0	0.0	0	0
GCA_057557695.1	ASM5755769v1	Capra hircus	Capra hircus	Scaffold	ok	exon_1	1	194	0.9432989690721649	0.9690721649484536	0.9432989690721649	0.8469945355191257	0.0	183	183	188	155	28	21234411.0	21234597.0	0.9362331699622557	HIGH		CC	NA	NONCANONICAL	387	0	0.0	0	0
GCA_057557695.1	ASM5755769v1	Capra hircus	Capra hircus	Scaffold	ok	exon_2	2	304	1.0	1.0	1.0	0.8947368421052632	0.0	304	304	304	272	32	21237249.0	21237553.0	0.9736842105263158	HIGH	AG	GT	CANONICAL	CANONICAL	505	0	0.0	0	0
GCA_057557695.1	ASM5755769v1	Capra hircus	Capra hircus	Scaffold	ok	exon_3	3	837	0.96415770609319	0.992831541218638	0.96415770609319	0.8847583643122676	0.0	807	807	831	714	93	21239917.0	21240873.0	0.9550605588200025	HIGH	AG	GT	CANONICAL	CANONICAL	1157	0	0.0	0	0
GCA_057557695.1	ASM5755769v1	Capra hircus	Capra hircus	Scaffold	ok	exon_4	4	213	0.9953051643192489	1.0	0.9953051643192489	0.8962264150943396	0.0	212	212	213	190	22	21247877.0	21248816.0	0.9719439277172469	HIGH	AG	GT	CANONICAL	CANONICAL	1140	0	0.0	0	0
GCA_057557695.1	ASM5755769v1	Capra hircus	Capra hircus	Scaffold	ok	exon_5	5	124	0.9919354838709677	0.9919354838709677	0.9919354838709677	0.9105691056910569	0.0	123	123	123	112	11	21252222.0	21252344.0	0.9740132441646998	HIGH	GA	GC	NONCANONICAL	CANONICAL	323	0	0.0	0	0
GCA_057557695.1	ASM5755769v1	Capra hircus	Capra hircus	Scaffold	ok	exon_6	6	1115	0.9533632286995516	0.9847533632286996	0.9533632286995516	0.8692380056444027	0.0	1063	1063	1098	924	139	21253168.0	21254232.0	0.9463229543258989	HIGH	AG		CANONICAL	NA	1265	0	0.0	0	0
GCA_057557715.1	ASM5755771v1	Capra hircus	Capra hircus	Scaffold	ok	exon_1	1	194	0.9432989690721649	0.9690721649484536	0.9432989690721649	0.8469945355191257	0.0	183	183	188	155	28	22841586.0	22841772.0	0.9362331699622557	HIGH		CC	NA	NONCANONICAL	387	0	0.0	0	0
GCA_057557715.1	ASM5755771v1	Capra hircus	Capra hircus	Scaffold	ok	exon_2	2	304	1.0	1.0	1.0	0.8947368421052632	0.0	304	304	304	272	32	22844423.0	22844727.0	0.9736842105263158	HIGH	AG	GT	CANONICAL	CANONICAL	505	0	0.0	0	0
GCA_057557715.1	ASM5755771v1	Capra hircus	Capra hircus	Scaffold	ok	exon_3	3	837	0.9629629629629629	0.992831541218638	0.9629629629629629	0.8833746898263027	0.0	806	806	831	712	94	22847093.0	22848048.0	0.954177005789909	HIGH	AG	GT	CANONICAL	CANONICAL	1156	0	0.0	0	0
GCA_057557715.1	ASM5755771v1	Capra hircus	Capra hircus	Scaffold	ok	exon_4	4	213	0.9953051643192489	1.0	0.9953051643192489	0.8962264150943396	0.0	212	212	213	190	22	22855047.0	22855986.0	0.9719439277172469	HIGH	AG	GT	CANONICAL	CANONICAL	1140	0	0.0	0	0
GCA_057557715.1	ASM5755771v1	Capra hircus	Capra hircus	Scaffold	ok	exon_5	5	124	0.9919354838709677	0.9919354838709677	0.9919354838709677	0.8943089430894309	0.0	123	123	123	110	13	22859394.0	22859516.0	0.9699482035142932	HIGH	GA	GC	NONCANONICAL	CANONICAL	323	0	0.0	0	0
GCA_057557715.1	ASM5755771v1	Capra hircus	Capra hircus	Scaffold	ok	exon_6	6	1115	0.9533632286995516	0.9847533632286996	0.9533632286995516	0.8682972718720602	0.0	1063	1063	1098	923	140	22860340.0	22861404.0	0.9460877708828133	HIGH	AG		CANONICAL	NA	1265	0	0.0	0	0
GCA_057557795.1	ASM5755779v1	Capra hircus	Capra hircus	Scaffold	ok	exon_1	1	194	0.9432989690721649	0.9690721649484536	0.9432989690721649	0.8469945355191257	0.0	183	183	188	155	28	26529826.0	26530012.0	0.9362331699622557	HIGH		CC	NA	NONCANONICAL	387	0	0.0	0	0
GCA_057557795.1	ASM5755779v1	Capra hircus	Capra hircus	Scaffold	ok	exon_2	2	304	1.0	1.0	1.0	0.8947368421052632	0.0	304	304	304	272	32	26532664.0	26532968.0	0.9736842105263158	HIGH	AG	GT	CANONICAL	CANONICAL	505	0	0.0	0	0
GCA_057557795.1	ASM5755779v1	Capra hircus	Capra hircus	Scaffold	ok	exon_3	3	837	0.96415770609319	0.992831541218638	0.96415770609319	0.8847583643122676	0.0	807	807	831	714	93	26535332.0	26536288.0	0.9550605588200025	HIGH	AG	GT	CANONICAL	CANONICAL	1157	0	0.0	0	0
GCA_057557795.1	ASM5755779v1	Capra hircus	Capra hircus	Scaffold	ok	exon_4	4	213	0.9953051643192489	1.0	0.9953051643192489	0.8962264150943396	0.0	212	212	213	190	22	26543292.0	26544231.0	0.9719439277172469	HIGH	AG	GT	CANONICAL	CANONICAL	1140	0	0.0	0	0
GCA_057557795.1	ASM5755779v1	Capra hircus	Capra hircus	Scaffold	ok	exon_5	5	124	0.9919354838709677	0.9919354838709677	0.9919354838709677	0.9105691056910569	0.0	123	123	123	112	11	26547637.0	26547759.0	0.9740132441646998	HIGH	GA	GC	NONCANONICAL	CANONICAL	323	0	0.0	0	0
GCA_057557795.1	ASM5755779v1	Capra hircus	Capra hircus	Scaffold	ok	exon_6	6	1115	0.9533632286995516	0.9847533632286996	0.9533632286995516	0.8692380056444027	0.0	1063	1063	1098	924	139	26548583.0	26549647.0	0.9463229543258989	HIGH	AG		CANONICAL	NA	1265	0	0.0	0	0
GCA_057557815.1	ASM5755781v1	Capra hircus	Capra hircus	Scaffold	ok	exon_1	1	194	0.9432989690721649	0.9690721649484536	0.9432989690721649	0.8469945355191257	0.0	183	183	188	155	28	26329404.0	26329590.0	0.9362331699622557	HIGH		CC	NA	NONCANONICAL	387	0	0.0	0	0
GCA_057557815.1	ASM5755781v1	Capra hircus	Capra hircus	Scaffold	ok	exon_2	2	304	1.0	1.0	1.0	0.8947368421052632	0.0	304	304	304	272	32	26332241.0	26332545.0	0.9736842105263158	HIGH	AG	GT	CANONICAL	CANONICAL	505	0	0.0	0	0
GCA_057557815.1	ASM5755781v1	Capra hircus	Capra hircus	Scaffold	ok	exon_3	3	837	0.9629629629629629	0.992831541218638	0.9629629629629629	0.8833746898263027	0.0	806	806	831	712	94	26334911.0	26335866.0	0.954177005789909	HIGH	AG	GT	CANONICAL	CANONICAL	1156	0	0.0	0	0
GCA_057557815.1	ASM5755781v1	Capra hircus	Capra hircus	Scaffold	ok	exon_4	4	213	0.9953051643192489	1.0	0.9953051643192489	0.8962264150943396	0.0	212	212	213	190	22	26342865.0	26343804.0	0.9719439277172469	HIGH	AG	GT	CANONICAL	CANONICAL	1140	0	0.0	0	0
GCA_057557815.1	ASM5755781v1	Capra hircus	Capra hircus	Scaffold	ok	exon_5	5	124	0.9919354838709677	0.9919354838709677	0.9919354838709677	0.8943089430894309	0.0	123	123	123	110	13	26347212.0	26347334.0	0.9699482035142932	HIGH	GA	GC	NONCANONICAL	CANONICAL	323	0	0.0	0	0
GCA_057557815.1	ASM5755781v1	Capra hircus	Capra hircus	Scaffold	ok	exon_6	6	1115	0.9533632286995516	0.9847533632286996	0.9533632286995516	0.8682972718720602	0.0	1063	1063	1098	923	140	26348158.0	26349222.0	0.9460877708828133	HIGH	AG		CANONICAL	NA	1265	0	0.0	0	0
GCA_059051325.1	mAlcAlc2_a1.1	Alces alces	Alces alces	Scaffold	ok	exon_1	1	194	0.865979381443299	0.8762886597938144	0.865979381443299	0.8630952380952381	0.0	168	168	170	145	23	47979606.0	47979773.0	0.9054645311732941	HIGH			NA	NA	368	0	0.0	0	0
GCA_059051325.1	mAlcAlc2_a1.1	Alces alces	Alces alces	Scaffold	ok	exon_2	2	304	0.9736842105263158	1.0	0.9736842105263158	0.8986486486486487	0.0	296	296	304	266	30	47982421.0	47983535.0	0.9628200568990044	HIGH	AG	GT	CANONICAL	CANONICAL	1315	0	0.0	0	0
GCA_059051325.1	mAlcAlc2_a1.1	Alces alces	Alces alces	Scaffold	ok	exon_3	3	837	0.980884109916368	1.0	0.980884109916368	0.8879415347137637	0.0	821	821	837	729	92	47985886.0	47986984.0	0.9633832331408065	HIGH	AG	GT	CANONICAL	CANONICAL	1299	0	0.0	0	0
GCA_059051325.1	mAlcAlc2_a1.1	Alces alces	Alces alces	Scaffold	ok	exon_4	4	213	0.8732394366197183	0.8779342723004695	0.8732394366197183	0.8870967741935484	0.0	186	186	187	165	21	47994616.0	47994801.0	0.9147319400272603	HIGH			NA	NA	386	0	0.0	0	0
GCA_059051325.1	mAlcAlc2_a1.1	Alces alces	Alces alces	Scaffold	ok	exon_5	5	124	0.9919354838709677	0.9919354838709677	0.9919354838709677	0.8861788617886179	0.0	123	123	123	109	14	47997776.0	47997898.0	0.96791568318909	HIGH	GA	GT	NONCANONICAL	CANONICAL	323	0	0.0	0	0
GCA_059051325.1	mAlcAlc2_a1.1	Alces alces	Alces alces	Scaffold	ok	exon_6	6	1115	0.9515695067264573	1.0	0.9515695067264573	0.8746465598491989	0.0	1061	1061	1115	928	133	47998715.0	47999776.0	0.9468679179892056	HIGH	AG		CANONICAL	NA	1262	0	0.0	0	0
GCA_059055555.1	ASM5905555v1	Capra hircus	Capra hircus	Chromosome	ok	exon_1	1	194	0.9432989690721649	0.9690721649484536	0.9432989690721649	0.8469945355191257	0.0	183	183	188	155	28	21067319.0	21067505.0	0.9362331699622557	HIGH		CC	NA	NONCANONICAL	387	0	0.0	0	0
GCA_059055555.1	ASM5905555v1	Capra hircus	Capra hircus	Chromosome	ok	exon_2	2	304	1.0	1.0	1.0	0.8947368421052632	0.0	304	304	304	272	32	21070157.0	21070461.0	0.9736842105263158	HIGH	AG	GT	CANONICAL	CANONICAL	505	0	0.0	0	0
GCA_059055555.1	ASM5905555v1	Capra hircus	Capra hircus	Chromosome	ok	exon_3	3	837	0.96415770609319	0.992831541218638	0.96415770609319	0.8847583643122676	0.0	807	807	831	714	93	21072825.0	21073781.0	0.9550605588200025	HIGH	AG	GT	CANONICAL	CANONICAL	1157	0	0.0	0	0
GCA_059055555.1	ASM5905555v1	Capra hircus	Capra hircus	Chromosome	ok	exon_4	4	213	0.9953051643192489	1.0	0.9953051643192489	0.8962264150943396	0.0	212	212	213	190	22	21080785.0	21081724.0	0.9719439277172469	HIGH	AG	GT	CANONICAL	CANONICAL	1140	0	0.0	0	0
GCA_059055555.1	ASM5905555v1	Capra hircus	Capra hircus	Chromosome	ok	exon_5	5	124	0.9919354838709677	0.9919354838709677	0.9919354838709677	0.9105691056910569	0.0	123	123	123	112	11	21085130.0	21085252.0	0.9740132441646998	HIGH	GA	GC	NONCANONICAL	CANONICAL	323	0	0.0	0	0
GCA_059055555.1	ASM5905555v1	Capra hircus	Capra hircus	Chromosome	ok	exon_6	6	1115	0.9533632286995516	0.9847533632286996	0.9533632286995516	0.8692380056444027	0.0	1063	1063	1098	924	139	21086076.0	21087140.0	0.9463229543258989	HIGH	AG		CANONICAL	NA	1265	0	0.0	0	0
GCA_059055625.1	ASM5905562v1	Capra hircus	Capra hircus	Chromosome	ok	exon_1	1	194	0.9432989690721649	0.9690721649484536	0.9432989690721649	0.8469945355191257	0.0	183	183	188	155	28	21199719.0	21199905.0	0.9362331699622557	HIGH		CC	NA	NONCANONICAL	387	0	0.0	0	0
GCA_059055625.1	ASM5905562v1	Capra hircus	Capra hircus	Chromosome	ok	exon_2	2	304	1.0	1.0	1.0	0.8947368421052632	0.0	304	304	304	272	32	21202556.0	21202860.0	0.9736842105263158	HIGH	AG	GT	CANONICAL	CANONICAL	505	0	0.0	0	0
GCA_059055625.1	ASM5905562v1	Capra hircus	Capra hircus	Chromosome	ok	exon_3	3	837	0.9629629629629629	0.992831541218638	0.9629629629629629	0.8833746898263027	0.0	806	806	831	712	94	21205226.0	21206181.0	0.954177005789909	HIGH	AG	GT	CANONICAL	CANONICAL	1156	0	0.0	0	0
GCA_059055625.1	ASM5905562v1	Capra hircus	Capra hircus	Chromosome	ok	exon_4	4	213	0.9953051643192489	1.0	0.9953051643192489	0.8962264150943396	0.0	212	212	213	190	22	21213180.0	21214119.0	0.9719439277172469	HIGH	AG	GT	CANONICAL	CANONICAL	1140	0	0.0	0	0
GCA_059055625.1	ASM5905562v1	Capra hircus	Capra hircus	Chromosome	ok	exon_5	5	124	0.9919354838709677	0.9919354838709677	0.9919354838709677	0.8943089430894309	0.0	123	123	123	110	13	21217527.0	21217649.0	0.9699482035142932	HIGH	GA	GC	NONCANONICAL	CANONICAL	323	0	0.0	0	0
GCA_059055625.1	ASM5905562v1	Capra hircus	Capra hircus	Chromosome	ok	exon_6	6	1115	0.9533632286995516	0.9847533632286996	0.9533632286995516	0.8682972718720602	0.0	1063	1063	1098	923	140	21218473.0	21219537.0	0.9460877708828133	HIGH	AG		CANONICAL	NA	1265	0	0.0	0	0
GCA_059335595.1	ASM5933559v1	Capra hircus	Capra hircus	Scaffold	ok	exon_1	1	194	0.9432989690721649	0.9690721649484536	0.9432989690721649	0.8469945355191257	0.0	183	183	188	155	28	71278023.0	71278209.0	0.9362331699622557	HIGH		CC	NA	NONCANONICAL	387	0	0.0	0	0
GCA_059335595.1	ASM5933559v1	Capra hircus	Capra hircus	Scaffold	ok	exon_2	2	304	1.0	1.0	1.0	0.8947368421052632	0.0	304	304	304	272	32	71275068.0	71275372.0	0.9736842105263158	HIGH	AG	GT	CANONICAL	CANONICAL	505	0	0.0	0	0
GCA_059335595.1	ASM5933559v1	Capra hircus	Capra hircus	Scaffold	ok	exon_3	3	837	0.9629629629629629	0.992831541218638	0.9629629629629629	0.8833746898263027	0.0	806	806	831	712	94	71271748.0	71272703.0	0.954177005789909	HIGH	AG	GT	CANONICAL	CANONICAL	1156	0	0.0	0	0
GCA_059335595.1	ASM5933559v1	Capra hircus	Capra hircus	Scaffold	ok	exon_4	4	213	0.9953051643192489	1.0	0.9953051643192489	0.8962264150943396	0.0	212	212	213	190	22	71263808.0	71264747.0	0.9719439277172469	HIGH	AG	GT	CANONICAL	CANONICAL	1140	0	0.0	0	0
GCA_059335595.1	ASM5933559v1	Capra hircus	Capra hircus	Scaffold	ok	exon_5	5	124	0.9919354838709677	0.9919354838709677	0.9919354838709677	0.8943089430894309	0.0	123	123	123	110	13	71260279.0	71260401.0	0.9699482035142932	HIGH	GA	GC	NONCANONICAL	CANONICAL	323	0	0.0	0	0
GCA_059335595.1	ASM5933559v1	Capra hircus	Capra hircus	Scaffold	ok	exon_6	6	1115	0.9533632286995516	0.9847533632286996	0.9533632286995516	0.8682972718720602	0.0	1063	1063	1098	923	140	71258391.0	71259455.0	0.9460877708828133	HIGH	AG		CANONICAL	NA	1265	0	0.0	0	0
GCA_059336145.1	ASM5933614v1	Bos taurus	Bos taurus	Complete Genome	ok	exon_1	1	194	0.8917525773195877	0.8969072164948454	0.8917525773195877	0.8728323699421965	0.0	173	173	174	151	22	72321327.0	72321499.0	0.9194967522793636	HIGH			NA	NA	373	0	0.0	0	0
GCA_059336145.1	ASM5933614v1	Bos taurus	Bos taurus	Complete Genome	ok	exon_2	2	304	1.0	1.0	1.0	0.9078947368421053	0.0	304	304	304	276	28	72318370.0	72318673.0	0.9769736842105263	HIGH	AG	GT	CANONICAL	CANONICAL	504	0	0.0	0	0
GCA_059336145.1	ASM5933614v1	Bos taurus	Bos taurus	Complete Genome	ok	exon_3	3	837	0.942652329749104	0.966547192353644	0.942652329749104	0.8846641318124208	0.0	789	789	809	698	91	72315043.0	72315833.0	0.945359581340202	HIGH	AG	AC	CANONICAL	NONCANONICAL	991	0	0.0	0	0
GCA_059336145.1	ASM5933614v1	Bos taurus	Bos taurus	Complete Genome	ok	exon_4	4	213	0.9953051643192489	1.0	0.9953051643192489	0.9056603773584906	0.0	212	212	213	192	20	72306756.0	72307695.0	0.9743024182832847	HIGH	AG	GT	CANONICAL	CANONICAL	1140	0	0.0	0	0
GCA_059336145.1	ASM5933614v1	Bos taurus	Bos taurus	Complete Genome	ok	exon_5	5	124	0.9838709677419355	0.9919354838709677	0.9838709677419355	0.9098360655737705	0.0	122	122	123	111	11	72303808.0	72303929.0	0.9702009518773136	HIGH	GA	GT	NONCANONICAL	CANONICAL	322	0	0.0	0	0
GCA_059336145.1	ASM5933614v1	Bos taurus	Bos taurus	Complete Genome	ok	exon_6	6	1115	0.9641255605381166	1.0	0.9641255605381166	0.8744186046511628	0.0	1075	1075	1115	940	135	72301908.0	72302983.0	0.9524611534049432	HIGH	AG		CANONICAL	NA	1276	0	0.0	0	0
GCA_059698765.1	ASM5969876v1	Muntiacus feae	Muntiacus feae	Contig	ok	exon_1	1	194	0.9690721649484536	0.9690721649484536	0.9690721649484536	0.8829787234042553	0.0	188	188	188	166	22	1013315.0	1013502.0	0.956827155077868	HIGH		CC	NA	NONCANONICAL	388	0	0.0	0	0
GCA_059698765.1	ASM5969876v1	Muntiacus feae	Muntiacus feae	Contig	ok	exon_2	2	304	0.9671052631578947	1.0	0.9671052631578947	0.8809523809523809	0.0	294	294	304	259	35	1016143.0	1017258.0	0.9554354636591479	HIGH	AG	GT	CANONICAL	CANONICAL	1316	0	0.0	0	0
GCA_059698765.1	ASM5969876v1	Muntiacus feae	Muntiacus feae	Contig	ok	exon_3	3	837	0.980884109916368	1.0	0.980884109916368	0.876979293544458	0.0	821	821	837	720	101	1019638.0	1020736.0	0.9606426728484802	HIGH	AG	GT	CANONICAL	CANONICAL	1299	0	0.0	0	0
GCA_059698765.1	ASM5969876v1	Muntiacus feae	Muntiacus feae	Contig	ok	exon_4	4	213	0.8732394366197183	0.8779342723004695	0.8732394366197183	0.8870967741935484	0.0	186	186	187	165	21	1028175.0	1028360.0	0.9147319400272603	HIGH			NA	NA	386	0	0.0	0	0
GCA_059698765.1	ASM5969876v1	Muntiacus feae	Muntiacus feae	Contig	ok	exon_5	5	124	0.9919354838709677	0.9919354838709677	0.9919354838709677	0.8943089430894309	0.0	123	123	123	110	13	1031358.0	1031480.0	0.9699482035142932	HIGH	GA	GT	NONCANONICAL	CANONICAL	323	0	0.0	0	0
GCA_059698765.1	ASM5969876v1	Muntiacus feae	Muntiacus feae	Contig	ok	exon_6	6	1115	0.9551569506726457	1.0	0.9551569506726457	0.8657276995305164	0.0	1065	1065	1115	922	143	1032296.0	1033360.0	0.9462525526853197	HIGH	AG		CANONICAL	NA	1265	0	0.0	0	0
GCA_059997585.1	CRS_JAAS	Bos taurus	Bos taurus	Chromosome	ok	exon_1	1	194	0.8917525773195877	0.8969072164948454	0.8917525773195877	0.8728323699421965	0.0	173	173	174	151	22	40360052.0	40360224.0	0.9194967522793636	HIGH			NA	NA	373	0	0.0	0	0
GCA_059997585.1	CRS_JAAS	Bos taurus	Bos taurus	Chromosome	ok	exon_2	2	304	1.0	1.0	1.0	0.9046052631578947	0.0	304	304	304	275	29	40362879.0	40363182.0	0.9761513157894737	HIGH	AG	GT	CANONICAL	CANONICAL	504	0	0.0	0	0
GCA_059997585.1	CRS_JAAS	Bos taurus	Bos taurus	Chromosome	ok	exon_3	3	837	0.946236559139785	0.966547192353644	0.946236559139785	0.8825757575757576	0.0	792	792	809	699	93	40366034.0	40366825.0	0.9464503910068427	HIGH	AG	AC	CANONICAL	NONCANONICAL	992	0	0.0	0	0
GCA_059997585.1	CRS_JAAS	Bos taurus	Bos taurus	Chromosome	ok	exon_4	4	213	0.9953051643192489	1.0	0.9953051643192489	0.9056603773584906	0.0	212	212	213	192	20	40374184.0	40375123.0	0.9743024182832847	HIGH	AG	GT	CANONICAL	CANONICAL	1140	0	0.0	0	0
GCA_059997585.1	CRS_JAAS	Bos taurus	Bos taurus	Chromosome	ok	exon_5	5	124	0.9596774193548387	0.9596774193548387	0.9596774193548387	0.8991596638655462	0.0	119	119	119	107	12	40377945.0	40378063.0	0.956644754676064	HIGH	GA	GT	NONCANONICAL	CANONICAL	319	0	0.0	0	0
GCA_059997585.1	CRS_JAAS	Bos taurus	Bos taurus	Chromosome	ok	exon_6	6	1115	0.9641255605381166	1.0	0.9641255605381166	0.8734883720930232	0.0	1075	1075	1115	939	136	40378889.0	40379964.0	0.9522285952654084	HIGH	AG		CANONICAL	NA	1276	0	0.0	0	0
GCA_902712895.1	Rtarandus_v2.1	Rangifer tarandus tarandus	Rangifer tarandus	Scaffold	ok	exon_1	1	194	0.9896907216494846	0.9896907216494846	0.9896907216494846	0.859375	0.0	192	192	192	165	27	90721.0	90912.0	0.9602045747422681	HIGH		AG	NA	NONCANONICAL	392	0	0.0	0	0
GCA_902712895.1	Rtarandus_v2.1	Rangifer tarandus tarandus	Rangifer tarandus	Scaffold	ok	exon_2	2	304	0.9703947368421053	1.0	0.9703947368421053	0.9084745762711864	0.0	295	295	304	268	27	86988.0	88094.0	0.9637962756467441	HIGH	AG	GT	CANONICAL	CANONICAL	1307	0	0.0	0	0
GCA_902712895.1	Rtarandus_v2.1	Rangifer tarandus tarandus	Rangifer tarandus	Scaffold	ok	exon_3	3	837	0.978494623655914	1.0	0.978494623655914	0.8852258852258852	0.0	819	819	837	725	94	83511.0	84607.0	0.9616290519516326	HIGH	AG	GT	CANONICAL	CANONICAL	1297	0	0.0	0	0
GCA_902712895.1	Rtarandus_v2.1	Rangifer tarandus tarandus	Rangifer tarandus	Scaffold	ok	exon_4	4	213	0.8732394366197183	0.8779342723004695	0.8732394366197183	0.8978494623655914	0.0	186	186	187	167	19	76315.0	76500.0	0.9174201120702711	HIGH			NA	NA	386	0	0.0	0	0
GCA_902712895.1	Rtarandus_v2.1	Rangifer tarandus tarandus	Rangifer tarandus	Scaffold	ok	exon_5	5	124	0.9919354838709677	0.9919354838709677	0.9919354838709677	0.8943089430894309	0.0	123	123	123	110	13	73213.0	73335.0	0.9699482035142932	HIGH	GA	GT	NONCANONICAL	CANONICAL	323	0	0.0	0	0
GCA_902712895.1	Rtarandus_v2.1	Rangifer tarandus tarandus	Rangifer tarandus	Scaffold	ok	exon_6	6	1115	0.9479820627802691	1.0	0.9479820627802691	0.8722800378429517	0.0	1057	1057	1115	922	135	71339.0	72395.0	0.944661937711859	HIGH	AG		CANONICAL	NA	1257	0	0.0	0	0
GCA_902825105.1	synceruscaffer	Syncerus caffer	Syncerus caffer	Scaffold	ok	exon_1	1	194	0.0	0.0	0.0	0.0		0	0	0	0	0			0.21666666666666667	UNRESOLVED			NA	NA	0	0		0	0
GCA_902825105.1	synceruscaffer	Syncerus caffer	Syncerus caffer	Scaffold	ok	exon_2	2	304	0.0	0.0	0.0	0.0		0	0	0	0	0			0.21666666666666667	UNRESOLVED			NA	NA	0	0		0	0
GCA_902825105.1	synceruscaffer	Syncerus caffer	Syncerus caffer	Scaffold	ok	exon_3	3	837	0.929510155316607	0.966547192353644	0.929510155316607	0.884318766066838	0.0	778	778	809	688	90	33859329.0	33860106.0	0.9060259280758494	HIGH	AA	AC	NONCANONICAL	NONCANONICAL	978	0	0.0	0	0
GCA_902825105.1	synceruscaffer	Syncerus caffer	Syncerus caffer	Scaffold	ok	exon_4	4	213	0.9953051643192489	1.0	0.9953051643192489	0.8962264150943396	0.0	212	212	213	190	22	33867596.0	33868535.0	0.9386105943839136	HIGH	AG	GT	CANONICAL	CANONICAL	1140	0	0.0	0	0
GCA_902825105.1	synceruscaffer	Syncerus caffer	Syncerus caffer	Scaffold	ok	exon_5	5	124	0.9919354838709677	0.9919354838709677	0.9919354838709677	0.9105691056910569	0.0	123	123	123	112	11	33871362.0	33871484.0	0.9406799108313665	HIGH	GA	GT	NONCANONICAL	CANONICAL	323	0	0.0	0	0
GCA_902825105.1	synceruscaffer	Syncerus caffer	Syncerus caffer	Scaffold	ok	exon_6	6	1115	0.9632286995515695	1.0	0.9632286995515695	0.8752327746741154	0.0	1074	1074	1115	940	134	33872321.0	33873394.0	0.9189277751334018	HIGH	AG		CANONICAL	NA	1274	0	0.0	0	0
GCA_903231385.1	OvNiv1.0	Ovis nivicola lydekkeri	Ovis nivicola	Scaffold	ok	exon_1	1	194	0.9432989690721649	0.9690721649484536	0.9432989690721649	0.8524590163934426	0.0	183	183	188	156	27	23482.0	23668.0	0.9375992901808349	HIGH		CC	NA	NONCANONICAL	387	0	0.0	0	0
GCA_903231385.1	OvNiv1.0	Ovis nivicola lydekkeri	Ovis nivicola	Scaffold	ok	exon_2	2	304	0.993421052631579	1.0	0.993421052631579	0.8940397350993378	0.0	302	302	304	270	32	26321.0	26623.0	0.970549407459045	HIGH	AG	GT	CANONICAL	CANONICAL	503	0	0.0	0	0
GCA_903231385.1	OvNiv1.0	Ovis nivicola lydekkeri	Ovis nivicola	Scaffold	ok	exon_3	3	837	0.959378733572282	0.98805256869773	0.959378733572282	0.8854296388542964	0.0	803	803	827	711	92	28979.0	29941.0	0.9530778398211011	HIGH	AG	GT	CANONICAL	CANONICAL	1163	0	0.0	0	0
GCA_903231385.1	OvNiv1.0	Ovis nivicola lydekkeri	Ovis nivicola	Scaffold	ok	exon_4	4	213	0.8732394366197183	0.8779342723004695	0.8732394366197183	0.8978494623655914	0.0	186	186	187	167	19	37698.0	37883.0	0.9174201120702711	HIGH			NA	NA	386	0	0.0	0	0
GCA_903231385.1	OvNiv1.0	Ovis nivicola lydekkeri	Ovis nivicola	Scaffold	ok	exon_5	5	124	0.9919354838709677	0.9919354838709677	0.9919354838709677	0.9024390243902439	0.0	123	123	123	111	12	41235.0	41357.0	0.9719807238394965	HIGH	GA	GC	NONCANONICAL	CANONICAL	323	0	0.0	0	0
GCA_903231385.1	OvNiv1.0	Ovis nivicola lydekkeri	Ovis nivicola	Scaffold	ok	exon_6	6	1115	0.9515695067264573	0.9847533632286996	0.9515695067264573	0.8727615457115928	0.0	1061	1061	1098	926	135	42179.0	43241.0	0.9463966644548041	HIGH	AG		CANONICAL	NA	1263	0	0.0	0	0
GCA_905123515.1	ROSLIN_BTT_NDA1	Bos taurus	Bos taurus	Chromosome	ok	exon_1	1	194	0.8917525773195877	0.8969072164948454	0.8917525773195877	0.8728323699421965	0.0	173	173	174	151	22	33959747.0	33959919.0	0.9194967522793636	HIGH			NA	NA	373	0	0.0	0	0
GCA_905123515.1	ROSLIN_BTT_NDA1	Bos taurus	Bos taurus	Chromosome	ok	exon_2	2	304	1.0	1.0	1.0	0.9046052631578947	0.0	304	304	304	275	29	33962573.0	33962876.0	0.9761513157894737	HIGH	AG	GT	CANONICAL	CANONICAL	504	0	0.0	0	0
GCA_905123515.1	ROSLIN_BTT_NDA1	Bos taurus	Bos taurus	Chromosome	ok	exon_3	3	837	0.946236559139785	0.966547192353644	0.946236559139785	0.8825757575757576	0.0	792	792	809	699	93	33965728.0	33966519.0	0.9464503910068427	HIGH	AG	AC	CANONICAL	NONCANONICAL	992	0	0.0	0	0
GCA_905123515.1	ROSLIN_BTT_NDA1	Bos taurus	Bos taurus	Chromosome	ok	exon_4	4	213	0.9953051643192489	1.0	0.9953051643192489	0.9056603773584906	0.0	212	212	213	192	20	33973866.0	33974805.0	0.9743024182832847	HIGH	AG	GT	CANONICAL	CANONICAL	1140	0	0.0	0	0
GCA_905123515.1	ROSLIN_BTT_NDA1	Bos taurus	Bos taurus	Chromosome	ok	exon_5	5	124	0.9919354838709677	0.9919354838709677	0.9919354838709677	0.9024390243902439	0.0	123	123	123	111	12	33977605.0	33977727.0	0.9719807238394965	HIGH	GA	GT	NONCANONICAL	CANONICAL	323	0	0.0	0	0
GCA_905123515.1	ROSLIN_BTT_NDA1	Bos taurus	Bos taurus	Chromosome	ok	exon_6	6	1115	0.9641255605381166	1.0	0.9641255605381166	0.8762790697674419	0.0	1075	1075	1115	942	133	33978552.0	33979627.0	0.9529262696840131	HIGH	AG		CANONICAL	NA	1276	0	0.0	0	0
GCA_905123885.1	ROSLIN_BTI_ANK1	Bos taurus	Bos taurus	Chromosome	ok	exon_1	1	194	0.8917525773195877	0.8969072164948454	0.8917525773195877	0.8728323699421965	0.0	173	173	174	151	22	33991996.0	33992168.0	0.9194967522793636	HIGH			NA	NA	373	0	0.0	0	0
GCA_905123885.1	ROSLIN_BTI_ANK1	Bos taurus	Bos taurus	Chromosome	ok	exon_2	2	304	1.0	1.0	1.0	0.9046052631578947	0.0	304	304	304	275	29	33994822.0	33995125.0	0.9761513157894737	HIGH	AG	GT	CANONICAL	CANONICAL	504	0	0.0	0	0
GCA_905123885.1	ROSLIN_BTI_ANK1	Bos taurus	Bos taurus	Chromosome	ok	exon_3	3	837	0.946236559139785	0.966547192353644	0.946236559139785	0.8825757575757576	0.0	792	792	809	699	93	33997977.0	33998768.0	0.9464503910068427	HIGH	AG	AC	CANONICAL	NONCANONICAL	992	0	0.0	0	0
GCA_905123885.1	ROSLIN_BTI_ANK1	Bos taurus	Bos taurus	Chromosome	ok	exon_4	4	213	0.9953051643192489	1.0	0.9953051643192489	0.9056603773584906	0.0	212	212	213	192	20	34006114.0	34007053.0	0.9743024182832847	HIGH	AG	GT	CANONICAL	CANONICAL	1140	0	0.0	0	0
GCA_905123885.1	ROSLIN_BTI_ANK1	Bos taurus	Bos taurus	Chromosome	ok	exon_5	5	124	0.9596774193548387	0.9596774193548387	0.9596774193548387	0.8991596638655462	0.0	119	119	119	107	12	34009851.0	34009969.0	0.956644754676064	HIGH	GA	GT	NONCANONICAL	CANONICAL	319	0	0.0	0	0
GCA_905123885.1	ROSLIN_BTI_ANK1	Bos taurus	Bos taurus	Chromosome	ok	exon_6	6	1115	0.9623318385650225	1.0	0.9623318385650225	0.875116495806151	0.0	1073	1073	1115	939	134	34010794.0	34011868.0	0.951828451305798	HIGH	AG		CANONICAL	NA	1275	0	0.0	0	0
GCA_910593805.2	mCerEla1.hap2.2	Cervus elaphus	Cervus elaphus	Chromosome	ok	exon_1	1	194	0.9690721649484536	0.9690721649484536	0.9690721649484536	0.8829787234042553	0.0	188	188	188	166	22	39415734.0	39415921.0	0.9401604884112014	HIGH		CC	NA	NONCANONICAL	388	0	0.0	0	0
GCA_910593805.2	mCerEla1.hap2.2	Cervus elaphus	Cervus elaphus	Chromosome	ok	exon_2	2	304	0.9703947368421053	0.9967105263157895	0.9703947368421053	0.9084745762711864	0.0	295	295	303	268	27	39418586.0	39419702.0	0.9471296089800775	HIGH	AG	AG	CANONICAL	NONCANONICAL	1317	0	0.0	0	0
GCA_910593805.2	mCerEla1.hap2.2	Cervus elaphus	Cervus elaphus	Chromosome	ok	exon_3	3	837	0.980884109916368	1.0	0.980884109916368	0.8879415347137637	0.0	821	821	837	729	92	39422086.0	39423184.0	0.9467165664741399	HIGH	AG	GT	CANONICAL	CANONICAL	1299	0	0.0	0	0
GCA_910593805.2	mCerEla1.hap2.2	Cervus elaphus	Cervus elaphus	Chromosome	ok	exon_4	4	213	0.0	0.0	0.0	0.0		0	0	0	0	0			0.23333333333333334	UNRESOLVED			NA	NA	0	0		0	0
GCA_910593805.2	mCerEla1.hap2.2	Cervus elaphus	Cervus elaphus	Chromosome	ok	exon_5	5	124	0.9919354838709677	0.9919354838709677	0.9919354838709677	0.8861788617886179	0.0	123	123	123	109	14	39429812.0	39429934.0	0.9512490165224234	HIGH	GA	GT	NONCANONICAL	CANONICAL	323	0	0.0	0	0
GCA_910593805.2	mCerEla1.hap2.2	Cervus elaphus	Cervus elaphus	Chromosome	ok	exon_6	6	1115	0.9551569506726457	1.0	0.9551569506726457	0.8713615023474178	0.0	1065	1065	1115	928	137	39430741.0	39431805.0	0.9309943367228785	HIGH	AG		CANONICAL	NA	1265	0	0.0	0	0
GCA_910594005.1	mCerEla1.1	Cervus elaphus	Cervus elaphus	Chromosome	ok	exon_1	1	194	0.9690721649484536	0.9690721649484536	0.9690721649484536	0.8829787234042553	0.0	188	188	188	166	22	36106682.0	36106869.0	0.9401604884112014	HIGH		CC	NA	NONCANONICAL	388	0	0.0	0	0
GCA_910594005.1	mCerEla1.1	Cervus elaphus	Cervus elaphus	Chromosome	ok	exon_2	2	304	0.9703947368421053	0.9967105263157895	0.9703947368421053	0.9084745762711864	0.0	295	295	303	268	27	36109545.0	36110661.0	0.9471296089800775	HIGH	AG	AG	CANONICAL	NONCANONICAL	1317	0	0.0	0	0
GCA_910594005.1	mCerEla1.1	Cervus elaphus	Cervus elaphus	Chromosome	ok	exon_3	3	837	0.980884109916368	1.0	0.980884109916368	0.8879415347137637	0.0	821	821	837	729	92	36113045.0	36114143.0	0.9467165664741399	HIGH	AG	GT	CANONICAL	CANONICAL	1299	0	0.0	0	0
GCA_910594005.1	mCerEla1.1	Cervus elaphus	Cervus elaphus	Chromosome	ok	exon_4	4	213	0.0	0.0	0.0	0.0		0	0	0	0	0			0.23333333333333334	UNRESOLVED			NA	NA	0	0		0	0
GCA_910594005.1	mCerEla1.1	Cervus elaphus	Cervus elaphus	Chromosome	ok	exon_5	5	124	0.9919354838709677	0.9919354838709677	0.9919354838709677	0.8943089430894309	0.0	123	123	123	110	13	36120769.0	36120891.0	0.9532815368476266	HIGH	GA	GT	NONCANONICAL	CANONICAL	323	0	0.0	0	0
GCA_910594005.1	mCerEla1.1	Cervus elaphus	Cervus elaphus	Chromosome	ok	exon_6	6	1115	0.9551569506726457	1.0	0.9551569506726457	0.8741784037558685	0.0	1065	1065	1115	931	134	36121698.0	36122762.0	0.9316985620749911	HIGH	AG		CANONICAL	NA	1265	0	0.0	0	0
GCA_910594005.2	mCerEla1.hap1.2	Cervus elaphus	Cervus elaphus	Chromosome	ok	exon_1	1	194	0.9690721649484536	0.9690721649484536	0.9690721649484536	0.8829787234042553	0.0	188	188	188	166	22	68646212.0	68646399.0	0.9401604884112014	HIGH		CC	NA	NONCANONICAL	388	0	0.0	0	0
GCA_910594005.2	mCerEla1.hap1.2	Cervus elaphus	Cervus elaphus	Chromosome	ok	exon_2	2	304	0.9703947368421053	0.9967105263157895	0.9703947368421053	0.9084745762711864	0.0	295	295	303	268	27	68649075.0	68650191.0	0.9471296089800775	HIGH	AG	AG	CANONICAL	NONCANONICAL	1317	0	0.0	0	0
GCA_910594005.2	mCerEla1.hap1.2	Cervus elaphus	Cervus elaphus	Chromosome	ok	exon_3	3	837	0.980884109916368	1.0	0.980884109916368	0.8879415347137637	0.0	821	821	837	729	92	68652575.0	68653673.0	0.9467165664741399	HIGH	AG	GT	CANONICAL	CANONICAL	1299	0	0.0	0	0
GCA_910594005.2	mCerEla1.hap1.2	Cervus elaphus	Cervus elaphus	Chromosome	ok	exon_4	4	213	0.0	0.0	0.0	0.0		0	0	0	0	0			0.23333333333333334	UNRESOLVED			NA	NA	0	0		0	0
GCA_910594005.2	mCerEla1.hap1.2	Cervus elaphus	Cervus elaphus	Chromosome	ok	exon_5	5	124	0.9919354838709677	0.9919354838709677	0.9919354838709677	0.8943089430894309	0.0	123	123	123	110	13	68660299.0	68660421.0	0.9532815368476266	HIGH	GA	GT	NONCANONICAL	CANONICAL	323	0	0.0	0	0
GCA_910594005.2	mCerEla1.hap1.2	Cervus elaphus	Cervus elaphus	Chromosome	ok	exon_6	6	1115	0.9551569506726457	1.0	0.9551569506726457	0.8741784037558685	0.0	1065	1065	1115	931	134	68661228.0	68662292.0	0.9316985620749911	HIGH	AG		CANONICAL	NA	1265	0	0.0	0	0
GCA_914753205.1	Brown Swiss cow	Bos taurus	Bos taurus	Scaffold	ok	exon_1	1	194	0.8917525773195877	0.8969072164948454	0.8917525773195877	0.8728323699421965	0.0	173	173	174	151	22	33807320.0	33807492.0	0.9194967522793636	HIGH			NA	NA	373	0	0.0	0	0
GCA_914753205.1	Brown Swiss cow	Bos taurus	Bos taurus	Scaffold	ok	exon_2	2	304	1.0	1.0	1.0	0.9046052631578947	0.0	304	304	304	275	29	33810147.0	33810450.0	0.9761513157894737	HIGH	AG	GT	CANONICAL	CANONICAL	504	0	0.0	0	0
GCA_914753205.1	Brown Swiss cow	Bos taurus	Bos taurus	Scaffold	ok	exon_3	3	837	0.946236559139785	0.966547192353644	0.946236559139785	0.8825757575757576	0.0	792	792	809	699	93	33812974.0	33813765.0	0.9464503910068427	HIGH	AG	AC	CANONICAL	NONCANONICAL	992	0	0.0	0	0
GCA_914753205.1	Brown Swiss cow	Bos taurus	Bos taurus	Scaffold	ok	exon_4	4	213	0.9953051643192489	1.0	0.9953051643192489	0.9056603773584906	0.0	212	212	213	192	20	33821124.0	33822063.0	0.9743024182832847	HIGH	AG	GT	CANONICAL	CANONICAL	1140	0	0.0	0	0
GCA_914753205.1	Brown Swiss cow	Bos taurus	Bos taurus	Scaffold	ok	exon_5	5	124	0.9596774193548387	0.9596774193548387	0.9596774193548387	0.8991596638655462	0.0	119	119	119	107	12	33824885.0	33825003.0	0.956644754676064	HIGH	GA	GT	NONCANONICAL	CANONICAL	319	0	0.0	0	0
GCA_914753205.1	Brown Swiss cow	Bos taurus	Bos taurus	Scaffold	ok	exon_6	6	1115	0.9641255605381166	1.0	0.9641255605381166	0.8734883720930232	0.0	1075	1075	1115	939	136	33825829.0	33826904.0	0.9522285952654084	HIGH	AG		CANONICAL	NA	1276	0	0.0	0	0
GCA_917880005.1	ORGONE_02	Nanger dama	Nanger dama	Scaffold	ok	exon_1	1	194	0.0	0.0	0.0	0.0		0	0	0	0	0			0.23333333333333334	UNRESOLVED			NA	NA	0	0		0	0
GCA_917880005.1	ORGONE_02	Nanger dama	Nanger dama	Scaffold	ok	exon_2	2	304	0.9967105263157895	1.0	0.9967105263157895	0.8646864686468647	0.0	303	303	304	262	41	10439117.0	10439419.0	0.948024687337155	HIGH	AG	GT	CANONICAL	CANONICAL	503	0	0.0	0	0
GCA_917880005.1	ORGONE_02	Nanger dama	Nanger dama	Scaffold	ok	exon_3	3	837	0.974910394265233	1.0	0.974910394265233	0.8627450980392157	0.0	816	816	837	704	112	10440825.0	10441640.0	0.9377292852624922	HIGH	AG	GT	CANONICAL	CANONICAL	1016	0	0.0	0	0
GCA_917880005.1	ORGONE_02	Nanger dama	Nanger dama	Scaffold	ok	exon_4	4	213	0.9953051643192489	1.0	0.9953051643192489	0.8867924528301887	0.0	212	212	213	188	24	10448422.0	10449340.0	0.9529187704845425	HIGH	AG	GT	CANONICAL	CANONICAL	1119	0	0.0	0	0
GCA_917880005.1	ORGONE_02	Nanger dama	Nanger dama	Scaffold	ok	exon_5	5	124	0.9919354838709677	0.9919354838709677	0.9919354838709677	0.8699186991869918	0.0	123	123	123	107	16	10452687.0	10452809.0	0.9471839758720169	HIGH	GA	GT	NONCANONICAL	CANONICAL	323	0	0.0	0	0
GCA_917880005.1	ORGONE_02	Nanger dama	Nanger dama	Scaffold	ok	exon_6	6	1115	0.968609865470852	1.0	0.968609865470852	0.8657407407407407	0.0	1080	1080	1115	935	145	10453612.0	10454692.0	0.935642957980402	HIGH	AG		CANONICAL	NA	1281	0	0.0	0	0
GCA_935064755.1	mTraEur1.1	Tragelaphus eurycerus	Tragelaphus eurycerus	Contig	ok	exon_1	1	194	0.9742268041237113	0.979381443298969	0.9742268041237113	0.8571428571428571	0.0	189	189	190	162	27	33400996.0	33401184.0	0.9526877761413844	HIGH		CC	NA	NONCANONICAL	389	0	0.0	0	0
GCA_935064755.1	mTraEur1.1	Tragelaphus eurycerus	Tragelaphus eurycerus	Contig	ok	exon_2	2	304	1.0	1.0	1.0	0.8980263157894737	0.0	304	304	304	273	31	33398012.0	33398315.0	0.9745065789473685	HIGH	AG	GT	CANONICAL	CANONICAL	504	0	0.0	0	0
GCA_935064755.1	mTraEur1.1	Tragelaphus eurycerus	Tragelaphus eurycerus	Contig	ok	exon_3	3	837	0.7001194743130227	0.7132616487455197	0.7001194743130227	0.89419795221843	0.0	586	586	597	524	62	33393976.0	33394561.0	0.8386032514954678	MEDIUM			NA	NA	786	0	0.0	0	0
GCA_935064755.1	mTraEur1.1	Tragelaphus eurycerus	Tragelaphus eurycerus	Contig	ok	exon_4	4	213	0.9859154929577465	1.0	0.9859154929577465	0.8761904761904762	0.0	210	210	213	184	26	33385790.0	33386720.0	0.962709590878605	HIGH	AA	GT	NONCANONICAL	CANONICAL	1131	0	0.0	0	0
GCA_935064755.1	mTraEur1.1	Tragelaphus eurycerus	Tragelaphus eurycerus	Contig	ok	exon_5	5	124	0.9919354838709677	0.9919354838709677	0.9919354838709677	0.9105691056910569	0.0	123	123	123	112	11	33382052.0	33382174.0	0.9740132441646998	HIGH	GA	GT	NONCANONICAL	CANONICAL	323	0	0.0	0	0
GCA_935064755.1	mTraEur1.1	Tragelaphus eurycerus	Tragelaphus eurycerus	Contig	ok	exon_6	6	1115	0.947085201793722	0.9964125560538116	0.947085201793722	0.8768939393939394	0.0	1056	1056	1111	926	130	33380150.0	33381228.0	0.9454118256556598	HIGH	AG		CANONICAL	NA	1279	0	0.0	0	0
GCA_947034695.1	seqoccin.Bt.char.v1.0	Bos taurus	Bos taurus	Chromosome	ok	exon_1	1	194	0.8917525773195877	0.8969072164948454	0.8917525773195877	0.8728323699421965	0.0	173	173	174	151	22	39335679.0	39335851.0	0.9194967522793636	HIGH			NA	NA	373	0	0.0	0	0
GCA_947034695.1	seqoccin.Bt.char.v1.0	Bos taurus	Bos taurus	Chromosome	ok	exon_2	2	304	1.0	1.0	1.0	0.9078947368421053	0.0	304	304	304	276	28	39338504.0	39338807.0	0.9769736842105263	HIGH	AG	GT	CANONICAL	CANONICAL	504	0	0.0	0	0
GCA_947034695.1	seqoccin.Bt.char.v1.0	Bos taurus	Bos taurus	Chromosome	ok	exon_3	3	837	0.946236559139785	0.966547192353644	0.946236559139785	0.8825757575757576	0.0	792	792	809	699	93	39341659.0	39342450.0	0.9464503910068427	HIGH	AG	AC	CANONICAL	NONCANONICAL	992	0	0.0	0	0
GCA_947034695.1	seqoccin.Bt.char.v1.0	Bos taurus	Bos taurus	Chromosome	ok	exon_4	4	213	0.9953051643192489	1.0	0.9953051643192489	0.9056603773584906	0.0	212	212	213	192	20	39349797.0	39350736.0	0.9743024182832847	HIGH	AG	GT	CANONICAL	CANONICAL	1140	0	0.0	0	0
GCA_947034695.1	seqoccin.Bt.char.v1.0	Bos taurus	Bos taurus	Chromosome	ok	exon_5	5	124	0.9919354838709677	0.9919354838709677	0.9919354838709677	0.9024390243902439	0.0	123	123	123	111	12	39353536.0	39353658.0	0.9719807238394965	HIGH	GA	GT	NONCANONICAL	CANONICAL	323	0	0.0	0	0
GCA_947034695.1	seqoccin.Bt.char.v1.0	Bos taurus	Bos taurus	Chromosome	ok	exon_6	6	1115	0.9641255605381166	1.0	0.9641255605381166	0.8762790697674419	0.0	1075	1075	1115	942	133	39354483.0	39355558.0	0.9529262696840131	HIGH	AG		CANONICAL	NA	1276	0	0.0	0	0
GCA_949782905.1	mRanTar1.h1.1	Rangifer tarandus platyrhynchus	Rangifer tarandus	Chromosome	ok	exon_1	1	194	0.979381443298969	0.979381443298969	0.979381443298969	0.8578947368421053	0.0	190	190	190	163	27	33510522.0	33510711.0	0.9551953336950625	HIGH		CC	NA	NONCANONICAL	390	0	0.0	0	0
GCA_949782905.1	mRanTar1.h1.1	Rangifer tarandus platyrhynchus	Rangifer tarandus	Chromosome	ok	exon_2	2	304	0.9703947368421053	1.0	0.9703947368421053	0.9152542372881356	0.0	295	295	304	270	25	33513332.0	33514447.0	0.9654911909009813	HIGH	AG	GT	CANONICAL	CANONICAL	1316	0	0.0	0	0
GCA_949782905.1	mRanTar1.h1.1	Rangifer tarandus platyrhynchus	Rangifer tarandus	Chromosome	ok	exon_3	3	837	0.978494623655914	1.0	0.978494623655914	0.8876678876678876	0.0	819	819	837	727	92	33516828.0	33517924.0	0.9622395525621332	HIGH	AG	GT	CANONICAL	CANONICAL	1297	0	0.0	0	0
GCA_949782905.1	mRanTar1.h1.1	Rangifer tarandus platyrhynchus	Rangifer tarandus	Chromosome	ok	exon_4	4	213	0.8732394366197183	0.8779342723004695	0.8732394366197183	0.8978494623655914	0.0	186	186	187	167	19	33524935.0	33525120.0	0.9174201120702711	HIGH			NA	NA	386	0	0.0	0	0
GCA_949782905.1	mRanTar1.h1.1	Rangifer tarandus platyrhynchus	Rangifer tarandus	Chromosome	ok	exon_5	5	124	0.9919354838709677	0.9919354838709677	0.9919354838709677	0.8943089430894309	0.0	123	123	123	110	13	33528100.0	33528222.0	0.9699482035142932	HIGH	GA	GT	NONCANONICAL	CANONICAL	323	0	0.0	0	0
GCA_949782905.1	mRanTar1.h1.1	Rangifer tarandus platyrhynchus	Rangifer tarandus	Chromosome	ok	exon_6	6	1115	0.9479820627802691	1.0	0.9479820627802691	0.8713339640491958	0.0	1057	1057	1115	921	136	33529040.0	33530096.0	0.94442541926342	HIGH	AG		CANONICAL	NA	1257	0	0.0	0	0
GCA_951394145.2	mRanTar1.2.h2	Rangifer tarandus platyrhynchus	Rangifer tarandus	Chromosome	ok	exon_1	1	194	0.979381443298969	0.979381443298969	0.979381443298969	0.8578947368421053	0.0	190	190	190	163	27	33101572.0	33101761.0	0.9551953336950625	HIGH		CC	NA	NONCANONICAL	390	0	0.0	0	0
GCA_951394145.2	mRanTar1.2.h2	Rangifer tarandus platyrhynchus	Rangifer tarandus	Chromosome	ok	exon_2	2	304	0.9703947368421053	1.0	0.9703947368421053	0.9152542372881356	0.0	295	295	304	270	25	33104382.0	33105497.0	0.9654911909009813	HIGH	AG	GT	CANONICAL	CANONICAL	1316	0	0.0	0	0
GCA_951394145.2	mRanTar1.2.h2	Rangifer tarandus platyrhynchus	Rangifer tarandus	Chromosome	ok	exon_3	3	837	0.978494623655914	1.0	0.978494623655914	0.8876678876678876	0.0	819	819	837	727	92	33107878.0	33108974.0	0.9622395525621332	HIGH	AG	GT	CANONICAL	CANONICAL	1297	0	0.0	0	0
GCA_951394145.2	mRanTar1.2.h2	Rangifer tarandus platyrhynchus	Rangifer tarandus	Chromosome	ok	exon_4	4	213	0.8732394366197183	0.8779342723004695	0.8732394366197183	0.8978494623655914	0.0	186	186	187	167	19	33115985.0	33116170.0	0.9174201120702711	HIGH			NA	NA	386	0	0.0	0	0
GCA_951394145.2	mRanTar1.2.h2	Rangifer tarandus platyrhynchus	Rangifer tarandus	Chromosome	ok	exon_5	5	124	0.9919354838709677	0.9919354838709677	0.9919354838709677	0.8943089430894309	0.0	123	123	123	110	13	33119150.0	33119272.0	0.9699482035142932	HIGH	GA	GT	NONCANONICAL	CANONICAL	323	0	0.0	0	0
GCA_951394145.2	mRanTar1.2.h2	Rangifer tarandus platyrhynchus	Rangifer tarandus	Chromosome	ok	exon_6	6	1115	0.9479820627802691	1.0	0.9479820627802691	0.8713339640491958	0.0	1057	1057	1115	921	136	33120090.0	33121146.0	0.94442541926342	HIGH	AG		CANONICAL	NA	1257	0	0.0	0	0
GCA_951849835.1	ETH_CapCap1	Capreolus capreolus	Capreolus capreolus	Contig	ok	exon_1	1	194	0.979381443298969	0.979381443298969	0.979381443298969	0.8526315789473684	0.0	190	190	190	162	28	48204543.0	48204732.0	0.9538795442213782	HIGH		CA	NA	NONCANONICAL	390	0	0.0	0	0
GCA_951849835.1	ETH_CapCap1	Capreolus capreolus	Capreolus capreolus	Contig	ok	exon_2	2	304	0.9736842105263158	1.0	0.9736842105263158	0.9087837837837838	0.0	296	296	304	269	27	48206445.0	48207527.0	0.9653538406827882	HIGH	AG	GT	CANONICAL	CANONICAL	1283	0	0.0	0	0
GCA_951849835.1	ETH_CapCap1	Capreolus capreolus	Capreolus capreolus	Contig	ok	exon_3	3	837	0.980884109916368	1.0	0.980884109916368	0.879415347137637	0.0	821	821	837	722	99	48209891.0	48210989.0	0.9612516862467749	HIGH	AG	GT	CANONICAL	CANONICAL	1299	0	0.0	0	0
GCA_951849835.1	ETH_CapCap1	Capreolus capreolus	Capreolus capreolus	Contig	ok	exon_4	4	213	0.8732394366197183	0.8779342723004695	0.8732394366197183	0.8817204301075269	0.0	186	186	187	164	22	48218723.0	48218908.0	0.913387854005755	HIGH			NA	NA	386	0	0.0	0	0
GCA_951849835.1	ETH_CapCap1	Capreolus capreolus	Capreolus capreolus	Contig	ok	exon_5	5	124	0.9919354838709677	0.9919354838709677	0.9919354838709677	0.8943089430894309	0.0	123	123	123	110	13	48221890.0	48222012.0	0.9699482035142932	HIGH	GA	GT	NONCANONICAL	CANONICAL	323	0	0.0	0	0
GCA_951849835.1	ETH_CapCap1	Capreolus capreolus	Capreolus capreolus	Contig	ok	exon_6	6	1115	0.9497757847533632	1.0	0.9497757847533632	0.8715769593956563	0.0	1059	1059	1115	923	136	48222837.0	48223895.0	0.9452933429879276	HIGH	AG		CANONICAL	NA	1259	0	0.0	0	0
GCA_963422255.1	RTA_final	Rangifer tarandus	Rangifer tarandus	Scaffold	ok	exon_1	1	194	0.9896907216494846	0.9896907216494846	0.9896907216494846	0.859375	0.0	192	192	192	165	27	32980501.0	32980692.0	0.9602045747422681	HIGH		AG	NA	NONCANONICAL	392	0	0.0	0	0
GCA_963422255.1	RTA_final	Rangifer tarandus	Rangifer tarandus	Scaffold	ok	exon_2	2	304	0.9703947368421053	1.0	0.9703947368421053	0.9084745762711864	0.0	295	295	304	268	27	32983319.0	32984425.0	0.9637962756467441	HIGH	AG	GT	CANONICAL	CANONICAL	1307	0	0.0	0	0
GCA_963422255.1	RTA_final	Rangifer tarandus	Rangifer tarandus	Scaffold	ok	exon_3	3	837	0.978494623655914	1.0	0.978494623655914	0.8852258852258852	0.0	819	819	837	725	94	32986806.0	32987902.0	0.9616290519516326	HIGH	AG	GT	CANONICAL	CANONICAL	1297	0	0.0	0	0
GCA_963422255.1	RTA_final	Rangifer tarandus	Rangifer tarandus	Scaffold	ok	exon_4	4	213	0.8732394366197183	0.8779342723004695	0.8732394366197183	0.8978494623655914	0.0	186	186	187	167	19	32994913.0	32995098.0	0.9174201120702711	HIGH			NA	NA	386	0	0.0	0	0
GCA_963422255.1	RTA_final	Rangifer tarandus	Rangifer tarandus	Scaffold	ok	exon_5	5	124	0.9919354838709677	0.9919354838709677	0.9919354838709677	0.8943089430894309	0.0	123	123	123	110	13	32998078.0	32998200.0	0.9699482035142932	HIGH	GA	GT	NONCANONICAL	CANONICAL	323	0	0.0	0	0
GCA_963422255.1	RTA_final	Rangifer tarandus	Rangifer tarandus	Scaffold	ok	exon_6	6	1115	0.9479820627802691	1.0	0.9479820627802691	0.8713339640491958	0.0	1057	1057	1115	921	136	32999018.0	33000074.0	0.94442541926342	HIGH	AG		CANONICAL	NA	1257	0	0.0	0	0
GCA_963879515.1	ETH_BisBon1	Bison bonasus	Bison bonasus	Scaffold	ok	exon_1	1	194	0.0	0.0	0.0	0.0		0	0	0	0	0			0.23333333333333334	UNRESOLVED			NA	NA	0	0		0	0
GCA_963879515.1	ETH_BisBon1	Bison bonasus	Bison bonasus	Scaffold	ok	exon_2	2	304	1.0	1.0	1.0	0.9078947368421053	0.0	304	304	304	276	28	46677215.0	46677518.0	0.9603070175438597	HIGH	AG	GT	CANONICAL	CANONICAL	504	0	0.0	0	0
GCA_963879515.1	ETH_BisBon1	Bison bonasus	Bison bonasus	Scaffold	ok	exon_3	3	837	0.946236559139785	0.966547192353644	0.946236559139785	0.8762626262626263	0.0	792	792	809	694	98	46680386.0	46681177.0	0.9282054415118932	HIGH	AG	AC	CANONICAL	NONCANONICAL	992	0	0.0	0	0
GCA_963879515.1	ETH_BisBon1	Bison bonasus	Bison bonasus	Scaffold	ok	exon_4	4	213	0.9953051643192489	1.0	0.9953051643192489	0.8962264150943396	0.0	212	212	213	190	22	46688537.0	46689476.0	0.9552772610505803	HIGH	AG	GT	CANONICAL	CANONICAL	1140	0	0.0	0	0
GCA_963879515.1	ETH_BisBon1	Bison bonasus	Bison bonasus	Scaffold	ok	exon_5	5	124	0.9596774193548387	0.9596774193548387	0.9596774193548387	0.8991596638655462	0.0	119	119	119	107	12	46692295.0	46692413.0	0.9399780880093974	HIGH	GA	GT	NONCANONICAL	CANONICAL	319	0	0.0	0	0
GCA_963879515.1	ETH_BisBon1	Bison bonasus	Bison bonasus	Scaffold	ok	exon_6	6	1115	0.9632286995515695	1.0	0.9632286995515695	0.8752327746741154	0.0	1074	1074	1115	940	134	46693237.0	46694311.0	0.9355944418000686	HIGH	AG		CANONICAL	NA	1275	0	0.0	0	0
GCA_963920245.1	seqoccin.Bt.char.SAMEA114541726.v1.0	Bos taurus	Bos taurus	Scaffold	ok	exon_1	1	194	0.8917525773195877	0.8969072164948454	0.8917525773195877	0.8728323699421965	0.0	173	173	174	151	22	33983044.0	33983216.0	0.9194967522793636	HIGH			NA	NA	373	0	0.0	0	0
GCA_963920245.1	seqoccin.Bt.char.SAMEA114541726.v1.0	Bos taurus	Bos taurus	Scaffold	ok	exon_2	2	304	1.0	1.0	1.0	0.9046052631578947	0.0	304	304	304	275	29	33985877.0	33986180.0	0.9761513157894737	HIGH	AG	GT	CANONICAL	CANONICAL	504	0	0.0	0	0
GCA_963920245.1	seqoccin.Bt.char.SAMEA114541726.v1.0	Bos taurus	Bos taurus	Scaffold	ok	exon_3	3	837	0.946236559139785	0.966547192353644	0.946236559139785	0.8825757575757576	0.0	792	792	809	699	93	33989032.0	33989823.0	0.9464503910068427	HIGH	AG	AC	CANONICAL	NONCANONICAL	992	0	0.0	0	0
GCA_963920245.1	seqoccin.Bt.char.SAMEA114541726.v1.0	Bos taurus	Bos taurus	Scaffold	ok	exon_4	4	213	0.9953051643192489	1.0	0.9953051643192489	0.9056603773584906	0.0	212	212	213	192	20	33997168.0	33998105.0	0.9743024182832847	HIGH	TT	GT	NONCANONICAL	CANONICAL	1138	0	0.0	0	0
GCA_963920245.1	seqoccin.Bt.char.SAMEA114541726.v1.0	Bos taurus	Bos taurus	Scaffold	ok	exon_5	5	124	0.9919354838709677	0.9919354838709677	0.9919354838709677	0.9024390243902439	0.0	123	123	123	111	12	34000904.0	34001026.0	0.9719807238394965	HIGH	GA	GT	NONCANONICAL	CANONICAL	323	0	0.0	0	0
GCA_963920245.1	seqoccin.Bt.char.SAMEA114541726.v1.0	Bos taurus	Bos taurus	Scaffold	ok	exon_6	6	1115	0.9641255605381166	1.0	0.9641255605381166	0.8762790697674419	0.0	1075	1075	1115	942	133	34001851.0	34002926.0	0.9529262696840131	HIGH	AG		CANONICAL	NA	1276	0	0.0	0	0
GCA_963920255.1	seqoccin.Bt.char.SAMEA114541728.v1.0	Bos taurus	Bos taurus	Scaffold	ok	exon_1	1	194	0.8917525773195877	0.8969072164948454	0.8917525773195877	0.8728323699421965	0.0	173	173	174	151	22	33937730.0	33937902.0	0.9194967522793636	HIGH			NA	NA	373	0	0.0	0	0
GCA_963920255.1	seqoccin.Bt.char.SAMEA114541728.v1.0	Bos taurus	Bos taurus	Scaffold	ok	exon_2	2	304	1.0	1.0	1.0	0.9078947368421053	0.0	304	304	304	276	28	33940556.0	33940859.0	0.9769736842105263	HIGH	AG	GT	CANONICAL	CANONICAL	504	0	0.0	0	0
GCA_963920255.1	seqoccin.Bt.char.SAMEA114541728.v1.0	Bos taurus	Bos taurus	Scaffold	ok	exon_3	3	837	0.946236559139785	0.966547192353644	0.946236559139785	0.8825757575757576	0.0	792	792	809	699	93	33943711.0	33944502.0	0.9464503910068427	HIGH	AG	AC	CANONICAL	NONCANONICAL	992	0	0.0	0	0
GCA_963920255.1	seqoccin.Bt.char.SAMEA114541728.v1.0	Bos taurus	Bos taurus	Scaffold	ok	exon_4	4	213	0.9953051643192489	1.0	0.9953051643192489	0.9056603773584906	0.0	212	212	213	192	20	33951848.0	33952787.0	0.9743024182832847	HIGH	AG	GT	CANONICAL	CANONICAL	1140	0	0.0	0	0
GCA_963920255.1	seqoccin.Bt.char.SAMEA114541728.v1.0	Bos taurus	Bos taurus	Scaffold	ok	exon_5	5	124	0.9919354838709677	0.9919354838709677	0.9919354838709677	0.9024390243902439	0.0	123	123	123	111	12	33955587.0	33955709.0	0.9719807238394965	HIGH	GA	GT	NONCANONICAL	CANONICAL	323	0	0.0	0	0
GCA_963920255.1	seqoccin.Bt.char.SAMEA114541728.v1.0	Bos taurus	Bos taurus	Scaffold	ok	exon_6	6	1115	0.9641255605381166	1.0	0.9641255605381166	0.8762790697674419	0.0	1075	1075	1115	942	133	33956534.0	33957609.0	0.9529262696840131	HIGH	AG		CANONICAL	NA	1276	0	0.0	0	0
GCA_963920265.1	seqoccin.Bt.char.SAMEA114541727.v1.0	Bos taurus	Bos taurus	Scaffold	ok	exon_1	1	194	0.8917525773195877	0.8969072164948454	0.8917525773195877	0.8728323699421965	0.0	173	173	174	151	22	34923731.0	34923903.0	0.9194967522793636	HIGH			NA	NA	373	0	0.0	0	0
GCA_963920265.1	seqoccin.Bt.char.SAMEA114541727.v1.0	Bos taurus	Bos taurus	Scaffold	ok	exon_2	2	304	1.0	1.0	1.0	0.9046052631578947	0.0	304	304	304	275	29	34926562.0	34926865.0	0.9761513157894737	HIGH	AG	GT	CANONICAL	CANONICAL	504	0	0.0	0	0
GCA_963920265.1	seqoccin.Bt.char.SAMEA114541727.v1.0	Bos taurus	Bos taurus	Scaffold	ok	exon_3	3	837	0.946236559139785	0.966547192353644	0.946236559139785	0.8825757575757576	0.0	792	792	809	699	93	34929717.0	34930508.0	0.9464503910068427	HIGH	AG	AC	CANONICAL	NONCANONICAL	992	0	0.0	0	0
GCA_963920265.1	seqoccin.Bt.char.SAMEA114541727.v1.0	Bos taurus	Bos taurus	Scaffold	ok	exon_4	4	213	0.9953051643192489	1.0	0.9953051643192489	0.9056603773584906	0.0	212	212	213	192	20	34937854.0	34938792.0	0.9743024182832847	HIGH	AG	GT	CANONICAL	CANONICAL	1139	0	0.0	0	0
GCA_963920265.1	seqoccin.Bt.char.SAMEA114541727.v1.0	Bos taurus	Bos taurus	Scaffold	ok	exon_5	5	124	0.9596774193548387	0.9596774193548387	0.9596774193548387	0.8991596638655462	0.0	119	119	119	107	12	34941614.0	34941732.0	0.956644754676064	HIGH	GA	GT	NONCANONICAL	CANONICAL	319	0	0.0	0	0
GCA_963920265.1	seqoccin.Bt.char.SAMEA114541727.v1.0	Bos taurus	Bos taurus	Scaffold	ok	exon_6	6	1115	0.9641255605381166	1.0	0.9641255605381166	0.8734883720930232	0.0	1075	1075	1115	939	136	34942556.0	34943631.0	0.9522285952654084	HIGH	AG		CANONICAL	NA	1276	0	0.0	0	0
GCA_963921495.1	NRF	Bos taurus	Bos taurus	Chromosome	ok	exon_1	1	194	0.8917525773195877	0.8969072164948454	0.8917525773195877	0.8728323699421965	0.0	173	173	174	151	22	37304786.0	37304958.0	0.9194967522793636	HIGH			NA	NA	373	0	0.0	0	0
GCA_963921495.1	NRF	Bos taurus	Bos taurus	Chromosome	ok	exon_2	2	304	1.0	1.0	1.0	0.9046052631578947	0.0	304	304	304	275	29	37307612.0	37307915.0	0.9761513157894737	HIGH	AG	GT	CANONICAL	CANONICAL	504	0	0.0	0	0
GCA_963921495.1	NRF	Bos taurus	Bos taurus	Chromosome	ok	exon_3	3	837	0.946236559139785	0.966547192353644	0.946236559139785	0.8825757575757576	0.0	792	792	809	699	93	37310767.0	37311558.0	0.9464503910068427	HIGH	AG	AC	CANONICAL	NONCANONICAL	992	0	0.0	0	0
GCA_963921495.1	NRF	Bos taurus	Bos taurus	Chromosome	ok	exon_4	4	213	0.9953051643192489	1.0	0.9953051643192489	0.9056603773584906	0.0	212	212	213	192	20	37318905.0	37319844.0	0.9743024182832847	HIGH	AG	GT	CANONICAL	CANONICAL	1140	0	0.0	0	0
GCA_963921495.1	NRF	Bos taurus	Bos taurus	Chromosome	ok	exon_5	5	124	0.9919354838709677	0.9919354838709677	0.9919354838709677	0.9024390243902439	0.0	123	123	123	111	12	37322644.0	37322766.0	0.9719807238394965	HIGH	GA	GT	NONCANONICAL	CANONICAL	323	0	0.0	0	0
GCA_963921495.1	NRF	Bos taurus	Bos taurus	Chromosome	ok	exon_6	6	1115	0.9641255605381166	1.0	0.9641255605381166	0.8762790697674419	0.0	1075	1075	1115	942	133	37323591.0	37324666.0	0.9529262696840131	HIGH	AG		CANONICAL	NA	1276	0	0.0	0	0
GCA_963930625.1	mMunRee1.1	Muntiacus reevesi	Muntiacus reevesi	Chromosome	ok	exon_1	1	194	0.9639175257731959	0.9639175257731959	0.9639175257731959	0.8823529411764706	0.0	187	187	187	165	22	31892163.0	31892349.0	0.9543511218920558	HIGH		CC	NA	NONCANONICAL	387	0	0.0	0	0
GCA_963930625.1	mMunRee1.1	Muntiacus reevesi	Muntiacus reevesi	Chromosome	ok	exon_2	2	304	0.9736842105263158	1.0	0.9736842105263158	0.902027027027027	0.0	296	296	304	267	29	31894989.0	31896110.0	0.9636646514935989	HIGH	AG	GT	CANONICAL	CANONICAL	1322	0	0.0	0	0
GCA_963930625.1	mMunRee1.1	Muntiacus reevesi	Muntiacus reevesi	Chromosome	ok	exon_3	3	837	0.980884109916368	1.0	0.980884109916368	0.881851400730816	0.0	821	821	837	724	97	31898486.0	31899585.0	0.9618606996450696	HIGH	AG	GT	CANONICAL	CANONICAL	1300	0	0.0	0	0
GCA_963930625.1	mMunRee1.1	Muntiacus reevesi	Muntiacus reevesi	Chromosome	ok	exon_4	4	213	0.8732394366197183	0.8779342723004695	0.8732394366197183	0.8870967741935484	0.0	186	186	187	165	21	31907026.0	31907211.0	0.9147319400272603	HIGH			NA	NA	386	0	0.0	0	0
GCA_963930625.1	mMunRee1.1	Muntiacus reevesi	Muntiacus reevesi	Chromosome	ok	exon_5	5	124	0.9919354838709677	0.9919354838709677	0.9919354838709677	0.8943089430894309	0.0	123	123	123	110	13	31910201.0	31910323.0	0.9699482035142932	HIGH	GA	GT	NONCANONICAL	CANONICAL	323	0	0.0	0	0
GCA_963930625.1	mMunRee1.1	Muntiacus reevesi	Muntiacus reevesi	Chromosome	ok	exon_6	6	1115	0.9551569506726457	1.0	0.9551569506726457	0.8657276995305164	0.0	1065	1065	1115	922	143	31911139.0	31912203.0	0.9462525526853197	HIGH	AG		CANONICAL	NA	1265	0	0.0	0	0
GCA_963930625.2	mMunRee1.2	Muntiacus reevesi	Muntiacus reevesi	Chromosome	ok	exon_1	1	194	0.9639175257731959	0.9639175257731959	0.9639175257731959	0.8823529411764706	0.0	187	187	187	165	22	28903850.0	28904036.0	0.9543511218920558	HIGH		CC	NA	NONCANONICAL	387	0	0.0	0	0
GCA_963930625.2	mMunRee1.2	Muntiacus reevesi	Muntiacus reevesi	Chromosome	ok	exon_2	2	304	0.9736842105263158	1.0	0.9736842105263158	0.902027027027027	0.0	296	296	304	267	29	28900089.0	28901210.0	0.9636646514935989	HIGH	AG	GT	CANONICAL	CANONICAL	1322	0	0.0	0	0
GCA_963930625.2	mMunRee1.2	Muntiacus reevesi	Muntiacus reevesi	Chromosome	ok	exon_3	3	837	0.980884109916368	1.0	0.980884109916368	0.881851400730816	0.0	821	821	837	724	97	28896614.0	28897713.0	0.9618606996450696	HIGH	AG	GT	CANONICAL	CANONICAL	1300	0	0.0	0	0
GCA_963930625.2	mMunRee1.2	Muntiacus reevesi	Muntiacus reevesi	Chromosome	ok	exon_4	4	213	0.8732394366197183	0.8779342723004695	0.8732394366197183	0.8870967741935484	0.0	186	186	187	165	21	28888988.0	28889173.0	0.9147319400272603	HIGH			NA	NA	386	0	0.0	0	0
GCA_963930625.2	mMunRee1.2	Muntiacus reevesi	Muntiacus reevesi	Chromosome	ok	exon_5	5	124	0.9919354838709677	0.9919354838709677	0.9919354838709677	0.8943089430894309	0.0	123	123	123	110	13	28885876.0	28885998.0	0.9699482035142932	HIGH	GA	GT	NONCANONICAL	CANONICAL	323	0	0.0	0	0
GCA_963930625.2	mMunRee1.2	Muntiacus reevesi	Muntiacus reevesi	Chromosome	ok	exon_6	6	1115	0.9551569506726457	1.0	0.9551569506726457	0.8657276995305164	0.0	1065	1065	1115	922	143	28883996.0	28885060.0	0.9462525526853197	HIGH	AG		CANONICAL	NA	1265	0	0.0	0	0
GCA_963930665.2	mMunRee1.2 alternate haplotype	Muntiacus reevesi	Muntiacus reevesi	Scaffold	ok	exon_1	1	194	0.0	0.0	0.0	0.0		0	0	0	0	0			0.075	UNRESOLVED			NA	NA	0	0		0	0
GCA_963930665.2	mMunRee1.2 alternate haplotype	Muntiacus reevesi	Muntiacus reevesi	Scaffold	ok	exon_2	2	304	0.0	0.0	0.0	0.0		0	0	0	0	0			0.075	UNRESOLVED			NA	NA	0	0		0	0
GCA_963930665.2	mMunRee1.2 alternate haplotype	Muntiacus reevesi	Muntiacus reevesi	Scaffold	ok	exon_3	3	837	0.0	0.0	0.0	0.0		0	0	0	0	0			0.075	UNRESOLVED			NA	NA	0	0		0	0
GCA_963930665.2	mMunRee1.2 alternate haplotype	Muntiacus reevesi	Muntiacus reevesi	Scaffold	ok	exon_4	4	213	0.0	0.0	0.0	0.0		0	0	0	0	0			0.075	UNRESOLVED			NA	NA	0	0		0	0
GCA_963930665.2	mMunRee1.2 alternate haplotype	Muntiacus reevesi	Muntiacus reevesi	Scaffold	ok	exon_5	5	124	0.0	0.0	0.0	0.0		0	0	0	0	0			0.075	UNRESOLVED			NA	NA	0	0		0	0
GCA_963930665.2	mMunRee1.2 alternate haplotype	Muntiacus reevesi	Muntiacus reevesi	Scaffold	ok	exon_6	6	1115	0.16950672645739912	0.17130044843049327	0.16950672645739912	0.6825396825396826	0.0	189	189	191	129	60	195080448.0	195080637.0	0.3719129475407502	UNRESOLVED			NA	NA	390	0	0.0	0	0
GCA_963966175.1	NIAB_Gir_supernova	Bos indicus	Bos indicus	Scaffold	ok	exon_1	1	194	0.8917525773195877	0.8969072164948454	0.8917525773195877	0.8728323699421965	0.0	173	173	174	151	22	2772874.0	2773046.0	0.9194967522793636	HIGH			NA	NA	373	0	0.0	0	0
GCA_963966175.1	NIAB_Gir_supernova	Bos indicus	Bos indicus	Scaffold	ok	exon_2	2	304	1.0	1.0	1.0	0.9046052631578947	0.0	304	304	304	275	29	2775700.0	2776003.0	0.9761513157894737	HIGH	AG	GT	CANONICAL	CANONICAL	504	0	0.0	0	0
GCA_963966175.1	NIAB_Gir_supernova	Bos indicus	Bos indicus	Scaffold	ok	exon_3	3	837	0.946236559139785	0.966547192353644	0.946236559139785	0.8825757575757576	0.0	792	792	809	699	93	2778855.0	2779646.0	0.9464503910068427	HIGH	AG	AC	CANONICAL	NONCANONICAL	992	0	0.0	0	0
GCA_963966175.1	NIAB_Gir_supernova	Bos indicus	Bos indicus	Scaffold	ok	exon_4	4	213	0.9953051643192489	1.0	0.9953051643192489	0.9056603773584906	0.0	212	212	213	192	20	2786993.0	2787932.0	0.9743024182832847	HIGH	AG	GT	CANONICAL	CANONICAL	1140	0	0.0	0	0
GCA_963966175.1	NIAB_Gir_supernova	Bos indicus	Bos indicus	Scaffold	ok	exon_5	5	124	0.9919354838709677	0.9919354838709677	0.9919354838709677	0.9024390243902439	0.0	123	123	123	111	12	2790732.0	2790854.0	0.9719807238394965	HIGH	GA	GT	NONCANONICAL	CANONICAL	323	0	0.0	0	0
GCA_963966175.1	NIAB_Gir_supernova	Bos indicus	Bos indicus	Scaffold	ok	exon_6	6	1115	0.9641255605381166	1.0	0.9641255605381166	0.8762790697674419	0.0	1075	1075	1115	942	133	2791679.0	2792754.0	0.9529262696840131	HIGH	AG		CANONICAL	NA	1276	0	0.0	0	0
GCA_963966215.1	NIAB_Kankrej_supernova	Bos indicus	Bos indicus	Scaffold	ok	exon_1	1	194	0.8917525773195877	0.8969072164948454	0.8917525773195877	0.8786127167630058	0.0	173	173	174	152	21	773165.0	773337.0	0.9209418389845659	HIGH			NA	NA	373	0	0.0	0	0
GCA_963966215.1	NIAB_Kankrej_supernova	Bos indicus	Bos indicus	Scaffold	ok	exon_2	2	304	1.0	1.0	1.0	0.9013157894736842	0.0	304	304	304	274	30	770204.0	770507.0	0.9753289473684211	HIGH	AG	GT	CANONICAL	CANONICAL	504	0	0.0	0	0
GCA_963966215.1	NIAB_Kankrej_supernova	Bos indicus	Bos indicus	Scaffold	ok	exon_3	3	837	0.946236559139785	0.966547192353644	0.946236559139785	0.8825757575757576	0.0	792	792	809	699	93	766900.0	767691.0	0.9464503910068427	HIGH	AG	AC	CANONICAL	NONCANONICAL	992	0	0.0	0	0
GCA_963966215.1	NIAB_Kankrej_supernova	Bos indicus	Bos indicus	Scaffold	ok	exon_4	4	213	0.9953051643192489	1.0	0.9953051643192489	0.9056603773584906	0.0	212	212	213	192	20	758614.0	759553.0	0.9743024182832847	HIGH	AG	GT	CANONICAL	CANONICAL	1140	0	0.0	0	0
GCA_963966215.1	NIAB_Kankrej_supernova	Bos indicus	Bos indicus	Scaffold	ok	exon_5	5	124	0.9919354838709677	0.9919354838709677	0.9919354838709677	0.9024390243902439	0.0	123	123	123	111	12	755692.0	755814.0	0.9719807238394965	HIGH	GA	GT	NONCANONICAL	CANONICAL	323	0	0.0	0	0
GCA_963966215.1	NIAB_Kankrej_supernova	Bos indicus	Bos indicus	Scaffold	ok	exon_6	6	1115	0.9641255605381166	1.0	0.9641255605381166	0.8762790697674419	0.0	1075	1075	1115	942	133	753792.0	754867.0	0.9529262696840131	HIGH	AG		CANONICAL	NA	1276	0	0.0	0	0
GCA_963966345.1	NIAB_Tharparkar_supernova	Bos indicus	Bos indicus	Scaffold	ok	exon_1	1	194	0.8917525773195877	0.8969072164948454	0.8917525773195877	0.8728323699421965	0.0	173	173	174	151	22	1342013.0	1342185.0	0.9194967522793636	HIGH			NA	NA	373	0	0.0	0	0
GCA_963966345.1	NIAB_Tharparkar_supernova	Bos indicus	Bos indicus	Scaffold	ok	exon_2	2	304	1.0	1.0	1.0	0.9046052631578947	0.0	304	304	304	275	29	1339056.0	1339359.0	0.9761513157894737	HIGH	AG	GT	CANONICAL	CANONICAL	504	0	0.0	0	0
GCA_963966345.1	NIAB_Tharparkar_supernova	Bos indicus	Bos indicus	Scaffold	ok	exon_3	3	837	0.946236559139785	0.966547192353644	0.946236559139785	0.8825757575757576	0.0	792	792	809	699	93	1335728.0	1336519.0	0.9464503910068427	HIGH	AG	AC	CANONICAL	NONCANONICAL	992	0	0.0	0	0
GCA_963966345.1	NIAB_Tharparkar_supernova	Bos indicus	Bos indicus	Scaffold	ok	exon_4	4	213	0.9953051643192489	1.0	0.9953051643192489	0.9056603773584906	0.0	212	212	213	192	20	1327442.0	1328381.0	0.9743024182832847	HIGH	AG	GT	CANONICAL	CANONICAL	1140	0	0.0	0	0
GCA_963966345.1	NIAB_Tharparkar_supernova	Bos indicus	Bos indicus	Scaffold	ok	exon_5	5	124	0.9919354838709677	0.9919354838709677	0.9919354838709677	0.9024390243902439	0.0	123	123	123	111	12	1324520.0	1324642.0	0.9719807238394965	HIGH	GA	GT	NONCANONICAL	CANONICAL	323	0	0.0	0	0
GCA_963966345.1	NIAB_Tharparkar_supernova	Bos indicus	Bos indicus	Scaffold	ok	exon_6	6	1115	0.9641255605381166	1.0	0.9641255605381166	0.8762790697674419	0.0	1075	1075	1115	942	133	1322620.0	1323695.0	0.9529262696840131	HIGH	AG		CANONICAL	NA	1276	0	0.0	0	0
GCA_963966355.1	NIAB_Sahiwal_supernova	Bos indicus	Bos indicus	Scaffold	ok	exon_1	1	194	0.8917525773195877	0.8969072164948454	0.8917525773195877	0.8728323699421965	0.0	173	173	174	151	22	33850328.0	33850500.0	0.9194967522793636	HIGH			NA	NA	373	0	0.0	0	0
GCA_963966355.1	NIAB_Sahiwal_supernova	Bos indicus	Bos indicus	Scaffold	ok	exon_2	2	304	1.0	1.0	1.0	0.9046052631578947	0.0	304	304	304	275	29	33853155.0	33853458.0	0.9761513157894737	HIGH	AG	GT	CANONICAL	CANONICAL	504	0	0.0	0	0
GCA_963966355.1	NIAB_Sahiwal_supernova	Bos indicus	Bos indicus	Scaffold	ok	exon_3	3	837	0.946236559139785	0.966547192353644	0.946236559139785	0.8825757575757576	0.0	792	792	809	699	93	33855982.0	33856773.0	0.9464503910068427	HIGH	AG	AC	CANONICAL	NONCANONICAL	992	0	0.0	0	0
GCA_963966355.1	NIAB_Sahiwal_supernova	Bos indicus	Bos indicus	Scaffold	ok	exon_4	4	213	0.9953051643192489	1.0	0.9953051643192489	0.9056603773584906	0.0	212	212	213	192	20	33864132.0	33865071.0	0.9743024182832847	HIGH	AG	GT	CANONICAL	CANONICAL	1140	0	0.0	0	0
GCA_963966355.1	NIAB_Sahiwal_supernova	Bos indicus	Bos indicus	Scaffold	ok	exon_5	5	124	0.9596774193548387	0.9596774193548387	0.9596774193548387	0.8991596638655462	0.0	119	119	119	107	12	33867892.0	33868010.0	0.956644754676064	HIGH	GA	GT	NONCANONICAL	CANONICAL	319	0	0.0	0	0
GCA_963966355.1	NIAB_Sahiwal_supernova	Bos indicus	Bos indicus	Scaffold	ok	exon_6	6	1115	0.9641255605381166	1.0	0.9641255605381166	0.8734883720930232	0.0	1075	1075	1115	939	136	33868836.0	33869911.0	0.9522285952654084	HIGH	AG		CANONICAL	NA	1276	0	0.0	0	0
GCA_963981305.1	mRupRup1.1	Rupicapra rupicapra	Rupicapra rupicapra	Chromosome	ok	exon_1	1	194	0.9432989690721649	0.9690721649484536	0.9432989690721649	0.8469945355191257	0.0	183	183	188	155	28	70166755.0	70166942.0	0.9195665032955891	HIGH		CC	NA	NONCANONICAL	388	0	0.0	0	0
GCA_963981305.1	mRupRup1.1	Rupicapra rupicapra	Rupicapra rupicapra	Chromosome	ok	exon_2	2	304	0.9769736842105263	0.9769736842105263	0.9769736842105263	0.8956228956228957	0.0	297	297	297	266	31	70163812.0	70164108.0	0.9468772151337942	HIGH	AG	GG	CANONICAL	NONCANONICAL	497	0	0.0	0	0
GCA_963981305.1	mRupRup1.1	Rupicapra rupicapra	Rupicapra rupicapra	Chromosome	ok	exon_3	3	837	0.96415770609319	0.992831541218638	0.96415770609319	0.8847583643122676	0.0	807	807	831	714	93	70160483.0	70161436.0	0.9383938921533359	HIGH	AG	GT	CANONICAL	CANONICAL	1154	0	0.0	0	0
GCA_963981305.1	mRupRup1.1	Rupicapra rupicapra	Rupicapra rupicapra	Chromosome	ok	exon_4	4	213	0.0	0.0	0.0	0.0		0	0	0	0	0			0.23333333333333334	UNRESOLVED			NA	NA	0	0		0	0
GCA_963981305.1	mRupRup1.1	Rupicapra rupicapra	Rupicapra rupicapra	Chromosome	ok	exon_5	5	124	0.9919354838709677	0.9919354838709677	0.9919354838709677	0.8943089430894309	0.0	123	123	123	110	13	70151455.0	70151577.0	0.9532815368476266	HIGH	GA	GC	NONCANONICAL	CANONICAL	323	0	0.0	0	0
GCA_963981305.1	mRupRup1.1	Rupicapra rupicapra	Rupicapra rupicapra	Chromosome	ok	exon_6	6	1115	0.9461883408071748	0.9847533632286996	0.9461883408071748	0.8691943127962085	0.0	1055	1055	1098	917	138	70149574.0	70150630.0	0.9264166648956143	HIGH	AG		CANONICAL	NA	1257	0	0.0	0	0
GCA_964019215.2	seqoccin.Bt.SAMEA114112153.scaffold	Bos taurus	Bos taurus	Scaffold	ok	exon_1	1	194	0.8917525773195877	0.8969072164948454	0.8917525773195877	0.8728323699421965	0.0	173	173	174	151	22	32703001.0	32703173.0	0.9194967522793636	HIGH			NA	NA	373	0	0.0	0	0
GCA_964019215.2	seqoccin.Bt.SAMEA114112153.scaffold	Bos taurus	Bos taurus	Scaffold	ok	exon_2	2	304	1.0	1.0	1.0	0.9078947368421053	0.0	304	304	304	276	28	32705827.0	32706130.0	0.9769736842105263	HIGH	AG	GT	CANONICAL	CANONICAL	504	0	0.0	0	0
GCA_964019215.2	seqoccin.Bt.SAMEA114112153.scaffold	Bos taurus	Bos taurus	Scaffold	ok	exon_3	3	837	0.946236559139785	0.966547192353644	0.946236559139785	0.8825757575757576	0.0	792	792	809	699	93	32708982.0	32709773.0	0.9464503910068427	HIGH	AG	AC	CANONICAL	NONCANONICAL	992	0	0.0	0	0
GCA_964019215.2	seqoccin.Bt.SAMEA114112153.scaffold	Bos taurus	Bos taurus	Scaffold	ok	exon_4	4	213	0.9953051643192489	1.0	0.9953051643192489	0.9056603773584906	0.0	212	212	213	192	20	32717132.0	32718071.0	0.9743024182832847	HIGH	AG	GT	CANONICAL	CANONICAL	1140	0	0.0	0	0
GCA_964019215.2	seqoccin.Bt.SAMEA114112153.scaffold	Bos taurus	Bos taurus	Scaffold	ok	exon_5	5	124	0.9919354838709677	0.9919354838709677	0.9919354838709677	0.9024390243902439	0.0	123	123	123	111	12	32720870.0	32720992.0	0.9719807238394965	HIGH	GA	GT	NONCANONICAL	CANONICAL	323	0	0.0	0	0
GCA_964019215.2	seqoccin.Bt.SAMEA114112153.scaffold	Bos taurus	Bos taurus	Scaffold	ok	exon_6	6	1115	0.9641255605381166	1.0	0.9641255605381166	0.8762790697674419	0.0	1075	1075	1115	942	133	32721817.0	32722892.0	0.9529262696840131	HIGH	AG		CANONICAL	NA	1276	0	0.0	0	0
GCA_964019225.2	seqoccin.Bt.SAMEA114111952.scaffold	Bos taurus	Bos taurus	Scaffold	ok	exon_1	1	194	0.8917525773195877	0.8969072164948454	0.8917525773195877	0.8728323699421965	0.0	173	173	174	151	22	31570143.0	31570315.0	0.9194967522793636	HIGH			NA	NA	373	0	0.0	0	0
GCA_964019225.2	seqoccin.Bt.SAMEA114111952.scaffold	Bos taurus	Bos taurus	Scaffold	ok	exon_2	2	304	1.0	1.0	1.0	0.9078947368421053	0.0	304	304	304	276	28	31572968.0	31573271.0	0.9769736842105263	HIGH	AG	GT	CANONICAL	CANONICAL	504	0	0.0	0	0
GCA_964019225.2	seqoccin.Bt.SAMEA114111952.scaffold	Bos taurus	Bos taurus	Scaffold	ok	exon_3	3	837	0.942652329749104	0.966547192353644	0.942652329749104	0.8846641318124208	0.0	789	789	809	698	91	31575808.0	31576598.0	0.945359581340202	HIGH	AG	AC	CANONICAL	NONCANONICAL	991	0	0.0	0	0
GCA_964019225.2	seqoccin.Bt.SAMEA114111952.scaffold	Bos taurus	Bos taurus	Scaffold	ok	exon_4	4	213	0.9953051643192489	1.0	0.9953051643192489	0.9056603773584906	0.0	212	212	213	192	20	31583944.0	31584883.0	0.9743024182832847	HIGH	AG	GT	CANONICAL	CANONICAL	1140	0	0.0	0	0
GCA_964019225.2	seqoccin.Bt.SAMEA114111952.scaffold	Bos taurus	Bos taurus	Scaffold	ok	exon_5	5	124	0.9919354838709677	0.9919354838709677	0.9919354838709677	0.9024390243902439	0.0	123	123	123	111	12	31587682.0	31587804.0	0.9719807238394965	HIGH	GA	GT	NONCANONICAL	CANONICAL	323	0	0.0	0	0
GCA_964019225.2	seqoccin.Bt.SAMEA114111952.scaffold	Bos taurus	Bos taurus	Scaffold	ok	exon_6	6	1115	0.9641255605381166	1.0	0.9641255605381166	0.8762790697674419	0.0	1075	1075	1115	942	133	31588627.0	31589702.0	0.9529262696840131	HIGH	AG		CANONICAL	NA	1276	0	0.0	0	0
GCA_964019245.2	seqoccin.Bt.SAMEA114112003.scaffold	Bos taurus	Bos taurus	Scaffold	ok	exon_1	1	194	0.8917525773195877	0.8969072164948454	0.8917525773195877	0.8728323699421965	0.0	173	173	174	151	22	33469931.0	33470103.0	0.9194967522793636	HIGH			NA	NA	373	0	0.0	0	0
GCA_964019245.2	seqoccin.Bt.SAMEA114112003.scaffold	Bos taurus	Bos taurus	Scaffold	ok	exon_2	2	304	1.0	1.0	1.0	0.9078947368421053	0.0	304	304	304	276	28	33472756.0	33473059.0	0.9769736842105263	HIGH	AG	GT	CANONICAL	CANONICAL	504	0	0.0	0	0
GCA_964019245.2	seqoccin.Bt.SAMEA114112003.scaffold	Bos taurus	Bos taurus	Scaffold	ok	exon_3	3	837	0.942652329749104	0.966547192353644	0.942652329749104	0.8833967046894804	0.0	789	789	809	697	92	33475911.0	33476701.0	0.9450427245594669	HIGH	AG	AC	CANONICAL	NONCANONICAL	991	0	0.0	0	0
GCA_964019245.2	seqoccin.Bt.SAMEA114112003.scaffold	Bos taurus	Bos taurus	Scaffold	ok	exon_4	4	213	0.9953051643192489	1.0	0.9953051643192489	0.9056603773584906	0.0	212	212	213	192	20	33484050.0	33484989.0	0.9743024182832847	HIGH	AG	GT	CANONICAL	CANONICAL	1140	0	0.0	0	0
GCA_964019245.2	seqoccin.Bt.SAMEA114112003.scaffold	Bos taurus	Bos taurus	Scaffold	ok	exon_5	5	124	0.9919354838709677	0.9919354838709677	0.9919354838709677	0.9024390243902439	0.0	123	123	123	111	12	33487789.0	33487911.0	0.9719807238394965	HIGH	GA	GT	NONCANONICAL	CANONICAL	323	0	0.0	0	0
GCA_964019245.2	seqoccin.Bt.SAMEA114112003.scaffold	Bos taurus	Bos taurus	Scaffold	ok	exon_6	6	1115	0.9641255605381166	1.0	0.9641255605381166	0.8762790697674419	0.0	1075	1075	1115	942	133	33488736.0	33489811.0	0.9529262696840131	HIGH	AG		CANONICAL	NA	1276	0	0.0	0	0
GCA_964019255.2	seqoccin.Bt.SAMEA114112080.scaffold	Bos taurus	Bos taurus	Scaffold	ok	exon_1	1	194	0.865979381443299	0.8711340206185567	0.865979381443299	0.875	0.0	168	168	169	147	21	31155836.0	31156003.0	0.8584407216494846	HIGH			NA	NA	368	0	0.0	0	0
GCA_964019255.2	seqoccin.Bt.SAMEA114112080.scaffold	Bos taurus	Bos taurus	Scaffold	ok	exon_2	2	304	0.9407894736842105	0.9605263157894737	0.9407894736842105	0.8076923076923077	0.0	286	286	292	231	55	31158788.0	31159097.0	0.8752783400809717	HIGH	AG	TC	CANONICAL	NONCANONICAL	510	0	0.0	0	0
GCA_964019255.2	seqoccin.Bt.SAMEA114112080.scaffold	Bos taurus	Bos taurus	Scaffold	ok	exon_3	3	837	0.946236559139785	0.966547192353644	0.946236559139785	0.8825757575757576	0.0	792	792	809	699	93	31161991.0	31162782.0	0.8964503910068428	HIGH	AG	AC	CANONICAL	NONCANONICAL	992	0	0.0	0	0
GCA_964019255.2	seqoccin.Bt.SAMEA114112080.scaffold	Bos taurus	Bos taurus	Scaffold	ok	exon_4	4	213	0.0	0.0	0.0	0.0		0	0	0	0	0			0.2	UNRESOLVED			NA	NA	0	0		0	0
GCA_964019255.2	seqoccin.Bt.SAMEA114112080.scaffold	Bos taurus	Bos taurus	Scaffold	ok	exon_5	5	124	0.0	0.0	0.0	0.0		0	0	0	0	0			0.2	UNRESOLVED			NA	NA	0	0		0	0
GCA_964019255.2	seqoccin.Bt.SAMEA114112080.scaffold	Bos taurus	Bos taurus	Scaffold	ok	exon_6	6	1115	0.0	0.0	0.0	0.0		0	0	0	0	0			0.2	UNRESOLVED			NA	NA	0	0		0	0
GCA_964019265.2	seqoccin.Bt.SAMEA114111958.scaffold	Bos taurus	Bos taurus	Scaffold	ok	exon_1	1	194	0.8917525773195877	0.8969072164948454	0.8917525773195877	0.8728323699421965	0.0	173	173	174	151	22	32831468.0	32831640.0	0.9194967522793636	HIGH			NA	NA	373	0	0.0	0	0
GCA_964019265.2	seqoccin.Bt.SAMEA114111958.scaffold	Bos taurus	Bos taurus	Scaffold	ok	exon_2	2	304	1.0	1.0	1.0	0.9078947368421053	0.0	304	304	304	276	28	32834293.0	32834596.0	0.9769736842105263	HIGH	AG	GT	CANONICAL	CANONICAL	504	0	0.0	0	0
GCA_964019265.2	seqoccin.Bt.SAMEA114111958.scaffold	Bos taurus	Bos taurus	Scaffold	ok	exon_3	3	837	0.946236559139785	0.966547192353644	0.946236559139785	0.8813131313131313	0.0	792	792	809	698	94	32837448.0	32838239.0	0.9461347344411861	HIGH	AG	AC	CANONICAL	NONCANONICAL	992	0	0.0	0	0
GCA_964019265.2	seqoccin.Bt.SAMEA114111958.scaffold	Bos taurus	Bos taurus	Scaffold	ok	exon_4	4	213	0.9953051643192489	1.0	0.9953051643192489	0.9056603773584906	0.0	212	212	213	192	20	32845586.0	32846525.0	0.9743024182832847	HIGH	AG	GT	CANONICAL	CANONICAL	1140	0	0.0	0	0
GCA_964019265.2	seqoccin.Bt.SAMEA114111958.scaffold	Bos taurus	Bos taurus	Scaffold	ok	exon_5	5	124	0.9919354838709677	0.9919354838709677	0.9919354838709677	0.9024390243902439	0.0	123	123	123	111	12	32849325.0	32849447.0	0.9719807238394965	HIGH	GA	GT	NONCANONICAL	CANONICAL	323	0	0.0	0	0
GCA_964019265.2	seqoccin.Bt.SAMEA114111958.scaffold	Bos taurus	Bos taurus	Scaffold	ok	exon_6	6	1115	0.9641255605381166	1.0	0.9641255605381166	0.8762790697674419	0.0	1075	1075	1115	942	133	32850272.0	32851347.0	0.9529262696840131	HIGH	AG		CANONICAL	NA	1276	0	0.0	0	0
GCA_964019275.1	seqoccin.Bt.char.SAMEA114112360_v1	Bos taurus	Bos taurus	Contig	ok	exon_1	1	194	0.8814432989690721	0.8969072164948454	0.8814432989690721	0.8713450292397661	0.0	171	171	174	149	22	502343.0	502513.0	0.914485741846024	HIGH			NA	NA	371	0	0.0	0	0
GCA_964019275.1	seqoccin.Bt.char.SAMEA114112360_v1	Bos taurus	Bos taurus	Contig	ok	exon_2	2	304	1.0	1.0	1.0	0.9078947368421053	0.0	304	304	304	276	28	499391.0	499695.0	0.9769736842105263	HIGH	AG	GT	CANONICAL	CANONICAL	505	0	0.0	0	0
GCA_964019275.1	seqoccin.Bt.char.SAMEA114112360_v1	Bos taurus	Bos taurus	Contig	ok	exon_3	3	837	0.945041816009558	0.966547192353644	0.945041816009558	0.8824273072060683	0.0	791	791	809	698	93	495746.0	496537.0	0.9458756440058183	HIGH	AG	AC	CANONICAL	NONCANONICAL	992	0	0.0	0	0
GCA_964019275.1	seqoccin.Bt.char.SAMEA114112360_v1	Bos taurus	Bos taurus	Contig	ok	exon_4	4	213	0.9859154929577465	1.0	0.9859154929577465	0.9095238095238095	0.0	210	210	213	191	19	487470.0	488403.0	0.9710429242119384	HIGH	AG	GT	CANONICAL	CANONICAL	1134	0	0.0	0	0
GCA_964019275.1	seqoccin.Bt.char.SAMEA114112360_v1	Bos taurus	Bos taurus	Contig	ok	exon_5	5	124	0.9919354838709677	0.9919354838709677	0.9919354838709677	0.9024390243902439	0.0	123	123	123	111	12	484550.0	484672.0	0.9719807238394965	HIGH	GA	GT	NONCANONICAL	CANONICAL	323	0	0.0	0	0
GCA_964019275.1	seqoccin.Bt.char.SAMEA114112360_v1	Bos taurus	Bos taurus	Contig	ok	exon_6	6	1115	0.9605381165919282	1.0	0.9605381165919282	0.8758169934640523	0.0	1071	1071	1115	938	133	482655.0	483726.0	0.9511964008323808	HIGH	AG		CANONICAL	NA	1272	0	0.0	0	0
GCA_964019295.2	seqoccin.Bt.SAMEA114112439.scaffold	Bos taurus	Bos taurus	Scaffold	ok	exon_1	1	194	0.8917525773195877	0.8969072164948454	0.8917525773195877	0.8728323699421965	0.0	173	173	174	151	22	31602913.0	31603085.0	0.9194967522793636	HIGH			NA	NA	373	0	0.0	0	0
GCA_964019295.2	seqoccin.Bt.SAMEA114112439.scaffold	Bos taurus	Bos taurus	Scaffold	ok	exon_2	2	304	1.0	1.0	1.0	0.9078947368421053	0.0	304	304	304	276	28	31605738.0	31606041.0	0.9769736842105263	HIGH	AG	GT	CANONICAL	CANONICAL	504	0	0.0	0	0
GCA_964019295.2	seqoccin.Bt.SAMEA114112439.scaffold	Bos taurus	Bos taurus	Scaffold	ok	exon_3	3	837	0.946236559139785	0.966547192353644	0.946236559139785	0.8825757575757576	0.0	792	792	809	699	93	31608893.0	31609684.0	0.9464503910068427	HIGH	AG	AC	CANONICAL	NONCANONICAL	992	0	0.0	0	0
GCA_964019295.2	seqoccin.Bt.SAMEA114112439.scaffold	Bos taurus	Bos taurus	Scaffold	ok	exon_4	4	213	0.9953051643192489	1.0	0.9953051643192489	0.9056603773584906	0.0	212	212	213	192	20	31617214.0	31618153.0	0.9743024182832847	HIGH	AG	GT	CANONICAL	CANONICAL	1140	0	0.0	0	0
GCA_964019295.2	seqoccin.Bt.SAMEA114112439.scaffold	Bos taurus	Bos taurus	Scaffold	ok	exon_5	5	124	0.9435483870967742	0.9435483870967742	0.9435483870967742	0.8974358974358975	0.0	117	117	117	105	12	31620975.0	31621091.0	0.9489557485525228	HIGH	GA	GA	NONCANONICAL	NONCANONICAL	317	0	0.0	0	0
GCA_964019295.2	seqoccin.Bt.SAMEA114112439.scaffold	Bos taurus	Bos taurus	Scaffold	ok	exon_6	6	1115	0.9641255605381166	1.0	0.9641255605381166	0.8734883720930232	0.0	1075	1075	1115	939	136	31621921.0	31622996.0	0.9522285952654084	HIGH	AG		CANONICAL	NA	1276	0	0.0	0	0
GCA_965153185.1	Rangifer_t_t_557	Rangifer tarandus tarandus	Rangifer tarandus	Chromosome	ok	exon_1	1	194	0.979381443298969	0.979381443298969	0.979381443298969	0.8631578947368421	0.0	190	190	190	164	26	31820441.0	31820630.0	0.9565111231687466	HIGH		CC	NA	NONCANONICAL	390	0	0.0	0	0
GCA_965153185.1	Rangifer_t_t_557	Rangifer tarandus tarandus	Rangifer tarandus	Chromosome	ok	exon_2	2	304	0.9703947368421053	1.0	0.9703947368421053	0.911864406779661	0.0	295	295	304	269	26	31823249.0	31824364.0	0.9646437332738627	HIGH	AG	GT	CANONICAL	CANONICAL	1316	0	0.0	0	0
GCA_965153185.1	Rangifer_t_t_557	Rangifer tarandus tarandus	Rangifer tarandus	Chromosome	ok	exon_3	3	837	0.978494623655914	1.0	0.978494623655914	0.8876678876678876	0.0	819	819	837	727	92	31826745.0	31827841.0	0.9622395525621332	HIGH	AG	GT	CANONICAL	CANONICAL	1297	0	0.0	0	0
GCA_965153185.1	Rangifer_t_t_557	Rangifer tarandus tarandus	Rangifer tarandus	Chromosome	ok	exon_4	4	213	0.8732394366197183	0.8779342723004695	0.8732394366197183	0.8978494623655914	0.0	186	186	187	167	19	31835475.0	31835660.0	0.9174201120702711	HIGH			NA	NA	386	0	0.0	0	0
GCA_965153185.1	Rangifer_t_t_557	Rangifer tarandus tarandus	Rangifer tarandus	Chromosome	ok	exon_5	5	124	0.9919354838709677	0.9919354838709677	0.9919354838709677	0.8943089430894309	0.0	123	123	123	110	13	31838643.0	31838765.0	0.9699482035142932	HIGH	GA	GT	NONCANONICAL	CANONICAL	323	0	0.0	0	0
GCA_965153185.1	Rangifer_t_t_557	Rangifer tarandus tarandus	Rangifer tarandus	Chromosome	ok	exon_6	6	1115	0.9479820627802691	1.0	0.9479820627802691	0.8713339640491958	0.0	1057	1057	1115	921	136	31839583.0	31840639.0	0.94442541926342	HIGH	AG		CANONICAL	NA	1257	0	0.0	0	0
GCA_965153475.2	seqoccin.Bt.SAMEA117655760.scaffold	Bos taurus	Bos taurus	Scaffold	ok	exon_1	1	194	0.8917525773195877	0.8969072164948454	0.8917525773195877	0.8728323699421965	0.0	173	173	174	151	22	33726609.0	33726781.0	0.9194967522793636	HIGH			NA	NA	373	0	0.0	0	0
GCA_965153475.2	seqoccin.Bt.SAMEA117655760.scaffold	Bos taurus	Bos taurus	Scaffold	ok	exon_2	2	304	1.0	1.0	1.0	0.9078947368421053	0.0	304	304	304	276	28	33729434.0	33729737.0	0.9769736842105263	HIGH	AG	GT	CANONICAL	CANONICAL	504	0	0.0	0	0
GCA_965153475.2	seqoccin.Bt.SAMEA117655760.scaffold	Bos taurus	Bos taurus	Scaffold	ok	exon_3	3	837	0.946236559139785	0.966547192353644	0.946236559139785	0.8813131313131313	0.0	792	792	809	698	94	33732274.0	33733065.0	0.9461347344411861	HIGH	AG	AC	CANONICAL	NONCANONICAL	992	0	0.0	0	0
GCA_965153475.2	seqoccin.Bt.SAMEA117655760.scaffold	Bos taurus	Bos taurus	Scaffold	ok	exon_4	4	213	0.9953051643192489	1.0	0.9953051643192489	0.9056603773584906	0.0	212	212	213	192	20	33740411.0	33741350.0	0.9743024182832847	HIGH	AG	GT	CANONICAL	CANONICAL	1140	0	0.0	0	0
GCA_965153475.2	seqoccin.Bt.SAMEA117655760.scaffold	Bos taurus	Bos taurus	Scaffold	ok	exon_5	5	124	0.9596774193548387	0.9596774193548387	0.9596774193548387	0.8991596638655462	0.0	119	119	119	107	12	33744150.0	33744268.0	0.956644754676064	HIGH	GA	GT	NONCANONICAL	CANONICAL	319	0	0.0	0	0
GCA_965153475.2	seqoccin.Bt.SAMEA117655760.scaffold	Bos taurus	Bos taurus	Scaffold	ok	exon_6	6	1115	0.9641255605381166	1.0	0.9641255605381166	0.878139534883721	0.0	1075	1075	1115	944	131	33745094.0	33746169.0	0.9533913859630828	HIGH	AG		CANONICAL	NA	1276	0	0.0	0	0
GCA_965153485.2	seqoccin.Bt.SAMEA117655733.scaffold	Bos taurus	Bos taurus	Scaffold	ok	exon_1	1	194	0.8917525773195877	0.8969072164948454	0.8917525773195877	0.8728323699421965	0.0	173	173	174	151	22	34941680.0	34941852.0	0.9194967522793636	HIGH			NA	NA	373	0	0.0	0	0
GCA_965153485.2	seqoccin.Bt.SAMEA117655733.scaffold	Bos taurus	Bos taurus	Scaffold	ok	exon_2	2	304	1.0	1.0	1.0	0.9078947368421053	0.0	304	304	304	276	28	34944505.0	34944808.0	0.9769736842105263	HIGH	AG	GT	CANONICAL	CANONICAL	504	0	0.0	0	0
GCA_965153485.2	seqoccin.Bt.SAMEA117655733.scaffold	Bos taurus	Bos taurus	Scaffold	ok	exon_3	3	837	0.946236559139785	0.966547192353644	0.946236559139785	0.8800505050505051	0.0	792	792	809	697	95	34947660.0	34948451.0	0.9458190778755295	HIGH	AG	AC	CANONICAL	NONCANONICAL	992	0	0.0	0	0
GCA_965153485.2	seqoccin.Bt.SAMEA117655733.scaffold	Bos taurus	Bos taurus	Scaffold	ok	exon_4	4	213	0.9953051643192489	1.0	0.9953051643192489	0.9056603773584906	0.0	212	212	213	192	20	34955797.0	34956736.0	0.9743024182832847	HIGH	AG	GT	CANONICAL	CANONICAL	1140	0	0.0	0	0
GCA_965153485.2	seqoccin.Bt.SAMEA117655733.scaffold	Bos taurus	Bos taurus	Scaffold	ok	exon_5	5	124	0.9919354838709677	0.9919354838709677	0.9919354838709677	0.9024390243902439	0.0	123	123	123	111	12	34959535.0	34959657.0	0.9719807238394965	HIGH	GA	GT	NONCANONICAL	CANONICAL	323	0	0.0	0	0
GCA_965153485.2	seqoccin.Bt.SAMEA117655733.scaffold	Bos taurus	Bos taurus	Scaffold	ok	exon_6	6	1115	0.9641255605381166	1.0	0.9641255605381166	0.8762790697674419	0.0	1075	1075	1115	942	133	34960482.0	34961557.0	0.9529262696840131	HIGH	AG		CANONICAL	NA	1276	0	0.0	0	0
GCA_965153495.2	seqoccin.Bt.SAMEA117655769.scaffold	Bos taurus	Bos taurus	Scaffold	ok	exon_1	1	194	0.8917525773195877	0.8969072164948454	0.8917525773195877	0.8728323699421965	0.0	173	173	174	151	22	37447655.0	37447827.0	0.9194967522793636	HIGH			NA	NA	373	0	0.0	0	0
GCA_965153495.2	seqoccin.Bt.SAMEA117655769.scaffold	Bos taurus	Bos taurus	Scaffold	ok	exon_2	2	304	1.0	1.0	1.0	0.9078947368421053	0.0	304	304	304	276	28	37450481.0	37450784.0	0.9769736842105263	HIGH	AG	GT	CANONICAL	CANONICAL	504	0	0.0	0	0
GCA_965153495.2	seqoccin.Bt.SAMEA117655769.scaffold	Bos taurus	Bos taurus	Scaffold	ok	exon_3	3	837	0.946236559139785	0.966547192353644	0.946236559139785	0.8813131313131313	0.0	792	792	809	698	94	37453636.0	37454427.0	0.9461347344411861	HIGH	AG	AC	CANONICAL	NONCANONICAL	992	0	0.0	0	0
GCA_965153495.2	seqoccin.Bt.SAMEA117655769.scaffold	Bos taurus	Bos taurus	Scaffold	ok	exon_4	4	213	0.9953051643192489	1.0	0.9953051643192489	0.9056603773584906	0.0	212	212	213	192	20	37461786.0	37462725.0	0.9743024182832847	HIGH	AG	GT	CANONICAL	CANONICAL	1140	0	0.0	0	0
GCA_965153495.2	seqoccin.Bt.SAMEA117655769.scaffold	Bos taurus	Bos taurus	Scaffold	ok	exon_5	5	124	0.9596774193548387	0.9596774193548387	0.9596774193548387	0.8991596638655462	0.0	119	119	119	107	12	37465547.0	37465665.0	0.956644754676064	HIGH	GA	GT	NONCANONICAL	CANONICAL	319	0	0.0	0	0
GCA_965153495.2	seqoccin.Bt.SAMEA117655769.scaffold	Bos taurus	Bos taurus	Scaffold	ok	exon_6	6	1115	0.9641255605381166	1.0	0.9641255605381166	0.8744186046511628	0.0	1075	1075	1115	940	135	37466491.0	37467566.0	0.9524611534049432	HIGH	AG		CANONICAL	NA	1276	0	0.0	0	0
GCA_965153505.2	seqoccin.Bt.SAMEA117655735.scaffold	Bos taurus	Bos taurus	Scaffold	ok	exon_1	1	194	0.8917525773195877	0.8969072164948454	0.8917525773195877	0.8728323699421965	0.0	173	173	174	151	22	33572622.0	33572794.0	0.9194967522793636	HIGH			NA	NA	373	0	0.0	0	0
GCA_965153505.2	seqoccin.Bt.SAMEA117655735.scaffold	Bos taurus	Bos taurus	Scaffold	ok	exon_2	2	304	1.0	1.0	1.0	0.9078947368421053	0.0	304	304	304	276	28	33575447.0	33575750.0	0.9769736842105263	HIGH	AG	GT	CANONICAL	CANONICAL	504	0	0.0	0	0
GCA_965153505.2	seqoccin.Bt.SAMEA117655735.scaffold	Bos taurus	Bos taurus	Scaffold	ok	exon_3	3	837	0.946236559139785	0.966547192353644	0.946236559139785	0.8825757575757576	0.0	792	792	809	699	93	33578602.0	33579393.0	0.9464503910068427	HIGH	AG	AC	CANONICAL	NONCANONICAL	992	0	0.0	0	0
GCA_965153505.2	seqoccin.Bt.SAMEA117655735.scaffold	Bos taurus	Bos taurus	Scaffold	ok	exon_4	4	213	0.9953051643192489	1.0	0.9953051643192489	0.9056603773584906	0.0	212	212	213	192	20	33586740.0	33587679.0	0.9743024182832847	HIGH	AG	GT	CANONICAL	CANONICAL	1140	0	0.0	0	0
GCA_965153505.2	seqoccin.Bt.SAMEA117655735.scaffold	Bos taurus	Bos taurus	Scaffold	ok	exon_5	5	124	0.9919354838709677	0.9919354838709677	0.9919354838709677	0.9024390243902439	0.0	123	123	123	111	12	33590479.0	33590601.0	0.9719807238394965	HIGH	GA	GT	NONCANONICAL	CANONICAL	323	0	0.0	0	0
GCA_965153505.2	seqoccin.Bt.SAMEA117655735.scaffold	Bos taurus	Bos taurus	Scaffold	ok	exon_6	6	1115	0.9641255605381166	1.0	0.9641255605381166	0.8762790697674419	0.0	1075	1075	1115	942	133	33591426.0	33592501.0	0.9529262696840131	HIGH	AG		CANONICAL	NA	1276	0	0.0	0	0
GCA_965153515.2	seqoccin.Bt.SAMEA117655768.scaffold	Bos taurus	Bos taurus	Scaffold	ok	exon_1	1	194	0.8917525773195877	0.8969072164948454	0.8917525773195877	0.8728323699421965	0.0	173	173	174	151	22	33739167.0	33739339.0	0.9194967522793636	HIGH			NA	NA	373	0	0.0	0	0
GCA_965153515.2	seqoccin.Bt.SAMEA117655768.scaffold	Bos taurus	Bos taurus	Scaffold	ok	exon_2	2	304	1.0	1.0	1.0	0.9046052631578947	0.0	304	304	304	275	29	33741994.0	33742297.0	0.9761513157894737	HIGH	AG	GT	CANONICAL	CANONICAL	504	0	0.0	0	0
GCA_965153515.2	seqoccin.Bt.SAMEA117655768.scaffold	Bos taurus	Bos taurus	Scaffold	ok	exon_3	3	837	0.946236559139785	0.966547192353644	0.946236559139785	0.8825757575757576	0.0	792	792	809	699	93	33745149.0	33745940.0	0.9464503910068427	HIGH	AG	AC	CANONICAL	NONCANONICAL	992	0	0.0	0	0
GCA_965153515.2	seqoccin.Bt.SAMEA117655768.scaffold	Bos taurus	Bos taurus	Scaffold	ok	exon_4	4	213	0.9953051643192489	1.0	0.9953051643192489	0.9056603773584906	0.0	212	212	213	192	20	33753286.0	33754225.0	0.9743024182832847	HIGH	AG	GT	CANONICAL	CANONICAL	1140	0	0.0	0	0
GCA_965153515.2	seqoccin.Bt.SAMEA117655768.scaffold	Bos taurus	Bos taurus	Scaffold	ok	exon_5	5	124	0.9596774193548387	0.9596774193548387	0.9596774193548387	0.8991596638655462	0.0	119	119	119	107	12	33757024.0	33757142.0	0.956644754676064	HIGH	GA	GT	NONCANONICAL	CANONICAL	319	0	0.0	0	0
GCA_965153515.2	seqoccin.Bt.SAMEA117655768.scaffold	Bos taurus	Bos taurus	Scaffold	ok	exon_6	6	1115	0.9641255605381166	1.0	0.9641255605381166	0.8734883720930232	0.0	1075	1075	1115	939	136	33757968.0	33759043.0	0.9522285952654084	HIGH	AG		CANONICAL	NA	1276	0	0.0	0	0
GCA_965153525.2	seqoccin.Bt.SAMEA117655774.scaffold	Bos taurus	Bos taurus	Scaffold	ok	exon_1	1	194	0.8917525773195877	0.8969072164948454	0.8917525773195877	0.8728323699421965	0.0	173	173	174	151	22	33814391.0	33814563.0	0.9194967522793636	HIGH			NA	NA	373	0	0.0	0	0
GCA_965153525.2	seqoccin.Bt.SAMEA117655774.scaffold	Bos taurus	Bos taurus	Scaffold	ok	exon_2	2	304	1.0	1.0	1.0	0.9046052631578947	0.0	304	304	304	275	29	33817218.0	33817521.0	0.9761513157894737	HIGH	AG	GT	CANONICAL	CANONICAL	504	0	0.0	0	0
GCA_965153525.2	seqoccin.Bt.SAMEA117655774.scaffold	Bos taurus	Bos taurus	Scaffold	ok	exon_3	3	837	0.946236559139785	0.966547192353644	0.946236559139785	0.8825757575757576	0.0	792	792	809	699	93	33820373.0	33821164.0	0.9464503910068427	HIGH	AG	AC	CANONICAL	NONCANONICAL	992	0	0.0	0	0
GCA_965153525.2	seqoccin.Bt.SAMEA117655774.scaffold	Bos taurus	Bos taurus	Scaffold	ok	exon_4	4	213	0.9953051643192489	1.0	0.9953051643192489	0.9056603773584906	0.0	212	212	213	192	20	33828523.0	33829462.0	0.9743024182832847	HIGH	AG	GT	CANONICAL	CANONICAL	1140	0	0.0	0	0
GCA_965153525.2	seqoccin.Bt.SAMEA117655774.scaffold	Bos taurus	Bos taurus	Scaffold	ok	exon_5	5	124	0.9596774193548387	0.9596774193548387	0.9596774193548387	0.8991596638655462	0.0	119	119	119	107	12	33832284.0	33832402.0	0.956644754676064	HIGH	GA	GT	NONCANONICAL	CANONICAL	319	0	0.0	0	0
GCA_965153525.2	seqoccin.Bt.SAMEA117655774.scaffold	Bos taurus	Bos taurus	Scaffold	ok	exon_6	6	1115	0.9641255605381166	1.0	0.9641255605381166	0.8734883720930232	0.0	1075	1075	1115	939	136	33833228.0	33834303.0	0.9522285952654084	HIGH	AG		CANONICAL	NA	1276	0	0.0	0	0
GCA_965153535.2	seqoccin.Bt.SAMEA117655731.scaffold	Bos taurus	Bos taurus	Scaffold	ok	exon_1	1	194	0.8917525773195877	0.8969072164948454	0.8917525773195877	0.8728323699421965	0.0	173	173	174	151	22	33728859.0	33729031.0	0.9194967522793636	HIGH			NA	NA	373	0	0.0	0	0
GCA_965153535.2	seqoccin.Bt.SAMEA117655731.scaffold	Bos taurus	Bos taurus	Scaffold	ok	exon_2	2	304	1.0	1.0	1.0	0.9046052631578947	0.0	304	304	304	275	29	33731684.0	33731987.0	0.9761513157894737	HIGH	AG	GT	CANONICAL	CANONICAL	504	0	0.0	0	0
GCA_965153535.2	seqoccin.Bt.SAMEA117655731.scaffold	Bos taurus	Bos taurus	Scaffold	ok	exon_3	3	837	0.946236559139785	0.966547192353644	0.946236559139785	0.8825757575757576	0.0	792	792	809	699	93	33734839.0	33735630.0	0.9464503910068427	HIGH	AG	AC	CANONICAL	NONCANONICAL	992	0	0.0	0	0
GCA_965153535.2	seqoccin.Bt.SAMEA117655731.scaffold	Bos taurus	Bos taurus	Scaffold	ok	exon_4	4	213	0.9953051643192489	1.0	0.9953051643192489	0.9056603773584906	0.0	212	212	213	192	20	33742990.0	33743929.0	0.9743024182832847	HIGH	AG	GT	CANONICAL	CANONICAL	1140	0	0.0	0	0
GCA_965153535.2	seqoccin.Bt.SAMEA117655731.scaffold	Bos taurus	Bos taurus	Scaffold	ok	exon_5	5	124	0.9596774193548387	0.9596774193548387	0.9596774193548387	0.8991596638655462	0.0	119	119	119	107	12	33746751.0	33746869.0	0.956644754676064	HIGH	GA	GT	NONCANONICAL	CANONICAL	319	0	0.0	0	0
GCA_965153535.2	seqoccin.Bt.SAMEA117655731.scaffold	Bos taurus	Bos taurus	Scaffold	ok	exon_6	6	1115	0.9641255605381166	1.0	0.9641255605381166	0.8772093023255814	0.0	1075	1075	1115	943	132	33747695.0	33748770.0	0.9531588278235479	HIGH	AG		CANONICAL	NA	1276	0	0.0	0	0
GCA_965153545.2	seqoccin.Bt.SAMEA117655722.scaffold	Bos taurus	Bos taurus	Scaffold	ok	exon_1	1	194	0.8917525773195877	0.8969072164948454	0.8917525773195877	0.8728323699421965	0.0	173	173	174	151	22	32741942.0	32742114.0	0.9194967522793636	HIGH			NA	NA	373	0	0.0	0	0
GCA_965153545.2	seqoccin.Bt.SAMEA117655722.scaffold	Bos taurus	Bos taurus	Scaffold	ok	exon_2	2	304	1.0	1.0	1.0	0.9078947368421053	0.0	304	304	304	276	28	32744767.0	32745070.0	0.9769736842105263	HIGH	AG	GT	CANONICAL	CANONICAL	504	0	0.0	0	0
GCA_965153545.2	seqoccin.Bt.SAMEA117655722.scaffold	Bos taurus	Bos taurus	Scaffold	ok	exon_3	3	837	0.946236559139785	0.966547192353644	0.946236559139785	0.8813131313131313	0.0	792	792	809	698	94	32747607.0	32748398.0	0.9461347344411861	HIGH	AG	AC	CANONICAL	NONCANONICAL	992	0	0.0	0	0
GCA_965153545.2	seqoccin.Bt.SAMEA117655722.scaffold	Bos taurus	Bos taurus	Scaffold	ok	exon_4	4	213	0.9953051643192489	1.0	0.9953051643192489	0.9056603773584906	0.0	212	212	213	192	20	32755745.0	32756684.0	0.9743024182832847	HIGH	AG	GT	CANONICAL	CANONICAL	1140	0	0.0	0	0
GCA_965153545.2	seqoccin.Bt.SAMEA117655722.scaffold	Bos taurus	Bos taurus	Scaffold	ok	exon_5	5	124	0.9919354838709677	0.9919354838709677	0.9919354838709677	0.9024390243902439	0.0	123	123	123	111	12	32759484.0	32759606.0	0.9719807238394965	HIGH	GA	GT	NONCANONICAL	CANONICAL	323	0	0.0	0	0
GCA_965153545.2	seqoccin.Bt.SAMEA117655722.scaffold	Bos taurus	Bos taurus	Scaffold	ok	exon_6	6	1115	0.9641255605381166	1.0	0.9641255605381166	0.8762790697674419	0.0	1075	1075	1115	942	133	32760431.0	32761506.0	0.9529262696840131	HIGH	AG		CANONICAL	NA	1276	0	0.0	0	0
GCA_965153555.2	seqoccin.Bt.SAMEA117655720.scaffold	Bos taurus	Bos taurus	Scaffold	ok	exon_1	1	194	0.8917525773195877	0.8969072164948454	0.8917525773195877	0.8728323699421965	0.0	173	173	174	151	22	33796633.0	33796805.0	0.9194967522793636	HIGH			NA	NA	373	0	0.0	0	0
GCA_965153555.2	seqoccin.Bt.SAMEA117655720.scaffold	Bos taurus	Bos taurus	Scaffold	ok	exon_2	2	304	1.0	1.0	1.0	0.9078947368421053	0.0	304	304	304	276	28	33799458.0	33799761.0	0.9769736842105263	HIGH	AG	GT	CANONICAL	CANONICAL	504	0	0.0	0	0
GCA_965153555.2	seqoccin.Bt.SAMEA117655720.scaffold	Bos taurus	Bos taurus	Scaffold	ok	exon_3	3	837	0.942652329749104	0.966547192353644	0.942652329749104	0.8846641318124208	0.0	789	789	809	698	91	33802298.0	33803088.0	0.945359581340202	HIGH	AG	AC	CANONICAL	NONCANONICAL	991	0	0.0	0	0
GCA_965153555.2	seqoccin.Bt.SAMEA117655720.scaffold	Bos taurus	Bos taurus	Scaffold	ok	exon_4	4	213	0.9953051643192489	1.0	0.9953051643192489	0.9056603773584906	0.0	212	212	213	192	20	33810434.0	33811373.0	0.9743024182832847	HIGH	AG	GT	CANONICAL	CANONICAL	1140	0	0.0	0	0
GCA_965153555.2	seqoccin.Bt.SAMEA117655720.scaffold	Bos taurus	Bos taurus	Scaffold	ok	exon_5	5	124	0.9919354838709677	0.9919354838709677	0.9919354838709677	0.9024390243902439	0.0	123	123	123	111	12	33814172.0	33814294.0	0.9719807238394965	HIGH	GA	GT	NONCANONICAL	CANONICAL	323	0	0.0	0	0
GCA_965153555.2	seqoccin.Bt.SAMEA117655720.scaffold	Bos taurus	Bos taurus	Scaffold	ok	exon_6	6	1115	0.9641255605381166	1.0	0.9641255605381166	0.8762790697674419	0.0	1075	1075	1115	942	133	33815119.0	33816194.0	0.9529262696840131	HIGH	AG		CANONICAL	NA	1276	0	0.0	0	0
GCA_965153565.2	seqoccin.Bt.SAMEA117655718.scaffold	Bos taurus	Bos taurus	Scaffold	ok	exon_1	1	194	0.8917525773195877	0.8969072164948454	0.8917525773195877	0.8728323699421965	0.0	173	173	174	151	22	33782209.0	33782381.0	0.9194967522793636	HIGH			NA	NA	373	0	0.0	0	0
GCA_965153565.2	seqoccin.Bt.SAMEA117655718.scaffold	Bos taurus	Bos taurus	Scaffold	ok	exon_2	2	304	1.0	1.0	1.0	0.9078947368421053	0.0	304	304	304	276	28	33785034.0	33785337.0	0.9769736842105263	HIGH	AG	GT	CANONICAL	CANONICAL	504	0	0.0	0	0
GCA_965153565.2	seqoccin.Bt.SAMEA117655718.scaffold	Bos taurus	Bos taurus	Scaffold	ok	exon_3	3	837	0.942652329749104	0.966547192353644	0.942652329749104	0.8846641318124208	0.0	789	789	809	698	91	33787874.0	33788664.0	0.945359581340202	HIGH	AG	AC	CANONICAL	NONCANONICAL	991	0	0.0	0	0
GCA_965153565.2	seqoccin.Bt.SAMEA117655718.scaffold	Bos taurus	Bos taurus	Scaffold	ok	exon_4	4	213	0.9953051643192489	1.0	0.9953051643192489	0.9056603773584906	0.0	212	212	213	192	20	33796010.0	33796949.0	0.9743024182832847	HIGH	AG	GT	CANONICAL	CANONICAL	1140	0	0.0	0	0
GCA_965153565.2	seqoccin.Bt.SAMEA117655718.scaffold	Bos taurus	Bos taurus	Scaffold	ok	exon_5	5	124	0.9919354838709677	0.9919354838709677	0.9919354838709677	0.9024390243902439	0.0	123	123	123	111	12	33799748.0	33799870.0	0.9719807238394965	HIGH	GA	GT	NONCANONICAL	CANONICAL	323	0	0.0	0	0
GCA_965153565.2	seqoccin.Bt.SAMEA117655718.scaffold	Bos taurus	Bos taurus	Scaffold	ok	exon_6	6	1115	0.9641255605381166	1.0	0.9641255605381166	0.8762790697674419	0.0	1075	1075	1115	942	133	33800695.0	33801770.0	0.9529262696840131	HIGH	AG		CANONICAL	NA	1276	0	0.0	0	0
GCA_965153575.2	seqoccin.Bt.SAMEA117655739.scaffold	Bos taurus	Bos taurus	Scaffold	ok	exon_1	1	194	0.8917525773195877	0.8969072164948454	0.8917525773195877	0.8728323699421965	0.0	173	173	174	151	22	29324738.0	29324910.0	0.9194967522793636	HIGH			NA	NA	373	0	0.0	0	0
GCA_965153575.2	seqoccin.Bt.SAMEA117655739.scaffold	Bos taurus	Bos taurus	Scaffold	ok	exon_2	2	304	1.0	1.0	1.0	0.9078947368421053	0.0	304	304	304	276	28	29327563.0	29327866.0	0.9769736842105263	HIGH	AG	GT	CANONICAL	CANONICAL	504	0	0.0	0	0
GCA_965153575.2	seqoccin.Bt.SAMEA117655739.scaffold	Bos taurus	Bos taurus	Scaffold	ok	exon_3	3	837	0.942652329749104	0.966547192353644	0.942652329749104	0.8846641318124208	0.0	789	789	809	698	91	29330718.0	29331508.0	0.945359581340202	HIGH	AG	AC	CANONICAL	NONCANONICAL	991	0	0.0	0	0
GCA_965153575.2	seqoccin.Bt.SAMEA117655739.scaffold	Bos taurus	Bos taurus	Scaffold	ok	exon_4	4	213	0.9953051643192489	1.0	0.9953051643192489	0.9056603773584906	0.0	212	212	213	192	20	29338857.0	29339796.0	0.9743024182832847	HIGH	AG	GT	CANONICAL	CANONICAL	1140	0	0.0	0	0
GCA_965153575.2	seqoccin.Bt.SAMEA117655739.scaffold	Bos taurus	Bos taurus	Scaffold	ok	exon_5	5	124	0.9919354838709677	0.9919354838709677	0.9919354838709677	0.9024390243902439	0.0	123	123	123	111	12	29342595.0	29342717.0	0.9719807238394965	HIGH	GA	GT	NONCANONICAL	CANONICAL	323	0	0.0	0	0
GCA_965153575.2	seqoccin.Bt.SAMEA117655739.scaffold	Bos taurus	Bos taurus	Scaffold	ok	exon_6	6	1115	0.9641255605381166	1.0	0.9641255605381166	0.8762790697674419	0.0	1075	1075	1115	942	133	29343542.0	29344617.0	0.9529262696840131	HIGH	AG		CANONICAL	NA	1276	0	0.0	0	0
GCA_965153595.2	seqoccin.Bt.SAMEA117655776.scaffold	Bos taurus	Bos taurus	Scaffold	ok	exon_1	1	194	0.8917525773195877	0.8969072164948454	0.8917525773195877	0.8728323699421965	0.0	173	173	174	151	22	33715187.0	33715359.0	0.9194967522793636	HIGH			NA	NA	373	0	0.0	0	0
GCA_965153595.2	seqoccin.Bt.SAMEA117655776.scaffold	Bos taurus	Bos taurus	Scaffold	ok	exon_2	2	304	1.0	1.0	1.0	0.9046052631578947	0.0	304	304	304	275	29	33718014.0	33718317.0	0.9761513157894737	HIGH	AG	GT	CANONICAL	CANONICAL	504	0	0.0	0	0
GCA_965153595.2	seqoccin.Bt.SAMEA117655776.scaffold	Bos taurus	Bos taurus	Scaffold	ok	exon_3	3	837	0.946236559139785	0.966547192353644	0.946236559139785	0.8825757575757576	0.0	792	792	809	699	93	33721169.0	33721960.0	0.9464503910068427	HIGH	AG	AC	CANONICAL	NONCANONICAL	992	0	0.0	0	0
GCA_965153595.2	seqoccin.Bt.SAMEA117655776.scaffold	Bos taurus	Bos taurus	Scaffold	ok	exon_4	4	213	0.9953051643192489	1.0	0.9953051643192489	0.9056603773584906	0.0	212	212	213	192	20	33729307.0	33730246.0	0.9743024182832847	HIGH	AG	GT	CANONICAL	CANONICAL	1140	0	0.0	0	0
GCA_965153595.2	seqoccin.Bt.SAMEA117655776.scaffold	Bos taurus	Bos taurus	Scaffold	ok	exon_5	5	124	0.9596774193548387	0.9596774193548387	0.9596774193548387	0.8991596638655462	0.0	119	119	119	107	12	33733047.0	33733165.0	0.956644754676064	HIGH	GA	GT	NONCANONICAL	CANONICAL	319	0	0.0	0	0
GCA_965153595.2	seqoccin.Bt.SAMEA117655776.scaffold	Bos taurus	Bos taurus	Scaffold	ok	exon_6	6	1115	0.9641255605381166	1.0	0.9641255605381166	0.8734883720930232	0.0	1075	1075	1115	939	136	33733991.0	33735066.0	0.9522285952654084	HIGH	AG		CANONICAL	NA	1276	0	0.0	0	0
GCA_965153605.2	seqoccin.Bt.SAMEA117655730.scaffold	Bos taurus	Bos taurus	Scaffold	ok	exon_1	1	194	0.8917525773195877	0.8969072164948454	0.8917525773195877	0.8728323699421965	0.0	173	173	174	151	22	31369294.0	31369466.0	0.9194967522793636	HIGH			NA	NA	373	0	0.0	0	0
GCA_965153605.2	seqoccin.Bt.SAMEA117655730.scaffold	Bos taurus	Bos taurus	Scaffold	ok	exon_2	2	304	1.0	1.0	1.0	0.9078947368421053	0.0	304	304	304	276	28	31372119.0	31372422.0	0.9769736842105263	HIGH	AG	GT	CANONICAL	CANONICAL	504	0	0.0	0	0
GCA_965153605.2	seqoccin.Bt.SAMEA117655730.scaffold	Bos taurus	Bos taurus	Scaffold	ok	exon_3	3	837	0.946236559139785	0.966547192353644	0.946236559139785	0.8813131313131313	0.0	792	792	809	698	94	31375274.0	31376065.0	0.9461347344411861	HIGH	AG	AC	CANONICAL	NONCANONICAL	992	0	0.0	0	0
GCA_965153605.2	seqoccin.Bt.SAMEA117655730.scaffold	Bos taurus	Bos taurus	Scaffold	ok	exon_4	4	213	0.9953051643192489	1.0	0.9953051643192489	0.9056603773584906	0.0	212	212	213	192	20	31383412.0	31384351.0	0.9743024182832847	HIGH	AG	GT	CANONICAL	CANONICAL	1140	0	0.0	0	0
GCA_965153605.2	seqoccin.Bt.SAMEA117655730.scaffold	Bos taurus	Bos taurus	Scaffold	ok	exon_5	5	124	0.9919354838709677	0.9919354838709677	0.9919354838709677	0.9024390243902439	0.0	123	123	123	111	12	31387151.0	31387273.0	0.9719807238394965	HIGH	GA	GT	NONCANONICAL	CANONICAL	323	0	0.0	0	0
GCA_965153605.2	seqoccin.Bt.SAMEA117655730.scaffold	Bos taurus	Bos taurus	Scaffold	ok	exon_6	6	1115	0.9641255605381166	1.0	0.9641255605381166	0.8762790697674419	0.0	1075	1075	1115	942	133	31388098.0	31389173.0	0.9529262696840131	HIGH	AG		CANONICAL	NA	1276	0	0.0	0	0
GCA_965153615.2	seqoccin.Bt.SAMEA117655762.scaffold	Bos taurus	Bos taurus	Scaffold	ok	exon_1	1	194	0.8917525773195877	0.8969072164948454	0.8917525773195877	0.8728323699421965	0.0	173	173	174	151	22	33749180.0	33749352.0	0.9194967522793636	HIGH			NA	NA	373	0	0.0	0	0
GCA_965153615.2	seqoccin.Bt.SAMEA117655762.scaffold	Bos taurus	Bos taurus	Scaffold	ok	exon_2	2	304	1.0	1.0	1.0	0.9046052631578947	0.0	304	304	304	275	29	33752007.0	33752310.0	0.9761513157894737	HIGH	AG	GT	CANONICAL	CANONICAL	504	0	0.0	0	0
GCA_965153615.2	seqoccin.Bt.SAMEA117655762.scaffold	Bos taurus	Bos taurus	Scaffold	ok	exon_3	3	837	0.946236559139785	0.966547192353644	0.946236559139785	0.8825757575757576	0.0	792	792	809	699	93	33755162.0	33755953.0	0.9464503910068427	HIGH	AG	AC	CANONICAL	NONCANONICAL	992	0	0.0	0	0
GCA_965153615.2	seqoccin.Bt.SAMEA117655762.scaffold	Bos taurus	Bos taurus	Scaffold	ok	exon_4	4	213	0.9953051643192489	1.0	0.9953051643192489	0.9056603773584906	0.0	212	212	213	192	20	33763312.0	33764251.0	0.9743024182832847	HIGH	AG	GT	CANONICAL	CANONICAL	1140	0	0.0	0	0
GCA_965153615.2	seqoccin.Bt.SAMEA117655762.scaffold	Bos taurus	Bos taurus	Scaffold	ok	exon_5	5	124	0.9596774193548387	0.9596774193548387	0.9596774193548387	0.8991596638655462	0.0	119	119	119	107	12	33767073.0	33767191.0	0.956644754676064	HIGH	GA	GT	NONCANONICAL	CANONICAL	319	0	0.0	0	0
GCA_965153615.2	seqoccin.Bt.SAMEA117655762.scaffold	Bos taurus	Bos taurus	Scaffold	ok	exon_6	6	1115	0.9641255605381166	1.0	0.9641255605381166	0.8725581395348837	0.0	1075	1075	1115	938	137	33768017.0	33769092.0	0.9519960371258734	HIGH	AG		CANONICAL	NA	1276	0	0.0	0	0
GCA_965153625.2	seqoccin.Bt.SAMEA117655753.scaffold	Bos taurus	Bos taurus	Scaffold	ok	exon_1	1	194	0.8917525773195877	0.8969072164948454	0.8917525773195877	0.8728323699421965	0.0	173	173	174	151	22	33887666.0	33887838.0	0.9194967522793636	HIGH			NA	NA	373	0	0.0	0	0
GCA_965153625.2	seqoccin.Bt.SAMEA117655753.scaffold	Bos taurus	Bos taurus	Scaffold	ok	exon_2	2	304	1.0	1.0	1.0	0.9078947368421053	0.0	304	304	304	276	28	33890491.0	33890794.0	0.9769736842105263	HIGH	AG	GT	CANONICAL	CANONICAL	504	0	0.0	0	0
GCA_965153625.2	seqoccin.Bt.SAMEA117655753.scaffold	Bos taurus	Bos taurus	Scaffold	ok	exon_3	3	837	0.946236559139785	0.966547192353644	0.946236559139785	0.8813131313131313	0.0	792	792	809	698	94	33893646.0	33894437.0	0.9461347344411861	HIGH	AG	AC	CANONICAL	NONCANONICAL	992	0	0.0	0	0
GCA_965153625.2	seqoccin.Bt.SAMEA117655753.scaffold	Bos taurus	Bos taurus	Scaffold	ok	exon_4	4	213	0.9953051643192489	1.0	0.9953051643192489	0.9056603773584906	0.0	212	212	213	192	20	33901784.0	33902723.0	0.9743024182832847	HIGH	AG	GT	CANONICAL	CANONICAL	1140	0	0.0	0	0
GCA_965153625.2	seqoccin.Bt.SAMEA117655753.scaffold	Bos taurus	Bos taurus	Scaffold	ok	exon_5	5	124	0.9919354838709677	0.9919354838709677	0.9919354838709677	0.9024390243902439	0.0	123	123	123	111	12	33905523.0	33905645.0	0.9719807238394965	HIGH	GA	GT	NONCANONICAL	CANONICAL	323	0	0.0	0	0
GCA_965153625.2	seqoccin.Bt.SAMEA117655753.scaffold	Bos taurus	Bos taurus	Scaffold	ok	exon_6	6	1115	0.9641255605381166	1.0	0.9641255605381166	0.8762790697674419	0.0	1075	1075	1115	942	133	33906470.0	33907545.0	0.9529262696840131	HIGH	AG		CANONICAL	NA	1276	0	0.0	0	0
GCA_965153635.2	seqoccin.Bt.SAMEA117655759.scaffold	Bos taurus	Bos taurus	Scaffold	ok	exon_1	1	194	0.8917525773195877	0.8969072164948454	0.8917525773195877	0.8728323699421965	0.0	173	173	174	151	22	63337109.0	63337281.0	0.9194967522793636	HIGH			NA	NA	373	0	0.0	0	0
GCA_965153635.2	seqoccin.Bt.SAMEA117655759.scaffold	Bos taurus	Bos taurus	Scaffold	ok	exon_2	2	304	1.0	1.0	1.0	0.9046052631578947	0.0	304	304	304	275	29	63334151.0	63334454.0	0.9761513157894737	HIGH	AG	GT	CANONICAL	CANONICAL	504	0	0.0	0	0
GCA_965153635.2	seqoccin.Bt.SAMEA117655759.scaffold	Bos taurus	Bos taurus	Scaffold	ok	exon_3	3	837	0.946236559139785	0.966547192353644	0.946236559139785	0.8825757575757576	0.0	792	792	809	699	93	63330508.0	63331299.0	0.9464503910068427	HIGH	AG	AC	CANONICAL	NONCANONICAL	992	0	0.0	0	0
GCA_965153635.2	seqoccin.Bt.SAMEA117655759.scaffold	Bos taurus	Bos taurus	Scaffold	ok	exon_4	4	213	0.9953051643192489	1.0	0.9953051643192489	0.9056603773584906	0.0	212	212	213	192	20	63322213.0	63323152.0	0.9743024182832847	HIGH	AG	GT	CANONICAL	CANONICAL	1140	0	0.0	0	0
GCA_965153635.2	seqoccin.Bt.SAMEA117655759.scaffold	Bos taurus	Bos taurus	Scaffold	ok	exon_5	5	124	0.9919354838709677	0.9919354838709677	0.9919354838709677	0.9024390243902439	0.0	123	123	123	111	12	63319268.0	63319390.0	0.9719807238394965	HIGH	GA	GT	NONCANONICAL	CANONICAL	323	0	0.0	0	0
GCA_965153635.2	seqoccin.Bt.SAMEA117655759.scaffold	Bos taurus	Bos taurus	Scaffold	ok	exon_6	6	1115	0.9641255605381166	1.0	0.9641255605381166	0.8725581395348837	0.0	1075	1075	1115	938	137	63317368.0	63318443.0	0.9519960371258734	HIGH	AG		CANONICAL	NA	1276	0	0.0	0	0
GCA_965153645.2	seqoccin.Bt.SAMEA117655707.scaffold	Bos taurus	Bos taurus	Scaffold	ok	exon_1	1	194	0.8917525773195877	0.8969072164948454	0.8917525773195877	0.8728323699421965	0.0	173	173	174	151	22	34049129.0	34049301.0	0.9194967522793636	HIGH			NA	NA	373	0	0.0	0	0
GCA_965153645.2	seqoccin.Bt.SAMEA117655707.scaffold	Bos taurus	Bos taurus	Scaffold	ok	exon_2	2	304	1.0	1.0	1.0	0.9078947368421053	0.0	304	304	304	276	28	34051955.0	34052258.0	0.9769736842105263	HIGH	AG	GT	CANONICAL	CANONICAL	504	0	0.0	0	0
GCA_965153645.2	seqoccin.Bt.SAMEA117655707.scaffold	Bos taurus	Bos taurus	Scaffold	ok	exon_3	3	837	0.942652329749104	0.966547192353644	0.942652329749104	0.8846641318124208	0.0	789	789	809	698	91	34054868.0	34055658.0	0.945359581340202	HIGH	AG	AC	CANONICAL	NONCANONICAL	991	0	0.0	0	0
GCA_965153645.2	seqoccin.Bt.SAMEA117655707.scaffold	Bos taurus	Bos taurus	Scaffold	ok	exon_4	4	213	0.9953051643192489	1.0	0.9953051643192489	0.9056603773584906	0.0	212	212	213	192	20	34063007.0	34063946.0	0.9743024182832847	HIGH	AG	GT	CANONICAL	CANONICAL	1140	0	0.0	0	0
GCA_965153645.2	seqoccin.Bt.SAMEA117655707.scaffold	Bos taurus	Bos taurus	Scaffold	ok	exon_5	5	124	0.9919354838709677	0.9919354838709677	0.9919354838709677	0.9024390243902439	0.0	123	123	123	111	12	34066746.0	34066868.0	0.9719807238394965	HIGH	GA	GT	NONCANONICAL	CANONICAL	323	0	0.0	0	0
GCA_965153645.2	seqoccin.Bt.SAMEA117655707.scaffold	Bos taurus	Bos taurus	Scaffold	ok	exon_6	6	1115	0.9641255605381166	1.0	0.9641255605381166	0.8762790697674419	0.0	1075	1075	1115	942	133	34067691.0	34068766.0	0.9529262696840131	HIGH	AG		CANONICAL	NA	1276	0	0.0	0	0
GCA_965153655.2	seqoccin.Bt.SAMEA117655728.scaffold	Bos taurus	Bos taurus	Scaffold	ok	exon_1	1	194	0.8917525773195877	0.8969072164948454	0.8917525773195877	0.8728323699421965	0.0	173	173	174	151	22	34397656.0	34397828.0	0.9194967522793636	HIGH			NA	NA	373	0	0.0	0	0
GCA_965153655.2	seqoccin.Bt.SAMEA117655728.scaffold	Bos taurus	Bos taurus	Scaffold	ok	exon_2	2	304	1.0	1.0	1.0	0.9078947368421053	0.0	304	304	304	276	28	34400481.0	34400784.0	0.9769736842105263	HIGH	AG	GT	CANONICAL	CANONICAL	504	0	0.0	0	0
GCA_965153655.2	seqoccin.Bt.SAMEA117655728.scaffold	Bos taurus	Bos taurus	Scaffold	ok	exon_3	3	837	0.946236559139785	0.966547192353644	0.946236559139785	0.8813131313131313	0.0	792	792	809	698	94	34403636.0	34404427.0	0.9461347344411861	HIGH	AG	AC	CANONICAL	NONCANONICAL	992	0	0.0	0	0
GCA_965153655.2	seqoccin.Bt.SAMEA117655728.scaffold	Bos taurus	Bos taurus	Scaffold	ok	exon_4	4	213	0.9953051643192489	1.0	0.9953051643192489	0.9056603773584906	0.0	212	212	213	192	20	34411774.0	34412713.0	0.9743024182832847	HIGH	AG	GT	CANONICAL	CANONICAL	1140	0	0.0	0	0
GCA_965153655.2	seqoccin.Bt.SAMEA117655728.scaffold	Bos taurus	Bos taurus	Scaffold	ok	exon_5	5	124	0.9919354838709677	0.9919354838709677	0.9919354838709677	0.9024390243902439	0.0	123	123	123	111	12	34415513.0	34415635.0	0.9719807238394965	HIGH	GA	GT	NONCANONICAL	CANONICAL	323	0	0.0	0	0
GCA_965153655.2	seqoccin.Bt.SAMEA117655728.scaffold	Bos taurus	Bos taurus	Scaffold	ok	exon_6	6	1115	0.9641255605381166	1.0	0.9641255605381166	0.8762790697674419	0.0	1075	1075	1115	942	133	34416460.0	34417535.0	0.9529262696840131	HIGH	AG		CANONICAL	NA	1276	0	0.0	0	0
GCA_965153665.2	seqoccin.Bt.SAMEA117655770.scaffold	Bos taurus	Bos taurus	Scaffold	ok	exon_1	1	194	0.8917525773195877	0.8969072164948454	0.8917525773195877	0.8728323699421965	0.0	173	173	174	151	22	33730525.0	33730697.0	0.9194967522793636	HIGH			NA	NA	373	0	0.0	0	0
GCA_965153665.2	seqoccin.Bt.SAMEA117655770.scaffold	Bos taurus	Bos taurus	Scaffold	ok	exon_2	2	304	1.0	1.0	1.0	0.9046052631578947	0.0	304	304	304	275	29	33733351.0	33733654.0	0.9761513157894737	HIGH	AG	GT	CANONICAL	CANONICAL	504	0	0.0	0	0
GCA_965153665.2	seqoccin.Bt.SAMEA117655770.scaffold	Bos taurus	Bos taurus	Scaffold	ok	exon_3	3	837	0.946236559139785	0.966547192353644	0.946236559139785	0.8825757575757576	0.0	792	792	809	699	93	33736506.0	33737297.0	0.9464503910068427	HIGH	AG	AC	CANONICAL	NONCANONICAL	992	0	0.0	0	0
GCA_965153665.2	seqoccin.Bt.SAMEA117655770.scaffold	Bos taurus	Bos taurus	Scaffold	ok	exon_4	4	213	0.9953051643192489	1.0	0.9953051643192489	0.9056603773584906	0.0	212	212	213	192	20	33744656.0	33745595.0	0.9743024182832847	HIGH	AG	GT	CANONICAL	CANONICAL	1140	0	0.0	0	0
GCA_965153665.2	seqoccin.Bt.SAMEA117655770.scaffold	Bos taurus	Bos taurus	Scaffold	ok	exon_5	5	124	0.9919354838709677	0.9919354838709677	0.9919354838709677	0.9024390243902439	0.0	123	123	123	111	12	33748417.0	33748539.0	0.9719807238394965	HIGH	GA	GT	NONCANONICAL	CANONICAL	323	0	0.0	0	0
GCA_965153665.2	seqoccin.Bt.SAMEA117655770.scaffold	Bos taurus	Bos taurus	Scaffold	ok	exon_6	6	1115	0.9641255605381166	1.0	0.9641255605381166	0.8762790697674419	0.0	1075	1075	1115	942	133	33749364.0	33750439.0	0.9529262696840131	HIGH	AG		CANONICAL	NA	1276	0	0.0	0	0
GCA_965153685.2	seqoccin.Bt.SAMEA117655708.scaffold	Bos taurus	Bos taurus	Scaffold	ok	exon_1	1	194	0.8917525773195877	0.8969072164948454	0.8917525773195877	0.8728323699421965	0.0	173	173	174	151	22	33848985.0	33849157.0	0.9194967522793636	HIGH			NA	NA	373	0	0.0	0	0
GCA_965153685.2	seqoccin.Bt.SAMEA117655708.scaffold	Bos taurus	Bos taurus	Scaffold	ok	exon_2	2	304	1.0	1.0	1.0	0.9046052631578947	0.0	304	304	304	275	29	33851812.0	33852115.0	0.9761513157894737	HIGH	AG	GT	CANONICAL	CANONICAL	504	0	0.0	0	0
GCA_965153685.2	seqoccin.Bt.SAMEA117655708.scaffold	Bos taurus	Bos taurus	Scaffold	ok	exon_3	3	837	0.946236559139785	0.966547192353644	0.946236559139785	0.8825757575757576	0.0	792	792	809	699	93	33854967.0	33855758.0	0.9464503910068427	HIGH	AG	AC	CANONICAL	NONCANONICAL	992	0	0.0	0	0
GCA_965153685.2	seqoccin.Bt.SAMEA117655708.scaffold	Bos taurus	Bos taurus	Scaffold	ok	exon_4	4	213	0.9953051643192489	1.0	0.9953051643192489	0.9056603773584906	0.0	212	212	213	192	20	33863105.0	33864044.0	0.9743024182832847	HIGH	AG	GT	CANONICAL	CANONICAL	1140	0	0.0	0	0
GCA_965153685.2	seqoccin.Bt.SAMEA117655708.scaffold	Bos taurus	Bos taurus	Scaffold	ok	exon_5	5	124	0.9919354838709677	0.9919354838709677	0.9919354838709677	0.9024390243902439	0.0	123	123	123	111	12	33866844.0	33866966.0	0.9719807238394965	HIGH	GA	GT	NONCANONICAL	CANONICAL	323	0	0.0	0	0
GCA_965153685.2	seqoccin.Bt.SAMEA117655708.scaffold	Bos taurus	Bos taurus	Scaffold	ok	exon_6	6	1115	0.9641255605381166	1.0	0.9641255605381166	0.8762790697674419	0.0	1075	1075	1115	942	133	33867791.0	33868866.0	0.9529262696840131	HIGH	AG		CANONICAL	NA	1276	0	0.0	0	0
GCA_965153715.2	seqoccin.Bt.SAMEA117655802.scaffold	Bos taurus	Bos taurus	Scaffold	ok	exon_1	1	194	0.8917525773195877	0.8969072164948454	0.8917525773195877	0.8728323699421965	0.0	173	173	174	151	22	33827679.0	33827851.0	0.9194967522793636	HIGH			NA	NA	373	0	0.0	0	0
GCA_965153715.2	seqoccin.Bt.SAMEA117655802.scaffold	Bos taurus	Bos taurus	Scaffold	ok	exon_2	2	304	1.0	1.0	1.0	0.9078947368421053	0.0	304	304	304	276	28	33830505.0	33830808.0	0.9769736842105263	HIGH	AG	GT	CANONICAL	CANONICAL	504	0	0.0	0	0
GCA_965153715.2	seqoccin.Bt.SAMEA117655802.scaffold	Bos taurus	Bos taurus	Scaffold	ok	exon_3	3	837	0.946236559139785	0.966547192353644	0.946236559139785	0.8825757575757576	0.0	792	792	809	699	93	33833345.0	33834136.0	0.9464503910068427	HIGH	AG	AC	CANONICAL	NONCANONICAL	992	0	0.0	0	0
GCA_965153715.2	seqoccin.Bt.SAMEA117655802.scaffold	Bos taurus	Bos taurus	Scaffold	ok	exon_4	4	213	0.9953051643192489	1.0	0.9953051643192489	0.9056603773584906	0.0	212	212	213	192	20	33841483.0	33842422.0	0.9743024182832847	HIGH	AG	GT	CANONICAL	CANONICAL	1140	0	0.0	0	0
GCA_965153715.2	seqoccin.Bt.SAMEA117655802.scaffold	Bos taurus	Bos taurus	Scaffold	ok	exon_5	5	124	0.9919354838709677	0.9919354838709677	0.9919354838709677	0.9024390243902439	0.0	123	123	123	111	12	33845222.0	33845344.0	0.9719807238394965	HIGH	GA	GT	NONCANONICAL	CANONICAL	323	0	0.0	0	0
GCA_965153715.2	seqoccin.Bt.SAMEA117655802.scaffold	Bos taurus	Bos taurus	Scaffold	ok	exon_6	6	1115	0.9641255605381166	1.0	0.9641255605381166	0.8762790697674419	0.0	1075	1075	1115	942	133	33846169.0	33847244.0	0.9529262696840131	HIGH	AG		CANONICAL	NA	1276	0	0.0	0	0
GCA_965153725.2	seqoccin.Bt.SAMEA117655832.scaffold	Bos taurus	Bos taurus	Scaffold	ok	exon_1	1	194	0.8917525773195877	0.8969072164948454	0.8917525773195877	0.8728323699421965	0.0	173	173	174	151	22	33791667.0	33791839.0	0.9194967522793636	HIGH			NA	NA	373	0	0.0	0	0
GCA_965153725.2	seqoccin.Bt.SAMEA117655832.scaffold	Bos taurus	Bos taurus	Scaffold	ok	exon_2	2	304	1.0	1.0	1.0	0.9078947368421053	0.0	304	304	304	276	28	33794494.0	33794797.0	0.9769736842105263	HIGH	AG	GT	CANONICAL	CANONICAL	504	0	0.0	0	0
GCA_965153725.2	seqoccin.Bt.SAMEA117655832.scaffold	Bos taurus	Bos taurus	Scaffold	ok	exon_3	3	837	0.942652329749104	0.966547192353644	0.942652329749104	0.8859315589353612	0.0	789	789	809	699	90	33797649.0	33798439.0	0.9456764381209372	HIGH	AG	AC	CANONICAL	NONCANONICAL	991	0	0.0	0	0
GCA_965153725.2	seqoccin.Bt.SAMEA117655832.scaffold	Bos taurus	Bos taurus	Scaffold	ok	exon_4	4	213	0.9953051643192489	1.0	0.9953051643192489	0.9056603773584906	0.0	212	212	213	192	20	33805793.0	33806732.0	0.9743024182832847	HIGH	AG	GT	CANONICAL	CANONICAL	1140	0	0.0	0	0
GCA_965153725.2	seqoccin.Bt.SAMEA117655832.scaffold	Bos taurus	Bos taurus	Scaffold	ok	exon_5	5	124	0.9919354838709677	0.9919354838709677	0.9919354838709677	0.9024390243902439	0.0	123	123	123	111	12	33809553.0	33809675.0	0.9719807238394965	HIGH	GA	GT	NONCANONICAL	CANONICAL	323	0	0.0	0	0
GCA_965153725.2	seqoccin.Bt.SAMEA117655832.scaffold	Bos taurus	Bos taurus	Scaffold	ok	exon_6	6	1115	0.9641255605381166	1.0	0.9641255605381166	0.8706976744186047	0.0	1075	1075	1115	936	139	33810500.0	33811575.0	0.9515309208468037	HIGH	AG		CANONICAL	NA	1276	0	0.0	0	0
GCA_965153735.2	seqoccin.Bt.SAMEA117655787.scaffold	Bos taurus	Bos taurus	Scaffold	ok	exon_1	1	194	0.8917525773195877	0.8969072164948454	0.8917525773195877	0.8728323699421965	0.0	173	173	174	151	22	33853002.0	33853174.0	0.9194967522793636	HIGH			NA	NA	373	0	0.0	0	0
GCA_965153735.2	seqoccin.Bt.SAMEA117655787.scaffold	Bos taurus	Bos taurus	Scaffold	ok	exon_2	2	304	1.0	1.0	1.0	0.9078947368421053	0.0	304	304	304	276	28	33855827.0	33856130.0	0.9769736842105263	HIGH	AG	GT	CANONICAL	CANONICAL	504	0	0.0	0	0
GCA_965153735.2	seqoccin.Bt.SAMEA117655787.scaffold	Bos taurus	Bos taurus	Scaffold	ok	exon_3	3	837	0.946236559139785	0.966547192353644	0.946236559139785	0.8825757575757576	0.0	792	792	809	699	93	33858982.0	33859773.0	0.9464503910068427	HIGH	AG	AC	CANONICAL	NONCANONICAL	992	0	0.0	0	0
GCA_965153735.2	seqoccin.Bt.SAMEA117655787.scaffold	Bos taurus	Bos taurus	Scaffold	ok	exon_4	4	213	0.9953051643192489	1.0	0.9953051643192489	0.9056603773584906	0.0	212	212	213	192	20	33867132.0	33868071.0	0.9743024182832847	HIGH	AG	GT	CANONICAL	CANONICAL	1140	0	0.0	0	0
GCA_965153735.2	seqoccin.Bt.SAMEA117655787.scaffold	Bos taurus	Bos taurus	Scaffold	ok	exon_5	5	124	0.9919354838709677	0.9919354838709677	0.9919354838709677	0.9024390243902439	0.0	123	123	123	111	12	33870893.0	33871015.0	0.9719807238394965	HIGH	GA	GT	NONCANONICAL	CANONICAL	323	0	0.0	0	0
GCA_965153735.2	seqoccin.Bt.SAMEA117655787.scaffold	Bos taurus	Bos taurus	Scaffold	ok	exon_6	6	1115	0.9641255605381166	1.0	0.9641255605381166	0.8772093023255814	0.0	1075	1075	1115	943	132	33871840.0	33872915.0	0.9531588278235479	HIGH	AG		CANONICAL	NA	1276	0	0.0	0	0
GCA_965153755.2	seqoccin.Bt.SAMEA117655820.scaffold	Bos taurus	Bos taurus	Scaffold	ok	exon_1	1	194	0.8917525773195877	0.8969072164948454	0.8917525773195877	0.8728323699421965	0.0	173	173	174	151	22	33621797.0	33621969.0	0.9194967522793636	HIGH			NA	NA	373	0	0.0	0	0
GCA_965153755.2	seqoccin.Bt.SAMEA117655820.scaffold	Bos taurus	Bos taurus	Scaffold	ok	exon_2	2	304	1.0	1.0	1.0	0.9046052631578947	0.0	304	304	304	275	29	33624622.0	33624925.0	0.9761513157894737	HIGH	AG	GT	CANONICAL	CANONICAL	504	0	0.0	0	0
GCA_965153755.2	seqoccin.Bt.SAMEA117655820.scaffold	Bos taurus	Bos taurus	Scaffold	ok	exon_3	3	837	0.946236559139785	0.966547192353644	0.946236559139785	0.8825757575757576	0.0	792	792	809	699	93	33627777.0	33628568.0	0.9464503910068427	HIGH	AG	AC	CANONICAL	NONCANONICAL	992	0	0.0	0	0
GCA_965153755.2	seqoccin.Bt.SAMEA117655820.scaffold	Bos taurus	Bos taurus	Scaffold	ok	exon_4	4	213	0.9953051643192489	1.0	0.9953051643192489	0.9056603773584906	0.0	212	212	213	192	20	33635915.0	33636854.0	0.9743024182832847	HIGH	AG	GT	CANONICAL	CANONICAL	1140	0	0.0	0	0
GCA_965153755.2	seqoccin.Bt.SAMEA117655820.scaffold	Bos taurus	Bos taurus	Scaffold	ok	exon_5	5	124	0.9919354838709677	0.9919354838709677	0.9919354838709677	0.9024390243902439	0.0	123	123	123	111	12	33639654.0	33639776.0	0.9719807238394965	HIGH	GA	GT	NONCANONICAL	CANONICAL	323	0	0.0	0	0
GCA_965153755.2	seqoccin.Bt.SAMEA117655820.scaffold	Bos taurus	Bos taurus	Scaffold	ok	exon_6	6	1115	0.9641255605381166	1.0	0.9641255605381166	0.8762790697674419	0.0	1075	1075	1115	942	133	33640601.0	33641676.0	0.9529262696840131	HIGH	AG		CANONICAL	NA	1276	0	0.0	0	0
GCA_965153765.2	seqoccin.Bt.SAMEA117655801.scaffold	Bos taurus	Bos taurus	Scaffold	ok	exon_1	1	194	0.8917525773195877	0.8969072164948454	0.8917525773195877	0.8728323699421965	0.0	173	173	174	151	22	33396417.0	33396589.0	0.9194967522793636	HIGH			NA	NA	373	0	0.0	0	0
GCA_965153765.2	seqoccin.Bt.SAMEA117655801.scaffold	Bos taurus	Bos taurus	Scaffold	ok	exon_2	2	304	1.0	1.0	1.0	0.9078947368421053	0.0	304	304	304	276	28	33399242.0	33399545.0	0.9769736842105263	HIGH	AG	GT	CANONICAL	CANONICAL	504	0	0.0	0	0
GCA_965153765.2	seqoccin.Bt.SAMEA117655801.scaffold	Bos taurus	Bos taurus	Scaffold	ok	exon_3	3	837	0.942652329749104	0.966547192353644	0.942652329749104	0.8846641318124208	0.0	789	789	809	698	91	33402082.0	33402872.0	0.945359581340202	HIGH	AG	AC	CANONICAL	NONCANONICAL	991	0	0.0	0	0
GCA_965153765.2	seqoccin.Bt.SAMEA117655801.scaffold	Bos taurus	Bos taurus	Scaffold	ok	exon_4	4	213	0.9953051643192489	1.0	0.9953051643192489	0.9056603773584906	0.0	212	212	213	192	20	33410220.0	33411159.0	0.9743024182832847	HIGH	AG	GT	CANONICAL	CANONICAL	1140	0	0.0	0	0
GCA_965153765.2	seqoccin.Bt.SAMEA117655801.scaffold	Bos taurus	Bos taurus	Scaffold	ok	exon_5	5	124	0.9919354838709677	0.9919354838709677	0.9919354838709677	0.9024390243902439	0.0	123	123	123	111	12	33413958.0	33414080.0	0.9719807238394965	HIGH	GA	GT	NONCANONICAL	CANONICAL	323	0	0.0	0	0
GCA_965153765.2	seqoccin.Bt.SAMEA117655801.scaffold	Bos taurus	Bos taurus	Scaffold	ok	exon_6	6	1115	0.9641255605381166	1.0	0.9641255605381166	0.8762790697674419	0.0	1075	1075	1115	942	133	33414903.0	33415978.0	0.9529262696840131	HIGH	AG		CANONICAL	NA	1276	0	0.0	0	0
GCA_965153775.2	seqoccin.Bt.SAMEA117655807.scaffold	Bos taurus	Bos taurus	Scaffold	ok	exon_1	1	194	0.8917525773195877	0.8969072164948454	0.8917525773195877	0.8728323699421965	0.0	173	173	174	151	22	36750695.0	36750867.0	0.9194967522793636	HIGH			NA	NA	373	0	0.0	0	0
GCA_965153775.2	seqoccin.Bt.SAMEA117655807.scaffold	Bos taurus	Bos taurus	Scaffold	ok	exon_2	2	304	1.0	1.0	1.0	0.9078947368421053	0.0	304	304	304	276	28	36753520.0	36753823.0	0.9769736842105263	HIGH	AG	GT	CANONICAL	CANONICAL	504	0	0.0	0	0
GCA_965153775.2	seqoccin.Bt.SAMEA117655807.scaffold	Bos taurus	Bos taurus	Scaffold	ok	exon_3	3	837	0.946236559139785	0.966547192353644	0.946236559139785	0.8825757575757576	0.0	792	792	809	699	93	36756675.0	36757466.0	0.9464503910068427	HIGH	AG	AC	CANONICAL	NONCANONICAL	992	0	0.0	0	0
GCA_965153775.2	seqoccin.Bt.SAMEA117655807.scaffold	Bos taurus	Bos taurus	Scaffold	ok	exon_4	4	213	0.9953051643192489	1.0	0.9953051643192489	0.9056603773584906	0.0	212	212	213	192	20	36764811.0	36765750.0	0.9743024182832847	HIGH	AG	GT	CANONICAL	CANONICAL	1140	0	0.0	0	0
GCA_965153775.2	seqoccin.Bt.SAMEA117655807.scaffold	Bos taurus	Bos taurus	Scaffold	ok	exon_5	5	124	0.9919354838709677	0.9919354838709677	0.9919354838709677	0.9024390243902439	0.0	123	123	123	111	12	36768549.0	36768671.0	0.9719807238394965	HIGH	GA	GT	NONCANONICAL	CANONICAL	323	0	0.0	0	0
GCA_965153775.2	seqoccin.Bt.SAMEA117655807.scaffold	Bos taurus	Bos taurus	Scaffold	ok	exon_6	6	1115	0.9641255605381166	1.0	0.9641255605381166	0.8762790697674419	0.0	1075	1075	1115	942	133	36769496.0	36770571.0	0.9529262696840131	HIGH	AG		CANONICAL	NA	1276	0	0.0	0	0
GCA_965153785.2	seqoccin.Bt.SAMEA117655828.scaffold	Bos taurus	Bos taurus	Scaffold	ok	exon_1	1	194	0.8917525773195877	0.8969072164948454	0.8917525773195877	0.8728323699421965	0.0	173	173	174	151	22	33752344.0	33752516.0	0.9194967522793636	HIGH			NA	NA	373	0	0.0	0	0
GCA_965153785.2	seqoccin.Bt.SAMEA117655828.scaffold	Bos taurus	Bos taurus	Scaffold	ok	exon_2	2	304	1.0	1.0	1.0	0.9078947368421053	0.0	304	304	304	276	28	33755170.0	33755473.0	0.9769736842105263	HIGH	AG	GT	CANONICAL	CANONICAL	504	0	0.0	0	0
GCA_965153785.2	seqoccin.Bt.SAMEA117655828.scaffold	Bos taurus	Bos taurus	Scaffold	ok	exon_3	3	837	0.946236559139785	0.966547192353644	0.946236559139785	0.8825757575757576	0.0	792	792	809	699	93	33758325.0	33759116.0	0.9464503910068427	HIGH	AG	AC	CANONICAL	NONCANONICAL	992	0	0.0	0	0
GCA_965153785.2	seqoccin.Bt.SAMEA117655828.scaffold	Bos taurus	Bos taurus	Scaffold	ok	exon_4	4	213	0.9953051643192489	1.0	0.9953051643192489	0.9056603773584906	0.0	212	212	213	192	20	33766463.0	33767402.0	0.9743024182832847	HIGH	AG	GT	CANONICAL	CANONICAL	1140	0	0.0	0	0
GCA_965153785.2	seqoccin.Bt.SAMEA117655828.scaffold	Bos taurus	Bos taurus	Scaffold	ok	exon_5	5	124	0.9596774193548387	0.9596774193548387	0.9596774193548387	0.8991596638655462	0.0	119	119	119	107	12	33770202.0	33770320.0	0.956644754676064	HIGH	GA	GT	NONCANONICAL	CANONICAL	319	0	0.0	0	0
GCA_965153785.2	seqoccin.Bt.SAMEA117655828.scaffold	Bos taurus	Bos taurus	Scaffold	ok	exon_6	6	1115	0.9641255605381166	1.0	0.9641255605381166	0.8762790697674419	0.0	1075	1075	1115	942	133	33771145.0	33772220.0	0.9529262696840131	HIGH	AG		CANONICAL	NA	1276	0	0.0	0	0
GCA_965153795.2	seqoccin.Bt.SAMEA117655819.scaffold	Bos taurus	Bos taurus	Scaffold	ok	exon_1	1	194	0.8917525773195877	0.8969072164948454	0.8917525773195877	0.8728323699421965	0.0	173	173	174	151	22	33788416.0	33788588.0	0.9194967522793636	HIGH			NA	NA	373	0	0.0	0	0
GCA_965153795.2	seqoccin.Bt.SAMEA117655819.scaffold	Bos taurus	Bos taurus	Scaffold	ok	exon_2	2	304	1.0	1.0	1.0	0.9046052631578947	0.0	304	304	304	275	29	33791242.0	33791545.0	0.9761513157894737	HIGH	AG	GT	CANONICAL	CANONICAL	504	0	0.0	0	0
GCA_965153795.2	seqoccin.Bt.SAMEA117655819.scaffold	Bos taurus	Bos taurus	Scaffold	ok	exon_3	3	837	0.946236559139785	0.966547192353644	0.946236559139785	0.8825757575757576	0.0	792	792	809	699	93	33794397.0	33795188.0	0.9464503910068427	HIGH	AG	AC	CANONICAL	NONCANONICAL	992	0	0.0	0	0
GCA_965153795.2	seqoccin.Bt.SAMEA117655819.scaffold	Bos taurus	Bos taurus	Scaffold	ok	exon_4	4	213	0.9953051643192489	1.0	0.9953051643192489	0.9056603773584906	0.0	212	212	213	192	20	33802548.0	33803487.0	0.9743024182832847	HIGH	AG	GT	CANONICAL	CANONICAL	1140	0	0.0	0	0
GCA_965153795.2	seqoccin.Bt.SAMEA117655819.scaffold	Bos taurus	Bos taurus	Scaffold	ok	exon_5	5	124	0.9919354838709677	0.9919354838709677	0.9919354838709677	0.9024390243902439	0.0	123	123	123	111	12	33806309.0	33806431.0	0.9719807238394965	HIGH	GA	GT	NONCANONICAL	CANONICAL	323	0	0.0	0	0
GCA_965153795.2	seqoccin.Bt.SAMEA117655819.scaffold	Bos taurus	Bos taurus	Scaffold	ok	exon_6	6	1115	0.9641255605381166	1.0	0.9641255605381166	0.8734883720930232	0.0	1075	1075	1115	939	136	33807256.0	33808331.0	0.9522285952654084	HIGH	AG		CANONICAL	NA	1276	0	0.0	0	0
GCA_965153805.2	seqoccin.Bt.SAMEA117655817.scaffold	Bos taurus	Bos taurus	Scaffold	ok	exon_1	1	194	0.8917525773195877	0.8969072164948454	0.8917525773195877	0.8728323699421965	0.0	173	173	174	151	22	34761404.0	34761576.0	0.9194967522793636	HIGH			NA	NA	373	0	0.0	0	0
GCA_965153805.2	seqoccin.Bt.SAMEA117655817.scaffold	Bos taurus	Bos taurus	Scaffold	ok	exon_2	2	304	1.0	1.0	1.0	0.9078947368421053	0.0	304	304	304	276	28	34764231.0	34764534.0	0.9769736842105263	HIGH	AG	GT	CANONICAL	CANONICAL	504	0	0.0	0	0
GCA_965153805.2	seqoccin.Bt.SAMEA117655817.scaffold	Bos taurus	Bos taurus	Scaffold	ok	exon_3	3	837	0.942652329749104	0.966547192353644	0.942652329749104	0.8846641318124208	0.0	789	789	809	698	91	34767071.0	34767861.0	0.945359581340202	HIGH	AG	AC	CANONICAL	NONCANONICAL	991	0	0.0	0	0
GCA_965153805.2	seqoccin.Bt.SAMEA117655817.scaffold	Bos taurus	Bos taurus	Scaffold	ok	exon_4	4	213	0.9953051643192489	1.0	0.9953051643192489	0.9056603773584906	0.0	212	212	213	192	20	34775222.0	34776161.0	0.9743024182832847	HIGH	AG	GT	CANONICAL	CANONICAL	1140	0	0.0	0	0
GCA_965153805.2	seqoccin.Bt.SAMEA117655817.scaffold	Bos taurus	Bos taurus	Scaffold	ok	exon_5	5	124	0.9596774193548387	0.9596774193548387	0.9596774193548387	0.8991596638655462	0.0	119	119	119	107	12	34778982.0	34779100.0	0.956644754676064	HIGH	GA	GT	NONCANONICAL	CANONICAL	319	0	0.0	0	0
GCA_965153805.2	seqoccin.Bt.SAMEA117655817.scaffold	Bos taurus	Bos taurus	Scaffold	ok	exon_6	6	1115	0.9641255605381166	1.0	0.9641255605381166	0.8734883720930232	0.0	1075	1075	1115	939	136	34779926.0	34781001.0	0.9522285952654084	HIGH	AG		CANONICAL	NA	1276	0	0.0	0	0
GCA_965153815.2	seqoccin.Bt.SAMEA117655810.scaffold	Bos taurus	Bos taurus	Scaffold	ok	exon_1	1	194	0.8917525773195877	0.8969072164948454	0.8917525773195877	0.8728323699421965	0.0	173	173	174	151	22	33822066.0	33822238.0	0.9194967522793636	HIGH			NA	NA	373	0	0.0	0	0
GCA_965153815.2	seqoccin.Bt.SAMEA117655810.scaffold	Bos taurus	Bos taurus	Scaffold	ok	exon_2	2	304	1.0	1.0	1.0	0.9078947368421053	0.0	304	304	304	276	28	33824891.0	33825194.0	0.9769736842105263	HIGH	AG	GT	CANONICAL	CANONICAL	504	0	0.0	0	0
GCA_965153815.2	seqoccin.Bt.SAMEA117655810.scaffold	Bos taurus	Bos taurus	Scaffold	ok	exon_3	3	837	0.946236559139785	0.966547192353644	0.946236559139785	0.8813131313131313	0.0	792	792	809	698	94	33828046.0	33828837.0	0.9461347344411861	HIGH	AG	AC	CANONICAL	NONCANONICAL	992	0	0.0	0	0
GCA_965153815.2	seqoccin.Bt.SAMEA117655810.scaffold	Bos taurus	Bos taurus	Scaffold	ok	exon_4	4	213	0.9953051643192489	1.0	0.9953051643192489	0.9056603773584906	0.0	212	212	213	192	20	33836184.0	33837123.0	0.9743024182832847	HIGH	AG	GT	CANONICAL	CANONICAL	1140	0	0.0	0	0
GCA_965153815.2	seqoccin.Bt.SAMEA117655810.scaffold	Bos taurus	Bos taurus	Scaffold	ok	exon_5	5	124	0.9919354838709677	0.9919354838709677	0.9919354838709677	0.9024390243902439	0.0	123	123	123	111	12	33839923.0	33840045.0	0.9719807238394965	HIGH	GA	GT	NONCANONICAL	CANONICAL	323	0	0.0	0	0
GCA_965153815.2	seqoccin.Bt.SAMEA117655810.scaffold	Bos taurus	Bos taurus	Scaffold	ok	exon_6	6	1115	0.9641255605381166	1.0	0.9641255605381166	0.8762790697674419	0.0	1075	1075	1115	942	133	33840870.0	33841945.0	0.9529262696840131	HIGH	AG		CANONICAL	NA	1276	0	0.0	0	0
GCA_965153825.2	seqoccin.Bt.SAMEA117655781.scaffold	Bos taurus	Bos taurus	Scaffold	ok	exon_1	1	194	0.8917525773195877	0.8969072164948454	0.8917525773195877	0.8728323699421965	0.0	173	173	174	151	22	32509356.0	32509528.0	0.9194967522793636	HIGH			NA	NA	373	0	0.0	0	0
GCA_965153825.2	seqoccin.Bt.SAMEA117655781.scaffold	Bos taurus	Bos taurus	Scaffold	ok	exon_2	2	304	1.0	1.0	1.0	0.9078947368421053	0.0	304	304	304	276	28	32512182.0	32512485.0	0.9769736842105263	HIGH	AG	GT	CANONICAL	CANONICAL	504	0	0.0	0	0
GCA_965153825.2	seqoccin.Bt.SAMEA117655781.scaffold	Bos taurus	Bos taurus	Scaffold	ok	exon_3	3	837	0.946236559139785	0.966547192353644	0.946236559139785	0.8813131313131313	0.0	792	792	809	698	94	32515337.0	32516128.0	0.9461347344411861	HIGH	AG	AC	CANONICAL	NONCANONICAL	992	0	0.0	0	0
GCA_965153825.2	seqoccin.Bt.SAMEA117655781.scaffold	Bos taurus	Bos taurus	Scaffold	ok	exon_4	4	213	0.9953051643192489	1.0	0.9953051643192489	0.9056603773584906	0.0	212	212	213	192	20	32523475.0	32524414.0	0.9743024182832847	HIGH	AG	GT	CANONICAL	CANONICAL	1140	0	0.0	0	0
GCA_965153825.2	seqoccin.Bt.SAMEA117655781.scaffold	Bos taurus	Bos taurus	Scaffold	ok	exon_5	5	124	0.9919354838709677	0.9919354838709677	0.9919354838709677	0.9024390243902439	0.0	123	123	123	111	12	32527214.0	32527336.0	0.9719807238394965	HIGH	GA	GT	NONCANONICAL	CANONICAL	323	0	0.0	0	0
GCA_965153825.2	seqoccin.Bt.SAMEA117655781.scaffold	Bos taurus	Bos taurus	Scaffold	ok	exon_6	6	1115	0.9641255605381166	1.0	0.9641255605381166	0.8762790697674419	0.0	1075	1075	1115	942	133	32528161.0	32529236.0	0.9529262696840131	HIGH	AG		CANONICAL	NA	1276	0	0.0	0	0
GCA_965153855.2	seqoccin.Bt.SAMEA117655815.scaffold	Bos taurus	Bos taurus	Scaffold	ok	exon_1	1	194	0.8917525773195877	0.8969072164948454	0.8917525773195877	0.8728323699421965	0.0	173	173	174	151	22	38200125.0	38200297.0	0.9194967522793636	HIGH			NA	NA	373	0	0.0	0	0
GCA_965153855.2	seqoccin.Bt.SAMEA117655815.scaffold	Bos taurus	Bos taurus	Scaffold	ok	exon_2	2	304	1.0	1.0	1.0	0.9078947368421053	0.0	304	304	304	276	28	38202950.0	38203253.0	0.9769736842105263	HIGH	AG	GT	CANONICAL	CANONICAL	504	0	0.0	0	0
GCA_965153855.2	seqoccin.Bt.SAMEA117655815.scaffold	Bos taurus	Bos taurus	Scaffold	ok	exon_3	3	837	0.942652329749104	0.966547192353644	0.942652329749104	0.8846641318124208	0.0	789	789	809	698	91	38206105.0	38206895.0	0.945359581340202	HIGH	AG	AC	CANONICAL	NONCANONICAL	991	0	0.0	0	0
GCA_965153855.2	seqoccin.Bt.SAMEA117655815.scaffold	Bos taurus	Bos taurus	Scaffold	ok	exon_4	4	213	0.9953051643192489	1.0	0.9953051643192489	0.9056603773584906	0.0	212	212	213	192	20	38214243.0	38215182.0	0.9743024182832847	HIGH	AG	GT	CANONICAL	CANONICAL	1140	0	0.0	0	0
GCA_965153855.2	seqoccin.Bt.SAMEA117655815.scaffold	Bos taurus	Bos taurus	Scaffold	ok	exon_5	5	124	0.9919354838709677	0.9919354838709677	0.9919354838709677	0.9024390243902439	0.0	123	123	123	111	12	38218003.0	38218125.0	0.9719807238394965	HIGH	GA	GT	NONCANONICAL	CANONICAL	323	0	0.0	0	0
GCA_965153855.2	seqoccin.Bt.SAMEA117655815.scaffold	Bos taurus	Bos taurus	Scaffold	ok	exon_6	6	1115	0.9641255605381166	1.0	0.9641255605381166	0.8744186046511628	0.0	1075	1075	1115	940	135	38218951.0	38220026.0	0.9524611534049432	HIGH	AG		CANONICAL	NA	1276	0	0.0	0	0
GCA_965153875.2	seqoccin.Bt.SAMEA117655834.scaffold	Bos taurus	Bos taurus	Scaffold	ok	exon_1	1	194	0.8917525773195877	0.8969072164948454	0.8917525773195877	0.8728323699421965	0.0	173	173	174	151	22	32922441.0	32922613.0	0.9194967522793636	HIGH			NA	NA	373	0	0.0	0	0
GCA_965153875.2	seqoccin.Bt.SAMEA117655834.scaffold	Bos taurus	Bos taurus	Scaffold	ok	exon_2	2	304	1.0	1.0	1.0	0.9046052631578947	0.0	304	304	304	275	29	32925266.0	32925569.0	0.9761513157894737	HIGH	AG	GT	CANONICAL	CANONICAL	504	0	0.0	0	0
GCA_965153875.2	seqoccin.Bt.SAMEA117655834.scaffold	Bos taurus	Bos taurus	Scaffold	ok	exon_3	3	837	0.946236559139785	0.966547192353644	0.946236559139785	0.8825757575757576	0.0	792	792	809	699	93	32928221.0	32929012.0	0.9464503910068427	HIGH	AG	AC	CANONICAL	NONCANONICAL	992	0	0.0	0	0
GCA_965153875.2	seqoccin.Bt.SAMEA117655834.scaffold	Bos taurus	Bos taurus	Scaffold	ok	exon_4	4	213	0.9953051643192489	1.0	0.9953051643192489	0.9056603773584906	0.0	212	212	213	192	20	32936360.0	32937299.0	0.9743024182832847	HIGH	AG	GT	CANONICAL	CANONICAL	1140	0	0.0	0	0
GCA_965153875.2	seqoccin.Bt.SAMEA117655834.scaffold	Bos taurus	Bos taurus	Scaffold	ok	exon_5	5	124	0.9919354838709677	0.9919354838709677	0.9919354838709677	0.9024390243902439	0.0	123	123	123	111	12	32940099.0	32940221.0	0.9719807238394965	HIGH	GA	GT	NONCANONICAL	CANONICAL	323	0	0.0	0	0
GCA_965153875.2	seqoccin.Bt.SAMEA117655834.scaffold	Bos taurus	Bos taurus	Scaffold	ok	exon_6	6	1115	0.9641255605381166	1.0	0.9641255605381166	0.8762790697674419	0.0	1075	1075	1115	942	133	32941046.0	32942121.0	0.9529262696840131	HIGH	AG		CANONICAL	NA	1276	0	0.0	0	0
GCA_965153885.2	seqoccin.Bt.SAMEA117655792.scaffold	Bos taurus	Bos taurus	Scaffold	ok	exon_1	1	194	0.8917525773195877	0.8969072164948454	0.8917525773195877	0.8728323699421965	0.0	173	173	174	151	22	33909373.0	33909545.0	0.9194967522793636	HIGH			NA	NA	373	0	0.0	0	0
GCA_965153885.2	seqoccin.Bt.SAMEA117655792.scaffold	Bos taurus	Bos taurus	Scaffold	ok	exon_2	2	304	1.0	1.0	1.0	0.9046052631578947	0.0	304	304	304	275	29	33912200.0	33912503.0	0.9761513157894737	HIGH	AG	GT	CANONICAL	CANONICAL	504	0	0.0	0	0
GCA_965153885.2	seqoccin.Bt.SAMEA117655792.scaffold	Bos taurus	Bos taurus	Scaffold	ok	exon_3	3	837	0.946236559139785	0.966547192353644	0.946236559139785	0.8825757575757576	0.0	792	792	809	699	93	33915040.0	33915831.0	0.9464503910068427	HIGH	AG	AC	CANONICAL	NONCANONICAL	992	0	0.0	0	0
GCA_965153885.2	seqoccin.Bt.SAMEA117655792.scaffold	Bos taurus	Bos taurus	Scaffold	ok	exon_4	4	213	0.9953051643192489	1.0	0.9953051643192489	0.9056603773584906	0.0	212	212	213	192	20	33923190.0	33924129.0	0.9743024182832847	HIGH	AG	GT	CANONICAL	CANONICAL	1140	0	0.0	0	0
GCA_965153885.2	seqoccin.Bt.SAMEA117655792.scaffold	Bos taurus	Bos taurus	Scaffold	ok	exon_5	5	124	0.9596774193548387	0.9596774193548387	0.9596774193548387	0.8991596638655462	0.0	119	119	119	107	12	33926951.0	33927069.0	0.956644754676064	HIGH	GA	GT	NONCANONICAL	CANONICAL	319	0	0.0	0	0
GCA_965153885.2	seqoccin.Bt.SAMEA117655792.scaffold	Bos taurus	Bos taurus	Scaffold	ok	exon_6	6	1115	0.9641255605381166	1.0	0.9641255605381166	0.8734883720930232	0.0	1075	1075	1115	939	136	33927895.0	33928970.0	0.9522285952654084	HIGH	AG		CANONICAL	NA	1276	0	0.0	0	0
GCA_965153895.2	seqoccin.Bt.SAMEA117655825.scaffold	Bos taurus	Bos taurus	Scaffold	ok	exon_1	1	194	0.8917525773195877	0.8969072164948454	0.8917525773195877	0.8728323699421965	0.0	173	173	174	151	22	33681921.0	33682093.0	0.9194967522793636	HIGH			NA	NA	373	0	0.0	0	0
GCA_965153895.2	seqoccin.Bt.SAMEA117655825.scaffold	Bos taurus	Bos taurus	Scaffold	ok	exon_2	2	304	1.0	1.0	1.0	0.9078947368421053	0.0	304	304	304	276	28	33684747.0	33685050.0	0.9769736842105263	HIGH	AG	GT	CANONICAL	CANONICAL	504	0	0.0	0	0
GCA_965153895.2	seqoccin.Bt.SAMEA117655825.scaffold	Bos taurus	Bos taurus	Scaffold	ok	exon_3	3	837	0.946236559139785	0.966547192353644	0.946236559139785	0.8825757575757576	0.0	792	792	809	699	93	33687902.0	33688693.0	0.9464503910068427	HIGH	AG	AC	CANONICAL	NONCANONICAL	992	0	0.0	0	0
GCA_965153895.2	seqoccin.Bt.SAMEA117655825.scaffold	Bos taurus	Bos taurus	Scaffold	ok	exon_4	4	213	0.9953051643192489	1.0	0.9953051643192489	0.9056603773584906	0.0	212	212	213	192	20	33696037.0	33696976.0	0.9743024182832847	HIGH	AG	GT	CANONICAL	CANONICAL	1140	0	0.0	0	0
GCA_965153895.2	seqoccin.Bt.SAMEA117655825.scaffold	Bos taurus	Bos taurus	Scaffold	ok	exon_5	5	124	0.9596774193548387	0.9596774193548387	0.9596774193548387	0.8991596638655462	0.0	119	119	119	107	12	33699799.0	33699917.0	0.956644754676064	HIGH	GA	GT	NONCANONICAL	CANONICAL	319	0	0.0	0	0
GCA_965153895.2	seqoccin.Bt.SAMEA117655825.scaffold	Bos taurus	Bos taurus	Scaffold	ok	exon_6	6	1115	0.9641255605381166	1.0	0.9641255605381166	0.8790697674418605	0.0	1075	1075	1115	945	130	33700743.0	33701818.0	0.9536239441026176	HIGH	AG		CANONICAL	NA	1276	0	0.0	0	0
GCA_965153905.2	seqoccin.Bt.SAMEA117655785.scaffold	Bos taurus	Bos taurus	Scaffold	ok	exon_1	1	194	0.8917525773195877	0.8969072164948454	0.8917525773195877	0.8728323699421965	0.0	173	173	174	151	22	33557487.0	33557659.0	0.9194967522793636	HIGH			NA	NA	373	0	0.0	0	0
GCA_965153905.2	seqoccin.Bt.SAMEA117655785.scaffold	Bos taurus	Bos taurus	Scaffold	ok	exon_2	2	304	1.0	1.0	1.0	0.9078947368421053	0.0	304	304	304	276	28	33560312.0	33560615.0	0.9769736842105263	HIGH	AG	GT	CANONICAL	CANONICAL	504	0	0.0	0	0
GCA_965153905.2	seqoccin.Bt.SAMEA117655785.scaffold	Bos taurus	Bos taurus	Scaffold	ok	exon_3	3	837	0.946236559139785	0.966547192353644	0.946236559139785	0.8813131313131313	0.0	792	792	809	698	94	33563467.0	33564258.0	0.9461347344411861	HIGH	AG	AC	CANONICAL	NONCANONICAL	992	0	0.0	0	0
GCA_965153905.2	seqoccin.Bt.SAMEA117655785.scaffold	Bos taurus	Bos taurus	Scaffold	ok	exon_4	4	213	0.9953051643192489	1.0	0.9953051643192489	0.9056603773584906	0.0	212	212	213	192	20	33571605.0	33572544.0	0.9743024182832847	HIGH	AG	GT	CANONICAL	CANONICAL	1140	0	0.0	0	0
GCA_965153905.2	seqoccin.Bt.SAMEA117655785.scaffold	Bos taurus	Bos taurus	Scaffold	ok	exon_5	5	124	0.9919354838709677	0.9919354838709677	0.9919354838709677	0.9024390243902439	0.0	123	123	123	111	12	33575343.0	33575465.0	0.9719807238394965	HIGH	GA	GT	NONCANONICAL	CANONICAL	323	0	0.0	0	0
GCA_965153905.2	seqoccin.Bt.SAMEA117655785.scaffold	Bos taurus	Bos taurus	Scaffold	ok	exon_6	6	1115	0.9641255605381166	1.0	0.9641255605381166	0.8744186046511628	0.0	1075	1075	1115	940	135	33576290.0	33577365.0	0.9524611534049432	HIGH	AG		CANONICAL	NA	1276	0	0.0	0	0
GCA_965153915.2	seqoccin.Bt.SAMEA117655788.scaffold	Bos taurus	Bos taurus	Scaffold	ok	exon_1	1	194	0.8917525773195877	0.8969072164948454	0.8917525773195877	0.8728323699421965	0.0	173	173	174	151	22	33821431.0	33821603.0	0.9194967522793636	HIGH			NA	NA	373	0	0.0	0	0
GCA_965153915.2	seqoccin.Bt.SAMEA117655788.scaffold	Bos taurus	Bos taurus	Scaffold	ok	exon_2	2	304	1.0	1.0	1.0	0.9046052631578947	0.0	304	304	304	275	29	33824256.0	33824559.0	0.9761513157894737	HIGH	AG	GT	CANONICAL	CANONICAL	504	0	0.0	0	0
GCA_965153915.2	seqoccin.Bt.SAMEA117655788.scaffold	Bos taurus	Bos taurus	Scaffold	ok	exon_3	3	837	0.946236559139785	0.966547192353644	0.946236559139785	0.8825757575757576	0.0	792	792	809	699	93	33827411.0	33828202.0	0.9464503910068427	HIGH	AG	AC	CANONICAL	NONCANONICAL	992	0	0.0	0	0
GCA_965153915.2	seqoccin.Bt.SAMEA117655788.scaffold	Bos taurus	Bos taurus	Scaffold	ok	exon_4	4	213	0.9953051643192489	1.0	0.9953051643192489	0.9056603773584906	0.0	212	212	213	192	20	33835548.0	33836487.0	0.9743024182832847	HIGH	AG	GT	CANONICAL	CANONICAL	1140	0	0.0	0	0
GCA_965153915.2	seqoccin.Bt.SAMEA117655788.scaffold	Bos taurus	Bos taurus	Scaffold	ok	exon_5	5	124	0.9919354838709677	0.9919354838709677	0.9919354838709677	0.9024390243902439	0.0	123	123	123	111	12	33839308.0	33839430.0	0.9719807238394965	HIGH	GA	GT	NONCANONICAL	CANONICAL	323	0	0.0	0	0
GCA_965153915.2	seqoccin.Bt.SAMEA117655788.scaffold	Bos taurus	Bos taurus	Scaffold	ok	exon_6	6	1115	0.9641255605381166	1.0	0.9641255605381166	0.8744186046511628	0.0	1075	1075	1115	940	135	33840256.0	33841331.0	0.9524611534049432	HIGH	AG		CANONICAL	NA	1276	0	0.0	0	0
GCA_965153925.2	seqoccin.Bt.SAMEA117655818.scaffold	Bos taurus	Bos taurus	Scaffold	ok	exon_1	1	194	0.8917525773195877	0.8969072164948454	0.8917525773195877	0.8728323699421965	0.0	173	173	174	151	22	31928689.0	31928861.0	0.9194967522793636	HIGH			NA	NA	373	0	0.0	0	0
GCA_965153925.2	seqoccin.Bt.SAMEA117655818.scaffold	Bos taurus	Bos taurus	Scaffold	ok	exon_2	2	304	1.0	1.0	1.0	0.9078947368421053	0.0	304	304	304	276	28	31931515.0	31931818.0	0.9769736842105263	HIGH	AG	GT	CANONICAL	CANONICAL	504	0	0.0	0	0
GCA_965153925.2	seqoccin.Bt.SAMEA117655818.scaffold	Bos taurus	Bos taurus	Scaffold	ok	exon_3	3	837	0.942652329749104	0.966547192353644	0.942652329749104	0.8846641318124208	0.0	789	789	809	698	91	31934670.0	31935460.0	0.945359581340202	HIGH	AG	AC	CANONICAL	NONCANONICAL	991	0	0.0	0	0
GCA_965153925.2	seqoccin.Bt.SAMEA117655818.scaffold	Bos taurus	Bos taurus	Scaffold	ok	exon_4	4	213	0.9953051643192489	1.0	0.9953051643192489	0.9056603773584906	0.0	212	212	213	192	20	31942806.0	31943745.0	0.9743024182832847	HIGH	AG	GT	CANONICAL	CANONICAL	1140	0	0.0	0	0
GCA_965153925.2	seqoccin.Bt.SAMEA117655818.scaffold	Bos taurus	Bos taurus	Scaffold	ok	exon_5	5	124	0.9919354838709677	0.9919354838709677	0.9919354838709677	0.9024390243902439	0.0	123	123	123	111	12	31946545.0	31946667.0	0.9719807238394965	HIGH	GA	GT	NONCANONICAL	CANONICAL	323	0	0.0	0	0
GCA_965153925.2	seqoccin.Bt.SAMEA117655818.scaffold	Bos taurus	Bos taurus	Scaffold	ok	exon_6	6	1115	0.9641255605381166	1.0	0.9641255605381166	0.8753488372093023	0.0	1075	1075	1115	941	134	31947492.0	31948567.0	0.9526937115444781	HIGH	AG		CANONICAL	NA	1276	0	0.0	0	0
GCA_965153935.2	seqoccin.Bt.SAMEA117655804.scaffold	Bos taurus	Bos taurus	Scaffold	ok	exon_1	1	194	0.8917525773195877	0.8969072164948454	0.8917525773195877	0.8728323699421965	0.0	173	173	174	151	22	33735180.0	33735352.0	0.9194967522793636	HIGH			NA	NA	373	0	0.0	0	0
GCA_965153935.2	seqoccin.Bt.SAMEA117655804.scaffold	Bos taurus	Bos taurus	Scaffold	ok	exon_2	2	304	1.0	1.0	1.0	0.9078947368421053	0.0	304	304	304	276	28	33738005.0	33738308.0	0.9769736842105263	HIGH	AG	GT	CANONICAL	CANONICAL	504	0	0.0	0	0
GCA_965153935.2	seqoccin.Bt.SAMEA117655804.scaffold	Bos taurus	Bos taurus	Scaffold	ok	exon_3	3	837	0.946236559139785	0.966547192353644	0.946236559139785	0.8813131313131313	0.0	792	792	809	698	94	33741160.0	33741951.0	0.9461347344411861	HIGH	AG	AC	CANONICAL	NONCANONICAL	992	0	0.0	0	0
GCA_965153935.2	seqoccin.Bt.SAMEA117655804.scaffold	Bos taurus	Bos taurus	Scaffold	ok	exon_4	4	213	0.9953051643192489	1.0	0.9953051643192489	0.9056603773584906	0.0	212	212	213	192	20	33749298.0	33750237.0	0.9743024182832847	HIGH	AG	GT	CANONICAL	CANONICAL	1140	0	0.0	0	0
GCA_965153935.2	seqoccin.Bt.SAMEA117655804.scaffold	Bos taurus	Bos taurus	Scaffold	ok	exon_5	5	124	0.9919354838709677	0.9919354838709677	0.9919354838709677	0.9024390243902439	0.0	123	123	123	111	12	33753037.0	33753159.0	0.9719807238394965	HIGH	GA	GT	NONCANONICAL	CANONICAL	323	0	0.0	0	0
GCA_965153935.2	seqoccin.Bt.SAMEA117655804.scaffold	Bos taurus	Bos taurus	Scaffold	ok	exon_6	6	1115	0.9641255605381166	1.0	0.9641255605381166	0.8762790697674419	0.0	1075	1075	1115	942	133	33753984.0	33755059.0	0.9529262696840131	HIGH	AG		CANONICAL	NA	1276	0	0.0	0	0
GCA_965153945.2	seqoccin.Bt.SAMEA117655779.scaffold	Bos taurus	Bos taurus	Scaffold	ok	exon_1	1	194	0.8917525773195877	0.8969072164948454	0.8917525773195877	0.8728323699421965	0.0	173	173	174	151	22	33751672.0	33751844.0	0.9194967522793636	HIGH			NA	NA	373	0	0.0	0	0
GCA_965153945.2	seqoccin.Bt.SAMEA117655779.scaffold	Bos taurus	Bos taurus	Scaffold	ok	exon_2	2	304	1.0	1.0	1.0	0.9046052631578947	0.0	304	304	304	275	29	33754498.0	33754801.0	0.9761513157894737	HIGH	AG	GT	CANONICAL	CANONICAL	504	0	0.0	0	0
GCA_965153945.2	seqoccin.Bt.SAMEA117655779.scaffold	Bos taurus	Bos taurus	Scaffold	ok	exon_3	3	837	0.946236559139785	0.966547192353644	0.946236559139785	0.8825757575757576	0.0	792	792	809	699	93	33757653.0	33758444.0	0.9464503910068427	HIGH	AG	AC	CANONICAL	NONCANONICAL	992	0	0.0	0	0
GCA_965153945.2	seqoccin.Bt.SAMEA117655779.scaffold	Bos taurus	Bos taurus	Scaffold	ok	exon_4	4	213	0.9953051643192489	1.0	0.9953051643192489	0.9056603773584906	0.0	212	212	213	192	20	33765791.0	33766730.0	0.9743024182832847	HIGH	AG	GT	CANONICAL	CANONICAL	1140	0	0.0	0	0
GCA_965153945.2	seqoccin.Bt.SAMEA117655779.scaffold	Bos taurus	Bos taurus	Scaffold	ok	exon_5	5	124	0.9919354838709677	0.9919354838709677	0.9919354838709677	0.9024390243902439	0.0	123	123	123	111	12	33769551.0	33769673.0	0.9719807238394965	HIGH	GA	GT	NONCANONICAL	CANONICAL	323	0	0.0	0	0
GCA_965153945.2	seqoccin.Bt.SAMEA117655779.scaffold	Bos taurus	Bos taurus	Scaffold	ok	exon_6	6	1115	0.9641255605381166	1.0	0.9641255605381166	0.8762790697674419	0.0	1075	1075	1115	942	133	33770498.0	33771573.0	0.9529262696840131	HIGH	AG		CANONICAL	NA	1276	0	0.0	0	0
GCA_965153965.2	seqoccin.Bt.SAMEA117655789.scaffold	Bos taurus	Bos taurus	Scaffold	ok	exon_1	1	194	0.8917525773195877	0.8969072164948454	0.8917525773195877	0.8728323699421965	0.0	173	173	174	151	22	32724334.0	32724506.0	0.9194967522793636	HIGH			NA	NA	373	0	0.0	0	0
GCA_965153965.2	seqoccin.Bt.SAMEA117655789.scaffold	Bos taurus	Bos taurus	Scaffold	ok	exon_2	2	304	1.0	1.0	1.0	0.9078947368421053	0.0	304	304	304	276	28	32727159.0	32727462.0	0.9769736842105263	HIGH	AG	GT	CANONICAL	CANONICAL	504	0	0.0	0	0
GCA_965153965.2	seqoccin.Bt.SAMEA117655789.scaffold	Bos taurus	Bos taurus	Scaffold	ok	exon_3	3	837	0.942652329749104	0.966547192353644	0.942652329749104	0.8859315589353612	0.0	789	789	809	699	90	32729999.0	32730789.0	0.9456764381209372	HIGH	AG	AC	CANONICAL	NONCANONICAL	991	0	0.0	0	0
GCA_965153965.2	seqoccin.Bt.SAMEA117655789.scaffold	Bos taurus	Bos taurus	Scaffold	ok	exon_4	4	213	0.9953051643192489	1.0	0.9953051643192489	0.9056603773584906	0.0	212	212	213	192	20	32738138.0	32739077.0	0.9743024182832847	HIGH	AG	GT	CANONICAL	CANONICAL	1140	0	0.0	0	0
GCA_965153965.2	seqoccin.Bt.SAMEA117655789.scaffold	Bos taurus	Bos taurus	Scaffold	ok	exon_5	5	124	0.9919354838709677	0.9919354838709677	0.9919354838709677	0.9024390243902439	0.0	123	123	123	111	12	32741877.0	32741999.0	0.9719807238394965	HIGH	GA	GT	NONCANONICAL	CANONICAL	323	0	0.0	0	0
GCA_965153965.2	seqoccin.Bt.SAMEA117655789.scaffold	Bos taurus	Bos taurus	Scaffold	ok	exon_6	6	1115	0.9641255605381166	1.0	0.9641255605381166	0.8762790697674419	0.0	1075	1075	1115	942	133	32742822.0	32743897.0	0.9529262696840131	HIGH	AG		CANONICAL	NA	1276	0	0.0	0	0
GCA_965153975.2	seqoccin.Bt.SAMEA117655791.scaffold	Bos taurus	Bos taurus	Scaffold	ok	exon_1	1	194	0.8917525773195877	0.8969072164948454	0.8917525773195877	0.8728323699421965	0.0	173	173	174	151	22	33862664.0	33862836.0	0.9194967522793636	HIGH			NA	NA	373	0	0.0	0	0
GCA_965153975.2	seqoccin.Bt.SAMEA117655791.scaffold	Bos taurus	Bos taurus	Scaffold	ok	exon_2	2	304	1.0	1.0	1.0	0.9046052631578947	0.0	304	304	304	275	29	33865489.0	33865792.0	0.9761513157894737	HIGH	AG	GT	CANONICAL	CANONICAL	504	0	0.0	0	0
GCA_965153975.2	seqoccin.Bt.SAMEA117655791.scaffold	Bos taurus	Bos taurus	Scaffold	ok	exon_3	3	837	0.946236559139785	0.966547192353644	0.946236559139785	0.8825757575757576	0.0	792	792	809	699	93	33868644.0	33869435.0	0.9464503910068427	HIGH	AG	AC	CANONICAL	NONCANONICAL	992	0	0.0	0	0
GCA_965153975.2	seqoccin.Bt.SAMEA117655791.scaffold	Bos taurus	Bos taurus	Scaffold	ok	exon_4	4	213	0.9953051643192489	1.0	0.9953051643192489	0.9056603773584906	0.0	212	212	213	192	20	33876782.0	33877721.0	0.9743024182832847	HIGH	AG	GT	CANONICAL	CANONICAL	1140	0	0.0	0	0
GCA_965153975.2	seqoccin.Bt.SAMEA117655791.scaffold	Bos taurus	Bos taurus	Scaffold	ok	exon_5	5	124	0.9919354838709677	0.9919354838709677	0.9919354838709677	0.9024390243902439	0.0	123	123	123	111	12	33880521.0	33880643.0	0.9719807238394965	HIGH	GA	GT	NONCANONICAL	CANONICAL	323	0	0.0	0	0
GCA_965153975.2	seqoccin.Bt.SAMEA117655791.scaffold	Bos taurus	Bos taurus	Scaffold	ok	exon_6	6	1115	0.9641255605381166	1.0	0.9641255605381166	0.8762790697674419	0.0	1075	1075	1115	942	133	33881466.0	33882541.0	0.9529262696840131	HIGH	AG		CANONICAL	NA	1276	0	0.0	0	0
GCA_965154005.2	seqoccin.Bt.SAMEA117655805.scaffold	Bos taurus	Bos taurus	Scaffold	ok	exon_1	1	194	0.8917525773195877	0.8969072164948454	0.8917525773195877	0.8728323699421965	0.0	173	173	174	151	22	66785666.0	66785838.0	0.9194967522793636	HIGH			NA	NA	373	0	0.0	0	0
GCA_965154005.2	seqoccin.Bt.SAMEA117655805.scaffold	Bos taurus	Bos taurus	Scaffold	ok	exon_2	2	304	1.0	1.0	1.0	0.9078947368421053	0.0	304	304	304	276	28	66788491.0	66788794.0	0.9769736842105263	HIGH	AG	GT	CANONICAL	CANONICAL	504	0	0.0	0	0
GCA_965154005.2	seqoccin.Bt.SAMEA117655805.scaffold	Bos taurus	Bos taurus	Scaffold	ok	exon_3	3	837	0.946236559139785	0.966547192353644	0.946236559139785	0.8825757575757576	0.0	792	792	809	699	93	66791331.0	66792122.0	0.9464503910068427	HIGH	AG	AC	CANONICAL	NONCANONICAL	992	0	0.0	0	0
GCA_965154005.2	seqoccin.Bt.SAMEA117655805.scaffold	Bos taurus	Bos taurus	Scaffold	ok	exon_4	4	213	0.9953051643192489	1.0	0.9953051643192489	0.9056603773584906	0.0	212	212	213	192	20	66799483.0	66800422.0	0.9743024182832847	HIGH	AG	GT	CANONICAL	CANONICAL	1140	0	0.0	0	0
GCA_965154005.2	seqoccin.Bt.SAMEA117655805.scaffold	Bos taurus	Bos taurus	Scaffold	ok	exon_5	5	124	0.9919354838709677	0.9919354838709677	0.9919354838709677	0.9024390243902439	0.0	123	123	123	111	12	66803243.0	66803365.0	0.9719807238394965	HIGH	GA	GT	NONCANONICAL	CANONICAL	323	0	0.0	0	0
GCA_965154005.2	seqoccin.Bt.SAMEA117655805.scaffold	Bos taurus	Bos taurus	Scaffold	ok	exon_6	6	1115	0.9641255605381166	1.0	0.9641255605381166	0.8734883720930232	0.0	1075	1075	1115	939	136	66804190.0	66805265.0	0.9522285952654084	HIGH	AG		CANONICAL	NA	1276	0	0.0	0	0
GCA_965154025.2	seqoccin.Bt.SAMEA117655784.scaffold	Bos taurus	Bos taurus	Scaffold	ok	exon_1	1	194	0.8917525773195877	0.8969072164948454	0.8917525773195877	0.8728323699421965	0.0	173	173	174	151	22	34587594.0	34587766.0	0.9194967522793636	HIGH			NA	NA	373	0	0.0	0	0
GCA_965154025.2	seqoccin.Bt.SAMEA117655784.scaffold	Bos taurus	Bos taurus	Scaffold	ok	exon_2	2	304	1.0	1.0	1.0	0.9078947368421053	0.0	304	304	304	276	28	34590421.0	34590724.0	0.9769736842105263	HIGH	AG	GT	CANONICAL	CANONICAL	504	0	0.0	0	0
GCA_965154025.2	seqoccin.Bt.SAMEA117655784.scaffold	Bos taurus	Bos taurus	Scaffold	ok	exon_3	3	837	0.946236559139785	0.966547192353644	0.946236559139785	0.8825757575757576	0.0	792	792	809	699	93	34593576.0	34594367.0	0.9464503910068427	HIGH	AG	AC	CANONICAL	NONCANONICAL	992	0	0.0	0	0
GCA_965154025.2	seqoccin.Bt.SAMEA117655784.scaffold	Bos taurus	Bos taurus	Scaffold	ok	exon_4	4	213	0.9953051643192489	1.0	0.9953051643192489	0.9056603773584906	0.0	212	212	213	192	20	34601714.0	34602653.0	0.9743024182832847	HIGH	AG	GT	CANONICAL	CANONICAL	1140	0	0.0	0	0
GCA_965154025.2	seqoccin.Bt.SAMEA117655784.scaffold	Bos taurus	Bos taurus	Scaffold	ok	exon_5	5	124	0.9919354838709677	0.9919354838709677	0.9919354838709677	0.9024390243902439	0.0	123	123	123	111	12	34605453.0	34605575.0	0.9719807238394965	HIGH	GA	GT	NONCANONICAL	CANONICAL	323	0	0.0	0	0
GCA_965154025.2	seqoccin.Bt.SAMEA117655784.scaffold	Bos taurus	Bos taurus	Scaffold	ok	exon_6	6	1115	0.9641255605381166	1.0	0.9641255605381166	0.8762790697674419	0.0	1075	1075	1115	942	133	34606400.0	34607475.0	0.9529262696840131	HIGH	AG		CANONICAL	NA	1276	0	0.0	0	0
GCA_965154035.2	seqoccin.Bt.SAMEA117655800.scaffold	Bos taurus	Bos taurus	Scaffold	ok	exon_1	1	194	0.8917525773195877	0.8969072164948454	0.8917525773195877	0.8728323699421965	0.0	173	173	174	151	22	36620201.0	36620373.0	0.9194967522793636	HIGH			NA	NA	373	0	0.0	0	0
GCA_965154035.2	seqoccin.Bt.SAMEA117655800.scaffold	Bos taurus	Bos taurus	Scaffold	ok	exon_2	2	304	1.0	1.0	1.0	0.9078947368421053	0.0	304	304	304	276	28	36623026.0	36623329.0	0.9769736842105263	HIGH	AG	GT	CANONICAL	CANONICAL	504	0	0.0	0	0
GCA_965154035.2	seqoccin.Bt.SAMEA117655800.scaffold	Bos taurus	Bos taurus	Scaffold	ok	exon_3	3	837	0.946236559139785	0.966547192353644	0.946236559139785	0.8813131313131313	0.0	792	792	809	698	94	36626181.0	36626972.0	0.9461347344411861	HIGH	AG	AC	CANONICAL	NONCANONICAL	992	0	0.0	0	0
GCA_965154035.2	seqoccin.Bt.SAMEA117655800.scaffold	Bos taurus	Bos taurus	Scaffold	ok	exon_4	4	213	0.9953051643192489	1.0	0.9953051643192489	0.9056603773584906	0.0	212	212	213	192	20	36634319.0	36635258.0	0.9743024182832847	HIGH	AG	GT	CANONICAL	CANONICAL	1140	0	0.0	0	0
GCA_965154035.2	seqoccin.Bt.SAMEA117655800.scaffold	Bos taurus	Bos taurus	Scaffold	ok	exon_5	5	124	0.9919354838709677	0.9919354838709677	0.9919354838709677	0.9024390243902439	0.0	123	123	123	111	12	36638058.0	36638180.0	0.9719807238394965	HIGH	GA	GT	NONCANONICAL	CANONICAL	323	0	0.0	0	0
GCA_965154035.2	seqoccin.Bt.SAMEA117655800.scaffold	Bos taurus	Bos taurus	Scaffold	ok	exon_6	6	1115	0.9641255605381166	1.0	0.9641255605381166	0.8762790697674419	0.0	1075	1075	1115	942	133	36639005.0	36640080.0	0.9529262696840131	HIGH	AG		CANONICAL	NA	1276	0	0.0	0	0
GCA_965154045.2	seqoccin.Bt.SAMEA117655833.scaffold	Bos taurus	Bos taurus	Scaffold	ok	exon_1	1	194	0.8917525773195877	0.8969072164948454	0.8917525773195877	0.8728323699421965	0.0	173	173	174	151	22	31616809.0	31616981.0	0.9194967522793636	HIGH			NA	NA	373	0	0.0	0	0
GCA_965154045.2	seqoccin.Bt.SAMEA117655833.scaffold	Bos taurus	Bos taurus	Scaffold	ok	exon_2	2	304	1.0	1.0	1.0	0.9046052631578947	0.0	304	304	304	275	29	31619636.0	31619939.0	0.9761513157894737	HIGH	AG	GT	CANONICAL	CANONICAL	504	0	0.0	0	0
GCA_965154045.2	seqoccin.Bt.SAMEA117655833.scaffold	Bos taurus	Bos taurus	Scaffold	ok	exon_3	3	837	0.946236559139785	0.966547192353644	0.946236559139785	0.8825757575757576	0.0	792	792	809	699	93	31622791.0	31623582.0	0.9464503910068427	HIGH	AG	AC	CANONICAL	NONCANONICAL	992	0	0.0	0	0
GCA_965154045.2	seqoccin.Bt.SAMEA117655833.scaffold	Bos taurus	Bos taurus	Scaffold	ok	exon_4	4	213	0.9953051643192489	1.0	0.9953051643192489	0.9056603773584906	0.0	212	212	213	192	20	31630929.0	31631868.0	0.9743024182832847	HIGH	AG	GT	CANONICAL	CANONICAL	1140	0	0.0	0	0
GCA_965154045.2	seqoccin.Bt.SAMEA117655833.scaffold	Bos taurus	Bos taurus	Scaffold	ok	exon_5	5	124	0.9919354838709677	0.9919354838709677	0.9919354838709677	0.9024390243902439	0.0	123	123	123	111	12	31634668.0	31634790.0	0.9719807238394965	HIGH	GA	GT	NONCANONICAL	CANONICAL	323	0	0.0	0	0
GCA_965154045.2	seqoccin.Bt.SAMEA117655833.scaffold	Bos taurus	Bos taurus	Scaffold	ok	exon_6	6	1115	0.9641255605381166	1.0	0.9641255605381166	0.8762790697674419	0.0	1075	1075	1115	942	133	31635615.0	31636690.0	0.9529262696840131	HIGH	AG		CANONICAL	NA	1276	0	0.0	0	0
GCA_965154055.2	seqoccin.Bt.SAMEA117655783.scaffold	Bos taurus	Bos taurus	Scaffold	ok	exon_1	1	194	0.8917525773195877	0.8969072164948454	0.8917525773195877	0.8728323699421965	0.0	173	173	174	151	22	33829712.0	33829884.0	0.9194967522793636	HIGH			NA	NA	373	0	0.0	0	0
GCA_965154055.2	seqoccin.Bt.SAMEA117655783.scaffold	Bos taurus	Bos taurus	Scaffold	ok	exon_2	2	304	1.0	1.0	1.0	0.9046052631578947	0.0	304	304	304	275	29	33832537.0	33832840.0	0.9761513157894737	HIGH	AG	GT	CANONICAL	CANONICAL	504	0	0.0	0	0
GCA_965154055.2	seqoccin.Bt.SAMEA117655783.scaffold	Bos taurus	Bos taurus	Scaffold	ok	exon_3	3	837	0.946236559139785	0.966547192353644	0.946236559139785	0.8825757575757576	0.0	792	792	809	699	93	33835692.0	33836483.0	0.9464503910068427	HIGH	AG	AC	CANONICAL	NONCANONICAL	992	0	0.0	0	0
GCA_965154055.2	seqoccin.Bt.SAMEA117655783.scaffold	Bos taurus	Bos taurus	Scaffold	ok	exon_4	4	213	0.9953051643192489	1.0	0.9953051643192489	0.9056603773584906	0.0	212	212	213	192	20	33843830.0	33844769.0	0.9743024182832847	HIGH	AG	GT	CANONICAL	CANONICAL	1140	0	0.0	0	0
GCA_965154055.2	seqoccin.Bt.SAMEA117655783.scaffold	Bos taurus	Bos taurus	Scaffold	ok	exon_5	5	124	0.9596774193548387	0.9596774193548387	0.9596774193548387	0.8991596638655462	0.0	119	119	119	107	12	33847570.0	33847688.0	0.956644754676064	HIGH	GA	GT	NONCANONICAL	CANONICAL	319	0	0.0	0	0
GCA_965154055.2	seqoccin.Bt.SAMEA117655783.scaffold	Bos taurus	Bos taurus	Scaffold	ok	exon_6	6	1115	0.9641255605381166	1.0	0.9641255605381166	0.8753488372093023	0.0	1075	1075	1115	941	134	33848514.0	33849589.0	0.9526937115444781	HIGH	AG		CANONICAL	NA	1276	0	0.0	0	0
GCA_965154065.2	seqoccin.Bt.SAMEA117655842.scaffold	Bos taurus	Bos taurus	Scaffold	ok	exon_1	1	194	0.8917525773195877	0.8969072164948454	0.8917525773195877	0.8728323699421965	0.0	173	173	174	151	22	32806220.0	32806392.0	0.9194967522793636	HIGH			NA	NA	373	0	0.0	0	0
GCA_965154065.2	seqoccin.Bt.SAMEA117655842.scaffold	Bos taurus	Bos taurus	Scaffold	ok	exon_2	2	304	1.0	1.0	1.0	0.9078947368421053	0.0	304	304	304	276	28	32809045.0	32809348.0	0.9769736842105263	HIGH	AG	GT	CANONICAL	CANONICAL	504	0	0.0	0	0
GCA_965154065.2	seqoccin.Bt.SAMEA117655842.scaffold	Bos taurus	Bos taurus	Scaffold	ok	exon_3	3	837	0.946236559139785	0.966547192353644	0.946236559139785	0.8813131313131313	0.0	792	792	809	698	94	32812200.0	32812991.0	0.9461347344411861	HIGH	AG	AC	CANONICAL	NONCANONICAL	992	0	0.0	0	0
GCA_965154065.2	seqoccin.Bt.SAMEA117655842.scaffold	Bos taurus	Bos taurus	Scaffold	ok	exon_4	4	213	0.9953051643192489	1.0	0.9953051643192489	0.9056603773584906	0.0	212	212	213	192	20	32820350.0	32821289.0	0.9743024182832847	HIGH	AG	GT	CANONICAL	CANONICAL	1140	0	0.0	0	0
GCA_965154065.2	seqoccin.Bt.SAMEA117655842.scaffold	Bos taurus	Bos taurus	Scaffold	ok	exon_5	5	124	0.9919354838709677	0.9919354838709677	0.9919354838709677	0.9024390243902439	0.0	123	123	123	111	12	32824110.0	32824232.0	0.9719807238394965	HIGH	GA	GT	NONCANONICAL	CANONICAL	323	0	0.0	0	0
GCA_965154065.2	seqoccin.Bt.SAMEA117655842.scaffold	Bos taurus	Bos taurus	Scaffold	ok	exon_6	6	1115	0.9641255605381166	1.0	0.9641255605381166	0.8753488372093023	0.0	1075	1075	1115	941	134	32825057.0	32826132.0	0.9526937115444781	HIGH	AG		CANONICAL	NA	1276	0	0.0	0	0
GCA_965154075.2	seqoccin.Bt.SAMEA117655835.scaffold	Bos taurus	Bos taurus	Scaffold	ok	exon_1	1	194	0.8917525773195877	0.8969072164948454	0.8917525773195877	0.8728323699421965	0.0	173	173	174	151	22	33802813.0	33802985.0	0.9194967522793636	HIGH			NA	NA	373	0	0.0	0	0
GCA_965154075.2	seqoccin.Bt.SAMEA117655835.scaffold	Bos taurus	Bos taurus	Scaffold	ok	exon_2	2	304	1.0	1.0	1.0	0.9046052631578947	0.0	304	304	304	275	29	33805640.0	33805943.0	0.9761513157894737	HIGH	AG	GT	CANONICAL	CANONICAL	504	0	0.0	0	0
GCA_965154075.2	seqoccin.Bt.SAMEA117655835.scaffold	Bos taurus	Bos taurus	Scaffold	ok	exon_3	3	837	0.946236559139785	0.966547192353644	0.946236559139785	0.8825757575757576	0.0	792	792	809	699	93	33808795.0	33809586.0	0.9464503910068427	HIGH	AG	AC	CANONICAL	NONCANONICAL	992	0	0.0	0	0
GCA_965154075.2	seqoccin.Bt.SAMEA117655835.scaffold	Bos taurus	Bos taurus	Scaffold	ok	exon_4	4	213	0.9953051643192489	1.0	0.9953051643192489	0.9056603773584906	0.0	212	212	213	192	20	33816933.0	33817872.0	0.9743024182832847	HIGH	AG	GT	CANONICAL	CANONICAL	1140	0	0.0	0	0
GCA_965154075.2	seqoccin.Bt.SAMEA117655835.scaffold	Bos taurus	Bos taurus	Scaffold	ok	exon_5	5	124	0.9919354838709677	0.9919354838709677	0.9919354838709677	0.9024390243902439	0.0	123	123	123	111	12	33820672.0	33820794.0	0.9719807238394965	HIGH	GA	GT	NONCANONICAL	CANONICAL	323	0	0.0	0	0
GCA_965154075.2	seqoccin.Bt.SAMEA117655835.scaffold	Bos taurus	Bos taurus	Scaffold	ok	exon_6	6	1115	0.9641255605381166	1.0	0.9641255605381166	0.8762790697674419	0.0	1075	1075	1115	942	133	33821619.0	33822694.0	0.9529262696840131	HIGH	AG		CANONICAL	NA	1276	0	0.0	0	0
GCA_965154095.2	seqoccin.Bt.SAMEA117655838.scaffold	Bos taurus	Bos taurus	Scaffold	ok	exon_1	1	194	0.8917525773195877	0.8969072164948454	0.8917525773195877	0.8728323699421965	0.0	173	173	174	151	22	32851667.0	32851839.0	0.9194967522793636	HIGH			NA	NA	373	0	0.0	0	0
GCA_965154095.2	seqoccin.Bt.SAMEA117655838.scaffold	Bos taurus	Bos taurus	Scaffold	ok	exon_2	2	304	1.0	1.0	1.0	0.9078947368421053	0.0	304	304	304	276	28	32854492.0	32854795.0	0.9769736842105263	HIGH	AG	GT	CANONICAL	CANONICAL	504	0	0.0	0	0
GCA_965154095.2	seqoccin.Bt.SAMEA117655838.scaffold	Bos taurus	Bos taurus	Scaffold	ok	exon_3	3	837	0.946236559139785	0.966547192353644	0.946236559139785	0.8813131313131313	0.0	792	792	809	698	94	32857647.0	32858438.0	0.9461347344411861	HIGH	AG	AC	CANONICAL	NONCANONICAL	992	0	0.0	0	0
GCA_965154095.2	seqoccin.Bt.SAMEA117655838.scaffold	Bos taurus	Bos taurus	Scaffold	ok	exon_4	4	213	0.9953051643192489	1.0	0.9953051643192489	0.9056603773584906	0.0	212	212	213	192	20	32865785.0	32866724.0	0.9743024182832847	HIGH	AG	GT	CANONICAL	CANONICAL	1140	0	0.0	0	0
GCA_965154095.2	seqoccin.Bt.SAMEA117655838.scaffold	Bos taurus	Bos taurus	Scaffold	ok	exon_5	5	124	0.9919354838709677	0.9919354838709677	0.9919354838709677	0.9024390243902439	0.0	123	123	123	111	12	32869524.0	32869646.0	0.9719807238394965	HIGH	GA	GT	NONCANONICAL	CANONICAL	323	0	0.0	0	0
GCA_965154095.2	seqoccin.Bt.SAMEA117655838.scaffold	Bos taurus	Bos taurus	Scaffold	ok	exon_6	6	1115	0.9641255605381166	1.0	0.9641255605381166	0.8762790697674419	0.0	1075	1075	1115	942	133	32870471.0	32871546.0	0.9529262696840131	HIGH	AG		CANONICAL	NA	1276	0	0.0	0	0
GCA_965154105.2	seqoccin.Bt.SAMEA117655837.scaffold	Bos taurus	Bos taurus	Scaffold	ok	exon_1	1	194	0.8917525773195877	0.8969072164948454	0.8917525773195877	0.8728323699421965	0.0	173	173	174	151	22	61332794.0	61332966.0	0.9194967522793636	HIGH			NA	NA	373	0	0.0	0	0
GCA_965154105.2	seqoccin.Bt.SAMEA117655837.scaffold	Bos taurus	Bos taurus	Scaffold	ok	exon_2	2	304	1.0	1.0	1.0	0.9078947368421053	0.0	304	304	304	276	28	61335619.0	61335922.0	0.9769736842105263	HIGH	AG	GT	CANONICAL	CANONICAL	504	0	0.0	0	0
GCA_965154105.2	seqoccin.Bt.SAMEA117655837.scaffold	Bos taurus	Bos taurus	Scaffold	ok	exon_3	3	837	0.946236559139785	0.966547192353644	0.946236559139785	0.8813131313131313	0.0	792	792	809	698	94	61338774.0	61339565.0	0.9461347344411861	HIGH	AG	AC	CANONICAL	NONCANONICAL	992	0	0.0	0	0
GCA_965154105.2	seqoccin.Bt.SAMEA117655837.scaffold	Bos taurus	Bos taurus	Scaffold	ok	exon_4	4	213	0.9953051643192489	1.0	0.9953051643192489	0.9056603773584906	0.0	212	212	213	192	20	61346912.0	61347851.0	0.9743024182832847	HIGH	AG	GT	CANONICAL	CANONICAL	1140	0	0.0	0	0
GCA_965154105.2	seqoccin.Bt.SAMEA117655837.scaffold	Bos taurus	Bos taurus	Scaffold	ok	exon_5	5	124	0.9919354838709677	0.9919354838709677	0.9919354838709677	0.9024390243902439	0.0	123	123	123	111	12	61350651.0	61350773.0	0.9719807238394965	HIGH	GA	GT	NONCANONICAL	CANONICAL	323	0	0.0	0	0
GCA_965154105.2	seqoccin.Bt.SAMEA117655837.scaffold	Bos taurus	Bos taurus	Scaffold	ok	exon_6	6	1115	0.9641255605381166	1.0	0.9641255605381166	0.8762790697674419	0.0	1075	1075	1115	942	133	61351598.0	61352673.0	0.9529262696840131	HIGH	AG		CANONICAL	NA	1276	0	0.0	0	0
GCA_965154155.2	seqoccin.Bt.SAMEA117655719.scaffold	Bos taurus	Bos taurus	Scaffold	ok	exon_1	1	194	0.8917525773195877	0.8969072164948454	0.8917525773195877	0.8728323699421965	0.0	173	173	174	151	22	33599835.0	33600007.0	0.9194967522793636	HIGH			NA	NA	373	0	0.0	0	0
GCA_965154155.2	seqoccin.Bt.SAMEA117655719.scaffold	Bos taurus	Bos taurus	Scaffold	ok	exon_2	2	304	1.0	1.0	1.0	0.9078947368421053	0.0	304	304	304	276	28	33602660.0	33602963.0	0.9769736842105263	HIGH	AG	GT	CANONICAL	CANONICAL	504	0	0.0	0	0
GCA_965154155.2	seqoccin.Bt.SAMEA117655719.scaffold	Bos taurus	Bos taurus	Scaffold	ok	exon_3	3	837	0.942652329749104	0.966547192353644	0.942652329749104	0.8846641318124208	0.0	789	789	809	698	91	33605500.0	33606290.0	0.945359581340202	HIGH	AG	AC	CANONICAL	NONCANONICAL	991	0	0.0	0	0
GCA_965154155.2	seqoccin.Bt.SAMEA117655719.scaffold	Bos taurus	Bos taurus	Scaffold	ok	exon_4	4	213	0.9953051643192489	1.0	0.9953051643192489	0.9056603773584906	0.0	212	212	213	192	20	33613636.0	33614575.0	0.9743024182832847	HIGH	AG	GT	CANONICAL	CANONICAL	1140	0	0.0	0	0
GCA_965154155.2	seqoccin.Bt.SAMEA117655719.scaffold	Bos taurus	Bos taurus	Scaffold	ok	exon_5	5	124	0.9919354838709677	0.9919354838709677	0.9919354838709677	0.9024390243902439	0.0	123	123	123	111	12	33617374.0	33617496.0	0.9719807238394965	HIGH	GA	GT	NONCANONICAL	CANONICAL	323	0	0.0	0	0
GCA_965154155.2	seqoccin.Bt.SAMEA117655719.scaffold	Bos taurus	Bos taurus	Scaffold	ok	exon_6	6	1115	0.9641255605381166	1.0	0.9641255605381166	0.8762790697674419	0.0	1075	1075	1115	942	133	33618321.0	33619396.0	0.9529262696840131	HIGH	AG		CANONICAL	NA	1276	0	0.0	0	0
GCA_965154165.2	seqoccin.Bt.SAMEA117655716.scaffold	Bos taurus	Bos taurus	Scaffold	ok	exon_1	1	194	0.8917525773195877	0.8969072164948454	0.8917525773195877	0.8728323699421965	0.0	173	173	174	151	22	34654353.0	34654525.0	0.9194967522793636	HIGH			NA	NA	373	0	0.0	0	0
GCA_965154165.2	seqoccin.Bt.SAMEA117655716.scaffold	Bos taurus	Bos taurus	Scaffold	ok	exon_2	2	304	1.0	1.0	1.0	0.9078947368421053	0.0	304	304	304	276	28	34657178.0	34657481.0	0.9769736842105263	HIGH	AG	GT	CANONICAL	CANONICAL	504	0	0.0	0	0
GCA_965154165.2	seqoccin.Bt.SAMEA117655716.scaffold	Bos taurus	Bos taurus	Scaffold	ok	exon_3	3	837	0.942652329749104	0.966547192353644	0.942652329749104	0.8859315589353612	0.0	789	789	809	699	90	34660018.0	34660808.0	0.9456764381209372	HIGH	AG	AC	CANONICAL	NONCANONICAL	991	0	0.0	0	0
GCA_965154165.2	seqoccin.Bt.SAMEA117655716.scaffold	Bos taurus	Bos taurus	Scaffold	ok	exon_4	4	213	0.9953051643192489	1.0	0.9953051643192489	0.9056603773584906	0.0	212	212	213	192	20	34668156.0	34669095.0	0.9743024182832847	HIGH	AG	GT	CANONICAL	CANONICAL	1140	0	0.0	0	0
GCA_965154165.2	seqoccin.Bt.SAMEA117655716.scaffold	Bos taurus	Bos taurus	Scaffold	ok	exon_5	5	124	0.9596774193548387	0.9596774193548387	0.9596774193548387	0.8991596638655462	0.0	119	119	119	107	12	34671917.0	34672035.0	0.956644754676064	HIGH	GA	GT	NONCANONICAL	CANONICAL	319	0	0.0	0	0
GCA_965154165.2	seqoccin.Bt.SAMEA117655716.scaffold	Bos taurus	Bos taurus	Scaffold	ok	exon_6	6	1115	0.9641255605381166	1.0	0.9641255605381166	0.8725581395348837	0.0	1075	1075	1115	938	137	34672861.0	34673936.0	0.9519960371258734	HIGH	AG		CANONICAL	NA	1276	0	0.0	0	0
GCA_965154175.2	seqoccin.Bt.SAMEA117655724.scaffold	Bos taurus	Bos taurus	Scaffold	ok	exon_1	1	194	0.8917525773195877	0.8969072164948454	0.8917525773195877	0.8728323699421965	0.0	173	173	174	151	22	32865117.0	32865289.0	0.9194967522793636	HIGH			NA	NA	373	0	0.0	0	0
GCA_965154175.2	seqoccin.Bt.SAMEA117655724.scaffold	Bos taurus	Bos taurus	Scaffold	ok	exon_2	2	304	1.0	1.0	1.0	0.9078947368421053	0.0	304	304	304	276	28	32867942.0	32868245.0	0.9769736842105263	HIGH	AG	GT	CANONICAL	CANONICAL	504	0	0.0	0	0
GCA_965154175.2	seqoccin.Bt.SAMEA117655724.scaffold	Bos taurus	Bos taurus	Scaffold	ok	exon_3	3	837	0.942652329749104	0.966547192353644	0.942652329749104	0.8833967046894804	0.0	789	789	809	697	92	32870782.0	32871572.0	0.9450427245594669	HIGH	AG	AC	CANONICAL	NONCANONICAL	991	0	0.0	0	0
GCA_965154175.2	seqoccin.Bt.SAMEA117655724.scaffold	Bos taurus	Bos taurus	Scaffold	ok	exon_4	4	213	0.9953051643192489	1.0	0.9953051643192489	0.9056603773584906	0.0	212	212	213	192	20	32878921.0	32879860.0	0.9743024182832847	HIGH	AG	GT	CANONICAL	CANONICAL	1140	0	0.0	0	0
GCA_965154175.2	seqoccin.Bt.SAMEA117655724.scaffold	Bos taurus	Bos taurus	Scaffold	ok	exon_5	5	124	0.9919354838709677	0.9919354838709677	0.9919354838709677	0.9024390243902439	0.0	123	123	123	111	12	32882659.0	32882781.0	0.9719807238394965	HIGH	GA	GT	NONCANONICAL	CANONICAL	323	0	0.0	0	0
GCA_965154175.2	seqoccin.Bt.SAMEA117655724.scaffold	Bos taurus	Bos taurus	Scaffold	ok	exon_6	6	1115	0.9641255605381166	1.0	0.9641255605381166	0.8762790697674419	0.0	1075	1075	1115	942	133	32883606.0	32884681.0	0.9529262696840131	HIGH	AG		CANONICAL	NA	1276	0	0.0	0	0
GCA_965154185.2	seqoccin.Bt.SAMEA117655712.scaffold	Bos taurus	Bos taurus	Scaffold	ok	exon_1	1	194	0.8917525773195877	0.8969072164948454	0.8917525773195877	0.8728323699421965	0.0	173	173	174	151	22	34470776.0	34470948.0	0.9194967522793636	HIGH			NA	NA	373	0	0.0	0	0
GCA_965154185.2	seqoccin.Bt.SAMEA117655712.scaffold	Bos taurus	Bos taurus	Scaffold	ok	exon_2	2	304	1.0	1.0	1.0	0.9078947368421053	0.0	304	304	304	276	28	34473601.0	34473904.0	0.9769736842105263	HIGH	AG	GT	CANONICAL	CANONICAL	504	0	0.0	0	0
GCA_965154185.2	seqoccin.Bt.SAMEA117655712.scaffold	Bos taurus	Bos taurus	Scaffold	ok	exon_3	3	837	0.942652329749104	0.966547192353644	0.942652329749104	0.8846641318124208	0.0	789	789	809	698	91	34476441.0	34477231.0	0.945359581340202	HIGH	AG	AC	CANONICAL	NONCANONICAL	991	0	0.0	0	0
GCA_965154185.2	seqoccin.Bt.SAMEA117655712.scaffold	Bos taurus	Bos taurus	Scaffold	ok	exon_4	4	213	0.9953051643192489	1.0	0.9953051643192489	0.9056603773584906	0.0	212	212	213	192	20	34484580.0	34485519.0	0.9743024182832847	HIGH	AG	GT	CANONICAL	CANONICAL	1140	0	0.0	0	0
GCA_965154185.2	seqoccin.Bt.SAMEA117655712.scaffold	Bos taurus	Bos taurus	Scaffold	ok	exon_5	5	124	0.9919354838709677	0.9919354838709677	0.9919354838709677	0.9024390243902439	0.0	123	123	123	111	12	34488319.0	34488441.0	0.9719807238394965	HIGH	GA	GT	NONCANONICAL	CANONICAL	323	0	0.0	0	0
GCA_965154185.2	seqoccin.Bt.SAMEA117655712.scaffold	Bos taurus	Bos taurus	Scaffold	ok	exon_6	6	1115	0.9641255605381166	1.0	0.9641255605381166	0.8762790697674419	0.0	1075	1075	1115	942	133	34489266.0	34490341.0	0.9529262696840131	HIGH	AG		CANONICAL	NA	1276	0	0.0	0	0
GCA_965154195.2	seqoccin.Bt.SAMEA117655706.scaffold	Bos taurus	Bos taurus	Scaffold	ok	exon_1	1	194	0.8917525773195877	0.8969072164948454	0.8917525773195877	0.8728323699421965	0.0	173	173	174	151	22	28967014.0	28967186.0	0.9194967522793636	HIGH			NA	NA	373	0	0.0	0	0
GCA_965154195.2	seqoccin.Bt.SAMEA117655706.scaffold	Bos taurus	Bos taurus	Scaffold	ok	exon_2	2	304	1.0	1.0	1.0	0.9078947368421053	0.0	304	304	304	276	28	28969839.0	28970142.0	0.9769736842105263	HIGH	AG	GT	CANONICAL	CANONICAL	504	0	0.0	0	0
GCA_965154195.2	seqoccin.Bt.SAMEA117655706.scaffold	Bos taurus	Bos taurus	Scaffold	ok	exon_3	3	837	0.946236559139785	0.966547192353644	0.946236559139785	0.8813131313131313	0.0	792	792	809	698	94	28972994.0	28973785.0	0.9461347344411861	HIGH	AG	AC	CANONICAL	NONCANONICAL	992	0	0.0	0	0
GCA_965154195.2	seqoccin.Bt.SAMEA117655706.scaffold	Bos taurus	Bos taurus	Scaffold	ok	exon_4	4	213	0.9953051643192489	1.0	0.9953051643192489	0.9056603773584906	0.0	212	212	213	192	20	28981132.0	28982071.0	0.9743024182832847	HIGH	AG	GT	CANONICAL	CANONICAL	1140	0	0.0	0	0
GCA_965154195.2	seqoccin.Bt.SAMEA117655706.scaffold	Bos taurus	Bos taurus	Scaffold	ok	exon_5	5	124	0.9919354838709677	0.9919354838709677	0.9919354838709677	0.9024390243902439	0.0	123	123	123	111	12	28984871.0	28984993.0	0.9719807238394965	HIGH	GA	GT	NONCANONICAL	CANONICAL	323	0	0.0	0	0
GCA_965154195.2	seqoccin.Bt.SAMEA117655706.scaffold	Bos taurus	Bos taurus	Scaffold	ok	exon_6	6	1115	0.9641255605381166	1.0	0.9641255605381166	0.8762790697674419	0.0	1075	1075	1115	942	133	28985818.0	28986893.0	0.9529262696840131	HIGH	AG		CANONICAL	NA	1276	0	0.0	0	0
GCA_965154205.2	seqoccin.Bt.SAMEA117655723.scaffold	Bos taurus	Bos taurus	Scaffold	ok	exon_1	1	194	0.8917525773195877	0.8969072164948454	0.8917525773195877	0.8728323699421965	0.0	173	173	174	151	22	33507191.0	33507363.0	0.9194967522793636	HIGH			NA	NA	373	0	0.0	0	0
GCA_965154205.2	seqoccin.Bt.SAMEA117655723.scaffold	Bos taurus	Bos taurus	Scaffold	ok	exon_2	2	304	1.0	1.0	1.0	0.9078947368421053	0.0	304	304	304	276	28	33510016.0	33510319.0	0.9769736842105263	HIGH	AG	GT	CANONICAL	CANONICAL	504	0	0.0	0	0
GCA_965154205.2	seqoccin.Bt.SAMEA117655723.scaffold	Bos taurus	Bos taurus	Scaffold	ok	exon_3	3	837	0.942652329749104	0.966547192353644	0.942652329749104	0.8846641318124208	0.0	789	789	809	698	91	33512856.0	33513646.0	0.945359581340202	HIGH	AG	AC	CANONICAL	NONCANONICAL	991	0	0.0	0	0
GCA_965154205.2	seqoccin.Bt.SAMEA117655723.scaffold	Bos taurus	Bos taurus	Scaffold	ok	exon_4	4	213	0.9953051643192489	1.0	0.9953051643192489	0.9056603773584906	0.0	212	212	213	192	20	33520994.0	33521933.0	0.9743024182832847	HIGH	AG	GT	CANONICAL	CANONICAL	1140	0	0.0	0	0
GCA_965154205.2	seqoccin.Bt.SAMEA117655723.scaffold	Bos taurus	Bos taurus	Scaffold	ok	exon_5	5	124	0.9919354838709677	0.9919354838709677	0.9919354838709677	0.9024390243902439	0.0	123	123	123	111	12	33524732.0	33524854.0	0.9719807238394965	HIGH	GA	GT	NONCANONICAL	CANONICAL	323	0	0.0	0	0
GCA_965154205.2	seqoccin.Bt.SAMEA117655723.scaffold	Bos taurus	Bos taurus	Scaffold	ok	exon_6	6	1115	0.9641255605381166	1.0	0.9641255605381166	0.8762790697674419	0.0	1075	1075	1115	942	133	33525679.0	33526754.0	0.9529262696840131	HIGH	AG		CANONICAL	NA	1276	0	0.0	0	0
GCA_965154215.2	seqoccin.Bt.SAMEA117655704.scaffold	Bos taurus	Bos taurus	Scaffold	ok	exon_1	1	194	0.8917525773195877	0.8969072164948454	0.8917525773195877	0.8728323699421965	0.0	173	173	174	151	22	33550432.0	33550604.0	0.9194967522793636	HIGH			NA	NA	373	0	0.0	0	0
GCA_965154215.2	seqoccin.Bt.SAMEA117655704.scaffold	Bos taurus	Bos taurus	Scaffold	ok	exon_2	2	304	1.0	1.0	1.0	0.9078947368421053	0.0	304	304	304	276	28	33553258.0	33553561.0	0.9769736842105263	HIGH	AG	GT	CANONICAL	CANONICAL	504	0	0.0	0	0
GCA_965154215.2	seqoccin.Bt.SAMEA117655704.scaffold	Bos taurus	Bos taurus	Scaffold	ok	exon_3	3	837	0.946236559139785	0.966547192353644	0.946236559139785	0.8813131313131313	0.0	792	792	809	698	94	33556413.0	33557204.0	0.9461347344411861	HIGH	AG	AC	CANONICAL	NONCANONICAL	992	0	0.0	0	0
GCA_965154215.2	seqoccin.Bt.SAMEA117655704.scaffold	Bos taurus	Bos taurus	Scaffold	ok	exon_4	4	213	0.9953051643192489	1.0	0.9953051643192489	0.9056603773584906	0.0	212	212	213	192	20	33564551.0	33565490.0	0.9743024182832847	HIGH	AG	GT	CANONICAL	CANONICAL	1140	0	0.0	0	0
GCA_965154215.2	seqoccin.Bt.SAMEA117655704.scaffold	Bos taurus	Bos taurus	Scaffold	ok	exon_5	5	124	0.9919354838709677	0.9919354838709677	0.9919354838709677	0.9024390243902439	0.0	123	123	123	111	12	33568290.0	33568412.0	0.9719807238394965	HIGH	GA	GT	NONCANONICAL	CANONICAL	323	0	0.0	0	0
GCA_965154215.2	seqoccin.Bt.SAMEA117655704.scaffold	Bos taurus	Bos taurus	Scaffold	ok	exon_6	6	1115	0.9641255605381166	1.0	0.9641255605381166	0.8762790697674419	0.0	1075	1075	1115	942	133	33569237.0	33570312.0	0.9529262696840131	HIGH	AG		CANONICAL	NA	1276	0	0.0	0	0
GCA_965154225.2	seqoccin.Bt.SAMEA117655705.scaffold	Bos taurus	Bos taurus	Scaffold	ok	exon_1	1	194	0.8917525773195877	0.8969072164948454	0.8917525773195877	0.8728323699421965	0.0	173	173	174	151	22	35229258.0	35229430.0	0.9194967522793636	HIGH			NA	NA	373	0	0.0	0	0
GCA_965154225.2	seqoccin.Bt.SAMEA117655705.scaffold	Bos taurus	Bos taurus	Scaffold	ok	exon_2	2	304	1.0	1.0	1.0	0.9078947368421053	0.0	304	304	304	276	28	35232083.0	35232386.0	0.9769736842105263	HIGH	AG	GT	CANONICAL	CANONICAL	504	0	0.0	0	0
GCA_965154225.2	seqoccin.Bt.SAMEA117655705.scaffold	Bos taurus	Bos taurus	Scaffold	ok	exon_3	3	837	0.946236559139785	0.966547192353644	0.946236559139785	0.8813131313131313	0.0	792	792	809	698	94	35235238.0	35236029.0	0.9461347344411861	HIGH	AG	AC	CANONICAL	NONCANONICAL	992	0	0.0	0	0
GCA_965154225.2	seqoccin.Bt.SAMEA117655705.scaffold	Bos taurus	Bos taurus	Scaffold	ok	exon_4	4	213	0.9953051643192489	1.0	0.9953051643192489	0.9056603773584906	0.0	212	212	213	192	20	35243376.0	35244315.0	0.9743024182832847	HIGH	AG	GT	CANONICAL	CANONICAL	1140	0	0.0	0	0
GCA_965154225.2	seqoccin.Bt.SAMEA117655705.scaffold	Bos taurus	Bos taurus	Scaffold	ok	exon_5	5	124	0.9919354838709677	0.9919354838709677	0.9919354838709677	0.9024390243902439	0.0	123	123	123	111	12	35247115.0	35247237.0	0.9719807238394965	HIGH	GA	GT	NONCANONICAL	CANONICAL	323	0	0.0	0	0
GCA_965154225.2	seqoccin.Bt.SAMEA117655705.scaffold	Bos taurus	Bos taurus	Scaffold	ok	exon_6	6	1115	0.9641255605381166	1.0	0.9641255605381166	0.8762790697674419	0.0	1075	1075	1115	942	133	35248062.0	35249137.0	0.9529262696840131	HIGH	AG		CANONICAL	NA	1276	0	0.0	0	0
GCA_965154235.2	seqoccin.Bt.SAMEA117655714.scaffold	Bos taurus	Bos taurus	Scaffold	ok	exon_1	1	194	0.8917525773195877	0.8969072164948454	0.8917525773195877	0.8728323699421965	0.0	173	173	174	151	22	34168768.0	34168940.0	0.9194967522793636	HIGH			NA	NA	373	0	0.0	0	0
GCA_965154235.2	seqoccin.Bt.SAMEA117655714.scaffold	Bos taurus	Bos taurus	Scaffold	ok	exon_2	2	304	1.0	1.0	1.0	0.9046052631578947	0.0	304	304	304	275	29	34171595.0	34171898.0	0.9761513157894737	HIGH	AG	GT	CANONICAL	CANONICAL	504	0	0.0	0	0
GCA_965154235.2	seqoccin.Bt.SAMEA117655714.scaffold	Bos taurus	Bos taurus	Scaffold	ok	exon_3	3	837	0.946236559139785	0.966547192353644	0.946236559139785	0.8825757575757576	0.0	792	792	809	699	93	34174750.0	34175541.0	0.9464503910068427	HIGH	AG	AC	CANONICAL	NONCANONICAL	992	0	0.0	0	0
GCA_965154235.2	seqoccin.Bt.SAMEA117655714.scaffold	Bos taurus	Bos taurus	Scaffold	ok	exon_4	4	213	0.9953051643192489	1.0	0.9953051643192489	0.9056603773584906	0.0	212	212	213	192	20	34182901.0	34183840.0	0.9743024182832847	HIGH	AG	GT	CANONICAL	CANONICAL	1140	0	0.0	0	0
GCA_965154235.2	seqoccin.Bt.SAMEA117655714.scaffold	Bos taurus	Bos taurus	Scaffold	ok	exon_5	5	124	0.9919354838709677	0.9919354838709677	0.9919354838709677	0.8943089430894309	0.0	123	123	123	110	13	34186662.0	34186784.0	0.9699482035142932	HIGH	GA	GT	NONCANONICAL	CANONICAL	323	0	0.0	0	0
GCA_965154235.2	seqoccin.Bt.SAMEA117655714.scaffold	Bos taurus	Bos taurus	Scaffold	ok	exon_6	6	1115	0.9641255605381166	1.0	0.9641255605381166	0.8725581395348837	0.0	1075	1075	1115	938	137	34187609.0	34188684.0	0.9519960371258734	HIGH	AG		CANONICAL	NA	1276	0	0.0	0	0
GCA_965154245.2	seqoccin.Bt.SAMEA117655713.scaffold	Bos taurus	Bos taurus	Scaffold	ok	exon_1	1	194	0.8917525773195877	0.8969072164948454	0.8917525773195877	0.8728323699421965	0.0	173	173	174	151	22	33850084.0	33850256.0	0.9194967522793636	HIGH			NA	NA	373	0	0.0	0	0
GCA_965154245.2	seqoccin.Bt.SAMEA117655713.scaffold	Bos taurus	Bos taurus	Scaffold	ok	exon_2	2	304	1.0	1.0	1.0	0.9078947368421053	0.0	304	304	304	276	28	33852909.0	33853212.0	0.9769736842105263	HIGH	AG	GT	CANONICAL	CANONICAL	504	0	0.0	0	0
GCA_965154245.2	seqoccin.Bt.SAMEA117655713.scaffold	Bos taurus	Bos taurus	Scaffold	ok	exon_3	3	837	0.942652329749104	0.966547192353644	0.942652329749104	0.8846641318124208	0.0	789	789	809	698	91	33855749.0	33856539.0	0.945359581340202	HIGH	AG	AC	CANONICAL	NONCANONICAL	991	0	0.0	0	0
GCA_965154245.2	seqoccin.Bt.SAMEA117655713.scaffold	Bos taurus	Bos taurus	Scaffold	ok	exon_4	4	213	0.9953051643192489	1.0	0.9953051643192489	0.9056603773584906	0.0	212	212	213	192	20	33863885.0	33864824.0	0.9743024182832847	HIGH	AG	GT	CANONICAL	CANONICAL	1140	0	0.0	0	0
GCA_965154245.2	seqoccin.Bt.SAMEA117655713.scaffold	Bos taurus	Bos taurus	Scaffold	ok	exon_5	5	124	0.9919354838709677	0.9919354838709677	0.9919354838709677	0.9024390243902439	0.0	123	123	123	111	12	33867623.0	33867745.0	0.9719807238394965	HIGH	GA	GT	NONCANONICAL	CANONICAL	323	0	0.0	0	0
GCA_965154245.2	seqoccin.Bt.SAMEA117655713.scaffold	Bos taurus	Bos taurus	Scaffold	ok	exon_6	6	1115	0.9641255605381166	1.0	0.9641255605381166	0.8762790697674419	0.0	1075	1075	1115	942	133	33868570.0	33869645.0	0.9529262696840131	HIGH	AG		CANONICAL	NA	1276	0	0.0	0	0
GCA_965154255.2	seqoccin.Bt.SAMEA117655702.scaffold	Bos taurus	Bos taurus	Scaffold	ok	exon_1	1	194	0.8917525773195877	0.8969072164948454	0.8917525773195877	0.8728323699421965	0.0	173	173	174	151	22	30530143.0	30530315.0	0.9194967522793636	HIGH			NA	NA	373	0	0.0	0	0
GCA_965154255.2	seqoccin.Bt.SAMEA117655702.scaffold	Bos taurus	Bos taurus	Scaffold	ok	exon_2	2	304	1.0	1.0	1.0	0.9078947368421053	0.0	304	304	304	276	28	30532970.0	30533273.0	0.9769736842105263	HIGH	AG	GT	CANONICAL	CANONICAL	504	0	0.0	0	0
GCA_965154255.2	seqoccin.Bt.SAMEA117655702.scaffold	Bos taurus	Bos taurus	Scaffold	ok	exon_3	3	837	0.946236559139785	0.966547192353644	0.946236559139785	0.8813131313131313	0.0	792	792	809	698	94	30535810.0	30536601.0	0.9461347344411861	HIGH	AG	AC	CANONICAL	NONCANONICAL	992	0	0.0	0	0
GCA_965154255.2	seqoccin.Bt.SAMEA117655702.scaffold	Bos taurus	Bos taurus	Scaffold	ok	exon_4	4	213	0.9953051643192489	1.0	0.9953051643192489	0.9056603773584906	0.0	212	212	213	192	20	30543949.0	30544888.0	0.9743024182832847	HIGH	AG	GT	CANONICAL	CANONICAL	1140	0	0.0	0	0
GCA_965154255.2	seqoccin.Bt.SAMEA117655702.scaffold	Bos taurus	Bos taurus	Scaffold	ok	exon_5	5	124	0.9919354838709677	0.9919354838709677	0.9919354838709677	0.9024390243902439	0.0	123	123	123	111	12	30547687.0	30547809.0	0.9719807238394965	HIGH	GA	GT	NONCANONICAL	CANONICAL	323	0	0.0	0	0
GCA_965154255.2	seqoccin.Bt.SAMEA117655702.scaffold	Bos taurus	Bos taurus	Scaffold	ok	exon_6	6	1115	0.9641255605381166	1.0	0.9641255605381166	0.8762790697674419	0.0	1075	1075	1115	942	133	30548634.0	30549709.0	0.9529262696840131	HIGH	AG		CANONICAL	NA	1276	0	0.0	0	0
GCA_965154265.2	seqoccin.Bt.SAMEA117655717.scaffold	Bos taurus	Bos taurus	Scaffold	ok	exon_1	1	194	0.8917525773195877	0.8969072164948454	0.8917525773195877	0.8728323699421965	0.0	173	173	174	151	22	33813194.0	33813366.0	0.9194967522793636	HIGH			NA	NA	373	0	0.0	0	0
GCA_965154265.2	seqoccin.Bt.SAMEA117655717.scaffold	Bos taurus	Bos taurus	Scaffold	ok	exon_2	2	304	1.0	1.0	1.0	0.9078947368421053	0.0	304	304	304	276	28	33816019.0	33816322.0	0.9769736842105263	HIGH	AG	GT	CANONICAL	CANONICAL	504	0	0.0	0	0
GCA_965154265.2	seqoccin.Bt.SAMEA117655717.scaffold	Bos taurus	Bos taurus	Scaffold	ok	exon_3	3	837	0.946236559139785	0.966547192353644	0.946236559139785	0.8800505050505051	0.0	792	792	809	697	95	33818897.0	33819688.0	0.9458190778755295	HIGH	AG	AC	CANONICAL	NONCANONICAL	992	0	0.0	0	0
GCA_965154265.2	seqoccin.Bt.SAMEA117655717.scaffold	Bos taurus	Bos taurus	Scaffold	ok	exon_4	4	213	0.9953051643192489	1.0	0.9953051643192489	0.9056603773584906	0.0	212	212	213	192	20	33827033.0	33827972.0	0.9743024182832847	HIGH	AG	GT	CANONICAL	CANONICAL	1140	0	0.0	0	0
GCA_965154265.2	seqoccin.Bt.SAMEA117655717.scaffold	Bos taurus	Bos taurus	Scaffold	ok	exon_5	5	124	0.9919354838709677	0.9919354838709677	0.9919354838709677	0.9024390243902439	0.0	123	123	123	111	12	33830771.0	33830893.0	0.9719807238394965	HIGH	GA	GT	NONCANONICAL	CANONICAL	323	0	0.0	0	0
GCA_965154265.2	seqoccin.Bt.SAMEA117655717.scaffold	Bos taurus	Bos taurus	Scaffold	ok	exon_6	6	1115	0.9641255605381166	1.0	0.9641255605381166	0.8762790697674419	0.0	1075	1075	1115	942	133	33831718.0	33832793.0	0.9529262696840131	HIGH	AG		CANONICAL	NA	1276	0	0.0	0	0
GCA_965154275.2	seqoccin.Bt.SAMEA117655709.scaffold	Bos taurus	Bos taurus	Scaffold	ok	exon_1	1	194	0.8917525773195877	0.8969072164948454	0.8917525773195877	0.8728323699421965	0.0	173	173	174	151	22	33763938.0	33764110.0	0.9194967522793636	HIGH			NA	NA	373	0	0.0	0	0
GCA_965154275.2	seqoccin.Bt.SAMEA117655709.scaffold	Bos taurus	Bos taurus	Scaffold	ok	exon_2	2	304	1.0	1.0	1.0	0.9078947368421053	0.0	304	304	304	276	28	33766763.0	33767066.0	0.9769736842105263	HIGH	AG	GT	CANONICAL	CANONICAL	504	0	0.0	0	0
GCA_965154275.2	seqoccin.Bt.SAMEA117655709.scaffold	Bos taurus	Bos taurus	Scaffold	ok	exon_3	3	837	0.942652329749104	0.966547192353644	0.942652329749104	0.8846641318124208	0.0	789	789	809	698	91	33769603.0	33770393.0	0.945359581340202	HIGH	AG	AC	CANONICAL	NONCANONICAL	991	0	0.0	0	0
GCA_965154275.2	seqoccin.Bt.SAMEA117655709.scaffold	Bos taurus	Bos taurus	Scaffold	ok	exon_4	4	213	0.9953051643192489	1.0	0.9953051643192489	0.9056603773584906	0.0	212	212	213	192	20	33777741.0	33778680.0	0.9743024182832847	HIGH	AG	GT	CANONICAL	CANONICAL	1140	0	0.0	0	0
GCA_965154275.2	seqoccin.Bt.SAMEA117655709.scaffold	Bos taurus	Bos taurus	Scaffold	ok	exon_5	5	124	0.9919354838709677	0.9919354838709677	0.9919354838709677	0.9024390243902439	0.0	123	123	123	111	12	33781479.0	33781601.0	0.9719807238394965	HIGH	GA	GT	NONCANONICAL	CANONICAL	323	0	0.0	0	0
GCA_965154275.2	seqoccin.Bt.SAMEA117655709.scaffold	Bos taurus	Bos taurus	Scaffold	ok	exon_6	6	1115	0.9641255605381166	1.0	0.9641255605381166	0.8762790697674419	0.0	1075	1075	1115	942	133	33782426.0	33783501.0	0.9529262696840131	HIGH	AG		CANONICAL	NA	1276	0	0.0	0	0
GCA_965154285.2	seqoccin.Bt.SAMEA117655711.scaffold	Bos taurus	Bos taurus	Scaffold	ok	exon_1	1	194	0.8917525773195877	0.8969072164948454	0.8917525773195877	0.8728323699421965	0.0	173	173	174	151	22	32764334.0	32764506.0	0.9194967522793636	HIGH			NA	NA	373	0	0.0	0	0
GCA_965154285.2	seqoccin.Bt.SAMEA117655711.scaffold	Bos taurus	Bos taurus	Scaffold	ok	exon_2	2	304	1.0	1.0	1.0	0.9078947368421053	0.0	304	304	304	276	28	32767160.0	32767463.0	0.9769736842105263	HIGH	AG	GT	CANONICAL	CANONICAL	504	0	0.0	0	0
GCA_965154285.2	seqoccin.Bt.SAMEA117655711.scaffold	Bos taurus	Bos taurus	Scaffold	ok	exon_3	3	837	0.942652329749104	0.966547192353644	0.942652329749104	0.8846641318124208	0.0	789	789	809	698	91	32770085.0	32770875.0	0.945359581340202	HIGH	AG	AC	CANONICAL	NONCANONICAL	991	0	0.0	0	0
GCA_965154285.2	seqoccin.Bt.SAMEA117655711.scaffold	Bos taurus	Bos taurus	Scaffold	ok	exon_4	4	213	0.9953051643192489	1.0	0.9953051643192489	0.9056603773584906	0.0	212	212	213	192	20	32778222.0	32779161.0	0.9743024182832847	HIGH	AG	GT	CANONICAL	CANONICAL	1140	0	0.0	0	0
GCA_965154285.2	seqoccin.Bt.SAMEA117655711.scaffold	Bos taurus	Bos taurus	Scaffold	ok	exon_5	5	124	0.9919354838709677	0.9919354838709677	0.9919354838709677	0.9024390243902439	0.0	123	123	123	111	12	32781961.0	32782083.0	0.9719807238394965	HIGH	GA	GT	NONCANONICAL	CANONICAL	323	0	0.0	0	0
GCA_965154285.2	seqoccin.Bt.SAMEA117655711.scaffold	Bos taurus	Bos taurus	Scaffold	ok	exon_6	6	1115	0.9641255605381166	1.0	0.9641255605381166	0.8762790697674419	0.0	1075	1075	1115	942	133	32782908.0	32783983.0	0.9529262696840131	HIGH	AG		CANONICAL	NA	1276	0	0.0	0	0
GCA_965154295.2	seqoccin.Bt.SAMEA117655715.scaffold	Bos taurus	Bos taurus	Scaffold	ok	exon_1	1	194	0.8917525773195877	0.8969072164948454	0.8917525773195877	0.8728323699421965	0.0	173	173	174	151	22	28578967.0	28579139.0	0.9194967522793636	HIGH			NA	NA	373	0	0.0	0	0
GCA_965154295.2	seqoccin.Bt.SAMEA117655715.scaffold	Bos taurus	Bos taurus	Scaffold	ok	exon_2	2	304	1.0	1.0	1.0	0.9078947368421053	0.0	304	304	304	276	28	28581792.0	28582095.0	0.9769736842105263	HIGH	AG	GT	CANONICAL	CANONICAL	504	0	0.0	0	0
GCA_965154295.2	seqoccin.Bt.SAMEA117655715.scaffold	Bos taurus	Bos taurus	Scaffold	ok	exon_3	3	837	0.942652329749104	0.966547192353644	0.942652329749104	0.8846641318124208	0.0	789	789	809	698	91	28584632.0	28585422.0	0.945359581340202	HIGH	AG	AC	CANONICAL	NONCANONICAL	991	0	0.0	0	0
GCA_965154295.2	seqoccin.Bt.SAMEA117655715.scaffold	Bos taurus	Bos taurus	Scaffold	ok	exon_4	4	213	0.9953051643192489	1.0	0.9953051643192489	0.9056603773584906	0.0	212	212	213	192	20	28592769.0	28593708.0	0.9743024182832847	HIGH	AG	GT	CANONICAL	CANONICAL	1140	0	0.0	0	0
GCA_965154295.2	seqoccin.Bt.SAMEA117655715.scaffold	Bos taurus	Bos taurus	Scaffold	ok	exon_5	5	124	0.9919354838709677	0.9919354838709677	0.9919354838709677	0.9024390243902439	0.0	123	123	123	111	12	28596507.0	28596629.0	0.9719807238394965	HIGH	GA	GT	NONCANONICAL	CANONICAL	323	0	0.0	0	0
GCA_965154295.2	seqoccin.Bt.SAMEA117655715.scaffold	Bos taurus	Bos taurus	Scaffold	ok	exon_6	6	1115	0.9641255605381166	1.0	0.9641255605381166	0.8762790697674419	0.0	1075	1075	1115	942	133	28597454.0	28598529.0	0.9529262696840131	HIGH	AG		CANONICAL	NA	1276	0	0.0	0	0
GCA_965154305.2	seqoccin.Bt.SAMEA117655721.scaffold	Bos taurus	Bos taurus	Scaffold	ok	exon_1	1	194	0.8917525773195877	0.8969072164948454	0.8917525773195877	0.8728323699421965	0.0	173	173	174	151	22	33525162.0	33525334.0	0.9194967522793636	HIGH			NA	NA	373	0	0.0	0	0
GCA_965154305.2	seqoccin.Bt.SAMEA117655721.scaffold	Bos taurus	Bos taurus	Scaffold	ok	exon_2	2	304	1.0	1.0	1.0	0.9078947368421053	0.0	304	304	304	276	28	33527987.0	33528290.0	0.9769736842105263	HIGH	AG	GT	CANONICAL	CANONICAL	504	0	0.0	0	0
GCA_965154305.2	seqoccin.Bt.SAMEA117655721.scaffold	Bos taurus	Bos taurus	Scaffold	ok	exon_3	3	837	0.942652329749104	0.966547192353644	0.942652329749104	0.8846641318124208	0.0	789	789	809	698	91	33530827.0	33531617.0	0.945359581340202	HIGH	AG	AC	CANONICAL	NONCANONICAL	991	0	0.0	0	0
GCA_965154305.2	seqoccin.Bt.SAMEA117655721.scaffold	Bos taurus	Bos taurus	Scaffold	ok	exon_4	4	213	0.9953051643192489	1.0	0.9953051643192489	0.9056603773584906	0.0	212	212	213	192	20	33538963.0	33539902.0	0.9743024182832847	HIGH	AG	GT	CANONICAL	CANONICAL	1140	0	0.0	0	0
GCA_965154305.2	seqoccin.Bt.SAMEA117655721.scaffold	Bos taurus	Bos taurus	Scaffold	ok	exon_5	5	124	0.9919354838709677	0.9919354838709677	0.9919354838709677	0.9024390243902439	0.0	123	123	123	111	12	33542701.0	33542823.0	0.9719807238394965	HIGH	GA	GT	NONCANONICAL	CANONICAL	323	0	0.0	0	0
GCA_965154305.2	seqoccin.Bt.SAMEA117655721.scaffold	Bos taurus	Bos taurus	Scaffold	ok	exon_6	6	1115	0.9641255605381166	1.0	0.9641255605381166	0.8762790697674419	0.0	1075	1075	1115	942	133	33543648.0	33544723.0	0.9529262696840131	HIGH	AG		CANONICAL	NA	1276	0	0.0	0	0
GCA_965154315.2	seqoccin.Bt.SAMEA117655726.scaffold	Bos taurus	Bos taurus	Scaffold	ok	exon_1	1	194	0.8917525773195877	0.8969072164948454	0.8917525773195877	0.8728323699421965	0.0	173	173	174	151	22	33792150.0	33792322.0	0.9194967522793636	HIGH			NA	NA	373	0	0.0	0	0
GCA_965154315.2	seqoccin.Bt.SAMEA117655726.scaffold	Bos taurus	Bos taurus	Scaffold	ok	exon_2	2	304	1.0	1.0	1.0	0.9078947368421053	0.0	304	304	304	276	28	33794975.0	33795278.0	0.9769736842105263	HIGH	AG	GT	CANONICAL	CANONICAL	504	0	0.0	0	0
GCA_965154315.2	seqoccin.Bt.SAMEA117655726.scaffold	Bos taurus	Bos taurus	Scaffold	ok	exon_3	3	837	0.942652329749104	0.966547192353644	0.942652329749104	0.8859315589353612	0.0	789	789	809	699	90	33798130.0	33798920.0	0.9456764381209372	HIGH	AG	AC	CANONICAL	NONCANONICAL	991	0	0.0	0	0
GCA_965154315.2	seqoccin.Bt.SAMEA117655726.scaffold	Bos taurus	Bos taurus	Scaffold	ok	exon_4	4	213	0.9953051643192489	1.0	0.9953051643192489	0.9056603773584906	0.0	212	212	213	192	20	33806266.0	33807205.0	0.9743024182832847	HIGH	AG	GT	CANONICAL	CANONICAL	1140	0	0.0	0	0
GCA_965154315.2	seqoccin.Bt.SAMEA117655726.scaffold	Bos taurus	Bos taurus	Scaffold	ok	exon_5	5	124	0.9919354838709677	0.9919354838709677	0.9919354838709677	0.9024390243902439	0.0	123	123	123	111	12	33810004.0	33810126.0	0.9719807238394965	HIGH	GA	GT	NONCANONICAL	CANONICAL	323	0	0.0	0	0
GCA_965154315.2	seqoccin.Bt.SAMEA117655726.scaffold	Bos taurus	Bos taurus	Scaffold	ok	exon_6	6	1115	0.9641255605381166	1.0	0.9641255605381166	0.8762790697674419	0.0	1075	1075	1115	942	133	33810951.0	33812026.0	0.9529262696840131	HIGH	AG		CANONICAL	NA	1276	0	0.0	0	0
GCA_965154325.2	seqoccin.Bt.SAMEA117655725.scaffold	Bos taurus	Bos taurus	Scaffold	ok	exon_1	1	194	0.8917525773195877	0.8969072164948454	0.8917525773195877	0.8728323699421965	0.0	173	173	174	151	22	34217574.0	34217746.0	0.9194967522793636	HIGH			NA	NA	373	0	0.0	0	0
GCA_965154325.2	seqoccin.Bt.SAMEA117655725.scaffold	Bos taurus	Bos taurus	Scaffold	ok	exon_2	2	304	1.0	1.0	1.0	0.9078947368421053	0.0	304	304	304	276	28	34220399.0	34220702.0	0.9769736842105263	HIGH	AG	GT	CANONICAL	CANONICAL	504	0	0.0	0	0
GCA_965154325.2	seqoccin.Bt.SAMEA117655725.scaffold	Bos taurus	Bos taurus	Scaffold	ok	exon_3	3	837	0.946236559139785	0.966547192353644	0.946236559139785	0.8813131313131313	0.0	792	792	809	698	94	34223554.0	34224345.0	0.9461347344411861	HIGH	AG	AC	CANONICAL	NONCANONICAL	992	0	0.0	0	0
GCA_965154325.2	seqoccin.Bt.SAMEA117655725.scaffold	Bos taurus	Bos taurus	Scaffold	ok	exon_4	4	213	0.9953051643192489	1.0	0.9953051643192489	0.9056603773584906	0.0	212	212	213	192	20	34231692.0	34232631.0	0.9743024182832847	HIGH	AG	GT	CANONICAL	CANONICAL	1140	0	0.0	0	0
GCA_965154325.2	seqoccin.Bt.SAMEA117655725.scaffold	Bos taurus	Bos taurus	Scaffold	ok	exon_5	5	124	0.9919354838709677	0.9919354838709677	0.9919354838709677	0.9024390243902439	0.0	123	123	123	111	12	34235431.0	34235553.0	0.9719807238394965	HIGH	GA	GT	NONCANONICAL	CANONICAL	323	0	0.0	0	0
GCA_965154325.2	seqoccin.Bt.SAMEA117655725.scaffold	Bos taurus	Bos taurus	Scaffold	ok	exon_6	6	1115	0.9641255605381166	1.0	0.9641255605381166	0.8762790697674419	0.0	1075	1075	1115	942	133	34236378.0	34237453.0	0.9529262696840131	HIGH	AG		CANONICAL	NA	1276	0	0.0	0	0
GCA_965154335.2	seqoccin.Bt.SAMEA117655742.scaffold	Bos taurus	Bos taurus	Scaffold	ok	exon_1	1	194	0.8917525773195877	0.8969072164948454	0.8917525773195877	0.8728323699421965	0.0	173	173	174	151	22	32095248.0	32095420.0	0.9194967522793636	HIGH			NA	NA	373	0	0.0	0	0
GCA_965154335.2	seqoccin.Bt.SAMEA117655742.scaffold	Bos taurus	Bos taurus	Scaffold	ok	exon_2	2	304	1.0	1.0	1.0	0.9078947368421053	0.0	304	304	304	276	28	32098074.0	32098377.0	0.9769736842105263	HIGH	AG	GT	CANONICAL	CANONICAL	504	0	0.0	0	0
GCA_965154335.2	seqoccin.Bt.SAMEA117655742.scaffold	Bos taurus	Bos taurus	Scaffold	ok	exon_3	3	837	0.946236559139785	0.966547192353644	0.946236559139785	0.8813131313131313	0.0	792	792	809	698	94	32101229.0	32102020.0	0.9461347344411861	HIGH	AG	AC	CANONICAL	NONCANONICAL	992	0	0.0	0	0
GCA_965154335.2	seqoccin.Bt.SAMEA117655742.scaffold	Bos taurus	Bos taurus	Scaffold	ok	exon_4	4	213	0.9953051643192489	1.0	0.9953051643192489	0.9056603773584906	0.0	212	212	213	192	20	32109367.0	32110306.0	0.9743024182832847	HIGH	AG	GT	CANONICAL	CANONICAL	1140	0	0.0	0	0
GCA_965154335.2	seqoccin.Bt.SAMEA117655742.scaffold	Bos taurus	Bos taurus	Scaffold	ok	exon_5	5	124	0.9919354838709677	0.9919354838709677	0.9919354838709677	0.9024390243902439	0.0	123	123	123	111	12	32113106.0	32113228.0	0.9719807238394965	HIGH	GA	GT	NONCANONICAL	CANONICAL	323	0	0.0	0	0
GCA_965154335.2	seqoccin.Bt.SAMEA117655742.scaffold	Bos taurus	Bos taurus	Scaffold	ok	exon_6	6	1115	0.9641255605381166	1.0	0.9641255605381166	0.8762790697674419	0.0	1075	1075	1115	942	133	32114053.0	32115128.0	0.9529262696840131	HIGH	AG		CANONICAL	NA	1276	0	0.0	0	0
GCA_965154345.2	seqoccin.Bt.SAMEA117655743.scaffold	Bos taurus	Bos taurus	Scaffold	ok	exon_1	1	194	0.8917525773195877	0.8969072164948454	0.8917525773195877	0.8728323699421965	0.0	173	173	174	151	22	40337116.0	40337288.0	0.9194967522793636	HIGH			NA	NA	373	0	0.0	0	0
GCA_965154345.2	seqoccin.Bt.SAMEA117655743.scaffold	Bos taurus	Bos taurus	Scaffold	ok	exon_2	2	304	1.0	1.0	1.0	0.9078947368421053	0.0	304	304	304	276	28	40339941.0	40340244.0	0.9769736842105263	HIGH	AG	GT	CANONICAL	CANONICAL	504	0	0.0	0	0
GCA_965154345.2	seqoccin.Bt.SAMEA117655743.scaffold	Bos taurus	Bos taurus	Scaffold	ok	exon_3	3	837	0.946236559139785	0.966547192353644	0.946236559139785	0.8800505050505051	0.0	792	792	809	697	95	40342980.0	40343771.0	0.9458190778755295	HIGH	AG	AC	CANONICAL	NONCANONICAL	992	0	0.0	0	0
GCA_965154345.2	seqoccin.Bt.SAMEA117655743.scaffold	Bos taurus	Bos taurus	Scaffold	ok	exon_4	4	213	0.9953051643192489	1.0	0.9953051643192489	0.9056603773584906	0.0	212	212	213	192	20	40351118.0	40352057.0	0.9743024182832847	HIGH	AG	GT	CANONICAL	CANONICAL	1140	0	0.0	0	0
GCA_965154345.2	seqoccin.Bt.SAMEA117655743.scaffold	Bos taurus	Bos taurus	Scaffold	ok	exon_5	5	124	0.9919354838709677	0.9919354838709677	0.9919354838709677	0.9024390243902439	0.0	123	123	123	111	12	40354857.0	40354979.0	0.9719807238394965	HIGH	GA	GT	NONCANONICAL	CANONICAL	323	0	0.0	0	0
GCA_965154345.2	seqoccin.Bt.SAMEA117655743.scaffold	Bos taurus	Bos taurus	Scaffold	ok	exon_6	6	1115	0.9641255605381166	1.0	0.9641255605381166	0.8762790697674419	0.0	1075	1075	1115	942	133	40355802.0	40356877.0	0.9529262696840131	HIGH	AG		CANONICAL	NA	1276	0	0.0	0	0
GCA_965154355.2	seqoccin.Bt.SAMEA117655732.scaffold	Bos taurus	Bos taurus	Scaffold	ok	exon_1	1	194	0.8917525773195877	0.8969072164948454	0.8917525773195877	0.8728323699421965	0.0	173	173	174	151	22	33821602.0	33821774.0	0.9194967522793636	HIGH			NA	NA	373	0	0.0	0	0
GCA_965154355.2	seqoccin.Bt.SAMEA117655732.scaffold	Bos taurus	Bos taurus	Scaffold	ok	exon_2	2	304	1.0	1.0	1.0	0.9078947368421053	0.0	304	304	304	276	28	33824427.0	33824730.0	0.9769736842105263	HIGH	AG	GT	CANONICAL	CANONICAL	504	0	0.0	0	0
GCA_965154355.2	seqoccin.Bt.SAMEA117655732.scaffold	Bos taurus	Bos taurus	Scaffold	ok	exon_3	3	837	0.946236559139785	0.966547192353644	0.946236559139785	0.8813131313131313	0.0	792	792	809	698	94	33827582.0	33828373.0	0.9461347344411861	HIGH	AG	AC	CANONICAL	NONCANONICAL	992	0	0.0	0	0
GCA_965154355.2	seqoccin.Bt.SAMEA117655732.scaffold	Bos taurus	Bos taurus	Scaffold	ok	exon_4	4	213	0.9953051643192489	1.0	0.9953051643192489	0.9056603773584906	0.0	212	212	213	192	20	33835720.0	33836659.0	0.9743024182832847	HIGH	AG	GT	CANONICAL	CANONICAL	1140	0	0.0	0	0
GCA_965154355.2	seqoccin.Bt.SAMEA117655732.scaffold	Bos taurus	Bos taurus	Scaffold	ok	exon_5	5	124	0.9919354838709677	0.9919354838709677	0.9919354838709677	0.9024390243902439	0.0	123	123	123	111	12	33839459.0	33839581.0	0.9719807238394965	HIGH	GA	GT	NONCANONICAL	CANONICAL	323	0	0.0	0	0
GCA_965154355.2	seqoccin.Bt.SAMEA117655732.scaffold	Bos taurus	Bos taurus	Scaffold	ok	exon_6	6	1115	0.9641255605381166	1.0	0.9641255605381166	0.8762790697674419	0.0	1075	1075	1115	942	133	33840406.0	33841481.0	0.9529262696840131	HIGH	AG		CANONICAL	NA	1276	0	0.0	0	0
GCA_965154375.2	seqoccin.Bt.SAMEA117655736.scaffold	Bos taurus	Bos taurus	Scaffold	ok	exon_1	1	194	0.8917525773195877	0.8969072164948454	0.8917525773195877	0.8728323699421965	0.0	173	173	174	151	22	34311924.0	34312096.0	0.9194967522793636	HIGH			NA	NA	373	0	0.0	0	0
GCA_965154375.2	seqoccin.Bt.SAMEA117655736.scaffold	Bos taurus	Bos taurus	Scaffold	ok	exon_2	2	304	1.0	1.0	1.0	0.9078947368421053	0.0	304	304	304	276	28	34314749.0	34315052.0	0.9769736842105263	HIGH	AG	GT	CANONICAL	CANONICAL	504	0	0.0	0	0
GCA_965154375.2	seqoccin.Bt.SAMEA117655736.scaffold	Bos taurus	Bos taurus	Scaffold	ok	exon_3	3	837	0.942652329749104	0.966547192353644	0.942652329749104	0.8846641318124208	0.0	789	789	809	698	91	34317589.0	34318379.0	0.945359581340202	HIGH	AG	AC	CANONICAL	NONCANONICAL	991	0	0.0	0	0
GCA_965154375.2	seqoccin.Bt.SAMEA117655736.scaffold	Bos taurus	Bos taurus	Scaffold	ok	exon_4	4	213	0.9953051643192489	1.0	0.9953051643192489	0.9056603773584906	0.0	212	212	213	192	20	34325725.0	34326664.0	0.9743024182832847	HIGH	AG	GT	CANONICAL	CANONICAL	1140	0	0.0	0	0
GCA_965154375.2	seqoccin.Bt.SAMEA117655736.scaffold	Bos taurus	Bos taurus	Scaffold	ok	exon_5	5	124	0.9919354838709677	0.9919354838709677	0.9919354838709677	0.9024390243902439	0.0	123	123	123	111	12	34329463.0	34329585.0	0.9719807238394965	HIGH	GA	GT	NONCANONICAL	CANONICAL	323	0	0.0	0	0
GCA_965154375.2	seqoccin.Bt.SAMEA117655736.scaffold	Bos taurus	Bos taurus	Scaffold	ok	exon_6	6	1115	0.9641255605381166	1.0	0.9641255605381166	0.8762790697674419	0.0	1075	1075	1115	942	133	34330410.0	34331485.0	0.9529262696840131	HIGH	AG		CANONICAL	NA	1276	0	0.0	0	0
GCA_965154385.2	seqoccin.Bt.SAMEA117655737.scaffold	Bos taurus	Bos taurus	Scaffold	ok	exon_1	1	194	0.8917525773195877	0.8969072164948454	0.8917525773195877	0.8728323699421965	0.0	173	173	174	151	22	33307475.0	33307647.0	0.9194967522793636	HIGH			NA	NA	373	0	0.0	0	0
GCA_965154385.2	seqoccin.Bt.SAMEA117655737.scaffold	Bos taurus	Bos taurus	Scaffold	ok	exon_2	2	304	1.0	1.0	1.0	0.9046052631578947	0.0	304	304	304	275	29	33310301.0	33310604.0	0.9761513157894737	HIGH	AG	GT	CANONICAL	CANONICAL	504	0	0.0	0	0
GCA_965154385.2	seqoccin.Bt.SAMEA117655737.scaffold	Bos taurus	Bos taurus	Scaffold	ok	exon_3	3	837	0.946236559139785	0.966547192353644	0.946236559139785	0.8825757575757576	0.0	792	792	809	699	93	33313456.0	33314247.0	0.9464503910068427	HIGH	AG	AC	CANONICAL	NONCANONICAL	992	0	0.0	0	0
GCA_965154385.2	seqoccin.Bt.SAMEA117655737.scaffold	Bos taurus	Bos taurus	Scaffold	ok	exon_4	4	213	0.9953051643192489	1.0	0.9953051643192489	0.9056603773584906	0.0	212	212	213	192	20	33321593.0	33322532.0	0.9743024182832847	HIGH	AG	GT	CANONICAL	CANONICAL	1140	0	0.0	0	0
GCA_965154385.2	seqoccin.Bt.SAMEA117655737.scaffold	Bos taurus	Bos taurus	Scaffold	ok	exon_5	5	124	0.9919354838709677	0.9919354838709677	0.9919354838709677	0.9024390243902439	0.0	123	123	123	111	12	33325353.0	33325475.0	0.9719807238394965	HIGH	GA	GT	NONCANONICAL	CANONICAL	323	0	0.0	0	0
GCA_965154385.2	seqoccin.Bt.SAMEA117655737.scaffold	Bos taurus	Bos taurus	Scaffold	ok	exon_6	6	1115	0.9641255605381166	1.0	0.9641255605381166	0.8734883720930232	0.0	1075	1075	1115	939	136	33326300.0	33327375.0	0.9522285952654084	HIGH	AG		CANONICAL	NA	1276	0	0.0	0	0
GCA_965154395.2	seqoccin.Bt.SAMEA117655738.scaffold	Bos taurus	Bos taurus	Scaffold	ok	exon_1	1	194	0.8917525773195877	0.8969072164948454	0.8917525773195877	0.8728323699421965	0.0	173	173	174	151	22	34210666.0	34210838.0	0.9194967522793636	HIGH			NA	NA	373	0	0.0	0	0
GCA_965154395.2	seqoccin.Bt.SAMEA117655738.scaffold	Bos taurus	Bos taurus	Scaffold	ok	exon_2	2	304	1.0	1.0	1.0	0.9078947368421053	0.0	304	304	304	276	28	34213491.0	34213794.0	0.9769736842105263	HIGH	AG	GT	CANONICAL	CANONICAL	504	0	0.0	0	0
GCA_965154395.2	seqoccin.Bt.SAMEA117655738.scaffold	Bos taurus	Bos taurus	Scaffold	ok	exon_3	3	837	0.946236559139785	0.966547192353644	0.946236559139785	0.8800505050505051	0.0	792	792	809	697	95	34216331.0	34217122.0	0.9458190778755295	HIGH	AG	AC	CANONICAL	NONCANONICAL	992	0	0.0	0	0
GCA_965154395.2	seqoccin.Bt.SAMEA117655738.scaffold	Bos taurus	Bos taurus	Scaffold	ok	exon_4	4	213	0.9953051643192489	1.0	0.9953051643192489	0.9056603773584906	0.0	212	212	213	192	20	34224468.0	34225407.0	0.9743024182832847	HIGH	AG	GT	CANONICAL	CANONICAL	1140	0	0.0	0	0
GCA_965154395.2	seqoccin.Bt.SAMEA117655738.scaffold	Bos taurus	Bos taurus	Scaffold	ok	exon_5	5	124	0.9919354838709677	0.9919354838709677	0.9919354838709677	0.9024390243902439	0.0	123	123	123	111	12	34228206.0	34228328.0	0.9719807238394965	HIGH	GA	GT	NONCANONICAL	CANONICAL	323	0	0.0	0	0
GCA_965154395.2	seqoccin.Bt.SAMEA117655738.scaffold	Bos taurus	Bos taurus	Scaffold	ok	exon_6	6	1115	0.9641255605381166	1.0	0.9641255605381166	0.8762790697674419	0.0	1075	1075	1115	942	133	34229153.0	34230228.0	0.9529262696840131	HIGH	AG		CANONICAL	NA	1276	0	0.0	0	0
GCA_965154405.2	seqoccin.Bt.SAMEA117655727.scaffold	Bos taurus	Bos taurus	Scaffold	ok	exon_1	1	194	0.8917525773195877	0.8969072164948454	0.8917525773195877	0.8728323699421965	0.0	173	173	174	151	22	33932318.0	33932490.0	0.9194967522793636	HIGH			NA	NA	373	0	0.0	0	0
GCA_965154405.2	seqoccin.Bt.SAMEA117655727.scaffold	Bos taurus	Bos taurus	Scaffold	ok	exon_2	2	304	1.0	1.0	1.0	0.9078947368421053	0.0	304	304	304	276	28	33935143.0	33935446.0	0.9769736842105263	HIGH	AG	GT	CANONICAL	CANONICAL	504	0	0.0	0	0
GCA_965154405.2	seqoccin.Bt.SAMEA117655727.scaffold	Bos taurus	Bos taurus	Scaffold	ok	exon_3	3	837	0.942652329749104	0.966547192353644	0.942652329749104	0.8846641318124208	0.0	789	789	809	698	91	33937983.0	33938773.0	0.945359581340202	HIGH	AG	AC	CANONICAL	NONCANONICAL	991	0	0.0	0	0
GCA_965154405.2	seqoccin.Bt.SAMEA117655727.scaffold	Bos taurus	Bos taurus	Scaffold	ok	exon_4	4	213	0.9953051643192489	1.0	0.9953051643192489	0.9056603773584906	0.0	212	212	213	192	20	33946121.0	33947060.0	0.9743024182832847	HIGH	AG	GT	CANONICAL	CANONICAL	1140	0	0.0	0	0
GCA_965154405.2	seqoccin.Bt.SAMEA117655727.scaffold	Bos taurus	Bos taurus	Scaffold	ok	exon_5	5	124	0.9919354838709677	0.9919354838709677	0.9919354838709677	0.9024390243902439	0.0	123	123	123	111	12	33949859.0	33949981.0	0.9719807238394965	HIGH	GA	GT	NONCANONICAL	CANONICAL	323	0	0.0	0	0
GCA_965154405.2	seqoccin.Bt.SAMEA117655727.scaffold	Bos taurus	Bos taurus	Scaffold	ok	exon_6	6	1115	0.9641255605381166	1.0	0.9641255605381166	0.8762790697674419	0.0	1075	1075	1115	942	133	33950806.0	33951881.0	0.9529262696840131	HIGH	AG		CANONICAL	NA	1276	0	0.0	0	0
GCA_965154415.2	seqoccin.Bt.SAMEA117655741.scaffold	Bos taurus	Bos taurus	Scaffold	ok	exon_1	1	194	0.8917525773195877	0.8969072164948454	0.8917525773195877	0.8728323699421965	0.0	173	173	174	151	22	33477230.0	33477402.0	0.9194967522793636	HIGH			NA	NA	373	0	0.0	0	0
GCA_965154415.2	seqoccin.Bt.SAMEA117655741.scaffold	Bos taurus	Bos taurus	Scaffold	ok	exon_2	2	304	1.0	1.0	1.0	0.9078947368421053	0.0	304	304	304	276	28	33480055.0	33480358.0	0.9769736842105263	HIGH	AG	GT	CANONICAL	CANONICAL	504	0	0.0	0	0
GCA_965154415.2	seqoccin.Bt.SAMEA117655741.scaffold	Bos taurus	Bos taurus	Scaffold	ok	exon_3	3	837	0.946236559139785	0.966547192353644	0.946236559139785	0.8800505050505051	0.0	792	792	809	697	95	33483210.0	33484001.0	0.9458190778755295	HIGH	AG	AC	CANONICAL	NONCANONICAL	992	0	0.0	0	0
GCA_965154415.2	seqoccin.Bt.SAMEA117655741.scaffold	Bos taurus	Bos taurus	Scaffold	ok	exon_4	4	213	0.9953051643192489	1.0	0.9953051643192489	0.9056603773584906	0.0	212	212	213	192	20	33491349.0	33492288.0	0.9743024182832847	HIGH	AG	GT	CANONICAL	CANONICAL	1140	0	0.0	0	0
GCA_965154415.2	seqoccin.Bt.SAMEA117655741.scaffold	Bos taurus	Bos taurus	Scaffold	ok	exon_5	5	124	0.9919354838709677	0.9919354838709677	0.9919354838709677	0.9024390243902439	0.0	123	123	123	111	12	33495088.0	33495210.0	0.9719807238394965	HIGH	GA	GT	NONCANONICAL	CANONICAL	323	0	0.0	0	0
GCA_965154415.2	seqoccin.Bt.SAMEA117655741.scaffold	Bos taurus	Bos taurus	Scaffold	ok	exon_6	6	1115	0.9641255605381166	1.0	0.9641255605381166	0.8762790697674419	0.0	1075	1075	1115	942	133	33496035.0	33497110.0	0.9529262696840131	HIGH	AG		CANONICAL	NA	1276	0	0.0	0	0
GCA_965154425.2	seqoccin.Bt.SAMEA117655740.scaffold	Bos taurus	Bos taurus	Scaffold	ok	exon_1	1	194	0.8917525773195877	0.8969072164948454	0.8917525773195877	0.8728323699421965	0.0	173	173	174	151	22	33529548.0	33529720.0	0.9194967522793636	HIGH			NA	NA	373	0	0.0	0	0
GCA_965154425.2	seqoccin.Bt.SAMEA117655740.scaffold	Bos taurus	Bos taurus	Scaffold	ok	exon_2	2	304	1.0	1.0	1.0	0.9078947368421053	0.0	304	304	304	276	28	33532373.0	33532676.0	0.9769736842105263	HIGH	AG	GT	CANONICAL	CANONICAL	504	0	0.0	0	0
GCA_965154425.2	seqoccin.Bt.SAMEA117655740.scaffold	Bos taurus	Bos taurus	Scaffold	ok	exon_3	3	837	0.942652329749104	0.966547192353644	0.942652329749104	0.8871989860583016	0.0	789	789	809	700	89	33535528.0	33536318.0	0.9459932949016723	HIGH	AG	AC	CANONICAL	NONCANONICAL	991	0	0.0	0	0
GCA_965154425.2	seqoccin.Bt.SAMEA117655740.scaffold	Bos taurus	Bos taurus	Scaffold	ok	exon_4	4	213	0.9953051643192489	1.0	0.9953051643192489	0.9056603773584906	0.0	212	212	213	192	20	33543677.0	33544616.0	0.9743024182832847	HIGH	AG	GT	CANONICAL	CANONICAL	1140	0	0.0	0	0
GCA_965154425.2	seqoccin.Bt.SAMEA117655740.scaffold	Bos taurus	Bos taurus	Scaffold	ok	exon_5	5	124	0.9919354838709677	0.9919354838709677	0.9919354838709677	0.9105691056910569	0.0	123	123	123	112	11	33547437.0	33547559.0	0.9740132441646998	HIGH	GA	TA	NONCANONICAL	NONCANONICAL	323	0	0.0	0	0
GCA_965154425.2	seqoccin.Bt.SAMEA117655740.scaffold	Bos taurus	Bos taurus	Scaffold	ok	exon_6	6	1115	0.9641255605381166	1.0	0.9641255605381166	0.8772093023255814	0.0	1075	1075	1115	943	132	33548384.0	33549459.0	0.9531588278235479	HIGH	AG		CANONICAL	NA	1276	0	0.0	0	0
GCA_965154435.2	seqoccin.Bt.SAMEA117655744.scaffold	Bos taurus	Bos taurus	Scaffold	ok	exon_1	1	194	0.8917525773195877	0.8969072164948454	0.8917525773195877	0.8728323699421965	0.0	173	173	174	151	22	37696586.0	37696758.0	0.9194967522793636	HIGH			NA	NA	373	0	0.0	0	0
GCA_965154435.2	seqoccin.Bt.SAMEA117655744.scaffold	Bos taurus	Bos taurus	Scaffold	ok	exon_2	2	304	1.0	1.0	1.0	0.9078947368421053	0.0	304	304	304	276	28	37699412.0	37699715.0	0.9769736842105263	HIGH	AG	GT	CANONICAL	CANONICAL	504	0	0.0	0	0
GCA_965154435.2	seqoccin.Bt.SAMEA117655744.scaffold	Bos taurus	Bos taurus	Scaffold	ok	exon_3	3	837	0.946236559139785	0.966547192353644	0.946236559139785	0.8825757575757576	0.0	792	792	809	699	93	37702567.0	37703358.0	0.9464503910068427	HIGH	AG	AC	CANONICAL	NONCANONICAL	992	0	0.0	0	0
GCA_965154435.2	seqoccin.Bt.SAMEA117655744.scaffold	Bos taurus	Bos taurus	Scaffold	ok	exon_4	4	213	0.9953051643192489	1.0	0.9953051643192489	0.9056603773584906	0.0	212	212	213	192	20	37710705.0	37711644.0	0.9743024182832847	HIGH	AG	GT	CANONICAL	CANONICAL	1140	0	0.0	0	0
GCA_965154435.2	seqoccin.Bt.SAMEA117655744.scaffold	Bos taurus	Bos taurus	Scaffold	ok	exon_5	5	124	0.9919354838709677	0.9919354838709677	0.9919354838709677	0.9024390243902439	0.0	123	123	123	111	12	37714444.0	37714566.0	0.9719807238394965	HIGH	GA	GT	NONCANONICAL	CANONICAL	323	0	0.0	0	0
GCA_965154435.2	seqoccin.Bt.SAMEA117655744.scaffold	Bos taurus	Bos taurus	Scaffold	ok	exon_6	6	1115	0.9641255605381166	1.0	0.9641255605381166	0.8762790697674419	0.0	1075	1075	1115	942	133	37715391.0	37716466.0	0.9529262696840131	HIGH	AG		CANONICAL	NA	1276	0	0.0	0	0
GCA_965154445.2	seqoccin.Bt.SAMEA117655729.scaffold	Bos taurus	Bos taurus	Scaffold	ok	exon_1	1	194	0.8917525773195877	0.8969072164948454	0.8917525773195877	0.8728323699421965	0.0	173	173	174	151	22	32891930.0	32892102.0	0.9194967522793636	HIGH			NA	NA	373	0	0.0	0	0
GCA_965154445.2	seqoccin.Bt.SAMEA117655729.scaffold	Bos taurus	Bos taurus	Scaffold	ok	exon_2	2	304	1.0	1.0	1.0	0.9078947368421053	0.0	304	304	304	276	28	32894755.0	32895058.0	0.9769736842105263	HIGH	AG	GT	CANONICAL	CANONICAL	504	0	0.0	0	0
GCA_965154445.2	seqoccin.Bt.SAMEA117655729.scaffold	Bos taurus	Bos taurus	Scaffold	ok	exon_3	3	837	0.946236559139785	0.966547192353644	0.946236559139785	0.8825757575757576	0.0	792	792	809	699	93	32897910.0	32898701.0	0.9464503910068427	HIGH	AG	AC	CANONICAL	NONCANONICAL	992	0	0.0	0	0
GCA_965154445.2	seqoccin.Bt.SAMEA117655729.scaffold	Bos taurus	Bos taurus	Scaffold	ok	exon_4	4	213	0.9953051643192489	1.0	0.9953051643192489	0.9056603773584906	0.0	212	212	213	192	20	32906048.0	32906987.0	0.9743024182832847	HIGH	AG	GT	CANONICAL	CANONICAL	1140	0	0.0	0	0
GCA_965154445.2	seqoccin.Bt.SAMEA117655729.scaffold	Bos taurus	Bos taurus	Scaffold	ok	exon_5	5	124	0.9919354838709677	0.9919354838709677	0.9919354838709677	0.9024390243902439	0.0	123	123	123	111	12	32909787.0	32909909.0	0.9719807238394965	HIGH	GA	GT	NONCANONICAL	CANONICAL	323	0	0.0	0	0
GCA_965154445.2	seqoccin.Bt.SAMEA117655729.scaffold	Bos taurus	Bos taurus	Scaffold	ok	exon_6	6	1115	0.9641255605381166	1.0	0.9641255605381166	0.8762790697674419	0.0	1075	1075	1115	942	133	32910734.0	32911809.0	0.9529262696840131	HIGH	AG		CANONICAL	NA	1276	0	0.0	0	0
GCA_965177315.2	seqoccin.Bt.SAMEA117655748.scaffold	Bos taurus	Bos taurus	Scaffold	ok	exon_1	1	194	0.8917525773195877	0.8969072164948454	0.8917525773195877	0.8728323699421965	0.0	173	173	174	151	22	33662743.0	33662915.0	0.9194967522793636	HIGH			NA	NA	373	0	0.0	0	0
GCA_965177315.2	seqoccin.Bt.SAMEA117655748.scaffold	Bos taurus	Bos taurus	Scaffold	ok	exon_2	2	304	1.0	1.0	1.0	0.9078947368421053	0.0	304	304	304	276	28	33665568.0	33665871.0	0.9769736842105263	HIGH	AG	GT	CANONICAL	CANONICAL	504	0	0.0	0	0
GCA_965177315.2	seqoccin.Bt.SAMEA117655748.scaffold	Bos taurus	Bos taurus	Scaffold	ok	exon_3	3	837	0.942652329749104	0.966547192353644	0.942652329749104	0.8859315589353612	0.0	789	789	809	699	90	33668407.0	33669197.0	0.9456764381209372	HIGH	AG	AC	CANONICAL	NONCANONICAL	991	0	0.0	0	0
GCA_965177315.2	seqoccin.Bt.SAMEA117655748.scaffold	Bos taurus	Bos taurus	Scaffold	ok	exon_4	4	213	0.9953051643192489	1.0	0.9953051643192489	0.9056603773584906	0.0	212	212	213	192	20	33676543.0	33677482.0	0.9743024182832847	HIGH	AG	GT	CANONICAL	CANONICAL	1140	0	0.0	0	0
GCA_965177315.2	seqoccin.Bt.SAMEA117655748.scaffold	Bos taurus	Bos taurus	Scaffold	ok	exon_5	5	124	0.9919354838709677	0.9919354838709677	0.9919354838709677	0.9024390243902439	0.0	123	123	123	111	12	33680281.0	33680403.0	0.9719807238394965	HIGH	GA	GT	NONCANONICAL	CANONICAL	323	0	0.0	0	0
GCA_965177315.2	seqoccin.Bt.SAMEA117655748.scaffold	Bos taurus	Bos taurus	Scaffold	ok	exon_6	6	1115	0.9641255605381166	1.0	0.9641255605381166	0.8762790697674419	0.0	1075	1075	1115	942	133	33681228.0	33682303.0	0.9529262696840131	HIGH	AG		CANONICAL	NA	1276	0	0.0	0	0
GCA_965177325.2	seqoccin.Bt.SAMEA117655745.scaffold	Bos taurus	Bos taurus	Scaffold	ok	exon_1	1	194	0.8917525773195877	0.8969072164948454	0.8917525773195877	0.8728323699421965	0.0	173	173	174	151	22	32415851.0	32416023.0	0.9194967522793636	HIGH			NA	NA	373	0	0.0	0	0
GCA_965177325.2	seqoccin.Bt.SAMEA117655745.scaffold	Bos taurus	Bos taurus	Scaffold	ok	exon_2	2	304	1.0	1.0	1.0	0.9078947368421053	0.0	304	304	304	276	28	32418676.0	32418979.0	0.9769736842105263	HIGH	AG	GT	CANONICAL	CANONICAL	504	0	0.0	0	0
GCA_965177325.2	seqoccin.Bt.SAMEA117655745.scaffold	Bos taurus	Bos taurus	Scaffold	ok	exon_3	3	837	0.942652329749104	0.966547192353644	0.942652329749104	0.8846641318124208	0.0	789	789	809	698	91	32421831.0	32422621.0	0.945359581340202	HIGH	AG	AC	CANONICAL	NONCANONICAL	991	0	0.0	0	0
GCA_965177325.2	seqoccin.Bt.SAMEA117655745.scaffold	Bos taurus	Bos taurus	Scaffold	ok	exon_4	4	213	0.9953051643192489	1.0	0.9953051643192489	0.9056603773584906	0.0	212	212	213	192	20	32429967.0	32430906.0	0.9743024182832847	HIGH	AG	GT	CANONICAL	CANONICAL	1140	0	0.0	0	0
GCA_965177325.2	seqoccin.Bt.SAMEA117655745.scaffold	Bos taurus	Bos taurus	Scaffold	ok	exon_5	5	124	0.9919354838709677	0.9919354838709677	0.9919354838709677	0.9024390243902439	0.0	123	123	123	111	12	32433706.0	32433828.0	0.9719807238394965	HIGH	GA	GT	NONCANONICAL	CANONICAL	323	0	0.0	0	0
GCA_965177325.2	seqoccin.Bt.SAMEA117655745.scaffold	Bos taurus	Bos taurus	Scaffold	ok	exon_6	6	1115	0.9641255605381166	1.0	0.9641255605381166	0.8762790697674419	0.0	1075	1075	1115	942	133	32434653.0	32435728.0	0.9529262696840131	HIGH	AG		CANONICAL	NA	1276	0	0.0	0	0
GCA_965177335.2	seqoccin.Bt.SAMEA117655747.scaffold	Bos taurus	Bos taurus	Scaffold	ok	exon_1	1	194	0.8917525773195877	0.8969072164948454	0.8917525773195877	0.8728323699421965	0.0	173	173	174	151	22	33323969.0	33324141.0	0.9194967522793636	HIGH			NA	NA	373	0	0.0	0	0
GCA_965177335.2	seqoccin.Bt.SAMEA117655747.scaffold	Bos taurus	Bos taurus	Scaffold	ok	exon_2	2	304	1.0	1.0	1.0	0.9078947368421053	0.0	304	304	304	276	28	33326794.0	33327097.0	0.9769736842105263	HIGH	AG	GT	CANONICAL	CANONICAL	504	0	0.0	0	0
GCA_965177335.2	seqoccin.Bt.SAMEA117655747.scaffold	Bos taurus	Bos taurus	Scaffold	ok	exon_3	3	837	0.946236559139785	0.966547192353644	0.946236559139785	0.8825757575757576	0.0	792	792	809	699	93	33329949.0	33330740.0	0.9464503910068427	HIGH	AG	AC	CANONICAL	NONCANONICAL	992	0	0.0	0	0
GCA_965177335.2	seqoccin.Bt.SAMEA117655747.scaffold	Bos taurus	Bos taurus	Scaffold	ok	exon_4	4	213	0.9953051643192489	1.0	0.9953051643192489	0.9056603773584906	0.0	212	212	213	192	20	33338088.0	33339027.0	0.9743024182832847	HIGH	AG	GT	CANONICAL	CANONICAL	1140	0	0.0	0	0
GCA_965177335.2	seqoccin.Bt.SAMEA117655747.scaffold	Bos taurus	Bos taurus	Scaffold	ok	exon_5	5	124	0.9919354838709677	0.9919354838709677	0.9919354838709677	0.9024390243902439	0.0	123	123	123	111	12	33341827.0	33341949.0	0.9719807238394965	HIGH	GA	GT	NONCANONICAL	CANONICAL	323	0	0.0	0	0
GCA_965177335.2	seqoccin.Bt.SAMEA117655747.scaffold	Bos taurus	Bos taurus	Scaffold	ok	exon_6	6	1115	0.9641255605381166	1.0	0.9641255605381166	0.8762790697674419	0.0	1075	1075	1115	942	133	33342772.0	33343847.0	0.9529262696840131	HIGH	AG		CANONICAL	NA	1276	0	0.0	0	0
GCA_965177355.2	seqoccin.Bt.SAMEA117655790.scaffold	Bos taurus	Bos taurus	Scaffold	ok	exon_1	1	194	0.8917525773195877	0.8969072164948454	0.8917525773195877	0.8728323699421965	0.0	173	173	174	151	22	32682789.0	32682961.0	0.9194967522793636	HIGH			NA	NA	373	0	0.0	0	0
GCA_965177355.2	seqoccin.Bt.SAMEA117655790.scaffold	Bos taurus	Bos taurus	Scaffold	ok	exon_2	2	304	1.0	1.0	1.0	0.9046052631578947	0.0	304	304	304	275	29	32685616.0	32685919.0	0.9761513157894737	HIGH	AG	GT	CANONICAL	CANONICAL	504	0	0.0	0	0
GCA_965177355.2	seqoccin.Bt.SAMEA117655790.scaffold	Bos taurus	Bos taurus	Scaffold	ok	exon_3	3	837	0.946236559139785	0.966547192353644	0.946236559139785	0.8825757575757576	0.0	792	792	809	699	93	32688771.0	32689562.0	0.9464503910068427	HIGH	AG	AC	CANONICAL	NONCANONICAL	992	0	0.0	0	0
GCA_965177355.2	seqoccin.Bt.SAMEA117655790.scaffold	Bos taurus	Bos taurus	Scaffold	ok	exon_4	4	213	0.9953051643192489	1.0	0.9953051643192489	0.9056603773584906	0.0	212	212	213	192	20	32696921.0	32697860.0	0.9743024182832847	HIGH	AG	GT	CANONICAL	CANONICAL	1140	0	0.0	0	0
GCA_965177355.2	seqoccin.Bt.SAMEA117655790.scaffold	Bos taurus	Bos taurus	Scaffold	ok	exon_5	5	124	0.9596774193548387	0.9596774193548387	0.9596774193548387	0.8991596638655462	0.0	119	119	119	107	12	32700681.0	32700799.0	0.956644754676064	HIGH	GA	GT	NONCANONICAL	CANONICAL	319	0	0.0	0	0
GCA_965177355.2	seqoccin.Bt.SAMEA117655790.scaffold	Bos taurus	Bos taurus	Scaffold	ok	exon_6	6	1115	0.9641255605381166	1.0	0.9641255605381166	0.8734883720930232	0.0	1075	1075	1115	939	136	32701625.0	32702700.0	0.9522285952654084	HIGH	AG		CANONICAL	NA	1276	0	0.0	0	0
GCA_965177365.2	seqoccin.Bt.SAMEA117655767.scaffold	Bos taurus	Bos taurus	Scaffold	ok	exon_1	1	194	0.8917525773195877	0.8969072164948454	0.8917525773195877	0.8728323699421965	0.0	173	173	174	151	22	33647949.0	33648121.0	0.9194967522793636	HIGH			NA	NA	373	0	0.0	0	0
GCA_965177365.2	seqoccin.Bt.SAMEA117655767.scaffold	Bos taurus	Bos taurus	Scaffold	ok	exon_2	2	304	1.0	1.0	1.0	0.9078947368421053	0.0	304	304	304	276	28	33650774.0	33651077.0	0.9769736842105263	HIGH	AG	GT	CANONICAL	CANONICAL	504	0	0.0	0	0
GCA_965177365.2	seqoccin.Bt.SAMEA117655767.scaffold	Bos taurus	Bos taurus	Scaffold	ok	exon_3	3	837	0.946236559139785	0.966547192353644	0.946236559139785	0.8825757575757576	0.0	792	792	809	699	93	33653929.0	33654720.0	0.9464503910068427	HIGH	AG	AC	CANONICAL	NONCANONICAL	992	0	0.0	0	0
GCA_965177365.2	seqoccin.Bt.SAMEA117655767.scaffold	Bos taurus	Bos taurus	Scaffold	ok	exon_4	4	213	0.9953051643192489	1.0	0.9953051643192489	0.9056603773584906	0.0	212	212	213	192	20	33662066.0	33663005.0	0.9743024182832847	HIGH	AG	GT	CANONICAL	CANONICAL	1140	0	0.0	0	0
GCA_965177365.2	seqoccin.Bt.SAMEA117655767.scaffold	Bos taurus	Bos taurus	Scaffold	ok	exon_5	5	124	0.9596774193548387	0.9596774193548387	0.9596774193548387	0.8991596638655462	0.0	119	119	119	107	12	33665806.0	33665924.0	0.956644754676064	HIGH	GA	GT	NONCANONICAL	CANONICAL	319	0	0.0	0	0
GCA_965177365.2	seqoccin.Bt.SAMEA117655767.scaffold	Bos taurus	Bos taurus	Scaffold	ok	exon_6	6	1115	0.9641255605381166	1.0	0.9641255605381166	0.8725581395348837	0.0	1075	1075	1115	938	137	33666750.0	33667825.0	0.9519960371258734	HIGH	AG		CANONICAL	NA	1276	0	0.0	0	0
GCA_965177375.2	seqoccin.Bt.SAMEA117655764.scaffold	Bos taurus	Bos taurus	Scaffold	ok	exon_1	1	194	0.8917525773195877	0.8969072164948454	0.8917525773195877	0.8728323699421965	0.0	173	173	174	151	22	34117017.0	34117189.0	0.9194967522793636	HIGH			NA	NA	373	0	0.0	0	0
GCA_965177375.2	seqoccin.Bt.SAMEA117655764.scaffold	Bos taurus	Bos taurus	Scaffold	ok	exon_2	2	304	1.0	1.0	1.0	0.9078947368421053	0.0	304	304	304	276	28	34119842.0	34120145.0	0.9769736842105263	HIGH	AG	GT	CANONICAL	CANONICAL	504	0	0.0	0	0
GCA_965177375.2	seqoccin.Bt.SAMEA117655764.scaffold	Bos taurus	Bos taurus	Scaffold	ok	exon_3	3	837	0.946236559139785	0.966547192353644	0.946236559139785	0.8813131313131313	0.0	792	792	809	698	94	34122997.0	34123788.0	0.9461347344411861	HIGH	AG	AC	CANONICAL	NONCANONICAL	992	0	0.0	0	0
GCA_965177375.2	seqoccin.Bt.SAMEA117655764.scaffold	Bos taurus	Bos taurus	Scaffold	ok	exon_4	4	213	0.9953051643192489	1.0	0.9953051643192489	0.9056603773584906	0.0	212	212	213	192	20	34131135.0	34132074.0	0.9743024182832847	HIGH	AG	GT	CANONICAL	CANONICAL	1140	0	0.0	0	0
GCA_965177375.2	seqoccin.Bt.SAMEA117655764.scaffold	Bos taurus	Bos taurus	Scaffold	ok	exon_5	5	124	0.9919354838709677	0.9919354838709677	0.9919354838709677	0.9024390243902439	0.0	123	123	123	111	12	34134874.0	34134996.0	0.9719807238394965	HIGH	GA	GT	NONCANONICAL	CANONICAL	323	0	0.0	0	0
GCA_965177375.2	seqoccin.Bt.SAMEA117655764.scaffold	Bos taurus	Bos taurus	Scaffold	ok	exon_6	6	1115	0.9641255605381166	1.0	0.9641255605381166	0.8762790697674419	0.0	1075	1075	1115	942	133	34135821.0	34136896.0	0.9529262696840131	HIGH	AG		CANONICAL	NA	1276	0	0.0	0	0
GCA_965177385.2	seqoccin.Bt.SAMEA117655814.scaffold	Bos taurus	Bos taurus	Scaffold	ok	exon_1	1	194	0.8917525773195877	0.8969072164948454	0.8917525773195877	0.8728323699421965	0.0	173	173	174	151	22	33755315.0	33755487.0	0.9194967522793636	HIGH			NA	NA	373	0	0.0	0	0
GCA_965177385.2	seqoccin.Bt.SAMEA117655814.scaffold	Bos taurus	Bos taurus	Scaffold	ok	exon_2	2	304	1.0	1.0	1.0	0.9078947368421053	0.0	304	304	304	276	28	33758140.0	33758443.0	0.9769736842105263	HIGH	AG	GT	CANONICAL	CANONICAL	504	0	0.0	0	0
GCA_965177385.2	seqoccin.Bt.SAMEA117655814.scaffold	Bos taurus	Bos taurus	Scaffold	ok	exon_3	3	837	0.946236559139785	0.966547192353644	0.946236559139785	0.8813131313131313	0.0	792	792	809	698	94	33761295.0	33762086.0	0.9461347344411861	HIGH	AG	AC	CANONICAL	NONCANONICAL	992	0	0.0	0	0
GCA_965177385.2	seqoccin.Bt.SAMEA117655814.scaffold	Bos taurus	Bos taurus	Scaffold	ok	exon_4	4	213	0.9953051643192489	1.0	0.9953051643192489	0.9056603773584906	0.0	212	212	213	192	20	33769433.0	33770372.0	0.9743024182832847	HIGH	AG	GT	CANONICAL	CANONICAL	1140	0	0.0	0	0
GCA_965177385.2	seqoccin.Bt.SAMEA117655814.scaffold	Bos taurus	Bos taurus	Scaffold	ok	exon_5	5	124	0.9919354838709677	0.9919354838709677	0.9919354838709677	0.9024390243902439	0.0	123	123	123	111	12	33773172.0	33773294.0	0.9719807238394965	HIGH	GA	GT	NONCANONICAL	CANONICAL	323	0	0.0	0	0
GCA_965177385.2	seqoccin.Bt.SAMEA117655814.scaffold	Bos taurus	Bos taurus	Scaffold	ok	exon_6	6	1115	0.9641255605381166	1.0	0.9641255605381166	0.8762790697674419	0.0	1075	1075	1115	942	133	33774119.0	33775194.0	0.9529262696840131	HIGH	AG		CANONICAL	NA	1276	0	0.0	0	0
GCA_965177395.2	seqoccin.Bt.SAMEA117655813.scaffold	Bos taurus	Bos taurus	Scaffold	ok	exon_1	1	194	0.8917525773195877	0.8969072164948454	0.8917525773195877	0.8728323699421965	0.0	173	173	174	151	22	33810670.0	33810842.0	0.9194967522793636	HIGH			NA	NA	373	0	0.0	0	0
GCA_965177395.2	seqoccin.Bt.SAMEA117655813.scaffold	Bos taurus	Bos taurus	Scaffold	ok	exon_2	2	304	1.0	1.0	1.0	0.9078947368421053	0.0	304	304	304	276	28	33813495.0	33813798.0	0.9769736842105263	HIGH	AG	GT	CANONICAL	CANONICAL	504	0	0.0	0	0
GCA_965177395.2	seqoccin.Bt.SAMEA117655813.scaffold	Bos taurus	Bos taurus	Scaffold	ok	exon_3	3	837	0.946236559139785	0.966547192353644	0.946236559139785	0.8825757575757576	0.0	792	792	809	699	93	33816650.0	33817441.0	0.9464503910068427	HIGH	AG	AC	CANONICAL	NONCANONICAL	992	0	0.0	0	0
GCA_965177395.2	seqoccin.Bt.SAMEA117655813.scaffold	Bos taurus	Bos taurus	Scaffold	ok	exon_4	4	213	0.9953051643192489	1.0	0.9953051643192489	0.9056603773584906	0.0	212	212	213	192	20	33824788.0	33825727.0	0.9743024182832847	HIGH	AG	GT	CANONICAL	CANONICAL	1140	0	0.0	0	0
GCA_965177395.2	seqoccin.Bt.SAMEA117655813.scaffold	Bos taurus	Bos taurus	Scaffold	ok	exon_5	5	124	0.9919354838709677	0.9919354838709677	0.9919354838709677	0.9024390243902439	0.0	123	123	123	111	12	33828527.0	33828649.0	0.9719807238394965	HIGH	GA	GT	NONCANONICAL	CANONICAL	323	0	0.0	0	0
GCA_965177395.2	seqoccin.Bt.SAMEA117655813.scaffold	Bos taurus	Bos taurus	Scaffold	ok	exon_6	6	1115	0.9641255605381166	1.0	0.9641255605381166	0.8762790697674419	0.0	1075	1075	1115	942	133	33829474.0	33830549.0	0.9529262696840131	HIGH	AG		CANONICAL	NA	1276	0	0.0	0	0
GCA_965177415.2	seqoccin.Bt.SAMEA117655823.scaffold	Bos taurus	Bos taurus	Scaffold	ok	exon_1	1	194	0.8917525773195877	0.8969072164948454	0.8917525773195877	0.8728323699421965	0.0	173	173	174	151	22	33202271.0	33202443.0	0.9194967522793636	HIGH			NA	NA	373	0	0.0	0	0
GCA_965177415.2	seqoccin.Bt.SAMEA117655823.scaffold	Bos taurus	Bos taurus	Scaffold	ok	exon_2	2	304	1.0	1.0	1.0	0.9046052631578947	0.0	304	304	304	275	29	33205098.0	33205401.0	0.9761513157894737	HIGH	AG	GT	CANONICAL	CANONICAL	504	0	0.0	0	0
GCA_965177415.2	seqoccin.Bt.SAMEA117655823.scaffold	Bos taurus	Bos taurus	Scaffold	ok	exon_3	3	837	0.946236559139785	0.966547192353644	0.946236559139785	0.8825757575757576	0.0	792	792	809	699	93	33208253.0	33209044.0	0.9464503910068427	HIGH	AG	AC	CANONICAL	NONCANONICAL	992	0	0.0	0	0
GCA_965177415.2	seqoccin.Bt.SAMEA117655823.scaffold	Bos taurus	Bos taurus	Scaffold	ok	exon_4	4	213	0.9953051643192489	1.0	0.9953051643192489	0.9056603773584906	0.0	212	212	213	192	20	33216403.0	33217342.0	0.9743024182832847	HIGH	AG	GT	CANONICAL	CANONICAL	1140	0	0.0	0	0
GCA_965177415.2	seqoccin.Bt.SAMEA117655823.scaffold	Bos taurus	Bos taurus	Scaffold	ok	exon_5	5	124	0.9919354838709677	0.9919354838709677	0.9919354838709677	0.9024390243902439	0.0	123	123	123	111	12	33220163.0	33220285.0	0.9719807238394965	HIGH	GA	GT	NONCANONICAL	CANONICAL	323	0	0.0	0	0
GCA_965177415.2	seqoccin.Bt.SAMEA117655823.scaffold	Bos taurus	Bos taurus	Scaffold	ok	exon_6	6	1115	0.9641255605381166	1.0	0.9641255605381166	0.8753488372093023	0.0	1075	1075	1115	941	134	33221109.0	33222184.0	0.9526937115444781	HIGH	AG		CANONICAL	NA	1276	0	0.0	0	0
GCA_965177425.2	seqoccin.Bt.SAMEA117655830.scaffold	Bos taurus	Bos taurus	Scaffold	ok	exon_1	1	194	0.8917525773195877	0.8969072164948454	0.8917525773195877	0.8728323699421965	0.0	173	173	174	151	22	41639978.0	41640150.0	0.9194967522793636	HIGH			NA	NA	373	0	0.0	0	0
GCA_965177425.2	seqoccin.Bt.SAMEA117655830.scaffold	Bos taurus	Bos taurus	Scaffold	ok	exon_2	2	304	1.0	1.0	1.0	0.9046052631578947	0.0	304	304	304	275	29	41642803.0	41643106.0	0.9761513157894737	HIGH	AG	GT	CANONICAL	CANONICAL	504	0	0.0	0	0
GCA_965177425.2	seqoccin.Bt.SAMEA117655830.scaffold	Bos taurus	Bos taurus	Scaffold	ok	exon_3	3	837	0.946236559139785	0.966547192353644	0.946236559139785	0.8813131313131313	0.0	792	792	809	698	94	41645958.0	41646749.0	0.9461347344411861	HIGH	AG	AC	CANONICAL	NONCANONICAL	992	0	0.0	0	0
GCA_965177425.2	seqoccin.Bt.SAMEA117655830.scaffold	Bos taurus	Bos taurus	Scaffold	ok	exon_4	4	213	0.9953051643192489	1.0	0.9953051643192489	0.9056603773584906	0.0	212	212	213	192	20	41654096.0	41655035.0	0.9743024182832847	HIGH	AG	GT	CANONICAL	CANONICAL	1140	0	0.0	0	0
GCA_965177425.2	seqoccin.Bt.SAMEA117655830.scaffold	Bos taurus	Bos taurus	Scaffold	ok	exon_5	5	124	0.9919354838709677	0.9919354838709677	0.9919354838709677	0.9024390243902439	0.0	123	123	123	111	12	41657835.0	41657957.0	0.9719807238394965	HIGH	GA	GT	NONCANONICAL	CANONICAL	323	0	0.0	0	0
GCA_965177425.2	seqoccin.Bt.SAMEA117655830.scaffold	Bos taurus	Bos taurus	Scaffold	ok	exon_6	6	1115	0.9641255605381166	1.0	0.9641255605381166	0.8762790697674419	0.0	1075	1075	1115	942	133	41658782.0	41659857.0	0.9529262696840131	HIGH	AG		CANONICAL	NA	1276	0	0.0	0	0
GCA_965177445.2	seqoccin.Bt.SAMEA117655793.scaffold	Bos taurus	Bos taurus	Scaffold	ok	exon_1	1	194	0.8917525773195877	0.8969072164948454	0.8917525773195877	0.8728323699421965	0.0	173	173	174	151	22	32188053.0	32188225.0	0.9194967522793636	HIGH			NA	NA	373	0	0.0	0	0
GCA_965177445.2	seqoccin.Bt.SAMEA117655793.scaffold	Bos taurus	Bos taurus	Scaffold	ok	exon_2	2	304	1.0	1.0	1.0	0.9078947368421053	0.0	304	304	304	276	28	32190879.0	32191182.0	0.9769736842105263	HIGH	AG	GT	CANONICAL	CANONICAL	504	0	0.0	0	0
GCA_965177445.2	seqoccin.Bt.SAMEA117655793.scaffold	Bos taurus	Bos taurus	Scaffold	ok	exon_3	3	837	0.946236559139785	0.966547192353644	0.946236559139785	0.8825757575757576	0.0	792	792	809	699	93	32194034.0	32194825.0	0.9464503910068427	HIGH	AG	AC	CANONICAL	NONCANONICAL	992	0	0.0	0	0
GCA_965177445.2	seqoccin.Bt.SAMEA117655793.scaffold	Bos taurus	Bos taurus	Scaffold	ok	exon_4	4	213	0.9953051643192489	1.0	0.9953051643192489	0.9056603773584906	0.0	212	212	213	192	20	32202172.0	32203111.0	0.9743024182832847	HIGH	AG	GT	CANONICAL	CANONICAL	1140	0	0.0	0	0
GCA_965177445.2	seqoccin.Bt.SAMEA117655793.scaffold	Bos taurus	Bos taurus	Scaffold	ok	exon_5	5	124	0.9919354838709677	0.9919354838709677	0.9919354838709677	0.9024390243902439	0.0	123	123	123	111	12	32205911.0	32206033.0	0.9719807238394965	HIGH	GA	GT	NONCANONICAL	CANONICAL	323	0	0.0	0	0
GCA_965177445.2	seqoccin.Bt.SAMEA117655793.scaffold	Bos taurus	Bos taurus	Scaffold	ok	exon_6	6	1115	0.9641255605381166	1.0	0.9641255605381166	0.8762790697674419	0.0	1075	1075	1115	942	133	32206858.0	32207933.0	0.9529262696840131	HIGH	AG		CANONICAL	NA	1276	0	0.0	0	0
GCA_965177455.2	seqoccin.Bt.SAMEA117655773.scaffold	Bos taurus	Bos taurus	Scaffold	ok	exon_1	1	194	0.8917525773195877	0.8969072164948454	0.8917525773195877	0.8728323699421965	0.0	173	173	174	151	22	36018563.0	36018735.0	0.9194967522793636	HIGH			NA	NA	373	0	0.0	0	0
GCA_965177455.2	seqoccin.Bt.SAMEA117655773.scaffold	Bos taurus	Bos taurus	Scaffold	ok	exon_2	2	304	1.0	1.0	1.0	0.9078947368421053	0.0	304	304	304	276	28	36021388.0	36021691.0	0.9769736842105263	HIGH	AG	GT	CANONICAL	CANONICAL	504	0	0.0	0	0
GCA_965177455.2	seqoccin.Bt.SAMEA117655773.scaffold	Bos taurus	Bos taurus	Scaffold	ok	exon_3	3	837	0.946236559139785	0.966547192353644	0.946236559139785	0.8825757575757576	0.0	792	792	809	699	93	36024543.0	36025334.0	0.9464503910068427	HIGH	AG	AC	CANONICAL	NONCANONICAL	992	0	0.0	0	0
GCA_965177455.2	seqoccin.Bt.SAMEA117655773.scaffold	Bos taurus	Bos taurus	Scaffold	ok	exon_4	4	213	0.9953051643192489	1.0	0.9953051643192489	0.9056603773584906	0.0	212	212	213	192	20	36032681.0	36033620.0	0.9743024182832847	HIGH	AG	GT	CANONICAL	CANONICAL	1140	0	0.0	0	0
GCA_965177455.2	seqoccin.Bt.SAMEA117655773.scaffold	Bos taurus	Bos taurus	Scaffold	ok	exon_5	5	124	0.9919354838709677	0.9919354838709677	0.9919354838709677	0.9024390243902439	0.0	123	123	123	111	12	36036419.0	36036541.0	0.9719807238394965	HIGH	GA	GT	NONCANONICAL	CANONICAL	323	0	0.0	0	0
GCA_965177455.2	seqoccin.Bt.SAMEA117655773.scaffold	Bos taurus	Bos taurus	Scaffold	ok	exon_6	6	1115	0.9641255605381166	1.0	0.9641255605381166	0.8772093023255814	0.0	1075	1075	1115	943	132	36037366.0	36038441.0	0.9531588278235479	HIGH	AG		CANONICAL	NA	1276	0	0.0	0	0
GCA_965177465.2	seqoccin.Bt.SAMEA117655794.scaffold	Bos taurus	Bos taurus	Scaffold	ok	exon_1	1	194	0.8917525773195877	0.8969072164948454	0.8917525773195877	0.8728323699421965	0.0	173	173	174	151	22	33645649.0	33645821.0	0.9194967522793636	HIGH			NA	NA	373	0	0.0	0	0
GCA_965177465.2	seqoccin.Bt.SAMEA117655794.scaffold	Bos taurus	Bos taurus	Scaffold	ok	exon_2	2	304	1.0	1.0	1.0	0.9078947368421053	0.0	304	304	304	276	28	33648475.0	33648778.0	0.9769736842105263	HIGH	AG	GT	CANONICAL	CANONICAL	504	0	0.0	0	0
GCA_965177465.2	seqoccin.Bt.SAMEA117655794.scaffold	Bos taurus	Bos taurus	Scaffold	ok	exon_3	3	837	0.946236559139785	0.966547192353644	0.946236559139785	0.8813131313131313	0.0	792	792	809	698	94	33651630.0	33652421.0	0.9461347344411861	HIGH	AG	AC	CANONICAL	NONCANONICAL	992	0	0.0	0	0
GCA_965177465.2	seqoccin.Bt.SAMEA117655794.scaffold	Bos taurus	Bos taurus	Scaffold	ok	exon_4	4	213	0.9953051643192489	1.0	0.9953051643192489	0.9056603773584906	0.0	212	212	213	192	20	33659768.0	33660707.0	0.9743024182832847	HIGH	AG	GT	CANONICAL	CANONICAL	1140	0	0.0	0	0
GCA_965177465.2	seqoccin.Bt.SAMEA117655794.scaffold	Bos taurus	Bos taurus	Scaffold	ok	exon_5	5	124	0.9919354838709677	0.9919354838709677	0.9919354838709677	0.9024390243902439	0.0	123	123	123	111	12	33663507.0	33663629.0	0.9719807238394965	HIGH	GA	GT	NONCANONICAL	CANONICAL	323	0	0.0	0	0
GCA_965177465.2	seqoccin.Bt.SAMEA117655794.scaffold	Bos taurus	Bos taurus	Scaffold	ok	exon_6	6	1115	0.9641255605381166	1.0	0.9641255605381166	0.8753488372093023	0.0	1075	1075	1115	941	134	33664454.0	33665529.0	0.9526937115444781	HIGH	AG		CANONICAL	NA	1276	0	0.0	0	0
GCA_965177475.2	seqoccin.Bt.SAMEA117655797.scaffold	Bos taurus	Bos taurus	Scaffold	ok	exon_1	1	194	0.8917525773195877	0.8969072164948454	0.8917525773195877	0.8728323699421965	0.0	173	173	174	151	22	33783207.0	33783379.0	0.9194967522793636	HIGH			NA	NA	373	0	0.0	0	0
GCA_965177475.2	seqoccin.Bt.SAMEA117655797.scaffold	Bos taurus	Bos taurus	Scaffold	ok	exon_2	2	304	1.0	1.0	1.0	0.9046052631578947	0.0	304	304	304	275	29	33786034.0	33786337.0	0.9761513157894737	HIGH	AG	GT	CANONICAL	CANONICAL	504	0	0.0	0	0
GCA_965177475.2	seqoccin.Bt.SAMEA117655797.scaffold	Bos taurus	Bos taurus	Scaffold	ok	exon_3	3	837	0.946236559139785	0.966547192353644	0.946236559139785	0.8825757575757576	0.0	792	792	809	699	93	33789189.0	33789980.0	0.9464503910068427	HIGH	AG	AC	CANONICAL	NONCANONICAL	992	0	0.0	0	0
GCA_965177475.2	seqoccin.Bt.SAMEA117655797.scaffold	Bos taurus	Bos taurus	Scaffold	ok	exon_4	4	213	0.9953051643192489	1.0	0.9953051643192489	0.9056603773584906	0.0	212	212	213	192	20	33797327.0	33798266.0	0.9743024182832847	HIGH	AG	GT	CANONICAL	CANONICAL	1140	0	0.0	0	0
GCA_965177475.2	seqoccin.Bt.SAMEA117655797.scaffold	Bos taurus	Bos taurus	Scaffold	ok	exon_5	5	124	0.9919354838709677	0.9919354838709677	0.9919354838709677	0.9024390243902439	0.0	123	123	123	111	12	33801066.0	33801188.0	0.9719807238394965	HIGH	GA	GT	NONCANONICAL	CANONICAL	323	0	0.0	0	0
GCA_965177475.2	seqoccin.Bt.SAMEA117655797.scaffold	Bos taurus	Bos taurus	Scaffold	ok	exon_6	6	1115	0.9641255605381166	1.0	0.9641255605381166	0.8762790697674419	0.0	1075	1075	1115	942	133	33802013.0	33803088.0	0.9529262696840131	HIGH	AG		CANONICAL	NA	1276	0	0.0	0	0
GCA_965177495.2	seqoccin.Bt.SAMEA117655754.scaffold	Bos taurus	Bos taurus	Scaffold	ok	exon_1	1	194	0.8917525773195877	0.8969072164948454	0.8917525773195877	0.8728323699421965	0.0	173	173	174	151	22	33777676.0	33777848.0	0.9194967522793636	HIGH			NA	NA	373	0	0.0	0	0
GCA_965177495.2	seqoccin.Bt.SAMEA117655754.scaffold	Bos taurus	Bos taurus	Scaffold	ok	exon_2	2	304	1.0	1.0	1.0	0.9046052631578947	0.0	304	304	304	275	29	33780503.0	33780806.0	0.9761513157894737	HIGH	AG	GT	CANONICAL	CANONICAL	504	0	0.0	0	0
GCA_965177495.2	seqoccin.Bt.SAMEA117655754.scaffold	Bos taurus	Bos taurus	Scaffold	ok	exon_3	3	837	0.946236559139785	0.966547192353644	0.946236559139785	0.8813131313131313	0.0	792	792	809	698	94	33783658.0	33784449.0	0.9461347344411861	HIGH	AG	AC	CANONICAL	NONCANONICAL	992	0	0.0	0	0
GCA_965177495.2	seqoccin.Bt.SAMEA117655754.scaffold	Bos taurus	Bos taurus	Scaffold	ok	exon_4	4	213	0.9953051643192489	1.0	0.9953051643192489	0.9056603773584906	0.0	212	212	213	192	20	33791809.0	33792748.0	0.9743024182832847	HIGH	AG	GT	CANONICAL	CANONICAL	1140	0	0.0	0	0
GCA_965177495.2	seqoccin.Bt.SAMEA117655754.scaffold	Bos taurus	Bos taurus	Scaffold	ok	exon_5	5	124	0.9919354838709677	0.9919354838709677	0.9919354838709677	0.9105691056910569	0.0	123	123	123	112	11	33795569.0	33795691.0	0.9740132441646998	HIGH	GA	GT	NONCANONICAL	CANONICAL	323	0	0.0	0	0
GCA_965177495.2	seqoccin.Bt.SAMEA117655754.scaffold	Bos taurus	Bos taurus	Scaffold	ok	exon_6	6	1115	0.9641255605381166	1.0	0.9641255605381166	0.8762790697674419	0.0	1075	1075	1115	942	133	33796516.0	33797591.0	0.9529262696840131	HIGH	AG		CANONICAL	NA	1276	0	0.0	0	0
GCA_965177505.2	seqoccin.Bt.SAMEA117655758.scaffold	Bos taurus	Bos taurus	Scaffold	ok	exon_1	1	194	0.8917525773195877	0.8969072164948454	0.8917525773195877	0.8728323699421965	0.0	173	173	174	151	22	33707123.0	33707295.0	0.9194967522793636	HIGH			NA	NA	373	0	0.0	0	0
GCA_965177505.2	seqoccin.Bt.SAMEA117655758.scaffold	Bos taurus	Bos taurus	Scaffold	ok	exon_2	2	304	1.0	1.0	1.0	0.9078947368421053	0.0	304	304	304	276	28	33709949.0	33710252.0	0.9769736842105263	HIGH	AG	GT	CANONICAL	CANONICAL	504	0	0.0	0	0
GCA_965177505.2	seqoccin.Bt.SAMEA117655758.scaffold	Bos taurus	Bos taurus	Scaffold	ok	exon_3	3	837	0.946236559139785	0.966547192353644	0.946236559139785	0.8825757575757576	0.0	792	792	809	699	93	33713104.0	33713895.0	0.9464503910068427	HIGH	AG	AC	CANONICAL	NONCANONICAL	992	0	0.0	0	0
GCA_965177505.2	seqoccin.Bt.SAMEA117655758.scaffold	Bos taurus	Bos taurus	Scaffold	ok	exon_4	4	213	0.9953051643192489	1.0	0.9953051643192489	0.9056603773584906	0.0	212	212	213	192	20	33721242.0	33722181.0	0.9743024182832847	HIGH	AG	GT	CANONICAL	CANONICAL	1140	0	0.0	0	0
GCA_965177505.2	seqoccin.Bt.SAMEA117655758.scaffold	Bos taurus	Bos taurus	Scaffold	ok	exon_5	5	124	0.9596774193548387	0.9596774193548387	0.9596774193548387	0.8991596638655462	0.0	119	119	119	107	12	33725004.0	33725122.0	0.956644754676064	HIGH	GA	GT	NONCANONICAL	CANONICAL	319	0	0.0	0	0
GCA_965177505.2	seqoccin.Bt.SAMEA117655758.scaffold	Bos taurus	Bos taurus	Scaffold	ok	exon_6	6	1115	0.9641255605381166	1.0	0.9641255605381166	0.8744186046511628	0.0	1075	1075	1115	940	135	33725948.0	33727023.0	0.9524611534049432	HIGH	AG		CANONICAL	NA	1276	0	0.0	0	0
GCA_965177515.2	seqoccin.Bt.SAMEA117655795.scaffold	Bos taurus	Bos taurus	Scaffold	ok	exon_1	1	194	0.8917525773195877	0.8969072164948454	0.8917525773195877	0.8728323699421965	0.0	173	173	174	151	22	33707013.0	33707185.0	0.9194967522793636	HIGH			NA	NA	373	0	0.0	0	0
GCA_965177515.2	seqoccin.Bt.SAMEA117655795.scaffold	Bos taurus	Bos taurus	Scaffold	ok	exon_2	2	304	1.0	1.0	1.0	0.9046052631578947	0.0	304	304	304	275	29	33709840.0	33710143.0	0.9761513157894737	HIGH	AG	GT	CANONICAL	CANONICAL	504	0	0.0	0	0
GCA_965177515.2	seqoccin.Bt.SAMEA117655795.scaffold	Bos taurus	Bos taurus	Scaffold	ok	exon_3	3	837	0.946236559139785	0.966547192353644	0.946236559139785	0.8825757575757576	0.0	792	792	809	699	93	33712995.0	33713786.0	0.9464503910068427	HIGH	AG	AC	CANONICAL	NONCANONICAL	992	0	0.0	0	0
GCA_965177515.2	seqoccin.Bt.SAMEA117655795.scaffold	Bos taurus	Bos taurus	Scaffold	ok	exon_4	4	213	0.9953051643192489	1.0	0.9953051643192489	0.9056603773584906	0.0	212	212	213	192	20	33721133.0	33722072.0	0.9743024182832847	HIGH	AG	GT	CANONICAL	CANONICAL	1140	0	0.0	0	0
GCA_965177515.2	seqoccin.Bt.SAMEA117655795.scaffold	Bos taurus	Bos taurus	Scaffold	ok	exon_5	5	124	0.9919354838709677	0.9919354838709677	0.9919354838709677	0.9024390243902439	0.0	123	123	123	111	12	33724871.0	33724993.0	0.9719807238394965	HIGH	GA	GT	NONCANONICAL	CANONICAL	323	0	0.0	0	0
GCA_965177515.2	seqoccin.Bt.SAMEA117655795.scaffold	Bos taurus	Bos taurus	Scaffold	ok	exon_6	6	1115	0.9641255605381166	1.0	0.9641255605381166	0.8744186046511628	0.0	1075	1075	1115	940	135	33725818.0	33726893.0	0.9524611534049432	HIGH	AG		CANONICAL	NA	1276	0	0.0	0	0
GCA_965177525.2	seqoccin.Bt.SAMEA117655796.scaffold	Bos taurus	Bos taurus	Scaffold	ok	exon_1	1	194	0.8917525773195877	0.8969072164948454	0.8917525773195877	0.8728323699421965	0.0	173	173	174	151	22	34741531.0	34741703.0	0.9194967522793636	HIGH			NA	NA	373	0	0.0	0	0
GCA_965177525.2	seqoccin.Bt.SAMEA117655796.scaffold	Bos taurus	Bos taurus	Scaffold	ok	exon_2	2	304	1.0	1.0	1.0	0.9046052631578947	0.0	304	304	304	275	29	34744357.0	34744660.0	0.9761513157894737	HIGH	AG	GT	CANONICAL	CANONICAL	504	0	0.0	0	0
GCA_965177525.2	seqoccin.Bt.SAMEA117655796.scaffold	Bos taurus	Bos taurus	Scaffold	ok	exon_3	3	837	0.946236559139785	0.966547192353644	0.946236559139785	0.8825757575757576	0.0	792	792	809	699	93	34747512.0	34748303.0	0.9464503910068427	HIGH	AG	AC	CANONICAL	NONCANONICAL	992	0	0.0	0	0
GCA_965177525.2	seqoccin.Bt.SAMEA117655796.scaffold	Bos taurus	Bos taurus	Scaffold	ok	exon_4	4	213	0.9953051643192489	1.0	0.9953051643192489	0.9056603773584906	0.0	212	212	213	192	20	34755662.0	34756601.0	0.9743024182832847	HIGH	AG	GT	CANONICAL	CANONICAL	1140	0	0.0	0	0
GCA_965177525.2	seqoccin.Bt.SAMEA117655796.scaffold	Bos taurus	Bos taurus	Scaffold	ok	exon_5	5	124	0.9596774193548387	0.9596774193548387	0.9596774193548387	0.8991596638655462	0.0	119	119	119	107	12	34759400.0	34759518.0	0.956644754676064	HIGH	GA	GT	NONCANONICAL	CANONICAL	319	0	0.0	0	0
GCA_965177525.2	seqoccin.Bt.SAMEA117655796.scaffold	Bos taurus	Bos taurus	Scaffold	ok	exon_6	6	1115	0.9641255605381166	1.0	0.9641255605381166	0.8725581395348837	0.0	1075	1075	1115	938	137	34760344.0	34761419.0	0.9519960371258734	HIGH	AG		CANONICAL	NA	1276	0	0.0	0	0
GCA_965177535.2	seqoccin.Bt.SAMEA117655750.scaffold	Bos taurus	Bos taurus	Scaffold	ok	exon_1	1	194	0.8917525773195877	0.8969072164948454	0.8917525773195877	0.8728323699421965	0.0	173	173	174	151	22	34034784.0	34034956.0	0.9194967522793636	HIGH			NA	NA	373	0	0.0	0	0
GCA_965177535.2	seqoccin.Bt.SAMEA117655750.scaffold	Bos taurus	Bos taurus	Scaffold	ok	exon_2	2	304	1.0	1.0	1.0	0.9078947368421053	0.0	304	304	304	276	28	34037609.0	34037912.0	0.9769736842105263	HIGH	AG	GT	CANONICAL	CANONICAL	504	0	0.0	0	0
GCA_965177535.2	seqoccin.Bt.SAMEA117655750.scaffold	Bos taurus	Bos taurus	Scaffold	ok	exon_3	3	837	0.946236559139785	0.966547192353644	0.946236559139785	0.8813131313131313	0.0	792	792	809	698	94	34040764.0	34041555.0	0.9461347344411861	HIGH	AG	AC	CANONICAL	NONCANONICAL	992	0	0.0	0	0
GCA_965177535.2	seqoccin.Bt.SAMEA117655750.scaffold	Bos taurus	Bos taurus	Scaffold	ok	exon_4	4	213	0.9953051643192489	1.0	0.9953051643192489	0.9056603773584906	0.0	212	212	213	192	20	34048902.0	34049841.0	0.9743024182832847	HIGH	AG	GT	CANONICAL	CANONICAL	1140	0	0.0	0	0
GCA_965177535.2	seqoccin.Bt.SAMEA117655750.scaffold	Bos taurus	Bos taurus	Scaffold	ok	exon_5	5	124	0.9919354838709677	0.9919354838709677	0.9919354838709677	0.9024390243902439	0.0	123	123	123	111	12	34052641.0	34052763.0	0.9719807238394965	HIGH	GA	GT	NONCANONICAL	CANONICAL	323	0	0.0	0	0
GCA_965177535.2	seqoccin.Bt.SAMEA117655750.scaffold	Bos taurus	Bos taurus	Scaffold	ok	exon_6	6	1115	0.9641255605381166	1.0	0.9641255605381166	0.8762790697674419	0.0	1075	1075	1115	942	133	34053588.0	34054663.0	0.9529262696840131	HIGH	AG		CANONICAL	NA	1276	0	0.0	0	0
GCA_965177545.2	seqoccin.Bt.SAMEA117655806.scaffold	Bos taurus	Bos taurus	Scaffold	ok	exon_1	1	194	0.8917525773195877	0.8969072164948454	0.8917525773195877	0.8728323699421965	0.0	173	173	174	151	22	33917055.0	33917227.0	0.9194967522793636	HIGH			NA	NA	373	0	0.0	0	0
GCA_965177545.2	seqoccin.Bt.SAMEA117655806.scaffold	Bos taurus	Bos taurus	Scaffold	ok	exon_2	2	304	1.0	1.0	1.0	0.9078947368421053	0.0	304	304	304	276	28	33919880.0	33920183.0	0.9769736842105263	HIGH	AG	GT	CANONICAL	CANONICAL	504	0	0.0	0	0
GCA_965177545.2	seqoccin.Bt.SAMEA117655806.scaffold	Bos taurus	Bos taurus	Scaffold	ok	exon_3	3	837	0.946236559139785	0.966547192353644	0.946236559139785	0.8813131313131313	0.0	792	792	809	698	94	33923035.0	33923826.0	0.9461347344411861	HIGH	AG	AC	CANONICAL	NONCANONICAL	992	0	0.0	0	0
GCA_965177545.2	seqoccin.Bt.SAMEA117655806.scaffold	Bos taurus	Bos taurus	Scaffold	ok	exon_4	4	213	0.9953051643192489	1.0	0.9953051643192489	0.9056603773584906	0.0	212	212	213	192	20	33931173.0	33932112.0	0.9743024182832847	HIGH	AG	GT	CANONICAL	CANONICAL	1140	0	0.0	0	0
GCA_965177545.2	seqoccin.Bt.SAMEA117655806.scaffold	Bos taurus	Bos taurus	Scaffold	ok	exon_5	5	124	0.9919354838709677	0.9919354838709677	0.9919354838709677	0.9024390243902439	0.0	123	123	123	111	12	33934912.0	33935034.0	0.9719807238394965	HIGH	GA	GT	NONCANONICAL	CANONICAL	323	0	0.0	0	0
GCA_965177545.2	seqoccin.Bt.SAMEA117655806.scaffold	Bos taurus	Bos taurus	Scaffold	ok	exon_6	6	1115	0.9641255605381166	1.0	0.9641255605381166	0.8762790697674419	0.0	1075	1075	1115	942	133	33935859.0	33936934.0	0.9529262696840131	HIGH	AG		CANONICAL	NA	1276	0	0.0	0	0
GCA_965177555.2	seqoccin.Bt.SAMEA117655812.scaffold	Bos taurus	Bos taurus	Scaffold	ok	exon_1	1	194	0.8917525773195877	0.8969072164948454	0.8917525773195877	0.8728323699421965	0.0	173	173	174	151	22	33337835.0	33338007.0	0.9194967522793636	HIGH			NA	NA	373	0	0.0	0	0
GCA_965177555.2	seqoccin.Bt.SAMEA117655812.scaffold	Bos taurus	Bos taurus	Scaffold	ok	exon_2	2	304	1.0	1.0	1.0	0.9078947368421053	0.0	304	304	304	276	28	33340661.0	33340964.0	0.9769736842105263	HIGH	AG	GT	CANONICAL	CANONICAL	504	0	0.0	0	0
GCA_965177555.2	seqoccin.Bt.SAMEA117655812.scaffold	Bos taurus	Bos taurus	Scaffold	ok	exon_3	3	837	0.942652329749104	0.966547192353644	0.942652329749104	0.8846641318124208	0.0	789	789	809	698	91	33343501.0	33344291.0	0.945359581340202	HIGH	AG	AC	CANONICAL	NONCANONICAL	991	0	0.0	0	0
GCA_965177555.2	seqoccin.Bt.SAMEA117655812.scaffold	Bos taurus	Bos taurus	Scaffold	ok	exon_4	4	213	0.9953051643192489	1.0	0.9953051643192489	0.9056603773584906	0.0	212	212	213	192	20	33351640.0	33352579.0	0.9743024182832847	HIGH	AG	GT	CANONICAL	CANONICAL	1140	0	0.0	0	0
GCA_965177555.2	seqoccin.Bt.SAMEA117655812.scaffold	Bos taurus	Bos taurus	Scaffold	ok	exon_5	5	124	0.9919354838709677	0.9919354838709677	0.9919354838709677	0.9024390243902439	0.0	123	123	123	111	12	33355378.0	33355500.0	0.9719807238394965	HIGH	GA	GT	NONCANONICAL	CANONICAL	323	0	0.0	0	0
GCA_965177555.2	seqoccin.Bt.SAMEA117655812.scaffold	Bos taurus	Bos taurus	Scaffold	ok	exon_6	6	1115	0.9641255605381166	1.0	0.9641255605381166	0.8762790697674419	0.0	1075	1075	1115	942	133	33356325.0	33357400.0	0.9529262696840131	HIGH	AG		CANONICAL	NA	1276	0	0.0	0	0
GCA_965177565.2	seqoccin.Bt.SAMEA117655775.scaffold	Bos taurus	Bos taurus	Scaffold	ok	exon_1	1	194	0.8917525773195877	0.8969072164948454	0.8917525773195877	0.8728323699421965	0.0	173	173	174	151	22	33847010.0	33847182.0	0.9194967522793636	HIGH			NA	NA	373	0	0.0	0	0
GCA_965177565.2	seqoccin.Bt.SAMEA117655775.scaffold	Bos taurus	Bos taurus	Scaffold	ok	exon_2	2	304	1.0	1.0	1.0	0.9078947368421053	0.0	304	304	304	276	28	33849836.0	33850139.0	0.9769736842105263	HIGH	AG	GT	CANONICAL	CANONICAL	504	0	0.0	0	0
GCA_965177565.2	seqoccin.Bt.SAMEA117655775.scaffold	Bos taurus	Bos taurus	Scaffold	ok	exon_3	3	837	0.942652329749104	0.966547192353644	0.942652329749104	0.8846641318124208	0.0	789	789	809	698	91	33852676.0	33853466.0	0.945359581340202	HIGH	AG	AC	CANONICAL	NONCANONICAL	991	0	0.0	0	0
GCA_965177565.2	seqoccin.Bt.SAMEA117655775.scaffold	Bos taurus	Bos taurus	Scaffold	ok	exon_4	4	213	0.9953051643192489	1.0	0.9953051643192489	0.9056603773584906	0.0	212	212	213	192	20	33860814.0	33861753.0	0.9743024182832847	HIGH	AG	GT	CANONICAL	CANONICAL	1140	0	0.0	0	0
GCA_965177565.2	seqoccin.Bt.SAMEA117655775.scaffold	Bos taurus	Bos taurus	Scaffold	ok	exon_5	5	124	0.9919354838709677	0.9919354838709677	0.9919354838709677	0.9024390243902439	0.0	123	123	123	111	12	33864552.0	33864674.0	0.9719807238394965	HIGH	GA	GT	NONCANONICAL	CANONICAL	323	0	0.0	0	0
GCA_965177565.2	seqoccin.Bt.SAMEA117655775.scaffold	Bos taurus	Bos taurus	Scaffold	ok	exon_6	6	1115	0.9641255605381166	1.0	0.9641255605381166	0.8762790697674419	0.0	1075	1075	1115	942	133	33865499.0	33866574.0	0.9529262696840131	HIGH	AG		CANONICAL	NA	1276	0	0.0	0	0
GCA_965177575.2	seqoccin.Bt.SAMEA117655799.scaffold	Bos taurus	Bos taurus	Scaffold	ok	exon_1	1	194	0.8917525773195877	0.8969072164948454	0.8917525773195877	0.8728323699421965	0.0	173	173	174	151	22	33525780.0	33525952.0	0.9194967522793636	HIGH			NA	NA	373	0	0.0	0	0
GCA_965177575.2	seqoccin.Bt.SAMEA117655799.scaffold	Bos taurus	Bos taurus	Scaffold	ok	exon_2	2	304	1.0	1.0	1.0	0.9078947368421053	0.0	304	304	304	276	28	33528605.0	33528908.0	0.9769736842105263	HIGH	AG	GT	CANONICAL	CANONICAL	504	0	0.0	0	0
GCA_965177575.2	seqoccin.Bt.SAMEA117655799.scaffold	Bos taurus	Bos taurus	Scaffold	ok	exon_3	3	837	0.942652329749104	0.966547192353644	0.942652329749104	0.8846641318124208	0.0	789	789	809	698	91	33531445.0	33532235.0	0.945359581340202	HIGH	AG	AC	CANONICAL	NONCANONICAL	991	0	0.0	0	0
GCA_965177575.2	seqoccin.Bt.SAMEA117655799.scaffold	Bos taurus	Bos taurus	Scaffold	ok	exon_4	4	213	0.9953051643192489	1.0	0.9953051643192489	0.9056603773584906	0.0	212	212	213	192	20	33539583.0	33540522.0	0.9743024182832847	HIGH	AG	GT	CANONICAL	CANONICAL	1140	0	0.0	0	0
GCA_965177575.2	seqoccin.Bt.SAMEA117655799.scaffold	Bos taurus	Bos taurus	Scaffold	ok	exon_5	5	124	0.9919354838709677	0.9919354838709677	0.9919354838709677	0.9024390243902439	0.0	123	123	123	111	12	33543321.0	33543443.0	0.9719807238394965	HIGH	GA	GT	NONCANONICAL	CANONICAL	323	0	0.0	0	0
GCA_965177575.2	seqoccin.Bt.SAMEA117655799.scaffold	Bos taurus	Bos taurus	Scaffold	ok	exon_6	6	1115	0.9641255605381166	1.0	0.9641255605381166	0.8762790697674419	0.0	1075	1075	1115	942	133	33544268.0	33545343.0	0.9529262696840131	HIGH	AG		CANONICAL	NA	1276	0	0.0	0	0
GCA_965177585.2	seqoccin.Bt.SAMEA117655756.scaffold	Bos taurus	Bos taurus	Scaffold	ok	exon_1	1	194	0.8917525773195877	0.8969072164948454	0.8917525773195877	0.8728323699421965	0.0	173	173	174	151	22	33780220.0	33780392.0	0.9194967522793636	HIGH			NA	NA	373	0	0.0	0	0
GCA_965177585.2	seqoccin.Bt.SAMEA117655756.scaffold	Bos taurus	Bos taurus	Scaffold	ok	exon_2	2	304	1.0	1.0	1.0	0.9078947368421053	0.0	304	304	304	276	28	33783046.0	33783349.0	0.9769736842105263	HIGH	AG	GT	CANONICAL	CANONICAL	504	0	0.0	0	0
GCA_965177585.2	seqoccin.Bt.SAMEA117655756.scaffold	Bos taurus	Bos taurus	Scaffold	ok	exon_3	3	837	0.946236559139785	0.966547192353644	0.946236559139785	0.8825757575757576	0.0	792	792	809	699	93	33786201.0	33786992.0	0.9464503910068427	HIGH	AG	AC	CANONICAL	NONCANONICAL	992	0	0.0	0	0
GCA_965177585.2	seqoccin.Bt.SAMEA117655756.scaffold	Bos taurus	Bos taurus	Scaffold	ok	exon_4	4	213	0.9953051643192489	1.0	0.9953051643192489	0.9056603773584906	0.0	212	212	213	192	20	33794339.0	33795278.0	0.9743024182832847	HIGH	AG	GT	CANONICAL	CANONICAL	1140	0	0.0	0	0
GCA_965177585.2	seqoccin.Bt.SAMEA117655756.scaffold	Bos taurus	Bos taurus	Scaffold	ok	exon_5	5	124	0.9919354838709677	0.9919354838709677	0.9919354838709677	0.9024390243902439	0.0	123	123	123	111	12	33798076.0	33798198.0	0.9719807238394965	HIGH	GA	GT	NONCANONICAL	CANONICAL	323	0	0.0	0	0
GCA_965177585.2	seqoccin.Bt.SAMEA117655756.scaffold	Bos taurus	Bos taurus	Scaffold	ok	exon_6	6	1115	0.9641255605381166	1.0	0.9641255605381166	0.8725581395348837	0.0	1075	1075	1115	938	137	33799023.0	33800098.0	0.9519960371258734	HIGH	AG		CANONICAL	NA	1276	0	0.0	0	0
GCA_965177605.2	seqoccin.Bt.SAMEA117655752.scaffold	Bos taurus	Bos taurus	Scaffold	ok	exon_1	1	194	0.8917525773195877	0.8969072164948454	0.8917525773195877	0.8728323699421965	0.0	173	173	174	151	22	33732055.0	33732227.0	0.9194967522793636	HIGH			NA	NA	373	0	0.0	0	0
GCA_965177605.2	seqoccin.Bt.SAMEA117655752.scaffold	Bos taurus	Bos taurus	Scaffold	ok	exon_2	2	304	1.0	1.0	1.0	0.9078947368421053	0.0	304	304	304	276	28	33734880.0	33735183.0	0.9769736842105263	HIGH	AG	GT	CANONICAL	CANONICAL	504	0	0.0	0	0
GCA_965177605.2	seqoccin.Bt.SAMEA117655752.scaffold	Bos taurus	Bos taurus	Scaffold	ok	exon_3	3	837	0.946236559139785	0.966547192353644	0.946236559139785	0.8813131313131313	0.0	792	792	809	698	94	33738035.0	33738826.0	0.9461347344411861	HIGH	AG	AC	CANONICAL	NONCANONICAL	992	0	0.0	0	0
GCA_965177605.2	seqoccin.Bt.SAMEA117655752.scaffold	Bos taurus	Bos taurus	Scaffold	ok	exon_4	4	213	0.9953051643192489	1.0	0.9953051643192489	0.9056603773584906	0.0	212	212	213	192	20	33746173.0	33747112.0	0.9743024182832847	HIGH	AG	GT	CANONICAL	CANONICAL	1140	0	0.0	0	0
GCA_965177605.2	seqoccin.Bt.SAMEA117655752.scaffold	Bos taurus	Bos taurus	Scaffold	ok	exon_5	5	124	0.9919354838709677	0.9919354838709677	0.9919354838709677	0.9024390243902439	0.0	123	123	123	111	12	33749912.0	33750034.0	0.9719807238394965	HIGH	GA	GT	NONCANONICAL	CANONICAL	323	0	0.0	0	0
GCA_965177605.2	seqoccin.Bt.SAMEA117655752.scaffold	Bos taurus	Bos taurus	Scaffold	ok	exon_6	6	1115	0.9641255605381166	1.0	0.9641255605381166	0.8762790697674419	0.0	1075	1075	1115	942	133	33750859.0	33751934.0	0.9529262696840131	HIGH	AG		CANONICAL	NA	1276	0	0.0	0	0
GCA_965177615.2	seqoccin.Bt.SAMEA117655811.scaffold	Bos taurus	Bos taurus	Scaffold	ok	exon_1	1	194	0.8917525773195877	0.8969072164948454	0.8917525773195877	0.8728323699421965	0.0	173	173	174	151	22	33785263.0	33785435.0	0.9194967522793636	HIGH			NA	NA	373	0	0.0	0	0
GCA_965177615.2	seqoccin.Bt.SAMEA117655811.scaffold	Bos taurus	Bos taurus	Scaffold	ok	exon_2	2	304	1.0	1.0	1.0	0.9078947368421053	0.0	304	304	304	276	28	33788088.0	33788391.0	0.9769736842105263	HIGH	AG	GT	CANONICAL	CANONICAL	504	0	0.0	0	0
GCA_965177615.2	seqoccin.Bt.SAMEA117655811.scaffold	Bos taurus	Bos taurus	Scaffold	ok	exon_3	3	837	0.946236559139785	0.966547192353644	0.946236559139785	0.8825757575757576	0.0	792	792	809	699	93	33791243.0	33792034.0	0.9464503910068427	HIGH	AG	AC	CANONICAL	NONCANONICAL	992	0	0.0	0	0
GCA_965177615.2	seqoccin.Bt.SAMEA117655811.scaffold	Bos taurus	Bos taurus	Scaffold	ok	exon_4	4	213	0.9953051643192489	1.0	0.9953051643192489	0.9056603773584906	0.0	212	212	213	192	20	33799381.0	33800320.0	0.9743024182832847	HIGH	AG	GT	CANONICAL	CANONICAL	1140	0	0.0	0	0
GCA_965177615.2	seqoccin.Bt.SAMEA117655811.scaffold	Bos taurus	Bos taurus	Scaffold	ok	exon_5	5	124	0.9919354838709677	0.9919354838709677	0.9919354838709677	0.9024390243902439	0.0	123	123	123	111	12	33803119.0	33803241.0	0.9719807238394965	HIGH	GA	GT	NONCANONICAL	CANONICAL	323	0	0.0	0	0
GCA_965177615.2	seqoccin.Bt.SAMEA117655811.scaffold	Bos taurus	Bos taurus	Scaffold	ok	exon_6	6	1115	0.9641255605381166	1.0	0.9641255605381166	0.8762790697674419	0.0	1075	1075	1115	942	133	33804064.0	33805139.0	0.9529262696840131	HIGH	AG		CANONICAL	NA	1276	0	0.0	0	0
GCA_965177635.2	seqoccin.Bt.SAMEA117655808.scaffold	Bos taurus	Bos taurus	Scaffold	ok	exon_1	1	194	0.8917525773195877	0.8969072164948454	0.8917525773195877	0.8728323699421965	0.0	173	173	174	151	22	34475633.0	34475805.0	0.9194967522793636	HIGH			NA	NA	373	0	0.0	0	0
GCA_965177635.2	seqoccin.Bt.SAMEA117655808.scaffold	Bos taurus	Bos taurus	Scaffold	ok	exon_2	2	304	1.0	1.0	1.0	0.9078947368421053	0.0	304	304	304	276	28	34478458.0	34478761.0	0.9769736842105263	HIGH	AG	GT	CANONICAL	CANONICAL	504	0	0.0	0	0
GCA_965177635.2	seqoccin.Bt.SAMEA117655808.scaffold	Bos taurus	Bos taurus	Scaffold	ok	exon_3	3	837	0.946236559139785	0.966547192353644	0.946236559139785	0.8813131313131313	0.0	792	792	809	698	94	34481613.0	34482404.0	0.9461347344411861	HIGH	AG	AC	CANONICAL	NONCANONICAL	992	0	0.0	0	0
GCA_965177635.2	seqoccin.Bt.SAMEA117655808.scaffold	Bos taurus	Bos taurus	Scaffold	ok	exon_4	4	213	0.9953051643192489	1.0	0.9953051643192489	0.9056603773584906	0.0	212	212	213	192	20	34489751.0	34490690.0	0.9743024182832847	HIGH	AG	GT	CANONICAL	CANONICAL	1140	0	0.0	0	0
GCA_965177635.2	seqoccin.Bt.SAMEA117655808.scaffold	Bos taurus	Bos taurus	Scaffold	ok	exon_5	5	124	0.9919354838709677	0.9919354838709677	0.9919354838709677	0.9024390243902439	0.0	123	123	123	111	12	34493490.0	34493612.0	0.9719807238394965	HIGH	GA	GT	NONCANONICAL	CANONICAL	323	0	0.0	0	0
GCA_965177635.2	seqoccin.Bt.SAMEA117655808.scaffold	Bos taurus	Bos taurus	Scaffold	ok	exon_6	6	1115	0.9641255605381166	1.0	0.9641255605381166	0.8762790697674419	0.0	1075	1075	1115	942	133	34494437.0	34495512.0	0.9529262696840131	HIGH	AG		CANONICAL	NA	1276	0	0.0	0	0
GCA_965177645.2	seqoccin.Bt.SAMEA117655824.scaffold	Bos taurus	Bos taurus	Scaffold	ok	exon_1	1	194	0.8917525773195877	0.8969072164948454	0.8917525773195877	0.8728323699421965	0.0	173	173	174	151	22	33663062.0	33663234.0	0.9194967522793636	HIGH			NA	NA	373	0	0.0	0	0
GCA_965177645.2	seqoccin.Bt.SAMEA117655824.scaffold	Bos taurus	Bos taurus	Scaffold	ok	exon_2	2	304	1.0	1.0	1.0	0.9046052631578947	0.0	304	304	304	275	29	33665889.0	33666192.0	0.9761513157894737	HIGH	AG	GT	CANONICAL	CANONICAL	504	0	0.0	0	0
GCA_965177645.2	seqoccin.Bt.SAMEA117655824.scaffold	Bos taurus	Bos taurus	Scaffold	ok	exon_3	3	837	0.946236559139785	0.966547192353644	0.946236559139785	0.8825757575757576	0.0	792	792	809	699	93	33669044.0	33669835.0	0.9464503910068427	HIGH	AG	AC	CANONICAL	NONCANONICAL	992	0	0.0	0	0
GCA_965177645.2	seqoccin.Bt.SAMEA117655824.scaffold	Bos taurus	Bos taurus	Scaffold	ok	exon_4	4	213	0.9953051643192489	1.0	0.9953051643192489	0.9056603773584906	0.0	212	212	213	192	20	33677194.0	33678133.0	0.9743024182832847	HIGH	AG	GT	CANONICAL	CANONICAL	1140	0	0.0	0	0
GCA_965177645.2	seqoccin.Bt.SAMEA117655824.scaffold	Bos taurus	Bos taurus	Scaffold	ok	exon_5	5	124	0.9596774193548387	0.9596774193548387	0.9596774193548387	0.8991596638655462	0.0	119	119	119	107	12	33680954.0	33681072.0	0.956644754676064	HIGH	GA	GT	NONCANONICAL	CANONICAL	319	0	0.0	0	0
GCA_965177645.2	seqoccin.Bt.SAMEA117655824.scaffold	Bos taurus	Bos taurus	Scaffold	ok	exon_6	6	1115	0.9641255605381166	1.0	0.9641255605381166	0.8734883720930232	0.0	1075	1075	1115	939	136	33681898.0	33682973.0	0.9522285952654084	HIGH	AG		CANONICAL	NA	1276	0	0.0	0	0
GCA_965177655.2	seqoccin.Bt.SAMEA117655772.scaffold	Bos taurus	Bos taurus	Scaffold	ok	exon_1	1	194	0.8917525773195877	0.8969072164948454	0.8917525773195877	0.8728323699421965	0.0	173	173	174	151	22	34763656.0	34763828.0	0.9194967522793636	HIGH			NA	NA	373	0	0.0	0	0
GCA_965177655.2	seqoccin.Bt.SAMEA117655772.scaffold	Bos taurus	Bos taurus	Scaffold	ok	exon_2	2	304	1.0	1.0	1.0	0.9078947368421053	0.0	304	304	304	276	28	34766481.0	34766784.0	0.9769736842105263	HIGH	AG	GT	CANONICAL	CANONICAL	504	0	0.0	0	0
GCA_965177655.2	seqoccin.Bt.SAMEA117655772.scaffold	Bos taurus	Bos taurus	Scaffold	ok	exon_3	3	837	0.946236559139785	0.966547192353644	0.946236559139785	0.8813131313131313	0.0	792	792	809	698	94	34769636.0	34770427.0	0.9461347344411861	HIGH	AG	AC	CANONICAL	NONCANONICAL	992	0	0.0	0	0
GCA_965177655.2	seqoccin.Bt.SAMEA117655772.scaffold	Bos taurus	Bos taurus	Scaffold	ok	exon_4	4	213	0.9953051643192489	1.0	0.9953051643192489	0.9056603773584906	0.0	212	212	213	192	20	34777774.0	34778713.0	0.9743024182832847	HIGH	AG	GT	CANONICAL	CANONICAL	1140	0	0.0	0	0
GCA_965177655.2	seqoccin.Bt.SAMEA117655772.scaffold	Bos taurus	Bos taurus	Scaffold	ok	exon_5	5	124	0.9919354838709677	0.9919354838709677	0.9919354838709677	0.9024390243902439	0.0	123	123	123	111	12	34781513.0	34781635.0	0.9719807238394965	HIGH	GA	GT	NONCANONICAL	CANONICAL	323	0	0.0	0	0
GCA_965177655.2	seqoccin.Bt.SAMEA117655772.scaffold	Bos taurus	Bos taurus	Scaffold	ok	exon_6	6	1115	0.9641255605381166	1.0	0.9641255605381166	0.8762790697674419	0.0	1075	1075	1115	942	133	34782460.0	34783535.0	0.9529262696840131	HIGH	AG		CANONICAL	NA	1276	0	0.0	0	0
GCA_965177665.2	seqoccin.Bt.SAMEA117655821.scaffold	Bos taurus	Bos taurus	Scaffold	ok	exon_1	1	194	0.8917525773195877	0.8969072164948454	0.8917525773195877	0.8728323699421965	0.0	173	173	174	151	22	33720857.0	33721029.0	0.9194967522793636	HIGH			NA	NA	373	0	0.0	0	0
GCA_965177665.2	seqoccin.Bt.SAMEA117655821.scaffold	Bos taurus	Bos taurus	Scaffold	ok	exon_2	2	304	1.0	1.0	1.0	0.9078947368421053	0.0	304	304	304	276	28	33723682.0	33723985.0	0.9769736842105263	HIGH	AG	GT	CANONICAL	CANONICAL	504	0	0.0	0	0
GCA_965177665.2	seqoccin.Bt.SAMEA117655821.scaffold	Bos taurus	Bos taurus	Scaffold	ok	exon_3	3	837	0.946236559139785	0.966547192353644	0.946236559139785	0.8825757575757576	0.0	792	792	809	699	93	33726837.0	33727628.0	0.9464503910068427	HIGH	AG	AC	CANONICAL	NONCANONICAL	992	0	0.0	0	0
GCA_965177665.2	seqoccin.Bt.SAMEA117655821.scaffold	Bos taurus	Bos taurus	Scaffold	ok	exon_4	4	213	0.9953051643192489	1.0	0.9953051643192489	0.9056603773584906	0.0	212	212	213	192	20	33734972.0	33735911.0	0.9743024182832847	HIGH	AG	GT	CANONICAL	CANONICAL	1140	0	0.0	0	0
GCA_965177665.2	seqoccin.Bt.SAMEA117655821.scaffold	Bos taurus	Bos taurus	Scaffold	ok	exon_5	5	124	0.9919354838709677	0.9919354838709677	0.9919354838709677	0.9024390243902439	0.0	123	123	123	111	12	33738733.0	33738855.0	0.9719807238394965	HIGH	GA	GT	NONCANONICAL	CANONICAL	323	0	0.0	0	0
GCA_965177665.2	seqoccin.Bt.SAMEA117655821.scaffold	Bos taurus	Bos taurus	Scaffold	ok	exon_6	6	1115	0.9641255605381166	1.0	0.9641255605381166	0.8772093023255814	0.0	1075	1075	1115	943	132	33739680.0	33740755.0	0.9531588278235479	HIGH	AG		CANONICAL	NA	1276	0	0.0	0	0
GCA_965177675.2	seqoccin.Bt.SAMEA117655836.scaffold	Bos taurus	Bos taurus	Scaffold	ok	exon_1	1	194	0.8917525773195877	0.8969072164948454	0.8917525773195877	0.8728323699421965	0.0	173	173	174	151	22	33587668.0	33587840.0	0.9194967522793636	HIGH			NA	NA	373	0	0.0	0	0
GCA_965177675.2	seqoccin.Bt.SAMEA117655836.scaffold	Bos taurus	Bos taurus	Scaffold	ok	exon_2	2	304	1.0	1.0	1.0	0.9046052631578947	0.0	304	304	304	275	29	33590494.0	33590797.0	0.9761513157894737	HIGH	AG	GT	CANONICAL	CANONICAL	504	0	0.0	0	0
GCA_965177675.2	seqoccin.Bt.SAMEA117655836.scaffold	Bos taurus	Bos taurus	Scaffold	ok	exon_3	3	837	0.946236559139785	0.966547192353644	0.946236559139785	0.8825757575757576	0.0	792	792	809	699	93	33593649.0	33594440.0	0.9464503910068427	HIGH	AG	AC	CANONICAL	NONCANONICAL	992	0	0.0	0	0
GCA_965177675.2	seqoccin.Bt.SAMEA117655836.scaffold	Bos taurus	Bos taurus	Scaffold	ok	exon_4	4	213	0.9953051643192489	1.0	0.9953051643192489	0.9056603773584906	0.0	212	212	213	192	20	33601787.0	33602726.0	0.9743024182832847	HIGH	AG	GT	CANONICAL	CANONICAL	1140	0	0.0	0	0
GCA_965177675.2	seqoccin.Bt.SAMEA117655836.scaffold	Bos taurus	Bos taurus	Scaffold	ok	exon_5	5	124	0.9919354838709677	0.9919354838709677	0.9919354838709677	0.9024390243902439	0.0	123	123	123	111	12	33605526.0	33605648.0	0.9719807238394965	HIGH	GA	GT	NONCANONICAL	CANONICAL	323	0	0.0	0	0
GCA_965177675.2	seqoccin.Bt.SAMEA117655836.scaffold	Bos taurus	Bos taurus	Scaffold	ok	exon_6	6	1115	0.9641255605381166	1.0	0.9641255605381166	0.8762790697674419	0.0	1075	1075	1115	942	133	33606473.0	33607548.0	0.9529262696840131	HIGH	AG		CANONICAL	NA	1276	0	0.0	0	0
GCA_965177685.2	seqoccin.Bt.SAMEA117655749.scaffold	Bos taurus	Bos taurus	Scaffold	ok	exon_1	1	194	0.8917525773195877	0.8969072164948454	0.8917525773195877	0.8728323699421965	0.0	173	173	174	151	22	37440649.0	37440821.0	0.9194967522793636	HIGH			NA	NA	373	0	0.0	0	0
GCA_965177685.2	seqoccin.Bt.SAMEA117655749.scaffold	Bos taurus	Bos taurus	Scaffold	ok	exon_2	2	304	1.0	1.0	1.0	0.9078947368421053	0.0	304	304	304	276	28	37443474.0	37443777.0	0.9769736842105263	HIGH	AG	GT	CANONICAL	CANONICAL	504	0	0.0	0	0
GCA_965177685.2	seqoccin.Bt.SAMEA117655749.scaffold	Bos taurus	Bos taurus	Scaffold	ok	exon_3	3	837	0.946236559139785	0.966547192353644	0.946236559139785	0.8813131313131313	0.0	792	792	809	698	94	37446629.0	37447420.0	0.9461347344411861	HIGH	AG	AC	CANONICAL	NONCANONICAL	992	0	0.0	0	0
GCA_965177685.2	seqoccin.Bt.SAMEA117655749.scaffold	Bos taurus	Bos taurus	Scaffold	ok	exon_4	4	213	0.9953051643192489	1.0	0.9953051643192489	0.9056603773584906	0.0	212	212	213	192	20	37454767.0	37455706.0	0.9743024182832847	HIGH	AG	GT	CANONICAL	CANONICAL	1140	0	0.0	0	0
GCA_965177685.2	seqoccin.Bt.SAMEA117655749.scaffold	Bos taurus	Bos taurus	Scaffold	ok	exon_5	5	124	0.9919354838709677	0.9919354838709677	0.9919354838709677	0.9024390243902439	0.0	123	123	123	111	12	37458506.0	37458628.0	0.9719807238394965	HIGH	GA	GT	NONCANONICAL	CANONICAL	323	0	0.0	0	0
GCA_965177685.2	seqoccin.Bt.SAMEA117655749.scaffold	Bos taurus	Bos taurus	Scaffold	ok	exon_6	6	1115	0.9641255605381166	1.0	0.9641255605381166	0.8762790697674419	0.0	1075	1075	1115	942	133	37459453.0	37460528.0	0.9529262696840131	HIGH	AG		CANONICAL	NA	1276	0	0.0	0	0
GCA_965177695.2	seqoccin.Bt.SAMEA117655829.scaffold	Bos taurus	Bos taurus	Scaffold	ok	exon_1	1	194	0.8917525773195877	0.8969072164948454	0.8917525773195877	0.8728323699421965	0.0	173	173	174	151	22	33855188.0	33855360.0	0.9194967522793636	HIGH			NA	NA	373	0	0.0	0	0
GCA_965177695.2	seqoccin.Bt.SAMEA117655829.scaffold	Bos taurus	Bos taurus	Scaffold	ok	exon_2	2	304	1.0	1.0	1.0	0.9078947368421053	0.0	304	304	304	276	28	33858013.0	33858316.0	0.9769736842105263	HIGH	AG	GT	CANONICAL	CANONICAL	504	0	0.0	0	0
GCA_965177695.2	seqoccin.Bt.SAMEA117655829.scaffold	Bos taurus	Bos taurus	Scaffold	ok	exon_3	3	837	0.946236559139785	0.966547192353644	0.946236559139785	0.8813131313131313	0.0	792	792	809	698	94	33861168.0	33861959.0	0.9461347344411861	HIGH	AG	AC	CANONICAL	NONCANONICAL	992	0	0.0	0	0
GCA_965177695.2	seqoccin.Bt.SAMEA117655829.scaffold	Bos taurus	Bos taurus	Scaffold	ok	exon_4	4	213	0.9953051643192489	1.0	0.9953051643192489	0.9056603773584906	0.0	212	212	213	192	20	33869306.0	33870245.0	0.9743024182832847	HIGH	AG	GT	CANONICAL	CANONICAL	1140	0	0.0	0	0
GCA_965177695.2	seqoccin.Bt.SAMEA117655829.scaffold	Bos taurus	Bos taurus	Scaffold	ok	exon_5	5	124	0.9919354838709677	0.9919354838709677	0.9919354838709677	0.9024390243902439	0.0	123	123	123	111	12	33873045.0	33873167.0	0.9719807238394965	HIGH	GA	GT	NONCANONICAL	CANONICAL	323	0	0.0	0	0
GCA_965177695.2	seqoccin.Bt.SAMEA117655829.scaffold	Bos taurus	Bos taurus	Scaffold	ok	exon_6	6	1115	0.9641255605381166	1.0	0.9641255605381166	0.8762790697674419	0.0	1075	1075	1115	942	133	33873992.0	33875067.0	0.9529262696840131	HIGH	AG		CANONICAL	NA	1276	0	0.0	0	0
GCA_965177705.2	seqoccin.Bt.SAMEA117655782.scaffold	Bos taurus	Bos taurus	Scaffold	ok	exon_1	1	194	0.8917525773195877	0.8969072164948454	0.8917525773195877	0.8728323699421965	0.0	173	173	174	151	22	33495338.0	33495510.0	0.9194967522793636	HIGH			NA	NA	373	0	0.0	0	0
GCA_965177705.2	seqoccin.Bt.SAMEA117655782.scaffold	Bos taurus	Bos taurus	Scaffold	ok	exon_2	2	304	1.0	1.0	1.0	0.9046052631578947	0.0	304	304	304	275	29	33498165.0	33498468.0	0.9761513157894737	HIGH	AG	GT	CANONICAL	CANONICAL	504	0	0.0	0	0
GCA_965177705.2	seqoccin.Bt.SAMEA117655782.scaffold	Bos taurus	Bos taurus	Scaffold	ok	exon_3	3	837	0.942652329749104	0.966547192353644	0.942652329749104	0.8859315589353612	0.0	789	789	809	699	90	33501005.0	33501795.0	0.9456764381209372	HIGH	AG	AC	CANONICAL	NONCANONICAL	991	0	0.0	0	0
GCA_965177705.2	seqoccin.Bt.SAMEA117655782.scaffold	Bos taurus	Bos taurus	Scaffold	ok	exon_4	4	213	0.9953051643192489	1.0	0.9953051643192489	0.9056603773584906	0.0	212	212	213	192	20	33509141.0	33510080.0	0.9743024182832847	HIGH	AG	GT	CANONICAL	CANONICAL	1140	0	0.0	0	0
GCA_965177705.2	seqoccin.Bt.SAMEA117655782.scaffold	Bos taurus	Bos taurus	Scaffold	ok	exon_5	5	124	0.9919354838709677	0.9919354838709677	0.9919354838709677	0.9024390243902439	0.0	123	123	123	111	12	33512879.0	33513001.0	0.9719807238394965	HIGH	GA	GT	NONCANONICAL	CANONICAL	323	0	0.0	0	0
GCA_965177705.2	seqoccin.Bt.SAMEA117655782.scaffold	Bos taurus	Bos taurus	Scaffold	ok	exon_6	6	1115	0.9641255605381166	1.0	0.9641255605381166	0.8762790697674419	0.0	1075	1075	1115	942	133	33513826.0	33514901.0	0.9529262696840131	HIGH	AG		CANONICAL	NA	1276	0	0.0	0	0
GCA_965177715.2	seqoccin.Bt.SAMEA117655761.scaffold	Bos taurus	Bos taurus	Scaffold	ok	exon_1	1	194	0.8917525773195877	0.8969072164948454	0.8917525773195877	0.8728323699421965	0.0	173	173	174	151	22	33695692.0	33695864.0	0.9194967522793636	HIGH			NA	NA	373	0	0.0	0	0
GCA_965177715.2	seqoccin.Bt.SAMEA117655761.scaffold	Bos taurus	Bos taurus	Scaffold	ok	exon_2	2	304	1.0	1.0	1.0	0.9078947368421053	0.0	304	304	304	276	28	33698517.0	33698820.0	0.9769736842105263	HIGH	AG	GT	CANONICAL	CANONICAL	504	0	0.0	0	0
GCA_965177715.2	seqoccin.Bt.SAMEA117655761.scaffold	Bos taurus	Bos taurus	Scaffold	ok	exon_3	3	837	0.946236559139785	0.966547192353644	0.946236559139785	0.8813131313131313	0.0	792	792	809	698	94	33701672.0	33702463.0	0.9461347344411861	HIGH	AG	AC	CANONICAL	NONCANONICAL	992	0	0.0	0	0
GCA_965177715.2	seqoccin.Bt.SAMEA117655761.scaffold	Bos taurus	Bos taurus	Scaffold	ok	exon_4	4	213	0.9953051643192489	1.0	0.9953051643192489	0.9056603773584906	0.0	212	212	213	192	20	33709810.0	33710749.0	0.9743024182832847	HIGH	AG	GT	CANONICAL	CANONICAL	1140	0	0.0	0	0
GCA_965177715.2	seqoccin.Bt.SAMEA117655761.scaffold	Bos taurus	Bos taurus	Scaffold	ok	exon_5	5	124	0.9919354838709677	0.9919354838709677	0.9919354838709677	0.9024390243902439	0.0	123	123	123	111	12	33713549.0	33713671.0	0.9719807238394965	HIGH	GA	GT	NONCANONICAL	CANONICAL	323	0	0.0	0	0
GCA_965177715.2	seqoccin.Bt.SAMEA117655761.scaffold	Bos taurus	Bos taurus	Scaffold	ok	exon_6	6	1115	0.9641255605381166	1.0	0.9641255605381166	0.8762790697674419	0.0	1075	1075	1115	942	133	33714496.0	33715571.0	0.9529262696840131	HIGH	AG		CANONICAL	NA	1276	0	0.0	0	0
GCA_965177725.2	seqoccin.Bt.SAMEA117655798.scaffold	Bos taurus	Bos taurus	Scaffold	ok	exon_1	1	194	0.8917525773195877	0.8969072164948454	0.8917525773195877	0.8728323699421965	0.0	173	173	174	151	22	33701621.0	33701793.0	0.9194967522793636	HIGH			NA	NA	373	0	0.0	0	0
GCA_965177725.2	seqoccin.Bt.SAMEA117655798.scaffold	Bos taurus	Bos taurus	Scaffold	ok	exon_2	2	304	1.0	1.0	1.0	0.9046052631578947	0.0	304	304	304	275	29	33704448.0	33704751.0	0.9761513157894737	HIGH	AG	GT	CANONICAL	CANONICAL	504	0	0.0	0	0
GCA_965177725.2	seqoccin.Bt.SAMEA117655798.scaffold	Bos taurus	Bos taurus	Scaffold	ok	exon_3	3	837	0.946236559139785	0.966547192353644	0.946236559139785	0.8825757575757576	0.0	792	792	809	699	93	33707603.0	33708394.0	0.9464503910068427	HIGH	AG	AC	CANONICAL	NONCANONICAL	992	0	0.0	0	0
GCA_965177725.2	seqoccin.Bt.SAMEA117655798.scaffold	Bos taurus	Bos taurus	Scaffold	ok	exon_4	4	213	0.9953051643192489	1.0	0.9953051643192489	0.9056603773584906	0.0	212	212	213	192	20	33715738.0	33716676.0	0.9743024182832847	HIGH	AG	GT	CANONICAL	CANONICAL	1139	0	0.0	0	0
GCA_965177725.2	seqoccin.Bt.SAMEA117655798.scaffold	Bos taurus	Bos taurus	Scaffold	ok	exon_5	5	124	0.9596774193548387	0.9596774193548387	0.9596774193548387	0.8991596638655462	0.0	119	119	119	107	12	33719498.0	33719616.0	0.956644754676064	HIGH	GA	GT	NONCANONICAL	CANONICAL	319	0	0.0	0	0
GCA_965177725.2	seqoccin.Bt.SAMEA117655798.scaffold	Bos taurus	Bos taurus	Scaffold	ok	exon_6	6	1115	0.9641255605381166	1.0	0.9641255605381166	0.8734883720930232	0.0	1075	1075	1115	939	136	33720442.0	33721517.0	0.9522285952654084	HIGH	AG		CANONICAL	NA	1276	0	0.0	0	0
GCA_965177735.2	seqoccin.Bt.SAMEA117655771.scaffold	Bos taurus	Bos taurus	Scaffold	ok	exon_1	1	194	0.8917525773195877	0.8969072164948454	0.8917525773195877	0.8728323699421965	0.0	173	173	174	151	22	34006565.0	34006737.0	0.9194967522793636	HIGH			NA	NA	373	0	0.0	0	0
GCA_965177735.2	seqoccin.Bt.SAMEA117655771.scaffold	Bos taurus	Bos taurus	Scaffold	ok	exon_2	2	304	1.0	1.0	1.0	0.9078947368421053	0.0	304	304	304	276	28	34009390.0	34009693.0	0.9769736842105263	HIGH	AG	GT	CANONICAL	CANONICAL	504	0	0.0	0	0
GCA_965177735.2	seqoccin.Bt.SAMEA117655771.scaffold	Bos taurus	Bos taurus	Scaffold	ok	exon_3	3	837	0.942652329749104	0.966547192353644	0.942652329749104	0.8833967046894804	0.0	789	789	809	697	92	34012545.0	34013335.0	0.9450427245594669	HIGH	AG	AC	CANONICAL	NONCANONICAL	991	0	0.0	0	0
GCA_965177735.2	seqoccin.Bt.SAMEA117655771.scaffold	Bos taurus	Bos taurus	Scaffold	ok	exon_4	4	213	0.9953051643192489	1.0	0.9953051643192489	0.9056603773584906	0.0	212	212	213	192	20	34020684.0	34021623.0	0.9743024182832847	HIGH	AG	GT	CANONICAL	CANONICAL	1140	0	0.0	0	0
GCA_965177735.2	seqoccin.Bt.SAMEA117655771.scaffold	Bos taurus	Bos taurus	Scaffold	ok	exon_5	5	124	0.9919354838709677	0.9919354838709677	0.9919354838709677	0.9024390243902439	0.0	123	123	123	111	12	34024423.0	34024545.0	0.9719807238394965	HIGH	GA	GT	NONCANONICAL	CANONICAL	323	0	0.0	0	0
GCA_965177735.2	seqoccin.Bt.SAMEA117655771.scaffold	Bos taurus	Bos taurus	Scaffold	ok	exon_6	6	1115	0.9641255605381166	1.0	0.9641255605381166	0.8762790697674419	0.0	1075	1075	1115	942	133	34025368.0	34026443.0	0.9529262696840131	HIGH	AG		CANONICAL	NA	1276	0	0.0	0	0
GCA_965177745.2	seqoccin.Bt.SAMEA117655757.scaffold	Bos taurus	Bos taurus	Scaffold	ok	exon_1	1	194	0.8917525773195877	0.8969072164948454	0.8917525773195877	0.8728323699421965	0.0	173	173	174	151	22	32759223.0	32759395.0	0.9194967522793636	HIGH			NA	NA	373	0	0.0	0	0
GCA_965177745.2	seqoccin.Bt.SAMEA117655757.scaffold	Bos taurus	Bos taurus	Scaffold	ok	exon_2	2	304	1.0	1.0	1.0	0.9046052631578947	0.0	304	304	304	275	29	32762048.0	32762351.0	0.9761513157894737	HIGH	AG	GT	CANONICAL	CANONICAL	504	0	0.0	0	0
GCA_965177745.2	seqoccin.Bt.SAMEA117655757.scaffold	Bos taurus	Bos taurus	Scaffold	ok	exon_3	3	837	0.942652329749104	0.966547192353644	0.942652329749104	0.8846641318124208	0.0	789	789	809	698	91	32764888.0	32765678.0	0.945359581340202	HIGH	AG	AC	CANONICAL	NONCANONICAL	991	0	0.0	0	0
GCA_965177745.2	seqoccin.Bt.SAMEA117655757.scaffold	Bos taurus	Bos taurus	Scaffold	ok	exon_4	4	213	0.9953051643192489	1.0	0.9953051643192489	0.9056603773584906	0.0	212	212	213	192	20	32773024.0	32773963.0	0.9743024182832847	HIGH	AG	GT	CANONICAL	CANONICAL	1140	0	0.0	0	0
GCA_965177745.2	seqoccin.Bt.SAMEA117655757.scaffold	Bos taurus	Bos taurus	Scaffold	ok	exon_5	5	124	0.9919354838709677	0.9919354838709677	0.9919354838709677	0.9024390243902439	0.0	123	123	123	111	12	32776762.0	32776884.0	0.9719807238394965	HIGH	GA	GT	NONCANONICAL	CANONICAL	323	0	0.0	0	0
GCA_965177745.2	seqoccin.Bt.SAMEA117655757.scaffold	Bos taurus	Bos taurus	Scaffold	ok	exon_6	6	1115	0.9641255605381166	1.0	0.9641255605381166	0.8762790697674419	0.0	1075	1075	1115	942	133	32777709.0	32778784.0	0.9529262696840131	HIGH	AG		CANONICAL	NA	1276	0	0.0	0	0
GCA_965177755.2	seqoccin.Bt.SAMEA117655763.scaffold	Bos taurus	Bos taurus	Scaffold	ok	exon_1	1	194	0.8917525773195877	0.8969072164948454	0.8917525773195877	0.8728323699421965	0.0	173	173	174	151	22	31235218.0	31235390.0	0.9194967522793636	HIGH			NA	NA	373	0	0.0	0	0
GCA_965177755.2	seqoccin.Bt.SAMEA117655763.scaffold	Bos taurus	Bos taurus	Scaffold	ok	exon_2	2	304	1.0	1.0	1.0	0.9078947368421053	0.0	304	304	304	276	28	31238043.0	31238346.0	0.9769736842105263	HIGH	AG	GT	CANONICAL	CANONICAL	504	0	0.0	0	0
GCA_965177755.2	seqoccin.Bt.SAMEA117655763.scaffold	Bos taurus	Bos taurus	Scaffold	ok	exon_3	3	837	0.946236559139785	0.966547192353644	0.946236559139785	0.8813131313131313	0.0	792	792	809	698	94	31241198.0	31241989.0	0.9461347344411861	HIGH	AG	AC	CANONICAL	NONCANONICAL	992	0	0.0	0	0
GCA_965177755.2	seqoccin.Bt.SAMEA117655763.scaffold	Bos taurus	Bos taurus	Scaffold	ok	exon_4	4	213	0.9953051643192489	1.0	0.9953051643192489	0.9056603773584906	0.0	212	212	213	192	20	31249336.0	31250275.0	0.9743024182832847	HIGH	AG	GT	CANONICAL	CANONICAL	1140	0	0.0	0	0
GCA_965177755.2	seqoccin.Bt.SAMEA117655763.scaffold	Bos taurus	Bos taurus	Scaffold	ok	exon_5	5	124	0.9919354838709677	0.9919354838709677	0.9919354838709677	0.9024390243902439	0.0	123	123	123	111	12	31253075.0	31253197.0	0.9719807238394965	HIGH	GA	GT	NONCANONICAL	CANONICAL	323	0	0.0	0	0
GCA_965177755.2	seqoccin.Bt.SAMEA117655763.scaffold	Bos taurus	Bos taurus	Scaffold	ok	exon_6	6	1115	0.9641255605381166	1.0	0.9641255605381166	0.8762790697674419	0.0	1075	1075	1115	942	133	31254022.0	31255097.0	0.9529262696840131	HIGH	AG		CANONICAL	NA	1276	0	0.0	0	0
GCA_965177765.2	seqoccin.Bt.SAMEA117655846.scaffold	Bos taurus	Bos taurus	Scaffold	ok	exon_1	1	194	0.8917525773195877	0.8969072164948454	0.8917525773195877	0.8728323699421965	0.0	173	173	174	151	22	33761213.0	33761385.0	0.9194967522793636	HIGH			NA	NA	373	0	0.0	0	0
GCA_965177765.2	seqoccin.Bt.SAMEA117655846.scaffold	Bos taurus	Bos taurus	Scaffold	ok	exon_2	2	304	1.0	1.0	1.0	0.9078947368421053	0.0	304	304	304	276	28	33764038.0	33764341.0	0.9769736842105263	HIGH	AG	GT	CANONICAL	CANONICAL	504	0	0.0	0	0
GCA_965177765.2	seqoccin.Bt.SAMEA117655846.scaffold	Bos taurus	Bos taurus	Scaffold	ok	exon_3	3	837	0.946236559139785	0.966547192353644	0.946236559139785	0.8813131313131313	0.0	792	792	809	698	94	33767193.0	33767984.0	0.9461347344411861	HIGH	AG	AC	CANONICAL	NONCANONICAL	992	0	0.0	0	0
GCA_965177765.2	seqoccin.Bt.SAMEA117655846.scaffold	Bos taurus	Bos taurus	Scaffold	ok	exon_4	4	213	0.9953051643192489	1.0	0.9953051643192489	0.9056603773584906	0.0	212	212	213	192	20	33775331.0	33776270.0	0.9743024182832847	HIGH	AG	GT	CANONICAL	CANONICAL	1140	0	0.0	0	0
GCA_965177765.2	seqoccin.Bt.SAMEA117655846.scaffold	Bos taurus	Bos taurus	Scaffold	ok	exon_5	5	124	0.9919354838709677	0.9919354838709677	0.9919354838709677	0.9024390243902439	0.0	123	123	123	111	12	33779070.0	33779192.0	0.9719807238394965	HIGH	GA	GT	NONCANONICAL	CANONICAL	323	0	0.0	0	0
GCA_965177765.2	seqoccin.Bt.SAMEA117655846.scaffold	Bos taurus	Bos taurus	Scaffold	ok	exon_6	6	1115	0.9641255605381166	1.0	0.9641255605381166	0.8762790697674419	0.0	1075	1075	1115	942	133	33780017.0	33781092.0	0.9529262696840131	HIGH	AG		CANONICAL	NA	1276	0	0.0	0	0
GCA_965177775.2	seqoccin.Bt.SAMEA117655847.scaffold	Bos taurus	Bos taurus	Scaffold	ok	exon_1	1	194	0.8917525773195877	0.8969072164948454	0.8917525773195877	0.8728323699421965	0.0	173	173	174	151	22	34150065.0	34150237.0	0.9194967522793636	HIGH			NA	NA	373	0	0.0	0	0
GCA_965177775.2	seqoccin.Bt.SAMEA117655847.scaffold	Bos taurus	Bos taurus	Scaffold	ok	exon_2	2	304	1.0	1.0	1.0	0.9046052631578947	0.0	304	304	304	275	29	34152892.0	34153195.0	0.9761513157894737	HIGH	AG	GT	CANONICAL	CANONICAL	504	0	0.0	0	0
GCA_965177775.2	seqoccin.Bt.SAMEA117655847.scaffold	Bos taurus	Bos taurus	Scaffold	ok	exon_3	3	837	0.946236559139785	0.966547192353644	0.946236559139785	0.8825757575757576	0.0	792	792	809	699	93	34156047.0	34156838.0	0.9464503910068427	HIGH	AG	AC	CANONICAL	NONCANONICAL	992	0	0.0	0	0
GCA_965177775.2	seqoccin.Bt.SAMEA117655847.scaffold	Bos taurus	Bos taurus	Scaffold	ok	exon_4	4	213	0.9953051643192489	1.0	0.9953051643192489	0.9056603773584906	0.0	212	212	213	192	20	34164198.0	34165137.0	0.9743024182832847	HIGH	AG	GT	CANONICAL	CANONICAL	1140	0	0.0	0	0
GCA_965177775.2	seqoccin.Bt.SAMEA117655847.scaffold	Bos taurus	Bos taurus	Scaffold	ok	exon_5	5	124	0.9596774193548387	0.9596774193548387	0.9596774193548387	0.8991596638655462	0.0	119	119	119	107	12	34167958.0	34168076.0	0.956644754676064	HIGH	GA	GT	NONCANONICAL	CANONICAL	319	0	0.0	0	0
GCA_965177775.2	seqoccin.Bt.SAMEA117655847.scaffold	Bos taurus	Bos taurus	Scaffold	ok	exon_6	6	1115	0.9641255605381166	1.0	0.9641255605381166	0.8744186046511628	0.0	1075	1075	1115	940	135	34168902.0	34169977.0	0.9524611534049432	HIGH	AG		CANONICAL	NA	1276	0	0.0	0	0
GCA_965177785.2	seqoccin.Bt.SAMEA117655839.scaffold	Bos taurus	Bos taurus	Scaffold	ok	exon_1	1	194	0.8917525773195877	0.8969072164948454	0.8917525773195877	0.8728323699421965	0.0	173	173	174	151	22	33888478.0	33888650.0	0.9194967522793636	HIGH			NA	NA	373	0	0.0	0	0
GCA_965177785.2	seqoccin.Bt.SAMEA117655839.scaffold	Bos taurus	Bos taurus	Scaffold	ok	exon_2	2	304	1.0	1.0	1.0	0.9078947368421053	0.0	304	304	304	276	28	33891302.0	33891605.0	0.9769736842105263	HIGH	AG	GT	CANONICAL	CANONICAL	504	0	0.0	0	0
GCA_965177785.2	seqoccin.Bt.SAMEA117655839.scaffold	Bos taurus	Bos taurus	Scaffold	ok	exon_3	3	837	0.946236559139785	0.966547192353644	0.946236559139785	0.8825757575757576	0.0	792	792	809	699	93	33894457.0	33895248.0	0.9464503910068427	HIGH	AG	AC	CANONICAL	NONCANONICAL	992	0	0.0	0	0
GCA_965177785.2	seqoccin.Bt.SAMEA117655839.scaffold	Bos taurus	Bos taurus	Scaffold	ok	exon_4	4	213	0.9953051643192489	1.0	0.9953051643192489	0.9056603773584906	0.0	212	212	213	192	20	33902595.0	33903534.0	0.9743024182832847	HIGH	AG	GT	CANONICAL	CANONICAL	1140	0	0.0	0	0
GCA_965177785.2	seqoccin.Bt.SAMEA117655839.scaffold	Bos taurus	Bos taurus	Scaffold	ok	exon_5	5	124	0.9919354838709677	0.9919354838709677	0.9919354838709677	0.9024390243902439	0.0	123	123	123	111	12	33906334.0	33906456.0	0.9719807238394965	HIGH	GA	GT	NONCANONICAL	CANONICAL	323	0	0.0	0	0
GCA_965177785.2	seqoccin.Bt.SAMEA117655839.scaffold	Bos taurus	Bos taurus	Scaffold	ok	exon_6	6	1115	0.9641255605381166	1.0	0.9641255605381166	0.8762790697674419	0.0	1075	1075	1115	942	133	33907281.0	33908356.0	0.9529262696840131	HIGH	AG		CANONICAL	NA	1276	0	0.0	0	0
GCA_965177795.2	seqoccin.Bt.SAMEA117655844.scaffold	Bos taurus	Bos taurus	Scaffold	ok	exon_1	1	194	0.8917525773195877	0.8969072164948454	0.8917525773195877	0.8728323699421965	0.0	173	173	174	151	22	33212413.0	33212585.0	0.9194967522793636	HIGH			NA	NA	373	0	0.0	0	0
GCA_965177795.2	seqoccin.Bt.SAMEA117655844.scaffold	Bos taurus	Bos taurus	Scaffold	ok	exon_2	2	304	1.0	1.0	1.0	0.9046052631578947	0.0	304	304	304	275	29	33215240.0	33215543.0	0.9761513157894737	HIGH	AG	GT	CANONICAL	CANONICAL	504	0	0.0	0	0
GCA_965177795.2	seqoccin.Bt.SAMEA117655844.scaffold	Bos taurus	Bos taurus	Scaffold	ok	exon_3	3	837	0.946236559139785	0.966547192353644	0.946236559139785	0.8825757575757576	0.0	792	792	809	699	93	33218395.0	33219186.0	0.9464503910068427	HIGH	AG	AC	CANONICAL	NONCANONICAL	992	0	0.0	0	0
GCA_965177795.2	seqoccin.Bt.SAMEA117655844.scaffold	Bos taurus	Bos taurus	Scaffold	ok	exon_4	4	213	0.9953051643192489	1.0	0.9953051643192489	0.9056603773584906	0.0	212	212	213	192	20	33226533.0	33227472.0	0.9743024182832847	HIGH	AG	GT	CANONICAL	CANONICAL	1140	0	0.0	0	0
GCA_965177795.2	seqoccin.Bt.SAMEA117655844.scaffold	Bos taurus	Bos taurus	Scaffold	ok	exon_5	5	124	0.9919354838709677	0.9919354838709677	0.9919354838709677	0.9024390243902439	0.0	123	123	123	111	12	33230272.0	33230394.0	0.9719807238394965	HIGH	GA	GT	NONCANONICAL	CANONICAL	323	0	0.0	0	0
GCA_965177795.2	seqoccin.Bt.SAMEA117655844.scaffold	Bos taurus	Bos taurus	Scaffold	ok	exon_6	6	1115	0.9641255605381166	1.0	0.9641255605381166	0.8734883720930232	0.0	1075	1075	1115	939	136	33231219.0	33232294.0	0.9522285952654084	HIGH	AG		CANONICAL	NA	1276	0	0.0	0	0
GCA_965177805.2	seqoccin.Bt.SAMEA117655845.scaffold	Bos taurus	Bos taurus	Scaffold	ok	exon_1	1	194	0.8917525773195877	0.8969072164948454	0.8917525773195877	0.8728323699421965	0.0	173	173	174	151	22	33942687.0	33942859.0	0.9194967522793636	HIGH			NA	NA	373	0	0.0	0	0
GCA_965177805.2	seqoccin.Bt.SAMEA117655845.scaffold	Bos taurus	Bos taurus	Scaffold	ok	exon_2	2	304	1.0	1.0	1.0	0.9046052631578947	0.0	304	304	304	275	29	33945514.0	33945817.0	0.9761513157894737	HIGH	AG	GT	CANONICAL	CANONICAL	504	0	0.0	0	0
GCA_965177805.2	seqoccin.Bt.SAMEA117655845.scaffold	Bos taurus	Bos taurus	Scaffold	ok	exon_3	3	837	0.946236559139785	0.966547192353644	0.946236559139785	0.8825757575757576	0.0	792	792	809	699	93	33948669.0	33949460.0	0.9464503910068427	HIGH	AG	AC	CANONICAL	NONCANONICAL	992	0	0.0	0	0
GCA_965177805.2	seqoccin.Bt.SAMEA117655845.scaffold	Bos taurus	Bos taurus	Scaffold	ok	exon_4	4	213	0.9953051643192489	1.0	0.9953051643192489	0.9056603773584906	0.0	212	212	213	192	20	33956819.0	33957758.0	0.9743024182832847	HIGH	AG	GT	CANONICAL	CANONICAL	1140	0	0.0	0	0
GCA_965177805.2	seqoccin.Bt.SAMEA117655845.scaffold	Bos taurus	Bos taurus	Scaffold	ok	exon_5	5	124	0.9596774193548387	0.9596774193548387	0.9596774193548387	0.8991596638655462	0.0	119	119	119	107	12	33960580.0	33960698.0	0.956644754676064	HIGH	GA	GT	NONCANONICAL	CANONICAL	319	0	0.0	0	0
GCA_965177805.2	seqoccin.Bt.SAMEA117655845.scaffold	Bos taurus	Bos taurus	Scaffold	ok	exon_6	6	1115	0.9641255605381166	1.0	0.9641255605381166	0.8734883720930232	0.0	1075	1075	1115	939	136	33961524.0	33962599.0	0.9522285952654084	HIGH	AG		CANONICAL	NA	1276	0	0.0	0	0
GCA_965177825.2	seqoccin.Bt.SAMEA117655840.scaffold	Bos taurus	Bos taurus	Scaffold	ok	exon_1	1	194	0.8917525773195877	0.8969072164948454	0.8917525773195877	0.8728323699421965	0.0	173	173	174	151	22	34201908.0	34202080.0	0.9194967522793636	HIGH			NA	NA	373	0	0.0	0	0
GCA_965177825.2	seqoccin.Bt.SAMEA117655840.scaffold	Bos taurus	Bos taurus	Scaffold	ok	exon_2	2	304	1.0	1.0	1.0	0.9046052631578947	0.0	304	304	304	275	29	34204734.0	34205037.0	0.9761513157894737	HIGH	AG	GT	CANONICAL	CANONICAL	504	0	0.0	0	0
GCA_965177825.2	seqoccin.Bt.SAMEA117655840.scaffold	Bos taurus	Bos taurus	Scaffold	ok	exon_3	3	837	0.946236559139785	0.966547192353644	0.946236559139785	0.8813131313131313	0.0	792	792	809	698	94	34207889.0	34208680.0	0.9461347344411861	HIGH	AG	AC	CANONICAL	NONCANONICAL	992	0	0.0	0	0
GCA_965177825.2	seqoccin.Bt.SAMEA117655840.scaffold	Bos taurus	Bos taurus	Scaffold	ok	exon_4	4	213	0.9953051643192489	1.0	0.9953051643192489	0.9056603773584906	0.0	212	212	213	192	20	34216039.0	34216978.0	0.9743024182832847	HIGH	AG	GT	CANONICAL	CANONICAL	1140	0	0.0	0	0
GCA_965177825.2	seqoccin.Bt.SAMEA117655840.scaffold	Bos taurus	Bos taurus	Scaffold	ok	exon_5	5	124	0.9919354838709677	0.9919354838709677	0.9919354838709677	0.9024390243902439	0.0	123	123	123	111	12	34219779.0	34219901.0	0.9719807238394965	HIGH	GA	GT	NONCANONICAL	CANONICAL	323	0	0.0	0	0
GCA_965177825.2	seqoccin.Bt.SAMEA117655840.scaffold	Bos taurus	Bos taurus	Scaffold	ok	exon_6	6	1115	0.9641255605381166	1.0	0.9641255605381166	0.8734883720930232	0.0	1075	1075	1115	939	136	34220726.0	34221801.0	0.9522285952654084	HIGH	AG		CANONICAL	NA	1276	0	0.0	0	0
GCA_965225615.1	Vnn_Gaur	Bos gaurus	Bos gaurus	Scaffold	ok	exon_1	1	194	0.8917525773195877	0.8969072164948454	0.8917525773195877	0.8728323699421965	0.0	173	173	174	151	22	160909.0	161081.0	0.9194967522793636	HIGH			NA	NA	373	0	0.0	0	0
GCA_965225615.1	Vnn_Gaur	Bos gaurus	Bos gaurus	Scaffold	ok	exon_2	2	304	1.0	1.0	1.0	0.9046052631578947	0.0	304	304	304	275	29	163731.0	164034.0	0.9761513157894737	HIGH	AG	GT	CANONICAL	CANONICAL	504	0	0.0	0	0
GCA_965225615.1	Vnn_Gaur	Bos gaurus	Bos gaurus	Scaffold	ok	exon_3	3	837	0.946236559139785	0.966547192353644	0.946236559139785	0.8737373737373737	0.0	792	792	809	692	100	166888.0	167679.0	0.9442407950472467	HIGH	AG	AC	CANONICAL	NONCANONICAL	992	0	0.0	0	0
GCA_965225615.1	Vnn_Gaur	Bos gaurus	Bos gaurus	Scaffold	ok	exon_4	4	213	0.9953051643192489	1.0	0.9953051643192489	0.9056603773584906	0.0	212	212	213	192	20	174949.0	175888.0	0.9743024182832847	HIGH	AG	GT	CANONICAL	CANONICAL	1140	0	0.0	0	0
GCA_965225615.1	Vnn_Gaur	Bos gaurus	Bos gaurus	Scaffold	ok	exon_5	5	124	0.9919354838709677	0.9919354838709677	0.9919354838709677	0.9186991869918699	0.0	123	123	123	113	10	178716.0	178838.0	0.976045764489903	HIGH	GA	GT	NONCANONICAL	CANONICAL	323	0	0.0	0	0
GCA_965225615.1	Vnn_Gaur	Bos gaurus	Bos gaurus	Scaffold	ok	exon_6	6	1115	0.9650224215246637	1.0	0.9650224215246637	0.8726765799256505	0.0	1076	1076	1115	939	137	179664.0	180740.0	0.9524292346675113	HIGH	AG		CANONICAL	NA	1277	0	0.0	0	0
GCA_965246665.2	Azikheli Water Buffalo Hap2	Bubalus bubalis bubalis	Bubalus bubalis	Contig	ok	exon_1	1	194	0.0	0.0	0.0	0.0		0	0	0	0	0			0.21666666666666667	UNRESOLVED			NA	NA	0	0		0	0
GCA_965246665.2	Azikheli Water Buffalo Hap2	Bubalus bubalis bubalis	Bubalus bubalis	Contig	ok	exon_2	2	304	0.0	0.0	0.0	0.0		0	0	0	0	0			0.21666666666666667	UNRESOLVED			NA	NA	0	0		0	0
GCA_965246665.2	Azikheli Water Buffalo Hap2	Bubalus bubalis bubalis	Bubalus bubalis	Contig	ok	exon_3	3	837	0.931899641577061	0.966547192353644	0.931899641577061	0.8833333333333333	0.0	780	780	809	689	91	35180362.0	35181141.0	0.9068548387096774	HIGH	AG	AC	CANONICAL	NONCANONICAL	980	0	0.0	0	0
GCA_965246665.2	Azikheli Water Buffalo Hap2	Bubalus bubalis bubalis	Bubalus bubalis	Contig	ok	exon_4	4	213	0.9953051643192489	1.0	0.9953051643192489	0.8962264150943396	0.0	212	212	213	190	22	35194435.0	35195374.0	0.9386105943839136	HIGH	AG	GT	CANONICAL	CANONICAL	1140	0	0.0	0	0
GCA_965246665.2	Azikheli Water Buffalo Hap2	Bubalus bubalis bubalis	Bubalus bubalis	Contig	ok	exon_5	5	124	0.9919354838709677	0.9919354838709677	0.9919354838709677	0.9105691056910569	0.0	123	123	123	112	11	35198195.0	35198317.0	0.9406799108313665	HIGH	GA	GT	NONCANONICAL	CANONICAL	323	0	0.0	0	0
GCA_965246665.2	Azikheli Water Buffalo Hap2	Bubalus bubalis bubalis	Bubalus bubalis	Contig	ok	exon_6	6	1115	0.9632286995515695	1.0	0.9632286995515695	0.8780260707635009	0.0	1074	1074	1115	943	131	35199154.0	35200227.0	0.9196260991557482	HIGH	AC		NONCANONICAL	NA	1274	0	0.0	0	0
GCA_965363435.1	seqoccin.Sh.SAMEA118215309	Ovis aries	Ovis aries	Scaffold	ok	exon_1	1	194	0.9432989690721649	0.9690721649484536	0.9432989690721649	0.8524590163934426	0.0	183	183	188	156	27	21156968.0	21157154.0	0.9375992901808349	HIGH		CC	NA	NONCANONICAL	387	0	0.0	0	0
GCA_965363435.1	seqoccin.Sh.SAMEA118215309	Ovis aries	Ovis aries	Scaffold	ok	exon_2	2	304	1.0	1.0	1.0	0.8947368421052632	0.0	304	304	304	272	32	21160305.0	21160609.0	0.9736842105263158	HIGH	AG	GT	CANONICAL	CANONICAL	505	0	0.0	0	0
GCA_965363435.1	seqoccin.Sh.SAMEA118215309	Ovis aries	Ovis aries	Scaffold	ok	exon_3	3	837	0.9713261648745519	0.992831541218638	0.9713261648745519	0.8880688806888068	0.0	813	813	831	722	91	21162968.0	21163922.0	0.9591139943657501	HIGH	AG	GT	CANONICAL	CANONICAL	1155	0	0.0	0	0
GCA_965363435.1	seqoccin.Sh.SAMEA118215309	Ovis aries	Ovis aries	Scaffold	ok	exon_4	4	213	0.8732394366197183	0.8779342723004695	0.8732394366197183	0.8978494623655914	0.0	186	186	187	167	19	21171665.0	21171850.0	0.9174201120702711	HIGH			NA	NA	386	0	0.0	0	0
GCA_965363435.1	seqoccin.Sh.SAMEA118215309	Ovis aries	Ovis aries	Scaffold	ok	exon_5	5	124	0.9919354838709677	0.9919354838709677	0.9919354838709677	0.8943089430894309	0.0	123	123	123	110	13	21175200.0	21175322.0	0.9699482035142932	HIGH	GA	GC	NONCANONICAL	CANONICAL	323	0	0.0	0	0
GCA_965363435.1	seqoccin.Sh.SAMEA118215309	Ovis aries	Ovis aries	Scaffold	ok	exon_6	6	1115	0.9524663677130045	0.9847533632286996	0.9524663677130045	0.871939736346516	0.0	1062	1062	1098	926	136	21176144.0	21177207.0	0.946594799557481	HIGH	AG		CANONICAL	NA	1264	0	0.0	0	0
GCA_965363445.1	seqoccin.Sh.SAMEA118215297	Ovis aries	Ovis aries	Scaffold	ok	exon_1	1	194	0.9432989690721649	0.9690721649484536	0.9432989690721649	0.8524590163934426	0.0	183	183	188	156	27	25471626.0	25471812.0	0.9375992901808349	HIGH		CC	NA	NONCANONICAL	387	0	0.0	0	0
GCA_965363445.1	seqoccin.Sh.SAMEA118215297	Ovis aries	Ovis aries	Scaffold	ok	exon_2	2	304	0.9967105263157895	1.0	0.9967105263157895	0.8910891089108911	0.0	303	303	304	270	33	25474965.0	25475269.0	0.9712920140698281	HIGH	AG	GT	CANONICAL	CANONICAL	505	0	0.0	0	0
GCA_965363445.1	seqoccin.Sh.SAMEA118215297	Ovis aries	Ovis aries	Scaffold	ok	exon_3	3	837	0.9713261648745519	0.992831541218638	0.9713261648745519	0.8892988929889298	0.0	813	813	831	723	90	25477633.0	25478622.0	0.9594214974407809	HIGH	AG	GT	CANONICAL	CANONICAL	1190	0	0.0	0	0
GCA_965363445.1	seqoccin.Sh.SAMEA118215297	Ovis aries	Ovis aries	Scaffold	ok	exon_4	4	213	0.8732394366197183	0.8779342723004695	0.8732394366197183	0.8978494623655914	0.0	186	186	187	167	19	25486404.0	25486589.0	0.9174201120702711	HIGH			NA	NA	386	0	0.0	0	0
GCA_965363445.1	seqoccin.Sh.SAMEA118215297	Ovis aries	Ovis aries	Scaffold	ok	exon_5	5	124	0.9919354838709677	0.9919354838709677	0.9919354838709677	0.8943089430894309	0.0	123	123	123	110	13	25489937.0	25490059.0	0.9699482035142932	HIGH	GA	GC	NONCANONICAL	CANONICAL	323	0	0.0	0	0
GCA_965363445.1	seqoccin.Sh.SAMEA118215297	Ovis aries	Ovis aries	Scaffold	ok	exon_6	6	1115	0.9524663677130045	0.9847533632286996	0.9524663677130045	0.8709981167608286	0.0	1062	1062	1098	925	137	25490881.0	25491944.0	0.9463593946610592	HIGH	AG		CANONICAL	NA	1264	0	0.0	0	0
GCA_965363705.1	seqoccin.Sh.SAMEA118215298	Ovis aries	Ovis aries	Scaffold	ok	exon_1	1	194	0.9432989690721649	0.9690721649484536	0.9432989690721649	0.8524590163934426	0.0	183	183	188	156	27	21118271.0	21118457.0	0.9375992901808349	HIGH		CC	NA	NONCANONICAL	387	0	0.0	0	0
GCA_965363705.1	seqoccin.Sh.SAMEA118215298	Ovis aries	Ovis aries	Scaffold	ok	exon_2	2	304	1.0	1.0	1.0	0.8947368421052632	0.0	304	304	304	272	32	21121606.0	21121910.0	0.9736842105263158	HIGH	AG	GT	CANONICAL	CANONICAL	505	0	0.0	0	0
GCA_965363705.1	seqoccin.Sh.SAMEA118215298	Ovis aries	Ovis aries	Scaffold	ok	exon_3	3	837	0.9713261648745519	0.992831541218638	0.9713261648745519	0.8868388683886839	0.0	813	813	831	721	92	21124269.0	21125271.0	0.9588064912907194	HIGH	AG	GT	CANONICAL	CANONICAL	1203	0	0.0	0	0
GCA_965363705.1	seqoccin.Sh.SAMEA118215298	Ovis aries	Ovis aries	Scaffold	ok	exon_4	4	213	0.8732394366197183	0.8779342723004695	0.8732394366197183	0.8978494623655914	0.0	186	186	187	167	19	21133024.0	21133209.0	0.9174201120702711	HIGH			NA	NA	386	0	0.0	0	0
GCA_965363705.1	seqoccin.Sh.SAMEA118215298	Ovis aries	Ovis aries	Scaffold	ok	exon_5	5	124	0.9919354838709677	0.9919354838709677	0.9919354838709677	0.8943089430894309	0.0	123	123	123	110	13	21136557.0	21136679.0	0.9699482035142932	HIGH	GA	GC	NONCANONICAL	CANONICAL	323	0	0.0	0	0
GCA_965363705.1	seqoccin.Sh.SAMEA118215298	Ovis aries	Ovis aries	Scaffold	ok	exon_6	6	1115	0.9524663677130045	0.9847533632286996	0.9524663677130045	0.8709981167608286	0.0	1062	1062	1098	925	137	21137501.0	21138565.0	0.9463593946610592	HIGH	AG		CANONICAL	NA	1265	0	0.0	0	0
GCA_965363785.1	seqoccin.Sh.SAMEA118215299	Ovis aries	Ovis aries	Scaffold	ok	exon_1	1	194	0.9432989690721649	0.9690721649484536	0.9432989690721649	0.8524590163934426	0.0	183	183	188	156	27	21222591.0	21222777.0	0.9375992901808349	HIGH		CC	NA	NONCANONICAL	387	0	0.0	0	0
GCA_965363785.1	seqoccin.Sh.SAMEA118215299	Ovis aries	Ovis aries	Scaffold	ok	exon_2	2	304	1.0	1.0	1.0	0.8947368421052632	0.0	304	304	304	272	32	21225926.0	21226230.0	0.9736842105263158	HIGH	AG	GT	CANONICAL	CANONICAL	505	0	0.0	0	0
GCA_965363785.1	seqoccin.Sh.SAMEA118215299	Ovis aries	Ovis aries	Scaffold	ok	exon_3	3	837	0.9713261648745519	0.992831541218638	0.9713261648745519	0.8868388683886839	0.0	813	813	831	721	92	21228589.0	21229543.0	0.9588064912907194	HIGH	AG	GT	CANONICAL	CANONICAL	1155	0	0.0	0	0
GCA_965363785.1	seqoccin.Sh.SAMEA118215299	Ovis aries	Ovis aries	Scaffold	ok	exon_4	4	213	0.8732394366197183	0.8779342723004695	0.8732394366197183	0.8978494623655914	0.0	186	186	187	167	19	21237293.0	21237478.0	0.9174201120702711	HIGH			NA	NA	386	0	0.0	0	0
GCA_965363785.1	seqoccin.Sh.SAMEA118215299	Ovis aries	Ovis aries	Scaffold	ok	exon_5	5	124	0.9838709677419355	0.9919354838709677	0.9838709677419355	0.9016393442622951	0.0	122	122	123	110	12	21240833.0	21240954.0	0.9681517715494448	HIGH	GA	GC	NONCANONICAL	CANONICAL	322	0	0.0	0	0
GCA_965363785.1	seqoccin.Sh.SAMEA118215299	Ovis aries	Ovis aries	Scaffold	ok	exon_6	6	1115	0.9524663677130045	0.9847533632286996	0.9524663677130045	0.871939736346516	0.0	1062	1062	1098	926	136	21241776.0	21242840.0	0.946594799557481	HIGH	AG		CANONICAL	NA	1265	0	0.0	0	0
GCA_965363845.1	seqoccin.Go.SAMEA118215293	Capra hircus	Capra hircus	Scaffold	ok	exon_1	1	194	0.9432989690721649	0.9690721649484536	0.9432989690721649	0.8469945355191257	0.0	183	183	188	155	28	21045796.0	21045982.0	0.9362331699622557	HIGH		CC	NA	NONCANONICAL	387	0	0.0	0	0
GCA_965363845.1	seqoccin.Go.SAMEA118215293	Capra hircus	Capra hircus	Scaffold	ok	exon_2	2	304	1.0	1.0	1.0	0.8947368421052632	0.0	304	304	304	272	32	21048632.0	21048936.0	0.9736842105263158	HIGH	AG	GT	CANONICAL	CANONICAL	505	0	0.0	0	0
GCA_965363845.1	seqoccin.Go.SAMEA118215293	Capra hircus	Capra hircus	Scaffold	ok	exon_3	3	837	0.96415770609319	0.992831541218638	0.96415770609319	0.8822800495662949	0.0	807	807	831	712	95	21051296.0	21052252.0	0.9544409801335093	HIGH	AG	GT	CANONICAL	CANONICAL	1157	0	0.0	0	0
GCA_965363845.1	seqoccin.Go.SAMEA118215293	Capra hircus	Capra hircus	Scaffold	ok	exon_4	4	213	0.9953051643192489	1.0	0.9953051643192489	0.8962264150943396	0.0	212	212	213	190	22	21059255.0	21060194.0	0.9719439277172469	HIGH	AG	GT	CANONICAL	CANONICAL	1140	0	0.0	0	0
GCA_965363845.1	seqoccin.Go.SAMEA118215293	Capra hircus	Capra hircus	Scaffold	ok	exon_5	5	124	0.9919354838709677	0.9919354838709677	0.9919354838709677	0.9105691056910569	0.0	123	123	123	112	11	21063597.0	21063719.0	0.9740132441646998	HIGH	GA	GC	NONCANONICAL	CANONICAL	323	0	0.0	0	0
GCA_965363845.1	seqoccin.Go.SAMEA118215293	Capra hircus	Capra hircus	Scaffold	ok	exon_6	6	1115	0.9533632286995516	0.9847533632286996	0.9533632286995516	0.8692380056444027	0.0	1063	1063	1098	924	139	21064543.0	21065607.0	0.9463229543258989	HIGH	AG		CANONICAL	NA	1265	0	0.0	0	0
GCA_965363855.1	seqoccin.Go.SAMEA118215295	Capra hircus	Capra hircus	Scaffold	ok	exon_1	1	194	0.9432989690721649	0.9690721649484536	0.9432989690721649	0.8469945355191257	0.0	183	183	188	155	28	21026418.0	21026604.0	0.9362331699622557	HIGH		CC	NA	NONCANONICAL	387	0	0.0	0	0
GCA_965363855.1	seqoccin.Go.SAMEA118215295	Capra hircus	Capra hircus	Scaffold	ok	exon_2	2	304	1.0	1.0	1.0	0.8914473684210527	0.0	304	304	304	271	33	21029254.0	21029558.0	0.9728618421052633	HIGH	AG	GT	CANONICAL	CANONICAL	505	0	0.0	0	0
GCA_965363855.1	seqoccin.Go.SAMEA118215295	Capra hircus	Capra hircus	Scaffold	ok	exon_3	3	837	0.96415770609319	0.992831541218638	0.96415770609319	0.8822800495662949	0.0	807	807	831	712	95	21031920.0	21032877.0	0.9544409801335093	HIGH	AG	GT	CANONICAL	CANONICAL	1158	0	0.0	0	0
GCA_965363855.1	seqoccin.Go.SAMEA118215295	Capra hircus	Capra hircus	Scaffold	ok	exon_4	4	213	0.9953051643192489	1.0	0.9953051643192489	0.8962264150943396	0.0	212	212	213	190	22	21039881.0	21040821.0	0.9719439277172469	HIGH	AG	GT	CANONICAL	CANONICAL	1141	0	0.0	0	0
GCA_965363855.1	seqoccin.Go.SAMEA118215295	Capra hircus	Capra hircus	Scaffold	ok	exon_5	5	124	0.9919354838709677	0.9919354838709677	0.9919354838709677	0.9105691056910569	0.0	123	123	123	112	11	21044233.0	21044355.0	0.9740132441646998	HIGH	GA	GC	NONCANONICAL	CANONICAL	323	0	0.0	0	0
GCA_965363855.1	seqoccin.Go.SAMEA118215295	Capra hircus	Capra hircus	Scaffold	ok	exon_6	6	1115	0.9533632286995516	0.9847533632286996	0.9533632286995516	0.8701787394167451	0.0	1063	1063	1098	925	138	21045179.0	21046243.0	0.9465581377689845	HIGH	AG		CANONICAL	NA	1265	0	0.0	0	0
GCA_965363885.1	seqoccin.Go.SAMEA118215292	Capra hircus	Capra hircus	Scaffold	ok	exon_1	1	194	0.9432989690721649	0.9690721649484536	0.9432989690721649	0.8469945355191257	0.0	183	183	188	155	28	21085630.0	21085816.0	0.9362331699622557	HIGH		CC	NA	NONCANONICAL	387	0	0.0	0	0
GCA_965363885.1	seqoccin.Go.SAMEA118215292	Capra hircus	Capra hircus	Scaffold	ok	exon_2	2	304	1.0	1.0	1.0	0.8947368421052632	0.0	304	304	304	272	32	21088471.0	21088775.0	0.9736842105263158	HIGH	AG	GT	CANONICAL	CANONICAL	505	0	0.0	0	0
GCA_965363885.1	seqoccin.Go.SAMEA118215292	Capra hircus	Capra hircus	Scaffold	ok	exon_3	3	837	0.96415770609319	0.992831541218638	0.96415770609319	0.8822800495662949	0.0	807	807	831	712	95	21091137.0	21092093.0	0.9544409801335093	HIGH	AG	GT	CANONICAL	CANONICAL	1157	0	0.0	0	0
GCA_965363885.1	seqoccin.Go.SAMEA118215292	Capra hircus	Capra hircus	Scaffold	ok	exon_4	4	213	0.9953051643192489	1.0	0.9953051643192489	0.8962264150943396	0.0	212	212	213	190	22	21099097.0	21100036.0	0.9719439277172469	HIGH	AG	GT	CANONICAL	CANONICAL	1140	0	0.0	0	0
GCA_965363885.1	seqoccin.Go.SAMEA118215292	Capra hircus	Capra hircus	Scaffold	ok	exon_5	5	124	0.9919354838709677	0.9919354838709677	0.9919354838709677	0.9105691056910569	0.0	123	123	123	112	11	21103452.0	21103574.0	0.9740132441646998	HIGH	GA	GC	NONCANONICAL	CANONICAL	323	0	0.0	0	0
GCA_965363885.1	seqoccin.Go.SAMEA118215292	Capra hircus	Capra hircus	Scaffold	ok	exon_6	6	1115	0.9533632286995516	0.9847533632286996	0.9533632286995516	0.8701787394167451	0.0	1063	1063	1098	925	138	21104398.0	21105462.0	0.9465581377689845	HIGH	AG		CANONICAL	NA	1265	0	0.0	0	0
GCA_965364655.1	seqoccin.Go.SAMEA118215294_hap2	Capra hircus	Capra hircus	Scaffold	ok	exon_1	1	194	0.9432989690721649	0.9690721649484536	0.9432989690721649	0.8469945355191257	0.0	183	183	188	155	28	71923356.0	71923542.0	0.9362331699622557	HIGH		CC	NA	NONCANONICAL	387	0	0.0	0	0
GCA_965364655.1	seqoccin.Go.SAMEA118215294_hap2	Capra hircus	Capra hircus	Scaffold	ok	exon_2	2	304	1.0	1.0	1.0	0.8947368421052632	0.0	304	304	304	272	32	71920402.0	71920706.0	0.9736842105263158	HIGH	AG	GT	CANONICAL	CANONICAL	505	0	0.0	0	0
GCA_965364655.1	seqoccin.Go.SAMEA118215294_hap2	Capra hircus	Capra hircus	Scaffold	ok	exon_3	3	837	0.96415770609319	0.992831541218638	0.96415770609319	0.8835192069392813	0.0	807	807	831	713	94	71917087.0	71918043.0	0.9547507694767559	HIGH	AG	GT	CANONICAL	CANONICAL	1157	0	0.0	0	0
GCA_965364655.1	seqoccin.Go.SAMEA118215294_hap2	Capra hircus	Capra hircus	Scaffold	ok	exon_4	4	213	0.9953051643192489	1.0	0.9953051643192489	0.8962264150943396	0.0	212	212	213	190	22	71909145.0	71910084.0	0.9719439277172469	HIGH	AG	GT	CANONICAL	CANONICAL	1140	0	0.0	0	0
GCA_965364655.1	seqoccin.Go.SAMEA118215294_hap2	Capra hircus	Capra hircus	Scaffold	ok	exon_5	5	124	0.9919354838709677	0.9919354838709677	0.9919354838709677	0.9105691056910569	0.0	123	123	123	112	11	71905612.0	71905734.0	0.9740132441646998	HIGH	GA	GC	NONCANONICAL	CANONICAL	323	0	0.0	0	0
GCA_965364655.1	seqoccin.Go.SAMEA118215294_hap2	Capra hircus	Capra hircus	Scaffold	ok	exon_6	6	1115	0.9533632286995516	0.9847533632286996	0.9533632286995516	0.8692380056444027	0.0	1063	1063	1098	924	139	71903724.0	71904788.0	0.9463229543258989	HIGH	AG		CANONICAL	NA	1265	0	0.0	0	0
GCA_965364855.1	seqoccin.Sh.SAMEA118215308	Ovis aries	Ovis aries	Scaffold	ok	exon_1	1	194	0.9432989690721649	0.9690721649484536	0.9432989690721649	0.8524590163934426	0.0	183	183	188	156	27	21190540.0	21190726.0	0.9375992901808349	HIGH		CC	NA	NONCANONICAL	387	0	0.0	0	0
GCA_965364855.1	seqoccin.Sh.SAMEA118215308	Ovis aries	Ovis aries	Scaffold	ok	exon_2	2	304	1.0	1.0	1.0	0.8947368421052632	0.0	304	304	304	272	32	21193869.0	21194173.0	0.9736842105263158	HIGH	AG	GT	CANONICAL	CANONICAL	505	0	0.0	0	0
GCA_965364855.1	seqoccin.Sh.SAMEA118215308	Ovis aries	Ovis aries	Scaffold	ok	exon_3	3	837	0.9713261648745519	0.992831541218638	0.9713261648745519	0.8868388683886839	0.0	813	813	831	721	92	21196526.0	21197519.0	0.9588064912907194	HIGH	AG	GT	CANONICAL	CANONICAL	1194	0	0.0	0	0
GCA_965364855.1	seqoccin.Sh.SAMEA118215308	Ovis aries	Ovis aries	Scaffold	ok	exon_4	4	213	0.8732394366197183	0.8779342723004695	0.8732394366197183	0.8978494623655914	0.0	186	186	187	167	19	21205276.0	21205461.0	0.9174201120702711	HIGH			NA	NA	386	0	0.0	0	0
GCA_965364855.1	seqoccin.Sh.SAMEA118215308	Ovis aries	Ovis aries	Scaffold	ok	exon_5	5	124	0.9919354838709677	0.9919354838709677	0.9919354838709677	0.8943089430894309	0.0	123	123	123	110	13	21208811.0	21208933.0	0.9699482035142932	HIGH	GA	GC	NONCANONICAL	CANONICAL	323	0	0.0	0	0
GCA_965364855.1	seqoccin.Sh.SAMEA118215308	Ovis aries	Ovis aries	Scaffold	ok	exon_6	6	1115	0.9524663677130045	0.9847533632286996	0.9524663677130045	0.8709981167608286	0.0	1062	1062	1098	925	137	21209755.0	21210818.0	0.9463593946610592	HIGH	AG		CANONICAL	NA	1264	0	0.0	0	0
GCA_965365845.1	seqoccin.Go.SAMEA118215296	Capra hircus	Capra hircus	Scaffold	ok	exon_1	1	194	0.9432989690721649	0.9690721649484536	0.9432989690721649	0.8469945355191257	0.0	183	183	188	155	28	21065019.0	21065205.0	0.9362331699622557	HIGH		CC	NA	NONCANONICAL	387	0	0.0	0	0
GCA_965365845.1	seqoccin.Go.SAMEA118215296	Capra hircus	Capra hircus	Scaffold	ok	exon_2	2	304	1.0	1.0	1.0	0.8914473684210527	0.0	304	304	304	271	33	21067855.0	21068159.0	0.9728618421052633	HIGH	AG	GT	CANONICAL	CANONICAL	505	0	0.0	0	0
GCA_965365845.1	seqoccin.Go.SAMEA118215296	Capra hircus	Capra hircus	Scaffold	ok	exon_3	3	837	0.96415770609319	0.992831541218638	0.96415770609319	0.8822800495662949	0.0	807	807	831	712	95	21070518.0	21071474.0	0.9544409801335093	HIGH	AG	GT	CANONICAL	CANONICAL	1157	0	0.0	0	0
GCA_965365845.1	seqoccin.Go.SAMEA118215296	Capra hircus	Capra hircus	Scaffold	ok	exon_4	4	213	0.9953051643192489	1.0	0.9953051643192489	0.8962264150943396	0.0	212	212	213	190	22	21078473.0	21079412.0	0.9719439277172469	HIGH	AG	GT	CANONICAL	CANONICAL	1140	0	0.0	0	0
GCA_965365845.1	seqoccin.Go.SAMEA118215296	Capra hircus	Capra hircus	Scaffold	ok	exon_5	5	124	0.9919354838709677	0.9919354838709677	0.9919354838709677	0.9105691056910569	0.0	123	123	123	112	11	21082813.0	21082935.0	0.9740132441646998	HIGH	GA	GC	NONCANONICAL	CANONICAL	323	0	0.0	0	0
GCA_965365845.1	seqoccin.Go.SAMEA118215296	Capra hircus	Capra hircus	Scaffold	ok	exon_6	6	1115	0.9533632286995516	0.9847533632286996	0.9533632286995516	0.8692380056444027	0.0	1063	1063	1098	924	139	21083759.0	21084823.0	0.9463229543258989	HIGH	AG		CANONICAL	NA	1265	0	0.0	0	0
GCA_965365915.1	seqoccin.Sh.SAMEA118215307	Ovis aries	Ovis aries	Scaffold	ok	exon_1	1	194	0.9432989690721649	0.9690721649484536	0.9432989690721649	0.8524590163934426	0.0	183	183	188	156	27	27304348.0	27304534.0	0.9375992901808349	HIGH		CC	NA	NONCANONICAL	387	0	0.0	0	0
GCA_965365915.1	seqoccin.Sh.SAMEA118215307	Ovis aries	Ovis aries	Scaffold	ok	exon_2	2	304	0.993421052631579	1.0	0.993421052631579	0.8940397350993378	0.0	302	302	304	270	32	27307186.0	27307488.0	0.970549407459045	HIGH	AG	GT	CANONICAL	CANONICAL	503	0	0.0	0	0
GCA_965365915.1	seqoccin.Sh.SAMEA118215307	Ovis aries	Ovis aries	Scaffold	ok	exon_3	3	837	0.959378733572282	0.98805256869773	0.959378733572282	0.8854296388542964	0.0	803	803	827	711	92	27309827.0	27310789.0	0.9530778398211011	HIGH	AG	GT	CANONICAL	CANONICAL	1163	0	0.0	0	0
GCA_965365915.1	seqoccin.Sh.SAMEA118215307	Ovis aries	Ovis aries	Scaffold	ok	exon_4	4	213	0.8732394366197183	0.8779342723004695	0.8732394366197183	0.8978494623655914	0.0	186	186	187	167	19	27318556.0	27318741.0	0.9174201120702711	HIGH			NA	NA	386	0	0.0	0	0
GCA_965365915.1	seqoccin.Sh.SAMEA118215307	Ovis aries	Ovis aries	Scaffold	ok	exon_5	5	124	0.9919354838709677	0.9919354838709677	0.9919354838709677	0.9024390243902439	0.0	123	123	123	111	12	27322094.0	27322216.0	0.9719807238394965	HIGH	GA	GC	NONCANONICAL	CANONICAL	323	0	0.0	0	0
GCA_965365915.1	seqoccin.Sh.SAMEA118215307	Ovis aries	Ovis aries	Scaffold	ok	exon_6	6	1115	0.9524663677130045	0.9847533632286996	0.9524663677130045	0.8700564971751412	0.0	1062	1062	1098	924	138	27323038.0	27324101.0	0.9461239897646374	HIGH	AG		CANONICAL	NA	1264	0	0.0	0	0
GCA_965365925.1	seqoccin.Go.SAMEA118215291	Capra hircus	Capra hircus	Scaffold	ok	exon_1	1	194	0.9432989690721649	0.9690721649484536	0.9432989690721649	0.8469945355191257	0.0	183	183	188	155	28	21052127.0	21052313.0	0.9362331699622557	HIGH		CC	NA	NONCANONICAL	387	0	0.0	0	0
GCA_965365925.1	seqoccin.Go.SAMEA118215291	Capra hircus	Capra hircus	Scaffold	ok	exon_2	2	304	1.0	1.0	1.0	0.8947368421052632	0.0	304	304	304	272	32	21054963.0	21055267.0	0.9736842105263158	HIGH	AG	GT	CANONICAL	CANONICAL	505	0	0.0	0	0
GCA_965365925.1	seqoccin.Go.SAMEA118215291	Capra hircus	Capra hircus	Scaffold	ok	exon_3	3	837	0.96415770609319	0.992831541218638	0.96415770609319	0.8822800495662949	0.0	807	807	831	712	95	21057630.0	21058586.0	0.9544409801335093	HIGH	AG	GT	CANONICAL	CANONICAL	1157	0	0.0	0	0
GCA_965365925.1	seqoccin.Go.SAMEA118215291	Capra hircus	Capra hircus	Scaffold	ok	exon_4	4	213	0.9953051643192489	1.0	0.9953051643192489	0.8962264150943396	0.0	212	212	213	190	22	21065588.0	21066527.0	0.9719439277172469	HIGH	AG	GT	CANONICAL	CANONICAL	1140	0	0.0	0	0
GCA_965365925.1	seqoccin.Go.SAMEA118215291	Capra hircus	Capra hircus	Scaffold	ok	exon_5	5	124	0.9919354838709677	0.9919354838709677	0.9919354838709677	0.9024390243902439	0.0	123	123	123	111	12	21069929.0	21070051.0	0.9719807238394965	HIGH	GA	GC	NONCANONICAL	CANONICAL	323	0	0.0	0	0
GCA_965365925.1	seqoccin.Go.SAMEA118215291	Capra hircus	Capra hircus	Scaffold	ok	exon_6	6	1115	0.9533632286995516	0.9847533632286996	0.9533632286995516	0.8692380056444027	0.0	1063	1063	1098	924	139	21070875.0	21071939.0	0.9463229543258989	HIGH	AG		CANONICAL	NA	1265	0	0.0	0	0
GCA_965606195.1	Nili Ravi Water Buffalo Hap2	Bubalus bubalis bubalis	Bubalus bubalis	Contig	ok	exon_1	1	194	0.0	0.0	0.0	0.0		0	0	0	0	0			0.21666666666666667	UNRESOLVED			NA	NA	0	0		0	0
GCA_965606195.1	Nili Ravi Water Buffalo Hap2	Bubalus bubalis bubalis	Bubalus bubalis	Contig	ok	exon_2	2	304	0.0	0.0	0.0	0.0		0	0	0	0	0			0.21666666666666667	UNRESOLVED			NA	NA	0	0		0	0
GCA_965606195.1	Nili Ravi Water Buffalo Hap2	Bubalus bubalis bubalis	Bubalus bubalis	Contig	ok	exon_3	3	837	0.931899641577061	0.966547192353644	0.931899641577061	0.882051282051282	0.0	780	780	809	688	92	34561521.0	34562300.0	0.9065343258891646	HIGH	AG	AC	CANONICAL	NONCANONICAL	980	0	0.0	0	0
GCA_965606195.1	Nili Ravi Water Buffalo Hap2	Bubalus bubalis bubalis	Bubalus bubalis	Contig	ok	exon_4	4	213	0.9953051643192489	1.0	0.9953051643192489	0.9009433962264151	0.0	212	212	213	191	21	34575586.0	34576525.0	0.9397898396669325	HIGH	AG	GT	CANONICAL	CANONICAL	1140	0	0.0	0	0
GCA_965606195.1	Nili Ravi Water Buffalo Hap2	Bubalus bubalis bubalis	Bubalus bubalis	Contig	ok	exon_5	5	124	0.9919354838709677	0.9919354838709677	0.9919354838709677	0.9105691056910569	0.0	123	123	123	112	11	34579344.0	34579466.0	0.9406799108313665	HIGH	GA	GT	NONCANONICAL	CANONICAL	323	0	0.0	0	0
GCA_965606195.1	Nili Ravi Water Buffalo Hap2	Bubalus bubalis bubalis	Bubalus bubalis	Contig	ok	exon_6	6	1115	0.9632286995515695	1.0	0.9632286995515695	0.8770949720670391	0.0	1074	1074	1115	942	132	34580303.0	34581376.0	0.9193933244816328	HIGH	AC		NONCANONICAL	NA	1274	0	0.0	0	0
GCA_965637775.1	Oar_Finn	Ovis aries	Ovis aries	Scaffold	ok	exon_1	1	194	0.9381443298969072	0.9690721649484536	0.9381443298969072	0.8571428571428571	0.0	182	182	188	156	26	70632721.0	70632906.0	0.9364506627393225	HIGH		CC	NA	NONCANONICAL	386	0	0.0	0	0
GCA_965637775.1	Oar_Finn	Ovis aries	Ovis aries	Scaffold	ok	exon_2	2	304	1.0	1.0	1.0	0.8947368421052632	0.0	304	304	304	272	32	70629272.0	70629576.0	0.9736842105263158	HIGH	AG	GT	CANONICAL	CANONICAL	505	0	0.0	0	0
GCA_965637775.1	Oar_Finn	Ovis aries	Ovis aries	Scaffold	ok	exon_3	3	837	0.9713261648745519	0.992831541218638	0.9713261648745519	0.8868388683886839	0.0	813	813	831	721	92	70625942.0	70626915.0	0.9588064912907194	HIGH	AG	GT	CANONICAL	CANONICAL	1174	0	0.0	0	0
GCA_965637775.1	Oar_Finn	Ovis aries	Ovis aries	Scaffold	ok	exon_4	4	213	0.8732394366197183	0.8779342723004695	0.8732394366197183	0.8978494623655914	0.0	186	186	187	167	19	70618023.0	70618208.0	0.9174201120702711	HIGH			NA	NA	386	0	0.0	0	0
GCA_965637775.1	Oar_Finn	Ovis aries	Ovis aries	Scaffold	ok	exon_5	5	124	0.9919354838709677	0.9919354838709677	0.9919354838709677	0.8943089430894309	0.0	123	123	123	110	13	70614553.0	70614675.0	0.9699482035142932	HIGH	GA	GC	NONCANONICAL	CANONICAL	323	0	0.0	0	0
GCA_965637775.1	Oar_Finn	Ovis aries	Ovis aries	Scaffold	ok	exon_6	6	1115	0.9515695067264573	0.9847533632286996	0.9515695067264573	0.8718190386427899	0.0	1061	1061	1098	925	136	70612669.0	70613731.0	0.9461610376876033	HIGH	AG		CANONICAL	NA	1263	0	0.0	0	0
GCA_965642185.1	NIBGE_UOENRWB_hap2	Bubalus bubalis bubalis	Bubalus bubalis	Contig	ok	exon_1	1	194	0.0	0.0	0.0	0.0		0	0	0	0	0			0.21666666666666667	UNRESOLVED			NA	NA	0	0		0	0
GCA_965642185.1	NIBGE_UOENRWB_hap2	Bubalus bubalis bubalis	Bubalus bubalis	Contig	ok	exon_2	2	304	0.0	0.0	0.0	0.0		0	0	0	0	0			0.21666666666666667	UNRESOLVED			NA	NA	0	0		0	0
GCA_965642185.1	NIBGE_UOENRWB_hap2	Bubalus bubalis bubalis	Bubalus bubalis	Contig	ok	exon_3	3	837	0.931899641577061	0.966547192353644	0.931899641577061	0.882051282051282	0.0	780	780	809	688	92	34561521.0	34562300.0	0.9065343258891646	HIGH	AG	AC	CANONICAL	NONCANONICAL	980	0	0.0	0	0
GCA_965642185.1	NIBGE_UOENRWB_hap2	Bubalus bubalis bubalis	Bubalus bubalis	Contig	ok	exon_4	4	213	0.9953051643192489	1.0	0.9953051643192489	0.9009433962264151	0.0	212	212	213	191	21	34575586.0	34576525.0	0.9397898396669325	HIGH	AG	GT	CANONICAL	CANONICAL	1140	0	0.0	0	0
GCA_965642185.1	NIBGE_UOENRWB_hap2	Bubalus bubalis bubalis	Bubalus bubalis	Contig	ok	exon_5	5	124	0.9919354838709677	0.9919354838709677	0.9919354838709677	0.9105691056910569	0.0	123	123	123	112	11	34579344.0	34579466.0	0.9406799108313665	HIGH	GA	GT	NONCANONICAL	CANONICAL	323	0	0.0	0	0
GCA_965642185.1	NIBGE_UOENRWB_hap2	Bubalus bubalis bubalis	Bubalus bubalis	Contig	ok	exon_6	6	1115	0.9632286995515695	1.0	0.9632286995515695	0.8770949720670391	0.0	1074	1074	1115	942	132	34580303.0	34581376.0	0.9193933244816328	HIGH	AC		NONCANONICAL	NA	1274	0	0.0	0	0
GCA_965642195.1	NIBGE_UOEAWB_hap2	Bubalus bubalis bubalis	Bubalus bubalis	Contig	ok	exon_1	1	194	0.0	0.0	0.0	0.0		0	0	0	0	0			0.21666666666666667	UNRESOLVED			NA	NA	0	0		0	0
GCA_965642195.1	NIBGE_UOEAWB_hap2	Bubalus bubalis bubalis	Bubalus bubalis	Contig	ok	exon_2	2	304	0.0	0.0	0.0	0.0		0	0	0	0	0			0.21666666666666667	UNRESOLVED			NA	NA	0	0		0	0
GCA_965642195.1	NIBGE_UOEAWB_hap2	Bubalus bubalis bubalis	Bubalus bubalis	Contig	ok	exon_3	3	837	0.931899641577061	0.966547192353644	0.931899641577061	0.8833333333333333	0.0	780	780	809	689	91	35180362.0	35181141.0	0.9068548387096774	HIGH	AG	AC	CANONICAL	NONCANONICAL	980	0	0.0	0	0
GCA_965642195.1	NIBGE_UOEAWB_hap2	Bubalus bubalis bubalis	Bubalus bubalis	Contig	ok	exon_4	4	213	0.9953051643192489	1.0	0.9953051643192489	0.8962264150943396	0.0	212	212	213	190	22	35194435.0	35195374.0	0.9386105943839136	HIGH	AG	GT	CANONICAL	CANONICAL	1140	0	0.0	0	0
GCA_965642195.1	NIBGE_UOEAWB_hap2	Bubalus bubalis bubalis	Bubalus bubalis	Contig	ok	exon_5	5	124	0.9919354838709677	0.9919354838709677	0.9919354838709677	0.9105691056910569	0.0	123	123	123	112	11	35198195.0	35198317.0	0.9406799108313665	HIGH	GA	GT	NONCANONICAL	CANONICAL	323	0	0.0	0	0
GCA_965642195.1	NIBGE_UOEAWB_hap2	Bubalus bubalis bubalis	Bubalus bubalis	Contig	ok	exon_6	6	1115	0.9632286995515695	1.0	0.9632286995515695	0.8780260707635009	0.0	1074	1074	1115	943	131	35199154.0	35200227.0	0.9196260991557482	HIGH	AC		NONCANONICAL	NA	1274	0	0.0	0	0
GCA_965642205.1	NIBGE_UOENRWB_hap1	Bubalus bubalis bubalis	Bubalus bubalis	Contig	ok	exon_1	1	194	0.0	0.0	0.0	0.0		0	0	0	0	0			0.21666666666666667	UNRESOLVED			NA	NA	0	0		0	0
GCA_965642205.1	NIBGE_UOENRWB_hap1	Bubalus bubalis bubalis	Bubalus bubalis	Contig	ok	exon_2	2	304	0.0	0.0	0.0	0.0		0	0	0	0	0			0.21666666666666667	UNRESOLVED			NA	NA	0	0		0	0
GCA_965642205.1	NIBGE_UOENRWB_hap1	Bubalus bubalis bubalis	Bubalus bubalis	Contig	ok	exon_3	3	837	0.931899641577061	0.966547192353644	0.931899641577061	0.882051282051282	0.0	780	780	809	688	92	34825880.0	34826659.0	0.9065343258891646	HIGH	AG	AC	CANONICAL	NONCANONICAL	980	0	0.0	0	0
GCA_965642205.1	NIBGE_UOENRWB_hap1	Bubalus bubalis bubalis	Bubalus bubalis	Contig	ok	exon_4	4	213	0.9953051643192489	1.0	0.9953051643192489	0.9009433962264151	0.0	212	212	213	191	21	34839953.0	34840892.0	0.9397898396669325	HIGH	AG	GT	CANONICAL	CANONICAL	1140	0	0.0	0	0
GCA_965642205.1	NIBGE_UOENRWB_hap1	Bubalus bubalis bubalis	Bubalus bubalis	Contig	ok	exon_5	5	124	0.9919354838709677	0.9919354838709677	0.9919354838709677	0.9105691056910569	0.0	123	123	123	112	11	34843712.0	34843834.0	0.9406799108313665	HIGH	GA	GT	NONCANONICAL	CANONICAL	323	0	0.0	0	0
GCA_965642205.1	NIBGE_UOENRWB_hap1	Bubalus bubalis bubalis	Bubalus bubalis	Contig	ok	exon_6	6	1115	0.9632286995515695	1.0	0.9632286995515695	0.8780260707635009	0.0	1074	1074	1115	943	131	34844671.0	34845744.0	0.9196260991557482	HIGH	AC		NONCANONICAL	NA	1274	0	0.0	0	0
GCA_974728815.1	seqoccin.Bt.SAMEA117655703.scaffold	Bos taurus	Bos taurus	Scaffold	ok	exon_1	1	194	0.8917525773195877	0.8969072164948454	0.8917525773195877	0.8728323699421965	0.0	173	173	174	151	22	32063689.0	32063861.0	0.9194967522793636	HIGH			NA	NA	373	0	0.0	0	0
GCA_974728815.1	seqoccin.Bt.SAMEA117655703.scaffold	Bos taurus	Bos taurus	Scaffold	ok	exon_2	2	304	1.0	1.0	1.0	0.9078947368421053	0.0	304	304	304	276	28	32066514.0	32066817.0	0.9769736842105263	HIGH	AG	GT	CANONICAL	CANONICAL	504	0	0.0	0	0
GCA_974728815.1	seqoccin.Bt.SAMEA117655703.scaffold	Bos taurus	Bos taurus	Scaffold	ok	exon_3	3	837	0.946236559139785	0.966547192353644	0.946236559139785	0.8813131313131313	0.0	792	792	809	698	94	32069354.0	32070145.0	0.9461347344411861	HIGH	AG	AC	CANONICAL	NONCANONICAL	992	0	0.0	0	0
GCA_974728815.1	seqoccin.Bt.SAMEA117655703.scaffold	Bos taurus	Bos taurus	Scaffold	ok	exon_4	4	213	0.9953051643192489	1.0	0.9953051643192489	0.9056603773584906	0.0	212	212	213	192	20	32077494.0	32078433.0	0.9743024182832847	HIGH	AG	GT	CANONICAL	CANONICAL	1140	0	0.0	0	0
GCA_974728815.1	seqoccin.Bt.SAMEA117655703.scaffold	Bos taurus	Bos taurus	Scaffold	ok	exon_5	5	124	0.9919354838709677	0.9919354838709677	0.9919354838709677	0.9024390243902439	0.0	123	123	123	111	12	32081232.0	32081354.0	0.9719807238394965	HIGH	GA	GT	NONCANONICAL	CANONICAL	323	0	0.0	0	0
GCA_974728815.1	seqoccin.Bt.SAMEA117655703.scaffold	Bos taurus	Bos taurus	Scaffold	ok	exon_6	6	1115	0.9641255605381166	1.0	0.9641255605381166	0.8762790697674419	0.0	1075	1075	1115	942	133	32082177.0	32083252.0	0.9529262696840131	HIGH	AG		CANONICAL	NA	1276	0	0.0	0	0
GCA_976986615.1	seqoccin.Go.SAMEA114604485_hap1	Bos taurus	Bos taurus	Contig	ok	exon_1	1	194	0.8917525773195877	0.8969072164948454	0.8917525773195877	0.8728323699421965	0.0	173	173	174	151	22	11837797.0	11837969.0	0.9194967522793636	HIGH			NA	NA	373	0	0.0	0	0
GCA_976986615.1	seqoccin.Go.SAMEA114604485_hap1	Bos taurus	Bos taurus	Contig	ok	exon_2	2	304	1.0	1.0	1.0	0.9078947368421053	0.0	304	304	304	276	28	11834840.0	11835143.0	0.9769736842105263	HIGH	AG	GT	CANONICAL	CANONICAL	504	0	0.0	0	0
GCA_976986615.1	seqoccin.Go.SAMEA114604485_hap1	Bos taurus	Bos taurus	Contig	ok	exon_3	3	837	0.942652329749104	0.966547192353644	0.942652329749104	0.8859315589353612	0.0	789	789	809	699	90	11831513.0	11832303.0	0.9456764381209372	HIGH	AG	AC	CANONICAL	NONCANONICAL	991	0	0.0	0	0
GCA_976986615.1	seqoccin.Go.SAMEA114604485_hap1	Bos taurus	Bos taurus	Contig	ok	exon_4	4	213	0.9953051643192489	1.0	0.9953051643192489	0.9056603773584906	0.0	212	212	213	192	20	11823226.0	11824165.0	0.9743024182832847	HIGH	AG	GT	CANONICAL	CANONICAL	1140	0	0.0	0	0
GCA_976986615.1	seqoccin.Go.SAMEA114604485_hap1	Bos taurus	Bos taurus	Contig	ok	exon_5	5	124	0.9919354838709677	0.9919354838709677	0.9919354838709677	0.9024390243902439	0.0	123	123	123	111	12	11820305.0	11820427.0	0.9719807238394965	HIGH	GA	GT	NONCANONICAL	CANONICAL	323	0	0.0	0	0
GCA_976986615.1	seqoccin.Go.SAMEA114604485_hap1	Bos taurus	Bos taurus	Contig	ok	exon_6	6	1115	0.9641255605381166	1.0	0.9641255605381166	0.8762790697674419	0.0	1075	1075	1115	942	133	11818405.0	11819480.0	0.9529262696840131	HIGH	AG		CANONICAL	NA	1276	0	0.0	0	0
GCA_976986625.1	seqoccin.Go.SAMEA114604485_hap2	Bos taurus	Bos taurus	Contig	ok	exon_1	1	194	0.8917525773195877	0.8969072164948454	0.8917525773195877	0.8728323699421965	0.0	173	173	174	151	22	58303216.0	58303388.0	0.9194967522793636	HIGH			NA	NA	373	0	0.0	0	0
GCA_976986625.1	seqoccin.Go.SAMEA114604485_hap2	Bos taurus	Bos taurus	Contig	ok	exon_2	2	304	1.0	1.0	1.0	0.9046052631578947	0.0	304	304	304	275	29	58300258.0	58300561.0	0.9761513157894737	HIGH	AG	GT	CANONICAL	CANONICAL	504	0	0.0	0	0
GCA_976986625.1	seqoccin.Go.SAMEA114604485_hap2	Bos taurus	Bos taurus	Contig	ok	exon_3	3	837	0.946236559139785	0.966547192353644	0.946236559139785	0.8825757575757576	0.0	792	792	809	699	93	58296615.0	58297406.0	0.9464503910068427	HIGH	AG	AC	CANONICAL	NONCANONICAL	992	0	0.0	0	0
GCA_976986625.1	seqoccin.Go.SAMEA114604485_hap2	Bos taurus	Bos taurus	Contig	ok	exon_4	4	213	0.9953051643192489	1.0	0.9953051643192489	0.9056603773584906	0.0	212	212	213	192	20	58288329.0	58289268.0	0.9743024182832847	HIGH	AG	GT	CANONICAL	CANONICAL	1140	0	0.0	0	0
GCA_976986625.1	seqoccin.Go.SAMEA114604485_hap2	Bos taurus	Bos taurus	Contig	ok	exon_5	5	124	0.9919354838709677	0.9919354838709677	0.9919354838709677	0.9024390243902439	0.0	123	123	123	111	12	58285407.0	58285529.0	0.9719807238394965	HIGH	GA	GT	NONCANONICAL	CANONICAL	323	0	0.0	0	0
GCA_976986625.1	seqoccin.Go.SAMEA114604485_hap2	Bos taurus	Bos taurus	Contig	ok	exon_6	6	1115	0.9641255605381166	1.0	0.9641255605381166	0.8762790697674419	0.0	1075	1075	1115	942	133	58283507.0	58284582.0	0.9529262696840131	HIGH	AG		CANONICAL	NA	1276	0	0.0	0	0
GCA_977879435.1	seqoccin.Go.SAMEA118215296.2	Capra hircus	Capra hircus	Scaffold	ok	exon_1	1	194	0.9432989690721649	0.9690721649484536	0.9432989690721649	0.8469945355191257	0.0	183	183	188	155	28	21065019.0	21065205.0	0.9362331699622557	HIGH		CC	NA	NONCANONICAL	387	0	0.0	0	0
GCA_977879435.1	seqoccin.Go.SAMEA118215296.2	Capra hircus	Capra hircus	Scaffold	ok	exon_2	2	304	1.0	1.0	1.0	0.8914473684210527	0.0	304	304	304	271	33	21067855.0	21068159.0	0.9728618421052633	HIGH	AG	GT	CANONICAL	CANONICAL	505	0	0.0	0	0
GCA_977879435.1	seqoccin.Go.SAMEA118215296.2	Capra hircus	Capra hircus	Scaffold	ok	exon_3	3	837	0.96415770609319	0.992831541218638	0.96415770609319	0.8822800495662949	0.0	807	807	831	712	95	21070518.0	21071474.0	0.9544409801335093	HIGH	AG	GT	CANONICAL	CANONICAL	1157	0	0.0	0	0
GCA_977879435.1	seqoccin.Go.SAMEA118215296.2	Capra hircus	Capra hircus	Scaffold	ok	exon_4	4	213	0.9953051643192489	1.0	0.9953051643192489	0.8962264150943396	0.0	212	212	213	190	22	21078473.0	21079412.0	0.9719439277172469	HIGH	AG	GT	CANONICAL	CANONICAL	1140	0	0.0	0	0
GCA_977879435.1	seqoccin.Go.SAMEA118215296.2	Capra hircus	Capra hircus	Scaffold	ok	exon_5	5	124	0.9919354838709677	0.9919354838709677	0.9919354838709677	0.9105691056910569	0.0	123	123	123	112	11	21082813.0	21082935.0	0.9740132441646998	HIGH	GA	GC	NONCANONICAL	CANONICAL	323	0	0.0	0	0
GCA_977879435.1	seqoccin.Go.SAMEA118215296.2	Capra hircus	Capra hircus	Scaffold	ok	exon_6	6	1115	0.9533632286995516	0.9847533632286996	0.9533632286995516	0.8692380056444027	0.0	1063	1063	1098	924	139	21083759.0	21084823.0	0.9463229543258989	HIGH	AG		CANONICAL	NA	1265	0	0.0	0	0
GCA_977879805.1	seqoccin.Go.SAMEA118215294.2	Capra hircus	Capra hircus	Scaffold	ok	exon_1	1	194	0.9432989690721649	0.9690721649484536	0.9432989690721649	0.8469945355191257	0.0	183	183	188	155	28	21077293.0	21077479.0	0.9362331699622557	HIGH		CC	NA	NONCANONICAL	387	0	0.0	0	0
GCA_977879805.1	seqoccin.Go.SAMEA118215294.2	Capra hircus	Capra hircus	Scaffold	ok	exon_2	2	304	1.0	1.0	1.0	0.8947368421052632	0.0	304	304	304	272	32	21080129.0	21080433.0	0.9736842105263158	HIGH	AG	GT	CANONICAL	CANONICAL	505	0	0.0	0	0
GCA_977879805.1	seqoccin.Go.SAMEA118215294.2	Capra hircus	Capra hircus	Scaffold	ok	exon_3	3	837	0.96415770609319	0.992831541218638	0.96415770609319	0.8822800495662949	0.0	807	807	831	712	95	21082796.0	21083752.0	0.9544409801335093	HIGH	AG	GT	CANONICAL	CANONICAL	1157	0	0.0	0	0
GCA_977879805.1	seqoccin.Go.SAMEA118215294.2	Capra hircus	Capra hircus	Scaffold	ok	exon_4	4	213	0.9953051643192489	1.0	0.9953051643192489	0.8962264150943396	0.0	212	212	213	190	22	21090761.0	21091700.0	0.9719439277172469	HIGH	AG	GT	CANONICAL	CANONICAL	1140	0	0.0	0	0
GCA_977879805.1	seqoccin.Go.SAMEA118215294.2	Capra hircus	Capra hircus	Scaffold	ok	exon_5	5	124	0.9919354838709677	0.9919354838709677	0.9919354838709677	0.9105691056910569	0.0	123	123	123	112	11	21095103.0	21095225.0	0.9740132441646998	HIGH	GA	GC	NONCANONICAL	CANONICAL	323	0	0.0	0	0
GCA_977879805.1	seqoccin.Go.SAMEA118215294.2	Capra hircus	Capra hircus	Scaffold	ok	exon_6	6	1115	0.9533632286995516	0.9847533632286996	0.9533632286995516	0.8701787394167451	0.0	1063	1063	1098	925	138	21096050.0	21097114.0	0.9465581377689845	HIGH	AG		CANONICAL	NA	1265	0	0.0	0	0
GCA_977927225.1	NR2025_1M	Bos taurus	Bos taurus	Chromosome	ok	exon_1	1	194	0.8917525773195877	0.8969072164948454	0.8917525773195877	0.8728323699421965	0.0	173	173	174	151	22	35044099.0	35044271.0	0.9194967522793636	HIGH			NA	NA	373	0	0.0	0	0
GCA_977927225.1	NR2025_1M	Bos taurus	Bos taurus	Chromosome	ok	exon_2	2	304	1.0	1.0	1.0	0.9046052631578947	0.0	304	304	304	275	29	35046925.0	35047228.0	0.9761513157894737	HIGH	AG	GT	CANONICAL	CANONICAL	504	0	0.0	0	0
GCA_977927225.1	NR2025_1M	Bos taurus	Bos taurus	Chromosome	ok	exon_3	3	837	0.946236559139785	0.966547192353644	0.946236559139785	0.8825757575757576	0.0	792	792	809	699	93	35050080.0	35050871.0	0.9464503910068427	HIGH	AG	AC	CANONICAL	NONCANONICAL	992	0	0.0	0	0
GCA_977927225.1	NR2025_1M	Bos taurus	Bos taurus	Chromosome	ok	exon_4	4	213	0.9953051643192489	1.0	0.9953051643192489	0.9056603773584906	0.0	212	212	213	192	20	35058218.0	35059157.0	0.9743024182832847	HIGH	AG	GT	CANONICAL	CANONICAL	1140	0	0.0	0	0
GCA_977927225.1	NR2025_1M	Bos taurus	Bos taurus	Chromosome	ok	exon_5	5	124	0.9919354838709677	0.9919354838709677	0.9919354838709677	0.9024390243902439	0.0	123	123	123	111	12	35061957.0	35062079.0	0.9719807238394965	HIGH	GA	GT	NONCANONICAL	CANONICAL	323	0	0.0	0	0
GCA_977927225.1	NR2025_1M	Bos taurus	Bos taurus	Chromosome	ok	exon_6	6	1115	0.9641255605381166	1.0	0.9641255605381166	0.8762790697674419	0.0	1075	1075	1115	942	133	35062904.0	35063979.0	0.9529262696840131	HIGH	AG		CANONICAL	NA	1276	0	0.0	0	0
GCA_977927245.1	NR2025_2M	Bos taurus	Bos taurus	Chromosome	ok	exon_1	1	194	0.8917525773195877	0.8969072164948454	0.8917525773195877	0.8728323699421965	0.0	173	173	174	151	22	55671548.0	55671720.0	0.9194967522793636	HIGH			NA	NA	373	0	0.0	0	0
GCA_977927245.1	NR2025_2M	Bos taurus	Bos taurus	Chromosome	ok	exon_2	2	304	1.0	1.0	1.0	0.9046052631578947	0.0	304	304	304	275	29	55674374.0	55674677.0	0.9761513157894737	HIGH	AG	GT	CANONICAL	CANONICAL	504	0	0.0	0	0
GCA_977927245.1	NR2025_2M	Bos taurus	Bos taurus	Chromosome	ok	exon_3	3	837	0.946236559139785	0.966547192353644	0.946236559139785	0.8825757575757576	0.0	792	792	809	699	93	55677529.0	55678320.0	0.9464503910068427	HIGH	AG	AC	CANONICAL	NONCANONICAL	992	0	0.0	0	0
GCA_977927245.1	NR2025_2M	Bos taurus	Bos taurus	Chromosome	ok	exon_4	4	213	0.9953051643192489	1.0	0.9953051643192489	0.9056603773584906	0.0	212	212	213	192	20	55685679.0	55686618.0	0.9743024182832847	HIGH	AG	GT	CANONICAL	CANONICAL	1140	0	0.0	0	0
GCA_977927245.1	NR2025_2M	Bos taurus	Bos taurus	Chromosome	ok	exon_5	5	124	0.9596774193548387	0.9596774193548387	0.9596774193548387	0.8991596638655462	0.0	119	119	119	107	12	55689440.0	55689558.0	0.956644754676064	HIGH	GA	GT	NONCANONICAL	CANONICAL	319	0	0.0	0	0
GCA_977927245.1	NR2025_2M	Bos taurus	Bos taurus	Chromosome	ok	exon_6	6	1115	0.9641255605381166	1.0	0.9641255605381166	0.8734883720930232	0.0	1075	1075	1115	939	136	55690384.0	55691459.0	0.9522285952654084	HIGH	AG		CANONICAL	NA	1276	0	0.0	0	0
GCA_977927255.1	NR2025_3P	Bos taurus	Bos taurus	Chromosome	ok	exon_1	1	194	0.8917525773195877	0.8969072164948454	0.8917525773195877	0.8728323699421965	0.0	173	173	174	151	22	46378406.0	46378578.0	0.9194967522793636	HIGH			NA	NA	373	0	0.0	0	0
GCA_977927255.1	NR2025_3P	Bos taurus	Bos taurus	Chromosome	ok	exon_2	2	304	1.0	1.0	1.0	0.9046052631578947	0.0	304	304	304	275	29	46381233.0	46381536.0	0.9761513157894737	HIGH	AG	GT	CANONICAL	CANONICAL	504	0	0.0	0	0
GCA_977927255.1	NR2025_3P	Bos taurus	Bos taurus	Chromosome	ok	exon_3	3	837	0.946236559139785	0.966547192353644	0.946236559139785	0.8825757575757576	0.0	792	792	809	699	93	46384388.0	46385179.0	0.9464503910068427	HIGH	AG	AC	CANONICAL	NONCANONICAL	992	0	0.0	0	0
GCA_977927255.1	NR2025_3P	Bos taurus	Bos taurus	Chromosome	ok	exon_4	4	213	0.9953051643192489	1.0	0.9953051643192489	0.9056603773584906	0.0	212	212	213	192	20	46392538.0	46393477.0	0.9743024182832847	HIGH	AG	GT	CANONICAL	CANONICAL	1140	0	0.0	0	0
GCA_977927255.1	NR2025_3P	Bos taurus	Bos taurus	Chromosome	ok	exon_5	5	124	0.9596774193548387	0.9596774193548387	0.9596774193548387	0.8991596638655462	0.0	119	119	119	107	12	46396299.0	46396417.0	0.956644754676064	HIGH	GA	GT	NONCANONICAL	CANONICAL	319	0	0.0	0	0
GCA_977927255.1	NR2025_3P	Bos taurus	Bos taurus	Chromosome	ok	exon_6	6	1115	0.9641255605381166	1.0	0.9641255605381166	0.8734883720930232	0.0	1075	1075	1115	939	136	46397243.0	46398318.0	0.9522285952654084	HIGH	AG		CANONICAL	NA	1276	0	0.0	0	0
GCA_977927265.1	NR2025_1P	Bos taurus	Bos taurus	Chromosome	ok	exon_1	1	194	0.8917525773195877	0.8969072164948454	0.8917525773195877	0.8728323699421965	0.0	173	173	174	151	22	38725522.0	38725694.0	0.9194967522793636	HIGH			NA	NA	373	0	0.0	0	0
GCA_977927265.1	NR2025_1P	Bos taurus	Bos taurus	Chromosome	ok	exon_2	2	304	1.0	1.0	1.0	0.9046052631578947	0.0	304	304	304	275	29	38728348.0	38728651.0	0.9761513157894737	HIGH	AG	GT	CANONICAL	CANONICAL	504	0	0.0	0	0
GCA_977927265.1	NR2025_1P	Bos taurus	Bos taurus	Chromosome	ok	exon_3	3	837	0.946236559139785	0.966547192353644	0.946236559139785	0.8825757575757576	0.0	792	792	809	699	93	38731503.0	38732294.0	0.9464503910068427	HIGH	AG	AC	CANONICAL	NONCANONICAL	992	0	0.0	0	0
GCA_977927265.1	NR2025_1P	Bos taurus	Bos taurus	Chromosome	ok	exon_4	4	213	0.9953051643192489	1.0	0.9953051643192489	0.9056603773584906	0.0	212	212	213	192	20	38739641.0	38740580.0	0.9743024182832847	HIGH	AG	GT	CANONICAL	CANONICAL	1140	0	0.0	0	0
GCA_977927265.1	NR2025_1P	Bos taurus	Bos taurus	Chromosome	ok	exon_5	5	124	0.9919354838709677	0.9919354838709677	0.9919354838709677	0.9024390243902439	0.0	123	123	123	111	12	38743380.0	38743502.0	0.9719807238394965	HIGH	GA	GT	NONCANONICAL	CANONICAL	323	0	0.0	0	0
GCA_977927265.1	NR2025_1P	Bos taurus	Bos taurus	Chromosome	ok	exon_6	6	1115	0.9641255605381166	1.0	0.9641255605381166	0.8762790697674419	0.0	1075	1075	1115	942	133	38744327.0	38745402.0	0.9529262696840131	HIGH	AG		CANONICAL	NA	1276	0	0.0	0	0
GCA_977927285.1	NR2025_3M	Bos taurus	Bos taurus	Chromosome	ok	exon_1	1	194	0.8917525773195877	0.8969072164948454	0.8917525773195877	0.8728323699421965	0.0	173	173	174	151	22	42225449.0	42225621.0	0.9194967522793636	HIGH			NA	NA	373	0	0.0	0	0
GCA_977927285.1	NR2025_3M	Bos taurus	Bos taurus	Chromosome	ok	exon_2	2	304	1.0	1.0	1.0	0.9046052631578947	0.0	304	304	304	275	29	42228276.0	42228579.0	0.9761513157894737	HIGH	AG	GT	CANONICAL	CANONICAL	504	0	0.0	0	0
GCA_977927285.1	NR2025_3M	Bos taurus	Bos taurus	Chromosome	ok	exon_3	3	837	0.946236559139785	0.966547192353644	0.946236559139785	0.8825757575757576	0.0	792	792	809	699	93	42231431.0	42232222.0	0.9464503910068427	HIGH	AG	AC	CANONICAL	NONCANONICAL	992	0	0.0	0	0
GCA_977927285.1	NR2025_3M	Bos taurus	Bos taurus	Chromosome	ok	exon_4	4	213	0.9953051643192489	1.0	0.9953051643192489	0.9056603773584906	0.0	212	212	213	192	20	42239581.0	42240520.0	0.9743024182832847	HIGH	AG	GT	CANONICAL	CANONICAL	1140	0	0.0	0	0
GCA_977927285.1	NR2025_3M	Bos taurus	Bos taurus	Chromosome	ok	exon_5	5	124	0.9596774193548387	0.9596774193548387	0.9596774193548387	0.8991596638655462	0.0	119	119	119	107	12	42243342.0	42243460.0	0.956644754676064	HIGH	GA	GT	NONCANONICAL	CANONICAL	319	0	0.0	0	0
GCA_977927285.1	NR2025_3M	Bos taurus	Bos taurus	Chromosome	ok	exon_6	6	1115	0.9641255605381166	1.0	0.9641255605381166	0.8734883720930232	0.0	1075	1075	1115	939	136	42244286.0	42245361.0	0.9522285952654084	HIGH	AG		CANONICAL	NA	1276	0	0.0	0	0
GCA_977970235.1	NR2025_2P	Bos taurus	Bos taurus	Chromosome	ok	exon_1	1	194	0.8917525773195877	0.8969072164948454	0.8917525773195877	0.8728323699421965	0.0	173	173	174	151	22	43409239.0	43409411.0	0.9194967522793636	HIGH			NA	NA	373	0	0.0	0	0
GCA_977970235.1	NR2025_2P	Bos taurus	Bos taurus	Chromosome	ok	exon_2	2	304	1.0	1.0	1.0	0.9046052631578947	0.0	304	304	304	275	29	43412065.0	43412368.0	0.9761513157894737	HIGH	AG	GT	CANONICAL	CANONICAL	504	0	0.0	0	0
GCA_977970235.1	NR2025_2P	Bos taurus	Bos taurus	Chromosome	ok	exon_3	3	837	0.946236559139785	0.966547192353644	0.946236559139785	0.8825757575757576	0.0	792	792	809	699	93	43415220.0	43416011.0	0.9464503910068427	HIGH	AG	AC	CANONICAL	NONCANONICAL	992	0	0.0	0	0
GCA_977970235.1	NR2025_2P	Bos taurus	Bos taurus	Chromosome	ok	exon_4	4	213	0.9953051643192489	1.0	0.9953051643192489	0.9056603773584906	0.0	212	212	213	192	20	43423358.0	43424297.0	0.9743024182832847	HIGH	AG	GT	CANONICAL	CANONICAL	1140	0	0.0	0	0
GCA_977970235.1	NR2025_2P	Bos taurus	Bos taurus	Chromosome	ok	exon_5	5	124	0.9919354838709677	0.9919354838709677	0.9919354838709677	0.9024390243902439	0.0	123	123	123	111	12	43427097.0	43427219.0	0.9719807238394965	HIGH	GA	GT	NONCANONICAL	CANONICAL	323	0	0.0	0	0
GCA_977970235.1	NR2025_2P	Bos taurus	Bos taurus	Chromosome	ok	exon_6	6	1115	0.9641255605381166	1.0	0.9641255605381166	0.8762790697674419	0.0	1075	1075	1115	942	133	43428044.0	43429119.0	0.9529262696840131	HIGH	AG		CANONICAL	NA	1276	0	0.0	0	0
GCA_984506415.1	seqoccin.Sh.SAMEA118215311_hap2_	Ovis aries	Ovis aries	Scaffold	ok	exon_1	1	194	0.9432989690721649	0.9690721649484536	0.9432989690721649	0.8524590163934426	0.0	183	183	188	156	27	21223874.0	21224060.0	0.9375992901808349	HIGH		CC	NA	NONCANONICAL	387	0	0.0	0	0
GCA_984506415.1	seqoccin.Sh.SAMEA118215311_hap2_	Ovis aries	Ovis aries	Scaffold	ok	exon_2	2	304	1.0	1.0	1.0	0.8947368421052632	0.0	304	304	304	272	32	21227205.0	21227509.0	0.9736842105263158	HIGH	AG	GT	CANONICAL	CANONICAL	505	0	0.0	0	0
GCA_984506415.1	seqoccin.Sh.SAMEA118215311_hap2_	Ovis aries	Ovis aries	Scaffold	ok	exon_3	3	837	0.9713261648745519	0.992831541218638	0.9713261648745519	0.8856088560885609	0.0	813	813	831	720	93	21230253.0	21231207.0	0.9584989882156887	HIGH	AG	GT	CANONICAL	CANONICAL	1155	0	0.0	0	0
GCA_984506415.1	seqoccin.Sh.SAMEA118215311_hap2_	Ovis aries	Ovis aries	Scaffold	ok	exon_4	4	213	0.8732394366197183	0.8779342723004695	0.8732394366197183	0.8978494623655914	0.0	186	186	187	167	19	21238954.0	21239139.0	0.9174201120702711	HIGH			NA	NA	386	0	0.0	0	0
GCA_984506415.1	seqoccin.Sh.SAMEA118215311_hap2_	Ovis aries	Ovis aries	Scaffold	ok	exon_5	5	124	0.9919354838709677	0.9919354838709677	0.9919354838709677	0.8943089430894309	0.0	123	123	123	110	13	21242490.0	21242612.0	0.9699482035142932	HIGH	GA	GC	NONCANONICAL	CANONICAL	323	0	0.0	0	0
GCA_984506415.1	seqoccin.Sh.SAMEA118215311_hap2_	Ovis aries	Ovis aries	Scaffold	ok	exon_6	6	1115	0.9524663677130045	0.9847533632286996	0.9524663677130045	0.8709981167608286	0.0	1062	1062	1098	925	137	21243434.0	21244497.0	0.9463593946610592	HIGH	AG		CANONICAL	NA	1264	0	0.0	0	0
GCA_984506425.1	seqoccin.Go.SAMEA118215288_hap1_	Capra hircus	Capra hircus	Scaffold	ok	exon_1	1	194	0.9432989690721649	0.9690721649484536	0.9432989690721649	0.8469945355191257	0.0	183	183	188	155	28	71819916.0	71820102.0	0.9362331699622557	HIGH		CC	NA	NONCANONICAL	387	0	0.0	0	0
GCA_984506425.1	seqoccin.Go.SAMEA118215288_hap1_	Capra hircus	Capra hircus	Scaffold	ok	exon_2	2	304	1.0	1.0	1.0	0.8947368421052632	0.0	304	304	304	272	32	71816961.0	71817265.0	0.9736842105263158	HIGH	AG	GT	CANONICAL	CANONICAL	505	0	0.0	0	0
GCA_984506425.1	seqoccin.Go.SAMEA118215288_hap1_	Capra hircus	Capra hircus	Scaffold	ok	exon_3	3	837	0.96415770609319	0.992831541218638	0.96415770609319	0.8822800495662949	0.0	807	807	831	712	95	71813644.0	71814600.0	0.9544409801335093	HIGH	AG	GT	CANONICAL	CANONICAL	1157	0	0.0	0	0
GCA_984506425.1	seqoccin.Go.SAMEA118215288_hap1_	Capra hircus	Capra hircus	Scaffold	ok	exon_4	4	213	0.9859154929577465	0.9906103286384976	0.9859154929577465	0.8952380952380953	0.0	210	210	211	188	22	71805704.0	71806641.0	0.9674714956405098	HIGH	AG	GG	CANONICAL	NONCANONICAL	1138	0	0.0	0	0
GCA_984506425.1	seqoccin.Go.SAMEA118215288_hap1_	Capra hircus	Capra hircus	Scaffold	ok	exon_5	5	124	0.9919354838709677	0.9919354838709677	0.9919354838709677	0.8943089430894309	0.0	123	123	123	110	13	71802168.0	71802290.0	0.9699482035142932	HIGH	GA	GC	NONCANONICAL	CANONICAL	323	0	0.0	0	0
GCA_984506425.1	seqoccin.Go.SAMEA118215288_hap1_	Capra hircus	Capra hircus	Scaffold	ok	exon_6	6	1115	0.9533632286995516	0.9847533632286996	0.9533632286995516	0.8682972718720602	0.0	1063	1063	1098	923	140	71800280.0	71801344.0	0.9460877708828133	HIGH	AG		CANONICAL	NA	1265	0	0.0	0	0
GCA_984506435.1	seqoccin.Sh.SAMEA118215303_hap1_	Ovis aries	Ovis aries	Scaffold	ok	exon_1	1	194	0.9432989690721649	0.9690721649484536	0.9432989690721649	0.8524590163934426	0.0	183	183	188	156	27	70816162.0	70816348.0	0.9375992901808349	HIGH		CC	NA	NONCANONICAL	387	0	0.0	0	0
GCA_984506435.1	seqoccin.Sh.SAMEA118215303_hap1_	Ovis aries	Ovis aries	Scaffold	ok	exon_2	2	304	0.993421052631579	1.0	0.993421052631579	0.890728476821192	0.0	302	302	304	269	33	70813205.0	70813507.0	0.9697215928895087	HIGH	AG	GT	CANONICAL	CANONICAL	503	0	0.0	0	0
GCA_984506435.1	seqoccin.Sh.SAMEA118215303_hap1_	Ovis aries	Ovis aries	Scaffold	ok	exon_3	3	837	0.959378733572282	0.98805256869773	0.959378733572282	0.8854296388542964	0.0	803	803	827	711	92	70809887.0	70810849.0	0.9530778398211011	HIGH	AG	GT	CANONICAL	CANONICAL	1163	0	0.0	0	0
GCA_984506435.1	seqoccin.Sh.SAMEA118215303_hap1_	Ovis aries	Ovis aries	Scaffold	ok	exon_4	4	213	0.8732394366197183	0.8779342723004695	0.8732394366197183	0.8978494623655914	0.0	186	186	187	167	19	70801941.0	70802126.0	0.9174201120702711	HIGH			NA	NA	386	0	0.0	0	0
GCA_984506435.1	seqoccin.Sh.SAMEA118215303_hap1_	Ovis aries	Ovis aries	Scaffold	ok	exon_5	5	124	0.9919354838709677	0.9919354838709677	0.9919354838709677	0.9024390243902439	0.0	123	123	123	111	12	70798469.0	70798591.0	0.9719807238394965	HIGH	GA	GC	NONCANONICAL	CANONICAL	323	0	0.0	0	0
GCA_984506435.1	seqoccin.Sh.SAMEA118215303_hap1_	Ovis aries	Ovis aries	Scaffold	ok	exon_6	6	1115	0.9524663677130045	0.9847533632286996	0.9524663677130045	0.8709981167608286	0.0	1062	1062	1098	925	137	70796584.0	70797647.0	0.9463593946610592	HIGH	AG		CANONICAL	NA	1264	0	0.0	0	0
GCA_984506455.1	seqoccin.Sh.SAMEA118215311_hap1_	Ovis aries	Ovis aries	Scaffold	ok	exon_1	1	194	0.9432989690721649	0.9690721649484536	0.9432989690721649	0.8524590163934426	0.0	183	183	188	156	27	22215948.0	22216134.0	0.9375992901808349	HIGH		CC	NA	NONCANONICAL	387	0	0.0	0	0
GCA_984506455.1	seqoccin.Sh.SAMEA118215311_hap1_	Ovis aries	Ovis aries	Scaffold	ok	exon_2	2	304	1.0	1.0	1.0	0.8947368421052632	0.0	304	304	304	272	32	22219278.0	22219582.0	0.9736842105263158	HIGH	AG	GT	CANONICAL	CANONICAL	505	0	0.0	0	0
GCA_984506455.1	seqoccin.Sh.SAMEA118215311_hap1_	Ovis aries	Ovis aries	Scaffold	ok	exon_3	3	837	0.9713261648745519	0.992831541218638	0.9713261648745519	0.8868388683886839	0.0	813	813	831	721	92	22221938.0	22222931.0	0.9588064912907194	HIGH	AG	GT	CANONICAL	CANONICAL	1194	0	0.0	0	0
GCA_984506455.1	seqoccin.Sh.SAMEA118215311_hap1_	Ovis aries	Ovis aries	Scaffold	ok	exon_4	4	213	0.8732394366197183	0.8779342723004695	0.8732394366197183	0.8978494623655914	0.0	186	186	187	167	19	22230695.0	22230880.0	0.9174201120702711	HIGH			NA	NA	386	0	0.0	0	0
GCA_984506455.1	seqoccin.Sh.SAMEA118215311_hap1_	Ovis aries	Ovis aries	Scaffold	ok	exon_5	5	124	0.9919354838709677	0.9919354838709677	0.9919354838709677	0.8943089430894309	0.0	123	123	123	110	13	22234233.0	22234355.0	0.9699482035142932	HIGH	GA	GC	NONCANONICAL	CANONICAL	323	0	0.0	0	0
GCA_984506455.1	seqoccin.Sh.SAMEA118215311_hap1_	Ovis aries	Ovis aries	Scaffold	ok	exon_6	6	1115	0.9524663677130045	0.9847533632286996	0.9524663677130045	0.8709981167608286	0.0	1062	1062	1098	925	137	22235177.0	22236241.0	0.9463593946610592	HIGH	AG		CANONICAL	NA	1265	0	0.0	0	0
GCA_984506465.1	seqoccin.Sh.SAMEA118215310_hap2_	Ovis aries	Ovis aries	Scaffold	ok	exon_1	1	194	0.9432989690721649	0.9690721649484536	0.9432989690721649	0.8524590163934426	0.0	183	183	188	156	27	21245731.0	21245917.0	0.9375992901808349	HIGH		CC	NA	NONCANONICAL	387	0	0.0	0	0
GCA_984506465.1	seqoccin.Sh.SAMEA118215310_hap2_	Ovis aries	Ovis aries	Scaffold	ok	exon_2	2	304	0.993421052631579	1.0	0.993421052631579	0.890728476821192	0.0	302	302	304	269	33	21248573.0	21248875.0	0.9697215928895087	HIGH	AG	GT	CANONICAL	CANONICAL	503	0	0.0	0	0
GCA_984506465.1	seqoccin.Sh.SAMEA118215310_hap2_	Ovis aries	Ovis aries	Scaffold	ok	exon_3	3	837	0.959378733572282	0.98805256869773	0.959378733572282	0.8854296388542964	0.0	803	803	827	711	92	21251230.0	21252192.0	0.9530778398211011	HIGH	AG	GT	CANONICAL	CANONICAL	1163	0	0.0	0	0
GCA_984506465.1	seqoccin.Sh.SAMEA118215310_hap2_	Ovis aries	Ovis aries	Scaffold	ok	exon_4	4	213	0.8732394366197183	0.8779342723004695	0.8732394366197183	0.8978494623655914	0.0	186	186	187	167	19	21259956.0	21260141.0	0.9174201120702711	HIGH			NA	NA	386	0	0.0	0	0
GCA_984506465.1	seqoccin.Sh.SAMEA118215310_hap2_	Ovis aries	Ovis aries	Scaffold	ok	exon_5	5	124	0.9919354838709677	0.9919354838709677	0.9919354838709677	0.9024390243902439	0.0	123	123	123	111	12	21263493.0	21263615.0	0.9719807238394965	HIGH	GA	GC	NONCANONICAL	CANONICAL	323	0	0.0	0	0
GCA_984506465.1	seqoccin.Sh.SAMEA118215310_hap2_	Ovis aries	Ovis aries	Scaffold	ok	exon_6	6	1115	0.9524663677130045	0.9847533632286996	0.9524663677130045	0.8709981167608286	0.0	1062	1062	1098	925	137	21264437.0	21265500.0	0.9463593946610592	HIGH	AG		CANONICAL	NA	1264	0	0.0	0	0
GCA_984506515.1	seqoccin.Go.SAMEA118215289_	Capra hircus	Capra hircus	Scaffold	ok	exon_1	1	194	0.9432989690721649	0.9690721649484536	0.9432989690721649	0.8469945355191257	0.0	183	183	188	155	28	21071494.0	21071680.0	0.9362331699622557	HIGH		CC	NA	NONCANONICAL	387	0	0.0	0	0
GCA_984506515.1	seqoccin.Go.SAMEA118215289_	Capra hircus	Capra hircus	Scaffold	ok	exon_2	2	304	1.0	1.0	1.0	0.8947368421052632	0.0	304	304	304	272	32	21074331.0	21074635.0	0.9736842105263158	HIGH	AG	GT	CANONICAL	CANONICAL	505	0	0.0	0	0
GCA_984506515.1	seqoccin.Go.SAMEA118215289_	Capra hircus	Capra hircus	Scaffold	ok	exon_3	3	837	0.9629629629629629	0.992831541218638	0.9629629629629629	0.8833746898263027	0.0	806	806	831	712	94	21076999.0	21077954.0	0.954177005789909	HIGH	AG	GT	CANONICAL	CANONICAL	1156	0	0.0	0	0
GCA_984506515.1	seqoccin.Go.SAMEA118215289_	Capra hircus	Capra hircus	Scaffold	ok	exon_4	4	213	0.9953051643192489	1.0	0.9953051643192489	0.8962264150943396	0.0	212	212	213	190	22	21084955.0	21085894.0	0.9719439277172469	HIGH	AG	GT	CANONICAL	CANONICAL	1140	0	0.0	0	0
GCA_984506515.1	seqoccin.Go.SAMEA118215289_	Capra hircus	Capra hircus	Scaffold	ok	exon_5	5	124	0.9919354838709677	0.9919354838709677	0.9919354838709677	0.9024390243902439	0.0	123	123	123	111	12	21089304.0	21089426.0	0.9719807238394965	HIGH	GA	GC	NONCANONICAL	CANONICAL	323	0	0.0	0	0
GCA_984506515.1	seqoccin.Go.SAMEA118215289_	Capra hircus	Capra hircus	Scaffold	ok	exon_6	6	1115	0.9533632286995516	0.9847533632286996	0.9533632286995516	0.8692380056444027	0.0	1063	1063	1098	924	139	21090250.0	21091314.0	0.9463229543258989	HIGH	AG		CANONICAL	NA	1265	0	0.0	0	0
GCA_984506535.1	seqoccin.Go.SAMEA118215288_hap2_	Capra hircus	Capra hircus	Scaffold	ok	exon_1	1	194	0.9432989690721649	0.9690721649484536	0.9432989690721649	0.8469945355191257	0.0	183	183	188	155	28	71923356.0	71923542.0	0.9362331699622557	HIGH		CC	NA	NONCANONICAL	387	0	0.0	0	0
GCA_984506535.1	seqoccin.Go.SAMEA118215288_hap2_	Capra hircus	Capra hircus	Scaffold	ok	exon_2	2	304	1.0	1.0	1.0	0.8947368421052632	0.0	304	304	304	272	32	71920402.0	71920706.0	0.9736842105263158	HIGH	AG	GT	CANONICAL	CANONICAL	505	0	0.0	0	0
GCA_984506535.1	seqoccin.Go.SAMEA118215288_hap2_	Capra hircus	Capra hircus	Scaffold	ok	exon_3	3	837	0.96415770609319	0.992831541218638	0.96415770609319	0.8835192069392813	0.0	807	807	831	713	94	71917087.0	71918043.0	0.9547507694767559	HIGH	AG	GT	CANONICAL	CANONICAL	1157	0	0.0	0	0
GCA_984506535.1	seqoccin.Go.SAMEA118215288_hap2_	Capra hircus	Capra hircus	Scaffold	ok	exon_4	4	213	0.9953051643192489	1.0	0.9953051643192489	0.8962264150943396	0.0	212	212	213	190	22	71909145.0	71910084.0	0.9719439277172469	HIGH	AG	GT	CANONICAL	CANONICAL	1140	0	0.0	0	0
GCA_984506535.1	seqoccin.Go.SAMEA118215288_hap2_	Capra hircus	Capra hircus	Scaffold	ok	exon_5	5	124	0.9919354838709677	0.9919354838709677	0.9919354838709677	0.9105691056910569	0.0	123	123	123	112	11	71905612.0	71905734.0	0.9740132441646998	HIGH	GA	GC	NONCANONICAL	CANONICAL	323	0	0.0	0	0
GCA_984506535.1	seqoccin.Go.SAMEA118215288_hap2_	Capra hircus	Capra hircus	Scaffold	ok	exon_6	6	1115	0.9533632286995516	0.9847533632286996	0.9533632286995516	0.8692380056444027	0.0	1063	1063	1098	924	139	71903724.0	71904788.0	0.9463229543258989	HIGH	AG		CANONICAL	NA	1265	0	0.0	0	0
GCA_984506635.1	seqoccin.Sh.SAMEA118215310_hap1_	Ovis aries	Ovis aries	Scaffold	ok	exon_1	1	194	0.9432989690721649	0.9690721649484536	0.9432989690721649	0.8524590163934426	0.0	183	183	188	156	27	21526573.0	21526759.0	0.9375992901808349	HIGH		CC	NA	NONCANONICAL	387	0	0.0	0	0
GCA_984506635.1	seqoccin.Sh.SAMEA118215310_hap1_	Ovis aries	Ovis aries	Scaffold	ok	exon_2	2	304	1.0	1.0	1.0	0.8947368421052632	0.0	304	304	304	272	32	21529901.0	21530205.0	0.9736842105263158	HIGH	AG	GT	CANONICAL	CANONICAL	505	0	0.0	0	0
GCA_984506635.1	seqoccin.Sh.SAMEA118215310_hap1_	Ovis aries	Ovis aries	Scaffold	ok	exon_3	3	837	0.9713261648745519	0.992831541218638	0.9713261648745519	0.8868388683886839	0.0	813	813	831	721	92	21532567.0	21533521.0	0.9588064912907194	HIGH	AG	GT	CANONICAL	CANONICAL	1155	0	0.0	0	0
GCA_984506635.1	seqoccin.Sh.SAMEA118215310_hap1_	Ovis aries	Ovis aries	Scaffold	ok	exon_4	4	213	0.8732394366197183	0.8779342723004695	0.8732394366197183	0.8978494623655914	0.0	186	186	187	167	19	21541262.0	21541447.0	0.9174201120702711	HIGH			NA	NA	386	0	0.0	0	0
GCA_984506635.1	seqoccin.Sh.SAMEA118215310_hap1_	Ovis aries	Ovis aries	Scaffold	ok	exon_5	5	124	0.9919354838709677	0.9919354838709677	0.9919354838709677	0.8943089430894309	0.0	123	123	123	110	13	21544800.0	21544922.0	0.9699482035142932	HIGH	GA	GC	NONCANONICAL	CANONICAL	323	0	0.0	0	0
GCA_984506635.1	seqoccin.Sh.SAMEA118215310_hap1_	Ovis aries	Ovis aries	Scaffold	ok	exon_6	6	1115	0.9524663677130045	0.9847533632286996	0.9524663677130045	0.8709981167608286	0.0	1062	1062	1098	925	137	21545744.0	21546807.0	0.9463593946610592	HIGH	AG		CANONICAL	NA	1264	0	0.0	0	0
GCA_984506825.1	seqoccin.Go.SAMEA118215291_	Capra hircus	Capra hircus	Scaffold	ok	exon_1	1	194	0.9432989690721649	0.9690721649484536	0.9432989690721649	0.8469945355191257	0.0	183	183	188	155	28	21052127.0	21052313.0	0.9362331699622557	HIGH		CC	NA	NONCANONICAL	387	0	0.0	0	0
GCA_984506825.1	seqoccin.Go.SAMEA118215291_	Capra hircus	Capra hircus	Scaffold	ok	exon_2	2	304	1.0	1.0	1.0	0.8947368421052632	0.0	304	304	304	272	32	21054963.0	21055267.0	0.9736842105263158	HIGH	AG	GT	CANONICAL	CANONICAL	505	0	0.0	0	0
GCA_984506825.1	seqoccin.Go.SAMEA118215291_	Capra hircus	Capra hircus	Scaffold	ok	exon_3	3	837	0.96415770609319	0.992831541218638	0.96415770609319	0.8822800495662949	0.0	807	807	831	712	95	21057630.0	21058586.0	0.9544409801335093	HIGH	AG	GT	CANONICAL	CANONICAL	1157	0	0.0	0	0
GCA_984506825.1	seqoccin.Go.SAMEA118215291_	Capra hircus	Capra hircus	Scaffold	ok	exon_4	4	213	0.9953051643192489	1.0	0.9953051643192489	0.8962264150943396	0.0	212	212	213	190	22	21065588.0	21066527.0	0.9719439277172469	HIGH	AG	GT	CANONICAL	CANONICAL	1140	0	0.0	0	0
GCA_984506825.1	seqoccin.Go.SAMEA118215291_	Capra hircus	Capra hircus	Scaffold	ok	exon_5	5	124	0.9919354838709677	0.9919354838709677	0.9919354838709677	0.9024390243902439	0.0	123	123	123	111	12	21069929.0	21070051.0	0.9719807238394965	HIGH	GA	GC	NONCANONICAL	CANONICAL	323	0	0.0	0	0
GCA_984506825.1	seqoccin.Go.SAMEA118215291_	Capra hircus	Capra hircus	Scaffold	ok	exon_6	6	1115	0.9533632286995516	0.9847533632286996	0.9533632286995516	0.8692380056444027	0.0	1063	1063	1098	924	139	21070875.0	21071939.0	0.9463229543258989	HIGH	AG		CANONICAL	NA	1265	0	0.0	0	0
GCA_984506965.1	seqoccin.Go.SAMEA118215310_	Ovis aries	Ovis aries	Scaffold	ok	exon_1	1	194	0.9432989690721649	0.9690721649484536	0.9432989690721649	0.8524590163934426	0.0	183	183	188	156	27	20966025.0	20966211.0	0.9375992901808349	HIGH		CC	NA	NONCANONICAL	387	0	0.0	0	0
GCA_984506965.1	seqoccin.Go.SAMEA118215310_	Ovis aries	Ovis aries	Scaffold	ok	exon_2	2	304	0.9967105263157895	1.0	0.9967105263157895	0.8910891089108911	0.0	303	303	304	270	33	20968874.0	20969178.0	0.9712920140698281	HIGH	AG	GT	CANONICAL	CANONICAL	505	0	0.0	0	0
GCA_984506965.1	seqoccin.Go.SAMEA118215310_	Ovis aries	Ovis aries	Scaffold	ok	exon_3	3	837	0.972520908004779	0.992831541218638	0.972520908004779	0.8845208845208845	0.0	814	814	831	720	94	20971539.0	20972495.0	0.9587646297323718	HIGH	AG	GT	CANONICAL	CANONICAL	1157	0	0.0	0	0
GCA_984506965.1	seqoccin.Go.SAMEA118215310_	Ovis aries	Ovis aries	Scaffold	ok	exon_4	4	213	0.8732394366197183	0.8779342723004695	0.8732394366197183	0.8978494623655914	0.0	186	186	187	167	19	20980245.0	20980430.0	0.9174201120702711	HIGH			NA	NA	386	0	0.0	0	0
GCA_984506965.1	seqoccin.Go.SAMEA118215310_	Ovis aries	Ovis aries	Scaffold	ok	exon_5	5	124	0.9919354838709677	0.9919354838709677	0.9919354838709677	0.9024390243902439	0.0	123	123	123	111	12	20983787.0	20983909.0	0.9719807238394965	HIGH	GA	GC	NONCANONICAL	CANONICAL	323	0	0.0	0	0
GCA_984506965.1	seqoccin.Go.SAMEA118215310_	Ovis aries	Ovis aries	Scaffold	ok	exon_6	6	1115	0.9524663677130045	0.9847533632286996	0.9524663677130045	0.8709981167608286	0.0	1062	1062	1098	925	137	20984731.0	20985794.0	0.9463593946610592	HIGH	AG		CANONICAL	NA	1264	0	0.0	0	0
GCA_984507005.1	seqoccin.Go.SAMEA118215298_	Ovis aries	Ovis aries	Scaffold	ok	exon_1	1	194	0.9432989690721649	0.9690721649484536	0.9432989690721649	0.8524590163934426	0.0	183	183	188	156	27	21118271.0	21118457.0	0.9375992901808349	HIGH		CC	NA	NONCANONICAL	387	0	0.0	0	0
GCA_984507005.1	seqoccin.Go.SAMEA118215298_	Ovis aries	Ovis aries	Scaffold	ok	exon_2	2	304	1.0	1.0	1.0	0.8947368421052632	0.0	304	304	304	272	32	21121606.0	21121910.0	0.9736842105263158	HIGH	AG	GT	CANONICAL	CANONICAL	505	0	0.0	0	0
GCA_984507005.1	seqoccin.Go.SAMEA118215298_	Ovis aries	Ovis aries	Scaffold	ok	exon_3	3	837	0.9713261648745519	0.992831541218638	0.9713261648745519	0.8868388683886839	0.0	813	813	831	721	92	21124269.0	21125271.0	0.9588064912907194	HIGH	AG	GT	CANONICAL	CANONICAL	1203	0	0.0	0	0
GCA_984507005.1	seqoccin.Go.SAMEA118215298_	Ovis aries	Ovis aries	Scaffold	ok	exon_4	4	213	0.8732394366197183	0.8779342723004695	0.8732394366197183	0.8978494623655914	0.0	186	186	187	167	19	21133024.0	21133209.0	0.9174201120702711	HIGH			NA	NA	386	0	0.0	0	0
GCA_984507005.1	seqoccin.Go.SAMEA118215298_	Ovis aries	Ovis aries	Scaffold	ok	exon_5	5	124	0.9919354838709677	0.9919354838709677	0.9919354838709677	0.8943089430894309	0.0	123	123	123	110	13	21136557.0	21136679.0	0.9699482035142932	HIGH	GA	GC	NONCANONICAL	CANONICAL	323	0	0.0	0	0
GCA_984507005.1	seqoccin.Go.SAMEA118215298_	Ovis aries	Ovis aries	Scaffold	ok	exon_6	6	1115	0.9524663677130045	0.9847533632286996	0.9524663677130045	0.8709981167608286	0.0	1062	1062	1098	925	137	21137501.0	21138565.0	0.9463593946610592	HIGH	AG		CANONICAL	NA	1265	0	0.0	0	0
GCA_984513465.1	seqoccin.Go.SAMEA118215308_	Ovis aries	Ovis aries	Scaffold	ok	exon_1	1	194	0.9432989690721649	0.9690721649484536	0.9432989690721649	0.8524590163934426	0.0	183	183	188	156	27	21190540.0	21190726.0	0.9375992901808349	HIGH		CC	NA	NONCANONICAL	387	0	0.0	0	0
GCA_984513465.1	seqoccin.Go.SAMEA118215308_	Ovis aries	Ovis aries	Scaffold	ok	exon_2	2	304	1.0	1.0	1.0	0.8947368421052632	0.0	304	304	304	272	32	21193869.0	21194173.0	0.9736842105263158	HIGH	AG	GT	CANONICAL	CANONICAL	505	0	0.0	0	0
GCA_984513465.1	seqoccin.Go.SAMEA118215308_	Ovis aries	Ovis aries	Scaffold	ok	exon_3	3	837	0.9713261648745519	0.992831541218638	0.9713261648745519	0.8868388683886839	0.0	813	813	831	721	92	21196526.0	21197519.0	0.9588064912907194	HIGH	AG	GT	CANONICAL	CANONICAL	1194	0	0.0	0	0
GCA_984513465.1	seqoccin.Go.SAMEA118215308_	Ovis aries	Ovis aries	Scaffold	ok	exon_4	4	213	0.8732394366197183	0.8779342723004695	0.8732394366197183	0.8978494623655914	0.0	186	186	187	167	19	21205276.0	21205461.0	0.9174201120702711	HIGH			NA	NA	386	0	0.0	0	0
GCA_984513465.1	seqoccin.Go.SAMEA118215308_	Ovis aries	Ovis aries	Scaffold	ok	exon_5	5	124	0.9919354838709677	0.9919354838709677	0.9919354838709677	0.8943089430894309	0.0	123	123	123	110	13	21208811.0	21208933.0	0.9699482035142932	HIGH	GA	GC	NONCANONICAL	CANONICAL	323	0	0.0	0	0
GCA_984513465.1	seqoccin.Go.SAMEA118215308_	Ovis aries	Ovis aries	Scaffold	ok	exon_6	6	1115	0.9524663677130045	0.9847533632286996	0.9524663677130045	0.8709981167608286	0.0	1062	1062	1098	925	137	21209755.0	21210818.0	0.9463593946610592	HIGH	AG		CANONICAL	NA	1264	0	0.0	0	0
GCA_984513515.1	seqoccin.Go.SAMEA118215295_	Capra hircus	Capra hircus	Scaffold	ok	exon_1	1	194	0.9432989690721649	0.9690721649484536	0.9432989690721649	0.8469945355191257	0.0	183	183	188	155	28	21026418.0	21026604.0	0.9362331699622557	HIGH		CC	NA	NONCANONICAL	387	0	0.0	0	0
GCA_984513515.1	seqoccin.Go.SAMEA118215295_	Capra hircus	Capra hircus	Scaffold	ok	exon_2	2	304	1.0	1.0	1.0	0.8914473684210527	0.0	304	304	304	271	33	21029254.0	21029558.0	0.9728618421052633	HIGH	AG	GT	CANONICAL	CANONICAL	505	0	0.0	0	0
GCA_984513515.1	seqoccin.Go.SAMEA118215295_	Capra hircus	Capra hircus	Scaffold	ok	exon_3	3	837	0.96415770609319	0.992831541218638	0.96415770609319	0.8822800495662949	0.0	807	807	831	712	95	21031920.0	21032877.0	0.9544409801335093	HIGH	AG	GT	CANONICAL	CANONICAL	1158	0	0.0	0	0
GCA_984513515.1	seqoccin.Go.SAMEA118215295_	Capra hircus	Capra hircus	Scaffold	ok	exon_4	4	213	0.9953051643192489	1.0	0.9953051643192489	0.8962264150943396	0.0	212	212	213	190	22	21039881.0	21040821.0	0.9719439277172469	HIGH	AG	GT	CANONICAL	CANONICAL	1141	0	0.0	0	0
GCA_984513515.1	seqoccin.Go.SAMEA118215295_	Capra hircus	Capra hircus	Scaffold	ok	exon_5	5	124	0.9919354838709677	0.9919354838709677	0.9919354838709677	0.9105691056910569	0.0	123	123	123	112	11	21044233.0	21044355.0	0.9740132441646998	HIGH	GA	GC	NONCANONICAL	CANONICAL	323	0	0.0	0	0
GCA_984513515.1	seqoccin.Go.SAMEA118215295_	Capra hircus	Capra hircus	Scaffold	ok	exon_6	6	1115	0.9533632286995516	0.9847533632286996	0.9533632286995516	0.8701787394167451	0.0	1063	1063	1098	925	138	21045179.0	21046243.0	0.9465581377689845	HIGH	AG		CANONICAL	NA	1265	0	0.0	0	0
GCA_984513855.1	seqoccin.Go.SAMEA118215293_	Capra hircus	Capra hircus	Scaffold	ok	exon_1	1	194	0.9432989690721649	0.9690721649484536	0.9432989690721649	0.8469945355191257	0.0	183	183	188	155	28	21045796.0	21045982.0	0.9362331699622557	HIGH		CC	NA	NONCANONICAL	387	0	0.0	0	0
GCA_984513855.1	seqoccin.Go.SAMEA118215293_	Capra hircus	Capra hircus	Scaffold	ok	exon_2	2	304	1.0	1.0	1.0	0.8947368421052632	0.0	304	304	304	272	32	21048632.0	21048936.0	0.9736842105263158	HIGH	AG	GT	CANONICAL	CANONICAL	505	0	0.0	0	0
GCA_984513855.1	seqoccin.Go.SAMEA118215293_	Capra hircus	Capra hircus	Scaffold	ok	exon_3	3	837	0.96415770609319	0.992831541218638	0.96415770609319	0.8822800495662949	0.0	807	807	831	712	95	21051296.0	21052252.0	0.9544409801335093	HIGH	AG	GT	CANONICAL	CANONICAL	1157	0	0.0	0	0
GCA_984513855.1	seqoccin.Go.SAMEA118215293_	Capra hircus	Capra hircus	Scaffold	ok	exon_4	4	213	0.9953051643192489	1.0	0.9953051643192489	0.8962264150943396	0.0	212	212	213	190	22	21059255.0	21060194.0	0.9719439277172469	HIGH	AG	GT	CANONICAL	CANONICAL	1140	0	0.0	0	0
GCA_984513855.1	seqoccin.Go.SAMEA118215293_	Capra hircus	Capra hircus	Scaffold	ok	exon_5	5	124	0.9919354838709677	0.9919354838709677	0.9919354838709677	0.9105691056910569	0.0	123	123	123	112	11	21063597.0	21063719.0	0.9740132441646998	HIGH	GA	GC	NONCANONICAL	CANONICAL	323	0	0.0	0	0
GCA_984513855.1	seqoccin.Go.SAMEA118215293_	Capra hircus	Capra hircus	Scaffold	ok	exon_6	6	1115	0.9533632286995516	0.9847533632286996	0.9533632286995516	0.8692380056444027	0.0	1063	1063	1098	924	139	21064543.0	21065607.0	0.9463229543258989	HIGH	AG		CANONICAL	NA	1265	0	0.0	0	0
GCA_984514235.1	seqoccin.Go.SAMEA118215297_	Ovis aries	Ovis aries	Scaffold	ok	exon_1	1	194	0.9432989690721649	0.9690721649484536	0.9432989690721649	0.8524590163934426	0.0	183	183	188	156	27	25471626.0	25471812.0	0.9375992901808349	HIGH		CC	NA	NONCANONICAL	387	0	0.0	0	0
GCA_984514235.1	seqoccin.Go.SAMEA118215297_	Ovis aries	Ovis aries	Scaffold	ok	exon_2	2	304	0.9967105263157895	1.0	0.9967105263157895	0.8910891089108911	0.0	303	303	304	270	33	25474965.0	25475269.0	0.9712920140698281	HIGH	AG	GT	CANONICAL	CANONICAL	505	0	0.0	0	0
GCA_984514235.1	seqoccin.Go.SAMEA118215297_	Ovis aries	Ovis aries	Scaffold	ok	exon_3	3	837	0.9713261648745519	0.992831541218638	0.9713261648745519	0.8892988929889298	0.0	813	813	831	723	90	25477633.0	25478622.0	0.9594214974407809	HIGH	AG	GT	CANONICAL	CANONICAL	1190	0	0.0	0	0
GCA_984514235.1	seqoccin.Go.SAMEA118215297_	Ovis aries	Ovis aries	Scaffold	ok	exon_4	4	213	0.8732394366197183	0.8779342723004695	0.8732394366197183	0.8978494623655914	0.0	186	186	187	167	19	25486404.0	25486589.0	0.9174201120702711	HIGH			NA	NA	386	0	0.0	0	0
GCA_984514235.1	seqoccin.Go.SAMEA118215297_	Ovis aries	Ovis aries	Scaffold	ok	exon_5	5	124	0.9919354838709677	0.9919354838709677	0.9919354838709677	0.8943089430894309	0.0	123	123	123	110	13	25489937.0	25490059.0	0.9699482035142932	HIGH	GA	GC	NONCANONICAL	CANONICAL	323	0	0.0	0	0
GCA_984514235.1	seqoccin.Go.SAMEA118215297_	Ovis aries	Ovis aries	Scaffold	ok	exon_6	6	1115	0.9524663677130045	0.9847533632286996	0.9524663677130045	0.8709981167608286	0.0	1062	1062	1098	925	137	25490881.0	25491944.0	0.9463593946610592	HIGH	AG		CANONICAL	NA	1264	0	0.0	0	0
GCA_984514435.1	seqoccin.Go.SAMEA118215300_	Ovis aries	Ovis aries	Scaffold	ok	exon_1	1	194	0.9432989690721649	0.9690721649484536	0.9432989690721649	0.8524590163934426	0.0	183	183	188	156	27	21231245.0	21231431.0	0.9375992901808349	HIGH		CC	NA	NONCANONICAL	387	0	0.0	0	0
GCA_984514435.1	seqoccin.Go.SAMEA118215300_	Ovis aries	Ovis aries	Scaffold	ok	exon_2	2	304	0.9967105263157895	1.0	0.9967105263157895	0.8943894389438944	0.0	303	303	304	271	32	21234088.0	21234393.0	0.972117096578079	HIGH	AG	GT	CANONICAL	CANONICAL	506	0	0.0	0	0
GCA_984514435.1	seqoccin.Go.SAMEA118215300_	Ovis aries	Ovis aries	Scaffold	ok	exon_3	3	837	0.9713261648745519	0.992831541218638	0.9713261648745519	0.8880688806888068	0.0	813	813	831	722	91	21236768.0	21237767.0	0.9591139943657501	HIGH	AG	GT	CANONICAL	CANONICAL	1200	0	0.0	0	0
GCA_984514435.1	seqoccin.Go.SAMEA118215300_	Ovis aries	Ovis aries	Scaffold	ok	exon_4	4	213	0.8732394366197183	0.8779342723004695	0.8732394366197183	0.8978494623655914	0.0	186	186	187	167	19	21245522.0	21245707.0	0.9174201120702711	HIGH			NA	NA	386	0	0.0	0	0
GCA_984514435.1	seqoccin.Go.SAMEA118215300_	Ovis aries	Ovis aries	Scaffold	ok	exon_5	5	124	0.9919354838709677	0.9919354838709677	0.9919354838709677	0.8943089430894309	0.0	123	123	123	110	13	21249057.0	21249179.0	0.9699482035142932	HIGH	GA	GC	NONCANONICAL	CANONICAL	323	0	0.0	0	0
GCA_984514435.1	seqoccin.Go.SAMEA118215300_	Ovis aries	Ovis aries	Scaffold	ok	exon_6	6	1115	0.9524663677130045	0.9847533632286996	0.9524663677130045	0.871939736346516	0.0	1062	1062	1098	926	136	21250001.0	21251064.0	0.946594799557481	HIGH	AG		CANONICAL	NA	1264	0	0.0	0	0
GCA_984514685.1	seqoccin.Go.SAMEA118215306_	Ovis aries	Ovis aries	Scaffold	ok	exon_1	1	194	0.9432989690721649	0.9690721649484536	0.9432989690721649	0.8524590163934426	0.0	183	183	188	156	27	21126301.0	21126487.0	0.9375992901808349	HIGH		CC	NA	NONCANONICAL	387	0	0.0	0	0
GCA_984514685.1	seqoccin.Go.SAMEA118215306_	Ovis aries	Ovis aries	Scaffold	ok	exon_2	2	304	1.0	1.0	1.0	0.8947368421052632	0.0	304	304	304	272	32	21129629.0	21129933.0	0.9736842105263158	HIGH	AG	GT	CANONICAL	CANONICAL	505	0	0.0	0	0
GCA_984514685.1	seqoccin.Go.SAMEA118215306_	Ovis aries	Ovis aries	Scaffold	ok	exon_3	3	837	0.9713261648745519	0.992831541218638	0.9713261648745519	0.8868388683886839	0.0	813	813	831	721	92	21132291.0	21133272.0	0.9588064912907194	HIGH	AG	GT	CANONICAL	CANONICAL	1182	0	0.0	0	0
GCA_984514685.1	seqoccin.Go.SAMEA118215306_	Ovis aries	Ovis aries	Scaffold	ok	exon_4	4	213	0.8732394366197183	0.8779342723004695	0.8732394366197183	0.8978494623655914	0.0	186	186	187	167	19	21141029.0	21141214.0	0.9174201120702711	HIGH			NA	NA	386	0	0.0	0	0
GCA_984514685.1	seqoccin.Go.SAMEA118215306_	Ovis aries	Ovis aries	Scaffold	ok	exon_5	5	124	0.9919354838709677	0.9919354838709677	0.9919354838709677	0.8943089430894309	0.0	123	123	123	110	13	21144565.0	21144687.0	0.9699482035142932	HIGH	GA	GC	NONCANONICAL	CANONICAL	323	0	0.0	0	0
GCA_984514685.1	seqoccin.Go.SAMEA118215306_	Ovis aries	Ovis aries	Scaffold	ok	exon_6	6	1115	0.9524663677130045	0.9847533632286996	0.9524663677130045	0.8709981167608286	0.0	1062	1062	1098	925	137	21145509.0	21146572.0	0.9463593946610592	HIGH	AG		CANONICAL	NA	1264	0	0.0	0	0
GCA_984538235.1	seqoccin.Go.SAMEA118215309_	Ovis aries	Ovis aries	Scaffold	ok	exon_1	1	194	0.9432989690721649	0.9690721649484536	0.9432989690721649	0.8524590163934426	0.0	183	183	188	156	27	21156968.0	21157154.0	0.9375992901808349	HIGH		CC	NA	NONCANONICAL	387	0	0.0	0	0
GCA_984538235.1	seqoccin.Go.SAMEA118215309_	Ovis aries	Ovis aries	Scaffold	ok	exon_2	2	304	1.0	1.0	1.0	0.8947368421052632	0.0	304	304	304	272	32	21160305.0	21160609.0	0.9736842105263158	HIGH	AG	GT	CANONICAL	CANONICAL	505	0	0.0	0	0
GCA_984538235.1	seqoccin.Go.SAMEA118215309_	Ovis aries	Ovis aries	Scaffold	ok	exon_3	3	837	0.9713261648745519	0.992831541218638	0.9713261648745519	0.8880688806888068	0.0	813	813	831	722	91	21162968.0	21163922.0	0.9591139943657501	HIGH	AG	GT	CANONICAL	CANONICAL	1155	0	0.0	0	0
GCA_984538235.1	seqoccin.Go.SAMEA118215309_	Ovis aries	Ovis aries	Scaffold	ok	exon_4	4	213	0.8732394366197183	0.8779342723004695	0.8732394366197183	0.8978494623655914	0.0	186	186	187	167	19	21171665.0	21171850.0	0.9174201120702711	HIGH			NA	NA	386	0	0.0	0	0
GCA_984538235.1	seqoccin.Go.SAMEA118215309_	Ovis aries	Ovis aries	Scaffold	ok	exon_5	5	124	0.9919354838709677	0.9919354838709677	0.9919354838709677	0.8943089430894309	0.0	123	123	123	110	13	21175200.0	21175322.0	0.9699482035142932	HIGH	GA	GC	NONCANONICAL	CANONICAL	323	0	0.0	0	0
GCA_984538235.1	seqoccin.Go.SAMEA118215309_	Ovis aries	Ovis aries	Scaffold	ok	exon_6	6	1115	0.9524663677130045	0.9847533632286996	0.9524663677130045	0.871939736346516	0.0	1062	1062	1098	926	136	21176144.0	21177207.0	0.946594799557481	HIGH	AG		CANONICAL	NA	1264	0	0.0	0	0
GCF_000003055.6	Bos_taurus_UMD_3.1.1	Bos taurus	Bos taurus	Chromosome	ok	exon_1	1	194	0.8917525773195877	0.8969072164948454	0.8917525773195877	0.8728323699421965	0.0	173	173	174	151	22	34258727.0	34258899.0	0.9194967522793636	HIGH			NA	NA	373	0	0.0	0	0
GCF_000003055.6	Bos_taurus_UMD_3.1.1	Bos taurus	Bos taurus	Chromosome	ok	exon_2	2	304	1.0	1.0	1.0	0.9046052631578947	0.0	304	304	304	275	29	34261553.0	34261856.0	0.9761513157894737	HIGH	AG	GT	CANONICAL	CANONICAL	504	0	0.0	0	0
GCF_000003055.6	Bos_taurus_UMD_3.1.1	Bos taurus	Bos taurus	Chromosome	ok	exon_3	3	837	0.946236559139785	0.966547192353644	0.946236559139785	0.8825757575757576	0.0	792	792	809	699	93	34264708.0	34265499.0	0.9464503910068427	HIGH	AG	AC	CANONICAL	NONCANONICAL	992	0	0.0	0	0
GCF_000003055.6	Bos_taurus_UMD_3.1.1	Bos taurus	Bos taurus	Chromosome	ok	exon_4	4	213	0.9953051643192489	1.0	0.9953051643192489	0.9056603773584906	0.0	212	212	213	192	20	34272859.0	34273798.0	0.9743024182832847	HIGH	AG	GT	CANONICAL	CANONICAL	1140	0	0.0	0	0
GCF_000003055.6	Bos_taurus_UMD_3.1.1	Bos taurus	Bos taurus	Chromosome	ok	exon_5	5	124	0.9596774193548387	0.9596774193548387	0.9596774193548387	0.8907563025210085	0.0	119	119	119	106	13	34276620.0	34276738.0	0.9545439143399296	HIGH	GA	GT	NONCANONICAL	CANONICAL	319	0	0.0	0	0
GCF_000003055.6	Bos_taurus_UMD_3.1.1	Bos taurus	Bos taurus	Chromosome	ok	exon_6	6	1115	0.9641255605381166	1.0	0.9641255605381166	0.8734883720930232	0.0	1075	1075	1115	939	136	34277564.0	34278639.0	0.9522285952654084	HIGH	AG		CANONICAL	NA	1276	0	0.0	0	0
GCF_000247795.1	Bos_indicus_1.0	Bos indicus	Bos indicus	Chromosome	ok	exon_1	1	194	0.8917525773195877	0.8969072164948454	0.8917525773195877	0.8786127167630058	0.0	173	173	174	152	21	35524877.0	35525049.0	0.9209418389845659	HIGH			NA	NA	373	0	0.0	0	0
GCF_000247795.1	Bos_indicus_1.0	Bos indicus	Bos indicus	Chromosome	ok	exon_2	2	304	1.0	1.0	1.0	0.9046052631578947	0.0	304	304	304	275	29	35527703.0	35528006.0	0.9761513157894737	HIGH	AG	GT	CANONICAL	CANONICAL	504	0	0.0	0	0
GCF_000247795.1	Bos_indicus_1.0	Bos indicus	Bos indicus	Chromosome	ok	exon_3	3	837	0.946236559139785	0.966547192353644	0.9354838709677419	0.8825031928480205	0.0	792	783	809	691	92	35530858.0	35531649.0	0.9464322498249085	HIGH	AG	AC	CANONICAL	NONCANONICAL	992	0	0.0	0	0
GCF_000247795.1	Bos_indicus_1.0	Bos indicus	Bos indicus	Chromosome	ok	exon_4	4	213	0.9953051643192489	1.0	0.9953051643192489	0.9056603773584906	0.0	212	212	213	192	20	35538839.0	35539778.0	0.9743024182832847	HIGH	AG	GT	CANONICAL	CANONICAL	1140	0	0.0	0	0
GCF_000247795.1	Bos_indicus_1.0	Bos indicus	Bos indicus	Chromosome	ok	exon_5	5	124	0.9919354838709677	0.9919354838709677	0.9838709677419355	0.9098360655737705	0.0	123	122	123	111	11	35542601.0	35542723.0	0.9738299841353781	HIGH	GA	GT	NONCANONICAL	CANONICAL	323	0	0.0	0	0
GCF_000247795.1	Bos_indicus_1.0	Bos indicus	Bos indicus	Chromosome	ok	exon_6	6	1115	0.9641255605381166	1.0	0.9623318385650225	0.8760484622553588	0.0	1075	1073	1115	940	133	35543548.0	35544623.0	0.9528686178059922	HIGH	AG		CANONICAL	NA	1276	0	0.0	0	0
GCF_000298355.1	BosGru_v2.0	Bos mutus	Bos mutus	Scaffold	ok	exon_1	1	194	0.8917525773195877	0.8969072164948454	0.8917525773195877	0.8728323699421965	0.0	173	173	174	151	22	146042.0	146214.0	0.9194967522793636	HIGH			NA	NA	373	0	0.0	0	0
GCF_000298355.1	BosGru_v2.0	Bos mutus	Bos mutus	Scaffold	ok	exon_2	2	304	1.0	1.0	1.0	0.8980263157894737	0.0	304	304	304	273	31	148710.0	149013.0	0.9745065789473685	HIGH	AG	GT	CANONICAL	CANONICAL	504	0	0.0	0	0
GCF_000298355.1	BosGru_v2.0	Bos mutus	Bos mutus	Scaffold	ok	exon_3	3	837	0.946236559139785	0.966547192353644	0.946236559139785	0.8762626262626263	0.0	792	792	809	694	98	151865.0	152666.0	0.9448721081785598	HIGH	AG	AC	CANONICAL	NONCANONICAL	1002	0	0.0	0	0
GCF_000298355.1	BosGru_v2.0	Bos mutus	Bos mutus	Scaffold	ok	exon_4	4	213	0.8732394366197183	0.8779342723004695	0.8732394366197183	0.9086021505376344	0.0	186	186	187	169	17	160665.0	160850.0	0.9201082841132818	HIGH			NA	NA	386	0	0.0	0	0
GCF_000298355.1	BosGru_v2.0	Bos mutus	Bos mutus	Scaffold	ok	exon_5	5	124	0.9919354838709677	0.9919354838709677	0.9919354838709677	0.9186991869918699	0.0	123	123	123	113	10	163686.0	163808.0	0.976045764489903	HIGH	GA	GT	NONCANONICAL	CANONICAL	323	0	0.0	0	0
GCF_000298355.1	BosGru_v2.0	Bos mutus	Bos mutus	Scaffold	ok	exon_6	6	1115	0.9641255605381166	1.0	0.9641255605381166	0.8706976744186047	0.0	1075	1075	1115	936	139	164634.0	165709.0	0.9515309208468037	HIGH	AG		CANONICAL	NA	1276	0	0.0	0	0
GCF_000298735.2	Oar_v4.0	Ovis aries	Ovis aries	Chromosome	ok	exon_1	1	194	0.9432989690721649	0.9690721649484536	0.9432989690721649	0.8524590163934426	0.0	183	183	188	156	27	20840880.0	20841066.0	0.9375992901808349	HIGH		CC	NA	NONCANONICAL	387	0	0.0	0	0
GCF_000298735.2	Oar_v4.0	Ovis aries	Ovis aries	Chromosome	ok	exon_2	2	304	1.0	1.0	1.0	0.9013157894736842	0.0	304	304	304	274	30	20843767.0	20844071.0	0.9753289473684211	HIGH	AG	GT	CANONICAL	CANONICAL	505	0	0.0	0	0
GCF_000298735.2	Oar_v4.0	Ovis aries	Ovis aries	Chromosome	ok	exon_3	3	837	0.9689366786140979	0.98805256869773	0.9689366786140979	0.8877928483353884	0.0	811	811	827	720	91	20846471.0	20847441.0	0.9579697174601912	HIGH	AG	GT	CANONICAL	CANONICAL	1171	0	0.0	0	0
GCF_000298735.2	Oar_v4.0	Ovis aries	Ovis aries	Chromosome	ok	exon_4	4	213	0.8732394366197183	0.8779342723004695	0.8732394366197183	0.8978494623655914	0.0	186	186	187	167	19	20855350.0	20855535.0	0.9174201120702711	HIGH			NA	NA	386	0	0.0	0	0
GCF_000298735.2	Oar_v4.0	Ovis aries	Ovis aries	Chromosome	ok	exon_5	5	124	0.9919354838709677	0.9919354838709677	0.9919354838709677	0.8943089430894309	0.0	123	123	123	110	13	20858888.0	20859010.0	0.9699482035142932	HIGH	GA	GC	NONCANONICAL	CANONICAL	323	0	0.0	0	0
GCF_000298735.2	Oar_v4.0	Ovis aries	Ovis aries	Chromosome	ok	exon_6	6	1115	0.9524663677130045	0.9847533632286996	0.9524663677130045	0.8700564971751412	0.0	1062	1062	1098	924	138	20859832.0	20860895.0	0.9461239897646374	HIGH	AG		CANONICAL	NA	1264	0	0.0	0	0
GCF_000400835.1	PHO1.0	Pantholops hodgsonii	Pantholops hodgsonii	Scaffold	ok	exon_1	1	194	0.9432989690721649	0.9690721649484536	0.9432989690721649	0.8579234972677595	0.0	183	183	188	157	26	50706.0	50889.0	0.9389654103994142	HIGH		CC	NA	NONCANONICAL	384	0	0.0	0	0
GCF_000400835.1	PHO1.0	Pantholops hodgsonii	Pantholops hodgsonii	Scaffold	ok	exon_2	2	304	1.0	1.0	1.0	0.8914473684210527	0.0	304	304	304	271	33	53910.0	54214.0	0.9728618421052633	HIGH	AG	GT	CANONICAL	CANONICAL	505	0	0.0	0	0
GCF_000400835.1	PHO1.0	Pantholops hodgsonii	Pantholops hodgsonii	Scaffold	ok	exon_3	3	837	0.973715651135006	0.992831541218638	0.973715651135006	0.8846625766871166	0.0	815	815	831	721	94	56581.0	57536.0	0.9593376871825319	HIGH	AG	GT	CANONICAL	CANONICAL	1156	0	0.0	0	0
GCF_000400835.1	PHO1.0	Pantholops hodgsonii	Pantholops hodgsonii	Scaffold	ok	exon_4	4	213	0.863849765258216	0.8685446009389671	0.863849765258216	0.8804347826086957	0.0	184	184	185	162	22	65300.0	65483.0	0.9088410900183712	HIGH			NA	NA	384	0	0.0	0	0
GCF_000400835.1	PHO1.0	Pantholops hodgsonii	Pantholops hodgsonii	Scaffold	ok	exon_5	5	124	0.9919354838709677	0.9919354838709677	0.9919354838709677	0.9105691056910569	0.0	123	123	123	112	11	69135.0	69257.0	0.9740132441646998	HIGH	GA	GC	NONCANONICAL	CANONICAL	323	0	0.0	0	0
GCF_000400835.1	PHO1.0	Pantholops hodgsonii	Pantholops hodgsonii	Scaffold	ok	exon_6	6	1115	0.9533632286995516	0.9847533632286996	0.9533632286995516	0.8720602069614299	0.0	1063	1063	1098	927	136	70080.0	71144.0	0.9470285046551558	HIGH	AG		CANONICAL	NA	1265	0	0.0	0	0
GCF_000471725.1	UMD_CASPUR_WB_2.0	Bubalus bubalis	Bubalus bubalis	Scaffold	ok	exon_1	1	194	0.0	0.0	0.0	0.0		0	0	0	0	0			0.2	UNRESOLVED			NA	NA	0	0		0	0
GCF_000471725.1	UMD_CASPUR_WB_2.0	Bubalus bubalis	Bubalus bubalis	Scaffold	ok	exon_2	2	304	0.0	0.0	0.0	0.0		0	0	0	0	0			0.2	UNRESOLVED			NA	NA	0	0		0	0
GCF_000471725.1	UMD_CASPUR_WB_2.0	Bubalus bubalis	Bubalus bubalis	Scaffold	ok	exon_3	3	837	0.0	0.0	0.0	0.0		0	0	0	0	0			0.2	UNRESOLVED			NA	NA	0	0		0	0
GCF_000471725.1	UMD_CASPUR_WB_2.0	Bubalus bubalis	Bubalus bubalis	Scaffold	ok	exon_4	4	213	0.9953051643192489	1.0	0.9953051643192489	0.8962264150943396	0.0	212	212	213	190	22	454797.0	455149.0	0.921943927717247	HIGH	AG	GT	CANONICAL	CANONICAL	553	0	0.0	0	0
GCF_000471725.1	UMD_CASPUR_WB_2.0	Bubalus bubalis	Bubalus bubalis	Scaffold	ok	exon_5	5	124	0.9919354838709677	0.9919354838709677	0.9919354838709677	0.9105691056910569	0.0	123	123	123	112	11	451853.0	451975.0	0.9240132441646999	HIGH	GA	GT	NONCANONICAL	CANONICAL	323	0	0.0	0	0
GCF_000471725.1	UMD_CASPUR_WB_2.0	Bubalus bubalis	Bubalus bubalis	Scaffold	ok	exon_6	6	1115	0.9632286995515695	1.0	0.9632286995515695	0.8780260707635009	0.0	1074	1074	1115	943	131	449943.0	451016.0	0.9029594324890816	HIGH	AC		NONCANONICAL	NA	1274	0	0.0	0	0
GCF_000754665.1	Bison_UMD1.0	Bison bison bison	Bison bison	Scaffold	ok	exon_1	1	194	0.8917525773195877	0.8969072164948454	0.8917525773195877	0.8728323699421965	0.0	173	173	174	151	22	13604502.0	13604674.0	0.9194967522793636	HIGH			NA	NA	373	0	0.0	0	0
GCF_000754665.1	Bison_UMD1.0	Bison bison bison	Bison bison	Scaffold	ok	exon_2	2	304	1.0	1.0	1.0	0.9078947368421053	0.0	304	304	304	276	28	13607172.0	13607475.0	0.9769736842105263	HIGH	AG	GT	CANONICAL	CANONICAL	504	0	0.0	0	0
GCF_000754665.1	Bison_UMD1.0	Bison bison bison	Bison bison	Scaffold	ok	exon_3	3	837	0.946236559139785	0.966547192353644	0.946236559139785	0.8787878787878788	0.0	792	792	809	696	96	13610328.0	13611119.0	0.945503421309873	HIGH	AG	AC	CANONICAL	NONCANONICAL	992	0	0.0	0	0
GCF_000754665.1	Bison_UMD1.0	Bison bison bison	Bison bison	Scaffold	ok	exon_4	4	213	0.9953051643192489	1.0	0.9953051643192489	0.9009433962264151	0.0	212	212	213	191	21	13619274.0	13620213.0	0.9731231730002659	HIGH	AG	GT	CANONICAL	CANONICAL	1140	0	0.0	0	0
GCF_000754665.1	Bison_UMD1.0	Bison bison bison	Bison bison	Scaffold	ok	exon_5	5	124	0.9596774193548387	0.9596774193548387	0.9596774193548387	0.8991596638655462	0.0	119	119	119	107	12	13623034.0	13623152.0	0.956644754676064	HIGH	GA	GT	NONCANONICAL	CANONICAL	319	0	0.0	0	0
GCF_000754665.1	Bison_UMD1.0	Bison bison bison	Bison bison	Scaffold	ok	exon_6	6	1115	0.9641255605381166	1.0	0.9641255605381166	0.8753488372093023	0.0	1075	1075	1115	941	134	13623976.0	13625051.0	0.9526937115444781	HIGH	AG		CANONICAL	NA	1276	0	0.0	0	0
GCF_000765115.1	Oori1	Ovis aries musimon	Ovis aries	Scaffold	ok	exon_1	1	194	0.9432989690721649	0.9690721649484536	0.9432989690721649	0.8524590163934426	0.0	183	183	188	156	27	1838541.0	1838727.0	0.9375992901808349	HIGH		CC	NA	NONCANONICAL	387	0	0.0	0	0
GCF_000765115.1	Oori1	Ovis aries musimon	Ovis aries	Scaffold	ok	exon_2	2	304	1.0	1.0	1.0	0.8848684210526315	0.0	304	304	304	269	35	1841381.0	1841685.0	0.971217105263158	HIGH	AG	GT	CANONICAL	CANONICAL	505	0	0.0	0	0
GCF_000765115.1	Oori1	Ovis aries musimon	Ovis aries	Scaffold	ok	exon_3	3	837	0.961768219832736	0.992831541218638	0.961768219832736	0.8869565217391304	0.0	805	805	831	714	91	1844054.0	1845030.0	0.9545348293595138	HIGH	AG	GT	CANONICAL	CANONICAL	1177	0	0.0	0	0
GCF_000765115.1	Oori1	Ovis aries musimon	Ovis aries	Scaffold	ok	exon_4	4	213	0.8732394366197183	0.8779342723004695	0.8732394366197183	0.8978494623655914	0.0	186	186	187	167	19	1852794.0	1852979.0	0.9174201120702711	HIGH			NA	NA	386	0	0.0	0	0
GCF_000765115.1	Oori1	Ovis aries musimon	Ovis aries	Scaffold	ok	exon_5	5	124	0.9919354838709677	0.9919354838709677	0.9919354838709677	0.9024390243902439	0.0	123	123	123	111	12	1856326.0	1856448.0	0.9719807238394965	HIGH	GA	GC	NONCANONICAL	CANONICAL	323	0	0.0	0	0
GCF_000765115.1	Oori1	Ovis aries musimon	Ovis aries	Scaffold	ok	exon_6	6	1115	0.9524663677130045	0.9847533632286996	0.9524663677130045	0.8700564971751412	0.0	1062	1062	1098	924	138	1857270.0	1858333.0	0.9461239897646374	HIGH	AG		CANONICAL	NA	1264	0	0.0	0	0
GCF_001704415.2	ARS1.2	Capra hircus	Capra hircus	Chromosome	ok	exon_1	1	194	0.9432989690721649	0.9690721649484536	0.9432989690721649	0.8469945355191257	0.0	183	183	188	155	28	21029116.0	21029302.0	0.9362331699622557	HIGH		CC	NA	NONCANONICAL	387	0	0.0	0	0
GCF_001704415.2	ARS1.2	Capra hircus	Capra hircus	Chromosome	ok	exon_2	2	304	1.0	1.0	1.0	0.8947368421052632	0.0	304	304	304	272	32	21031953.0	21032257.0	0.9736842105263158	HIGH	AG	GT	CANONICAL	CANONICAL	505	0	0.0	0	0
GCF_001704415.2	ARS1.2	Capra hircus	Capra hircus	Chromosome	ok	exon_3	3	837	0.96415770609319	0.992831541218638	0.96415770609319	0.8822800495662949	0.0	807	807	831	712	95	21034618.0	21035574.0	0.9544409801335093	HIGH	AG	GT	CANONICAL	CANONICAL	1157	0	0.0	0	0
GCF_001704415.2	ARS1.2	Capra hircus	Capra hircus	Chromosome	ok	exon_4	4	213	0.9953051643192489	1.0	0.9953051643192489	0.8962264150943396	0.0	212	212	213	190	22	21042577.0	21043516.0	0.9719439277172469	HIGH	AG	GT	CANONICAL	CANONICAL	1140	0	0.0	0	0
GCF_001704415.2	ARS1.2	Capra hircus	Capra hircus	Chromosome	ok	exon_5	5	124	0.9919354838709677	0.9919354838709677	0.9919354838709677	0.9105691056910569	0.0	123	123	123	112	11	21046929.0	21047051.0	0.9740132441646998	HIGH	GA	GC	NONCANONICAL	CANONICAL	323	0	0.0	0	0
GCF_001704415.2	ARS1.2	Capra hircus	Capra hircus	Chromosome	ok	exon_6	6	1115	0.9533632286995516	0.9847533632286996	0.9533632286995516	0.8701787394167451	0.0	1063	1063	1098	925	138	21047875.0	21048939.0	0.9465581377689845	HIGH	AG		CANONICAL	NA	1265	0	0.0	0	0
GCF_002263795.3	ARS-UCD2.0	Bos taurus	Bos taurus	Chromosome	ok	exon_1	1	194	0.8917525773195877	0.8969072164948454	0.8917525773195877	0.8728323699421965	0.0	173	173	174	151	22	33818779.0	33818951.0	0.9194967522793636	HIGH			NA	NA	373	0	0.0	0	0
GCF_002263795.3	ARS-UCD2.0	Bos taurus	Bos taurus	Chromosome	ok	exon_2	2	304	1.0	1.0	1.0	0.9046052631578947	0.0	304	304	304	275	29	33821605.0	33821908.0	0.9761513157894737	HIGH	AG	GT	CANONICAL	CANONICAL	504	0	0.0	0	0
GCF_002263795.3	ARS-UCD2.0	Bos taurus	Bos taurus	Chromosome	ok	exon_3	3	837	0.946236559139785	0.966547192353644	0.946236559139785	0.8813131313131313	0.0	792	792	809	698	94	33824760.0	33825551.0	0.9461347344411861	HIGH	AG	AC	CANONICAL	NONCANONICAL	992	0	0.0	0	0
GCF_002263795.3	ARS-UCD2.0	Bos taurus	Bos taurus	Chromosome	ok	exon_4	4	213	0.9953051643192489	1.0	0.9953051643192489	0.9056603773584906	0.0	212	212	213	192	20	33832898.0	33833837.0	0.9743024182832847	HIGH	AG	GT	CANONICAL	CANONICAL	1140	0	0.0	0	0
GCF_002263795.3	ARS-UCD2.0	Bos taurus	Bos taurus	Chromosome	ok	exon_5	5	124	0.967741935483871	0.967741935483871	0.967741935483871	0.9083333333333333	0.0	120	120	120	109	11	33836657.0	33836776.0	0.9625672043010753	HIGH	GA	GG	NONCANONICAL	NONCANONICAL	320	0	0.0	0	0
GCF_002263795.3	ARS-UCD2.0	Bos taurus	Bos taurus	Chromosome	ok	exon_6	6	1115	0.9641255605381166	1.0	0.9641255605381166	0.8753488372093023	0.0	1075	1075	1115	941	134	33837603.0	33838678.0	0.9526937115444781	HIGH	AG		CANONICAL	NA	1276	0	0.0	0	0
GCF_002742125.1	Oar_rambouillet_v1.0	Ovis aries	Ovis aries	Chromosome	ok	exon_1	1	194	0.9432989690721649	0.9690721649484536	0.9432989690721649	0.8524590163934426	0.0	183	183	188	156	27	23182141.0	23182327.0	0.9375992901808349	HIGH		CC	NA	NONCANONICAL	387	0	0.0	0	0
GCF_002742125.1	Oar_rambouillet_v1.0	Ovis aries	Ovis aries	Chromosome	ok	exon_2	2	304	1.0	1.0	1.0	0.8947368421052632	0.0	304	304	304	272	32	23185477.0	23185781.0	0.9736842105263158	HIGH	AG	GT	CANONICAL	CANONICAL	505	0	0.0	0	0
GCF_002742125.1	Oar_rambouillet_v1.0	Ovis aries	Ovis aries	Chromosome	ok	exon_3	3	837	0.9713261648745519	0.992831541218638	0.9713261648745519	0.8868388683886839	0.0	813	813	831	721	92	23188141.0	23189143.0	0.9588064912907194	HIGH	AG	GT	CANONICAL	CANONICAL	1203	0	0.0	0	0
GCF_002742125.1	Oar_rambouillet_v1.0	Ovis aries	Ovis aries	Chromosome	ok	exon_4	4	213	0.8732394366197183	0.8779342723004695	0.8732394366197183	0.8978494623655914	0.0	186	186	187	167	19	23196902.0	23197087.0	0.9174201120702711	HIGH			NA	NA	386	0	0.0	0	0
GCF_002742125.1	Oar_rambouillet_v1.0	Ovis aries	Ovis aries	Chromosome	ok	exon_5	5	124	0.9919354838709677	0.9919354838709677	0.9919354838709677	0.9024390243902439	0.0	123	123	123	111	12	23200436.0	23200558.0	0.9719807238394965	HIGH	GA	GC	NONCANONICAL	CANONICAL	323	0	0.0	0	0
GCF_002742125.1	Oar_rambouillet_v1.0	Ovis aries	Ovis aries	Chromosome	ok	exon_6	6	1115	0.9524663677130045	0.9847533632286996	0.9524663677130045	0.8709981167608286	0.0	1062	1062	1098	925	137	23201380.0	23202443.0	0.9463593946610592	HIGH	AG		CANONICAL	NA	1264	0	0.0	0	0
GCF_003369695.1	UOA_Brahman_1	Bos indicus x Bos taurus	Bos indicus x Bos taurus	Chromosome	ok	exon_1	1	194	0.8917525773195877	0.8969072164948454	0.8917525773195877	0.8786127167630058	0.0	173	173	174	152	21	33908728.0	33908900.0	0.9209418389845659	HIGH			NA	NA	373	0	0.0	0	0
GCF_003369695.1	UOA_Brahman_1	Bos indicus x Bos taurus	Bos indicus x Bos taurus	Chromosome	ok	exon_2	2	304	1.0	1.0	1.0	0.9013157894736842	0.0	304	304	304	274	30	33911558.0	33911861.0	0.9753289473684211	HIGH	AG	GT	CANONICAL	CANONICAL	504	0	0.0	0	0
GCF_003369695.1	UOA_Brahman_1	Bos indicus x Bos taurus	Bos indicus x Bos taurus	Chromosome	ok	exon_3	3	837	0.946236559139785	0.966547192353644	0.946236559139785	0.8825757575757576	0.0	792	792	809	699	93	33914713.0	33915504.0	0.9464503910068427	HIGH	AG	AC	CANONICAL	NONCANONICAL	992	0	0.0	0	0
GCF_003369695.1	UOA_Brahman_1	Bos indicus x Bos taurus	Bos indicus x Bos taurus	Chromosome	ok	exon_4	4	213	0.9953051643192489	1.0	0.9953051643192489	0.9056603773584906	0.0	212	212	213	192	20	33922850.0	33923789.0	0.9743024182832847	HIGH	AG	GT	CANONICAL	CANONICAL	1140	0	0.0	0	0
GCF_003369695.1	UOA_Brahman_1	Bos indicus x Bos taurus	Bos indicus x Bos taurus	Chromosome	ok	exon_5	5	124	0.9838709677419355	0.9919354838709677	0.9838709677419355	0.9098360655737705	0.0	122	122	123	111	11	33926615.0	33926736.0	0.9702009518773136	HIGH	GA	GT	NONCANONICAL	CANONICAL	322	0	0.0	0	0
GCF_003369695.1	UOA_Brahman_1	Bos indicus x Bos taurus	Bos indicus x Bos taurus	Chromosome	ok	exon_6	6	1115	0.9641255605381166	1.0	0.9641255605381166	0.8744186046511628	0.0	1075	1075	1115	940	135	33927561.0	33928636.0	0.9524611534049432	HIGH	AG		CANONICAL	NA	1276	0	0.0	0	0
GCF_016772045.2	ARS-UI_Ramb_v3.0	Ovis aries	Ovis aries	Chromosome	ok	exon_1	1	194	0.9432989690721649	0.9690721649484536	0.9432989690721649	0.8524590163934426	0.0	183	183	188	156	27	21046625.0	21046811.0	0.9375992901808349	HIGH		CC	NA	NONCANONICAL	387	0	0.0	0	0
GCF_016772045.2	ARS-UI_Ramb_v3.0	Ovis aries	Ovis aries	Chromosome	ok	exon_2	2	304	1.0	1.0	1.0	0.8947368421052632	0.0	304	304	304	272	32	21049960.0	21050264.0	0.9736842105263158	HIGH	AG	GT	CANONICAL	CANONICAL	505	0	0.0	0	0
GCF_016772045.2	ARS-UI_Ramb_v3.0	Ovis aries	Ovis aries	Chromosome	ok	exon_3	3	837	0.9713261648745519	0.992831541218638	0.9713261648745519	0.8868388683886839	0.0	813	813	831	721	92	21052623.0	21053619.0	0.9588064912907194	HIGH	AG	GT	CANONICAL	CANONICAL	1197	0	0.0	0	0
GCF_016772045.2	ARS-UI_Ramb_v3.0	Ovis aries	Ovis aries	Chromosome	ok	exon_4	4	213	0.8732394366197183	0.8779342723004695	0.8732394366197183	0.8978494623655914	0.0	186	186	187	167	19	21061378.0	21061563.0	0.9174201120702711	HIGH			NA	NA	386	0	0.0	0	0
GCF_016772045.2	ARS-UI_Ramb_v3.0	Ovis aries	Ovis aries	Chromosome	ok	exon_5	5	124	0.9919354838709677	0.9919354838709677	0.9919354838709677	0.9024390243902439	0.0	123	123	123	111	12	21064913.0	21065035.0	0.9719807238394965	HIGH	GA	GC	NONCANONICAL	CANONICAL	323	0	0.0	0	0
GCF_016772045.2	ARS-UI_Ramb_v3.0	Ovis aries	Ovis aries	Chromosome	ok	exon_6	6	1115	0.9524663677130045	0.9847533632286996	0.9524663677130045	0.8700564971751412	0.0	1062	1062	1098	924	138	21065857.0	21066920.0	0.9461239897646374	HIGH	AG		CANONICAL	NA	1264	0	0.0	0	0
GCF_019320065.1	ASM1932006v1	Cervus canadensis	Cervus canadensis	Chromosome	ok	exon_1	1	194	0.9639175257731959	0.9690721649484536	0.9639175257731959	0.8770053475935828	0.0	187	187	188	164	23	45812667.0	45812853.0	0.9363475568296673	HIGH		CC	NA	NONCANONICAL	387	0	0.0	0	0
GCF_019320065.1	ASM1932006v1	Cervus canadensis	Cervus canadensis	Chromosome	ok	exon_2	2	304	0.9703947368421053	0.9967105263157895	0.9703947368421053	0.911864406779661	0.0	295	295	303	269	26	45815518.0	45816634.0	0.947977066607196	HIGH	AG	AG	CANONICAL	NONCANONICAL	1317	0	0.0	0	0
GCF_019320065.1	ASM1932006v1	Cervus canadensis	Cervus canadensis	Chromosome	ok	exon_3	3	837	0.980884109916368	1.0	0.980884109916368	0.8855054811205847	0.0	821	821	837	727	94	45819018.0	45820116.0	0.9461075530758452	HIGH	AG	GT	CANONICAL	CANONICAL	1299	0	0.0	0	0
GCF_019320065.1	ASM1932006v1	Cervus canadensis	Cervus canadensis	Chromosome	ok	exon_4	4	213	0.0	0.0	0.0	0.0		0	0	0	0	0			0.23333333333333334	UNRESOLVED			NA	NA	0	0		0	0
GCF_019320065.1	ASM1932006v1	Cervus canadensis	Cervus canadensis	Chromosome	ok	exon_5	5	124	0.9919354838709677	0.9919354838709677	0.9919354838709677	0.8861788617886179	0.0	123	123	123	109	14	45826728.0	45826850.0	0.9512490165224234	HIGH	GA	GT	NONCANONICAL	CANONICAL	323	0	0.0	0	0
GCF_019320065.1	ASM1932006v1	Cervus canadensis	Cervus canadensis	Chromosome	ok	exon_6	6	1115	0.9551569506726457	1.0	0.9551569506726457	0.8723004694835681	0.0	1065	1065	1115	929	136	45827655.0	45828719.0	0.931229078506916	HIGH	AG		CANONICAL	NA	1265	0	0.0	0	0
GCF_019923925.1	NDDB_DH_1	Bubalus bubalis	Bubalus bubalis	Chromosome	ok	exon_1	1	194	0.0	0.0	0.0	0.0		0	0	0	0	0			0.21666666666666667	UNRESOLVED			NA	NA	0	0		0	0
GCF_019923925.1	NDDB_DH_1	Bubalus bubalis	Bubalus bubalis	Chromosome	ok	exon_2	2	304	0.0	0.0	0.0	0.0		0	0	0	0	0			0.21666666666666667	UNRESOLVED			NA	NA	0	0		0	0
GCF_019923925.1	NDDB_DH_1	Bubalus bubalis	Bubalus bubalis	Chromosome	ok	exon_3	3	837	0.931899641577061	0.966547192353644	0.931899641577061	0.8807692307692307	0.0	780	780	809	687	93	69271247.0	69272026.0	0.9062138130686518	HIGH	AG	AC	CANONICAL	NONCANONICAL	980	0	0.0	0	0
GCF_019923925.1	NDDB_DH_1	Bubalus bubalis	Bubalus bubalis	Chromosome	ok	exon_4	4	213	0.9953051643192489	1.0	0.9953051643192489	0.9009433962264151	0.0	212	212	213	191	21	69257013.0	69257952.0	0.9397898396669325	HIGH	AG	GT	CANONICAL	CANONICAL	1140	0	0.0	0	0
GCF_019923925.1	NDDB_DH_1	Bubalus bubalis	Bubalus bubalis	Chromosome	ok	exon_5	5	124	0.9919354838709677	0.9919354838709677	0.9919354838709677	0.9105691056910569	0.0	123	123	123	112	11	69254071.0	69254193.0	0.9406799108313665	HIGH	GA	GT	NONCANONICAL	CANONICAL	323	0	0.0	0	0
GCF_019923925.1	NDDB_DH_1	Bubalus bubalis	Bubalus bubalis	Chromosome	ok	exon_6	6	1115	0.9632286995515695	1.0	0.9632286995515695	0.8770949720670391	0.0	1074	1074	1115	942	132	69252161.0	69253234.0	0.9193933244816328	HIGH	AC		NONCANONICAL	NA	1274	0	0.0	0	0
GCF_019923935.1	NDDB_SH_1	Bubalus bubalis	Bubalus bubalis	Chromosome	ok	exon_1	1	194	0.0	0.0	0.0	0.0		0	0	0	0	0			0.21666666666666667	UNRESOLVED			NA	NA	0	0		0	0
GCF_019923935.1	NDDB_SH_1	Bubalus bubalis	Bubalus bubalis	Chromosome	ok	exon_2	2	304	0.0	0.0	0.0	0.0		0	0	0	0	0			0.21666666666666667	UNRESOLVED			NA	NA	0	0		0	0
GCF_019923935.1	NDDB_SH_1	Bubalus bubalis	Bubalus bubalis	Chromosome	ok	exon_3	3	837	0.931899641577061	0.966547192353644	0.931899641577061	0.8833333333333333	0.0	780	780	809	689	91	70396816.0	70397595.0	0.9068548387096774	HIGH	AG	AC	CANONICAL	NONCANONICAL	980	0	0.0	0	0
GCF_019923935.1	NDDB_SH_1	Bubalus bubalis	Bubalus bubalis	Chromosome	ok	exon_4	4	213	0.9953051643192489	1.0	0.9953051643192489	0.8962264150943396	0.0	212	212	213	190	22	70382583.0	70383522.0	0.9386105943839136	HIGH	AG	GT	CANONICAL	CANONICAL	1140	0	0.0	0	0
GCF_019923935.1	NDDB_SH_1	Bubalus bubalis	Bubalus bubalis	Chromosome	ok	exon_5	5	124	0.9919354838709677	0.9919354838709677	0.9919354838709677	0.9105691056910569	0.0	123	123	123	112	11	70379640.0	70379762.0	0.9406799108313665	HIGH	GA	GT	NONCANONICAL	CANONICAL	323	0	0.0	0	0
GCF_019923935.1	NDDB_SH_1	Bubalus bubalis	Bubalus bubalis	Chromosome	ok	exon_6	6	1115	0.9632286995515695	1.0	0.9632286995515695	0.8780260707635009	0.0	1074	1074	1115	943	131	70377730.0	70378803.0	0.9196260991557482	HIGH	AC		NONCANONICAL	NA	1274	0	0.0	0	0
GCF_023091745.1	Takin1.1	Budorcas taxicolor	Budorcas taxicolor	Chromosome	ok	exon_1	1	194	0.9432989690721649	0.9690721649484536	0.9432989690721649	0.8524590163934426	0.0	183	183	188	156	27	25404766.0	25404953.0	0.9375992901808349	HIGH		CC	NA	NONCANONICAL	388	0	0.0	0	0
GCF_023091745.1	Takin1.1	Budorcas taxicolor	Budorcas taxicolor	Chromosome	ok	exon_2	2	304	1.0	1.0	1.0	0.8947368421052632	0.0	304	304	304	272	32	25407627.0	25407931.0	0.9736842105263158	HIGH	AG	GT	CANONICAL	CANONICAL	505	0	0.0	0	0
GCF_023091745.1	Takin1.1	Budorcas taxicolor	Budorcas taxicolor	Chromosome	ok	exon_3	3	837	0.972520908004779	0.992831541218638	0.972520908004779	0.8845208845208845	0.0	814	814	831	720	94	25410291.0	25411255.0	0.9587646297323718	HIGH	AG	GT	CANONICAL	CANONICAL	1165	0	0.0	0	0
GCF_023091745.1	Takin1.1	Budorcas taxicolor	Budorcas taxicolor	Chromosome	ok	exon_4	4	213	0.9953051643192489	1.0	0.9953051643192489	0.8820754716981132	0.0	212	212	213	187	25	25418297.0	25419235.0	0.9684061918681903	HIGH	AG	GT	CANONICAL	CANONICAL	1139	0	0.0	0	0
GCF_023091745.1	Takin1.1	Budorcas taxicolor	Budorcas taxicolor	Chromosome	ok	exon_5	5	124	0.9919354838709677	0.9919354838709677	0.9919354838709677	0.8943089430894309	0.0	123	123	123	110	13	25422620.0	25422743.0	0.9699482035142932	HIGH	GA	GC	NONCANONICAL	CANONICAL	324	0	0.0	0	0
GCF_023091745.1	Takin1.1	Budorcas taxicolor	Budorcas taxicolor	Chromosome	ok	exon_6	6	1115	0.9533632286995516	0.9847533632286996	0.9533632286995516	0.8720602069614299	0.0	1063	1063	1098	927	136	25423565.0	25424629.0	0.9470285046551558	HIGH	AG		CANONICAL	NA	1265	0	0.0	0	0
GCF_023699985.2	Ovbor_1.2	Odocoileus virginianus	Odocoileus virginianus	Chromosome	ok	exon_1	1	194	0.979381443298969	0.979381443298969	0.979381443298969	0.868421052631579	0.0	190	190	190	165	25	19641497.0	19641686.0	0.9578269126424308	HIGH		CC	NA	NONCANONICAL	390	0	0.0	0	0
GCF_023699985.2	Ovbor_1.2	Odocoileus virginianus	Odocoileus virginianus	Chromosome	ok	exon_2	2	304	0.9736842105263158	1.0	0.9736842105263158	0.9121621621621622	0.0	296	296	304	270	26	19644317.0	19645432.0	0.9661984352773827	HIGH	AG	GT	CANONICAL	CANONICAL	1316	0	0.0	0	0
GCF_023699985.2	Ovbor_1.2	Odocoileus virginianus	Odocoileus virginianus	Chromosome	ok	exon_3	3	837	0.980884109916368	1.0	0.980884109916368	0.8867235079171741	0.0	821	821	837	728	93	19647812.0	19648910.0	0.9630787264416591	HIGH	AG	GT	CANONICAL	CANONICAL	1299	0	0.0	0	0
GCF_023699985.2	Ovbor_1.2	Odocoileus virginianus	Odocoileus virginianus	Chromosome	ok	exon_4	4	213	0.8732394366197183	0.8779342723004695	0.8732394366197183	0.8817204301075269	0.0	186	186	187	164	22	19656551.0	19656736.0	0.913387854005755	HIGH			NA	NA	386	0	0.0	0	0
GCF_023699985.2	Ovbor_1.2	Odocoileus virginianus	Odocoileus virginianus	Chromosome	ok	exon_5	5	124	0.9919354838709677	0.9919354838709677	0.9919354838709677	0.8861788617886179	0.0	123	123	123	109	14	19659715.0	19659837.0	0.96791568318909	HIGH	GA	GT	NONCANONICAL	CANONICAL	323	0	0.0	0	0
GCF_023699985.2	Ovbor_1.2	Odocoileus virginianus	Odocoileus virginianus	Chromosome	ok	exon_6	6	1115	0.9479820627802691	1.0	0.9479820627802691	0.8732261116367077	0.0	1057	1057	1115	923	134	19660656.0	19661712.0	0.944898456160298	HIGH	AG		CANONICAL	NA	1257	0	0.0	0	0
GCF_027580195.1	NWIPB_WYAK_1.1	Bos mutus	Bos mutus	Chromosome	ok	exon_1	1	194	0.8917525773195877	0.8969072164948454	0.8917525773195877	0.8728323699421965	0.0	173	173	174	151	22	33935654.0	33935826.0	0.9194967522793636	HIGH			NA	NA	373	0	0.0	0	0
GCF_027580195.1	NWIPB_WYAK_1.1	Bos mutus	Bos mutus	Chromosome	ok	exon_2	2	304	1.0	1.0	1.0	0.8980263157894737	0.0	304	304	304	273	31	33938321.0	33938624.0	0.9745065789473685	HIGH	AG	GT	CANONICAL	CANONICAL	504	0	0.0	0	0
GCF_027580195.1	NWIPB_WYAK_1.1	Bos mutus	Bos mutus	Chromosome	ok	exon_3	3	837	0.946236559139785	0.966547192353644	0.946236559139785	0.8762626262626263	0.0	792	792	809	694	98	33941476.0	33942277.0	0.9448721081785598	HIGH	AG	AC	CANONICAL	NONCANONICAL	1002	0	0.0	0	0
GCF_027580195.1	NWIPB_WYAK_1.1	Bos mutus	Bos mutus	Chromosome	ok	exon_4	4	213	0.8732394366197183	0.8779342723004695	0.8732394366197183	0.9086021505376344	0.0	186	186	187	169	17	33950280.0	33950465.0	0.9201082841132818	HIGH			NA	NA	386	0	0.0	0	0
GCF_027580195.1	NWIPB_WYAK_1.1	Bos mutus	Bos mutus	Chromosome	ok	exon_5	5	124	0.9919354838709677	0.9919354838709677	0.9919354838709677	0.9186991869918699	0.0	123	123	123	113	10	33953290.0	33953412.0	0.976045764489903	HIGH	GA	GT	NONCANONICAL	CANONICAL	323	0	0.0	0	0
GCF_027580195.1	NWIPB_WYAK_1.1	Bos mutus	Bos mutus	Chromosome	ok	exon_6	6	1115	0.9641255605381166	1.0	0.9641255605381166	0.8706976744186047	0.0	1075	1075	1115	936	139	33954238.0	33955313.0	0.9515309208468037	HIGH	AG		CANONICAL	NA	1276	0	0.0	0	0
GCF_032405125.1	serow.2	Capricornis sumatraensis	Capricornis sumatraensis	Chromosome	ok	exon_1	1	194	0.9432989690721649	0.9690721649484536	0.9432989690721649	0.8579234972677595	0.0	183	183	188	157	26	21560865.0	21561052.0	0.9389654103994142	HIGH		CC	NA	NONCANONICAL	388	0	0.0	0	0
GCF_032405125.1	serow.2	Capricornis sumatraensis	Capricornis sumatraensis	Chromosome	ok	exon_2	2	304	1.0	1.0	1.0	0.881578947368421	0.0	304	304	304	268	36	21563767.0	21564071.0	0.9703947368421053	HIGH	AG	GT	CANONICAL	CANONICAL	505	0	0.0	0	0
GCF_032405125.1	serow.2	Capricornis sumatraensis	Capricornis sumatraensis	Chromosome	ok	exon_3	3	837	0.967741935483871	0.992831541218638	0.967741935483871	0.8814814814814815	0.0	810	810	831	714	96	21566438.0	21567397.0	0.9558542413381124	HIGH	AG	GT	CANONICAL	CANONICAL	1160	0	0.0	0	0
GCF_032405125.1	serow.2	Capricornis sumatraensis	Capricornis sumatraensis	Chromosome	ok	exon_4	4	213	0.9953051643192489	1.0	0.9953051643192489	0.8820754716981132	0.0	212	212	213	187	25	21574399.0	21575337.0	0.9684061918681903	HIGH	AG	GT	CANONICAL	CANONICAL	1139	0	0.0	0	0
GCF_032405125.1	serow.2	Capricornis sumatraensis	Capricornis sumatraensis	Chromosome	ok	exon_5	5	124	0.9919354838709677	0.9919354838709677	0.9919354838709677	0.9024390243902439	0.0	123	123	123	111	12	21578722.0	21578844.0	0.9719807238394965	HIGH	GA	GC	NONCANONICAL	CANONICAL	323	0	0.0	0	0
GCF_032405125.1	serow.2	Capricornis sumatraensis	Capricornis sumatraensis	Chromosome	ok	exon_6	6	1115	0.9533632286995516	0.9847533632286996	0.9533632286995516	0.8711194731890874	0.0	1063	1063	1098	926	137	21579667.0	21580732.0	0.94679332121207	HIGH	AG		CANONICAL	NA	1266	0	0.0	0	0
GCF_033118175.1	ASM3311817v2	Dama dama	Dama dama	Chromosome	ok	exon_1	1	194	0.979381443298969	0.979381443298969	0.979381443298969	0.8736842105263158	0.0	190	190	190	166	24	33025981.0	33026170.0	0.9591427021161151	HIGH		CC	NA	NONCANONICAL	390	0	0.0	0	0
GCF_033118175.1	ASM3311817v2	Dama dama	Dama dama	Chromosome	ok	exon_2	2	304	0.9736842105263158	1.0	0.9736842105263158	0.9155405405405406	0.0	296	296	304	271	25	33028834.0	33029953.0	0.9670430298719773	HIGH	AG	GT	CANONICAL	CANONICAL	1320	0	0.0	0	0
GCF_033118175.1	ASM3311817v2	Dama dama	Dama dama	Chromosome	ok	exon_3	3	837	0.9796893667861409	1.0	0.9796893667861409	0.8804878048780488	0.0	820	820	837	722	98	33032325.0	33033422.0	0.9609821662732757	HIGH	AG	GT	CANONICAL	CANONICAL	1298	0	0.0	0	0
GCF_033118175.1	ASM3311817v2	Dama dama	Dama dama	Chromosome	ok	exon_4	4	213	0.8732394366197183	0.8779342723004695	0.8732394366197183	0.8763440860215054	0.0	186	186	187	163	23	33039883.0	33040068.0	0.9120437679842496	HIGH			NA	NA	386	0	0.0	0	0
GCF_033118175.1	ASM3311817v2	Dama dama	Dama dama	Chromosome	ok	exon_5	5	124	0.9919354838709677	0.9919354838709677	0.9919354838709677	0.8861788617886179	0.0	123	123	123	109	14	33043084.0	33043206.0	0.96791568318909	HIGH	GA	GT	NONCANONICAL	CANONICAL	323	0	0.0	0	0
GCF_033118175.1	ASM3311817v2	Dama dama	Dama dama	Chromosome	ok	exon_6	6	1115	0.9605381165919282	1.0	0.9605381165919282	0.8683473389355743	0.0	1071	1071	1115	930	141	33044016.0	33045086.0	0.9493289872002613	HIGH	AG		CANONICAL	NA	1271	0	0.0	0	0
GCF_042477335.2	ARS-UI_OviCan_v2	Ovis canadensis	Ovis canadensis	Chromosome	ok	exon_1	1	194	0.9432989690721649	0.9690721649484536	0.9432989690721649	0.8524590163934426	0.0	183	183	188	156	27	31749274.0	31749460.0	0.9375992901808349	HIGH		CC	NA	NONCANONICAL	387	0	0.0	0	0
GCF_042477335.2	ARS-UI_OviCan_v2	Ovis canadensis	Ovis canadensis	Chromosome	ok	exon_2	2	304	0.993421052631579	1.0	0.993421052631579	0.890728476821192	0.0	302	302	304	269	33	31752111.0	31752413.0	0.9697215928895087	HIGH	AG	GT	CANONICAL	CANONICAL	503	0	0.0	0	0
GCF_042477335.2	ARS-UI_OviCan_v2	Ovis canadensis	Ovis canadensis	Chromosome	ok	exon_3	3	837	0.959378733572282	0.98805256869773	0.959378733572282	0.8854296388542964	0.0	803	803	827	711	92	31754763.0	31755725.0	0.9530778398211011	HIGH	AG	GT	CANONICAL	CANONICAL	1163	0	0.0	0	0
GCF_042477335.2	ARS-UI_OviCan_v2	Ovis canadensis	Ovis canadensis	Chromosome	ok	exon_4	4	213	0.8732394366197183	0.8779342723004695	0.8732394366197183	0.8924731182795699	0.0	186	186	187	166	20	31763485.0	31763670.0	0.9160760260487657	HIGH			NA	NA	386	0	0.0	0	0
GCF_042477335.2	ARS-UI_OviCan_v2	Ovis canadensis	Ovis canadensis	Chromosome	ok	exon_5	5	124	0.9919354838709677	0.9919354838709677	0.9919354838709677	0.9024390243902439	0.0	123	123	123	111	12	31767019.0	31767141.0	0.9719807238394965	HIGH	GA	GC	NONCANONICAL	CANONICAL	323	0	0.0	0	0
GCF_042477335.2	ARS-UI_OviCan_v2	Ovis canadensis	Ovis canadensis	Chromosome	ok	exon_6	6	1115	0.9515695067264573	0.9847533632286996	0.9515695067264573	0.8727615457115928	0.0	1061	1061	1098	926	135	31767963.0	31769025.0	0.9463966644548041	HIGH	AG		CANONICAL	NA	1263	0	0.0	0	0
GCF_054371585.1	T2T-mGirTip1v1.2.pri	Giraffa tippelskirchi	Giraffa tippelskirchi	Complete Genome	ok	exon_1	1	194	0.9742268041237113	0.979381443298969	0.9742268041237113	0.8783068783068783	0.0	189	189	190	166	23	101213283.0	101213471.0	0.9579787814323897	HIGH		CC	NA	NONCANONICAL	389	0	0.0	0	0
GCF_054371585.1	T2T-mGirTip1v1.2.pri	Giraffa tippelskirchi	Giraffa tippelskirchi	Complete Genome	ok	exon_2	2	304	0.9967105263157895	1.0	0.9967105263157895	0.9108910891089109	0.0	303	303	304	276	27	101216114.0	101216416.0	0.9762425091193331	HIGH	AG	GT	CANONICAL	CANONICAL	503	0	0.0	0	0
GCF_054371585.1	T2T-mGirTip1v1.2.pri	Giraffa tippelskirchi	Giraffa tippelskirchi	Complete Genome	ok	exon_3	3	837	0.97610513739546	1.0	0.97610513739546	0.8959608323133414	0.0	817	817	837	732	85	101218777.0	101219594.0	0.9632375199062924	HIGH	AG	GT	CANONICAL	CANONICAL	1018	0	0.0	0	0
GCF_054371585.1	T2T-mGirTip1v1.2.pri	Giraffa tippelskirchi	Giraffa tippelskirchi	Complete Genome	ok	exon_4	4	213	0.9953051643192489	1.0	0.9953051643192489	0.8820754716981132	0.0	212	212	213	187	25	101228129.0	101228340.0	0.9684061918681903	HIGH	AG	GT	CANONICAL	CANONICAL	412	0	0.0	0	0
GCF_054371585.1	T2T-mGirTip1v1.2.pri	Giraffa tippelskirchi	Giraffa tippelskirchi	Complete Genome	ok	exon_5	5	124	0.9919354838709677	0.9919354838709677	0.9919354838709677	0.8943089430894309	0.0	123	123	123	110	13	101231693.0	101231815.0	0.9699482035142932	HIGH	GA	GT	NONCANONICAL	CANONICAL	323	0	0.0	0	0
GCF_054371585.1	T2T-mGirTip1v1.2.pri	Giraffa tippelskirchi	Giraffa tippelskirchi	Complete Genome	ok	exon_6	6	1115	0.9955156950672646	1.0	0.9955156950672646	0.8855855855855855	0.0	1110	1110	1115	983	127	101232637.0	101233746.0	0.9693784591766655	HIGH	AG		CANONICAL	NA	1310	0	0.0	0	0
GCF_055505025.1	Bosgru_T2T1.0	Bos grunniens	Bos grunniens	Chromosome	ok	exon_1	1	194	0.8917525773195877	0.8969072164948454	0.8917525773195877	0.8728323699421965	0.0	173	173	174	151	22	34729023.0	34729195.0	0.9194967522793636	HIGH			NA	NA	373	0	0.0	0	0
GCF_055505025.1	Bosgru_T2T1.0	Bos grunniens	Bos grunniens	Chromosome	ok	exon_2	2	304	1.0	1.0	1.0	0.9013157894736842	0.0	304	304	304	274	30	34731691.0	34731994.0	0.9753289473684211	HIGH	AG	GT	CANONICAL	CANONICAL	504	0	0.0	0	0
GCF_055505025.1	Bosgru_T2T1.0	Bos grunniens	Bos grunniens	Chromosome	ok	exon_3	3	837	0.946236559139785	0.966547192353644	0.946236559139785	0.8787878787878788	0.0	792	792	809	696	96	34734848.0	34735649.0	0.945503421309873	HIGH	AG	AC	CANONICAL	NONCANONICAL	1002	0	0.0	0	0
GCF_055505025.1	Bosgru_T2T1.0	Bos grunniens	Bos grunniens	Chromosome	ok	exon_4	4	213	0.8732394366197183	0.8779342723004695	0.8732394366197183	0.9086021505376344	0.0	186	186	187	169	17	34743655.0	34743840.0	0.9201082841132818	HIGH			NA	NA	386	0	0.0	0	0
GCF_055505025.1	Bosgru_T2T1.0	Bos grunniens	Bos grunniens	Chromosome	ok	exon_5	5	124	0.9919354838709677	0.9919354838709677	0.9919354838709677	0.9186991869918699	0.0	123	123	123	113	10	34746665.0	34746787.0	0.976045764489903	HIGH	GA	GT	NONCANONICAL	CANONICAL	323	0	0.0	0	0
GCF_055505025.1	Bosgru_T2T1.0	Bos grunniens	Bos grunniens	Chromosome	ok	exon_6	6	1115	0.9641255605381166	1.0	0.9641255605381166	0.8706976744186047	0.0	1075	1075	1115	936	139	34747613.0	34748688.0	0.9515309208468037	HIGH	AG		CANONICAL	NA	1276	0	0.0	0	0
GCF_910594005.1	mCerEla1.1	Cervus elaphus	Cervus elaphus	Chromosome	ok	exon_1	1	194	0.9690721649484536	0.9690721649484536	0.9690721649484536	0.8829787234042553	0.0	188	188	188	166	22	36106682.0	36106869.0	0.9401604884112014	HIGH		CC	NA	NONCANONICAL	388	0	0.0	0	0
GCF_910594005.1	mCerEla1.1	Cervus elaphus	Cervus elaphus	Chromosome	ok	exon_2	2	304	0.9703947368421053	0.9967105263157895	0.9703947368421053	0.9084745762711864	0.0	295	295	303	268	27	36109545.0	36110661.0	0.9471296089800775	HIGH	AG	AG	CANONICAL	NONCANONICAL	1317	0	0.0	0	0
GCF_910594005.1	mCerEla1.1	Cervus elaphus	Cervus elaphus	Chromosome	ok	exon_3	3	837	0.980884109916368	1.0	0.980884109916368	0.8879415347137637	0.0	821	821	837	729	92	36113045.0	36114143.0	0.9467165664741399	HIGH	AG	GT	CANONICAL	CANONICAL	1299	0	0.0	0	0
GCF_910594005.1	mCerEla1.1	Cervus elaphus	Cervus elaphus	Chromosome	ok	exon_4	4	213	0.0	0.0	0.0	0.0		0	0	0	0	0			0.23333333333333334	UNRESOLVED			NA	NA	0	0		0	0
GCF_910594005.1	mCerEla1.1	Cervus elaphus	Cervus elaphus	Chromosome	ok	exon_5	5	124	0.9919354838709677	0.9919354838709677	0.9919354838709677	0.8943089430894309	0.0	123	123	123	110	13	36120769.0	36120891.0	0.9532815368476266	HIGH	GA	GT	NONCANONICAL	CANONICAL	323	0	0.0	0	0
GCF_910594005.1	mCerEla1.1	Cervus elaphus	Cervus elaphus	Chromosome	ok	exon_6	6	1115	0.9551569506726457	1.0	0.9551569506726457	0.8741784037558685	0.0	1065	1065	1115	931	134	36121698.0	36122762.0	0.9316985620749911	HIGH	AG		CANONICAL	NA	1265	0	0.0	0	0
GCF_963930625.1	mMunRee1.1	Muntiacus reevesi	Muntiacus reevesi	Chromosome	ok	exon_1	1	194	0.9639175257731959	0.9639175257731959	0.9639175257731959	0.8823529411764706	0.0	187	187	187	165	22	31892163.0	31892349.0	0.9543511218920558	HIGH		CC	NA	NONCANONICAL	387	0	0.0	0	0
GCF_963930625.1	mMunRee1.1	Muntiacus reevesi	Muntiacus reevesi	Chromosome	ok	exon_2	2	304	0.9736842105263158	1.0	0.9736842105263158	0.902027027027027	0.0	296	296	304	267	29	31894989.0	31896110.0	0.9636646514935989	HIGH	AG	GT	CANONICAL	CANONICAL	1322	0	0.0	0	0
GCF_963930625.1	mMunRee1.1	Muntiacus reevesi	Muntiacus reevesi	Chromosome	ok	exon_3	3	837	0.980884109916368	1.0	0.980884109916368	0.881851400730816	0.0	821	821	837	724	97	31898486.0	31899585.0	0.9618606996450696	HIGH	AG	GT	CANONICAL	CANONICAL	1300	0	0.0	0	0
GCF_963930625.1	mMunRee1.1	Muntiacus reevesi	Muntiacus reevesi	Chromosome	ok	exon_4	4	213	0.8732394366197183	0.8779342723004695	0.8732394366197183	0.8870967741935484	0.0	186	186	187	165	21	31907026.0	31907211.0	0.9147319400272603	HIGH			NA	NA	386	0	0.0	0	0
GCF_963930625.1	mMunRee1.1	Muntiacus reevesi	Muntiacus reevesi	Chromosome	ok	exon_5	5	124	0.9919354838709677	0.9919354838709677	0.9919354838709677	0.8943089430894309	0.0	123	123	123	110	13	31910201.0	31910323.0	0.9699482035142932	HIGH	GA	GT	NONCANONICAL	CANONICAL	323	0	0.0	0	0
GCF_963930625.1	mMunRee1.1	Muntiacus reevesi	Muntiacus reevesi	Chromosome	ok	exon_6	6	1115	0.9551569506726457	1.0	0.9551569506726457	0.8657276995305164	0.0	1065	1065	1115	922	143	31911139.0	31912203.0	0.9462525526853197	HIGH	AG		CANONICAL	NA	1265	0	0.0	0	0
