event_key	event_type	exon	exon_index	positive_species	positive_species_list	mrca	mrca_callable_support_fraction	positive_species_outside_mrca	parsimony_score	inferred_origins	origin_details	inferred_reversions	chronology_note
potential_splice_acceptor_disruption|ex5|GA	potential_splice_acceptor_disruption	exon_5	5.0	84	Addax nasomaculatus;Alces alces;Ammotragus lervia;Antilocapra americana;Axis porcinus;Beatragus hunteri;Bison bison;Bison bonasus;Bos frontalis;Bos gaurus;Bos grunniens;Bos indicus;Bos javanicus;Bos mutus;Bos taurus;Bubalus bubalis;Bubalus depressicornis;Bubalus kerabau;Budorcas taxicolor;Capra aegagrus;Capra hircus;Capra ibex;Capra nubiana;Capra sibirica;Capreolus capreolus;Capricornis sumatraensis;Cephalophula zebra;Cephalophus harveyi;Cervus albirostris;Cervus canadensis;Cervus elaphus;Cervus hanglu;Cervus nippon;Connochaetes taurinus;Dama dama;Damaliscus lunatus;Elaphurus davidianus;Eudorcas thomsonii;Giraffa camelopardalis;Giraffa tippelskirchi;Hippotragus equinus;Hippotragus niger;Hydropotes inermis;Kobus ellipsiprymnus;Kobus leche;Moschus berezovskii;Moschus chrysogaster;Moschus moschiferus;Muntiacus crinifrons;Muntiacus feae;Muntiacus gongshanensis;Muntiacus muntjak;Muntiacus reevesi;Nanger dama;Neotragus pygmaeus;Odocoileus hemionus;Odocoileus virginianus;Okapia johnstoni;Oreamnos americanus;Oreotragus oreotragus;Oryx dammah;Oryx gazella;Ovis ammon;Ovis aries;Ovis canadensis;Ovis nivicola;Ovis orientalis;Ovis vignei;Pantholops hodgsonii;Procapra przewalskii;Pseudois nayaur;Rangifer tarandus;Redunca redunca;Rucervus eldii;Rupicapra rupicapra;Rusa alfredi;Syncerus caffer;Tragelaphus buxtoni;Tragelaphus eurycerus;Tragelaphus imberbis;Tragelaphus spekii;Tragelaphus strepsiceros;Tragulus javanicus;Tragulus kanchil	Ruminantia	0.9882352941176471	0	1		[]	Neotragus moschatus	Relative phylogenetic chronology only; no absolute age inferred without a dated tree.
premature_stop|ex3|codon433	premature_stop	exon_3	3.0	79	Alcelaphus buselaphus;Alces alces;Ammotragus lervia;Antilocapra americana;Axis porcinus;Beatragus hunteri;Bison bison;Bison bonasus;Bos frontalis;Bos gaurus;Bos grunniens;Bos indicus;Bos javanicus;Bos mutus;Bos taurus;Bubalus bubalis;Bubalus kerabau;Budorcas taxicolor;Capra aegagrus;Capra falconeri;Capra hircus;Capra ibex;Capra nubiana;Capra sibirica;Capreolus capreolus;Capricornis sumatraensis;Cephalophula zebra;Cephalophus harveyi;Cervus albirostris;Cervus canadensis;Cervus elaphus;Cervus hanglu;Cervus nippon;Connochaetes taurinus;Dama dama;Damaliscus lunatus;Elaphurus davidianus;Eudorcas thomsonii;Giraffa camelopardalis;Giraffa tippelskirchi;Hippotragus equinus;Hippotragus niger;Hydropotes inermis;Kobus ellipsiprymnus;Kobus leche;Madoqua kirkii;Moschus berezovskii;Moschus moschiferus;Muntiacus crinifrons;Muntiacus feae;Muntiacus gongshanensis;Muntiacus muntjak;Muntiacus reevesi;Nanger dama;Nanger granti;Neotragus moschatus;Neotragus pygmaeus;Odocoileus hemionus;Odocoileus virginianus;Okapia johnstoni;Oreamnos americanus;Oreotragus oreotragus;Ovis ammon;Ovis aries;Ovis canadensis;Ovis nivicola;Ovis orientalis;Ovis vignei;Pantholops hodgsonii;Procapra przewalskii;Pseudois nayaur;Rangifer tarandus;Raphicerus campestris;Redunca redunca;Rucervus eldii;Rupicapra rupicapra;Rusa alfredi;Saiga tatarica;Syncerus caffer	Pecora	0.9634146341463414	0	1		[]	Addax nasomaculatus | Oryx	Relative phylogenetic chronology only; no absolute age inferred without a dated tree.
premature_stop|ex3|codon430	premature_stop	exon_3	3.0	78	Addax nasomaculatus;Alcelaphus buselaphus;Alces alces;Ammotragus lervia;Axis porcinus;Beatragus hunteri;Bison bison;Bison bonasus;Bos frontalis;Bos gaurus;Bos grunniens;Bos indicus;Bos javanicus;Bos mutus;Bos taurus;Bubalus bubalis;Bubalus kerabau;Budorcas taxicolor;Capra aegagrus;Capra falconeri;Capra hircus;Capra ibex;Capra nubiana;Capra sibirica;Capreolus capreolus;Capricornis sumatraensis;Cephalophula zebra;Cephalophus harveyi;Cervus albirostris;Cervus canadensis;Cervus elaphus;Cervus hanglu;Cervus nippon;Connochaetes taurinus;Dama dama;Damaliscus lunatus;Elaphurus davidianus;Eudorcas thomsonii;Hippotragus equinus;Hippotragus niger;Hydropotes inermis;Kobus ellipsiprymnus;Kobus leche;Madoqua kirkii;Moschus berezovskii;Moschus moschiferus;Muntiacus crinifrons;Muntiacus feae;Muntiacus gongshanensis;Muntiacus muntjak;Muntiacus reevesi;Nanger dama;Nanger granti;Neotragus moschatus;Neotragus pygmaeus;Odocoileus hemionus;Odocoileus virginianus;Oreamnos americanus;Oreotragus oreotragus;Oryx dammah;Oryx gazella;Ovis ammon;Ovis aries;Ovis canadensis;Ovis nivicola;Ovis orientalis;Ovis vignei;Pantholops hodgsonii;Procapra przewalskii;Pseudois nayaur;Rangifer tarandus;Raphicerus campestris;Redunca redunca;Rucervus eldii;Rupicapra rupicapra;Rusa alfredi;Saiga tatarica;Syncerus caffer	Cervidae + (Moschidae + Bovidae)	1.0	0	1	Cervidae + (Moschidae + Bovidae)	"[{""depth"": 3, ""descendants"": [""Muntiacus crinifrons"", ""Muntiacus feae"", ""Muntiacus gongshanensis"", ""Muntiacus muntjak"", ""Muntiacus reevesi"", ""Muntiacus vaginalis"", ""Axis porcinus"", ""Cervus albirostris"", ""Cervus canadensis"", ""Cervus elaphus"", ""Cervus hanglu"", ""Cervus nippon"", ""Dama dama"", ""Megaloceros giganteus"", ""Elaphurus davidianus"", ""Rucervus eldii"", ""Rusa alfredi"", ""Alces alces"", ""Capreolus capreolus"", ""Capreolus pygargus"", ""Hydropotes inermis"", ""Odocoileus hemionus"", ""Odocoileus virginianus"", ""Rangifer tarandus"", ""Moschus berezovskii"", ""Moschus chrysogaster"", ""Moschus moschiferus"", ""Bison bison"", ""Bison bonasus"", ""Bos frontalis"", ""Bos gaurus"", ""Bos grunniens"", ""Bos indicus"", ""Bos javanicus"", ""Bos mutus"", ""Bos taurus"", ""Bubalus bubalis"", ""Bubalus depressicornis"", ""Bubalus kerabau"", ""Syncerus caffer"", ""Pseudoryx nghetinhensis"", ""Tragelaphus buxtoni"", ""Tragelaphus eurycerus"", ""Tragelaphus imberbis"", ""Tragelaphus oryx"", ""Tragelaphus scriptus"", ""Tragelaphus spekii"", ""Tragelaphus strepsiceros"", ""Aepyceros melampus"", ""Alcelaphus buselaphus"", ""Beatragus hunteri"", ""Connochaetes taurinus"", ""Damaliscus lunatus"", ""Addax nasomaculatus"", ""Hippotragus equinus"", ""Hippotragus niger"", ""Oryx dammah"", ""Oryx gazella"", ""Kobus ellipsiprymnus"", ""Kobus leche"", ""Redunca redunca"", ""Cephalophula zebra"", ""Cephalophus harveyi"", ""Philantomba maxwellii"", ""Sylvicapra grimmia"", ""Ammotragus lervia"", ""Budorcas taxicolor"", ""Capra aegagrus"", ""Capra falconeri"", ""Capra hircus"", ""Capra ibex"", ""Capra nubiana"", ""Capra sibirica"", ""Capricornis sumatraensis"", ""Nilgiritragus hylocrius"", ""Oreamnos americanus"", ""Ovibos moschatus"", ""Ovis ammon"", ""Ovis aries"", ""Ovis canadensis"", ""Ovis nivicola"", ""Ovis orientalis"", ""Ovis vignei"", ""Pseudois nayaur"", ""Rupicapra rupicapra"", ""Pantholops hodgsonii"", ""Antidorcas marsupialis"", ""Eudorcas thomsonii"", ""Nanger dama"", ""Nanger granti"", ""Procapra przewalskii"", ""Saiga tatarica"", ""Litocranius walleri"", ""Madoqua kirkii"", ""Neotragus moschatus"", ""Neotragus pygmaeus"", ""Oreotragus oreotragus"", ""Ourebia ourebi"", ""Raphicerus campestris""], ""n_descendants"": 99, ""node"": ""Cervidae + (Moschidae + Bovidae)""}]"		Relative phylogenetic chronology only; no absolute age inferred without a dated tree.
frameshift_deletion|ex6|pos737|len5	frameshift_deletion	exon_6	6.0	68	Addax nasomaculatus;Alces alces;Ammotragus lervia;Beatragus hunteri;Bison bison;Bison bonasus;Bos frontalis;Bos gaurus;Bos grunniens;Bos indicus;Bos javanicus;Bos mutus;Bos taurus;Bubalus bubalis;Bubalus depressicornis;Bubalus kerabau;Budorcas taxicolor;Capra aegagrus;Capra hircus;Capra ibex;Capra nubiana;Capra sibirica;Capreolus capreolus;Capricornis sumatraensis;Cephalophula zebra;Cephalophus harveyi;Connochaetes taurinus;Damaliscus lunatus;Eudorcas thomsonii;Hippotragus equinus;Hippotragus niger;Hydropotes inermis;Kobus ellipsiprymnus;Kobus leche;Moschus berezovskii;Moschus moschiferus;Muntiacus crinifrons;Muntiacus feae;Muntiacus gongshanensis;Muntiacus muntjak;Muntiacus reevesi;Nanger dama;Nanger granti;Neotragus moschatus;Neotragus pygmaeus;Odocoileus hemionus;Odocoileus virginianus;Oreamnos americanus;Oreotragus oreotragus;Oryx dammah;Oryx gazella;Ourebia ourebi;Ovis ammon;Ovis aries;Ovis canadensis;Ovis nivicola;Ovis orientalis;Ovis vignei;Pantholops hodgsonii;Procapra przewalskii;Pseudois nayaur;Rangifer tarandus;Redunca redunca;Rupicapra rupicapra;Syncerus caffer;Tragelaphus oryx;Tragelaphus spekii;Tragelaphus strepsiceros	Cervidae + (Moschidae + Bovidae)	0.8292682926829268	0	4	Cervidae + (Moschidae + Bovidae)	"[{""depth"": 3, ""descendants"": [""Muntiacus crinifrons"", ""Muntiacus feae"", ""Muntiacus gongshanensis"", ""Muntiacus muntjak"", ""Muntiacus reevesi"", ""Muntiacus vaginalis"", ""Axis porcinus"", ""Cervus albirostris"", ""Cervus canadensis"", ""Cervus elaphus"", ""Cervus hanglu"", ""Cervus nippon"", ""Dama dama"", ""Megaloceros giganteus"", ""Elaphurus davidianus"", ""Rucervus eldii"", ""Rusa alfredi"", ""Alces alces"", ""Capreolus capreolus"", ""Capreolus pygargus"", ""Hydropotes inermis"", ""Odocoileus hemionus"", ""Odocoileus virginianus"", ""Rangifer tarandus"", ""Moschus berezovskii"", ""Moschus chrysogaster"", ""Moschus moschiferus"", ""Bison bison"", ""Bison bonasus"", ""Bos frontalis"", ""Bos gaurus"", ""Bos grunniens"", ""Bos indicus"", ""Bos javanicus"", ""Bos mutus"", ""Bos taurus"", ""Bubalus bubalis"", ""Bubalus depressicornis"", ""Bubalus kerabau"", ""Syncerus caffer"", ""Pseudoryx nghetinhensis"", ""Tragelaphus buxtoni"", ""Tragelaphus eurycerus"", ""Tragelaphus imberbis"", ""Tragelaphus oryx"", ""Tragelaphus scriptus"", ""Tragelaphus spekii"", ""Tragelaphus strepsiceros"", ""Aepyceros melampus"", ""Alcelaphus buselaphus"", ""Beatragus hunteri"", ""Connochaetes taurinus"", ""Damaliscus lunatus"", ""Addax nasomaculatus"", ""Hippotragus equinus"", ""Hippotragus niger"", ""Oryx dammah"", ""Oryx gazella"", ""Kobus ellipsiprymnus"", ""Kobus leche"", ""Redunca redunca"", ""Cephalophula zebra"", ""Cephalophus harveyi"", ""Philantomba maxwellii"", ""Sylvicapra grimmia"", ""Ammotragus lervia"", ""Budorcas taxicolor"", ""Capra aegagrus"", ""Capra falconeri"", ""Capra hircus"", ""Capra ibex"", ""Capra nubiana"", ""Capra sibirica"", ""Capricornis sumatraensis"", ""Nilgiritragus hylocrius"", ""Oreamnos americanus"", ""Ovibos moschatus"", ""Ovis ammon"", ""Ovis aries"", ""Ovis canadensis"", ""Ovis nivicola"", ""Ovis orientalis"", ""Ovis vignei"", ""Pseudois nayaur"", ""Rupicapra rupicapra"", ""Pantholops hodgsonii"", ""Antidorcas marsupialis"", ""Eudorcas thomsonii"", ""Nanger dama"", ""Nanger granti"", ""Procapra przewalskii"", ""Saiga tatarica"", ""Litocranius walleri"", ""Madoqua kirkii"", ""Neotragus moschatus"", ""Neotragus pygmaeus"", ""Oreotragus oreotragus"", ""Ourebia ourebi"", ""Raphicerus campestris""], ""n_descendants"": 99, ""node"": ""Cervidae + (Moschidae + Bovidae)""}]"	Cervini | Moschus chrysogaster | Tragelaphus buxtoni | Tragelaphus eurycerus | Tragelaphus imberbis	Relative phylogenetic chronology only; no absolute age inferred without a dated tree.
frameshift_deletion|ex4|pos131|len1	frameshift_deletion	exon_4	4.0	67	Addax nasomaculatus;Alces alces;Ammotragus lervia;Antilocapra americana;Axis porcinus;Beatragus hunteri;Bison bison;Bison bonasus;Bos frontalis;Bos gaurus;Bos grunniens;Bos indicus;Bos javanicus;Bos mutus;Bos taurus;Bubalus bubalis;Bubalus depressicornis;Bubalus kerabau;Budorcas taxicolor;Capra aegagrus;Capra hircus;Capra ibex;Capra nubiana;Capra sibirica;Capreolus capreolus;Capricornis sumatraensis;Cephalophula zebra;Cephalophus harveyi;Connochaetes taurinus;Dama dama;Damaliscus lunatus;Eudorcas thomsonii;Giraffa camelopardalis;Giraffa tippelskirchi;Hippotragus equinus;Hippotragus niger;Hydropotes inermis;Madoqua kirkii;Moschus berezovskii;Moschus chrysogaster;Moschus moschiferus;Muntiacus crinifrons;Muntiacus feae;Muntiacus gongshanensis;Muntiacus reevesi;Nanger dama;Nanger granti;Neotragus moschatus;Odocoileus hemionus;Odocoileus virginianus;Okapia johnstoni;Oreamnos americanus;Oryx dammah;Oryx gazella;Ovis ammon;Ovis aries;Ovis canadensis;Ovis nivicola;Ovis orientalis;Ovis vignei;Pantholops hodgsonii;Procapra przewalskii;Pseudois nayaur;Rangifer tarandus;Raphicerus campestris;Saiga tatarica;Syncerus caffer	Pecora	0.881578947368421	0	5		[]	Muntiacus muntjak | Tragelaphus | Reduncini | Neotragus pygmaeus | Oreotragus oreotragus	Relative phylogenetic chronology only; no absolute age inferred without a dated tree.
frameshift_deletion|ex3|pos167|len7	frameshift_deletion	exon_3	3.0	63	Addax nasomaculatus;Ammotragus lervia;Antilocapra americana;Beatragus hunteri;Bison bison;Bison bonasus;Bos frontalis;Bos gaurus;Bos grunniens;Bos indicus;Bos javanicus;Bos mutus;Bos taurus;Bubalus bubalis;Bubalus kerabau;Budorcas taxicolor;Capra aegagrus;Capra falconeri;Capra hircus;Capra ibex;Capra nubiana;Capra sibirica;Capricornis sumatraensis;Cephalophula zebra;Cephalophus harveyi;Connochaetes taurinus;Damaliscus lunatus;Eudorcas thomsonii;Giraffa camelopardalis;Giraffa tippelskirchi;Hippotragus equinus;Hippotragus niger;Kobus ellipsiprymnus;Kobus leche;Madoqua kirkii;Moschus berezovskii;Moschus moschiferus;Nanger dama;Nanger granti;Neotragus moschatus;Neotragus pygmaeus;Okapia johnstoni;Oreamnos americanus;Oreotragus oreotragus;Oryx dammah;Oryx gazella;Ovis ammon;Ovis aries;Ovis canadensis;Ovis nivicola;Ovis orientalis;Ovis vignei;Pantholops hodgsonii;Procapra przewalskii;Pseudois nayaur;Raphicerus campestris;Rupicapra rupicapra;Syncerus caffer;Tragelaphus eurycerus;Tragelaphus imberbis;Tragelaphus scriptus;Tragelaphus spekii;Tragelaphus strepsiceros	Pecora	0.7325581395348837	0	3		[]	Cervidae | Redunca redunca | Saiga tatarica	Relative phylogenetic chronology only; no absolute age inferred without a dated tree.
inframe_deletion|ex6|pos89|len9	inframe_deletion	exon_6	6.0	57	Addax nasomaculatus;Ammotragus lervia;Beatragus hunteri;Bison bison;Bison bonasus;Bos frontalis;Bos gaurus;Bos grunniens;Bos indicus;Bos javanicus;Bos mutus;Bos taurus;Bubalus bubalis;Bubalus depressicornis;Bubalus kerabau;Budorcas taxicolor;Capra aegagrus;Capra hircus;Capra ibex;Capra nubiana;Capra sibirica;Capricornis sumatraensis;Cephalophula zebra;Cephalophus harveyi;Connochaetes taurinus;Damaliscus lunatus;Eudorcas thomsonii;Hippotragus equinus;Hippotragus niger;Kobus ellipsiprymnus;Kobus leche;Nanger dama;Nanger granti;Neotragus pygmaeus;Oreamnos americanus;Oreotragus oreotragus;Oryx dammah;Oryx gazella;Ourebia ourebi;Ovis ammon;Ovis aries;Ovis canadensis;Ovis nivicola;Ovis orientalis;Ovis vignei;Pantholops hodgsonii;Procapra przewalskii;Pseudois nayaur;Redunca redunca;Rupicapra rupicapra;Syncerus caffer;Tragelaphus buxtoni;Tragelaphus eurycerus;Tragelaphus imberbis;Tragelaphus oryx;Tragelaphus spekii;Tragelaphus strepsiceros	Bovidae	0.9827586206896551	0	2	Bovidae	"[{""depth"": 5, ""descendants"": [""Bison bison"", ""Bison bonasus"", ""Bos frontalis"", ""Bos gaurus"", ""Bos grunniens"", ""Bos indicus"", ""Bos javanicus"", ""Bos mutus"", ""Bos taurus"", ""Bubalus bubalis"", ""Bubalus depressicornis"", ""Bubalus kerabau"", ""Syncerus caffer"", ""Pseudoryx nghetinhensis"", ""Tragelaphus buxtoni"", ""Tragelaphus eurycerus"", ""Tragelaphus imberbis"", ""Tragelaphus oryx"", ""Tragelaphus scriptus"", ""Tragelaphus spekii"", ""Tragelaphus strepsiceros"", ""Aepyceros melampus"", ""Alcelaphus buselaphus"", ""Beatragus hunteri"", ""Connochaetes taurinus"", ""Damaliscus lunatus"", ""Addax nasomaculatus"", ""Hippotragus equinus"", ""Hippotragus niger"", ""Oryx dammah"", ""Oryx gazella"", ""Kobus ellipsiprymnus"", ""Kobus leche"", ""Redunca redunca"", ""Cephalophula zebra"", ""Cephalophus harveyi"", ""Philantomba maxwellii"", ""Sylvicapra grimmia"", ""Ammotragus lervia"", ""Budorcas taxicolor"", ""Capra aegagrus"", ""Capra falconeri"", ""Capra hircus"", ""Capra ibex"", ""Capra nubiana"", ""Capra sibirica"", ""Capricornis sumatraensis"", ""Nilgiritragus hylocrius"", ""Oreamnos americanus"", ""Ovibos moschatus"", ""Ovis ammon"", ""Ovis aries"", ""Ovis canadensis"", ""Ovis nivicola"", ""Ovis orientalis"", ""Ovis vignei"", ""Pseudois nayaur"", ""Rupicapra rupicapra"", ""Pantholops hodgsonii"", ""Antidorcas marsupialis"", ""Eudorcas thomsonii"", ""Nanger dama"", ""Nanger granti"", ""Procapra przewalskii"", ""Saiga tatarica"", ""Litocranius walleri"", ""Madoqua kirkii"", ""Neotragus moschatus"", ""Neotragus pygmaeus"", ""Oreotragus oreotragus"", ""Ourebia ourebi"", ""Raphicerus campestris""], ""n_descendants"": 72, ""node"": ""Bovidae""}]"	Neotragus moschatus	Relative phylogenetic chronology only; no absolute age inferred without a dated tree.
premature_stop|ex3|codon361	premature_stop	exon_3	3.0	57	Addax nasomaculatus;Alcelaphus buselaphus;Ammotragus lervia;Beatragus hunteri;Bison bison;Bison bonasus;Bos frontalis;Bos gaurus;Bos grunniens;Bos indicus;Bos javanicus;Bos mutus;Bos taurus;Budorcas taxicolor;Capra aegagrus;Capra falconeri;Capra hircus;Capra ibex;Capra nubiana;Capra sibirica;Capricornis sumatraensis;Cephalophula zebra;Cephalophus harveyi;Connochaetes taurinus;Damaliscus lunatus;Eudorcas thomsonii;Hippotragus equinus;Hippotragus niger;Kobus ellipsiprymnus;Kobus leche;Madoqua kirkii;Nanger dama;Nanger granti;Neotragus moschatus;Neotragus pygmaeus;Oreamnos americanus;Oryx dammah;Oryx gazella;Ovis ammon;Ovis aries;Ovis canadensis;Ovis nivicola;Ovis orientalis;Ovis vignei;Pantholops hodgsonii;Procapra przewalskii;Raphicerus campestris;Redunca redunca;Rupicapra rupicapra;Saiga tatarica;Syncerus caffer;Tragelaphus buxtoni;Tragelaphus eurycerus;Tragelaphus imberbis;Tragelaphus scriptus;Tragelaphus spekii;Tragelaphus strepsiceros	Bovidae	0.9344262295081968	0	4	Bovidae	"[{""depth"": 5, ""descendants"": [""Bison bison"", ""Bison bonasus"", ""Bos frontalis"", ""Bos gaurus"", ""Bos grunniens"", ""Bos indicus"", ""Bos javanicus"", ""Bos mutus"", ""Bos taurus"", ""Bubalus bubalis"", ""Bubalus depressicornis"", ""Bubalus kerabau"", ""Syncerus caffer"", ""Pseudoryx nghetinhensis"", ""Tragelaphus buxtoni"", ""Tragelaphus eurycerus"", ""Tragelaphus imberbis"", ""Tragelaphus oryx"", ""Tragelaphus scriptus"", ""Tragelaphus spekii"", ""Tragelaphus strepsiceros"", ""Aepyceros melampus"", ""Alcelaphus buselaphus"", ""Beatragus hunteri"", ""Connochaetes taurinus"", ""Damaliscus lunatus"", ""Addax nasomaculatus"", ""Hippotragus equinus"", ""Hippotragus niger"", ""Oryx dammah"", ""Oryx gazella"", ""Kobus ellipsiprymnus"", ""Kobus leche"", ""Redunca redunca"", ""Cephalophula zebra"", ""Cephalophus harveyi"", ""Philantomba maxwellii"", ""Sylvicapra grimmia"", ""Ammotragus lervia"", ""Budorcas taxicolor"", ""Capra aegagrus"", ""Capra falconeri"", ""Capra hircus"", ""Capra ibex"", ""Capra nubiana"", ""Capra sibirica"", ""Capricornis sumatraensis"", ""Nilgiritragus hylocrius"", ""Oreamnos americanus"", ""Ovibos moschatus"", ""Ovis ammon"", ""Ovis aries"", ""Ovis canadensis"", ""Ovis nivicola"", ""Ovis orientalis"", ""Ovis vignei"", ""Pseudois nayaur"", ""Rupicapra rupicapra"", ""Pantholops hodgsonii"", ""Antidorcas marsupialis"", ""Eudorcas thomsonii"", ""Nanger dama"", ""Nanger granti"", ""Procapra przewalskii"", ""Saiga tatarica"", ""Litocranius walleri"", ""Madoqua kirkii"", ""Neotragus moschatus"", ""Neotragus pygmaeus"", ""Oreotragus oreotragus"", ""Ourebia ourebi"", ""Raphicerus campestris""], ""n_descendants"": 72, ""node"": ""Bovidae""}]"	Bubalus | Pseudois nayaur | Oreotragus oreotragus	Relative phylogenetic chronology only; no absolute age inferred without a dated tree.
frameshift_deletion|ex1|pos162|len1	frameshift_deletion	exon_1	1.0	56	Addax nasomaculatus;Ammotragus lervia;Antilocapra americana;Beatragus hunteri;Bison bison;Bos frontalis;Bos gaurus;Bos grunniens;Bos indicus;Bos javanicus;Bos mutus;Bos taurus;Budorcas taxicolor;Capra aegagrus;Capra falconeri;Capra hircus;Capra ibex;Capra nubiana;Capra sibirica;Capricornis sumatraensis;Cephalophula zebra;Cephalophus harveyi;Connochaetes taurinus;Damaliscus lunatus;Giraffa camelopardalis;Giraffa tippelskirchi;Hippotragus equinus;Hippotragus niger;Kobus ellipsiprymnus;Kobus leche;Madoqua kirkii;Moschus berezovskii;Moschus chrysogaster;Moschus moschiferus;Neotragus moschatus;Okapia johnstoni;Oreamnos americanus;Oryx dammah;Oryx gazella;Ovis ammon;Ovis aries;Ovis canadensis;Ovis nivicola;Ovis orientalis;Ovis vignei;Pantholops hodgsonii;Procapra przewalskii;Pseudois nayaur;Raphicerus campestris;Redunca redunca;Rupicapra rupicapra;Tragelaphus eurycerus;Tragelaphus imberbis;Tragelaphus scriptus;Tragelaphus spekii;Tragelaphus strepsiceros	Pecora	0.7272727272727273	0	2	Pecora	"[{""depth"": 1, ""descendants"": [""Antilocapra americana"", ""Giraffa camelopardalis"", ""Giraffa tippelskirchi"", ""Okapia johnstoni"", ""Muntiacus crinifrons"", ""Muntiacus feae"", ""Muntiacus gongshanensis"", ""Muntiacus muntjak"", ""Muntiacus reevesi"", ""Muntiacus vaginalis"", ""Axis porcinus"", ""Cervus albirostris"", ""Cervus canadensis"", ""Cervus elaphus"", ""Cervus hanglu"", ""Cervus nippon"", ""Dama dama"", ""Megaloceros giganteus"", ""Elaphurus davidianus"", ""Rucervus eldii"", ""Rusa alfredi"", ""Alces alces"", ""Capreolus capreolus"", ""Capreolus pygargus"", ""Hydropotes inermis"", ""Odocoileus hemionus"", ""Odocoileus virginianus"", ""Rangifer tarandus"", ""Moschus berezovskii"", ""Moschus chrysogaster"", ""Moschus moschiferus"", ""Bison bison"", ""Bison bonasus"", ""Bos frontalis"", ""Bos gaurus"", ""Bos grunniens"", ""Bos indicus"", ""Bos javanicus"", ""Bos mutus"", ""Bos taurus"", ""Bubalus bubalis"", ""Bubalus depressicornis"", ""Bubalus kerabau"", ""Syncerus caffer"", ""Pseudoryx nghetinhensis"", ""Tragelaphus buxtoni"", ""Tragelaphus eurycerus"", ""Tragelaphus imberbis"", ""Tragelaphus oryx"", ""Tragelaphus scriptus"", ""Tragelaphus spekii"", ""Tragelaphus strepsiceros"", ""Aepyceros melampus"", ""Alcelaphus buselaphus"", ""Beatragus hunteri"", ""Connochaetes taurinus"", ""Damaliscus lunatus"", ""Addax nasomaculatus"", ""Hippotragus equinus"", ""Hippotragus niger"", ""Oryx dammah"", ""Oryx gazella"", ""Kobus ellipsiprymnus"", ""Kobus leche"", ""Redunca redunca"", ""Cephalophula zebra"", ""Cephalophus harveyi"", ""Philantomba maxwellii"", ""Sylvicapra grimmia"", ""Ammotragus lervia"", ""Budorcas taxicolor"", ""Capra aegagrus"", ""Capra falconeri"", ""Capra hircus"", ""Capra ibex"", ""Capra nubiana"", ""Capra sibirica"", ""Capricornis sumatraensis"", ""Nilgiritragus hylocrius"", ""Oreamnos americanus"", ""Ovibos moschatus"", ""Ovis ammon"", ""Ovis aries"", ""Ovis canadensis"", ""Ovis nivicola"", ""Ovis orientalis"", ""Ovis vignei"", ""Pseudois nayaur"", ""Rupicapra rupicapra"", ""Pantholops hodgsonii"", ""Antidorcas marsupialis"", ""Eudorcas thomsonii"", ""Nanger dama"", ""Nanger granti"", ""Procapra przewalskii"", ""Saiga tatarica"", ""Litocranius walleri"", ""Madoqua kirkii"", ""Neotragus moschatus"", ""Neotragus pygmaeus"", ""Oreotragus oreotragus"", ""Ourebia ourebi"", ""Raphicerus campestris""], ""n_descendants"": 103, ""node"": ""Pecora""}]"	Cervidae	Relative phylogenetic chronology only; no absolute age inferred without a dated tree.
premature_stop|ex6|codon722	premature_stop	exon_6	6.0	55	Addax nasomaculatus;Ammotragus lervia;Bison bison;Bison bonasus;Bos frontalis;Bos gaurus;Bos grunniens;Bos indicus;Bos javanicus;Bos mutus;Bos taurus;Bubalus bubalis;Bubalus depressicornis;Bubalus kerabau;Budorcas taxicolor;Capra aegagrus;Capra hircus;Capra ibex;Capra nubiana;Capra sibirica;Capricornis sumatraensis;Cephalophula zebra;Cephalophus harveyi;Eudorcas thomsonii;Hippotragus equinus;Hippotragus niger;Kobus ellipsiprymnus;Kobus leche;Nanger dama;Nanger granti;Neotragus moschatus;Neotragus pygmaeus;Oreamnos americanus;Oreotragus oreotragus;Oryx dammah;Oryx gazella;Ourebia ourebi;Ovis ammon;Ovis aries;Ovis canadensis;Ovis nivicola;Ovis orientalis;Ovis vignei;Pantholops hodgsonii;Procapra przewalskii;Pseudois nayaur;Redunca redunca;Rupicapra rupicapra;Syncerus caffer;Tragelaphus buxtoni;Tragelaphus eurycerus;Tragelaphus imberbis;Tragelaphus oryx;Tragelaphus spekii;Tragelaphus strepsiceros	Bovidae	0.9482758620689655	0	1	Bovinae | Hippotragini | Reduncini | Cephalophini | Caprini | Pantholops hodgsonii | Antilopini | Antilopini sensu lato / small-antelope lineages	"[{""depth"": 6, ""descendants"": [""Bison bison"", ""Bison bonasus"", ""Bos frontalis"", ""Bos gaurus"", ""Bos grunniens"", ""Bos indicus"", ""Bos javanicus"", ""Bos mutus"", ""Bos taurus"", ""Bubalus bubalis"", ""Bubalus depressicornis"", ""Bubalus kerabau"", ""Syncerus caffer"", ""Pseudoryx nghetinhensis"", ""Tragelaphus buxtoni"", ""Tragelaphus eurycerus"", ""Tragelaphus imberbis"", ""Tragelaphus oryx"", ""Tragelaphus scriptus"", ""Tragelaphus spekii"", ""Tragelaphus strepsiceros""], ""n_descendants"": 21, ""node"": ""Bovinae""}, {""depth"": 6, ""descendants"": [""Addax nasomaculatus"", ""Hippotragus equinus"", ""Hippotragus niger"", ""Oryx dammah"", ""Oryx gazella""], ""n_descendants"": 5, ""node"": ""Hippotragini""}, {""depth"": 6, ""descendants"": [""Kobus ellipsiprymnus"", ""Kobus leche"", ""Redunca redunca""], ""n_descendants"": 3, ""node"": ""Reduncini""}, {""depth"": 6, ""descendants"": [""Cephalophula zebra"", ""Cephalophus harveyi"", ""Philantomba maxwellii"", ""Sylvicapra grimmia""], ""n_descendants"": 4, ""node"": ""Cephalophini""}, {""depth"": 6, ""descendants"": [""Ammotragus lervia"", ""Budorcas taxicolor"", ""Capra aegagrus"", ""Capra falconeri"", ""Capra hircus"", ""Capra ibex"", ""Capra nubiana"", ""Capra sibirica"", ""Capricornis sumatraensis"", ""Nilgiritragus hylocrius"", ""Oreamnos americanus"", ""Ovibos moschatus"", ""Ovis ammon"", ""Ovis aries"", ""Ovis canadensis"", ""Ovis nivicola"", ""Ovis orientalis"", ""Ovis vignei"", ""Pseudois nayaur"", ""Rupicapra rupicapra""], ""n_descendants"": 20, ""node"": ""Caprini""}, {""depth"": 6, ""descendants"": [""Pantholops hodgsonii""], ""n_descendants"": 1, ""node"": ""Pantholops hodgsonii""}, {""depth"": 6, ""descendants"": [""Antidorcas marsupialis"", ""Eudorcas thomsonii"", ""Nanger dama"", ""Nanger granti"", ""Procapra przewalskii"", ""Saiga tatarica""], ""n_descendants"": 6, ""node"": ""Antilopini""}, {""depth"": 6, ""descendants"": [""Litocranius walleri"", ""Madoqua kirkii"", ""Neotragus moschatus"", ""Neotragus pygmaeus"", ""Oreotragus oreotragus"", ""Ourebia ourebi"", ""Raphicerus campestris""], ""n_descendants"": 7, ""node"": ""Antilopini sensu lato / small-antelope lineages""}]"		Relative phylogenetic chronology only; no absolute age inferred without a dated tree.
potential_splice_donor_disruption|ex1|CC	potential_splice_donor_disruption	exon_1	1.0	54	Addax nasomaculatus;Ammotragus lervia;Budorcas taxicolor;Capra aegagrus;Capra falconeri;Capra hircus;Capra ibex;Capra nubiana;Capra sibirica;Capricornis sumatraensis;Cephalophus harveyi;Cervus albirostris;Cervus canadensis;Cervus elaphus;Cervus hanglu;Cervus nippon;Dama dama;Elaphurus davidianus;Giraffa camelopardalis;Giraffa tippelskirchi;Hippotragus equinus;Hippotragus niger;Kobus ellipsiprymnus;Kobus leche;Moschus berezovskii;Moschus moschiferus;Muntiacus crinifrons;Muntiacus feae;Muntiacus gongshanensis;Muntiacus muntjak;Muntiacus reevesi;Odocoileus hemionus;Odocoileus virginianus;Okapia johnstoni;Oreamnos americanus;Oryx dammah;Oryx gazella;Ovis ammon;Ovis aries;Ovis canadensis;Ovis nivicola;Ovis orientalis;Ovis vignei;Pantholops hodgsonii;Rangifer tarandus;Redunca redunca;Rucervus eldii;Rupicapra rupicapra;Rusa alfredi;Tragelaphus eurycerus;Tragelaphus imberbis;Tragelaphus scriptus;Tragelaphus spekii;Tragelaphus strepsiceros	remaining Pecora	0.72	0	7	remaining Pecora	"[{""depth"": 2, ""descendants"": [""Giraffa camelopardalis"", ""Giraffa tippelskirchi"", ""Okapia johnstoni"", ""Muntiacus crinifrons"", ""Muntiacus feae"", ""Muntiacus gongshanensis"", ""Muntiacus muntjak"", ""Muntiacus reevesi"", ""Muntiacus vaginalis"", ""Axis porcinus"", ""Cervus albirostris"", ""Cervus canadensis"", ""Cervus elaphus"", ""Cervus hanglu"", ""Cervus nippon"", ""Dama dama"", ""Megaloceros giganteus"", ""Elaphurus davidianus"", ""Rucervus eldii"", ""Rusa alfredi"", ""Alces alces"", ""Capreolus capreolus"", ""Capreolus pygargus"", ""Hydropotes inermis"", ""Odocoileus hemionus"", ""Odocoileus virginianus"", ""Rangifer tarandus"", ""Moschus berezovskii"", ""Moschus chrysogaster"", ""Moschus moschiferus"", ""Bison bison"", ""Bison bonasus"", ""Bos frontalis"", ""Bos gaurus"", ""Bos grunniens"", ""Bos indicus"", ""Bos javanicus"", ""Bos mutus"", ""Bos taurus"", ""Bubalus bubalis"", ""Bubalus depressicornis"", ""Bubalus kerabau"", ""Syncerus caffer"", ""Pseudoryx nghetinhensis"", ""Tragelaphus buxtoni"", ""Tragelaphus eurycerus"", ""Tragelaphus imberbis"", ""Tragelaphus oryx"", ""Tragelaphus scriptus"", ""Tragelaphus spekii"", ""Tragelaphus strepsiceros"", ""Aepyceros melampus"", ""Alcelaphus buselaphus"", ""Beatragus hunteri"", ""Connochaetes taurinus"", ""Damaliscus lunatus"", ""Addax nasomaculatus"", ""Hippotragus equinus"", ""Hippotragus niger"", ""Oryx dammah"", ""Oryx gazella"", ""Kobus ellipsiprymnus"", ""Kobus leche"", ""Redunca redunca"", ""Cephalophula zebra"", ""Cephalophus harveyi"", ""Philantomba maxwellii"", ""Sylvicapra grimmia"", ""Ammotragus lervia"", ""Budorcas taxicolor"", ""Capra aegagrus"", ""Capra falconeri"", ""Capra hircus"", ""Capra ibex"", ""Capra nubiana"", ""Capra sibirica"", ""Capricornis sumatraensis"", ""Nilgiritragus hylocrius"", ""Oreamnos americanus"", ""Ovibos moschatus"", ""Ovis ammon"", ""Ovis aries"", ""Ovis canadensis"", ""Ovis nivicola"", ""Ovis orientalis"", ""Ovis vignei"", ""Pseudois nayaur"", ""Rupicapra rupicapra"", ""Pantholops hodgsonii"", ""Antidorcas marsupialis"", ""Eudorcas thomsonii"", ""Nanger dama"", ""Nanger granti"", ""Procapra przewalskii"", ""Saiga tatarica"", ""Litocranius walleri"", ""Madoqua kirkii"", ""Neotragus moschatus"", ""Neotragus pygmaeus"", ""Oreotragus oreotragus"", ""Ourebia ourebi"", ""Raphicerus campestris""], ""n_descendants"": 102, ""node"": ""remaining Pecora""}]"	Axis porcinus | Alces alces | Capreolini | Bovini | Alcelaphini | Cephalophula zebra | Pseudois nayaur | Antilopini | Antilopini sensu lato / small-antelope lineages	Relative phylogenetic chronology only; no absolute age inferred without a dated tree.
premature_stop|ex5|codon526	premature_stop	exon_5	5.0	42	Addax nasomaculatus;Ammotragus lervia;Beatragus hunteri;Budorcas taxicolor;Capra aegagrus;Capra hircus;Capra ibex;Capra nubiana;Capra sibirica;Capricornis sumatraensis;Cephalophula zebra;Cephalophus harveyi;Connochaetes taurinus;Damaliscus lunatus;Eudorcas thomsonii;Hippotragus equinus;Hippotragus niger;Kobus ellipsiprymnus;Kobus leche;Nanger dama;Neotragus moschatus;Neotragus pygmaeus;Oreamnos americanus;Oreotragus oreotragus;Oryx dammah;Oryx gazella;Ovis ammon;Ovis aries;Ovis canadensis;Ovis nivicola;Ovis orientalis;Ovis vignei;Pantholops hodgsonii;Procapra przewalskii;Pseudois nayaur;Redunca redunca;Rupicapra rupicapra;Tragelaphus buxtoni;Tragelaphus eurycerus;Tragelaphus imberbis;Tragelaphus spekii;Tragelaphus strepsiceros	Bovidae	0.7636363636363637	0	2	Bovidae	"[{""depth"": 5, ""descendants"": [""Bison bison"", ""Bison bonasus"", ""Bos frontalis"", ""Bos gaurus"", ""Bos grunniens"", ""Bos indicus"", ""Bos javanicus"", ""Bos mutus"", ""Bos taurus"", ""Bubalus bubalis"", ""Bubalus depressicornis"", ""Bubalus kerabau"", ""Syncerus caffer"", ""Pseudoryx nghetinhensis"", ""Tragelaphus buxtoni"", ""Tragelaphus eurycerus"", ""Tragelaphus imberbis"", ""Tragelaphus oryx"", ""Tragelaphus scriptus"", ""Tragelaphus spekii"", ""Tragelaphus strepsiceros"", ""Aepyceros melampus"", ""Alcelaphus buselaphus"", ""Beatragus hunteri"", ""Connochaetes taurinus"", ""Damaliscus lunatus"", ""Addax nasomaculatus"", ""Hippotragus equinus"", ""Hippotragus niger"", ""Oryx dammah"", ""Oryx gazella"", ""Kobus ellipsiprymnus"", ""Kobus leche"", ""Redunca redunca"", ""Cephalophula zebra"", ""Cephalophus harveyi"", ""Philantomba maxwellii"", ""Sylvicapra grimmia"", ""Ammotragus lervia"", ""Budorcas taxicolor"", ""Capra aegagrus"", ""Capra falconeri"", ""Capra hircus"", ""Capra ibex"", ""Capra nubiana"", ""Capra sibirica"", ""Capricornis sumatraensis"", ""Nilgiritragus hylocrius"", ""Oreamnos americanus"", ""Ovibos moschatus"", ""Ovis ammon"", ""Ovis aries"", ""Ovis canadensis"", ""Ovis nivicola"", ""Ovis orientalis"", ""Ovis vignei"", ""Pseudois nayaur"", ""Rupicapra rupicapra"", ""Pantholops hodgsonii"", ""Antidorcas marsupialis"", ""Eudorcas thomsonii"", ""Nanger dama"", ""Nanger granti"", ""Procapra przewalskii"", ""Saiga tatarica"", ""Litocranius walleri"", ""Madoqua kirkii"", ""Neotragus moschatus"", ""Neotragus pygmaeus"", ""Oreotragus oreotragus"", ""Ourebia ourebi"", ""Raphicerus campestris""], ""n_descendants"": 72, ""node"": ""Bovidae""}]"	Bovini	Relative phylogenetic chronology only; no absolute age inferred without a dated tree.
inframe_deletion|ex6|pos935|len21	inframe_deletion	exon_6	6.0	38	Alces alces;Axis porcinus;Bison bison;Bison bonasus;Bos frontalis;Bos gaurus;Bos grunniens;Bos indicus;Bos javanicus;Bos mutus;Bos taurus;Bubalus bubalis;Bubalus depressicornis;Bubalus kerabau;Capreolus capreolus;Cervus albirostris;Cervus canadensis;Cervus elaphus;Cervus hanglu;Cervus nippon;Elaphurus davidianus;Hydropotes inermis;Muntiacus crinifrons;Muntiacus feae;Muntiacus gongshanensis;Muntiacus muntjak;Muntiacus reevesi;Odocoileus hemionus;Odocoileus virginianus;Rangifer tarandus;Rucervus eldii;Rusa alfredi;Syncerus caffer;Tragelaphus eurycerus;Tragelaphus imberbis;Tragelaphus oryx;Tragelaphus spekii;Tragelaphus strepsiceros	Cervidae + (Moschidae + Bovidae)	0.4634146341463415	0	4	Cervidae | Bovinae	"[{""depth"": 4, ""descendants"": [""Muntiacus crinifrons"", ""Muntiacus feae"", ""Muntiacus gongshanensis"", ""Muntiacus muntjak"", ""Muntiacus reevesi"", ""Muntiacus vaginalis"", ""Axis porcinus"", ""Cervus albirostris"", ""Cervus canadensis"", ""Cervus elaphus"", ""Cervus hanglu"", ""Cervus nippon"", ""Dama dama"", ""Megaloceros giganteus"", ""Elaphurus davidianus"", ""Rucervus eldii"", ""Rusa alfredi"", ""Alces alces"", ""Capreolus capreolus"", ""Capreolus pygargus"", ""Hydropotes inermis"", ""Odocoileus hemionus"", ""Odocoileus virginianus"", ""Rangifer tarandus""], ""n_descendants"": 24, ""node"": ""Cervidae""}, {""depth"": 6, ""descendants"": [""Bison bison"", ""Bison bonasus"", ""Bos frontalis"", ""Bos gaurus"", ""Bos grunniens"", ""Bos indicus"", ""Bos javanicus"", ""Bos mutus"", ""Bos taurus"", ""Bubalus bubalis"", ""Bubalus depressicornis"", ""Bubalus kerabau"", ""Syncerus caffer"", ""Pseudoryx nghetinhensis"", ""Tragelaphus buxtoni"", ""Tragelaphus eurycerus"", ""Tragelaphus imberbis"", ""Tragelaphus oryx"", ""Tragelaphus scriptus"", ""Tragelaphus spekii"", ""Tragelaphus strepsiceros""], ""n_descendants"": 21, ""node"": ""Bovinae""}]"	Dama + Megaloceros | Tragelaphus buxtoni	Relative phylogenetic chronology only; no absolute age inferred without a dated tree.
inframe_deletion|ex3|pos658|len9	inframe_deletion	exon_3	3.0	37	Addax nasomaculatus;Alcelaphus buselaphus;Ammotragus lervia;Antilocapra americana;Beatragus hunteri;Bison bison;Bison bonasus;Bos frontalis;Bos gaurus;Bos grunniens;Bos indicus;Bos javanicus;Bos mutus;Bos taurus;Bubalus bubalis;Bubalus kerabau;Capricornis sumatraensis;Cephalophula zebra;Cephalophus harveyi;Connochaetes taurinus;Damaliscus lunatus;Eudorcas thomsonii;Hippotragus equinus;Hippotragus niger;Madoqua kirkii;Moschus berezovskii;Moschus moschiferus;Nanger dama;Nanger granti;Neotragus moschatus;Neotragus pygmaeus;Oryx dammah;Oryx gazella;Pantholops hodgsonii;Procapra przewalskii;Saiga tatarica;Syncerus caffer	Pecora	0.45121951219512196	0	5	Antilocapra americana | Moschidae + Bovidae	"[{""depth"": 2, ""descendants"": [""Antilocapra americana""], ""n_descendants"": 1, ""node"": ""Antilocapra americana""}, {""depth"": 4, ""descendants"": [""Moschus berezovskii"", ""Moschus chrysogaster"", ""Moschus moschiferus"", ""Bison bison"", ""Bison bonasus"", ""Bos frontalis"", ""Bos gaurus"", ""Bos grunniens"", ""Bos indicus"", ""Bos javanicus"", ""Bos mutus"", ""Bos taurus"", ""Bubalus bubalis"", ""Bubalus depressicornis"", ""Bubalus kerabau"", ""Syncerus caffer"", ""Pseudoryx nghetinhensis"", ""Tragelaphus buxtoni"", ""Tragelaphus eurycerus"", ""Tragelaphus imberbis"", ""Tragelaphus oryx"", ""Tragelaphus scriptus"", ""Tragelaphus spekii"", ""Tragelaphus strepsiceros"", ""Aepyceros melampus"", ""Alcelaphus buselaphus"", ""Beatragus hunteri"", ""Connochaetes taurinus"", ""Damaliscus lunatus"", ""Addax nasomaculatus"", ""Hippotragus equinus"", ""Hippotragus niger"", ""Oryx dammah"", ""Oryx gazella"", ""Kobus ellipsiprymnus"", ""Kobus leche"", ""Redunca redunca"", ""Cephalophula zebra"", ""Cephalophus harveyi"", ""Philantomba maxwellii"", ""Sylvicapra grimmia"", ""Ammotragus lervia"", ""Budorcas taxicolor"", ""Capra aegagrus"", ""Capra falconeri"", ""Capra hircus"", ""Capra ibex"", ""Capra nubiana"", ""Capra sibirica"", ""Capricornis sumatraensis"", ""Nilgiritragus hylocrius"", ""Oreamnos americanus"", ""Ovibos moschatus"", ""Ovis ammon"", ""Ovis aries"", ""Ovis canadensis"", ""Ovis nivicola"", ""Ovis orientalis"", ""Ovis vignei"", ""Pseudois nayaur"", ""Rupicapra rupicapra"", ""Pantholops hodgsonii"", ""Antidorcas marsupialis"", ""Eudorcas thomsonii"", ""Nanger dama"", ""Nanger granti"", ""Procapra przewalskii"", ""Saiga tatarica"", ""Litocranius walleri"", ""Madoqua kirkii"", ""Neotragus moschatus"", ""Neotragus pygmaeus"", ""Oreotragus oreotragus"", ""Ourebia ourebi"", ""Raphicerus campestris""], ""n_descendants"": 75, ""node"": ""Moschidae + Bovidae""}]"	Reduncini | Budorcas taxicolor | Capra | Oreamnos americanus | Ovis | Pseudois nayaur | Rupicapra rupicapra | Oreotragus oreotragus | Raphicerus campestris	Relative phylogenetic chronology only; no absolute age inferred without a dated tree.
inframe_deletion|ex6|pos939|len21	inframe_deletion	exon_6	6.0	37	Addax nasomaculatus;Beatragus hunteri;Budorcas taxicolor;Capra aegagrus;Capra hircus;Capra ibex;Capra nubiana;Capra sibirica;Capricornis sumatraensis;Cephalophula zebra;Cephalophus harveyi;Connochaetes taurinus;Damaliscus lunatus;Eudorcas thomsonii;Hippotragus equinus;Hippotragus niger;Kobus ellipsiprymnus;Kobus leche;Nanger dama;Nanger granti;Neotragus moschatus;Oreamnos americanus;Oreotragus oreotragus;Oryx dammah;Oryx gazella;Ourebia ourebi;Ovis ammon;Ovis aries;Ovis canadensis;Ovis nivicola;Ovis orientalis;Ovis vignei;Pantholops hodgsonii;Procapra przewalskii;Pseudois nayaur;Redunca redunca;Rupicapra rupicapra	Bovidae	0.6379310344827587	0	3	Alcelaphini | Hippotragini | Reduncini | Cephalophini | Budorcas taxicolor | Capra | Capricornis sumatraensis | Oreamnos americanus | Ovis | Pseudois nayaur | Rupicapra rupicapra | Pantholops hodgsonii | Antilopini | Antilopini sensu lato / small-antelope lineages	"[{""depth"": 6, ""descendants"": [""Alcelaphus buselaphus"", ""Beatragus hunteri"", ""Connochaetes taurinus"", ""Damaliscus lunatus""], ""n_descendants"": 4, ""node"": ""Alcelaphini""}, {""depth"": 6, ""descendants"": [""Addax nasomaculatus"", ""Hippotragus equinus"", ""Hippotragus niger"", ""Oryx dammah"", ""Oryx gazella""], ""n_descendants"": 5, ""node"": ""Hippotragini""}, {""depth"": 6, ""descendants"": [""Kobus ellipsiprymnus"", ""Kobus leche"", ""Redunca redunca""], ""n_descendants"": 3, ""node"": ""Reduncini""}, {""depth"": 6, ""descendants"": [""Cephalophula zebra"", ""Cephalophus harveyi"", ""Philantomba maxwellii"", ""Sylvicapra grimmia""], ""n_descendants"": 4, ""node"": ""Cephalophini""}, {""depth"": 7, ""descendants"": [""Budorcas taxicolor""], ""n_descendants"": 1, ""node"": ""Budorcas taxicolor""}, {""depth"": 7, ""descendants"": [""Capra aegagrus"", ""Capra falconeri"", ""Capra hircus"", ""Capra ibex"", ""Capra nubiana"", ""Capra sibirica""], ""n_descendants"": 6, ""node"": ""Capra""}, {""depth"": 7, ""descendants"": [""Capricornis sumatraensis""], ""n_descendants"": 1, ""node"": ""Capricornis sumatraensis""}, {""depth"": 7, ""descendants"": [""Oreamnos americanus""], ""n_descendants"": 1, ""node"": ""Oreamnos americanus""}, {""depth"": 7, ""descendants"": [""Ovis ammon"", ""Ovis aries"", ""Ovis canadensis"", ""Ovis nivicola"", ""Ovis orientalis"", ""Ovis vignei""], ""n_descendants"": 6, ""node"": ""Ovis""}, {""depth"": 7, ""descendants"": [""Pseudois nayaur""], ""n_descendants"": 1, ""node"": ""Pseudois nayaur""}, {""depth"": 7, ""descendants"": [""Rupicapra rupicapra""], ""n_descendants"": 1, ""node"": ""Rupicapra rupicapra""}, {""depth"": 6, ""descendants"": [""Pantholops hodgsonii""], ""n_descendants"": 1, ""node"": ""Pantholops hodgsonii""}, {""depth"": 6, ""descendants"": [""Antidorcas marsupialis"", ""Eudorcas thomsonii"", ""Nanger dama"", ""Nanger granti"", ""Procapra przewalskii"", ""Saiga tatarica""], ""n_descendants"": 6, ""node"": ""Antilopini""}, {""depth"": 6, ""descendants"": [""Litocranius walleri"", ""Madoqua kirkii"", ""Neotragus moschatus"", ""Neotragus pygmaeus"", ""Oreotragus oreotragus"", ""Ourebia ourebi"", ""Raphicerus campestris""], ""n_descendants"": 7, ""node"": ""Antilopini sensu lato / small-antelope lineages""}]"	Neotragus pygmaeus	Relative phylogenetic chronology only; no absolute age inferred without a dated tree.
frameshift_induced_stop|ex2|codon77	frameshift_induced_stop	exon_2	2.0	34	Addax nasomaculatus;Beatragus hunteri;Bison bison;Bos frontalis;Bos gaurus;Bos indicus;Bos javanicus;Bos taurus;Capra aegagrus;Capra falconeri;Capra hircus;Capra nubiana;Cephalophus harveyi;Connochaetes taurinus;Damaliscus lunatus;Hippotragus equinus;Hippotragus niger;Moschus moschiferus;Oryx gazella;Ovis ammon;Ovis aries;Ovis canadensis;Ovis nivicola;Ovis orientalis;Ovis vignei;Pantholops hodgsonii;Pseudois nayaur;Raphicerus campestris;Redunca redunca;Tragelaphus eurycerus;Tragelaphus imberbis;Tragelaphus scriptus;Tragelaphus spekii;Tragelaphus strepsiceros	Moschidae + Bovidae	0.5862068965517241	0	11	Moschus moschiferus | Bovinae | Beatragus hunteri | Connochaetes taurinus | Damaliscus lunatus | Hippotragini | Redunca redunca | Cephalophus harveyi | Capra aegagrus | Capra falconeri | Capra hircus | Capra nubiana | Ovis | Pseudois nayaur | Pantholops hodgsonii | Raphicerus campestris	"[{""depth"": 6, ""descendants"": [""Moschus moschiferus""], ""n_descendants"": 1, ""node"": ""Moschus moschiferus""}, {""depth"": 6, ""descendants"": [""Bison bison"", ""Bison bonasus"", ""Bos frontalis"", ""Bos gaurus"", ""Bos grunniens"", ""Bos indicus"", ""Bos javanicus"", ""Bos mutus"", ""Bos taurus"", ""Bubalus bubalis"", ""Bubalus depressicornis"", ""Bubalus kerabau"", ""Syncerus caffer"", ""Pseudoryx nghetinhensis"", ""Tragelaphus buxtoni"", ""Tragelaphus eurycerus"", ""Tragelaphus imberbis"", ""Tragelaphus oryx"", ""Tragelaphus scriptus"", ""Tragelaphus spekii"", ""Tragelaphus strepsiceros""], ""n_descendants"": 21, ""node"": ""Bovinae""}, {""depth"": 7, ""descendants"": [""Beatragus hunteri""], ""n_descendants"": 1, ""node"": ""Beatragus hunteri""}, {""depth"": 7, ""descendants"": [""Connochaetes taurinus""], ""n_descendants"": 1, ""node"": ""Connochaetes taurinus""}, {""depth"": 7, ""descendants"": [""Damaliscus lunatus""], ""n_descendants"": 1, ""node"": ""Damaliscus lunatus""}, {""depth"": 6, ""descendants"": [""Addax nasomaculatus"", ""Hippotragus equinus"", ""Hippotragus niger"", ""Oryx dammah"", ""Oryx gazella""], ""n_descendants"": 5, ""node"": ""Hippotragini""}, {""depth"": 7, ""descendants"": [""Redunca redunca""], ""n_descendants"": 1, ""node"": ""Redunca redunca""}, {""depth"": 7, ""descendants"": [""Cephalophus harveyi""], ""n_descendants"": 1, ""node"": ""Cephalophus harveyi""}, {""depth"": 8, ""descendants"": [""Capra aegagrus""], ""n_descendants"": 1, ""node"": ""Capra aegagrus""}, {""depth"": 8, ""descendants"": [""Capra falconeri""], ""n_descendants"": 1, ""node"": ""Capra falconeri""}, {""depth"": 8, ""descendants"": [""Capra hircus""], ""n_descendants"": 1, ""node"": ""Capra hircus""}, {""depth"": 8, ""descendants"": [""Capra nubiana""], ""n_descendants"": 1, ""node"": ""Capra nubiana""}, {""depth"": 7, ""descendants"": [""Ovis ammon"", ""Ovis aries"", ""Ovis canadensis"", ""Ovis nivicola"", ""Ovis orientalis"", ""Ovis vignei""], ""n_descendants"": 6, ""node"": ""Ovis""}, {""depth"": 7, ""descendants"": [""Pseudois nayaur""], ""n_descendants"": 1, ""node"": ""Pseudois nayaur""}, {""depth"": 6, ""descendants"": [""Pantholops hodgsonii""], ""n_descendants"": 1, ""node"": ""Pantholops hodgsonii""}, {""depth"": 7, ""descendants"": [""Raphicerus campestris""], ""n_descendants"": 1, ""node"": ""Raphicerus campestris""}]"	Bison bonasus | Bos grunniens | Bos mutus | Oryx dammah	Relative phylogenetic chronology only; no absolute age inferred without a dated tree.
inframe_deletion|ex3|pos659|len6	inframe_deletion	exon_3	3.0	32	Alces alces;Axis porcinus;Budorcas taxicolor;Capreolus capreolus;Cervus albirostris;Cervus canadensis;Cervus elaphus;Cervus hanglu;Cervus nippon;Dama dama;Elaphurus davidianus;Giraffa camelopardalis;Giraffa tippelskirchi;Hydropotes inermis;Kobus ellipsiprymnus;Kobus leche;Muntiacus crinifrons;Muntiacus feae;Muntiacus gongshanensis;Muntiacus muntjak;Muntiacus reevesi;Odocoileus hemionus;Odocoileus virginianus;Okapia johnstoni;Oreotragus oreotragus;Ovis ammon;Ovis aries;Ovis vignei;Rangifer tarandus;Redunca redunca;Rucervus eldii;Rusa alfredi	remaining Pecora	0.4	0	6	remaining Pecora | Reduncini | Budorcas taxicolor | Ovis ammon | Ovis aries | Ovis vignei | Oreotragus oreotragus	"[{""depth"": 2, ""descendants"": [""Giraffa camelopardalis"", ""Giraffa tippelskirchi"", ""Okapia johnstoni"", ""Muntiacus crinifrons"", ""Muntiacus feae"", ""Muntiacus gongshanensis"", ""Muntiacus muntjak"", ""Muntiacus reevesi"", ""Muntiacus vaginalis"", ""Axis porcinus"", ""Cervus albirostris"", ""Cervus canadensis"", ""Cervus elaphus"", ""Cervus hanglu"", ""Cervus nippon"", ""Dama dama"", ""Megaloceros giganteus"", ""Elaphurus davidianus"", ""Rucervus eldii"", ""Rusa alfredi"", ""Alces alces"", ""Capreolus capreolus"", ""Capreolus pygargus"", ""Hydropotes inermis"", ""Odocoileus hemionus"", ""Odocoileus virginianus"", ""Rangifer tarandus"", ""Moschus berezovskii"", ""Moschus chrysogaster"", ""Moschus moschiferus"", ""Bison bison"", ""Bison bonasus"", ""Bos frontalis"", ""Bos gaurus"", ""Bos grunniens"", ""Bos indicus"", ""Bos javanicus"", ""Bos mutus"", ""Bos taurus"", ""Bubalus bubalis"", ""Bubalus depressicornis"", ""Bubalus kerabau"", ""Syncerus caffer"", ""Pseudoryx nghetinhensis"", ""Tragelaphus buxtoni"", ""Tragelaphus eurycerus"", ""Tragelaphus imberbis"", ""Tragelaphus oryx"", ""Tragelaphus scriptus"", ""Tragelaphus spekii"", ""Tragelaphus strepsiceros"", ""Aepyceros melampus"", ""Alcelaphus buselaphus"", ""Beatragus hunteri"", ""Connochaetes taurinus"", ""Damaliscus lunatus"", ""Addax nasomaculatus"", ""Hippotragus equinus"", ""Hippotragus niger"", ""Oryx dammah"", ""Oryx gazella"", ""Kobus ellipsiprymnus"", ""Kobus leche"", ""Redunca redunca"", ""Cephalophula zebra"", ""Cephalophus harveyi"", ""Philantomba maxwellii"", ""Sylvicapra grimmia"", ""Ammotragus lervia"", ""Budorcas taxicolor"", ""Capra aegagrus"", ""Capra falconeri"", ""Capra hircus"", ""Capra ibex"", ""Capra nubiana"", ""Capra sibirica"", ""Capricornis sumatraensis"", ""Nilgiritragus hylocrius"", ""Oreamnos americanus"", ""Ovibos moschatus"", ""Ovis ammon"", ""Ovis aries"", ""Ovis canadensis"", ""Ovis nivicola"", ""Ovis orientalis"", ""Ovis vignei"", ""Pseudois nayaur"", ""Rupicapra rupicapra"", ""Pantholops hodgsonii"", ""Antidorcas marsupialis"", ""Eudorcas thomsonii"", ""Nanger dama"", ""Nanger granti"", ""Procapra przewalskii"", ""Saiga tatarica"", ""Litocranius walleri"", ""Madoqua kirkii"", ""Neotragus moschatus"", ""Neotragus pygmaeus"", ""Oreotragus oreotragus"", ""Ourebia ourebi"", ""Raphicerus campestris""], ""n_descendants"": 102, ""node"": ""remaining Pecora""}, {""depth"": 6, ""descendants"": [""Kobus ellipsiprymnus"", ""Kobus leche"", ""Redunca redunca""], ""n_descendants"": 3, ""node"": ""Reduncini""}, {""depth"": 7, ""descendants"": [""Budorcas taxicolor""], ""n_descendants"": 1, ""node"": ""Budorcas taxicolor""}, {""depth"": 8, ""descendants"": [""Ovis ammon""], ""n_descendants"": 1, ""node"": ""Ovis ammon""}, {""depth"": 8, ""descendants"": [""Ovis aries""], ""n_descendants"": 1, ""node"": ""Ovis aries""}, {""depth"": 8, ""descendants"": [""Ovis vignei""], ""n_descendants"": 1, ""node"": ""Ovis vignei""}, {""depth"": 7, ""descendants"": [""Oreotragus oreotragus""], ""n_descendants"": 1, ""node"": ""Oreotragus oreotragus""}]"	Moschidae + Bovidae	Relative phylogenetic chronology only; no absolute age inferred without a dated tree.
premature_stop|ex3|codon303	premature_stop	exon_3	3.0	29	Bison bison;Bison bonasus;Bos frontalis;Bos gaurus;Bos grunniens;Bos indicus;Bos javanicus;Bos mutus;Bos taurus;Bubalus bubalis;Bubalus kerabau;Eudorcas thomsonii;Madoqua kirkii;Moschus berezovskii;Nanger dama;Nanger granti;Neotragus moschatus;Neotragus pygmaeus;Oreotragus oreotragus;Procapra przewalskii;Raphicerus campestris;Saiga tatarica;Syncerus caffer;Tragelaphus buxtoni;Tragelaphus eurycerus;Tragelaphus imberbis;Tragelaphus scriptus;Tragelaphus spekii;Tragelaphus strepsiceros	Moschidae + Bovidae	0.46774193548387094	0	2	Moschus berezovskii | Bovinae | Antilopini | Antilopini sensu lato / small-antelope lineages	"[{""depth"": 6, ""descendants"": [""Moschus berezovskii""], ""n_descendants"": 1, ""node"": ""Moschus berezovskii""}, {""depth"": 6, ""descendants"": [""Bison bison"", ""Bison bonasus"", ""Bos frontalis"", ""Bos gaurus"", ""Bos grunniens"", ""Bos indicus"", ""Bos javanicus"", ""Bos mutus"", ""Bos taurus"", ""Bubalus bubalis"", ""Bubalus depressicornis"", ""Bubalus kerabau"", ""Syncerus caffer"", ""Pseudoryx nghetinhensis"", ""Tragelaphus buxtoni"", ""Tragelaphus eurycerus"", ""Tragelaphus imberbis"", ""Tragelaphus oryx"", ""Tragelaphus scriptus"", ""Tragelaphus spekii"", ""Tragelaphus strepsiceros""], ""n_descendants"": 21, ""node"": ""Bovinae""}, {""depth"": 6, ""descendants"": [""Antidorcas marsupialis"", ""Eudorcas thomsonii"", ""Nanger dama"", ""Nanger granti"", ""Procapra przewalskii"", ""Saiga tatarica""], ""n_descendants"": 6, ""node"": ""Antilopini""}, {""depth"": 6, ""descendants"": [""Litocranius walleri"", ""Madoqua kirkii"", ""Neotragus moschatus"", ""Neotragus pygmaeus"", ""Oreotragus oreotragus"", ""Ourebia ourebi"", ""Raphicerus campestris""], ""n_descendants"": 7, ""node"": ""Antilopini sensu lato / small-antelope lineages""}]"		Relative phylogenetic chronology only; no absolute age inferred without a dated tree.
frameshift_deletion|ex1|pos119|len4	frameshift_deletion	exon_1	1.0	28	Addax nasomaculatus;Beatragus hunteri;Budorcas taxicolor;Capra aegagrus;Capra falconeri;Capra hircus;Capra ibex;Capra nubiana;Capra sibirica;Capricornis sumatraensis;Connochaetes taurinus;Damaliscus lunatus;Hippotragus niger;Kobus ellipsiprymnus;Kobus leche;Madoqua kirkii;Neotragus moschatus;Oreamnos americanus;Oryx dammah;Oryx gazella;Ovis aries;Ovis canadensis;Ovis nivicola;Ovis vignei;Pantholops hodgsonii;Pseudois nayaur;Raphicerus campestris;Redunca redunca	Bovidae	0.5714285714285714	0	4	Alcelaphini | Hippotragini | Reduncini | Budorcas taxicolor | Capra | Capricornis sumatraensis | Oreamnos americanus | Ovis aries | Ovis canadensis | Ovis nivicola | Ovis vignei | Pseudois nayaur | Pantholops hodgsonii | Antilopini sensu lato / small-antelope lineages	"[{""depth"": 6, ""descendants"": [""Alcelaphus buselaphus"", ""Beatragus hunteri"", ""Connochaetes taurinus"", ""Damaliscus lunatus""], ""n_descendants"": 4, ""node"": ""Alcelaphini""}, {""depth"": 6, ""descendants"": [""Addax nasomaculatus"", ""Hippotragus equinus"", ""Hippotragus niger"", ""Oryx dammah"", ""Oryx gazella""], ""n_descendants"": 5, ""node"": ""Hippotragini""}, {""depth"": 6, ""descendants"": [""Kobus ellipsiprymnus"", ""Kobus leche"", ""Redunca redunca""], ""n_descendants"": 3, ""node"": ""Reduncini""}, {""depth"": 7, ""descendants"": [""Budorcas taxicolor""], ""n_descendants"": 1, ""node"": ""Budorcas taxicolor""}, {""depth"": 7, ""descendants"": [""Capra aegagrus"", ""Capra falconeri"", ""Capra hircus"", ""Capra ibex"", ""Capra nubiana"", ""Capra sibirica""], ""n_descendants"": 6, ""node"": ""Capra""}, {""depth"": 7, ""descendants"": [""Capricornis sumatraensis""], ""n_descendants"": 1, ""node"": ""Capricornis sumatraensis""}, {""depth"": 7, ""descendants"": [""Oreamnos americanus""], ""n_descendants"": 1, ""node"": ""Oreamnos americanus""}, {""depth"": 8, ""descendants"": [""Ovis aries""], ""n_descendants"": 1, ""node"": ""Ovis aries""}, {""depth"": 8, ""descendants"": [""Ovis canadensis""], ""n_descendants"": 1, ""node"": ""Ovis canadensis""}, {""depth"": 8, ""descendants"": [""Ovis nivicola""], ""n_descendants"": 1, ""node"": ""Ovis nivicola""}, {""depth"": 8, ""descendants"": [""Ovis vignei""], ""n_descendants"": 1, ""node"": ""Ovis vignei""}, {""depth"": 7, ""descendants"": [""Pseudois nayaur""], ""n_descendants"": 1, ""node"": ""Pseudois nayaur""}, {""depth"": 6, ""descendants"": [""Pantholops hodgsonii""], ""n_descendants"": 1, ""node"": ""Pantholops hodgsonii""}, {""depth"": 6, ""descendants"": [""Litocranius walleri"", ""Madoqua kirkii"", ""Neotragus moschatus"", ""Neotragus pygmaeus"", ""Oreotragus oreotragus"", ""Ourebia ourebi"", ""Raphicerus campestris""], ""n_descendants"": 7, ""node"": ""Antilopini sensu lato / small-antelope lineages""}]"	Hippotragus equinus	Relative phylogenetic chronology only; no absolute age inferred without a dated tree.
frameshift_insertion|ex6|pos338|len2	frameshift_insertion	exon_6	6.0	27	Addax nasomaculatus;Ammotragus lervia;Budorcas taxicolor;Capra aegagrus;Capra hircus;Capra ibex;Capra nubiana;Capra sibirica;Capricornis sumatraensis;Hippotragus equinus;Hippotragus niger;Kobus ellipsiprymnus;Kobus leche;Neotragus moschatus;Oreamnos americanus;Oryx dammah;Oryx gazella;Ovis ammon;Ovis aries;Ovis canadensis;Ovis nivicola;Ovis orientalis;Ovis vignei;Pantholops hodgsonii;Pseudois nayaur;Redunca redunca;Rupicapra rupicapra	Bovidae	0.46551724137931033	0	2	Hippotragini | Reduncini | Caprini | Pantholops hodgsonii | Neotragus moschatus	"[{""depth"": 6, ""descendants"": [""Addax nasomaculatus"", ""Hippotragus equinus"", ""Hippotragus niger"", ""Oryx dammah"", ""Oryx gazella""], ""n_descendants"": 5, ""node"": ""Hippotragini""}, {""depth"": 6, ""descendants"": [""Kobus ellipsiprymnus"", ""Kobus leche"", ""Redunca redunca""], ""n_descendants"": 3, ""node"": ""Reduncini""}, {""depth"": 6, ""descendants"": [""Ammotragus lervia"", ""Budorcas taxicolor"", ""Capra aegagrus"", ""Capra falconeri"", ""Capra hircus"", ""Capra ibex"", ""Capra nubiana"", ""Capra sibirica"", ""Capricornis sumatraensis"", ""Nilgiritragus hylocrius"", ""Oreamnos americanus"", ""Ovibos moschatus"", ""Ovis ammon"", ""Ovis aries"", ""Ovis canadensis"", ""Ovis nivicola"", ""Ovis orientalis"", ""Ovis vignei"", ""Pseudois nayaur"", ""Rupicapra rupicapra""], ""n_descendants"": 20, ""node"": ""Caprini""}, {""depth"": 6, ""descendants"": [""Pantholops hodgsonii""], ""n_descendants"": 1, ""node"": ""Pantholops hodgsonii""}, {""depth"": 8, ""descendants"": [""Neotragus moschatus""], ""n_descendants"": 1, ""node"": ""Neotragus moschatus""}]"		Relative phylogenetic chronology only; no absolute age inferred without a dated tree.
premature_stop|ex3|codon374	premature_stop	exon_3	3.0	27	Alces alces;Antilocapra americana;Axis porcinus;Capreolus capreolus;Cervus albirostris;Cervus canadensis;Cervus elaphus;Cervus hanglu;Cervus nippon;Dama dama;Elaphurus davidianus;Giraffa camelopardalis;Giraffa tippelskirchi;Hydropotes inermis;Muntiacus crinifrons;Muntiacus feae;Muntiacus gongshanensis;Muntiacus muntjak;Muntiacus reevesi;Nanger dama;Odocoileus hemionus;Odocoileus virginianus;Okapia johnstoni;Rangifer tarandus;Rucervus eldii;Rusa alfredi;Saiga tatarica	Pecora	0.3333333333333333	0	3	Nanger dama | Saiga tatarica	"[{""depth"": 8, ""descendants"": [""Nanger dama""], ""n_descendants"": 1, ""node"": ""Nanger dama""}, {""depth"": 7, ""descendants"": [""Saiga tatarica""], ""n_descendants"": 1, ""node"": ""Saiga tatarica""}]"	Moschidae + Bovidae	Relative phylogenetic chronology only; no absolute age inferred without a dated tree.
frameshift_induced_stop|ex4|codon496	frameshift_induced_stop	exon_4	4.0	26	Addax nasomaculatus;Axis porcinus;Beatragus hunteri;Bison bison;Bos frontalis;Bos gaurus;Bos indicus;Bos javanicus;Bos taurus;Bubalus depressicornis;Capra aegagrus;Capra hircus;Capra nubiana;Capreolus capreolus;Cephalophula zebra;Damaliscus lunatus;Eudorcas thomsonii;Hydropotes inermis;Madoqua kirkii;Muntiacus crinifrons;Muntiacus gongshanensis;Neotragus pygmaeus;Oryx dammah;Ovis vignei;Rangifer tarandus;Tragelaphus scriptus	Cervidae + (Moschidae + Bovidae)	0.36619718309859156	0	17	Muntiacus crinifrons | Muntiacus gongshanensis | Axis porcinus | Capreolini | Rangifer tarandus | Bison bison | Bos frontalis | Bos gaurus | Bos indicus | Bos javanicus | Bos taurus | Bubalus depressicornis | Tragelaphus scriptus | Beatragus hunteri | Damaliscus lunatus | Addax nasomaculatus | Oryx dammah | Cephalophula zebra | Capra aegagrus | Capra hircus | Capra nubiana | Ovis vignei | Eudorcas thomsonii | Madoqua kirkii | Neotragus pygmaeus	"[{""depth"": 7, ""descendants"": [""Muntiacus crinifrons""], ""n_descendants"": 1, ""node"": ""Muntiacus crinifrons""}, {""depth"": 7, ""descendants"": [""Muntiacus gongshanensis""], ""n_descendants"": 1, ""node"": ""Muntiacus gongshanensis""}, {""depth"": 7, ""descendants"": [""Axis porcinus""], ""n_descendants"": 1, ""node"": ""Axis porcinus""}, {""depth"": 6, ""descendants"": [""Capreolus capreolus"", ""Capreolus pygargus"", ""Hydropotes inermis""], ""n_descendants"": 3, ""node"": ""Capreolini""}, {""depth"": 7, ""descendants"": [""Rangifer tarandus""], ""n_descendants"": 1, ""node"": ""Rangifer tarandus""}, {""depth"": 9, ""descendants"": [""Bison bison""], ""n_descendants"": 1, ""node"": ""Bison bison""}, {""depth"": 9, ""descendants"": [""Bos frontalis""], ""n_descendants"": 1, ""node"": ""Bos frontalis""}, {""depth"": 9, ""descendants"": [""Bos gaurus""], ""n_descendants"": 1, ""node"": ""Bos gaurus""}, {""depth"": 9, ""descendants"": [""Bos indicus""], ""n_descendants"": 1, ""node"": ""Bos indicus""}, {""depth"": 9, ""descendants"": [""Bos javanicus""], ""n_descendants"": 1, ""node"": ""Bos javanicus""}, {""depth"": 9, ""descendants"": [""Bos taurus""], ""n_descendants"": 1, ""node"": ""Bos taurus""}, {""depth"": 9, ""descendants"": [""Bubalus depressicornis""], ""n_descendants"": 1, ""node"": ""Bubalus depressicornis""}, {""depth"": 8, ""descendants"": [""Tragelaphus scriptus""], ""n_descendants"": 1, ""node"": ""Tragelaphus scriptus""}, {""depth"": 7, ""descendants"": [""Beatragus hunteri""], ""n_descendants"": 1, ""node"": ""Beatragus hunteri""}, {""depth"": 7, ""descendants"": [""Damaliscus lunatus""], ""n_descendants"": 1, ""node"": ""Damaliscus lunatus""}, {""depth"": 7, ""descendants"": [""Addax nasomaculatus""], ""n_descendants"": 1, ""node"": ""Addax nasomaculatus""}, {""depth"": 8, ""descendants"": [""Oryx dammah""], ""n_descendants"": 1, ""node"": ""Oryx dammah""}, {""depth"": 7, ""descendants"": [""Cephalophula zebra""], ""n_descendants"": 1, ""node"": ""Cephalophula zebra""}, {""depth"": 8, ""descendants"": [""Capra aegagrus""], ""n_descendants"": 1, ""node"": ""Capra aegagrus""}, {""depth"": 8, ""descendants"": [""Capra hircus""], ""n_descendants"": 1, ""node"": ""Capra hircus""}, {""depth"": 8, ""descendants"": [""Capra nubiana""], ""n_descendants"": 1, ""node"": ""Capra nubiana""}, {""depth"": 8, ""descendants"": [""Ovis vignei""], ""n_descendants"": 1, ""node"": ""Ovis vignei""}, {""depth"": 7, ""descendants"": [""Eudorcas thomsonii""], ""n_descendants"": 1, ""node"": ""Eudorcas thomsonii""}, {""depth"": 7, ""descendants"": [""Madoqua kirkii""], ""n_descendants"": 1, ""node"": ""Madoqua kirkii""}, {""depth"": 8, ""descendants"": [""Neotragus pygmaeus""], ""n_descendants"": 1, ""node"": ""Neotragus pygmaeus""}]"		Relative phylogenetic chronology only; no absolute age inferred without a dated tree.
candidate_large_frameshift_insertion|ex4|pos38|len716	candidate_large_frameshift_insertion	exon_4	4.0	24	Ammotragus lervia;Beatragus hunteri;Bison bison;Bison bonasus;Bos gaurus;Bos indicus;Bos javanicus;Bos taurus;Bubalus bubalis;Bubalus depressicornis;Bubalus kerabau;Capra aegagrus;Capra hircus;Capra ibex;Capra nubiana;Capra sibirica;Capricornis sumatraensis;Cephalophula zebra;Damaliscus lunatus;Hippotragus equinus;Hippotragus niger;Oreamnos americanus;Oryx gazella;Syncerus caffer	Bovidae	0.43636363636363634	0	7	Bovini | Beatragus hunteri | Damaliscus lunatus | Hippotragus | Oryx gazella | Cephalophula zebra | Ammotragus lervia | Capra | Capricornis sumatraensis | Oreamnos americanus	"[{""depth"": 7, ""descendants"": [""Bison bison"", ""Bison bonasus"", ""Bos frontalis"", ""Bos gaurus"", ""Bos grunniens"", ""Bos indicus"", ""Bos javanicus"", ""Bos mutus"", ""Bos taurus"", ""Bubalus bubalis"", ""Bubalus depressicornis"", ""Bubalus kerabau"", ""Syncerus caffer"", ""Pseudoryx nghetinhensis""], ""n_descendants"": 14, ""node"": ""Bovini""}, {""depth"": 7, ""descendants"": [""Beatragus hunteri""], ""n_descendants"": 1, ""node"": ""Beatragus hunteri""}, {""depth"": 7, ""descendants"": [""Damaliscus lunatus""], ""n_descendants"": 1, ""node"": ""Damaliscus lunatus""}, {""depth"": 7, ""descendants"": [""Hippotragus equinus"", ""Hippotragus niger""], ""n_descendants"": 2, ""node"": ""Hippotragus""}, {""depth"": 8, ""descendants"": [""Oryx gazella""], ""n_descendants"": 1, ""node"": ""Oryx gazella""}, {""depth"": 7, ""descendants"": [""Cephalophula zebra""], ""n_descendants"": 1, ""node"": ""Cephalophula zebra""}, {""depth"": 7, ""descendants"": [""Ammotragus lervia""], ""n_descendants"": 1, ""node"": ""Ammotragus lervia""}, {""depth"": 7, ""descendants"": [""Capra aegagrus"", ""Capra falconeri"", ""Capra hircus"", ""Capra ibex"", ""Capra nubiana"", ""Capra sibirica""], ""n_descendants"": 6, ""node"": ""Capra""}, {""depth"": 7, ""descendants"": [""Capricornis sumatraensis""], ""n_descendants"": 1, ""node"": ""Capricornis sumatraensis""}, {""depth"": 7, ""descendants"": [""Oreamnos americanus""], ""n_descendants"": 1, ""node"": ""Oreamnos americanus""}]"	Bos frontalis | Bos grunniens | Bos mutus	Relative phylogenetic chronology only; no absolute age inferred without a dated tree.
frameshift_deletion|ex2|pos265|len1	frameshift_deletion	exon_2	2.0	24	Alces alces;Antilocapra americana;Axis porcinus;Capreolus capreolus;Cervus albirostris;Cervus canadensis;Cervus hanglu;Cervus nippon;Dama dama;Elaphurus davidianus;Giraffa camelopardalis;Giraffa tippelskirchi;Hydropotes inermis;Muntiacus crinifrons;Muntiacus feae;Muntiacus gongshanensis;Muntiacus muntjak;Muntiacus reevesi;Odocoileus hemionus;Odocoileus virginianus;Okapia johnstoni;Rangifer tarandus;Rucervus eldii;Rusa alfredi	Pecora	0.2891566265060241	0	2		[]	Cervus elaphus | Moschidae + Bovidae	Relative phylogenetic chronology only; no absolute age inferred without a dated tree.
frameshift_induced_stop|ex3|codon236	frameshift_induced_stop	exon_3	3.0	24	Addax nasomaculatus;Alces alces;Beatragus hunteri;Bison bonasus;Bos grunniens;Bos mutus;Connochaetes taurinus;Damaliscus lunatus;Kobus ellipsiprymnus;Kobus leche;Madoqua kirkii;Muntiacus feae;Muntiacus reevesi;Nanger dama;Nanger granti;Neotragus moschatus;Neotragus pygmaeus;Oryx gazella;Pseudois nayaur;Saiga tatarica;Tragelaphus eurycerus;Tragelaphus imberbis;Tragelaphus spekii;Tragelaphus strepsiceros	Cervidae + (Moschidae + Bovidae)	0.2962962962962963	0	12	Muntiacus feae | Muntiacus reevesi | Alces alces | Bison bonasus | Bos grunniens | Bos mutus | Tragelaphus | Alcelaphini | Addax nasomaculatus | Oryx gazella | Kobus | Pseudois nayaur | Nanger | Saiga tatarica | Madoqua kirkii | Neotragus	"[{""depth"": 7, ""descendants"": [""Muntiacus feae""], ""n_descendants"": 1, ""node"": ""Muntiacus feae""}, {""depth"": 7, ""descendants"": [""Muntiacus reevesi""], ""n_descendants"": 1, ""node"": ""Muntiacus reevesi""}, {""depth"": 6, ""descendants"": [""Alces alces""], ""n_descendants"": 1, ""node"": ""Alces alces""}, {""depth"": 9, ""descendants"": [""Bison bonasus""], ""n_descendants"": 1, ""node"": ""Bison bonasus""}, {""depth"": 9, ""descendants"": [""Bos grunniens""], ""n_descendants"": 1, ""node"": ""Bos grunniens""}, {""depth"": 9, ""descendants"": [""Bos mutus""], ""n_descendants"": 1, ""node"": ""Bos mutus""}, {""depth"": 7, ""descendants"": [""Tragelaphus buxtoni"", ""Tragelaphus eurycerus"", ""Tragelaphus imberbis"", ""Tragelaphus oryx"", ""Tragelaphus scriptus"", ""Tragelaphus spekii"", ""Tragelaphus strepsiceros""], ""n_descendants"": 7, ""node"": ""Tragelaphus""}, {""depth"": 6, ""descendants"": [""Alcelaphus buselaphus"", ""Beatragus hunteri"", ""Connochaetes taurinus"", ""Damaliscus lunatus""], ""n_descendants"": 4, ""node"": ""Alcelaphini""}, {""depth"": 7, ""descendants"": [""Addax nasomaculatus""], ""n_descendants"": 1, ""node"": ""Addax nasomaculatus""}, {""depth"": 8, ""descendants"": [""Oryx gazella""], ""n_descendants"": 1, ""node"": ""Oryx gazella""}, {""depth"": 7, ""descendants"": [""Kobus ellipsiprymnus"", ""Kobus leche""], ""n_descendants"": 2, ""node"": ""Kobus""}, {""depth"": 7, ""descendants"": [""Pseudois nayaur""], ""n_descendants"": 1, ""node"": ""Pseudois nayaur""}, {""depth"": 7, ""descendants"": [""Nanger dama"", ""Nanger granti""], ""n_descendants"": 2, ""node"": ""Nanger""}, {""depth"": 7, ""descendants"": [""Saiga tatarica""], ""n_descendants"": 1, ""node"": ""Saiga tatarica""}, {""depth"": 7, ""descendants"": [""Madoqua kirkii""], ""n_descendants"": 1, ""node"": ""Madoqua kirkii""}, {""depth"": 7, ""descendants"": [""Neotragus moschatus"", ""Neotragus pygmaeus""], ""n_descendants"": 2, ""node"": ""Neotragus""}]"		Relative phylogenetic chronology only; no absolute age inferred without a dated tree.
inframe_deletion|ex3|pos667|len3	inframe_deletion	exon_3	3.0	24	Alces alces;Axis porcinus;Capreolus capreolus;Cervus albirostris;Cervus canadensis;Cervus elaphus;Cervus hanglu;Cervus nippon;Dama dama;Elaphurus davidianus;Giraffa camelopardalis;Giraffa tippelskirchi;Hydropotes inermis;Muntiacus crinifrons;Muntiacus feae;Muntiacus gongshanensis;Muntiacus muntjak;Muntiacus reevesi;Odocoileus hemionus;Odocoileus virginianus;Okapia johnstoni;Rangifer tarandus;Rucervus eldii;Rusa alfredi	remaining Pecora	0.3	0	2	remaining Pecora	"[{""depth"": 2, ""descendants"": [""Giraffa camelopardalis"", ""Giraffa tippelskirchi"", ""Okapia johnstoni"", ""Muntiacus crinifrons"", ""Muntiacus feae"", ""Muntiacus gongshanensis"", ""Muntiacus muntjak"", ""Muntiacus reevesi"", ""Muntiacus vaginalis"", ""Axis porcinus"", ""Cervus albirostris"", ""Cervus canadensis"", ""Cervus elaphus"", ""Cervus hanglu"", ""Cervus nippon"", ""Dama dama"", ""Megaloceros giganteus"", ""Elaphurus davidianus"", ""Rucervus eldii"", ""Rusa alfredi"", ""Alces alces"", ""Capreolus capreolus"", ""Capreolus pygargus"", ""Hydropotes inermis"", ""Odocoileus hemionus"", ""Odocoileus virginianus"", ""Rangifer tarandus"", ""Moschus berezovskii"", ""Moschus chrysogaster"", ""Moschus moschiferus"", ""Bison bison"", ""Bison bonasus"", ""Bos frontalis"", ""Bos gaurus"", ""Bos grunniens"", ""Bos indicus"", ""Bos javanicus"", ""Bos mutus"", ""Bos taurus"", ""Bubalus bubalis"", ""Bubalus depressicornis"", ""Bubalus kerabau"", ""Syncerus caffer"", ""Pseudoryx nghetinhensis"", ""Tragelaphus buxtoni"", ""Tragelaphus eurycerus"", ""Tragelaphus imberbis"", ""Tragelaphus oryx"", ""Tragelaphus scriptus"", ""Tragelaphus spekii"", ""Tragelaphus strepsiceros"", ""Aepyceros melampus"", ""Alcelaphus buselaphus"", ""Beatragus hunteri"", ""Connochaetes taurinus"", ""Damaliscus lunatus"", ""Addax nasomaculatus"", ""Hippotragus equinus"", ""Hippotragus niger"", ""Oryx dammah"", ""Oryx gazella"", ""Kobus ellipsiprymnus"", ""Kobus leche"", ""Redunca redunca"", ""Cephalophula zebra"", ""Cephalophus harveyi"", ""Philantomba maxwellii"", ""Sylvicapra grimmia"", ""Ammotragus lervia"", ""Budorcas taxicolor"", ""Capra aegagrus"", ""Capra falconeri"", ""Capra hircus"", ""Capra ibex"", ""Capra nubiana"", ""Capra sibirica"", ""Capricornis sumatraensis"", ""Nilgiritragus hylocrius"", ""Oreamnos americanus"", ""Ovibos moschatus"", ""Ovis ammon"", ""Ovis aries"", ""Ovis canadensis"", ""Ovis nivicola"", ""Ovis orientalis"", ""Ovis vignei"", ""Pseudois nayaur"", ""Rupicapra rupicapra"", ""Pantholops hodgsonii"", ""Antidorcas marsupialis"", ""Eudorcas thomsonii"", ""Nanger dama"", ""Nanger granti"", ""Procapra przewalskii"", ""Saiga tatarica"", ""Litocranius walleri"", ""Madoqua kirkii"", ""Neotragus moschatus"", ""Neotragus pygmaeus"", ""Oreotragus oreotragus"", ""Ourebia ourebi"", ""Raphicerus campestris""], ""n_descendants"": 102, ""node"": ""remaining Pecora""}]"	Moschidae + Bovidae	Relative phylogenetic chronology only; no absolute age inferred without a dated tree.
frameshift_induced_stop|ex3|codon239	frameshift_induced_stop	exon_3	3.0	22	Budorcas taxicolor;Capra aegagrus;Capra falconeri;Capra hircus;Capra nubiana;Cephalophula zebra;Cervus canadensis;Eudorcas thomsonii;Hippotragus equinus;Hippotragus niger;Moschus berezovskii;Moschus moschiferus;Muntiacus muntjak;Oreotragus oreotragus;Oryx dammah;Ovis ammon;Ovis aries;Ovis vignei;Pantholops hodgsonii;Procapra przewalskii;Rupicapra rupicapra;Tragelaphus scriptus	Cervidae + (Moschidae + Bovidae)	0.28205128205128205	0	13	Muntiacus muntjak | Cervus canadensis | Moschidae + Bovidae	"[{""depth"": 7, ""descendants"": [""Muntiacus muntjak""], ""n_descendants"": 1, ""node"": ""Muntiacus muntjak""}, {""depth"": 8, ""descendants"": [""Cervus canadensis""], ""n_descendants"": 1, ""node"": ""Cervus canadensis""}, {""depth"": 4, ""descendants"": [""Moschus berezovskii"", ""Moschus chrysogaster"", ""Moschus moschiferus"", ""Bison bison"", ""Bison bonasus"", ""Bos frontalis"", ""Bos gaurus"", ""Bos grunniens"", ""Bos indicus"", ""Bos javanicus"", ""Bos mutus"", ""Bos taurus"", ""Bubalus bubalis"", ""Bubalus depressicornis"", ""Bubalus kerabau"", ""Syncerus caffer"", ""Pseudoryx nghetinhensis"", ""Tragelaphus buxtoni"", ""Tragelaphus eurycerus"", ""Tragelaphus imberbis"", ""Tragelaphus oryx"", ""Tragelaphus scriptus"", ""Tragelaphus spekii"", ""Tragelaphus strepsiceros"", ""Aepyceros melampus"", ""Alcelaphus buselaphus"", ""Beatragus hunteri"", ""Connochaetes taurinus"", ""Damaliscus lunatus"", ""Addax nasomaculatus"", ""Hippotragus equinus"", ""Hippotragus niger"", ""Oryx dammah"", ""Oryx gazella"", ""Kobus ellipsiprymnus"", ""Kobus leche"", ""Redunca redunca"", ""Cephalophula zebra"", ""Cephalophus harveyi"", ""Philantomba maxwellii"", ""Sylvicapra grimmia"", ""Ammotragus lervia"", ""Budorcas taxicolor"", ""Capra aegagrus"", ""Capra falconeri"", ""Capra hircus"", ""Capra ibex"", ""Capra nubiana"", ""Capra sibirica"", ""Capricornis sumatraensis"", ""Nilgiritragus hylocrius"", ""Oreamnos americanus"", ""Ovibos moschatus"", ""Ovis ammon"", ""Ovis aries"", ""Ovis canadensis"", ""Ovis nivicola"", ""Ovis orientalis"", ""Ovis vignei"", ""Pseudois nayaur"", ""Rupicapra rupicapra"", ""Pantholops hodgsonii"", ""Antidorcas marsupialis"", ""Eudorcas thomsonii"", ""Nanger dama"", ""Nanger granti"", ""Procapra przewalskii"", ""Saiga tatarica"", ""Litocranius walleri"", ""Madoqua kirkii"", ""Neotragus moschatus"", ""Neotragus pygmaeus"", ""Oreotragus oreotragus"", ""Ourebia ourebi"", ""Raphicerus campestris""], ""n_descendants"": 75, ""node"": ""Moschidae + Bovidae""}]"	Bovini | Alcelaphini | Addax nasomaculatus | Oryx gazella | Reduncini | Cephalophus harveyi | Ammotragus lervia | Capra ibex | Capra sibirica | Capricornis sumatraensis | Oreamnos americanus | Ovis canadensis | Ovis nivicola | Ovis orientalis | Pseudois nayaur | Nanger | Saiga tatarica | Madoqua kirkii | Neotragus | Raphicerus campestris	Relative phylogenetic chronology only; no absolute age inferred without a dated tree.
frameshift_deletion|ex2|pos152|len2	frameshift_deletion	exon_2	2.0	21	Alces alces;Axis porcinus;Capreolus capreolus;Cervus albirostris;Cervus canadensis;Cervus elaphus;Cervus hanglu;Cervus nippon;Dama dama;Elaphurus davidianus;Hydropotes inermis;Muntiacus crinifrons;Muntiacus feae;Muntiacus gongshanensis;Muntiacus muntjak;Muntiacus reevesi;Odocoileus hemionus;Odocoileus virginianus;Rangifer tarandus;Rucervus eldii;Rusa alfredi	Cervidae	1.0	0	1	Cervidae	"[{""depth"": 4, ""descendants"": [""Muntiacus crinifrons"", ""Muntiacus feae"", ""Muntiacus gongshanensis"", ""Muntiacus muntjak"", ""Muntiacus reevesi"", ""Muntiacus vaginalis"", ""Axis porcinus"", ""Cervus albirostris"", ""Cervus canadensis"", ""Cervus elaphus"", ""Cervus hanglu"", ""Cervus nippon"", ""Dama dama"", ""Megaloceros giganteus"", ""Elaphurus davidianus"", ""Rucervus eldii"", ""Rusa alfredi"", ""Alces alces"", ""Capreolus capreolus"", ""Capreolus pygargus"", ""Hydropotes inermis"", ""Odocoileus hemionus"", ""Odocoileus virginianus"", ""Rangifer tarandus""], ""n_descendants"": 24, ""node"": ""Cervidae""}]"		Relative phylogenetic chronology only; no absolute age inferred without a dated tree.
frameshift_deletion|ex2|pos33|len5	frameshift_deletion	exon_2	2.0	21	Alces alces;Axis porcinus;Capreolus capreolus;Cervus albirostris;Cervus canadensis;Cervus elaphus;Cervus hanglu;Cervus nippon;Dama dama;Elaphurus davidianus;Hydropotes inermis;Muntiacus crinifrons;Muntiacus feae;Muntiacus gongshanensis;Muntiacus muntjak;Muntiacus reevesi;Odocoileus hemionus;Odocoileus virginianus;Rangifer tarandus;Rucervus eldii;Rusa alfredi	Cervidae	1.0	0	1	Cervidae	"[{""depth"": 4, ""descendants"": [""Muntiacus crinifrons"", ""Muntiacus feae"", ""Muntiacus gongshanensis"", ""Muntiacus muntjak"", ""Muntiacus reevesi"", ""Muntiacus vaginalis"", ""Axis porcinus"", ""Cervus albirostris"", ""Cervus canadensis"", ""Cervus elaphus"", ""Cervus hanglu"", ""Cervus nippon"", ""Dama dama"", ""Megaloceros giganteus"", ""Elaphurus davidianus"", ""Rucervus eldii"", ""Rusa alfredi"", ""Alces alces"", ""Capreolus capreolus"", ""Capreolus pygargus"", ""Hydropotes inermis"", ""Odocoileus hemionus"", ""Odocoileus virginianus"", ""Rangifer tarandus""], ""n_descendants"": 24, ""node"": ""Cervidae""}]"		Relative phylogenetic chronology only; no absolute age inferred without a dated tree.
frameshift_deletion|ex3|pos166|len7	frameshift_deletion	exon_3	3.0	21	Alces alces;Axis porcinus;Cephalophula zebra;Cervus albirostris;Cervus canadensis;Cervus elaphus;Cervus hanglu;Cervus nippon;Dama dama;Elaphurus davidianus;Hydropotes inermis;Moschus chrysogaster;Muntiacus crinifrons;Muntiacus feae;Muntiacus gongshanensis;Muntiacus muntjak;Muntiacus reevesi;Odocoileus hemionus;Odocoileus virginianus;Rusa alfredi;Saiga tatarica	Cervidae + (Moschidae + Bovidae)	0.2692307692307692	0	7	Cervidae | Moschus chrysogaster | Cephalophula zebra | Saiga tatarica	"[{""depth"": 4, ""descendants"": [""Muntiacus crinifrons"", ""Muntiacus feae"", ""Muntiacus gongshanensis"", ""Muntiacus muntjak"", ""Muntiacus reevesi"", ""Muntiacus vaginalis"", ""Axis porcinus"", ""Cervus albirostris"", ""Cervus canadensis"", ""Cervus elaphus"", ""Cervus hanglu"", ""Cervus nippon"", ""Dama dama"", ""Megaloceros giganteus"", ""Elaphurus davidianus"", ""Rucervus eldii"", ""Rusa alfredi"", ""Alces alces"", ""Capreolus capreolus"", ""Capreolus pygargus"", ""Hydropotes inermis"", ""Odocoileus hemionus"", ""Odocoileus virginianus"", ""Rangifer tarandus""], ""n_descendants"": 24, ""node"": ""Cervidae""}, {""depth"": 6, ""descendants"": [""Moschus chrysogaster""], ""n_descendants"": 1, ""node"": ""Moschus chrysogaster""}, {""depth"": 7, ""descendants"": [""Cephalophula zebra""], ""n_descendants"": 1, ""node"": ""Cephalophula zebra""}, {""depth"": 7, ""descendants"": [""Saiga tatarica""], ""n_descendants"": 1, ""node"": ""Saiga tatarica""}]"	Rucervus eldii | Capreolus | Rangifer tarandus	Relative phylogenetic chronology only; no absolute age inferred without a dated tree.
frameshift_induced_stop|ex6|codon821	frameshift_induced_stop	exon_6	6.0	21	Alces alces;Beatragus hunteri;Bison bison;Bos frontalis;Bos indicus;Bos javanicus;Bos taurus;Capra aegagrus;Capra hircus;Capra nubiana;Cephalophula zebra;Dama dama;Elaphurus davidianus;Kobus ellipsiprymnus;Kobus leche;Moschus berezovskii;Moschus moschiferus;Muntiacus reevesi;Oreamnos americanus;Procapra przewalskii;Syncerus caffer	Cervidae + (Moschidae + Bovidae)	0.25609756097560976	0	13	Muntiacus reevesi | Dama + Megaloceros | Elaphurus davidianus | Alces alces | Moschus berezovskii | Moschus moschiferus | Bison bison | Bos frontalis | Bos indicus | Bos javanicus | Bos taurus | Syncerus caffer | Beatragus hunteri | Kobus | Cephalophula zebra | Capra aegagrus | Capra hircus | Capra nubiana | Oreamnos americanus | Procapra przewalskii	"[{""depth"": 7, ""descendants"": [""Muntiacus reevesi""], ""n_descendants"": 1, ""node"": ""Muntiacus reevesi""}, {""depth"": 7, ""descendants"": [""Dama dama"", ""Megaloceros giganteus""], ""n_descendants"": 2, ""node"": ""Dama + Megaloceros""}, {""depth"": 7, ""descendants"": [""Elaphurus davidianus""], ""n_descendants"": 1, ""node"": ""Elaphurus davidianus""}, {""depth"": 6, ""descendants"": [""Alces alces""], ""n_descendants"": 1, ""node"": ""Alces alces""}, {""depth"": 6, ""descendants"": [""Moschus berezovskii""], ""n_descendants"": 1, ""node"": ""Moschus berezovskii""}, {""depth"": 6, ""descendants"": [""Moschus moschiferus""], ""n_descendants"": 1, ""node"": ""Moschus moschiferus""}, {""depth"": 9, ""descendants"": [""Bison bison""], ""n_descendants"": 1, ""node"": ""Bison bison""}, {""depth"": 9, ""descendants"": [""Bos frontalis""], ""n_descendants"": 1, ""node"": ""Bos frontalis""}, {""depth"": 9, ""descendants"": [""Bos indicus""], ""n_descendants"": 1, ""node"": ""Bos indicus""}, {""depth"": 9, ""descendants"": [""Bos javanicus""], ""n_descendants"": 1, ""node"": ""Bos javanicus""}, {""depth"": 9, ""descendants"": [""Bos taurus""], ""n_descendants"": 1, ""node"": ""Bos taurus""}, {""depth"": 8, ""descendants"": [""Syncerus caffer""], ""n_descendants"": 1, ""node"": ""Syncerus caffer""}, {""depth"": 7, ""descendants"": [""Beatragus hunteri""], ""n_descendants"": 1, ""node"": ""Beatragus hunteri""}, {""depth"": 7, ""descendants"": [""Kobus ellipsiprymnus"", ""Kobus leche""], ""n_descendants"": 2, ""node"": ""Kobus""}, {""depth"": 7, ""descendants"": [""Cephalophula zebra""], ""n_descendants"": 1, ""node"": ""Cephalophula zebra""}, {""depth"": 8, ""descendants"": [""Capra aegagrus""], ""n_descendants"": 1, ""node"": ""Capra aegagrus""}, {""depth"": 8, ""descendants"": [""Capra hircus""], ""n_descendants"": 1, ""node"": ""Capra hircus""}, {""depth"": 8, ""descendants"": [""Capra nubiana""], ""n_descendants"": 1, ""node"": ""Capra nubiana""}, {""depth"": 7, ""descendants"": [""Oreamnos americanus""], ""n_descendants"": 1, ""node"": ""Oreamnos americanus""}, {""depth"": 7, ""descendants"": [""Procapra przewalskii""], ""n_descendants"": 1, ""node"": ""Procapra przewalskii""}]"		Relative phylogenetic chronology only; no absolute age inferred without a dated tree.
inframe_insertion|ex3|pos267|len15	inframe_insertion	exon_3	3.0	21	Alces alces;Axis porcinus;Capreolus capreolus;Cervus albirostris;Cervus canadensis;Cervus elaphus;Cervus hanglu;Cervus nippon;Dama dama;Elaphurus davidianus;Hydropotes inermis;Muntiacus crinifrons;Muntiacus feae;Muntiacus gongshanensis;Muntiacus muntjak;Muntiacus reevesi;Odocoileus hemionus;Odocoileus virginianus;Rangifer tarandus;Rucervus eldii;Rusa alfredi	Cervidae	1.0	0	1	Cervidae	"[{""depth"": 4, ""descendants"": [""Muntiacus crinifrons"", ""Muntiacus feae"", ""Muntiacus gongshanensis"", ""Muntiacus muntjak"", ""Muntiacus reevesi"", ""Muntiacus vaginalis"", ""Axis porcinus"", ""Cervus albirostris"", ""Cervus canadensis"", ""Cervus elaphus"", ""Cervus hanglu"", ""Cervus nippon"", ""Dama dama"", ""Megaloceros giganteus"", ""Elaphurus davidianus"", ""Rucervus eldii"", ""Rusa alfredi"", ""Alces alces"", ""Capreolus capreolus"", ""Capreolus pygargus"", ""Hydropotes inermis"", ""Odocoileus hemionus"", ""Odocoileus virginianus"", ""Rangifer tarandus""], ""n_descendants"": 24, ""node"": ""Cervidae""}]"		Relative phylogenetic chronology only; no absolute age inferred without a dated tree.
candidate_large_frameshift_insertion|ex3|pos195|len251	candidate_large_frameshift_insertion	exon_3	3.0	20	Alces alces;Axis porcinus;Capreolus capreolus;Cervus albirostris;Cervus canadensis;Cervus elaphus;Cervus hanglu;Cervus nippon;Dama dama;Elaphurus davidianus;Muntiacus crinifrons;Muntiacus feae;Muntiacus gongshanensis;Muntiacus muntjak;Muntiacus reevesi;Odocoileus hemionus;Odocoileus virginianus;Rangifer tarandus;Rucervus eldii;Rusa alfredi	Cervidae	0.9523809523809523	0	2	Cervidae	"[{""depth"": 4, ""descendants"": [""Muntiacus crinifrons"", ""Muntiacus feae"", ""Muntiacus gongshanensis"", ""Muntiacus muntjak"", ""Muntiacus reevesi"", ""Muntiacus vaginalis"", ""Axis porcinus"", ""Cervus albirostris"", ""Cervus canadensis"", ""Cervus elaphus"", ""Cervus hanglu"", ""Cervus nippon"", ""Dama dama"", ""Megaloceros giganteus"", ""Elaphurus davidianus"", ""Rucervus eldii"", ""Rusa alfredi"", ""Alces alces"", ""Capreolus capreolus"", ""Capreolus pygargus"", ""Hydropotes inermis"", ""Odocoileus hemionus"", ""Odocoileus virginianus"", ""Rangifer tarandus""], ""n_descendants"": 24, ""node"": ""Cervidae""}]"	Hydropotes inermis	Relative phylogenetic chronology only; no absolute age inferred without a dated tree.
frameshift_induced_stop|ex6|codon824	frameshift_induced_stop	exon_6	6.0	19	Addax nasomaculatus;Bos frontalis;Capricornis sumatraensis;Cephalophus harveyi;Eudorcas thomsonii;Hydropotes inermis;Muntiacus feae;Nanger dama;Odocoileus hemionus;Oreotragus oreotragus;Oryx dammah;Ourebia ourebi;Pantholops hodgsonii;Rucervus eldii;Rupicapra rupicapra;Tragelaphus imberbis;Tragelaphus oryx;Tragelaphus spekii;Tragelaphus strepsiceros	Cervidae + (Moschidae + Bovidae)	0.23170731707317074	0	14	Muntiacus feae | Rucervus eldii | Hydropotes inermis | Odocoileus hemionus | Bos frontalis | Tragelaphus imberbis | Tragelaphus oryx | Tragelaphus spekii | Tragelaphus strepsiceros | Addax nasomaculatus | Oryx dammah | Cephalophus harveyi | Capricornis sumatraensis | Rupicapra rupicapra | Pantholops hodgsonii | Eudorcas thomsonii | Nanger dama | Oreotragus oreotragus | Ourebia ourebi	"[{""depth"": 7, ""descendants"": [""Muntiacus feae""], ""n_descendants"": 1, ""node"": ""Muntiacus feae""}, {""depth"": 7, ""descendants"": [""Rucervus eldii""], ""n_descendants"": 1, ""node"": ""Rucervus eldii""}, {""depth"": 7, ""descendants"": [""Hydropotes inermis""], ""n_descendants"": 1, ""node"": ""Hydropotes inermis""}, {""depth"": 8, ""descendants"": [""Odocoileus hemionus""], ""n_descendants"": 1, ""node"": ""Odocoileus hemionus""}, {""depth"": 9, ""descendants"": [""Bos frontalis""], ""n_descendants"": 1, ""node"": ""Bos frontalis""}, {""depth"": 8, ""descendants"": [""Tragelaphus imberbis""], ""n_descendants"": 1, ""node"": ""Tragelaphus imberbis""}, {""depth"": 8, ""descendants"": [""Tragelaphus oryx""], ""n_descendants"": 1, ""node"": ""Tragelaphus oryx""}, {""depth"": 8, ""descendants"": [""Tragelaphus spekii""], ""n_descendants"": 1, ""node"": ""Tragelaphus spekii""}, {""depth"": 8, ""descendants"": [""Tragelaphus strepsiceros""], ""n_descendants"": 1, ""node"": ""Tragelaphus strepsiceros""}, {""depth"": 7, ""descendants"": [""Addax nasomaculatus""], ""n_descendants"": 1, ""node"": ""Addax nasomaculatus""}, {""depth"": 8, ""descendants"": [""Oryx dammah""], ""n_descendants"": 1, ""node"": ""Oryx dammah""}, {""depth"": 7, ""descendants"": [""Cephalophus harveyi""], ""n_descendants"": 1, ""node"": ""Cephalophus harveyi""}, {""depth"": 7, ""descendants"": [""Capricornis sumatraensis""], ""n_descendants"": 1, ""node"": ""Capricornis sumatraensis""}, {""depth"": 7, ""descendants"": [""Rupicapra rupicapra""], ""n_descendants"": 1, ""node"": ""Rupicapra rupicapra""}, {""depth"": 6, ""descendants"": [""Pantholops hodgsonii""], ""n_descendants"": 1, ""node"": ""Pantholops hodgsonii""}, {""depth"": 7, ""descendants"": [""Eudorcas thomsonii""], ""n_descendants"": 1, ""node"": ""Eudorcas thomsonii""}, {""depth"": 8, ""descendants"": [""Nanger dama""], ""n_descendants"": 1, ""node"": ""Nanger dama""}, {""depth"": 7, ""descendants"": [""Oreotragus oreotragus""], ""n_descendants"": 1, ""node"": ""Oreotragus oreotragus""}, {""depth"": 7, ""descendants"": [""Ourebia ourebi""], ""n_descendants"": 1, ""node"": ""Ourebia ourebi""}]"		Relative phylogenetic chronology only; no absolute age inferred without a dated tree.
frameshift_induced_stop|ex1|codon26	frameshift_induced_stop	exon_1	1.0	18	Ammotragus lervia;Budorcas taxicolor;Capra aegagrus;Capra falconeri;Capra hircus;Capra ibex;Capra nubiana;Capra sibirica;Capricornis sumatraensis;Oreamnos americanus;Oryx dammah;Ovis ammon;Ovis aries;Ovis canadensis;Ovis nivicola;Ovis orientalis;Ovis vignei;Rupicapra rupicapra	Bovidae	0.3673469387755102	0	2	Oryx dammah | Ammotragus lervia | Budorcas taxicolor | Capra | Capricornis sumatraensis | Oreamnos americanus | Ovis | Rupicapra rupicapra	"[{""depth"": 8, ""descendants"": [""Oryx dammah""], ""n_descendants"": 1, ""node"": ""Oryx dammah""}, {""depth"": 7, ""descendants"": [""Ammotragus lervia""], ""n_descendants"": 1, ""node"": ""Ammotragus lervia""}, {""depth"": 7, ""descendants"": [""Budorcas taxicolor""], ""n_descendants"": 1, ""node"": ""Budorcas taxicolor""}, {""depth"": 7, ""descendants"": [""Capra aegagrus"", ""Capra falconeri"", ""Capra hircus"", ""Capra ibex"", ""Capra nubiana"", ""Capra sibirica""], ""n_descendants"": 6, ""node"": ""Capra""}, {""depth"": 7, ""descendants"": [""Capricornis sumatraensis""], ""n_descendants"": 1, ""node"": ""Capricornis sumatraensis""}, {""depth"": 7, ""descendants"": [""Oreamnos americanus""], ""n_descendants"": 1, ""node"": ""Oreamnos americanus""}, {""depth"": 7, ""descendants"": [""Ovis ammon"", ""Ovis aries"", ""Ovis canadensis"", ""Ovis nivicola"", ""Ovis orientalis"", ""Ovis vignei""], ""n_descendants"": 6, ""node"": ""Ovis""}, {""depth"": 7, ""descendants"": [""Rupicapra rupicapra""], ""n_descendants"": 1, ""node"": ""Rupicapra rupicapra""}]"		Relative phylogenetic chronology only; no absolute age inferred without a dated tree.
frameshift_induced_stop|ex2|codon82	frameshift_induced_stop	exon_2	2.0	17	Axis porcinus;Capreolus capreolus;Cervus albirostris;Cervus elaphus;Cervus hanglu;Cervus nippon;Dama dama;Elaphurus davidianus;Muntiacus crinifrons;Muntiacus feae;Muntiacus gongshanensis;Muntiacus muntjak;Muntiacus reevesi;Odocoileus hemionus;Odocoileus virginianus;Rucervus eldii;Rusa alfredi	Cervidae	0.8095238095238095	0	4	Cervinae | Capreolus | Odocoileus	"[{""depth"": 5, ""descendants"": [""Muntiacus crinifrons"", ""Muntiacus feae"", ""Muntiacus gongshanensis"", ""Muntiacus muntjak"", ""Muntiacus reevesi"", ""Muntiacus vaginalis"", ""Axis porcinus"", ""Cervus albirostris"", ""Cervus canadensis"", ""Cervus elaphus"", ""Cervus hanglu"", ""Cervus nippon"", ""Dama dama"", ""Megaloceros giganteus"", ""Elaphurus davidianus"", ""Rucervus eldii"", ""Rusa alfredi""], ""n_descendants"": 17, ""node"": ""Cervinae""}, {""depth"": 7, ""descendants"": [""Capreolus capreolus"", ""Capreolus pygargus""], ""n_descendants"": 2, ""node"": ""Capreolus""}, {""depth"": 7, ""descendants"": [""Odocoileus hemionus"", ""Odocoileus virginianus""], ""n_descendants"": 2, ""node"": ""Odocoileus""}]"	Cervus canadensis	Relative phylogenetic chronology only; no absolute age inferred without a dated tree.
frameshift_insertion|ex1|pos40|len4	frameshift_insertion	exon_1	1.0	16	Budorcas taxicolor;Capra aegagrus;Capra falconeri;Capra hircus;Capra ibex;Capra nubiana;Capra sibirica;Capricornis sumatraensis;Oreamnos americanus;Ovis ammon;Ovis aries;Ovis canadensis;Ovis nivicola;Ovis orientalis;Ovis vignei;Rupicapra rupicapra	Caprini	0.8888888888888888	0	1	Budorcas taxicolor | Capra | Capricornis sumatraensis | Oreamnos americanus | Ovis | Rupicapra rupicapra	"[{""depth"": 7, ""descendants"": [""Budorcas taxicolor""], ""n_descendants"": 1, ""node"": ""Budorcas taxicolor""}, {""depth"": 7, ""descendants"": [""Capra aegagrus"", ""Capra falconeri"", ""Capra hircus"", ""Capra ibex"", ""Capra nubiana"", ""Capra sibirica""], ""n_descendants"": 6, ""node"": ""Capra""}, {""depth"": 7, ""descendants"": [""Capricornis sumatraensis""], ""n_descendants"": 1, ""node"": ""Capricornis sumatraensis""}, {""depth"": 7, ""descendants"": [""Oreamnos americanus""], ""n_descendants"": 1, ""node"": ""Oreamnos americanus""}, {""depth"": 7, ""descendants"": [""Ovis ammon"", ""Ovis aries"", ""Ovis canadensis"", ""Ovis nivicola"", ""Ovis orientalis"", ""Ovis vignei""], ""n_descendants"": 6, ""node"": ""Ovis""}, {""depth"": 7, ""descendants"": [""Rupicapra rupicapra""], ""n_descendants"": 1, ""node"": ""Rupicapra rupicapra""}]"		Relative phylogenetic chronology only; no absolute age inferred without a dated tree.
frameshift_induced_stop|ex3|codon170	frameshift_induced_stop	exon_3	3.0	14	Axis porcinus;Cephalophus harveyi;Cervus albirostris;Cervus elaphus;Cervus hanglu;Cervus nippon;Dama dama;Elaphurus davidianus;Giraffa camelopardalis;Giraffa tippelskirchi;Muntiacus crinifrons;Muntiacus gongshanensis;Oryx dammah;Rucervus eldii	remaining Pecora	0.175	0	6	Giraffa | Muntiacus crinifrons | Muntiacus gongshanensis | Axis porcinus | Cervus albirostris | Cervus elaphus | Cervus hanglu | Cervus nippon | Dama + Megaloceros | Elaphurus davidianus | Rucervus eldii | Oryx dammah | Cephalophus harveyi	"[{""depth"": 4, ""descendants"": [""Giraffa camelopardalis"", ""Giraffa tippelskirchi""], ""n_descendants"": 2, ""node"": ""Giraffa""}, {""depth"": 7, ""descendants"": [""Muntiacus crinifrons""], ""n_descendants"": 1, ""node"": ""Muntiacus crinifrons""}, {""depth"": 7, ""descendants"": [""Muntiacus gongshanensis""], ""n_descendants"": 1, ""node"": ""Muntiacus gongshanensis""}, {""depth"": 7, ""descendants"": [""Axis porcinus""], ""n_descendants"": 1, ""node"": ""Axis porcinus""}, {""depth"": 8, ""descendants"": [""Cervus albirostris""], ""n_descendants"": 1, ""node"": ""Cervus albirostris""}, {""depth"": 8, ""descendants"": [""Cervus elaphus""], ""n_descendants"": 1, ""node"": ""Cervus elaphus""}, {""depth"": 8, ""descendants"": [""Cervus hanglu""], ""n_descendants"": 1, ""node"": ""Cervus hanglu""}, {""depth"": 8, ""descendants"": [""Cervus nippon""], ""n_descendants"": 1, ""node"": ""Cervus nippon""}, {""depth"": 7, ""descendants"": [""Dama dama"", ""Megaloceros giganteus""], ""n_descendants"": 2, ""node"": ""Dama + Megaloceros""}, {""depth"": 7, ""descendants"": [""Elaphurus davidianus""], ""n_descendants"": 1, ""node"": ""Elaphurus davidianus""}, {""depth"": 7, ""descendants"": [""Rucervus eldii""], ""n_descendants"": 1, ""node"": ""Rucervus eldii""}, {""depth"": 8, ""descendants"": [""Oryx dammah""], ""n_descendants"": 1, ""node"": ""Oryx dammah""}, {""depth"": 7, ""descendants"": [""Cephalophus harveyi""], ""n_descendants"": 1, ""node"": ""Cephalophus harveyi""}]"		Relative phylogenetic chronology only; no absolute age inferred without a dated tree.
frameshift_induced_stop|ex4|codon495	frameshift_induced_stop	exon_4	4.0	14	Bos frontalis;Capricornis sumatraensis;Moschus berezovskii;Moschus moschiferus;Muntiacus reevesi;Nanger dama;Nanger granti;Neotragus moschatus;Okapia johnstoni;Oryx gazella;Pantholops hodgsonii;Pseudois nayaur;Raphicerus campestris;Redunca redunca	remaining Pecora	0.1891891891891892	0	11	Okapia johnstoni | Muntiacus reevesi | Moschus berezovskii | Moschus moschiferus | Bos frontalis | Oryx gazella | Redunca redunca | Capricornis sumatraensis | Pseudois nayaur | Pantholops hodgsonii | Nanger | Neotragus moschatus | Raphicerus campestris	"[{""depth"": 4, ""descendants"": [""Okapia johnstoni""], ""n_descendants"": 1, ""node"": ""Okapia johnstoni""}, {""depth"": 7, ""descendants"": [""Muntiacus reevesi""], ""n_descendants"": 1, ""node"": ""Muntiacus reevesi""}, {""depth"": 6, ""descendants"": [""Moschus berezovskii""], ""n_descendants"": 1, ""node"": ""Moschus berezovskii""}, {""depth"": 6, ""descendants"": [""Moschus moschiferus""], ""n_descendants"": 1, ""node"": ""Moschus moschiferus""}, {""depth"": 9, ""descendants"": [""Bos frontalis""], ""n_descendants"": 1, ""node"": ""Bos frontalis""}, {""depth"": 8, ""descendants"": [""Oryx gazella""], ""n_descendants"": 1, ""node"": ""Oryx gazella""}, {""depth"": 7, ""descendants"": [""Redunca redunca""], ""n_descendants"": 1, ""node"": ""Redunca redunca""}, {""depth"": 7, ""descendants"": [""Capricornis sumatraensis""], ""n_descendants"": 1, ""node"": ""Capricornis sumatraensis""}, {""depth"": 7, ""descendants"": [""Pseudois nayaur""], ""n_descendants"": 1, ""node"": ""Pseudois nayaur""}, {""depth"": 6, ""descendants"": [""Pantholops hodgsonii""], ""n_descendants"": 1, ""node"": ""Pantholops hodgsonii""}, {""depth"": 7, ""descendants"": [""Nanger dama"", ""Nanger granti""], ""n_descendants"": 2, ""node"": ""Nanger""}, {""depth"": 8, ""descendants"": [""Neotragus moschatus""], ""n_descendants"": 1, ""node"": ""Neotragus moschatus""}, {""depth"": 7, ""descendants"": [""Raphicerus campestris""], ""n_descendants"": 1, ""node"": ""Raphicerus campestris""}]"		Relative phylogenetic chronology only; no absolute age inferred without a dated tree.
frameshift_deletion|ex3|pos661|len17	frameshift_deletion	exon_3	3.0	13	Capra aegagrus;Capra falconeri;Capra hircus;Capra ibex;Capra nubiana;Capra sibirica;Oreamnos americanus;Ovis canadensis;Ovis nivicola;Ovis orientalis;Ovis vignei;Pseudois nayaur;Rupicapra rupicapra	Caprini	0.7222222222222222	0	2	Capra | Oreamnos americanus | Ovis canadensis | Ovis nivicola | Ovis orientalis | Ovis vignei | Pseudois nayaur | Rupicapra rupicapra	"[{""depth"": 7, ""descendants"": [""Capra aegagrus"", ""Capra falconeri"", ""Capra hircus"", ""Capra ibex"", ""Capra nubiana"", ""Capra sibirica""], ""n_descendants"": 6, ""node"": ""Capra""}, {""depth"": 7, ""descendants"": [""Oreamnos americanus""], ""n_descendants"": 1, ""node"": ""Oreamnos americanus""}, {""depth"": 8, ""descendants"": [""Ovis canadensis""], ""n_descendants"": 1, ""node"": ""Ovis canadensis""}, {""depth"": 8, ""descendants"": [""Ovis nivicola""], ""n_descendants"": 1, ""node"": ""Ovis nivicola""}, {""depth"": 8, ""descendants"": [""Ovis orientalis""], ""n_descendants"": 1, ""node"": ""Ovis orientalis""}, {""depth"": 8, ""descendants"": [""Ovis vignei""], ""n_descendants"": 1, ""node"": ""Ovis vignei""}, {""depth"": 7, ""descendants"": [""Pseudois nayaur""], ""n_descendants"": 1, ""node"": ""Pseudois nayaur""}, {""depth"": 7, ""descendants"": [""Rupicapra rupicapra""], ""n_descendants"": 1, ""node"": ""Rupicapra rupicapra""}]"		Relative phylogenetic chronology only; no absolute age inferred without a dated tree.
frameshift_deletion|ex6|pos399|len4	frameshift_deletion	exon_6	6.0	13	Bison bison;Bison bonasus;Bos frontalis;Bos gaurus;Bos grunniens;Bos indicus;Bos javanicus;Bos mutus;Bos taurus;Bubalus bubalis;Bubalus depressicornis;Bubalus kerabau;Syncerus caffer	Bovini	1.0	0	1	Bovini	"[{""depth"": 7, ""descendants"": [""Bison bison"", ""Bison bonasus"", ""Bos frontalis"", ""Bos gaurus"", ""Bos grunniens"", ""Bos indicus"", ""Bos javanicus"", ""Bos mutus"", ""Bos taurus"", ""Bubalus bubalis"", ""Bubalus depressicornis"", ""Bubalus kerabau"", ""Syncerus caffer"", ""Pseudoryx nghetinhensis""], ""n_descendants"": 14, ""node"": ""Bovini""}]"		Relative phylogenetic chronology only; no absolute age inferred without a dated tree.
frameshift_induced_stop|ex6|codon678	frameshift_induced_stop	exon_6	6.0	13	Capra ibex;Capra sibirica;Kobus ellipsiprymnus;Kobus leche;Odocoileus virginianus;Oreamnos americanus;Ovis ammon;Ovis aries;Ovis canadensis;Ovis nivicola;Ovis orientalis;Ovis vignei;Rangifer tarandus	Cervidae + (Moschidae + Bovidae)	0.15853658536585366	0	5	Odocoileini | Kobus | Capra ibex | Capra sibirica | Oreamnos americanus | Ovis	"[{""depth"": 6, ""descendants"": [""Odocoileus hemionus"", ""Odocoileus virginianus"", ""Rangifer tarandus""], ""n_descendants"": 3, ""node"": ""Odocoileini""}, {""depth"": 7, ""descendants"": [""Kobus ellipsiprymnus"", ""Kobus leche""], ""n_descendants"": 2, ""node"": ""Kobus""}, {""depth"": 8, ""descendants"": [""Capra ibex""], ""n_descendants"": 1, ""node"": ""Capra ibex""}, {""depth"": 8, ""descendants"": [""Capra sibirica""], ""n_descendants"": 1, ""node"": ""Capra sibirica""}, {""depth"": 7, ""descendants"": [""Oreamnos americanus""], ""n_descendants"": 1, ""node"": ""Oreamnos americanus""}, {""depth"": 7, ""descendants"": [""Ovis ammon"", ""Ovis aries"", ""Ovis canadensis"", ""Ovis nivicola"", ""Ovis orientalis"", ""Ovis vignei""], ""n_descendants"": 6, ""node"": ""Ovis""}]"	Odocoileus hemionus	Relative phylogenetic chronology only; no absolute age inferred without a dated tree.
frameshift_insertion|ex1|pos136|len1	frameshift_insertion	exon_1	1.0	13	Addax nasomaculatus;Beatragus hunteri;Capricornis sumatraensis;Damaliscus lunatus;Hippotragus equinus;Hippotragus niger;Hydropotes inermis;Kobus ellipsiprymnus;Kobus leche;Oryx dammah;Oryx gazella;Pseudois nayaur;Redunca redunca	Cervidae + (Moschidae + Bovidae)	0.18055555555555555	0	4	Hydropotes inermis | Beatragus hunteri | Damaliscus lunatus | Hippotragini | Reduncini | Capricornis sumatraensis | Pseudois nayaur	"[{""depth"": 7, ""descendants"": [""Hydropotes inermis""], ""n_descendants"": 1, ""node"": ""Hydropotes inermis""}, {""depth"": 7, ""descendants"": [""Beatragus hunteri""], ""n_descendants"": 1, ""node"": ""Beatragus hunteri""}, {""depth"": 7, ""descendants"": [""Damaliscus lunatus""], ""n_descendants"": 1, ""node"": ""Damaliscus lunatus""}, {""depth"": 6, ""descendants"": [""Addax nasomaculatus"", ""Hippotragus equinus"", ""Hippotragus niger"", ""Oryx dammah"", ""Oryx gazella""], ""n_descendants"": 5, ""node"": ""Hippotragini""}, {""depth"": 6, ""descendants"": [""Kobus ellipsiprymnus"", ""Kobus leche"", ""Redunca redunca""], ""n_descendants"": 3, ""node"": ""Reduncini""}, {""depth"": 7, ""descendants"": [""Capricornis sumatraensis""], ""n_descendants"": 1, ""node"": ""Capricornis sumatraensis""}, {""depth"": 7, ""descendants"": [""Pseudois nayaur""], ""n_descendants"": 1, ""node"": ""Pseudois nayaur""}]"		Relative phylogenetic chronology only; no absolute age inferred without a dated tree.
frameshift_insertion|ex2|pos297|len1	frameshift_insertion	exon_2	2.0	13	Addax nasomaculatus;Budorcas taxicolor;Capricornis sumatraensis;Hippotragus equinus;Hippotragus niger;Neotragus moschatus;Oreamnos americanus;Oryx dammah;Oryx gazella;Ovis ammon;Ovis aries;Ovis vignei;Pseudois nayaur	Bovidae	0.23214285714285715	0	4	Hippotragini | Budorcas taxicolor | Capricornis sumatraensis | Oreamnos americanus | Ovis ammon | Ovis aries | Ovis vignei | Pseudois nayaur | Neotragus moschatus	"[{""depth"": 6, ""descendants"": [""Addax nasomaculatus"", ""Hippotragus equinus"", ""Hippotragus niger"", ""Oryx dammah"", ""Oryx gazella""], ""n_descendants"": 5, ""node"": ""Hippotragini""}, {""depth"": 7, ""descendants"": [""Budorcas taxicolor""], ""n_descendants"": 1, ""node"": ""Budorcas taxicolor""}, {""depth"": 7, ""descendants"": [""Capricornis sumatraensis""], ""n_descendants"": 1, ""node"": ""Capricornis sumatraensis""}, {""depth"": 7, ""descendants"": [""Oreamnos americanus""], ""n_descendants"": 1, ""node"": ""Oreamnos americanus""}, {""depth"": 8, ""descendants"": [""Ovis ammon""], ""n_descendants"": 1, ""node"": ""Ovis ammon""}, {""depth"": 8, ""descendants"": [""Ovis aries""], ""n_descendants"": 1, ""node"": ""Ovis aries""}, {""depth"": 8, ""descendants"": [""Ovis vignei""], ""n_descendants"": 1, ""node"": ""Ovis vignei""}, {""depth"": 7, ""descendants"": [""Pseudois nayaur""], ""n_descendants"": 1, ""node"": ""Pseudois nayaur""}, {""depth"": 8, ""descendants"": [""Neotragus moschatus""], ""n_descendants"": 1, ""node"": ""Neotragus moschatus""}]"		Relative phylogenetic chronology only; no absolute age inferred without a dated tree.
frameshift_deletion|ex3|pos606|len1	frameshift_deletion	exon_3	3.0	12	Addax nasomaculatus;Alcelaphus buselaphus;Beatragus hunteri;Cephalophula zebra;Cephalophus harveyi;Connochaetes taurinus;Damaliscus lunatus;Hippotragus equinus;Hippotragus niger;Neotragus pygmaeus;Oryx dammah;Oryx gazella	Bovidae	0.21818181818181817	0	2	Alcelaphini | Hippotragini | Cephalophini | Neotragus pygmaeus	"[{""depth"": 6, ""descendants"": [""Alcelaphus buselaphus"", ""Beatragus hunteri"", ""Connochaetes taurinus"", ""Damaliscus lunatus""], ""n_descendants"": 4, ""node"": ""Alcelaphini""}, {""depth"": 6, ""descendants"": [""Addax nasomaculatus"", ""Hippotragus equinus"", ""Hippotragus niger"", ""Oryx dammah"", ""Oryx gazella""], ""n_descendants"": 5, ""node"": ""Hippotragini""}, {""depth"": 6, ""descendants"": [""Cephalophula zebra"", ""Cephalophus harveyi"", ""Philantomba maxwellii"", ""Sylvicapra grimmia""], ""n_descendants"": 4, ""node"": ""Cephalophini""}, {""depth"": 8, ""descendants"": [""Neotragus pygmaeus""], ""n_descendants"": 1, ""node"": ""Neotragus pygmaeus""}]"		Relative phylogenetic chronology only; no absolute age inferred without a dated tree.
frameshift_deletion|ex6|pos472|len1	frameshift_deletion	exon_6	6.0	12	Bison bison;Bison bonasus;Bos frontalis;Bos grunniens;Bos indicus;Bos javanicus;Bos mutus;Bos taurus;Tragelaphus buxtoni;Tragelaphus eurycerus;Tragelaphus imberbis;Tragelaphus strepsiceros	Bovinae	0.631578947368421	0	3	Bison | Bos frontalis | Bos grunniens | Bos indicus | Bos javanicus | Bos mutus | Bos taurus | Tragelaphus buxtoni | Tragelaphus eurycerus | Tragelaphus imberbis | Tragelaphus strepsiceros	"[{""depth"": 8, ""descendants"": [""Bison bison"", ""Bison bonasus""], ""n_descendants"": 2, ""node"": ""Bison""}, {""depth"": 9, ""descendants"": [""Bos frontalis""], ""n_descendants"": 1, ""node"": ""Bos frontalis""}, {""depth"": 9, ""descendants"": [""Bos grunniens""], ""n_descendants"": 1, ""node"": ""Bos grunniens""}, {""depth"": 9, ""descendants"": [""Bos indicus""], ""n_descendants"": 1, ""node"": ""Bos indicus""}, {""depth"": 9, ""descendants"": [""Bos javanicus""], ""n_descendants"": 1, ""node"": ""Bos javanicus""}, {""depth"": 9, ""descendants"": [""Bos mutus""], ""n_descendants"": 1, ""node"": ""Bos mutus""}, {""depth"": 9, ""descendants"": [""Bos taurus""], ""n_descendants"": 1, ""node"": ""Bos taurus""}, {""depth"": 8, ""descendants"": [""Tragelaphus buxtoni""], ""n_descendants"": 1, ""node"": ""Tragelaphus buxtoni""}, {""depth"": 8, ""descendants"": [""Tragelaphus eurycerus""], ""n_descendants"": 1, ""node"": ""Tragelaphus eurycerus""}, {""depth"": 8, ""descendants"": [""Tragelaphus imberbis""], ""n_descendants"": 1, ""node"": ""Tragelaphus imberbis""}, {""depth"": 8, ""descendants"": [""Tragelaphus strepsiceros""], ""n_descendants"": 1, ""node"": ""Tragelaphus strepsiceros""}]"		Relative phylogenetic chronology only; no absolute age inferred without a dated tree.
inframe_deletion|ex6|pos459|len24	inframe_deletion	exon_6	6.0	12	Alces alces;Capreolus capreolus;Cervus canadensis;Cervus elaphus;Cervus hanglu;Cervus nippon;Dama dama;Elaphurus davidianus;Muntiacus feae;Muntiacus gongshanensis;Muntiacus muntjak;Rusa alfredi	Cervidae	0.5714285714285714	0	5	Muntiacus feae | Muntiacus gongshanensis | Muntiacus muntjak | Cervus canadensis | Cervus elaphus | Cervus hanglu | Cervus nippon | Dama + Megaloceros | Elaphurus davidianus | Rusa alfredi | Alces alces | Capreolus	"[{""depth"": 7, ""descendants"": [""Muntiacus feae""], ""n_descendants"": 1, ""node"": ""Muntiacus feae""}, {""depth"": 7, ""descendants"": [""Muntiacus gongshanensis""], ""n_descendants"": 1, ""node"": ""Muntiacus gongshanensis""}, {""depth"": 7, ""descendants"": [""Muntiacus muntjak""], ""n_descendants"": 1, ""node"": ""Muntiacus muntjak""}, {""depth"": 8, ""descendants"": [""Cervus canadensis""], ""n_descendants"": 1, ""node"": ""Cervus canadensis""}, {""depth"": 8, ""descendants"": [""Cervus elaphus""], ""n_descendants"": 1, ""node"": ""Cervus elaphus""}, {""depth"": 8, ""descendants"": [""Cervus hanglu""], ""n_descendants"": 1, ""node"": ""Cervus hanglu""}, {""depth"": 8, ""descendants"": [""Cervus nippon""], ""n_descendants"": 1, ""node"": ""Cervus nippon""}, {""depth"": 7, ""descendants"": [""Dama dama"", ""Megaloceros giganteus""], ""n_descendants"": 2, ""node"": ""Dama + Megaloceros""}, {""depth"": 7, ""descendants"": [""Elaphurus davidianus""], ""n_descendants"": 1, ""node"": ""Elaphurus davidianus""}, {""depth"": 7, ""descendants"": [""Rusa alfredi""], ""n_descendants"": 1, ""node"": ""Rusa alfredi""}, {""depth"": 6, ""descendants"": [""Alces alces""], ""n_descendants"": 1, ""node"": ""Alces alces""}, {""depth"": 7, ""descendants"": [""Capreolus capreolus"", ""Capreolus pygargus""], ""n_descendants"": 2, ""node"": ""Capreolus""}]"		Relative phylogenetic chronology only; no absolute age inferred without a dated tree.
potential_splice_donor_disruption|ex3|AC	potential_splice_donor_disruption	exon_3	3.0	12	Bison bison;Bison bonasus;Bos frontalis;Bos gaurus;Bos grunniens;Bos indicus;Bos javanicus;Bos mutus;Bos taurus;Bubalus bubalis;Bubalus kerabau;Syncerus caffer	Bovini	1.0	0	1	Bovinae	"[{""depth"": 6, ""descendants"": [""Bison bison"", ""Bison bonasus"", ""Bos frontalis"", ""Bos gaurus"", ""Bos grunniens"", ""Bos indicus"", ""Bos javanicus"", ""Bos mutus"", ""Bos taurus"", ""Bubalus bubalis"", ""Bubalus depressicornis"", ""Bubalus kerabau"", ""Syncerus caffer"", ""Pseudoryx nghetinhensis"", ""Tragelaphus buxtoni"", ""Tragelaphus eurycerus"", ""Tragelaphus imberbis"", ""Tragelaphus oryx"", ""Tragelaphus scriptus"", ""Tragelaphus spekii"", ""Tragelaphus strepsiceros""], ""n_descendants"": 21, ""node"": ""Bovinae""}]"		Relative phylogenetic chronology only; no absolute age inferred without a dated tree.
frameshift_induced_stop|ex2|codon144	frameshift_induced_stop	exon_2	2.0	11	Capreolus capreolus;Cervus albirostris;Cervus elaphus;Cervus hanglu;Cervus nippon;Dama dama;Hydropotes inermis;Muntiacus gongshanensis;Odocoileus hemionus;Odocoileus virginianus;Rusa alfredi	Cervidae	0.5238095238095238	0	5	Muntiacus gongshanensis | Cervus albirostris | Cervus elaphus | Cervus hanglu | Cervus nippon | Dama + Megaloceros | Rusa alfredi | Capreolini | Odocoileus	"[{""depth"": 7, ""descendants"": [""Muntiacus gongshanensis""], ""n_descendants"": 1, ""node"": ""Muntiacus gongshanensis""}, {""depth"": 8, ""descendants"": [""Cervus albirostris""], ""n_descendants"": 1, ""node"": ""Cervus albirostris""}, {""depth"": 8, ""descendants"": [""Cervus elaphus""], ""n_descendants"": 1, ""node"": ""Cervus elaphus""}, {""depth"": 8, ""descendants"": [""Cervus hanglu""], ""n_descendants"": 1, ""node"": ""Cervus hanglu""}, {""depth"": 8, ""descendants"": [""Cervus nippon""], ""n_descendants"": 1, ""node"": ""Cervus nippon""}, {""depth"": 7, ""descendants"": [""Dama dama"", ""Megaloceros giganteus""], ""n_descendants"": 2, ""node"": ""Dama + Megaloceros""}, {""depth"": 7, ""descendants"": [""Rusa alfredi""], ""n_descendants"": 1, ""node"": ""Rusa alfredi""}, {""depth"": 6, ""descendants"": [""Capreolus capreolus"", ""Capreolus pygargus"", ""Hydropotes inermis""], ""n_descendants"": 3, ""node"": ""Capreolini""}, {""depth"": 7, ""descendants"": [""Odocoileus hemionus"", ""Odocoileus virginianus""], ""n_descendants"": 2, ""node"": ""Odocoileus""}]"		Relative phylogenetic chronology only; no absolute age inferred without a dated tree.
frameshift_insertion|ex2|pos298|len1	frameshift_insertion	exon_2	2.0	11	Ammotragus lervia;Capra aegagrus;Capra falconeri;Capra hircus;Capra ibex;Capra nubiana;Capra sibirica;Ovis canadensis;Ovis nivicola;Ovis orientalis;Pantholops hodgsonii	Bovidae	0.19642857142857142	0	3	Ammotragus lervia | Capra | Ovis canadensis | Ovis nivicola | Ovis orientalis | Pantholops hodgsonii	"[{""depth"": 7, ""descendants"": [""Ammotragus lervia""], ""n_descendants"": 1, ""node"": ""Ammotragus lervia""}, {""depth"": 7, ""descendants"": [""Capra aegagrus"", ""Capra falconeri"", ""Capra hircus"", ""Capra ibex"", ""Capra nubiana"", ""Capra sibirica""], ""n_descendants"": 6, ""node"": ""Capra""}, {""depth"": 8, ""descendants"": [""Ovis canadensis""], ""n_descendants"": 1, ""node"": ""Ovis canadensis""}, {""depth"": 8, ""descendants"": [""Ovis nivicola""], ""n_descendants"": 1, ""node"": ""Ovis nivicola""}, {""depth"": 8, ""descendants"": [""Ovis orientalis""], ""n_descendants"": 1, ""node"": ""Ovis orientalis""}, {""depth"": 6, ""descendants"": [""Pantholops hodgsonii""], ""n_descendants"": 1, ""node"": ""Pantholops hodgsonii""}]"		Relative phylogenetic chronology only; no absolute age inferred without a dated tree.
probable_exon_deletion|ex4|pos1|len213	probable_exon_deletion	exon_4	4.0	11	Cervus albirostris;Cervus canadensis;Cervus elaphus;Cervus hanglu;Cervus nippon;Elaphurus davidianus;Rucervus eldii;Rupicapra rupicapra;Rusa alfredi;Tragelaphus spekii;Tragelaphus strepsiceros	Cervidae + (Moschidae + Bovidae)	0.13414634146341464	0	3	Cervus | Elaphurus davidianus | Rucervus eldii | Rusa alfredi | Tragelaphus spekii | Tragelaphus strepsiceros | Rupicapra rupicapra	"[{""depth"": 7, ""descendants"": [""Cervus albirostris"", ""Cervus canadensis"", ""Cervus elaphus"", ""Cervus hanglu"", ""Cervus nippon""], ""n_descendants"": 5, ""node"": ""Cervus""}, {""depth"": 7, ""descendants"": [""Elaphurus davidianus""], ""n_descendants"": 1, ""node"": ""Elaphurus davidianus""}, {""depth"": 7, ""descendants"": [""Rucervus eldii""], ""n_descendants"": 1, ""node"": ""Rucervus eldii""}, {""depth"": 7, ""descendants"": [""Rusa alfredi""], ""n_descendants"": 1, ""node"": ""Rusa alfredi""}, {""depth"": 8, ""descendants"": [""Tragelaphus spekii""], ""n_descendants"": 1, ""node"": ""Tragelaphus spekii""}, {""depth"": 8, ""descendants"": [""Tragelaphus strepsiceros""], ""n_descendants"": 1, ""node"": ""Tragelaphus strepsiceros""}, {""depth"": 7, ""descendants"": [""Rupicapra rupicapra""], ""n_descendants"": 1, ""node"": ""Rupicapra rupicapra""}]"		Relative phylogenetic chronology only; no absolute age inferred without a dated tree.
frameshift_deletion|ex6|pos738|len2	frameshift_deletion	exon_6	6.0	10	Axis porcinus;Cervus albirostris;Cervus canadensis;Cervus elaphus;Cervus hanglu;Cervus nippon;Dama dama;Elaphurus davidianus;Rucervus eldii;Rusa alfredi	Cervini	1.0	0	1	Cervini	"[{""depth"": 6, ""descendants"": [""Axis porcinus"", ""Cervus albirostris"", ""Cervus canadensis"", ""Cervus elaphus"", ""Cervus hanglu"", ""Cervus nippon"", ""Dama dama"", ""Megaloceros giganteus"", ""Elaphurus davidianus"", ""Rucervus eldii"", ""Rusa alfredi""], ""n_descendants"": 11, ""node"": ""Cervini""}]"		Relative phylogenetic chronology only; no absolute age inferred without a dated tree.
inframe_deletion|ex6|pos744|len3	inframe_deletion	exon_6	6.0	10	Axis porcinus;Cervus albirostris;Cervus canadensis;Cervus elaphus;Cervus hanglu;Cervus nippon;Dama dama;Elaphurus davidianus;Rucervus eldii;Rusa alfredi	Cervini	1.0	0	1	Cervini	"[{""depth"": 6, ""descendants"": [""Axis porcinus"", ""Cervus albirostris"", ""Cervus canadensis"", ""Cervus elaphus"", ""Cervus hanglu"", ""Cervus nippon"", ""Dama dama"", ""Megaloceros giganteus"", ""Elaphurus davidianus"", ""Rucervus eldii"", ""Rusa alfredi""], ""n_descendants"": 11, ""node"": ""Cervini""}]"		Relative phylogenetic chronology only; no absolute age inferred without a dated tree.
premature_stop|ex3|codon210	premature_stop	exon_3	3.0	10	Bison bison;Bison bonasus;Bos frontalis;Bos gaurus;Bos grunniens;Bos indicus;Bos javanicus;Bos mutus;Bos taurus;Raphicerus campestris	Bovidae	0.18518518518518517	0	2	Bison | Bos | Raphicerus campestris	"[{""depth"": 8, ""descendants"": [""Bison bison"", ""Bison bonasus""], ""n_descendants"": 2, ""node"": ""Bison""}, {""depth"": 8, ""descendants"": [""Bos frontalis"", ""Bos gaurus"", ""Bos grunniens"", ""Bos indicus"", ""Bos javanicus"", ""Bos mutus"", ""Bos taurus""], ""n_descendants"": 7, ""node"": ""Bos""}, {""depth"": 7, ""descendants"": [""Raphicerus campestris""], ""n_descendants"": 1, ""node"": ""Raphicerus campestris""}]"		Relative phylogenetic chronology only; no absolute age inferred without a dated tree.
frameshift_deletion|ex3|pos129|len1	frameshift_deletion	exon_3	3.0	9	Bison bison;Bison bonasus;Bos frontalis;Bos gaurus;Bos grunniens;Bos indicus;Bos javanicus;Bos mutus;Bos taurus	Bovini	0.75	0	1	Bison | Bos	"[{""depth"": 8, ""descendants"": [""Bison bison"", ""Bison bonasus""], ""n_descendants"": 2, ""node"": ""Bison""}, {""depth"": 8, ""descendants"": [""Bos frontalis"", ""Bos gaurus"", ""Bos grunniens"", ""Bos indicus"", ""Bos javanicus"", ""Bos mutus"", ""Bos taurus""], ""n_descendants"": 7, ""node"": ""Bos""}]"		Relative phylogenetic chronology only; no absolute age inferred without a dated tree.
frameshift_induced_stop|ex3|codon178	frameshift_induced_stop	exon_3	3.0	9	Ammotragus lervia;Budorcas taxicolor;Capra ibex;Capra sibirica;Capricornis sumatraensis;Oreamnos americanus;Ovis canadensis;Ovis nivicola;Ovis orientalis	Caprini	0.5	0	3	Ammotragus lervia | Budorcas taxicolor | Capra ibex | Capra sibirica | Capricornis sumatraensis | Oreamnos americanus | Ovis canadensis | Ovis nivicola | Ovis orientalis	"[{""depth"": 7, ""descendants"": [""Ammotragus lervia""], ""n_descendants"": 1, ""node"": ""Ammotragus lervia""}, {""depth"": 7, ""descendants"": [""Budorcas taxicolor""], ""n_descendants"": 1, ""node"": ""Budorcas taxicolor""}, {""depth"": 8, ""descendants"": [""Capra ibex""], ""n_descendants"": 1, ""node"": ""Capra ibex""}, {""depth"": 8, ""descendants"": [""Capra sibirica""], ""n_descendants"": 1, ""node"": ""Capra sibirica""}, {""depth"": 7, ""descendants"": [""Capricornis sumatraensis""], ""n_descendants"": 1, ""node"": ""Capricornis sumatraensis""}, {""depth"": 7, ""descendants"": [""Oreamnos americanus""], ""n_descendants"": 1, ""node"": ""Oreamnos americanus""}, {""depth"": 8, ""descendants"": [""Ovis canadensis""], ""n_descendants"": 1, ""node"": ""Ovis canadensis""}, {""depth"": 8, ""descendants"": [""Ovis nivicola""], ""n_descendants"": 1, ""node"": ""Ovis nivicola""}, {""depth"": 8, ""descendants"": [""Ovis orientalis""], ""n_descendants"": 1, ""node"": ""Ovis orientalis""}]"		Relative phylogenetic chronology only; no absolute age inferred without a dated tree.
frameshift_induced_stop|ex3|codon354	frameshift_induced_stop	exon_3	3.0	9	Kobus ellipsiprymnus;Kobus leche;Madoqua kirkii;Muntiacus muntjak;Nanger dama;Nanger granti;Neotragus moschatus;Okapia johnstoni;Tragelaphus buxtoni	remaining Pecora	0.1111111111111111	0	7	Okapia johnstoni | Muntiacus muntjak | Tragelaphus | Kobus | Nanger | Madoqua kirkii | Neotragus moschatus	"[{""depth"": 4, ""descendants"": [""Okapia johnstoni""], ""n_descendants"": 1, ""node"": ""Okapia johnstoni""}, {""depth"": 7, ""descendants"": [""Muntiacus muntjak""], ""n_descendants"": 1, ""node"": ""Muntiacus muntjak""}, {""depth"": 7, ""descendants"": [""Tragelaphus buxtoni"", ""Tragelaphus eurycerus"", ""Tragelaphus imberbis"", ""Tragelaphus oryx"", ""Tragelaphus scriptus"", ""Tragelaphus spekii"", ""Tragelaphus strepsiceros""], ""n_descendants"": 7, ""node"": ""Tragelaphus""}, {""depth"": 7, ""descendants"": [""Kobus ellipsiprymnus"", ""Kobus leche""], ""n_descendants"": 2, ""node"": ""Kobus""}, {""depth"": 7, ""descendants"": [""Nanger dama"", ""Nanger granti""], ""n_descendants"": 2, ""node"": ""Nanger""}, {""depth"": 7, ""descendants"": [""Madoqua kirkii""], ""n_descendants"": 1, ""node"": ""Madoqua kirkii""}, {""depth"": 8, ""descendants"": [""Neotragus moschatus""], ""n_descendants"": 1, ""node"": ""Neotragus moschatus""}]"		Relative phylogenetic chronology only; no absolute age inferred without a dated tree.
frameshift_induced_stop|ex3|codon374	frameshift_induced_stop	exon_3	3.0	9	Capreolus capreolus;Cervus albirostris;Cervus elaphus;Cervus hanglu;Muntiacus gongshanensis;Odocoileus hemionus;Odocoileus virginianus;Rangifer tarandus;Rusa alfredi	Cervidae	0.42857142857142855	0	5	Muntiacus gongshanensis | Cervus albirostris | Cervus elaphus | Cervus hanglu | Rusa alfredi | Capreolus | Odocoileini	"[{""depth"": 7, ""descendants"": [""Muntiacus gongshanensis""], ""n_descendants"": 1, ""node"": ""Muntiacus gongshanensis""}, {""depth"": 8, ""descendants"": [""Cervus albirostris""], ""n_descendants"": 1, ""node"": ""Cervus albirostris""}, {""depth"": 8, ""descendants"": [""Cervus elaphus""], ""n_descendants"": 1, ""node"": ""Cervus elaphus""}, {""depth"": 8, ""descendants"": [""Cervus hanglu""], ""n_descendants"": 1, ""node"": ""Cervus hanglu""}, {""depth"": 7, ""descendants"": [""Rusa alfredi""], ""n_descendants"": 1, ""node"": ""Rusa alfredi""}, {""depth"": 7, ""descendants"": [""Capreolus capreolus"", ""Capreolus pygargus""], ""n_descendants"": 2, ""node"": ""Capreolus""}, {""depth"": 6, ""descendants"": [""Odocoileus hemionus"", ""Odocoileus virginianus"", ""Rangifer tarandus""], ""n_descendants"": 3, ""node"": ""Odocoileini""}]"		Relative phylogenetic chronology only; no absolute age inferred without a dated tree.
frameshift_induced_stop|ex5|codon526	frameshift_induced_stop	exon_5	5.0	9	Ammotragus lervia;Capra ibex;Capra sibirica;Cephalophula zebra;Hippotragus equinus;Oreamnos americanus;Oreotragus oreotragus;Tragelaphus eurycerus;Tragelaphus imberbis	Bovidae	0.16363636363636364	0	6	Tragelaphus eurycerus | Tragelaphus imberbis | Hippotragus equinus | Cephalophula zebra | Ammotragus lervia | Capra ibex | Capra sibirica | Oreamnos americanus | Oreotragus oreotragus	"[{""depth"": 8, ""descendants"": [""Tragelaphus eurycerus""], ""n_descendants"": 1, ""node"": ""Tragelaphus eurycerus""}, {""depth"": 8, ""descendants"": [""Tragelaphus imberbis""], ""n_descendants"": 1, ""node"": ""Tragelaphus imberbis""}, {""depth"": 8, ""descendants"": [""Hippotragus equinus""], ""n_descendants"": 1, ""node"": ""Hippotragus equinus""}, {""depth"": 7, ""descendants"": [""Cephalophula zebra""], ""n_descendants"": 1, ""node"": ""Cephalophula zebra""}, {""depth"": 7, ""descendants"": [""Ammotragus lervia""], ""n_descendants"": 1, ""node"": ""Ammotragus lervia""}, {""depth"": 8, ""descendants"": [""Capra ibex""], ""n_descendants"": 1, ""node"": ""Capra ibex""}, {""depth"": 8, ""descendants"": [""Capra sibirica""], ""n_descendants"": 1, ""node"": ""Capra sibirica""}, {""depth"": 7, ""descendants"": [""Oreamnos americanus""], ""n_descendants"": 1, ""node"": ""Oreamnos americanus""}, {""depth"": 7, ""descendants"": [""Oreotragus oreotragus""], ""n_descendants"": 1, ""node"": ""Oreotragus oreotragus""}]"		Relative phylogenetic chronology only; no absolute age inferred without a dated tree.
frameshift_induced_stop|ex6|codon691	frameshift_induced_stop	exon_6	6.0	9	Beatragus hunteri;Neotragus moschatus;Oryx gazella;Ovis vignei;Rupicapra rupicapra;Tragelaphus eurycerus;Tragelaphus imberbis;Tragelaphus oryx;Tragelaphus spekii	Bovidae	0.15517241379310345	0	6	Tragelaphus eurycerus | Tragelaphus imberbis | Tragelaphus oryx | Tragelaphus spekii | Beatragus hunteri | Oryx gazella | Ovis vignei | Rupicapra rupicapra | Neotragus moschatus	"[{""depth"": 8, ""descendants"": [""Tragelaphus eurycerus""], ""n_descendants"": 1, ""node"": ""Tragelaphus eurycerus""}, {""depth"": 8, ""descendants"": [""Tragelaphus imberbis""], ""n_descendants"": 1, ""node"": ""Tragelaphus imberbis""}, {""depth"": 8, ""descendants"": [""Tragelaphus oryx""], ""n_descendants"": 1, ""node"": ""Tragelaphus oryx""}, {""depth"": 8, ""descendants"": [""Tragelaphus spekii""], ""n_descendants"": 1, ""node"": ""Tragelaphus spekii""}, {""depth"": 7, ""descendants"": [""Beatragus hunteri""], ""n_descendants"": 1, ""node"": ""Beatragus hunteri""}, {""depth"": 8, ""descendants"": [""Oryx gazella""], ""n_descendants"": 1, ""node"": ""Oryx gazella""}, {""depth"": 8, ""descendants"": [""Ovis vignei""], ""n_descendants"": 1, ""node"": ""Ovis vignei""}, {""depth"": 7, ""descendants"": [""Rupicapra rupicapra""], ""n_descendants"": 1, ""node"": ""Rupicapra rupicapra""}, {""depth"": 8, ""descendants"": [""Neotragus moschatus""], ""n_descendants"": 1, ""node"": ""Neotragus moschatus""}]"		Relative phylogenetic chronology only; no absolute age inferred without a dated tree.
frameshift_induced_stop|ex6|codon786	frameshift_induced_stop	exon_6	6.0	9	Bison bonasus;Bos grunniens;Bos mutus;Bubalus depressicornis;Neotragus moschatus;Pseudois nayaur;Tragelaphus buxtoni;Tragulus javanicus;Tragulus kanchil	Ruminantia	0.10227272727272728	0	7	Tragulus | Bison bonasus | Bos grunniens | Bos mutus | Bubalus depressicornis | Tragelaphus buxtoni | Pseudois nayaur | Neotragus moschatus	"[{""depth"": 1, ""descendants"": [""Tragulus javanicus"", ""Tragulus kanchil""], ""n_descendants"": 2, ""node"": ""Tragulus""}, {""depth"": 9, ""descendants"": [""Bison bonasus""], ""n_descendants"": 1, ""node"": ""Bison bonasus""}, {""depth"": 9, ""descendants"": [""Bos grunniens""], ""n_descendants"": 1, ""node"": ""Bos grunniens""}, {""depth"": 9, ""descendants"": [""Bos mutus""], ""n_descendants"": 1, ""node"": ""Bos mutus""}, {""depth"": 9, ""descendants"": [""Bubalus depressicornis""], ""n_descendants"": 1, ""node"": ""Bubalus depressicornis""}, {""depth"": 8, ""descendants"": [""Tragelaphus buxtoni""], ""n_descendants"": 1, ""node"": ""Tragelaphus buxtoni""}, {""depth"": 7, ""descendants"": [""Pseudois nayaur""], ""n_descendants"": 1, ""node"": ""Pseudois nayaur""}, {""depth"": 8, ""descendants"": [""Neotragus moschatus""], ""n_descendants"": 1, ""node"": ""Neotragus moschatus""}]"		Relative phylogenetic chronology only; no absolute age inferred without a dated tree.
frameshift_insertion|ex6|pos325|len1	frameshift_insertion	exon_6	6.0	9	Bison bison;Bison bonasus;Bos frontalis;Bos gaurus;Bos grunniens;Bos indicus;Bos javanicus;Bos mutus;Bos taurus	Bovini	0.6923076923076923	0	1	Bison | Bos	"[{""depth"": 8, ""descendants"": [""Bison bison"", ""Bison bonasus""], ""n_descendants"": 2, ""node"": ""Bison""}, {""depth"": 8, ""descendants"": [""Bos frontalis"", ""Bos gaurus"", ""Bos grunniens"", ""Bos indicus"", ""Bos javanicus"", ""Bos mutus"", ""Bos taurus""], ""n_descendants"": 7, ""node"": ""Bos""}]"		Relative phylogenetic chronology only; no absolute age inferred without a dated tree.
frameshift_deletion|ex1|pos120|len4	frameshift_deletion	exon_1	1.0	8	Ammotragus lervia;Cephalophula zebra;Cephalophus harveyi;Hippotragus equinus;Ovis ammon;Ovis orientalis;Procapra przewalskii;Rupicapra rupicapra	Bovidae	0.16326530612244897	0	4	Hippotragus equinus | Cephalophini | Ammotragus lervia | Ovis ammon | Ovis orientalis | Rupicapra rupicapra | Antilopini	"[{""depth"": 8, ""descendants"": [""Hippotragus equinus""], ""n_descendants"": 1, ""node"": ""Hippotragus equinus""}, {""depth"": 6, ""descendants"": [""Cephalophula zebra"", ""Cephalophus harveyi"", ""Philantomba maxwellii"", ""Sylvicapra grimmia""], ""n_descendants"": 4, ""node"": ""Cephalophini""}, {""depth"": 7, ""descendants"": [""Ammotragus lervia""], ""n_descendants"": 1, ""node"": ""Ammotragus lervia""}, {""depth"": 8, ""descendants"": [""Ovis ammon""], ""n_descendants"": 1, ""node"": ""Ovis ammon""}, {""depth"": 8, ""descendants"": [""Ovis orientalis""], ""n_descendants"": 1, ""node"": ""Ovis orientalis""}, {""depth"": 7, ""descendants"": [""Rupicapra rupicapra""], ""n_descendants"": 1, ""node"": ""Rupicapra rupicapra""}, {""depth"": 6, ""descendants"": [""Antidorcas marsupialis"", ""Eudorcas thomsonii"", ""Nanger dama"", ""Nanger granti"", ""Procapra przewalskii"", ""Saiga tatarica""], ""n_descendants"": 6, ""node"": ""Antilopini""}]"		Relative phylogenetic chronology only; no absolute age inferred without a dated tree.
frameshift_deletion|ex3|pos532|len2	frameshift_deletion	exon_3	3.0	8	Kobus ellipsiprymnus;Kobus leche;Madoqua kirkii;Ovis ammon;Ovis aries;Ovis vignei;Redunca redunca;Syncerus caffer	Bovidae	0.14814814814814814	0	4	Syncerus caffer | Reduncini | Ovis ammon | Ovis aries | Ovis vignei | Madoqua kirkii	"[{""depth"": 8, ""descendants"": [""Syncerus caffer""], ""n_descendants"": 1, ""node"": ""Syncerus caffer""}, {""depth"": 6, ""descendants"": [""Kobus ellipsiprymnus"", ""Kobus leche"", ""Redunca redunca""], ""n_descendants"": 3, ""node"": ""Reduncini""}, {""depth"": 8, ""descendants"": [""Ovis ammon""], ""n_descendants"": 1, ""node"": ""Ovis ammon""}, {""depth"": 8, ""descendants"": [""Ovis aries""], ""n_descendants"": 1, ""node"": ""Ovis aries""}, {""depth"": 8, ""descendants"": [""Ovis vignei""], ""n_descendants"": 1, ""node"": ""Ovis vignei""}, {""depth"": 7, ""descendants"": [""Madoqua kirkii""], ""n_descendants"": 1, ""node"": ""Madoqua kirkii""}]"		Relative phylogenetic chronology only; no absolute age inferred without a dated tree.
frameshift_deletion|ex3|pos532|len4	frameshift_deletion	exon_3	3.0	8	Giraffa camelopardalis;Giraffa tippelskirchi;Okapia johnstoni;Tragelaphus buxtoni;Tragelaphus eurycerus;Tragelaphus imberbis;Tragelaphus spekii;Tragelaphus strepsiceros	remaining Pecora	0.09411764705882353	0	2	Giraffidae | Tragelaphus	"[{""depth"": 3, ""descendants"": [""Giraffa camelopardalis"", ""Giraffa tippelskirchi"", ""Okapia johnstoni""], ""n_descendants"": 3, ""node"": ""Giraffidae""}, {""depth"": 7, ""descendants"": [""Tragelaphus buxtoni"", ""Tragelaphus eurycerus"", ""Tragelaphus imberbis"", ""Tragelaphus oryx"", ""Tragelaphus scriptus"", ""Tragelaphus spekii"", ""Tragelaphus strepsiceros""], ""n_descendants"": 7, ""node"": ""Tragelaphus""}]"		Relative phylogenetic chronology only; no absolute age inferred without a dated tree.
frameshift_induced_stop|ex3|codon218	frameshift_induced_stop	exon_3	3.0	8	Bison bison;Bos frontalis;Bos gaurus;Bos grunniens;Bos indicus;Bos javanicus;Bos mutus;Bos taurus	Bovini	0.6666666666666666	0	2	Bison bison | Bos	"[{""depth"": 9, ""descendants"": [""Bison bison""], ""n_descendants"": 1, ""node"": ""Bison bison""}, {""depth"": 8, ""descendants"": [""Bos frontalis"", ""Bos gaurus"", ""Bos grunniens"", ""Bos indicus"", ""Bos javanicus"", ""Bos mutus"", ""Bos taurus""], ""n_descendants"": 7, ""node"": ""Bos""}]"		Relative phylogenetic chronology only; no absolute age inferred without a dated tree.
frameshift_induced_stop|ex3|codon371	frameshift_induced_stop	exon_3	3.0	8	Bubalus bubalis;Bubalus kerabau;Cephalophula zebra;Hippotragus equinus;Hippotragus niger;Kobus ellipsiprymnus;Kobus leche;Oryx dammah	Bovidae	0.14814814814814814	0	5	Bubalus | Hippotragus | Oryx dammah | Kobus | Cephalophula zebra	"[{""depth"": 8, ""descendants"": [""Bubalus bubalis"", ""Bubalus depressicornis"", ""Bubalus kerabau""], ""n_descendants"": 3, ""node"": ""Bubalus""}, {""depth"": 7, ""descendants"": [""Hippotragus equinus"", ""Hippotragus niger""], ""n_descendants"": 2, ""node"": ""Hippotragus""}, {""depth"": 8, ""descendants"": [""Oryx dammah""], ""n_descendants"": 1, ""node"": ""Oryx dammah""}, {""depth"": 7, ""descendants"": [""Kobus ellipsiprymnus"", ""Kobus leche""], ""n_descendants"": 2, ""node"": ""Kobus""}, {""depth"": 7, ""descendants"": [""Cephalophula zebra""], ""n_descendants"": 1, ""node"": ""Cephalophula zebra""}]"		Relative phylogenetic chronology only; no absolute age inferred without a dated tree.
frameshift_induced_stop|ex6|codon722	frameshift_induced_stop	exon_6	6.0	8	Bubalus bubalis;Bubalus kerabau;Capricornis sumatraensis;Hippotragus equinus;Hippotragus niger;Neotragus pygmaeus;Tragelaphus eurycerus;Tragelaphus imberbis	Bovidae	0.13793103448275862	0	5	Bubalus bubalis | Bubalus kerabau | Tragelaphus eurycerus | Tragelaphus imberbis | Hippotragus | Capricornis sumatraensis | Neotragus pygmaeus	"[{""depth"": 9, ""descendants"": [""Bubalus bubalis""], ""n_descendants"": 1, ""node"": ""Bubalus bubalis""}, {""depth"": 9, ""descendants"": [""Bubalus kerabau""], ""n_descendants"": 1, ""node"": ""Bubalus kerabau""}, {""depth"": 8, ""descendants"": [""Tragelaphus eurycerus""], ""n_descendants"": 1, ""node"": ""Tragelaphus eurycerus""}, {""depth"": 8, ""descendants"": [""Tragelaphus imberbis""], ""n_descendants"": 1, ""node"": ""Tragelaphus imberbis""}, {""depth"": 7, ""descendants"": [""Hippotragus equinus"", ""Hippotragus niger""], ""n_descendants"": 2, ""node"": ""Hippotragus""}, {""depth"": 7, ""descendants"": [""Capricornis sumatraensis""], ""n_descendants"": 1, ""node"": ""Capricornis sumatraensis""}, {""depth"": 8, ""descendants"": [""Neotragus pygmaeus""], ""n_descendants"": 1, ""node"": ""Neotragus pygmaeus""}]"		Relative phylogenetic chronology only; no absolute age inferred without a dated tree.
potential_splice_donor_disruption|ex2|AG	potential_splice_donor_disruption	exon_2	2.0	8	Cervus albirostris;Cervus canadensis;Cervus elaphus;Cervus hanglu;Elaphurus davidianus;Kobus leche;Rucervus eldii;Rusa alfredi	Cervidae + (Moschidae + Bovidae)	0.10126582278481013	0	3	Cervus albirostris | Cervus canadensis | Cervus elaphus | Cervus hanglu | Elaphurus davidianus | Rucervus eldii | Rusa alfredi | Kobus leche	"[{""depth"": 8, ""descendants"": [""Cervus albirostris""], ""n_descendants"": 1, ""node"": ""Cervus albirostris""}, {""depth"": 8, ""descendants"": [""Cervus canadensis""], ""n_descendants"": 1, ""node"": ""Cervus canadensis""}, {""depth"": 8, ""descendants"": [""Cervus elaphus""], ""n_descendants"": 1, ""node"": ""Cervus elaphus""}, {""depth"": 8, ""descendants"": [""Cervus hanglu""], ""n_descendants"": 1, ""node"": ""Cervus hanglu""}, {""depth"": 7, ""descendants"": [""Elaphurus davidianus""], ""n_descendants"": 1, ""node"": ""Elaphurus davidianus""}, {""depth"": 7, ""descendants"": [""Rucervus eldii""], ""n_descendants"": 1, ""node"": ""Rucervus eldii""}, {""depth"": 7, ""descendants"": [""Rusa alfredi""], ""n_descendants"": 1, ""node"": ""Rusa alfredi""}, {""depth"": 8, ""descendants"": [""Kobus leche""], ""n_descendants"": 1, ""node"": ""Kobus leche""}]"		Relative phylogenetic chronology only; no absolute age inferred without a dated tree.
candidate_large_frameshift_insertion|ex2|pos237|len811	candidate_large_frameshift_insertion	exon_2	2.0	7	Axis porcinus;Elaphurus davidianus;Muntiacus crinifrons;Muntiacus feae;Muntiacus muntjak;Muntiacus reevesi;Rucervus eldii	Cervinae	0.4666666666666667	0	2	Muntiacus crinifrons | Muntiacus feae | Muntiacus muntjak | Muntiacus reevesi | Axis porcinus | Elaphurus davidianus | Rucervus eldii	"[{""depth"": 7, ""descendants"": [""Muntiacus crinifrons""], ""n_descendants"": 1, ""node"": ""Muntiacus crinifrons""}, {""depth"": 7, ""descendants"": [""Muntiacus feae""], ""n_descendants"": 1, ""node"": ""Muntiacus feae""}, {""depth"": 7, ""descendants"": [""Muntiacus muntjak""], ""n_descendants"": 1, ""node"": ""Muntiacus muntjak""}, {""depth"": 7, ""descendants"": [""Muntiacus reevesi""], ""n_descendants"": 1, ""node"": ""Muntiacus reevesi""}, {""depth"": 7, ""descendants"": [""Axis porcinus""], ""n_descendants"": 1, ""node"": ""Axis porcinus""}, {""depth"": 7, ""descendants"": [""Elaphurus davidianus""], ""n_descendants"": 1, ""node"": ""Elaphurus davidianus""}, {""depth"": 7, ""descendants"": [""Rucervus eldii""], ""n_descendants"": 1, ""node"": ""Rucervus eldii""}]"		Relative phylogenetic chronology only; no absolute age inferred without a dated tree.
frameshift_induced_stop|ex3|codon372	frameshift_induced_stop	exon_3	3.0	7	Alcelaphus buselaphus;Capricornis sumatraensis;Cephalophula zebra;Cephalophus harveyi;Neotragus pygmaeus;Redunca redunca;Syncerus caffer	Bovidae	0.12727272727272726	0	6	Syncerus caffer | Alcelaphus buselaphus | Redunca redunca | Cephalophini | Capricornis sumatraensis | Neotragus pygmaeus	"[{""depth"": 8, ""descendants"": [""Syncerus caffer""], ""n_descendants"": 1, ""node"": ""Syncerus caffer""}, {""depth"": 7, ""descendants"": [""Alcelaphus buselaphus""], ""n_descendants"": 1, ""node"": ""Alcelaphus buselaphus""}, {""depth"": 7, ""descendants"": [""Redunca redunca""], ""n_descendants"": 1, ""node"": ""Redunca redunca""}, {""depth"": 6, ""descendants"": [""Cephalophula zebra"", ""Cephalophus harveyi"", ""Philantomba maxwellii"", ""Sylvicapra grimmia""], ""n_descendants"": 4, ""node"": ""Cephalophini""}, {""depth"": 7, ""descendants"": [""Capricornis sumatraensis""], ""n_descendants"": 1, ""node"": ""Capricornis sumatraensis""}, {""depth"": 8, ""descendants"": [""Neotragus pygmaeus""], ""n_descendants"": 1, ""node"": ""Neotragus pygmaeus""}]"		Relative phylogenetic chronology only; no absolute age inferred without a dated tree.
frameshift_induced_stop|ex6|codon698	frameshift_induced_stop	exon_6	6.0	7	Bison bison;Bos frontalis;Bos gaurus;Bos indicus;Bos javanicus;Bos taurus;Syncerus caffer	Bovini	0.5384615384615384	0	3	Bison bison | Bos frontalis | Bos gaurus | Bos indicus | Bos javanicus | Bos taurus | Syncerus caffer	"[{""depth"": 9, ""descendants"": [""Bison bison""], ""n_descendants"": 1, ""node"": ""Bison bison""}, {""depth"": 9, ""descendants"": [""Bos frontalis""], ""n_descendants"": 1, ""node"": ""Bos frontalis""}, {""depth"": 9, ""descendants"": [""Bos gaurus""], ""n_descendants"": 1, ""node"": ""Bos gaurus""}, {""depth"": 9, ""descendants"": [""Bos indicus""], ""n_descendants"": 1, ""node"": ""Bos indicus""}, {""depth"": 9, ""descendants"": [""Bos javanicus""], ""n_descendants"": 1, ""node"": ""Bos javanicus""}, {""depth"": 9, ""descendants"": [""Bos taurus""], ""n_descendants"": 1, ""node"": ""Bos taurus""}, {""depth"": 8, ""descendants"": [""Syncerus caffer""], ""n_descendants"": 1, ""node"": ""Syncerus caffer""}]"		Relative phylogenetic chronology only; no absolute age inferred without a dated tree.
frameshift_insertion|ex1|pos134|len1	frameshift_insertion	exon_1	1.0	7	Ammotragus lervia;Budorcas taxicolor;Capra ibex;Capra sibirica;Connochaetes taurinus;Oreamnos americanus;Pantholops hodgsonii	Bovidae	0.14285714285714285	0	4	Connochaetes taurinus | Ammotragus lervia | Budorcas taxicolor | Capra ibex | Capra sibirica | Oreamnos americanus | Pantholops hodgsonii	"[{""depth"": 7, ""descendants"": [""Connochaetes taurinus""], ""n_descendants"": 1, ""node"": ""Connochaetes taurinus""}, {""depth"": 7, ""descendants"": [""Ammotragus lervia""], ""n_descendants"": 1, ""node"": ""Ammotragus lervia""}, {""depth"": 7, ""descendants"": [""Budorcas taxicolor""], ""n_descendants"": 1, ""node"": ""Budorcas taxicolor""}, {""depth"": 8, ""descendants"": [""Capra ibex""], ""n_descendants"": 1, ""node"": ""Capra ibex""}, {""depth"": 8, ""descendants"": [""Capra sibirica""], ""n_descendants"": 1, ""node"": ""Capra sibirica""}, {""depth"": 7, ""descendants"": [""Oreamnos americanus""], ""n_descendants"": 1, ""node"": ""Oreamnos americanus""}, {""depth"": 6, ""descendants"": [""Pantholops hodgsonii""], ""n_descendants"": 1, ""node"": ""Pantholops hodgsonii""}]"		Relative phylogenetic chronology only; no absolute age inferred without a dated tree.
inframe_deletion|ex3|pos669|len3	inframe_deletion	exon_3	3.0	7	Budorcas taxicolor;Kobus ellipsiprymnus;Kobus leche;Ovis ammon;Ovis aries;Ovis vignei;Redunca redunca	Bovidae	0.12962962962962962	0	3	Reduncini | Budorcas taxicolor | Ovis ammon | Ovis aries | Ovis vignei	"[{""depth"": 6, ""descendants"": [""Kobus ellipsiprymnus"", ""Kobus leche"", ""Redunca redunca""], ""n_descendants"": 3, ""node"": ""Reduncini""}, {""depth"": 7, ""descendants"": [""Budorcas taxicolor""], ""n_descendants"": 1, ""node"": ""Budorcas taxicolor""}, {""depth"": 8, ""descendants"": [""Ovis ammon""], ""n_descendants"": 1, ""node"": ""Ovis ammon""}, {""depth"": 8, ""descendants"": [""Ovis aries""], ""n_descendants"": 1, ""node"": ""Ovis aries""}, {""depth"": 8, ""descendants"": [""Ovis vignei""], ""n_descendants"": 1, ""node"": ""Ovis vignei""}]"		Relative phylogenetic chronology only; no absolute age inferred without a dated tree.
frameshift_induced_stop|ex3|codon401	frameshift_induced_stop	exon_3	3.0	6	Capra ibex;Capra sibirica;Oreamnos americanus;Ovis canadensis;Ovis nivicola;Ovis orientalis	Caprini	0.3333333333333333	0	3	Capra ibex | Capra sibirica | Oreamnos americanus | Ovis canadensis | Ovis nivicola | Ovis orientalis	"[{""depth"": 8, ""descendants"": [""Capra ibex""], ""n_descendants"": 1, ""node"": ""Capra ibex""}, {""depth"": 8, ""descendants"": [""Capra sibirica""], ""n_descendants"": 1, ""node"": ""Capra sibirica""}, {""depth"": 7, ""descendants"": [""Oreamnos americanus""], ""n_descendants"": 1, ""node"": ""Oreamnos americanus""}, {""depth"": 8, ""descendants"": [""Ovis canadensis""], ""n_descendants"": 1, ""node"": ""Ovis canadensis""}, {""depth"": 8, ""descendants"": [""Ovis nivicola""], ""n_descendants"": 1, ""node"": ""Ovis nivicola""}, {""depth"": 8, ""descendants"": [""Ovis orientalis""], ""n_descendants"": 1, ""node"": ""Ovis orientalis""}]"		Relative phylogenetic chronology only; no absolute age inferred without a dated tree.
frameshift_insertion|ex6|pos284|len17	frameshift_insertion	exon_6	6.0	6	Tragelaphus buxtoni;Tragelaphus eurycerus;Tragelaphus imberbis;Tragelaphus oryx;Tragelaphus spekii;Tragelaphus strepsiceros	Tragelaphus	1.0	0	1	Tragelaphus	"[{""depth"": 7, ""descendants"": [""Tragelaphus buxtoni"", ""Tragelaphus eurycerus"", ""Tragelaphus imberbis"", ""Tragelaphus oryx"", ""Tragelaphus scriptus"", ""Tragelaphus spekii"", ""Tragelaphus strepsiceros""], ""n_descendants"": 7, ""node"": ""Tragelaphus""}]"		Relative phylogenetic chronology only; no absolute age inferred without a dated tree.
premature_stop|ex3|codon310	premature_stop	exon_3	3.0	6	Bos grunniens;Bos indicus;Bos javanicus;Bos mutus;Bos taurus;Tragelaphus strepsiceros	Bovinae	0.46153846153846156	0	2	Bos grunniens | Bos indicus | Bos javanicus | Bos mutus | Bos taurus | Tragelaphus	"[{""depth"": 9, ""descendants"": [""Bos grunniens""], ""n_descendants"": 1, ""node"": ""Bos grunniens""}, {""depth"": 9, ""descendants"": [""Bos indicus""], ""n_descendants"": 1, ""node"": ""Bos indicus""}, {""depth"": 9, ""descendants"": [""Bos javanicus""], ""n_descendants"": 1, ""node"": ""Bos javanicus""}, {""depth"": 9, ""descendants"": [""Bos mutus""], ""n_descendants"": 1, ""node"": ""Bos mutus""}, {""depth"": 9, ""descendants"": [""Bos taurus""], ""n_descendants"": 1, ""node"": ""Bos taurus""}, {""depth"": 7, ""descendants"": [""Tragelaphus buxtoni"", ""Tragelaphus eurycerus"", ""Tragelaphus imberbis"", ""Tragelaphus oryx"", ""Tragelaphus scriptus"", ""Tragelaphus spekii"", ""Tragelaphus strepsiceros""], ""n_descendants"": 7, ""node"": ""Tragelaphus""}]"		Relative phylogenetic chronology only; no absolute age inferred without a dated tree.
premature_stop|ex5|codon541	premature_stop	exon_5	5.0	6	Ovis ammon;Ovis aries;Ovis canadensis;Ovis nivicola;Ovis orientalis;Ovis vignei	Ovis	1.0	0	1	Ovis	"[{""depth"": 7, ""descendants"": [""Ovis ammon"", ""Ovis aries"", ""Ovis canadensis"", ""Ovis nivicola"", ""Ovis orientalis"", ""Ovis vignei""], ""n_descendants"": 6, ""node"": ""Ovis""}]"		Relative phylogenetic chronology only; no absolute age inferred without a dated tree.
premature_stop|ex6|codon825	premature_stop	exon_6	6.0	6	Beatragus hunteri;Eudorcas thomsonii;Nanger dama;Nanger granti;Ourebia ourebi;Procapra przewalskii	Bovidae	0.10344827586206896	0	3	Beatragus hunteri | Antilopini | Ourebia ourebi	"[{""depth"": 7, ""descendants"": [""Beatragus hunteri""], ""n_descendants"": 1, ""node"": ""Beatragus hunteri""}, {""depth"": 6, ""descendants"": [""Antidorcas marsupialis"", ""Eudorcas thomsonii"", ""Nanger dama"", ""Nanger granti"", ""Procapra przewalskii"", ""Saiga tatarica""], ""n_descendants"": 6, ""node"": ""Antilopini""}, {""depth"": 7, ""descendants"": [""Ourebia ourebi""], ""n_descendants"": 1, ""node"": ""Ourebia ourebi""}]"		Relative phylogenetic chronology only; no absolute age inferred without a dated tree.
candidate_large_inframe_insertion|ex3|pos407|len135	candidate_large_inframe_insertion	exon_3	3.0	5	Kobus ellipsiprymnus;Kobus leche;Ovis vignei;Pantholops hodgsonii;Redunca redunca	Bovidae	0.09259259259259259	0	2	Reduncini | Ovis vignei | Pantholops hodgsonii	"[{""depth"": 6, ""descendants"": [""Kobus ellipsiprymnus"", ""Kobus leche"", ""Redunca redunca""], ""n_descendants"": 3, ""node"": ""Reduncini""}, {""depth"": 8, ""descendants"": [""Ovis vignei""], ""n_descendants"": 1, ""node"": ""Ovis vignei""}, {""depth"": 6, ""descendants"": [""Pantholops hodgsonii""], ""n_descendants"": 1, ""node"": ""Pantholops hodgsonii""}]"		Relative phylogenetic chronology only; no absolute age inferred without a dated tree.
frameshift_deletion|ex4|pos132|len1	frameshift_deletion	exon_4	4.0	5	Muntiacus muntjak;Neotragus pygmaeus;Tragelaphus eurycerus;Tragelaphus imberbis;Tragelaphus scriptus	Cervidae + (Moschidae + Bovidae)	0.07042253521126761	0	3	Muntiacus muntjak | Tragelaphus | Neotragus pygmaeus	"[{""depth"": 7, ""descendants"": [""Muntiacus muntjak""], ""n_descendants"": 1, ""node"": ""Muntiacus muntjak""}, {""depth"": 7, ""descendants"": [""Tragelaphus buxtoni"", ""Tragelaphus eurycerus"", ""Tragelaphus imberbis"", ""Tragelaphus oryx"", ""Tragelaphus scriptus"", ""Tragelaphus spekii"", ""Tragelaphus strepsiceros""], ""n_descendants"": 7, ""node"": ""Tragelaphus""}, {""depth"": 8, ""descendants"": [""Neotragus pygmaeus""], ""n_descendants"": 1, ""node"": ""Neotragus pygmaeus""}]"		Relative phylogenetic chronology only; no absolute age inferred without a dated tree.
frameshift_deletion|ex6|pos344|len10	frameshift_deletion	exon_6	6.0	5	Tragelaphus buxtoni;Tragelaphus eurycerus;Tragelaphus imberbis;Tragelaphus oryx;Tragelaphus spekii	Tragelaphus	0.8333333333333334	0	1	Tragelaphus buxtoni | Tragelaphus eurycerus | Tragelaphus imberbis | Tragelaphus oryx | Tragelaphus spekii	"[{""depth"": 8, ""descendants"": [""Tragelaphus buxtoni""], ""n_descendants"": 1, ""node"": ""Tragelaphus buxtoni""}, {""depth"": 8, ""descendants"": [""Tragelaphus eurycerus""], ""n_descendants"": 1, ""node"": ""Tragelaphus eurycerus""}, {""depth"": 8, ""descendants"": [""Tragelaphus imberbis""], ""n_descendants"": 1, ""node"": ""Tragelaphus imberbis""}, {""depth"": 8, ""descendants"": [""Tragelaphus oryx""], ""n_descendants"": 1, ""node"": ""Tragelaphus oryx""}, {""depth"": 8, ""descendants"": [""Tragelaphus spekii""], ""n_descendants"": 1, ""node"": ""Tragelaphus spekii""}]"		Relative phylogenetic chronology only; no absolute age inferred without a dated tree.
frameshift_induced_stop|ex2|codon69	frameshift_induced_stop	exon_2	2.0	5	Bos grunniens;Bos mutus;Giraffa camelopardalis;Giraffa tippelskirchi;Okapia johnstoni	remaining Pecora	0.06097560975609756	0	2	Giraffidae | Bos grunniens | Bos mutus	"[{""depth"": 3, ""descendants"": [""Giraffa camelopardalis"", ""Giraffa tippelskirchi"", ""Okapia johnstoni""], ""n_descendants"": 3, ""node"": ""Giraffidae""}, {""depth"": 9, ""descendants"": [""Bos grunniens""], ""n_descendants"": 1, ""node"": ""Bos grunniens""}, {""depth"": 9, ""descendants"": [""Bos mutus""], ""n_descendants"": 1, ""node"": ""Bos mutus""}]"		Relative phylogenetic chronology only; no absolute age inferred without a dated tree.
frameshift_induced_stop|ex5|codon531	frameshift_induced_stop	exon_5	5.0	5	Antilocapra americana;Elaphurus davidianus;Giraffa camelopardalis;Giraffa tippelskirchi;Odocoileus virginianus	Pecora	0.060240963855421686	0	4	Antilocapra americana | Giraffa | Elaphurus davidianus | Odocoileus virginianus	"[{""depth"": 2, ""descendants"": [""Antilocapra americana""], ""n_descendants"": 1, ""node"": ""Antilocapra americana""}, {""depth"": 4, ""descendants"": [""Giraffa camelopardalis"", ""Giraffa tippelskirchi""], ""n_descendants"": 2, ""node"": ""Giraffa""}, {""depth"": 7, ""descendants"": [""Elaphurus davidianus""], ""n_descendants"": 1, ""node"": ""Elaphurus davidianus""}, {""depth"": 8, ""descendants"": [""Odocoileus virginianus""], ""n_descendants"": 1, ""node"": ""Odocoileus virginianus""}]"		Relative phylogenetic chronology only; no absolute age inferred without a dated tree.
frameshift_induced_stop|ex6|codon652	frameshift_induced_stop	exon_6	6.0	5	Alces alces;Moschus berezovskii;Moschus moschiferus;Tragelaphus spekii;Tragelaphus strepsiceros	Cervidae + (Moschidae + Bovidae)	0.06097560975609756	0	3	Alces alces | Moschus berezovskii | Moschus moschiferus | Tragelaphus spekii | Tragelaphus strepsiceros	"[{""depth"": 6, ""descendants"": [""Alces alces""], ""n_descendants"": 1, ""node"": ""Alces alces""}, {""depth"": 6, ""descendants"": [""Moschus berezovskii""], ""n_descendants"": 1, ""node"": ""Moschus berezovskii""}, {""depth"": 6, ""descendants"": [""Moschus moschiferus""], ""n_descendants"": 1, ""node"": ""Moschus moschiferus""}, {""depth"": 8, ""descendants"": [""Tragelaphus spekii""], ""n_descendants"": 1, ""node"": ""Tragelaphus spekii""}, {""depth"": 8, ""descendants"": [""Tragelaphus strepsiceros""], ""n_descendants"": 1, ""node"": ""Tragelaphus strepsiceros""}]"		Relative phylogenetic chronology only; no absolute age inferred without a dated tree.
frameshift_insertion|ex4|pos169|len1	frameshift_insertion	exon_4	4.0	5	Addax nasomaculatus;Hippotragus equinus;Hippotragus niger;Oryx dammah;Oryx gazella	Hippotragini	1.0	0	1	Hippotragini	"[{""depth"": 6, ""descendants"": [""Addax nasomaculatus"", ""Hippotragus equinus"", ""Hippotragus niger"", ""Oryx dammah"", ""Oryx gazella""], ""n_descendants"": 5, ""node"": ""Hippotragini""}]"		Relative phylogenetic chronology only; no absolute age inferred without a dated tree.
frameshift_insertion|ex6|pos33|len1	frameshift_insertion	exon_6	6.0	5	Addax nasomaculatus;Hippotragus equinus;Hippotragus niger;Oryx dammah;Oryx gazella	Hippotragini	1.0	0	1	Hippotragini	"[{""depth"": 6, ""descendants"": [""Addax nasomaculatus"", ""Hippotragus equinus"", ""Hippotragus niger"", ""Oryx dammah"", ""Oryx gazella""], ""n_descendants"": 5, ""node"": ""Hippotragini""}]"		Relative phylogenetic chronology only; no absolute age inferred without a dated tree.
inframe_deletion|ex6|pos938|len15	inframe_deletion	exon_6	6.0	5	Dama dama;Moschus berezovskii;Moschus chrysogaster;Moschus moschiferus;Syncerus caffer	Cervidae + (Moschidae + Bovidae)	0.06097560975609756	0	3	Dama + Megaloceros | Moschus | Syncerus caffer	"[{""depth"": 7, ""descendants"": [""Dama dama"", ""Megaloceros giganteus""], ""n_descendants"": 2, ""node"": ""Dama + Megaloceros""}, {""depth"": 5, ""descendants"": [""Moschus berezovskii"", ""Moschus chrysogaster"", ""Moschus moschiferus""], ""n_descendants"": 3, ""node"": ""Moschus""}, {""depth"": 8, ""descendants"": [""Syncerus caffer""], ""n_descendants"": 1, ""node"": ""Syncerus caffer""}]"		Relative phylogenetic chronology only; no absolute age inferred without a dated tree.
potential_splice_acceptor_disruption|ex3|AA	potential_splice_acceptor_disruption	exon_3	3.0	5	Kobus ellipsiprymnus;Kobus leche;Okapia johnstoni;Redunca redunca;Syncerus caffer	remaining Pecora	0.0625	0	3	Okapia johnstoni | Syncerus caffer | Reduncini	"[{""depth"": 4, ""descendants"": [""Okapia johnstoni""], ""n_descendants"": 1, ""node"": ""Okapia johnstoni""}, {""depth"": 8, ""descendants"": [""Syncerus caffer""], ""n_descendants"": 1, ""node"": ""Syncerus caffer""}, {""depth"": 6, ""descendants"": [""Kobus ellipsiprymnus"", ""Kobus leche"", ""Redunca redunca""], ""n_descendants"": 3, ""node"": ""Reduncini""}]"		Relative phylogenetic chronology only; no absolute age inferred without a dated tree.
potential_splice_acceptor_disruption|ex6|AC	potential_splice_acceptor_disruption	exon_6	6.0	5	Bubalus bubalis;Bubalus depressicornis;Bubalus kerabau;Tragulus javanicus;Tragulus kanchil	Ruminantia	0.056818181818181816	0	2	Tragulus | Bubalus	"[{""depth"": 1, ""descendants"": [""Tragulus javanicus"", ""Tragulus kanchil""], ""n_descendants"": 2, ""node"": ""Tragulus""}, {""depth"": 8, ""descendants"": [""Bubalus bubalis"", ""Bubalus depressicornis"", ""Bubalus kerabau""], ""n_descendants"": 3, ""node"": ""Bubalus""}]"		Relative phylogenetic chronology only; no absolute age inferred without a dated tree.
premature_stop|ex2|codon97	premature_stop	exon_2	2.0	5	Tragelaphus eurycerus;Tragelaphus imberbis;Tragelaphus scriptus;Tragelaphus spekii;Tragelaphus strepsiceros	Tragelaphus	1.0	0	1	Tragelaphus	"[{""depth"": 7, ""descendants"": [""Tragelaphus buxtoni"", ""Tragelaphus eurycerus"", ""Tragelaphus imberbis"", ""Tragelaphus oryx"", ""Tragelaphus scriptus"", ""Tragelaphus spekii"", ""Tragelaphus strepsiceros""], ""n_descendants"": 7, ""node"": ""Tragelaphus""}]"		Relative phylogenetic chronology only; no absolute age inferred without a dated tree.
premature_stop|ex3|codon195	premature_stop	exon_3	3.0	5	Giraffa camelopardalis;Giraffa tippelskirchi;Moschus berezovskii;Moschus chrysogaster;Okapia johnstoni	remaining Pecora	0.06172839506172839	0	2	Giraffidae | Moschus berezovskii | Moschus chrysogaster	"[{""depth"": 3, ""descendants"": [""Giraffa camelopardalis"", ""Giraffa tippelskirchi"", ""Okapia johnstoni""], ""n_descendants"": 3, ""node"": ""Giraffidae""}, {""depth"": 6, ""descendants"": [""Moschus berezovskii""], ""n_descendants"": 1, ""node"": ""Moschus berezovskii""}, {""depth"": 6, ""descendants"": [""Moschus chrysogaster""], ""n_descendants"": 1, ""node"": ""Moschus chrysogaster""}]"		Relative phylogenetic chronology only; no absolute age inferred without a dated tree.
premature_stop|ex5|codon530	premature_stop	exon_5	5.0	5	Addax nasomaculatus;Hippotragus equinus;Hippotragus niger;Oryx dammah;Oryx gazella	Hippotragini	1.0	0	1	Hippotragini	"[{""depth"": 6, ""descendants"": [""Addax nasomaculatus"", ""Hippotragus equinus"", ""Hippotragus niger"", ""Oryx dammah"", ""Oryx gazella""], ""n_descendants"": 5, ""node"": ""Hippotragini""}]"		Relative phylogenetic chronology only; no absolute age inferred without a dated tree.
premature_stop|ex6|codon922	premature_stop	exon_6	6.0	5	Antilocapra americana;Connochaetes taurinus;Damaliscus lunatus;Neotragus pygmaeus;Rangifer tarandus	Pecora	0.05813953488372093	0	4	Antilocapra americana | Rangifer tarandus | Connochaetes taurinus | Damaliscus lunatus | Neotragus pygmaeus	"[{""depth"": 2, ""descendants"": [""Antilocapra americana""], ""n_descendants"": 1, ""node"": ""Antilocapra americana""}, {""depth"": 7, ""descendants"": [""Rangifer tarandus""], ""n_descendants"": 1, ""node"": ""Rangifer tarandus""}, {""depth"": 7, ""descendants"": [""Connochaetes taurinus""], ""n_descendants"": 1, ""node"": ""Connochaetes taurinus""}, {""depth"": 7, ""descendants"": [""Damaliscus lunatus""], ""n_descendants"": 1, ""node"": ""Damaliscus lunatus""}, {""depth"": 8, ""descendants"": [""Neotragus pygmaeus""], ""n_descendants"": 1, ""node"": ""Neotragus pygmaeus""}]"		Relative phylogenetic chronology only; no absolute age inferred without a dated tree.
candidate_large_inframe_insertion|ex2|pos235|len813	candidate_large_inframe_insertion	exon_2	2.0	4	Cervus albirostris;Cervus canadensis;Cervus elaphus;Cervus hanglu	Cervus	0.8	0	1	Cervus albirostris | Cervus canadensis | Cervus elaphus | Cervus hanglu	"[{""depth"": 8, ""descendants"": [""Cervus albirostris""], ""n_descendants"": 1, ""node"": ""Cervus albirostris""}, {""depth"": 8, ""descendants"": [""Cervus canadensis""], ""n_descendants"": 1, ""node"": ""Cervus canadensis""}, {""depth"": 8, ""descendants"": [""Cervus elaphus""], ""n_descendants"": 1, ""node"": ""Cervus elaphus""}, {""depth"": 8, ""descendants"": [""Cervus hanglu""], ""n_descendants"": 1, ""node"": ""Cervus hanglu""}]"		Relative phylogenetic chronology only; no absolute age inferred without a dated tree.
candidate_large_inframe_insertion|ex3|pos403|len150	candidate_large_inframe_insertion	exon_3	3.0	4	Ovis canadensis;Ovis nivicola;Ovis orientalis;Ovis vignei	Ovis	0.6666666666666666	0	1	Ovis canadensis | Ovis nivicola | Ovis orientalis | Ovis vignei	"[{""depth"": 8, ""descendants"": [""Ovis canadensis""], ""n_descendants"": 1, ""node"": ""Ovis canadensis""}, {""depth"": 8, ""descendants"": [""Ovis nivicola""], ""n_descendants"": 1, ""node"": ""Ovis nivicola""}, {""depth"": 8, ""descendants"": [""Ovis orientalis""], ""n_descendants"": 1, ""node"": ""Ovis orientalis""}, {""depth"": 8, ""descendants"": [""Ovis vignei""], ""n_descendants"": 1, ""node"": ""Ovis vignei""}]"		Relative phylogenetic chronology only; no absolute age inferred without a dated tree.
candidate_large_inframe_insertion|ex3|pos407|len138	candidate_large_inframe_insertion	exon_3	3.0	4	Addax nasomaculatus;Hippotragus equinus;Hippotragus niger;Oryx dammah	Hippotragini	0.8	0	2	Hippotragini	"[{""depth"": 6, ""descendants"": [""Addax nasomaculatus"", ""Hippotragus equinus"", ""Hippotragus niger"", ""Oryx dammah"", ""Oryx gazella""], ""n_descendants"": 5, ""node"": ""Hippotragini""}]"	Oryx gazella	Relative phylogenetic chronology only; no absolute age inferred without a dated tree.
candidate_large_inframe_insertion|ex3|pos407|len144	candidate_large_inframe_insertion	exon_3	3.0	4	Budorcas taxicolor;Capra hircus;Capra ibex;Capra nubiana	Caprini	0.2222222222222222	0	2	Budorcas taxicolor | Capra hircus | Capra ibex | Capra nubiana	"[{""depth"": 7, ""descendants"": [""Budorcas taxicolor""], ""n_descendants"": 1, ""node"": ""Budorcas taxicolor""}, {""depth"": 8, ""descendants"": [""Capra hircus""], ""n_descendants"": 1, ""node"": ""Capra hircus""}, {""depth"": 8, ""descendants"": [""Capra ibex""], ""n_descendants"": 1, ""node"": ""Capra ibex""}, {""depth"": 8, ""descendants"": [""Capra nubiana""], ""n_descendants"": 1, ""node"": ""Capra nubiana""}]"		Relative phylogenetic chronology only; no absolute age inferred without a dated tree.
frameshift_deletion|ex3|pos811|len1	frameshift_deletion	exon_3	3.0	4	Cervus nippon;Elaphurus davidianus;Rucervus eldii;Rusa alfredi	Cervini	0.4	0	2	Cervus nippon | Elaphurus davidianus | Rucervus eldii | Rusa alfredi	"[{""depth"": 8, ""descendants"": [""Cervus nippon""], ""n_descendants"": 1, ""node"": ""Cervus nippon""}, {""depth"": 7, ""descendants"": [""Elaphurus davidianus""], ""n_descendants"": 1, ""node"": ""Elaphurus davidianus""}, {""depth"": 7, ""descendants"": [""Rucervus eldii""], ""n_descendants"": 1, ""node"": ""Rucervus eldii""}, {""depth"": 7, ""descendants"": [""Rusa alfredi""], ""n_descendants"": 1, ""node"": ""Rusa alfredi""}]"		Relative phylogenetic chronology only; no absolute age inferred without a dated tree.
frameshift_deletion|ex6|pos470|len1	frameshift_deletion	exon_6	6.0	4	Bubalus bubalis;Bubalus depressicornis;Bubalus kerabau;Syncerus caffer	Bovini	0.3076923076923077	0	1	Bubalus | Syncerus caffer	"[{""depth"": 8, ""descendants"": [""Bubalus bubalis"", ""Bubalus depressicornis"", ""Bubalus kerabau""], ""n_descendants"": 3, ""node"": ""Bubalus""}, {""depth"": 8, ""descendants"": [""Syncerus caffer""], ""n_descendants"": 1, ""node"": ""Syncerus caffer""}]"		Relative phylogenetic chronology only; no absolute age inferred without a dated tree.
frameshift_deletion|ex6|pos73|len1	frameshift_deletion	exon_6	6.0	4	Bubalus bubalis;Bubalus depressicornis;Bubalus kerabau;Syncerus caffer	Bovini	0.3076923076923077	0	1	Bubalus | Syncerus caffer	"[{""depth"": 8, ""descendants"": [""Bubalus bubalis"", ""Bubalus depressicornis"", ""Bubalus kerabau""], ""n_descendants"": 3, ""node"": ""Bubalus""}, {""depth"": 8, ""descendants"": [""Syncerus caffer""], ""n_descendants"": 1, ""node"": ""Syncerus caffer""}]"		Relative phylogenetic chronology only; no absolute age inferred without a dated tree.
frameshift_deletion|ex6|pos954|len4	frameshift_deletion	exon_6	6.0	4	Antilocapra americana;Giraffa camelopardalis;Giraffa tippelskirchi;Okapia johnstoni	Pecora	0.046511627906976744	0	2	Pecora	"[{""depth"": 1, ""descendants"": [""Antilocapra americana"", ""Giraffa camelopardalis"", ""Giraffa tippelskirchi"", ""Okapia johnstoni"", ""Muntiacus crinifrons"", ""Muntiacus feae"", ""Muntiacus gongshanensis"", ""Muntiacus muntjak"", ""Muntiacus reevesi"", ""Muntiacus vaginalis"", ""Axis porcinus"", ""Cervus albirostris"", ""Cervus canadensis"", ""Cervus elaphus"", ""Cervus hanglu"", ""Cervus nippon"", ""Dama dama"", ""Megaloceros giganteus"", ""Elaphurus davidianus"", ""Rucervus eldii"", ""Rusa alfredi"", ""Alces alces"", ""Capreolus capreolus"", ""Capreolus pygargus"", ""Hydropotes inermis"", ""Odocoileus hemionus"", ""Odocoileus virginianus"", ""Rangifer tarandus"", ""Moschus berezovskii"", ""Moschus chrysogaster"", ""Moschus moschiferus"", ""Bison bison"", ""Bison bonasus"", ""Bos frontalis"", ""Bos gaurus"", ""Bos grunniens"", ""Bos indicus"", ""Bos javanicus"", ""Bos mutus"", ""Bos taurus"", ""Bubalus bubalis"", ""Bubalus depressicornis"", ""Bubalus kerabau"", ""Syncerus caffer"", ""Pseudoryx nghetinhensis"", ""Tragelaphus buxtoni"", ""Tragelaphus eurycerus"", ""Tragelaphus imberbis"", ""Tragelaphus oryx"", ""Tragelaphus scriptus"", ""Tragelaphus spekii"", ""Tragelaphus strepsiceros"", ""Aepyceros melampus"", ""Alcelaphus buselaphus"", ""Beatragus hunteri"", ""Connochaetes taurinus"", ""Damaliscus lunatus"", ""Addax nasomaculatus"", ""Hippotragus equinus"", ""Hippotragus niger"", ""Oryx dammah"", ""Oryx gazella"", ""Kobus ellipsiprymnus"", ""Kobus leche"", ""Redunca redunca"", ""Cephalophula zebra"", ""Cephalophus harveyi"", ""Philantomba maxwellii"", ""Sylvicapra grimmia"", ""Ammotragus lervia"", ""Budorcas taxicolor"", ""Capra aegagrus"", ""Capra falconeri"", ""Capra hircus"", ""Capra ibex"", ""Capra nubiana"", ""Capra sibirica"", ""Capricornis sumatraensis"", ""Nilgiritragus hylocrius"", ""Oreamnos americanus"", ""Ovibos moschatus"", ""Ovis ammon"", ""Ovis aries"", ""Ovis canadensis"", ""Ovis nivicola"", ""Ovis orientalis"", ""Ovis vignei"", ""Pseudois nayaur"", ""Rupicapra rupicapra"", ""Pantholops hodgsonii"", ""Antidorcas marsupialis"", ""Eudorcas thomsonii"", ""Nanger dama"", ""Nanger granti"", ""Procapra przewalskii"", ""Saiga tatarica"", ""Litocranius walleri"", ""Madoqua kirkii"", ""Neotragus moschatus"", ""Neotragus pygmaeus"", ""Oreotragus oreotragus"", ""Ourebia ourebi"", ""Raphicerus campestris""], ""n_descendants"": 103, ""node"": ""Pecora""}]"	Cervidae + (Moschidae + Bovidae)	Relative phylogenetic chronology only; no absolute age inferred without a dated tree.
frameshift_deletion|ex6|pos979|len1	frameshift_deletion	exon_6	6.0	4	Ovis ammon;Ovis aries;Ovis orientalis;Ovis vignei	Ovis	0.6666666666666666	0	1	Ovis ammon | Ovis aries | Ovis orientalis | Ovis vignei	"[{""depth"": 8, ""descendants"": [""Ovis ammon""], ""n_descendants"": 1, ""node"": ""Ovis ammon""}, {""depth"": 8, ""descendants"": [""Ovis aries""], ""n_descendants"": 1, ""node"": ""Ovis aries""}, {""depth"": 8, ""descendants"": [""Ovis orientalis""], ""n_descendants"": 1, ""node"": ""Ovis orientalis""}, {""depth"": 8, ""descendants"": [""Ovis vignei""], ""n_descendants"": 1, ""node"": ""Ovis vignei""}]"		Relative phylogenetic chronology only; no absolute age inferred without a dated tree.
frameshift_induced_stop|ex3|codon266	frameshift_induced_stop	exon_3	3.0	4	Bubalus bubalis;Bubalus kerabau;Dama dama;Syncerus caffer	Cervidae + (Moschidae + Bovidae)	0.05194805194805195	0	2	Dama + Megaloceros | Bubalus | Syncerus caffer	"[{""depth"": 7, ""descendants"": [""Dama dama"", ""Megaloceros giganteus""], ""n_descendants"": 2, ""node"": ""Dama + Megaloceros""}, {""depth"": 8, ""descendants"": [""Bubalus bubalis"", ""Bubalus depressicornis"", ""Bubalus kerabau""], ""n_descendants"": 3, ""node"": ""Bubalus""}, {""depth"": 8, ""descendants"": [""Syncerus caffer""], ""n_descendants"": 1, ""node"": ""Syncerus caffer""}]"		Relative phylogenetic chronology only; no absolute age inferred without a dated tree.
frameshift_induced_stop|ex6|codon581	frameshift_induced_stop	exon_6	6.0	4	Addax nasomaculatus;Giraffa camelopardalis;Giraffa tippelskirchi;Oryx dammah	remaining Pecora	0.047058823529411764	0	3	Giraffa | Addax nasomaculatus | Oryx dammah	"[{""depth"": 4, ""descendants"": [""Giraffa camelopardalis"", ""Giraffa tippelskirchi""], ""n_descendants"": 2, ""node"": ""Giraffa""}, {""depth"": 7, ""descendants"": [""Addax nasomaculatus""], ""n_descendants"": 1, ""node"": ""Addax nasomaculatus""}, {""depth"": 8, ""descendants"": [""Oryx dammah""], ""n_descendants"": 1, ""node"": ""Oryx dammah""}]"		Relative phylogenetic chronology only; no absolute age inferred without a dated tree.
frameshift_induced_stop|ex6|codon668	frameshift_induced_stop	exon_6	6.0	4	Bos frontalis;Rupicapra rupicapra;Tragelaphus oryx;Tragulus kanchil	Ruminantia	0.045454545454545456	0	4	Tragulus kanchil | Bos frontalis | Tragelaphus oryx | Rupicapra rupicapra	"[{""depth"": 2, ""descendants"": [""Tragulus kanchil""], ""n_descendants"": 1, ""node"": ""Tragulus kanchil""}, {""depth"": 9, ""descendants"": [""Bos frontalis""], ""n_descendants"": 1, ""node"": ""Bos frontalis""}, {""depth"": 8, ""descendants"": [""Tragelaphus oryx""], ""n_descendants"": 1, ""node"": ""Tragelaphus oryx""}, {""depth"": 7, ""descendants"": [""Rupicapra rupicapra""], ""n_descendants"": 1, ""node"": ""Rupicapra rupicapra""}]"		Relative phylogenetic chronology only; no absolute age inferred without a dated tree.
inframe_deletion|ex6|pos464|len3	inframe_deletion	exon_6	6.0	4	Muntiacus crinifrons;Muntiacus reevesi;Odocoileus hemionus;Rangifer tarandus	Cervidae	0.19047619047619047	0	3	Muntiacus crinifrons | Muntiacus reevesi | Odocoileini	"[{""depth"": 7, ""descendants"": [""Muntiacus crinifrons""], ""n_descendants"": 1, ""node"": ""Muntiacus crinifrons""}, {""depth"": 7, ""descendants"": [""Muntiacus reevesi""], ""n_descendants"": 1, ""node"": ""Muntiacus reevesi""}, {""depth"": 6, ""descendants"": [""Odocoileus hemionus"", ""Odocoileus virginianus"", ""Rangifer tarandus""], ""n_descendants"": 3, ""node"": ""Odocoileini""}]"	Odocoileus virginianus	Relative phylogenetic chronology only; no absolute age inferred without a dated tree.
potential_splice_donor_disruption|ex2|GG	potential_splice_donor_disruption	exon_2	2.0	4	Beatragus hunteri;Connochaetes taurinus;Damaliscus lunatus;Rupicapra rupicapra	Bovidae	0.07142857142857142	0	2	Beatragus hunteri | Connochaetes taurinus | Damaliscus lunatus | Rupicapra rupicapra	"[{""depth"": 7, ""descendants"": [""Beatragus hunteri""], ""n_descendants"": 1, ""node"": ""Beatragus hunteri""}, {""depth"": 7, ""descendants"": [""Connochaetes taurinus""], ""n_descendants"": 1, ""node"": ""Connochaetes taurinus""}, {""depth"": 7, ""descendants"": [""Damaliscus lunatus""], ""n_descendants"": 1, ""node"": ""Damaliscus lunatus""}, {""depth"": 7, ""descendants"": [""Rupicapra rupicapra""], ""n_descendants"": 1, ""node"": ""Rupicapra rupicapra""}]"		Relative phylogenetic chronology only; no absolute age inferred without a dated tree.
premature_stop|ex3|codon263	premature_stop	exon_3	3.0	4	Bison bison;Bison bonasus;Bos frontalis;Bos gaurus	Bovini	0.3333333333333333	0	2	Bison | Bos frontalis | Bos gaurus	"[{""depth"": 8, ""descendants"": [""Bison bison"", ""Bison bonasus""], ""n_descendants"": 2, ""node"": ""Bison""}, {""depth"": 9, ""descendants"": [""Bos frontalis""], ""n_descendants"": 1, ""node"": ""Bos frontalis""}, {""depth"": 9, ""descendants"": [""Bos gaurus""], ""n_descendants"": 1, ""node"": ""Bos gaurus""}]"		Relative phylogenetic chronology only; no absolute age inferred without a dated tree.
frameshift_deletion|ex2|pos219|len2	frameshift_deletion	exon_2	2.0	3	Ovis canadensis;Ovis nivicola;Ovis orientalis	Ovis	0.5	0	1	Ovis canadensis | Ovis nivicola | Ovis orientalis	"[{""depth"": 8, ""descendants"": [""Ovis canadensis""], ""n_descendants"": 1, ""node"": ""Ovis canadensis""}, {""depth"": 8, ""descendants"": [""Ovis nivicola""], ""n_descendants"": 1, ""node"": ""Ovis nivicola""}, {""depth"": 8, ""descendants"": [""Ovis orientalis""], ""n_descendants"": 1, ""node"": ""Ovis orientalis""}]"		Relative phylogenetic chronology only; no absolute age inferred without a dated tree.
frameshift_deletion|ex3|pos278|len4	frameshift_deletion	exon_3	3.0	3	Nanger dama;Nanger granti;Procapra przewalskii	Antilopini	0.6	0	1	Nanger | Procapra przewalskii	"[{""depth"": 7, ""descendants"": [""Nanger dama"", ""Nanger granti""], ""n_descendants"": 2, ""node"": ""Nanger""}, {""depth"": 7, ""descendants"": [""Procapra przewalskii""], ""n_descendants"": 1, ""node"": ""Procapra przewalskii""}]"		Relative phylogenetic chronology only; no absolute age inferred without a dated tree.
frameshift_deletion|ex3|pos507|len1	frameshift_deletion	exon_3	3.0	3	Eudorcas thomsonii;Nanger dama;Nanger granti	Antilopini	0.6	0	1	Eudorcas thomsonii | Nanger	"[{""depth"": 7, ""descendants"": [""Eudorcas thomsonii""], ""n_descendants"": 1, ""node"": ""Eudorcas thomsonii""}, {""depth"": 7, ""descendants"": [""Nanger dama"", ""Nanger granti""], ""n_descendants"": 2, ""node"": ""Nanger""}]"		Relative phylogenetic chronology only; no absolute age inferred without a dated tree.
frameshift_deletion|ex3|pos596|len13	frameshift_deletion	exon_3	3.0	3	Bubalus bubalis;Bubalus kerabau;Syncerus caffer	Bovini	0.25	0	1	Bubalus | Syncerus caffer	"[{""depth"": 8, ""descendants"": [""Bubalus bubalis"", ""Bubalus depressicornis"", ""Bubalus kerabau""], ""n_descendants"": 3, ""node"": ""Bubalus""}, {""depth"": 8, ""descendants"": [""Syncerus caffer""], ""n_descendants"": 1, ""node"": ""Syncerus caffer""}]"		Relative phylogenetic chronology only; no absolute age inferred without a dated tree.
frameshift_deletion|ex3|pos607|len1	frameshift_deletion	exon_3	3.0	3	Kobus ellipsiprymnus;Kobus leche;Redunca redunca	Reduncini	1.0	0	1	Reduncini	"[{""depth"": 6, ""descendants"": [""Kobus ellipsiprymnus"", ""Kobus leche"", ""Redunca redunca""], ""n_descendants"": 3, ""node"": ""Reduncini""}]"		Relative phylogenetic chronology only; no absolute age inferred without a dated tree.
frameshift_deletion|ex4|pos133|len1	frameshift_deletion	exon_4	4.0	3	Kobus ellipsiprymnus;Kobus leche;Redunca redunca	Reduncini	1.0	0	1	Reduncini	"[{""depth"": 6, ""descendants"": [""Kobus ellipsiprymnus"", ""Kobus leche"", ""Redunca redunca""], ""n_descendants"": 3, ""node"": ""Reduncini""}]"		Relative phylogenetic chronology only; no absolute age inferred without a dated tree.
frameshift_deletion|ex4|pos87|len2	frameshift_deletion	exon_4	4.0	3	Tragelaphus eurycerus;Tragelaphus imberbis;Tragelaphus scriptus	Tragelaphus	1.0	0	1	Tragelaphus	"[{""depth"": 7, ""descendants"": [""Tragelaphus buxtoni"", ""Tragelaphus eurycerus"", ""Tragelaphus imberbis"", ""Tragelaphus oryx"", ""Tragelaphus scriptus"", ""Tragelaphus spekii"", ""Tragelaphus strepsiceros""], ""n_descendants"": 7, ""node"": ""Tragelaphus""}]"		Relative phylogenetic chronology only; no absolute age inferred without a dated tree.
frameshift_deletion|ex6|pos340|len2	frameshift_deletion	exon_6	6.0	3	Odocoileus hemionus;Odocoileus virginianus;Rangifer tarandus	Odocoileini	1.0	0	1	Odocoileini	"[{""depth"": 6, ""descendants"": [""Odocoileus hemionus"", ""Odocoileus virginianus"", ""Rangifer tarandus""], ""n_descendants"": 3, ""node"": ""Odocoileini""}]"		Relative phylogenetic chronology only; no absolute age inferred without a dated tree.
frameshift_deletion|ex6|pos467|len1	frameshift_deletion	exon_6	6.0	3	Kobus ellipsiprymnus;Kobus leche;Redunca redunca	Reduncini	1.0	0	1	Reduncini	"[{""depth"": 6, ""descendants"": [""Kobus ellipsiprymnus"", ""Kobus leche"", ""Redunca redunca""], ""n_descendants"": 3, ""node"": ""Reduncini""}]"		Relative phylogenetic chronology only; no absolute age inferred without a dated tree.
frameshift_deletion|ex6|pos82|len1	frameshift_deletion	exon_6	6.0	3	Odocoileus hemionus;Odocoileus virginianus;Rangifer tarandus	Odocoileini	1.0	0	1	Odocoileini	"[{""depth"": 6, ""descendants"": [""Odocoileus hemionus"", ""Odocoileus virginianus"", ""Rangifer tarandus""], ""n_descendants"": 3, ""node"": ""Odocoileini""}]"		Relative phylogenetic chronology only; no absolute age inferred without a dated tree.
frameshift_deletion|ex6|pos95|len1	frameshift_deletion	exon_6	6.0	3	Moschus berezovskii;Moschus chrysogaster;Moschus moschiferus	Moschus	1.0	0	1	Moschus	"[{""depth"": 5, ""descendants"": [""Moschus berezovskii"", ""Moschus chrysogaster"", ""Moschus moschiferus""], ""n_descendants"": 3, ""node"": ""Moschus""}]"		Relative phylogenetic chronology only; no absolute age inferred without a dated tree.
frameshift_induced_stop|ex1|codon25	frameshift_induced_stop	exon_1	1.0	3	Alces alces;Cephalophus harveyi;Moschus berezovskii	Cervidae + (Moschidae + Bovidae)	0.041666666666666664	0	3	Alces alces | Moschus berezovskii | Cephalophus harveyi	"[{""depth"": 6, ""descendants"": [""Alces alces""], ""n_descendants"": 1, ""node"": ""Alces alces""}, {""depth"": 6, ""descendants"": [""Moschus berezovskii""], ""n_descendants"": 1, ""node"": ""Moschus berezovskii""}, {""depth"": 7, ""descendants"": [""Cephalophus harveyi""], ""n_descendants"": 1, ""node"": ""Cephalophus harveyi""}]"		Relative phylogenetic chronology only; no absolute age inferred without a dated tree.
frameshift_induced_stop|ex1|codon37	frameshift_induced_stop	exon_1	1.0	3	Cephalophula zebra;Tragulus javanicus;Tragulus kanchil	Ruminantia	0.038461538461538464	0	2	Tragulus | Cephalophula zebra	"[{""depth"": 1, ""descendants"": [""Tragulus javanicus"", ""Tragulus kanchil""], ""n_descendants"": 2, ""node"": ""Tragulus""}, {""depth"": 7, ""descendants"": [""Cephalophula zebra""], ""n_descendants"": 1, ""node"": ""Cephalophula zebra""}]"		Relative phylogenetic chronology only; no absolute age inferred without a dated tree.
frameshift_induced_stop|ex2|codon119	frameshift_induced_stop	exon_2	2.0	3	Cervus canadensis;Rangifer tarandus;Raphicerus campestris	Cervidae + (Moschidae + Bovidae)	0.0379746835443038	0	3	Cervus canadensis | Rangifer tarandus | Raphicerus campestris	"[{""depth"": 8, ""descendants"": [""Cervus canadensis""], ""n_descendants"": 1, ""node"": ""Cervus canadensis""}, {""depth"": 7, ""descendants"": [""Rangifer tarandus""], ""n_descendants"": 1, ""node"": ""Rangifer tarandus""}, {""depth"": 7, ""descendants"": [""Raphicerus campestris""], ""n_descendants"": 1, ""node"": ""Raphicerus campestris""}]"		Relative phylogenetic chronology only; no absolute age inferred without a dated tree.
frameshift_induced_stop|ex2|codon159	frameshift_induced_stop	exon_2	2.0	3	Antilocapra americana;Capreolus capreolus;Saiga tatarica	Pecora	0.03614457831325301	0	3	Antilocapra americana | Capreolus | Saiga tatarica	"[{""depth"": 2, ""descendants"": [""Antilocapra americana""], ""n_descendants"": 1, ""node"": ""Antilocapra americana""}, {""depth"": 7, ""descendants"": [""Capreolus capreolus"", ""Capreolus pygargus""], ""n_descendants"": 2, ""node"": ""Capreolus""}, {""depth"": 7, ""descendants"": [""Saiga tatarica""], ""n_descendants"": 1, ""node"": ""Saiga tatarica""}]"		Relative phylogenetic chronology only; no absolute age inferred without a dated tree.
frameshift_induced_stop|ex2|codon67	frameshift_induced_stop	exon_2	2.0	3	Madoqua kirkii;Neotragus moschatus;Procapra przewalskii	Bovidae	0.05357142857142857	0	3	Procapra przewalskii | Madoqua kirkii | Neotragus moschatus	"[{""depth"": 7, ""descendants"": [""Procapra przewalskii""], ""n_descendants"": 1, ""node"": ""Procapra przewalskii""}, {""depth"": 7, ""descendants"": [""Madoqua kirkii""], ""n_descendants"": 1, ""node"": ""Madoqua kirkii""}, {""depth"": 8, ""descendants"": [""Neotragus moschatus""], ""n_descendants"": 1, ""node"": ""Neotragus moschatus""}]"		Relative phylogenetic chronology only; no absolute age inferred without a dated tree.
frameshift_induced_stop|ex3|codon214	frameshift_induced_stop	exon_3	3.0	3	Bison bonasus;Neotragus pygmaeus;Oryx gazella	Bovidae	0.05555555555555555	0	3	Bison bonasus | Oryx gazella | Neotragus pygmaeus	"[{""depth"": 9, ""descendants"": [""Bison bonasus""], ""n_descendants"": 1, ""node"": ""Bison bonasus""}, {""depth"": 8, ""descendants"": [""Oryx gazella""], ""n_descendants"": 1, ""node"": ""Oryx gazella""}, {""depth"": 8, ""descendants"": [""Neotragus pygmaeus""], ""n_descendants"": 1, ""node"": ""Neotragus pygmaeus""}]"		Relative phylogenetic chronology only; no absolute age inferred without a dated tree.
frameshift_induced_stop|ex3|codon316	frameshift_induced_stop	exon_3	3.0	3	Beatragus hunteri;Giraffa camelopardalis;Giraffa tippelskirchi	remaining Pecora	0.0375	0	2	Giraffa | Beatragus hunteri	"[{""depth"": 4, ""descendants"": [""Giraffa camelopardalis"", ""Giraffa tippelskirchi""], ""n_descendants"": 2, ""node"": ""Giraffa""}, {""depth"": 7, ""descendants"": [""Beatragus hunteri""], ""n_descendants"": 1, ""node"": ""Beatragus hunteri""}]"		Relative phylogenetic chronology only; no absolute age inferred without a dated tree.
frameshift_induced_stop|ex3|codon349	frameshift_induced_stop	exon_3	3.0	3	Antilocapra americana;Eudorcas thomsonii;Saiga tatarica	Pecora	0.037037037037037035	0	2	Antilocapra americana | Eudorcas thomsonii | Saiga tatarica	"[{""depth"": 2, ""descendants"": [""Antilocapra americana""], ""n_descendants"": 1, ""node"": ""Antilocapra americana""}, {""depth"": 7, ""descendants"": [""Eudorcas thomsonii""], ""n_descendants"": 1, ""node"": ""Eudorcas thomsonii""}, {""depth"": 7, ""descendants"": [""Saiga tatarica""], ""n_descendants"": 1, ""node"": ""Saiga tatarica""}]"		Relative phylogenetic chronology only; no absolute age inferred without a dated tree.
frameshift_induced_stop|ex3|codon368	frameshift_induced_stop	exon_3	3.0	3	Ovis ammon;Ovis aries;Ovis vignei	Ovis	0.5	0	1	Ovis ammon | Ovis aries | Ovis vignei	"[{""depth"": 8, ""descendants"": [""Ovis ammon""], ""n_descendants"": 1, ""node"": ""Ovis ammon""}, {""depth"": 8, ""descendants"": [""Ovis aries""], ""n_descendants"": 1, ""node"": ""Ovis aries""}, {""depth"": 8, ""descendants"": [""Ovis vignei""], ""n_descendants"": 1, ""node"": ""Ovis vignei""}]"		Relative phylogenetic chronology only; no absolute age inferred without a dated tree.
frameshift_induced_stop|ex3|codon398	frameshift_induced_stop	exon_3	3.0	3	Pseudois nayaur;Raphicerus campestris;Syncerus caffer	Bovidae	0.05555555555555555	0	3	Syncerus caffer | Pseudois nayaur | Raphicerus campestris	"[{""depth"": 8, ""descendants"": [""Syncerus caffer""], ""n_descendants"": 1, ""node"": ""Syncerus caffer""}, {""depth"": 7, ""descendants"": [""Pseudois nayaur""], ""n_descendants"": 1, ""node"": ""Pseudois nayaur""}, {""depth"": 7, ""descendants"": [""Raphicerus campestris""], ""n_descendants"": 1, ""node"": ""Raphicerus campestris""}]"		Relative phylogenetic chronology only; no absolute age inferred without a dated tree.
frameshift_induced_stop|ex4|codon465	frameshift_induced_stop	exon_4	4.0	3	Ammotragus lervia;Oreotragus oreotragus;Tragulus javanicus	Ruminantia	0.039473684210526314	0	3	Tragulus | Ammotragus lervia | Oreotragus oreotragus	"[{""depth"": 1, ""descendants"": [""Tragulus javanicus"", ""Tragulus kanchil""], ""n_descendants"": 2, ""node"": ""Tragulus""}, {""depth"": 7, ""descendants"": [""Ammotragus lervia""], ""n_descendants"": 1, ""node"": ""Ammotragus lervia""}, {""depth"": 7, ""descendants"": [""Oreotragus oreotragus""], ""n_descendants"": 1, ""node"": ""Oreotragus oreotragus""}]"		Relative phylogenetic chronology only; no absolute age inferred without a dated tree.
frameshift_induced_stop|ex4|codon470	frameshift_induced_stop	exon_4	4.0	3	Moschus moschiferus;Nanger dama;Syncerus caffer	Moschidae + Bovidae	0.05172413793103448	0	3	Moschus moschiferus | Syncerus caffer | Nanger dama	"[{""depth"": 6, ""descendants"": [""Moschus moschiferus""], ""n_descendants"": 1, ""node"": ""Moschus moschiferus""}, {""depth"": 8, ""descendants"": [""Syncerus caffer""], ""n_descendants"": 1, ""node"": ""Syncerus caffer""}, {""depth"": 8, ""descendants"": [""Nanger dama""], ""n_descendants"": 1, ""node"": ""Nanger dama""}]"		Relative phylogenetic chronology only; no absolute age inferred without a dated tree.
frameshift_induced_stop|ex6|codon743	frameshift_induced_stop	exon_6	6.0	3	Kobus ellipsiprymnus;Kobus leche;Procapra przewalskii	Bovidae	0.05172413793103448	0	2	Kobus | Procapra przewalskii	"[{""depth"": 7, ""descendants"": [""Kobus ellipsiprymnus"", ""Kobus leche""], ""n_descendants"": 2, ""node"": ""Kobus""}, {""depth"": 7, ""descendants"": [""Procapra przewalskii""], ""n_descendants"": 1, ""node"": ""Procapra przewalskii""}]"		Relative phylogenetic chronology only; no absolute age inferred without a dated tree.
frameshift_insertion|ex3|pos591|len1	frameshift_insertion	exon_3	3.0	3	Ovis ammon;Ovis aries;Ovis vignei	Ovis	0.5	0	1	Ovis ammon | Ovis aries | Ovis vignei	"[{""depth"": 8, ""descendants"": [""Ovis ammon""], ""n_descendants"": 1, ""node"": ""Ovis ammon""}, {""depth"": 8, ""descendants"": [""Ovis aries""], ""n_descendants"": 1, ""node"": ""Ovis aries""}, {""depth"": 8, ""descendants"": [""Ovis vignei""], ""n_descendants"": 1, ""node"": ""Ovis vignei""}]"		Relative phylogenetic chronology only; no absolute age inferred without a dated tree.
frameshift_insertion|ex6|pos1070|len1	frameshift_insertion	exon_6	6.0	3	Tragelaphus eurycerus;Tragelaphus spekii;Tragelaphus strepsiceros	Tragelaphus	0.5	0	1	Tragelaphus eurycerus | Tragelaphus spekii | Tragelaphus strepsiceros	"[{""depth"": 8, ""descendants"": [""Tragelaphus eurycerus""], ""n_descendants"": 1, ""node"": ""Tragelaphus eurycerus""}, {""depth"": 8, ""descendants"": [""Tragelaphus spekii""], ""n_descendants"": 1, ""node"": ""Tragelaphus spekii""}, {""depth"": 8, ""descendants"": [""Tragelaphus strepsiceros""], ""n_descendants"": 1, ""node"": ""Tragelaphus strepsiceros""}]"		Relative phylogenetic chronology only; no absolute age inferred without a dated tree.
frameshift_insertion|ex6|pos161|len1	frameshift_insertion	exon_6	6.0	3	Moschus berezovskii;Moschus chrysogaster;Moschus moschiferus	Moschus	1.0	0	1	Moschus	"[{""depth"": 5, ""descendants"": [""Moschus berezovskii"", ""Moschus chrysogaster"", ""Moschus moschiferus""], ""n_descendants"": 3, ""node"": ""Moschus""}]"		Relative phylogenetic chronology only; no absolute age inferred without a dated tree.
frameshift_insertion|ex6|pos337|len2	frameshift_insertion	exon_6	6.0	3	Beatragus hunteri;Connochaetes taurinus;Damaliscus lunatus	Alcelaphini	1.0	0	1	Alcelaphini	"[{""depth"": 6, ""descendants"": [""Alcelaphus buselaphus"", ""Beatragus hunteri"", ""Connochaetes taurinus"", ""Damaliscus lunatus""], ""n_descendants"": 4, ""node"": ""Alcelaphini""}]"		Relative phylogenetic chronology only; no absolute age inferred without a dated tree.
inframe_deletion|ex3|pos222|len12	inframe_deletion	exon_3	3.0	3	Kobus ellipsiprymnus;Kobus leche;Redunca redunca	Reduncini	1.0	0	1	Reduncini	"[{""depth"": 6, ""descendants"": [""Kobus ellipsiprymnus"", ""Kobus leche"", ""Redunca redunca""], ""n_descendants"": 3, ""node"": ""Reduncini""}]"		Relative phylogenetic chronology only; no absolute age inferred without a dated tree.
inframe_deletion|ex6|pos460|len24	inframe_deletion	exon_6	6.0	3	Axis porcinus;Cervus albirostris;Rucervus eldii	Cervini	0.3	0	2	Axis porcinus | Cervus albirostris | Rucervus eldii	"[{""depth"": 7, ""descendants"": [""Axis porcinus""], ""n_descendants"": 1, ""node"": ""Axis porcinus""}, {""depth"": 8, ""descendants"": [""Cervus albirostris""], ""n_descendants"": 1, ""node"": ""Cervus albirostris""}, {""depth"": 7, ""descendants"": [""Rucervus eldii""], ""n_descendants"": 1, ""node"": ""Rucervus eldii""}]"		Relative phylogenetic chronology only; no absolute age inferred without a dated tree.
inframe_deletion|ex6|pos478|len3	inframe_deletion	exon_6	6.0	3	Beatragus hunteri;Connochaetes taurinus;Damaliscus lunatus	Alcelaphini	1.0	0	1	Alcelaphini	"[{""depth"": 6, ""descendants"": [""Alcelaphus buselaphus"", ""Beatragus hunteri"", ""Connochaetes taurinus"", ""Damaliscus lunatus""], ""n_descendants"": 4, ""node"": ""Alcelaphini""}]"		Relative phylogenetic chronology only; no absolute age inferred without a dated tree.
inframe_deletion|ex6|pos486|len12	inframe_deletion	exon_6	6.0	3	Beatragus hunteri;Connochaetes taurinus;Damaliscus lunatus	Alcelaphini	1.0	0	1	Alcelaphini	"[{""depth"": 6, ""descendants"": [""Alcelaphus buselaphus"", ""Beatragus hunteri"", ""Connochaetes taurinus"", ""Damaliscus lunatus""], ""n_descendants"": 4, ""node"": ""Alcelaphini""}]"		Relative phylogenetic chronology only; no absolute age inferred without a dated tree.
inframe_deletion|ex6|pos960|len6	inframe_deletion	exon_6	6.0	3	Moschus berezovskii;Moschus chrysogaster;Moschus moschiferus	Moschus	1.0	0	1	Moschus	"[{""depth"": 5, ""descendants"": [""Moschus berezovskii"", ""Moschus chrysogaster"", ""Moschus moschiferus""], ""n_descendants"": 3, ""node"": ""Moschus""}]"		Relative phylogenetic chronology only; no absolute age inferred without a dated tree.
inframe_deletion|ex6|pos961|len6	inframe_deletion	exon_6	6.0	3	Ammotragus lervia;Neotragus pygmaeus;Syncerus caffer	Bovidae	0.05172413793103448	0	3	Syncerus caffer | Ammotragus lervia | Neotragus pygmaeus	"[{""depth"": 8, ""descendants"": [""Syncerus caffer""], ""n_descendants"": 1, ""node"": ""Syncerus caffer""}, {""depth"": 7, ""descendants"": [""Ammotragus lervia""], ""n_descendants"": 1, ""node"": ""Ammotragus lervia""}, {""depth"": 8, ""descendants"": [""Neotragus pygmaeus""], ""n_descendants"": 1, ""node"": ""Neotragus pygmaeus""}]"		Relative phylogenetic chronology only; no absolute age inferred without a dated tree.
inframe_deletion|ex6|pos969|len3	inframe_deletion	exon_6	6.0	3	Tragelaphus eurycerus;Tragelaphus oryx;Tragelaphus strepsiceros	Tragelaphus	0.5	0	1	Tragelaphus eurycerus | Tragelaphus oryx | Tragelaphus strepsiceros	"[{""depth"": 8, ""descendants"": [""Tragelaphus eurycerus""], ""n_descendants"": 1, ""node"": ""Tragelaphus eurycerus""}, {""depth"": 8, ""descendants"": [""Tragelaphus oryx""], ""n_descendants"": 1, ""node"": ""Tragelaphus oryx""}, {""depth"": 8, ""descendants"": [""Tragelaphus strepsiceros""], ""n_descendants"": 1, ""node"": ""Tragelaphus strepsiceros""}]"		Relative phylogenetic chronology only; no absolute age inferred without a dated tree.
inframe_insertion|ex4|pos183|len3	inframe_insertion	exon_4	4.0	3	Eudorcas thomsonii;Nanger dama;Nanger granti	Antilopini	0.75	0	1	Eudorcas thomsonii | Nanger	"[{""depth"": 7, ""descendants"": [""Eudorcas thomsonii""], ""n_descendants"": 1, ""node"": ""Eudorcas thomsonii""}, {""depth"": 7, ""descendants"": [""Nanger dama"", ""Nanger granti""], ""n_descendants"": 2, ""node"": ""Nanger""}]"		Relative phylogenetic chronology only; no absolute age inferred without a dated tree.
potential_splice_donor_disruption|ex1|AC	potential_splice_donor_disruption	exon_1	1.0	3	Connochaetes taurinus;Tragulus javanicus;Tragulus kanchil	Ruminantia	0.038461538461538464	0	2	Tragulus | Connochaetes taurinus	"[{""depth"": 1, ""descendants"": [""Tragulus javanicus"", ""Tragulus kanchil""], ""n_descendants"": 2, ""node"": ""Tragulus""}, {""depth"": 7, ""descendants"": [""Connochaetes taurinus""], ""n_descendants"": 1, ""node"": ""Connochaetes taurinus""}]"		Relative phylogenetic chronology only; no absolute age inferred without a dated tree.
potential_splice_donor_disruption|ex1|CA	potential_splice_donor_disruption	exon_1	1.0	3	Axis porcinus;Capreolus capreolus;Hydropotes inermis	Cervidae	0.14285714285714285	0	2	Axis porcinus | Capreolini	"[{""depth"": 7, ""descendants"": [""Axis porcinus""], ""n_descendants"": 1, ""node"": ""Axis porcinus""}, {""depth"": 6, ""descendants"": [""Capreolus capreolus"", ""Capreolus pygargus"", ""Hydropotes inermis""], ""n_descendants"": 3, ""node"": ""Capreolini""}]"		Relative phylogenetic chronology only; no absolute age inferred without a dated tree.
potential_splice_donor_disruption|ex4|GG	potential_splice_donor_disruption	exon_4	4.0	3	Antilocapra americana;Capra ibex;Capra sibirica	Pecora	0.04	0	2	Antilocapra americana | Capra ibex | Capra sibirica	"[{""depth"": 2, ""descendants"": [""Antilocapra americana""], ""n_descendants"": 1, ""node"": ""Antilocapra americana""}, {""depth"": 8, ""descendants"": [""Capra ibex""], ""n_descendants"": 1, ""node"": ""Capra ibex""}, {""depth"": 8, ""descendants"": [""Capra sibirica""], ""n_descendants"": 1, ""node"": ""Capra sibirica""}]"		Relative phylogenetic chronology only; no absolute age inferred without a dated tree.
premature_stop|ex2|codon73	premature_stop	exon_2	2.0	3	Kobus ellipsiprymnus;Kobus leche;Redunca redunca	Reduncini	1.0	0	1	Reduncini	"[{""depth"": 6, ""descendants"": [""Kobus ellipsiprymnus"", ""Kobus leche"", ""Redunca redunca""], ""n_descendants"": 3, ""node"": ""Reduncini""}]"		Relative phylogenetic chronology only; no absolute age inferred without a dated tree.
premature_stop|ex3|codon194	premature_stop	exon_3	3.0	3	Capra falconeri;Capra hircus;Capra nubiana	Capra	0.5	0	1	Capra falconeri | Capra hircus | Capra nubiana	"[{""depth"": 8, ""descendants"": [""Capra falconeri""], ""n_descendants"": 1, ""node"": ""Capra falconeri""}, {""depth"": 8, ""descendants"": [""Capra hircus""], ""n_descendants"": 1, ""node"": ""Capra hircus""}, {""depth"": 8, ""descendants"": [""Capra nubiana""], ""n_descendants"": 1, ""node"": ""Capra nubiana""}]"		Relative phylogenetic chronology only; no absolute age inferred without a dated tree.
premature_stop|ex3|codon204	premature_stop	exon_3	3.0	3	Moschus berezovskii;Moschus chrysogaster;Tragelaphus strepsiceros	Moschidae + Bovidae	0.05172413793103448	0	2	Moschus berezovskii | Moschus chrysogaster | Tragelaphus	"[{""depth"": 6, ""descendants"": [""Moschus berezovskii""], ""n_descendants"": 1, ""node"": ""Moschus berezovskii""}, {""depth"": 6, ""descendants"": [""Moschus chrysogaster""], ""n_descendants"": 1, ""node"": ""Moschus chrysogaster""}, {""depth"": 7, ""descendants"": [""Tragelaphus buxtoni"", ""Tragelaphus eurycerus"", ""Tragelaphus imberbis"", ""Tragelaphus oryx"", ""Tragelaphus scriptus"", ""Tragelaphus spekii"", ""Tragelaphus strepsiceros""], ""n_descendants"": 7, ""node"": ""Tragelaphus""}]"		Relative phylogenetic chronology only; no absolute age inferred without a dated tree.
premature_stop|ex3|codon280	premature_stop	exon_3	3.0	3	Axis porcinus;Cervus nippon;Elaphurus davidianus	Cervini	0.3	0	2	Axis porcinus | Cervus nippon | Elaphurus davidianus	"[{""depth"": 7, ""descendants"": [""Axis porcinus""], ""n_descendants"": 1, ""node"": ""Axis porcinus""}, {""depth"": 8, ""descendants"": [""Cervus nippon""], ""n_descendants"": 1, ""node"": ""Cervus nippon""}, {""depth"": 7, ""descendants"": [""Elaphurus davidianus""], ""n_descendants"": 1, ""node"": ""Elaphurus davidianus""}]"		Relative phylogenetic chronology only; no absolute age inferred without a dated tree.
premature_stop|ex3|codon375	premature_stop	exon_3	3.0	3	Capreolus capreolus;Moschus berezovskii;Moschus moschiferus	Cervidae + (Moschidae + Bovidae)	0.03896103896103896	0	2	Capreolus | Moschus	"[{""depth"": 7, ""descendants"": [""Capreolus capreolus"", ""Capreolus pygargus""], ""n_descendants"": 2, ""node"": ""Capreolus""}, {""depth"": 5, ""descendants"": [""Moschus berezovskii"", ""Moschus chrysogaster"", ""Moschus moschiferus""], ""n_descendants"": 3, ""node"": ""Moschus""}]"		Relative phylogenetic chronology only; no absolute age inferred without a dated tree.
premature_stop|ex6|codon571	premature_stop	exon_6	6.0	3	Oryx dammah;Tragulus javanicus;Tragulus kanchil	Ruminantia	0.03409090909090909	0	2	Tragulus | Oryx dammah	"[{""depth"": 1, ""descendants"": [""Tragulus javanicus"", ""Tragulus kanchil""], ""n_descendants"": 2, ""node"": ""Tragulus""}, {""depth"": 8, ""descendants"": [""Oryx dammah""], ""n_descendants"": 1, ""node"": ""Oryx dammah""}]"		Relative phylogenetic chronology only; no absolute age inferred without a dated tree.
premature_stop|ex6|codon903	premature_stop	exon_6	6.0	3	Bos frontalis;Bos javanicus;Rupicapra rupicapra	Bovidae	0.05172413793103448	0	2	Bos frontalis | Bos javanicus | Rupicapra rupicapra	"[{""depth"": 9, ""descendants"": [""Bos frontalis""], ""n_descendants"": 1, ""node"": ""Bos frontalis""}, {""depth"": 9, ""descendants"": [""Bos javanicus""], ""n_descendants"": 1, ""node"": ""Bos javanicus""}, {""depth"": 7, ""descendants"": [""Rupicapra rupicapra""], ""n_descendants"": 1, ""node"": ""Rupicapra rupicapra""}]"		Relative phylogenetic chronology only; no absolute age inferred without a dated tree.
candidate_large_frameshift_insertion|ex2|pos237|len812	candidate_large_frameshift_insertion	exon_2	2.0	2	Hydropotes inermis;Odocoileus hemionus	Capreolinae	0.3333333333333333	0	2	Hydropotes inermis | Odocoileus hemionus	"[{""depth"": 7, ""descendants"": [""Hydropotes inermis""], ""n_descendants"": 1, ""node"": ""Hydropotes inermis""}, {""depth"": 8, ""descendants"": [""Odocoileus hemionus""], ""n_descendants"": 1, ""node"": ""Odocoileus hemionus""}]"		Relative phylogenetic chronology only; no absolute age inferred without a dated tree.
candidate_large_frameshift_insertion|ex4|pos38|len709	candidate_large_frameshift_insertion	exon_4	4.0	2	Tragelaphus eurycerus;Tragelaphus imberbis	Tragelaphus	0.6666666666666666	0	1	Tragelaphus eurycerus | Tragelaphus imberbis	"[{""depth"": 8, ""descendants"": [""Tragelaphus eurycerus""], ""n_descendants"": 1, ""node"": ""Tragelaphus eurycerus""}, {""depth"": 8, ""descendants"": [""Tragelaphus imberbis""], ""n_descendants"": 1, ""node"": ""Tragelaphus imberbis""}]"		Relative phylogenetic chronology only; no absolute age inferred without a dated tree.
candidate_large_frameshift_insertion|ex4|pos38|len715	candidate_large_frameshift_insertion	exon_4	4.0	2	Budorcas taxicolor;Connochaetes taurinus	Bovidae	0.03636363636363636	0	2	Connochaetes taurinus | Budorcas taxicolor	"[{""depth"": 7, ""descendants"": [""Connochaetes taurinus""], ""n_descendants"": 1, ""node"": ""Connochaetes taurinus""}, {""depth"": 7, ""descendants"": [""Budorcas taxicolor""], ""n_descendants"": 1, ""node"": ""Budorcas taxicolor""}]"		Relative phylogenetic chronology only; no absolute age inferred without a dated tree.
candidate_large_inframe_insertion|ex2|pos237|len810	candidate_large_inframe_insertion	exon_2	2.0	2	Muntiacus gongshanensis;Rangifer tarandus	Cervidae	0.09523809523809523	0	2	Muntiacus gongshanensis | Rangifer tarandus	"[{""depth"": 7, ""descendants"": [""Muntiacus gongshanensis""], ""n_descendants"": 1, ""node"": ""Muntiacus gongshanensis""}, {""depth"": 7, ""descendants"": [""Rangifer tarandus""], ""n_descendants"": 1, ""node"": ""Rangifer tarandus""}]"		Relative phylogenetic chronology only; no absolute age inferred without a dated tree.
candidate_large_inframe_insertion|ex3|pos402|len135	candidate_large_inframe_insertion	exon_3	3.0	2	Connochaetes taurinus;Damaliscus lunatus	Alcelaphini	0.6666666666666666	0	1	Connochaetes taurinus | Damaliscus lunatus	"[{""depth"": 7, ""descendants"": [""Connochaetes taurinus""], ""n_descendants"": 1, ""node"": ""Connochaetes taurinus""}, {""depth"": 7, ""descendants"": [""Damaliscus lunatus""], ""n_descendants"": 1, ""node"": ""Damaliscus lunatus""}]"		Relative phylogenetic chronology only; no absolute age inferred without a dated tree.
candidate_large_inframe_insertion|ex3|pos407|len132	candidate_large_inframe_insertion	exon_3	3.0	2	Cephalophula zebra;Cephalophus harveyi	Cephalophini	1.0	0	1	Cephalophini	"[{""depth"": 6, ""descendants"": [""Cephalophula zebra"", ""Cephalophus harveyi"", ""Philantomba maxwellii"", ""Sylvicapra grimmia""], ""n_descendants"": 4, ""node"": ""Cephalophini""}]"		Relative phylogenetic chronology only; no absolute age inferred without a dated tree.
candidate_large_inframe_insertion|ex3|pos407|len147	candidate_large_inframe_insertion	exon_3	3.0	2	Capra aegagrus;Oreamnos americanus	Caprini	0.1111111111111111	0	2	Capra aegagrus | Oreamnos americanus	"[{""depth"": 8, ""descendants"": [""Capra aegagrus""], ""n_descendants"": 1, ""node"": ""Capra aegagrus""}, {""depth"": 7, ""descendants"": [""Oreamnos americanus""], ""n_descendants"": 1, ""node"": ""Oreamnos americanus""}]"		Relative phylogenetic chronology only; no absolute age inferred without a dated tree.
candidate_large_inframe_insertion|ex3|pos407|len150	candidate_large_inframe_insertion	exon_3	3.0	2	Capra ibex;Capra sibirica	Capra	0.3333333333333333	0	1	Capra ibex | Capra sibirica	"[{""depth"": 8, ""descendants"": [""Capra ibex""], ""n_descendants"": 1, ""node"": ""Capra ibex""}, {""depth"": 8, ""descendants"": [""Capra sibirica""], ""n_descendants"": 1, ""node"": ""Capra sibirica""}]"		Relative phylogenetic chronology only; no absolute age inferred without a dated tree.
candidate_large_inframe_insertion|ex4|pos38|len693	candidate_large_inframe_insertion	exon_4	4.0	2	Nanger dama;Nanger granti	Nanger	1.0	0	1	Nanger	"[{""depth"": 7, ""descendants"": [""Nanger dama"", ""Nanger granti""], ""n_descendants"": 2, ""node"": ""Nanger""}]"		Relative phylogenetic chronology only; no absolute age inferred without a dated tree.
frameshift_deletion|ex1|pos45|len1	frameshift_deletion	exon_1	1.0	2	Cephalophula zebra;Cephalophus harveyi	Cephalophini	1.0	0	1	Cephalophini	"[{""depth"": 6, ""descendants"": [""Cephalophula zebra"", ""Cephalophus harveyi"", ""Philantomba maxwellii"", ""Sylvicapra grimmia""], ""n_descendants"": 4, ""node"": ""Cephalophini""}]"		Relative phylogenetic chronology only; no absolute age inferred without a dated tree.
frameshift_deletion|ex2|pos110|len1	frameshift_deletion	exon_2	2.0	2	Nanger dama;Nanger granti	Nanger	1.0	0	1	Nanger	"[{""depth"": 7, ""descendants"": [""Nanger dama"", ""Nanger granti""], ""n_descendants"": 2, ""node"": ""Nanger""}]"		Relative phylogenetic chronology only; no absolute age inferred without a dated tree.
frameshift_deletion|ex3|pos135|len1	frameshift_deletion	exon_3	3.0	2	Oryx dammah;Oryx gazella	Oryx	1.0	0	1	Oryx	"[{""depth"": 7, ""descendants"": [""Oryx dammah"", ""Oryx gazella""], ""n_descendants"": 2, ""node"": ""Oryx""}]"		Relative phylogenetic chronology only; no absolute age inferred without a dated tree.
frameshift_deletion|ex3|pos72|len1	frameshift_deletion	exon_3	3.0	2	Madoqua kirkii;Neotragus pygmaeus	Antilopini sensu lato / small-antelope lineages	0.4	0	2	Madoqua kirkii | Neotragus pygmaeus	"[{""depth"": 7, ""descendants"": [""Madoqua kirkii""], ""n_descendants"": 1, ""node"": ""Madoqua kirkii""}, {""depth"": 8, ""descendants"": [""Neotragus pygmaeus""], ""n_descendants"": 1, ""node"": ""Neotragus pygmaeus""}]"		Relative phylogenetic chronology only; no absolute age inferred without a dated tree.
frameshift_deletion|ex3|pos808|len1	frameshift_deletion	exon_3	3.0	2	Oryx dammah;Oryx gazella	Oryx	1.0	0	1	Oryx	"[{""depth"": 7, ""descendants"": [""Oryx dammah"", ""Oryx gazella""], ""n_descendants"": 2, ""node"": ""Oryx""}]"		Relative phylogenetic chronology only; no absolute age inferred without a dated tree.
frameshift_deletion|ex5|pos63|len1	frameshift_deletion	exon_5	5.0	2	Tragulus javanicus;Tragulus kanchil	Tragulus	1.0	0	1	Tragulus	"[{""depth"": 1, ""descendants"": [""Tragulus javanicus"", ""Tragulus kanchil""], ""n_descendants"": 2, ""node"": ""Tragulus""}]"		Relative phylogenetic chronology only; no absolute age inferred without a dated tree.
frameshift_deletion|ex5|pos67|len1	frameshift_deletion	exon_5	5.0	2	Tragulus javanicus;Tragulus kanchil	Tragulus	1.0	0	1	Tragulus	"[{""depth"": 1, ""descendants"": [""Tragulus javanicus"", ""Tragulus kanchil""], ""n_descendants"": 2, ""node"": ""Tragulus""}]"		Relative phylogenetic chronology only; no absolute age inferred without a dated tree.
frameshift_deletion|ex6|pos446|len1	frameshift_deletion	exon_6	6.0	2	Tragulus javanicus;Tragulus kanchil	Tragulus	1.0	0	1	Tragulus	"[{""depth"": 1, ""descendants"": [""Tragulus javanicus"", ""Tragulus kanchil""], ""n_descendants"": 2, ""node"": ""Tragulus""}]"		Relative phylogenetic chronology only; no absolute age inferred without a dated tree.
frameshift_deletion|ex6|pos474|len1	frameshift_deletion	exon_6	6.0	2	Tragelaphus oryx;Tragelaphus spekii	Tragelaphus	0.3333333333333333	0	1	Tragelaphus oryx | Tragelaphus spekii	"[{""depth"": 8, ""descendants"": [""Tragelaphus oryx""], ""n_descendants"": 1, ""node"": ""Tragelaphus oryx""}, {""depth"": 8, ""descendants"": [""Tragelaphus spekii""], ""n_descendants"": 1, ""node"": ""Tragelaphus spekii""}]"		Relative phylogenetic chronology only; no absolute age inferred without a dated tree.
frameshift_deletion|ex6|pos484|len23	frameshift_deletion	exon_6	6.0	2	Odocoileus virginianus;Rangifer tarandus	Odocoileini	0.6666666666666666	0	2	Odocoileini	"[{""depth"": 6, ""descendants"": [""Odocoileus hemionus"", ""Odocoileus virginianus"", ""Rangifer tarandus""], ""n_descendants"": 3, ""node"": ""Odocoileini""}]"	Odocoileus hemionus	Relative phylogenetic chronology only; no absolute age inferred without a dated tree.
frameshift_deletion|ex6|pos51|len1	frameshift_deletion	exon_6	6.0	2	Giraffa camelopardalis;Giraffa tippelskirchi	Giraffa	1.0	0	1	Giraffa	"[{""depth"": 4, ""descendants"": [""Giraffa camelopardalis"", ""Giraffa tippelskirchi""], ""n_descendants"": 2, ""node"": ""Giraffa""}]"		Relative phylogenetic chronology only; no absolute age inferred without a dated tree.
frameshift_deletion|ex6|pos612|len1	frameshift_deletion	exon_6	6.0	2	Tragulus javanicus;Tragulus kanchil	Tragulus	1.0	0	1	Tragulus	"[{""depth"": 1, ""descendants"": [""Tragulus javanicus"", ""Tragulus kanchil""], ""n_descendants"": 2, ""node"": ""Tragulus""}]"		Relative phylogenetic chronology only; no absolute age inferred without a dated tree.
frameshift_deletion|ex6|pos627|len1	frameshift_deletion	exon_6	6.0	2	Oreamnos americanus;Pseudois nayaur	Caprini	0.11764705882352941	0	1	Oreamnos americanus | Pseudois nayaur	"[{""depth"": 7, ""descendants"": [""Oreamnos americanus""], ""n_descendants"": 1, ""node"": ""Oreamnos americanus""}, {""depth"": 7, ""descendants"": [""Pseudois nayaur""], ""n_descendants"": 1, ""node"": ""Pseudois nayaur""}]"		Relative phylogenetic chronology only; no absolute age inferred without a dated tree.
frameshift_deletion|ex6|pos860|len4	frameshift_deletion	exon_6	6.0	2	Alces alces;Neotragus moschatus	Cervidae + (Moschidae + Bovidae)	0.024390243902439025	0	2	Alces alces | Neotragus moschatus	"[{""depth"": 6, ""descendants"": [""Alces alces""], ""n_descendants"": 1, ""node"": ""Alces alces""}, {""depth"": 8, ""descendants"": [""Neotragus moschatus""], ""n_descendants"": 1, ""node"": ""Neotragus moschatus""}]"		Relative phylogenetic chronology only; no absolute age inferred without a dated tree.
frameshift_deletion|ex6|pos868|len2	frameshift_deletion	exon_6	6.0	2	Ovis canadensis;Ovis nivicola	Ovis	0.3333333333333333	0	1	Ovis canadensis | Ovis nivicola	"[{""depth"": 8, ""descendants"": [""Ovis canadensis""], ""n_descendants"": 1, ""node"": ""Ovis canadensis""}, {""depth"": 8, ""descendants"": [""Ovis nivicola""], ""n_descendants"": 1, ""node"": ""Ovis nivicola""}]"		Relative phylogenetic chronology only; no absolute age inferred without a dated tree.
frameshift_induced_stop|ex2|codon114	frameshift_induced_stop	exon_2	2.0	2	Nanger dama;Nanger granti	Nanger	1.0	0	1	Nanger	"[{""depth"": 7, ""descendants"": [""Nanger dama"", ""Nanger granti""], ""n_descendants"": 2, ""node"": ""Nanger""}]"		Relative phylogenetic chronology only; no absolute age inferred without a dated tree.
frameshift_induced_stop|ex2|codon68	frameshift_induced_stop	exon_2	2.0	2	Kobus ellipsiprymnus;Kobus leche	Kobus	1.0	0	1	Kobus	"[{""depth"": 7, ""descendants"": [""Kobus ellipsiprymnus"", ""Kobus leche""], ""n_descendants"": 2, ""node"": ""Kobus""}]"		Relative phylogenetic chronology only; no absolute age inferred without a dated tree.
frameshift_induced_stop|ex2|codon83	frameshift_induced_stop	exon_2	2.0	2	Alces alces;Hydropotes inermis	Capreolinae	0.3333333333333333	0	2	Alces alces | Hydropotes inermis	"[{""depth"": 6, ""descendants"": [""Alces alces""], ""n_descendants"": 1, ""node"": ""Alces alces""}, {""depth"": 7, ""descendants"": [""Hydropotes inermis""], ""n_descendants"": 1, ""node"": ""Hydropotes inermis""}]"		Relative phylogenetic chronology only; no absolute age inferred without a dated tree.
frameshift_induced_stop|ex3|codon202	frameshift_induced_stop	exon_3	3.0	2	Madoqua kirkii;Pseudois nayaur	Bovidae	0.037037037037037035	0	2	Pseudois nayaur | Madoqua kirkii	"[{""depth"": 7, ""descendants"": [""Pseudois nayaur""], ""n_descendants"": 1, ""node"": ""Pseudois nayaur""}, {""depth"": 7, ""descendants"": [""Madoqua kirkii""], ""n_descendants"": 1, ""node"": ""Madoqua kirkii""}]"		Relative phylogenetic chronology only; no absolute age inferred without a dated tree.
frameshift_induced_stop|ex3|codon361	frameshift_induced_stop	exon_3	3.0	2	Ammotragus lervia;Capricornis sumatraensis	Caprini	0.1111111111111111	0	1	Ammotragus lervia | Capricornis sumatraensis	"[{""depth"": 7, ""descendants"": [""Ammotragus lervia""], ""n_descendants"": 1, ""node"": ""Ammotragus lervia""}, {""depth"": 7, ""descendants"": [""Capricornis sumatraensis""], ""n_descendants"": 1, ""node"": ""Capricornis sumatraensis""}]"		Relative phylogenetic chronology only; no absolute age inferred without a dated tree.
frameshift_induced_stop|ex3|codon390	frameshift_induced_stop	exon_3	3.0	2	Cephalophula zebra;Cephalophus harveyi	Cephalophini	1.0	0	1	Cephalophini	"[{""depth"": 6, ""descendants"": [""Cephalophula zebra"", ""Cephalophus harveyi"", ""Philantomba maxwellii"", ""Sylvicapra grimmia""], ""n_descendants"": 4, ""node"": ""Cephalophini""}]"		Relative phylogenetic chronology only; no absolute age inferred without a dated tree.
frameshift_induced_stop|ex3|codon430	frameshift_induced_stop	exon_3	3.0	2	Beatragus hunteri;Oryx gazella	Bovidae	0.037037037037037035	0	2	Beatragus hunteri | Oryx gazella	"[{""depth"": 7, ""descendants"": [""Beatragus hunteri""], ""n_descendants"": 1, ""node"": ""Beatragus hunteri""}, {""depth"": 8, ""descendants"": [""Oryx gazella""], ""n_descendants"": 1, ""node"": ""Oryx gazella""}]"		Relative phylogenetic chronology only; no absolute age inferred without a dated tree.
frameshift_induced_stop|ex5|codon544	frameshift_induced_stop	exon_5	5.0	2	Antilocapra americana;Tragulus javanicus	Ruminantia	0.023529411764705882	0	2	Tragulus javanicus | Antilocapra americana	"[{""depth"": 2, ""descendants"": [""Tragulus javanicus""], ""n_descendants"": 1, ""node"": ""Tragulus javanicus""}, {""depth"": 2, ""descendants"": [""Antilocapra americana""], ""n_descendants"": 1, ""node"": ""Antilocapra americana""}]"		Relative phylogenetic chronology only; no absolute age inferred without a dated tree.
frameshift_induced_stop|ex6|codon613	frameshift_induced_stop	exon_6	6.0	2	Bubalus bubalis;Bubalus kerabau	Bubalus	0.6666666666666666	0	1	Bubalus bubalis | Bubalus kerabau	"[{""depth"": 9, ""descendants"": [""Bubalus bubalis""], ""n_descendants"": 1, ""node"": ""Bubalus bubalis""}, {""depth"": 9, ""descendants"": [""Bubalus kerabau""], ""n_descendants"": 1, ""node"": ""Bubalus kerabau""}]"		Relative phylogenetic chronology only; no absolute age inferred without a dated tree.
frameshift_induced_stop|ex6|codon660	frameshift_induced_stop	exon_6	6.0	2	Tragulus javanicus;Tragulus kanchil	Tragulus	1.0	0	1	Tragulus	"[{""depth"": 1, ""descendants"": [""Tragulus javanicus"", ""Tragulus kanchil""], ""n_descendants"": 2, ""node"": ""Tragulus""}]"		Relative phylogenetic chronology only; no absolute age inferred without a dated tree.
frameshift_induced_stop|ex6|codon818	frameshift_induced_stop	exon_6	6.0	2	Nanger dama;Nanger granti	Nanger	1.0	0	1	Nanger	"[{""depth"": 7, ""descendants"": [""Nanger dama"", ""Nanger granti""], ""n_descendants"": 2, ""node"": ""Nanger""}]"		Relative phylogenetic chronology only; no absolute age inferred without a dated tree.
frameshift_induced_stop|ex6|codon878	frameshift_induced_stop	exon_6	6.0	2	Ovis canadensis;Ovis nivicola	Ovis	0.3333333333333333	0	1	Ovis canadensis | Ovis nivicola	"[{""depth"": 8, ""descendants"": [""Ovis canadensis""], ""n_descendants"": 1, ""node"": ""Ovis canadensis""}, {""depth"": 8, ""descendants"": [""Ovis nivicola""], ""n_descendants"": 1, ""node"": ""Ovis nivicola""}]"		Relative phylogenetic chronology only; no absolute age inferred without a dated tree.
frameshift_induced_stop|ex6|codon890	frameshift_induced_stop	exon_6	6.0	2	Alces alces;Muntiacus crinifrons	Cervidae	0.09523809523809523	0	2	Muntiacus crinifrons | Alces alces	"[{""depth"": 7, ""descendants"": [""Muntiacus crinifrons""], ""n_descendants"": 1, ""node"": ""Muntiacus crinifrons""}, {""depth"": 6, ""descendants"": [""Alces alces""], ""n_descendants"": 1, ""node"": ""Alces alces""}]"		Relative phylogenetic chronology only; no absolute age inferred without a dated tree.
frameshift_induced_stop|ex6|codon918	frameshift_induced_stop	exon_6	6.0	2	Ovis vignei;Tragelaphus eurycerus	Bovidae	0.034482758620689655	0	2	Tragelaphus eurycerus | Ovis vignei	"[{""depth"": 8, ""descendants"": [""Tragelaphus eurycerus""], ""n_descendants"": 1, ""node"": ""Tragelaphus eurycerus""}, {""depth"": 8, ""descendants"": [""Ovis vignei""], ""n_descendants"": 1, ""node"": ""Ovis vignei""}]"		Relative phylogenetic chronology only; no absolute age inferred without a dated tree.
frameshift_insertion|ex1|pos72|len14	frameshift_insertion	exon_1	1.0	2	Tragulus javanicus;Tragulus kanchil	Tragulus	1.0	0	1	Tragulus	"[{""depth"": 1, ""descendants"": [""Tragulus javanicus"", ""Tragulus kanchil""], ""n_descendants"": 2, ""node"": ""Tragulus""}]"		Relative phylogenetic chronology only; no absolute age inferred without a dated tree.
frameshift_insertion|ex3|pos205|len4	frameshift_insertion	exon_3	3.0	2	Bos grunniens;Bos mutus	Bos	0.2857142857142857	0	1	Bos grunniens | Bos mutus	"[{""depth"": 9, ""descendants"": [""Bos grunniens""], ""n_descendants"": 1, ""node"": ""Bos grunniens""}, {""depth"": 9, ""descendants"": [""Bos mutus""], ""n_descendants"": 1, ""node"": ""Bos mutus""}]"		Relative phylogenetic chronology only; no absolute age inferred without a dated tree.
frameshift_insertion|ex3|pos393|len13	frameshift_insertion	exon_3	3.0	2	Cervus nippon;Elaphurus davidianus	Cervini	0.2	0	2	Cervus nippon | Elaphurus davidianus	"[{""depth"": 8, ""descendants"": [""Cervus nippon""], ""n_descendants"": 1, ""node"": ""Cervus nippon""}, {""depth"": 7, ""descendants"": [""Elaphurus davidianus""], ""n_descendants"": 1, ""node"": ""Elaphurus davidianus""}]"		Relative phylogenetic chronology only; no absolute age inferred without a dated tree.
frameshift_insertion|ex3|pos429|len1	frameshift_insertion	exon_3	3.0	2	Giraffa camelopardalis;Giraffa tippelskirchi	Giraffa	1.0	0	1	Giraffa	"[{""depth"": 4, ""descendants"": [""Giraffa camelopardalis"", ""Giraffa tippelskirchi""], ""n_descendants"": 2, ""node"": ""Giraffa""}]"		Relative phylogenetic chronology only; no absolute age inferred without a dated tree.
frameshift_insertion|ex3|pos447|len1	frameshift_insertion	exon_3	3.0	2	Muntiacus muntjak;Muntiacus reevesi	Muntiacus	0.4	0	1	Muntiacus muntjak | Muntiacus reevesi	"[{""depth"": 7, ""descendants"": [""Muntiacus muntjak""], ""n_descendants"": 1, ""node"": ""Muntiacus muntjak""}, {""depth"": 7, ""descendants"": [""Muntiacus reevesi""], ""n_descendants"": 1, ""node"": ""Muntiacus reevesi""}]"		Relative phylogenetic chronology only; no absolute age inferred without a dated tree.
frameshift_insertion|ex3|pos590|len1	frameshift_insertion	exon_3	3.0	2	Ammotragus lervia;Capricornis sumatraensis	Caprini	0.1111111111111111	0	1	Ammotragus lervia | Capricornis sumatraensis	"[{""depth"": 7, ""descendants"": [""Ammotragus lervia""], ""n_descendants"": 1, ""node"": ""Ammotragus lervia""}, {""depth"": 7, ""descendants"": [""Capricornis sumatraensis""], ""n_descendants"": 1, ""node"": ""Capricornis sumatraensis""}]"		Relative phylogenetic chronology only; no absolute age inferred without a dated tree.
frameshift_insertion|ex3|pos631|len2	frameshift_insertion	exon_3	3.0	2	Cephalophula zebra;Cephalophus harveyi	Cephalophini	1.0	0	1	Cephalophini	"[{""depth"": 6, ""descendants"": [""Cephalophula zebra"", ""Cephalophus harveyi"", ""Philantomba maxwellii"", ""Sylvicapra grimmia""], ""n_descendants"": 4, ""node"": ""Cephalophini""}]"		Relative phylogenetic chronology only; no absolute age inferred without a dated tree.
frameshift_insertion|ex5|pos100|len1	frameshift_insertion	exon_5	5.0	2	Budorcas taxicolor;Neotragus moschatus	Bovidae	0.03636363636363636	0	2	Budorcas taxicolor | Neotragus moschatus	"[{""depth"": 7, ""descendants"": [""Budorcas taxicolor""], ""n_descendants"": 1, ""node"": ""Budorcas taxicolor""}, {""depth"": 8, ""descendants"": [""Neotragus moschatus""], ""n_descendants"": 1, ""node"": ""Neotragus moschatus""}]"		Relative phylogenetic chronology only; no absolute age inferred without a dated tree.
frameshift_insertion|ex5|pos72|len2	frameshift_insertion	exon_5	5.0	2	Tragulus javanicus;Tragulus kanchil	Tragulus	1.0	0	1	Tragulus	"[{""depth"": 1, ""descendants"": [""Tragulus javanicus"", ""Tragulus kanchil""], ""n_descendants"": 2, ""node"": ""Tragulus""}]"		Relative phylogenetic chronology only; no absolute age inferred without a dated tree.
frameshift_insertion|ex6|pos214|len1	frameshift_insertion	exon_6	6.0	2	Tragulus javanicus;Tragulus kanchil	Tragulus	1.0	0	1	Tragulus	"[{""depth"": 1, ""descendants"": [""Tragulus javanicus"", ""Tragulus kanchil""], ""n_descendants"": 2, ""node"": ""Tragulus""}]"		Relative phylogenetic chronology only; no absolute age inferred without a dated tree.
frameshift_insertion|ex6|pos268|len1	frameshift_insertion	exon_6	6.0	2	Tragulus javanicus;Tragulus kanchil	Tragulus	1.0	0	1	Tragulus	"[{""depth"": 1, ""descendants"": [""Tragulus javanicus"", ""Tragulus kanchil""], ""n_descendants"": 2, ""node"": ""Tragulus""}]"		Relative phylogenetic chronology only; no absolute age inferred without a dated tree.
inframe_deletion|ex3|pos691|len3	inframe_deletion	exon_3	3.0	2	Kobus ellipsiprymnus;Kobus leche	Kobus	1.0	0	1	Kobus	"[{""depth"": 7, ""descendants"": [""Kobus ellipsiprymnus"", ""Kobus leche""], ""n_descendants"": 2, ""node"": ""Kobus""}]"		Relative phylogenetic chronology only; no absolute age inferred without a dated tree.
inframe_deletion|ex6|pos168|len3	inframe_deletion	exon_6	6.0	2	Neotragus pygmaeus;Okapia johnstoni	remaining Pecora	0.023529411764705882	0	2	Okapia johnstoni | Neotragus pygmaeus	"[{""depth"": 4, ""descendants"": [""Okapia johnstoni""], ""n_descendants"": 1, ""node"": ""Okapia johnstoni""}, {""depth"": 8, ""descendants"": [""Neotragus pygmaeus""], ""n_descendants"": 1, ""node"": ""Neotragus pygmaeus""}]"		Relative phylogenetic chronology only; no absolute age inferred without a dated tree.
inframe_deletion|ex6|pos473|len21	inframe_deletion	exon_6	6.0	2	Muntiacus crinifrons;Muntiacus reevesi	Muntiacus	0.4	0	1	Muntiacus crinifrons | Muntiacus reevesi	"[{""depth"": 7, ""descendants"": [""Muntiacus crinifrons""], ""n_descendants"": 1, ""node"": ""Muntiacus crinifrons""}, {""depth"": 7, ""descendants"": [""Muntiacus reevesi""], ""n_descendants"": 1, ""node"": ""Muntiacus reevesi""}]"		Relative phylogenetic chronology only; no absolute age inferred without a dated tree.
inframe_deletion|ex6|pos474|len3	inframe_deletion	exon_6	6.0	2	Odocoileus virginianus;Rangifer tarandus	Odocoileini	0.6666666666666666	0	2	Odocoileini	"[{""depth"": 6, ""descendants"": [""Odocoileus hemionus"", ""Odocoileus virginianus"", ""Rangifer tarandus""], ""n_descendants"": 3, ""node"": ""Odocoileini""}]"	Odocoileus hemionus	Relative phylogenetic chronology only; no absolute age inferred without a dated tree.
inframe_deletion|ex6|pos939|len15	inframe_deletion	exon_6	6.0	2	Ammotragus lervia;Neotragus pygmaeus	Bovidae	0.034482758620689655	0	2	Ammotragus lervia | Neotragus pygmaeus	"[{""depth"": 7, ""descendants"": [""Ammotragus lervia""], ""n_descendants"": 1, ""node"": ""Ammotragus lervia""}, {""depth"": 8, ""descendants"": [""Neotragus pygmaeus""], ""n_descendants"": 1, ""node"": ""Neotragus pygmaeus""}]"		Relative phylogenetic chronology only; no absolute age inferred without a dated tree.
inframe_insertion|ex3|pos210|len6	inframe_insertion	exon_3	3.0	2	Bos grunniens;Bos mutus	Bos	0.2857142857142857	0	1	Bos grunniens | Bos mutus	"[{""depth"": 9, ""descendants"": [""Bos grunniens""], ""n_descendants"": 1, ""node"": ""Bos grunniens""}, {""depth"": 9, ""descendants"": [""Bos mutus""], ""n_descendants"": 1, ""node"": ""Bos mutus""}]"		Relative phylogenetic chronology only; no absolute age inferred without a dated tree.
inframe_insertion|ex3|pos388|len12	inframe_insertion	exon_3	3.0	2	Cervus nippon;Elaphurus davidianus	Cervini	0.2	0	2	Cervus nippon | Elaphurus davidianus	"[{""depth"": 8, ""descendants"": [""Cervus nippon""], ""n_descendants"": 1, ""node"": ""Cervus nippon""}, {""depth"": 7, ""descendants"": [""Elaphurus davidianus""], ""n_descendants"": 1, ""node"": ""Elaphurus davidianus""}]"		Relative phylogenetic chronology only; no absolute age inferred without a dated tree.
inframe_insertion|ex6|pos125|len3	inframe_insertion	exon_6	6.0	2	Tragulus javanicus;Tragulus kanchil	Tragulus	1.0	0	1	Tragulus	"[{""depth"": 1, ""descendants"": [""Tragulus javanicus"", ""Tragulus kanchil""], ""n_descendants"": 2, ""node"": ""Tragulus""}]"		Relative phylogenetic chronology only; no absolute age inferred without a dated tree.
inframe_insertion|ex6|pos603|len3	inframe_insertion	exon_6	6.0	2	Tragulus javanicus;Tragulus kanchil	Tragulus	1.0	0	1	Tragulus	"[{""depth"": 1, ""descendants"": [""Tragulus javanicus"", ""Tragulus kanchil""], ""n_descendants"": 2, ""node"": ""Tragulus""}]"		Relative phylogenetic chronology only; no absolute age inferred without a dated tree.
potential_splice_acceptor_disruption|ex2|AA	potential_splice_acceptor_disruption	exon_2	2.0	2	Axis porcinus;Cephalophula zebra	Cervidae + (Moschidae + Bovidae)	0.02531645569620253	0	2	Axis porcinus | Cephalophula zebra	"[{""depth"": 7, ""descendants"": [""Axis porcinus""], ""n_descendants"": 1, ""node"": ""Axis porcinus""}, {""depth"": 7, ""descendants"": [""Cephalophula zebra""], ""n_descendants"": 1, ""node"": ""Cephalophula zebra""}]"		Relative phylogenetic chronology only; no absolute age inferred without a dated tree.
potential_splice_acceptor_disruption|ex4|AA	potential_splice_acceptor_disruption	exon_4	4.0	2	Tragelaphus eurycerus;Tragelaphus imberbis	Tragelaphus	0.6666666666666666	0	1	Tragelaphus eurycerus | Tragelaphus imberbis	"[{""depth"": 8, ""descendants"": [""Tragelaphus eurycerus""], ""n_descendants"": 1, ""node"": ""Tragelaphus eurycerus""}, {""depth"": 8, ""descendants"": [""Tragelaphus imberbis""], ""n_descendants"": 1, ""node"": ""Tragelaphus imberbis""}]"		Relative phylogenetic chronology only; no absolute age inferred without a dated tree.
potential_splice_acceptor_disruption|ex5|AA	potential_splice_acceptor_disruption	exon_5	5.0	2	Muntiacus crinifrons;Neotragus moschatus	Cervidae + (Moschidae + Bovidae)	0.02531645569620253	0	2	Muntiacus crinifrons | Neotragus moschatus	"[{""depth"": 7, ""descendants"": [""Muntiacus crinifrons""], ""n_descendants"": 1, ""node"": ""Muntiacus crinifrons""}, {""depth"": 8, ""descendants"": [""Neotragus moschatus""], ""n_descendants"": 1, ""node"": ""Neotragus moschatus""}]"		Relative phylogenetic chronology only; no absolute age inferred without a dated tree.
potential_splice_acceptor_disruption|ex6|CA	potential_splice_acceptor_disruption	exon_6	6.0	2	Eudorcas thomsonii;Tragelaphus imberbis	Bovidae	0.034482758620689655	0	2	Tragelaphus imberbis | Eudorcas thomsonii	"[{""depth"": 8, ""descendants"": [""Tragelaphus imberbis""], ""n_descendants"": 1, ""node"": ""Tragelaphus imberbis""}, {""depth"": 7, ""descendants"": [""Eudorcas thomsonii""], ""n_descendants"": 1, ""node"": ""Eudorcas thomsonii""}]"		Relative phylogenetic chronology only; no absolute age inferred without a dated tree.
potential_splice_donor_disruption|ex1|AG	potential_splice_donor_disruption	exon_1	1.0	2	Beatragus hunteri;Damaliscus lunatus	Alcelaphini	0.6666666666666666	0	1	Beatragus hunteri | Damaliscus lunatus	"[{""depth"": 7, ""descendants"": [""Beatragus hunteri""], ""n_descendants"": 1, ""node"": ""Beatragus hunteri""}, {""depth"": 7, ""descendants"": [""Damaliscus lunatus""], ""n_descendants"": 1, ""node"": ""Damaliscus lunatus""}]"		Relative phylogenetic chronology only; no absolute age inferred without a dated tree.
premature_stop|ex1|codon51	premature_stop	exon_1	1.0	2	Capreolus capreolus;Hydropotes inermis	Capreolini	1.0	0	1	Capreolini	"[{""depth"": 6, ""descendants"": [""Capreolus capreolus"", ""Capreolus pygargus"", ""Hydropotes inermis""], ""n_descendants"": 3, ""node"": ""Capreolini""}]"		Relative phylogenetic chronology only; no absolute age inferred without a dated tree.
premature_stop|ex1|codon61	premature_stop	exon_1	1.0	2	Giraffa camelopardalis;Rupicapra rupicapra	remaining Pecora	0.02666666666666667	0	2	Giraffa camelopardalis | Rupicapra rupicapra	"[{""depth"": 5, ""descendants"": [""Giraffa camelopardalis""], ""n_descendants"": 1, ""node"": ""Giraffa camelopardalis""}, {""depth"": 7, ""descendants"": [""Rupicapra rupicapra""], ""n_descendants"": 1, ""node"": ""Rupicapra rupicapra""}]"		Relative phylogenetic chronology only; no absolute age inferred without a dated tree.
premature_stop|ex2|codon100	premature_stop	exon_2	2.0	2	Odocoileus virginianus;Rangifer tarandus	Odocoileini	0.6666666666666666	0	2	Odocoileini	"[{""depth"": 6, ""descendants"": [""Odocoileus hemionus"", ""Odocoileus virginianus"", ""Rangifer tarandus""], ""n_descendants"": 3, ""node"": ""Odocoileini""}]"	Odocoileus hemionus	Relative phylogenetic chronology only; no absolute age inferred without a dated tree.
premature_stop|ex3|codon208	premature_stop	exon_3	3.0	2	Giraffa camelopardalis;Giraffa tippelskirchi	Giraffa	1.0	0	1	Giraffa	"[{""depth"": 4, ""descendants"": [""Giraffa camelopardalis"", ""Giraffa tippelskirchi""], ""n_descendants"": 2, ""node"": ""Giraffa""}]"		Relative phylogenetic chronology only; no absolute age inferred without a dated tree.
premature_stop|ex3|codon220	premature_stop	exon_3	3.0	2	Moschus berezovskii;Moschus chrysogaster	Moschus	0.6666666666666666	0	1	Moschus berezovskii | Moschus chrysogaster	"[{""depth"": 6, ""descendants"": [""Moschus berezovskii""], ""n_descendants"": 1, ""node"": ""Moschus berezovskii""}, {""depth"": 6, ""descendants"": [""Moschus chrysogaster""], ""n_descendants"": 1, ""node"": ""Moschus chrysogaster""}]"		Relative phylogenetic chronology only; no absolute age inferred without a dated tree.
premature_stop|ex3|codon305	premature_stop	exon_3	3.0	2	Dama dama;Oreotragus oreotragus	Cervidae + (Moschidae + Bovidae)	0.025974025974025976	0	2	Dama + Megaloceros | Oreotragus oreotragus	"[{""depth"": 7, ""descendants"": [""Dama dama"", ""Megaloceros giganteus""], ""n_descendants"": 2, ""node"": ""Dama + Megaloceros""}, {""depth"": 7, ""descendants"": [""Oreotragus oreotragus""], ""n_descendants"": 1, ""node"": ""Oreotragus oreotragus""}]"		Relative phylogenetic chronology only; no absolute age inferred without a dated tree.
premature_stop|ex6|codon693	premature_stop	exon_6	6.0	2	Giraffa camelopardalis;Giraffa tippelskirchi	Giraffa	1.0	0	1	Giraffa	"[{""depth"": 4, ""descendants"": [""Giraffa camelopardalis"", ""Giraffa tippelskirchi""], ""n_descendants"": 2, ""node"": ""Giraffa""}]"		Relative phylogenetic chronology only; no absolute age inferred without a dated tree.
premature_stop|ex6|codon744	premature_stop	exon_6	6.0	2	Tragulus javanicus;Tragulus kanchil	Tragulus	1.0	0	1	Tragulus	"[{""depth"": 1, ""descendants"": [""Tragulus javanicus"", ""Tragulus kanchil""], ""n_descendants"": 2, ""node"": ""Tragulus""}]"		Relative phylogenetic chronology only; no absolute age inferred without a dated tree.
premature_stop|ex6|codon895	premature_stop	exon_6	6.0	2	Budorcas taxicolor;Oreamnos americanus	Caprini	0.11764705882352941	0	1	Budorcas taxicolor | Oreamnos americanus	"[{""depth"": 7, ""descendants"": [""Budorcas taxicolor""], ""n_descendants"": 1, ""node"": ""Budorcas taxicolor""}, {""depth"": 7, ""descendants"": [""Oreamnos americanus""], ""n_descendants"": 1, ""node"": ""Oreamnos americanus""}]"		Relative phylogenetic chronology only; no absolute age inferred without a dated tree.
candidate_large_frameshift_insertion|ex2|pos237|len1004	candidate_large_frameshift_insertion	exon_2	2.0	1	Rusa alfredi	Rusa alfredi	1.0	0	1	Rusa alfredi	"[{""depth"": 7, ""descendants"": [""Rusa alfredi""], ""n_descendants"": 1, ""node"": ""Rusa alfredi""}]"		Relative phylogenetic chronology only; no absolute age inferred without a dated tree.
candidate_large_frameshift_insertion|ex2|pos237|len512	candidate_large_frameshift_insertion	exon_2	2.0	1	Moschus moschiferus	Moschus moschiferus	1.0	0	1	Moschus moschiferus	"[{""depth"": 6, ""descendants"": [""Moschus moschiferus""], ""n_descendants"": 1, ""node"": ""Moschus moschiferus""}]"		Relative phylogenetic chronology only; no absolute age inferred without a dated tree.
candidate_large_frameshift_insertion|ex2|pos237|len776	candidate_large_frameshift_insertion	exon_2	2.0	1	Capreolus capreolus	Capreolus capreolus	1.0	0	1	Capreolus	"[{""depth"": 7, ""descendants"": [""Capreolus capreolus"", ""Capreolus pygargus""], ""n_descendants"": 2, ""node"": ""Capreolus""}]"		Relative phylogenetic chronology only; no absolute age inferred without a dated tree.
candidate_large_frameshift_insertion|ex2|pos237|len808	candidate_large_frameshift_insertion	exon_2	2.0	1	Alces alces	Alces alces	1.0	0	1	Alces alces	"[{""depth"": 6, ""descendants"": [""Alces alces""], ""n_descendants"": 1, ""node"": ""Alces alces""}]"		Relative phylogenetic chronology only; no absolute age inferred without a dated tree.
candidate_large_frameshift_insertion|ex3|pos141|len167	candidate_large_frameshift_insertion	exon_3	3.0	1	Tragelaphus buxtoni	Tragelaphus buxtoni	1.0	0	1	Tragelaphus	"[{""depth"": 7, ""descendants"": [""Tragelaphus buxtoni"", ""Tragelaphus eurycerus"", ""Tragelaphus imberbis"", ""Tragelaphus oryx"", ""Tragelaphus scriptus"", ""Tragelaphus spekii"", ""Tragelaphus strepsiceros""], ""n_descendants"": 7, ""node"": ""Tragelaphus""}]"		Relative phylogenetic chronology only; no absolute age inferred without a dated tree.
candidate_large_frameshift_insertion|ex3|pos195|len244	candidate_large_frameshift_insertion	exon_3	3.0	1	Hydropotes inermis	Hydropotes inermis	1.0	0	1	Hydropotes inermis	"[{""depth"": 7, ""descendants"": [""Hydropotes inermis""], ""n_descendants"": 1, ""node"": ""Hydropotes inermis""}]"		Relative phylogenetic chronology only; no absolute age inferred without a dated tree.
candidate_large_frameshift_insertion|ex3|pos195|len299	candidate_large_frameshift_insertion	exon_3	3.0	1	Capreolus capreolus	Capreolus capreolus	1.0	0	1	Capreolus	"[{""depth"": 7, ""descendants"": [""Capreolus capreolus"", ""Capreolus pygargus""], ""n_descendants"": 2, ""node"": ""Capreolus""}]"		Relative phylogenetic chronology only; no absolute age inferred without a dated tree.
candidate_large_frameshift_insertion|ex3|pos402|len139	candidate_large_frameshift_insertion	exon_3	3.0	1	Beatragus hunteri	Beatragus hunteri	1.0	0	1	Beatragus hunteri	"[{""depth"": 7, ""descendants"": [""Beatragus hunteri""], ""n_descendants"": 1, ""node"": ""Beatragus hunteri""}]"		Relative phylogenetic chronology only; no absolute age inferred without a dated tree.
candidate_large_frameshift_insertion|ex3|pos407|len1394	candidate_large_frameshift_insertion	exon_3	3.0	1	Oryx gazella	Oryx gazella	1.0	0	1	Oryx gazella	"[{""depth"": 8, ""descendants"": [""Oryx gazella""], ""n_descendants"": 1, ""node"": ""Oryx gazella""}]"		Relative phylogenetic chronology only; no absolute age inferred without a dated tree.
candidate_large_frameshift_insertion|ex3|pos407|len143	candidate_large_frameshift_insertion	exon_3	3.0	1	Capricornis sumatraensis	Capricornis sumatraensis	1.0	0	1	Capricornis sumatraensis	"[{""depth"": 7, ""descendants"": [""Capricornis sumatraensis""], ""n_descendants"": 1, ""node"": ""Capricornis sumatraensis""}]"		Relative phylogenetic chronology only; no absolute age inferred without a dated tree.
candidate_large_frameshift_insertion|ex3|pos407|len146	candidate_large_frameshift_insertion	exon_3	3.0	1	Ammotragus lervia	Ammotragus lervia	1.0	0	1	Ammotragus lervia	"[{""depth"": 7, ""descendants"": [""Ammotragus lervia""], ""n_descendants"": 1, ""node"": ""Ammotragus lervia""}]"		Relative phylogenetic chronology only; no absolute age inferred without a dated tree.
candidate_large_frameshift_insertion|ex3|pos584|len1208	candidate_large_frameshift_insertion	exon_3	3.0	1	Oreotragus oreotragus	Oreotragus oreotragus	1.0	0	1	Oreotragus oreotragus	"[{""depth"": 7, ""descendants"": [""Oreotragus oreotragus""], ""n_descendants"": 1, ""node"": ""Oreotragus oreotragus""}]"		Relative phylogenetic chronology only; no absolute age inferred without a dated tree.
candidate_large_frameshift_insertion|ex4|pos35|len719	candidate_large_frameshift_insertion	exon_4	4.0	1	Oreotragus oreotragus	Oreotragus oreotragus	1.0	0	1	Oreotragus oreotragus	"[{""depth"": 7, ""descendants"": [""Oreotragus oreotragus""], ""n_descendants"": 1, ""node"": ""Oreotragus oreotragus""}]"		Relative phylogenetic chronology only; no absolute age inferred without a dated tree.
candidate_large_frameshift_insertion|ex4|pos38|len1373	candidate_large_frameshift_insertion	exon_4	4.0	1	Neotragus pygmaeus	Neotragus pygmaeus	1.0	0	1	Neotragus pygmaeus	"[{""depth"": 8, ""descendants"": [""Neotragus pygmaeus""], ""n_descendants"": 1, ""node"": ""Neotragus pygmaeus""}]"		Relative phylogenetic chronology only; no absolute age inferred without a dated tree.
candidate_large_frameshift_insertion|ex4|pos38|len272	candidate_large_frameshift_insertion	exon_4	4.0	1	Axis porcinus	Axis porcinus	1.0	0	1	Axis porcinus	"[{""depth"": 7, ""descendants"": [""Axis porcinus""], ""n_descendants"": 1, ""node"": ""Axis porcinus""}]"		Relative phylogenetic chronology only; no absolute age inferred without a dated tree.
candidate_large_frameshift_insertion|ex4|pos38|len692	candidate_large_frameshift_insertion	exon_4	4.0	1	Nanger dama	Nanger dama	1.0	0	1	Nanger dama	"[{""depth"": 8, ""descendants"": [""Nanger dama""], ""n_descendants"": 1, ""node"": ""Nanger dama""}]"		Relative phylogenetic chronology only; no absolute age inferred without a dated tree.
candidate_large_frameshift_insertion|ex4|pos38|len710	candidate_large_frameshift_insertion	exon_4	4.0	1	Saiga tatarica	Saiga tatarica	1.0	0	1	Saiga tatarica	"[{""depth"": 7, ""descendants"": [""Saiga tatarica""], ""n_descendants"": 1, ""node"": ""Saiga tatarica""}]"		Relative phylogenetic chronology only; no absolute age inferred without a dated tree.
candidate_large_frameshift_insertion|ex4|pos38|len713	candidate_large_frameshift_insertion	exon_4	4.0	1	Madoqua kirkii	Madoqua kirkii	1.0	0	1	Madoqua kirkii	"[{""depth"": 7, ""descendants"": [""Madoqua kirkii""], ""n_descendants"": 1, ""node"": ""Madoqua kirkii""}]"		Relative phylogenetic chronology only; no absolute age inferred without a dated tree.
candidate_large_frameshift_insertion|ex4|pos38|len719	candidate_large_frameshift_insertion	exon_4	4.0	1	Moschus moschiferus	Moschus moschiferus	1.0	0	1	Moschus moschiferus	"[{""depth"": 6, ""descendants"": [""Moschus moschiferus""], ""n_descendants"": 1, ""node"": ""Moschus moschiferus""}]"		Relative phylogenetic chronology only; no absolute age inferred without a dated tree.
candidate_large_frameshift_insertion|ex6|pos612|len1039	candidate_large_frameshift_insertion	exon_6	6.0	1	Moschus chrysogaster	Moschus chrysogaster	1.0	0	1	Moschus chrysogaster	"[{""depth"": 6, ""descendants"": [""Moschus chrysogaster""], ""n_descendants"": 1, ""node"": ""Moschus chrysogaster""}]"		Relative phylogenetic chronology only; no absolute age inferred without a dated tree.
candidate_large_frameshift_insertion|ex6|pos740|len155	candidate_large_frameshift_insertion	exon_6	6.0	1	Tragelaphus buxtoni	Tragelaphus buxtoni	1.0	0	1	Tragelaphus buxtoni	"[{""depth"": 8, ""descendants"": [""Tragelaphus buxtoni""], ""n_descendants"": 1, ""node"": ""Tragelaphus buxtoni""}]"		Relative phylogenetic chronology only; no absolute age inferred without a dated tree.
candidate_large_inframe_insertion|ex2|pos235|len807	candidate_large_inframe_insertion	exon_2	2.0	1	Cervus nippon	Cervus nippon	1.0	0	1	Cervus nippon	"[{""depth"": 8, ""descendants"": [""Cervus nippon""], ""n_descendants"": 1, ""node"": ""Cervus nippon""}]"		Relative phylogenetic chronology only; no absolute age inferred without a dated tree.
candidate_large_inframe_insertion|ex2|pos237|len813	candidate_large_inframe_insertion	exon_2	2.0	1	Dama dama	Dama dama	1.0	0	1	Dama + Megaloceros	"[{""depth"": 7, ""descendants"": [""Dama dama"", ""Megaloceros giganteus""], ""n_descendants"": 2, ""node"": ""Dama + Megaloceros""}]"		Relative phylogenetic chronology only; no absolute age inferred without a dated tree.
candidate_large_inframe_insertion|ex3|pos407|len141	candidate_large_inframe_insertion	exon_3	3.0	1	Rupicapra rupicapra	Rupicapra rupicapra	1.0	0	1	Rupicapra rupicapra	"[{""depth"": 7, ""descendants"": [""Rupicapra rupicapra""], ""n_descendants"": 1, ""node"": ""Rupicapra rupicapra""}]"		Relative phylogenetic chronology only; no absolute age inferred without a dated tree.
candidate_large_inframe_insertion|ex3|pos407|len156	candidate_large_inframe_insertion	exon_3	3.0	1	Pseudois nayaur	Pseudois nayaur	1.0	0	1	Pseudois nayaur	"[{""depth"": 7, ""descendants"": [""Pseudois nayaur""], ""n_descendants"": 1, ""node"": ""Pseudois nayaur""}]"		Relative phylogenetic chronology only; no absolute age inferred without a dated tree.
candidate_large_inframe_insertion|ex3|pos407|len180	candidate_large_inframe_insertion	exon_3	3.0	1	Capra falconeri	Capra falconeri	1.0	0	1	Capra falconeri	"[{""depth"": 8, ""descendants"": [""Capra falconeri""], ""n_descendants"": 1, ""node"": ""Capra falconeri""}]"		Relative phylogenetic chronology only; no absolute age inferred without a dated tree.
candidate_large_inframe_insertion|ex4|pos38|len714	candidate_large_inframe_insertion	exon_4	4.0	1	Pseudois nayaur	Pseudois nayaur	1.0	0	1	Pseudois nayaur	"[{""depth"": 7, ""descendants"": [""Pseudois nayaur""], ""n_descendants"": 1, ""node"": ""Pseudois nayaur""}]"		Relative phylogenetic chronology only; no absolute age inferred without a dated tree.
candidate_large_inframe_insertion|ex4|pos38|len879	candidate_large_inframe_insertion	exon_4	4.0	1	Neotragus moschatus	Neotragus moschatus	1.0	0	1	Neotragus moschatus	"[{""depth"": 8, ""descendants"": [""Neotragus moschatus""], ""n_descendants"": 1, ""node"": ""Neotragus moschatus""}]"		Relative phylogenetic chronology only; no absolute age inferred without a dated tree.
frameshift_deletion|ex1|pos137|len1	frameshift_deletion	exon_1	1.0	1	Cervus canadensis	Cervus canadensis	1.0	0	1	Cervus canadensis	"[{""depth"": 8, ""descendants"": [""Cervus canadensis""], ""n_descendants"": 1, ""node"": ""Cervus canadensis""}]"		Relative phylogenetic chronology only; no absolute age inferred without a dated tree.
frameshift_deletion|ex1|pos34|len11	frameshift_deletion	exon_1	1.0	1	Moschus berezovskii	Moschus berezovskii	1.0	0	1	Moschus berezovskii	"[{""depth"": 6, ""descendants"": [""Moschus berezovskii""], ""n_descendants"": 1, ""node"": ""Moschus berezovskii""}]"		Relative phylogenetic chronology only; no absolute age inferred without a dated tree.
frameshift_deletion|ex1|pos35|len2	frameshift_deletion	exon_1	1.0	1	Alces alces	Alces alces	1.0	0	1	Alces alces	"[{""depth"": 6, ""descendants"": [""Alces alces""], ""n_descendants"": 1, ""node"": ""Alces alces""}]"		Relative phylogenetic chronology only; no absolute age inferred without a dated tree.
frameshift_deletion|ex1|pos6|len1	frameshift_deletion	exon_1	1.0	1	Cephalophus harveyi	Cephalophus harveyi	1.0	0	1	Cephalophus harveyi	"[{""depth"": 7, ""descendants"": [""Cephalophus harveyi""], ""n_descendants"": 1, ""node"": ""Cephalophus harveyi""}]"		Relative phylogenetic chronology only; no absolute age inferred without a dated tree.
frameshift_deletion|ex2|pos126|len1	frameshift_deletion	exon_2	2.0	1	Raphicerus campestris	Raphicerus campestris	1.0	0	1	Raphicerus campestris	"[{""depth"": 7, ""descendants"": [""Raphicerus campestris""], ""n_descendants"": 1, ""node"": ""Raphicerus campestris""}]"		Relative phylogenetic chronology only; no absolute age inferred without a dated tree.
frameshift_deletion|ex2|pos130|len1	frameshift_deletion	exon_2	2.0	1	Hydropotes inermis	Hydropotes inermis	1.0	0	1	Hydropotes inermis	"[{""depth"": 7, ""descendants"": [""Hydropotes inermis""], ""n_descendants"": 1, ""node"": ""Hydropotes inermis""}]"		Relative phylogenetic chronology only; no absolute age inferred without a dated tree.
frameshift_deletion|ex2|pos221|len2	frameshift_deletion	exon_2	2.0	1	Muntiacus feae	Muntiacus feae	1.0	0	1	Muntiacus feae	"[{""depth"": 7, ""descendants"": [""Muntiacus feae""], ""n_descendants"": 1, ""node"": ""Muntiacus feae""}]"		Relative phylogenetic chronology only; no absolute age inferred without a dated tree.
frameshift_deletion|ex2|pos253|len13	frameshift_deletion	exon_2	2.0	1	Saiga tatarica	Saiga tatarica	1.0	0	1	Saiga tatarica	"[{""depth"": 7, ""descendants"": [""Saiga tatarica""], ""n_descendants"": 1, ""node"": ""Saiga tatarica""}]"		Relative phylogenetic chronology only; no absolute age inferred without a dated tree.
frameshift_deletion|ex2|pos255|len1	frameshift_deletion	exon_2	2.0	1	Cephalophus harveyi	Cephalophus harveyi	1.0	0	1	Cephalophus harveyi	"[{""depth"": 7, ""descendants"": [""Cephalophus harveyi""], ""n_descendants"": 1, ""node"": ""Cephalophus harveyi""}]"		Relative phylogenetic chronology only; no absolute age inferred without a dated tree.
frameshift_deletion|ex2|pos264|len1	frameshift_deletion	exon_2	2.0	1	Cervus elaphus	Cervus elaphus	1.0	0	1	Cervus elaphus	"[{""depth"": 8, ""descendants"": [""Cervus elaphus""], ""n_descendants"": 1, ""node"": ""Cervus elaphus""}]"		Relative phylogenetic chronology only; no absolute age inferred without a dated tree.
frameshift_deletion|ex2|pos26|len1	frameshift_deletion	exon_2	2.0	1	Rangifer tarandus	Rangifer tarandus	1.0	0	1	Rangifer tarandus	"[{""depth"": 7, ""descendants"": [""Rangifer tarandus""], ""n_descendants"": 1, ""node"": ""Rangifer tarandus""}]"		Relative phylogenetic chronology only; no absolute age inferred without a dated tree.
frameshift_deletion|ex2|pos284|len2	frameshift_deletion	exon_2	2.0	1	Cephalophus harveyi	Cephalophus harveyi	1.0	0	1	Cephalophus harveyi	"[{""depth"": 7, ""descendants"": [""Cephalophus harveyi""], ""n_descendants"": 1, ""node"": ""Cephalophus harveyi""}]"		Relative phylogenetic chronology only; no absolute age inferred without a dated tree.
frameshift_deletion|ex2|pos36|len5	frameshift_deletion	exon_2	2.0	1	Antilocapra americana	Antilocapra americana	1.0	0	1	Antilocapra americana	"[{""depth"": 2, ""descendants"": [""Antilocapra americana""], ""n_descendants"": 1, ""node"": ""Antilocapra americana""}]"		Relative phylogenetic chronology only; no absolute age inferred without a dated tree.
frameshift_deletion|ex2|pos98|len1	frameshift_deletion	exon_2	2.0	1	Cephalophus harveyi	Cephalophus harveyi	1.0	0	1	Cephalophus harveyi	"[{""depth"": 7, ""descendants"": [""Cephalophus harveyi""], ""n_descendants"": 1, ""node"": ""Cephalophus harveyi""}]"		Relative phylogenetic chronology only; no absolute age inferred without a dated tree.
frameshift_deletion|ex3|pos168|len7	frameshift_deletion	exon_3	3.0	1	Capreolus capreolus	Capreolus capreolus	1.0	0	1	Capreolus	"[{""depth"": 7, ""descendants"": [""Capreolus capreolus"", ""Capreolus pygargus""], ""n_descendants"": 2, ""node"": ""Capreolus""}]"		Relative phylogenetic chronology only; no absolute age inferred without a dated tree.
frameshift_deletion|ex3|pos180|len1	frameshift_deletion	exon_3	3.0	1	Addax nasomaculatus	Addax nasomaculatus	1.0	0	1	Addax nasomaculatus	"[{""depth"": 7, ""descendants"": [""Addax nasomaculatus""], ""n_descendants"": 1, ""node"": ""Addax nasomaculatus""}]"		Relative phylogenetic chronology only; no absolute age inferred without a dated tree.
frameshift_deletion|ex3|pos231|len2	frameshift_deletion	exon_3	3.0	1	Saiga tatarica	Saiga tatarica	1.0	0	1	Saiga tatarica	"[{""depth"": 7, ""descendants"": [""Saiga tatarica""], ""n_descendants"": 1, ""node"": ""Saiga tatarica""}]"		Relative phylogenetic chronology only; no absolute age inferred without a dated tree.
frameshift_deletion|ex3|pos239|len8	frameshift_deletion	exon_3	3.0	1	Saiga tatarica	Saiga tatarica	1.0	0	1	Saiga tatarica	"[{""depth"": 7, ""descendants"": [""Saiga tatarica""], ""n_descendants"": 1, ""node"": ""Saiga tatarica""}]"		Relative phylogenetic chronology only; no absolute age inferred without a dated tree.
frameshift_deletion|ex3|pos254|len1	frameshift_deletion	exon_3	3.0	1	Dama dama	Dama dama	1.0	0	1	Dama + Megaloceros	"[{""depth"": 7, ""descendants"": [""Dama dama"", ""Megaloceros giganteus""], ""n_descendants"": 2, ""node"": ""Dama + Megaloceros""}]"		Relative phylogenetic chronology only; no absolute age inferred without a dated tree.
frameshift_deletion|ex3|pos30|len1	frameshift_deletion	exon_3	3.0	1	Pseudois nayaur	Pseudois nayaur	1.0	0	1	Pseudois nayaur	"[{""depth"": 7, ""descendants"": [""Pseudois nayaur""], ""n_descendants"": 1, ""node"": ""Pseudois nayaur""}]"		Relative phylogenetic chronology only; no absolute age inferred without a dated tree.
frameshift_deletion|ex3|pos324|len1	frameshift_deletion	exon_3	3.0	1	Bos frontalis	Bos frontalis	1.0	0	1	Bos frontalis	"[{""depth"": 9, ""descendants"": [""Bos frontalis""], ""n_descendants"": 1, ""node"": ""Bos frontalis""}]"		Relative phylogenetic chronology only; no absolute age inferred without a dated tree.
frameshift_deletion|ex3|pos330|len4	frameshift_deletion	exon_3	3.0	1	Neotragus pygmaeus	Neotragus pygmaeus	1.0	0	1	Neotragus pygmaeus	"[{""depth"": 8, ""descendants"": [""Neotragus pygmaeus""], ""n_descendants"": 1, ""node"": ""Neotragus pygmaeus""}]"		Relative phylogenetic chronology only; no absolute age inferred without a dated tree.
frameshift_deletion|ex3|pos395|len1	frameshift_deletion	exon_3	3.0	1	Saiga tatarica	Saiga tatarica	1.0	0	1	Saiga tatarica	"[{""depth"": 7, ""descendants"": [""Saiga tatarica""], ""n_descendants"": 1, ""node"": ""Saiga tatarica""}]"		Relative phylogenetic chronology only; no absolute age inferred without a dated tree.
frameshift_deletion|ex3|pos417|len1	frameshift_deletion	exon_3	3.0	1	Capreolus capreolus	Capreolus capreolus	1.0	0	1	Capreolus	"[{""depth"": 7, ""descendants"": [""Capreolus capreolus"", ""Capreolus pygargus""], ""n_descendants"": 2, ""node"": ""Capreolus""}]"		Relative phylogenetic chronology only; no absolute age inferred without a dated tree.
frameshift_deletion|ex3|pos451|len1	frameshift_deletion	exon_3	3.0	1	Axis porcinus	Axis porcinus	1.0	0	1	Axis porcinus	"[{""depth"": 7, ""descendants"": [""Axis porcinus""], ""n_descendants"": 1, ""node"": ""Axis porcinus""}]"		Relative phylogenetic chronology only; no absolute age inferred without a dated tree.
frameshift_deletion|ex3|pos454|len1	frameshift_deletion	exon_3	3.0	1	Oreotragus oreotragus	Oreotragus oreotragus	1.0	0	1	Oreotragus oreotragus	"[{""depth"": 7, ""descendants"": [""Oreotragus oreotragus""], ""n_descendants"": 1, ""node"": ""Oreotragus oreotragus""}]"		Relative phylogenetic chronology only; no absolute age inferred without a dated tree.
frameshift_deletion|ex3|pos473|len13	frameshift_deletion	exon_3	3.0	1	Antilocapra americana	Antilocapra americana	1.0	0	1	Antilocapra americana	"[{""depth"": 2, ""descendants"": [""Antilocapra americana""], ""n_descendants"": 1, ""node"": ""Antilocapra americana""}]"		Relative phylogenetic chronology only; no absolute age inferred without a dated tree.
frameshift_deletion|ex3|pos493|len1	frameshift_deletion	exon_3	3.0	1	Antilocapra americana	Antilocapra americana	1.0	0	1	Antilocapra americana	"[{""depth"": 2, ""descendants"": [""Antilocapra americana""], ""n_descendants"": 1, ""node"": ""Antilocapra americana""}]"		Relative phylogenetic chronology only; no absolute age inferred without a dated tree.
frameshift_deletion|ex3|pos506|len10	frameshift_deletion	exon_3	3.0	1	Muntiacus muntjak	Muntiacus muntjak	1.0	0	1	Muntiacus muntjak	"[{""depth"": 7, ""descendants"": [""Muntiacus muntjak""], ""n_descendants"": 1, ""node"": ""Muntiacus muntjak""}]"		Relative phylogenetic chronology only; no absolute age inferred without a dated tree.
frameshift_deletion|ex3|pos510|len1	frameshift_deletion	exon_3	3.0	1	Saiga tatarica	Saiga tatarica	1.0	0	1	Saiga tatarica	"[{""depth"": 7, ""descendants"": [""Saiga tatarica""], ""n_descendants"": 1, ""node"": ""Saiga tatarica""}]"		Relative phylogenetic chronology only; no absolute age inferred without a dated tree.
frameshift_deletion|ex3|pos52|len1	frameshift_deletion	exon_3	3.0	1	Budorcas taxicolor	Budorcas taxicolor	1.0	0	1	Budorcas taxicolor	"[{""depth"": 7, ""descendants"": [""Budorcas taxicolor""], ""n_descendants"": 1, ""node"": ""Budorcas taxicolor""}]"		Relative phylogenetic chronology only; no absolute age inferred without a dated tree.
frameshift_deletion|ex3|pos59|len1	frameshift_deletion	exon_3	3.0	1	Procapra przewalskii	Procapra przewalskii	1.0	0	1	Procapra przewalskii	"[{""depth"": 7, ""descendants"": [""Procapra przewalskii""], ""n_descendants"": 1, ""node"": ""Procapra przewalskii""}]"		Relative phylogenetic chronology only; no absolute age inferred without a dated tree.
frameshift_deletion|ex3|pos612|len5	frameshift_deletion	exon_3	3.0	1	Capricornis sumatraensis	Capricornis sumatraensis	1.0	0	1	Capricornis sumatraensis	"[{""depth"": 7, ""descendants"": [""Capricornis sumatraensis""], ""n_descendants"": 1, ""node"": ""Capricornis sumatraensis""}]"		Relative phylogenetic chronology only; no absolute age inferred without a dated tree.
frameshift_deletion|ex3|pos657|len10	frameshift_deletion	exon_3	3.0	1	Raphicerus campestris	Raphicerus campestris	1.0	0	1	Raphicerus campestris	"[{""depth"": 7, ""descendants"": [""Raphicerus campestris""], ""n_descendants"": 1, ""node"": ""Raphicerus campestris""}]"		Relative phylogenetic chronology only; no absolute age inferred without a dated tree.
frameshift_deletion|ex3|pos658|len1	frameshift_deletion	exon_3	3.0	1	Syncerus caffer	Syncerus caffer	1.0	0	1	Syncerus caffer	"[{""depth"": 8, ""descendants"": [""Syncerus caffer""], ""n_descendants"": 1, ""node"": ""Syncerus caffer""}]"		Relative phylogenetic chronology only; no absolute age inferred without a dated tree.
frameshift_deletion|ex3|pos664|len8	frameshift_deletion	exon_3	3.0	1	Syncerus caffer	Syncerus caffer	1.0	0	1	Syncerus caffer	"[{""depth"": 8, ""descendants"": [""Syncerus caffer""], ""n_descendants"": 1, ""node"": ""Syncerus caffer""}]"		Relative phylogenetic chronology only; no absolute age inferred without a dated tree.
frameshift_deletion|ex3|pos755|len1	frameshift_deletion	exon_3	3.0	1	Axis porcinus	Axis porcinus	1.0	0	1	Axis porcinus	"[{""depth"": 7, ""descendants"": [""Axis porcinus""], ""n_descendants"": 1, ""node"": ""Axis porcinus""}]"		Relative phylogenetic chronology only; no absolute age inferred without a dated tree.
frameshift_deletion|ex3|pos776|len1	frameshift_deletion	exon_3	3.0	1	Eudorcas thomsonii	Eudorcas thomsonii	1.0	0	1	Eudorcas thomsonii	"[{""depth"": 7, ""descendants"": [""Eudorcas thomsonii""], ""n_descendants"": 1, ""node"": ""Eudorcas thomsonii""}]"		Relative phylogenetic chronology only; no absolute age inferred without a dated tree.
frameshift_deletion|ex3|pos80|len1	frameshift_deletion	exon_3	3.0	1	Madoqua kirkii	Madoqua kirkii	1.0	0	1	Madoqua kirkii	"[{""depth"": 7, ""descendants"": [""Madoqua kirkii""], ""n_descendants"": 1, ""node"": ""Madoqua kirkii""}]"		Relative phylogenetic chronology only; no absolute age inferred without a dated tree.
frameshift_deletion|ex3|pos81|len1	frameshift_deletion	exon_3	3.0	1	Antilocapra americana	Antilocapra americana	1.0	0	1	Antilocapra americana	"[{""depth"": 2, ""descendants"": [""Antilocapra americana""], ""n_descendants"": 1, ""node"": ""Antilocapra americana""}]"		Relative phylogenetic chronology only; no absolute age inferred without a dated tree.
frameshift_deletion|ex4|pos137|len1	frameshift_deletion	exon_4	4.0	1	Oreotragus oreotragus	Oreotragus oreotragus	1.0	0	1	Oreotragus oreotragus	"[{""depth"": 7, ""descendants"": [""Oreotragus oreotragus""], ""n_descendants"": 1, ""node"": ""Oreotragus oreotragus""}]"		Relative phylogenetic chronology only; no absolute age inferred without a dated tree.
frameshift_deletion|ex4|pos168|len1	frameshift_deletion	exon_4	4.0	1	Antilocapra americana	Antilocapra americana	1.0	0	1	Antilocapra americana	"[{""depth"": 2, ""descendants"": [""Antilocapra americana""], ""n_descendants"": 1, ""node"": ""Antilocapra americana""}]"		Relative phylogenetic chronology only; no absolute age inferred without a dated tree.
frameshift_deletion|ex4|pos191|len1	frameshift_deletion	exon_4	4.0	1	Hippotragus equinus	Hippotragus equinus	1.0	0	1	Hippotragus equinus	"[{""depth"": 8, ""descendants"": [""Hippotragus equinus""], ""n_descendants"": 1, ""node"": ""Hippotragus equinus""}]"		Relative phylogenetic chronology only; no absolute age inferred without a dated tree.
frameshift_deletion|ex4|pos64|len1	frameshift_deletion	exon_4	4.0	1	Muntiacus muntjak	Muntiacus muntjak	1.0	0	1	Muntiacus muntjak	"[{""depth"": 7, ""descendants"": [""Muntiacus muntjak""], ""n_descendants"": 1, ""node"": ""Muntiacus muntjak""}]"		Relative phylogenetic chronology only; no absolute age inferred without a dated tree.
frameshift_deletion|ex5|pos65|len10	frameshift_deletion	exon_5	5.0	1	Antilocapra americana	Antilocapra americana	1.0	0	1	Antilocapra americana	"[{""depth"": 2, ""descendants"": [""Antilocapra americana""], ""n_descendants"": 1, ""node"": ""Antilocapra americana""}]"		Relative phylogenetic chronology only; no absolute age inferred without a dated tree.
frameshift_deletion|ex5|pos94|len2	frameshift_deletion	exon_5	5.0	1	Eudorcas thomsonii	Eudorcas thomsonii	1.0	0	1	Eudorcas thomsonii	"[{""depth"": 7, ""descendants"": [""Eudorcas thomsonii""], ""n_descendants"": 1, ""node"": ""Eudorcas thomsonii""}]"		Relative phylogenetic chronology only; no absolute age inferred without a dated tree.
frameshift_deletion|ex6|pos1040|len1	frameshift_deletion	exon_6	6.0	1	Antilocapra americana	Antilocapra americana	1.0	0	1	Antilocapra americana	"[{""depth"": 2, ""descendants"": [""Antilocapra americana""], ""n_descendants"": 1, ""node"": ""Antilocapra americana""}]"		Relative phylogenetic chronology only; no absolute age inferred without a dated tree.
frameshift_deletion|ex6|pos1070|len2	frameshift_deletion	exon_6	6.0	1	Eudorcas thomsonii	Eudorcas thomsonii	1.0	0	1	Eudorcas thomsonii	"[{""depth"": 7, ""descendants"": [""Eudorcas thomsonii""], ""n_descendants"": 1, ""node"": ""Eudorcas thomsonii""}]"		Relative phylogenetic chronology only; no absolute age inferred without a dated tree.
frameshift_deletion|ex6|pos209|len1	frameshift_deletion	exon_6	6.0	1	Oryx gazella	Oryx gazella	1.0	0	1	Oryx gazella	"[{""depth"": 8, ""descendants"": [""Oryx gazella""], ""n_descendants"": 1, ""node"": ""Oryx gazella""}]"		Relative phylogenetic chronology only; no absolute age inferred without a dated tree.
frameshift_deletion|ex6|pos230|len1	frameshift_deletion	exon_6	6.0	1	Cephalophula zebra	Cephalophula zebra	1.0	0	1	Cephalophula zebra	"[{""depth"": 7, ""descendants"": [""Cephalophula zebra""], ""n_descendants"": 1, ""node"": ""Cephalophula zebra""}]"		Relative phylogenetic chronology only; no absolute age inferred without a dated tree.
frameshift_deletion|ex6|pos237|len1	frameshift_deletion	exon_6	6.0	1	Hippotragus niger	Hippotragus niger	1.0	0	1	Hippotragus niger	"[{""depth"": 8, ""descendants"": [""Hippotragus niger""], ""n_descendants"": 1, ""node"": ""Hippotragus niger""}]"		Relative phylogenetic chronology only; no absolute age inferred without a dated tree.
frameshift_deletion|ex6|pos306|len7	frameshift_deletion	exon_6	6.0	1	Rupicapra rupicapra	Rupicapra rupicapra	1.0	0	1	Rupicapra rupicapra	"[{""depth"": 7, ""descendants"": [""Rupicapra rupicapra""], ""n_descendants"": 1, ""node"": ""Rupicapra rupicapra""}]"		Relative phylogenetic chronology only; no absolute age inferred without a dated tree.
frameshift_deletion|ex6|pos459|len14	frameshift_deletion	exon_6	6.0	1	Procapra przewalskii	Procapra przewalskii	1.0	0	1	Procapra przewalskii	"[{""depth"": 7, ""descendants"": [""Procapra przewalskii""], ""n_descendants"": 1, ""node"": ""Procapra przewalskii""}]"		Relative phylogenetic chronology only; no absolute age inferred without a dated tree.
frameshift_deletion|ex6|pos464|len17	frameshift_deletion	exon_6	6.0	1	Hydropotes inermis	Hydropotes inermis	1.0	0	1	Hydropotes inermis	"[{""depth"": 7, ""descendants"": [""Hydropotes inermis""], ""n_descendants"": 1, ""node"": ""Hydropotes inermis""}]"		Relative phylogenetic chronology only; no absolute age inferred without a dated tree.
frameshift_deletion|ex6|pos487|len7	frameshift_deletion	exon_6	6.0	1	Hydropotes inermis	Hydropotes inermis	1.0	0	1	Hydropotes inermis	"[{""depth"": 7, ""descendants"": [""Hydropotes inermis""], ""n_descendants"": 1, ""node"": ""Hydropotes inermis""}]"		Relative phylogenetic chronology only; no absolute age inferred without a dated tree.
frameshift_deletion|ex6|pos488|len17	frameshift_deletion	exon_6	6.0	1	Odocoileus hemionus	Odocoileus hemionus	1.0	0	1	Odocoileus hemionus	"[{""depth"": 8, ""descendants"": [""Odocoileus hemionus""], ""n_descendants"": 1, ""node"": ""Odocoileus hemionus""}]"		Relative phylogenetic chronology only; no absolute age inferred without a dated tree.
frameshift_deletion|ex6|pos540|len2	frameshift_deletion	exon_6	6.0	1	Antilocapra americana	Antilocapra americana	1.0	0	1	Antilocapra americana	"[{""depth"": 2, ""descendants"": [""Antilocapra americana""], ""n_descendants"": 1, ""node"": ""Antilocapra americana""}]"		Relative phylogenetic chronology only; no absolute age inferred without a dated tree.
frameshift_deletion|ex6|pos543|len2	frameshift_deletion	exon_6	6.0	1	Oreotragus oreotragus	Oreotragus oreotragus	1.0	0	1	Oreotragus oreotragus	"[{""depth"": 7, ""descendants"": [""Oreotragus oreotragus""], ""n_descendants"": 1, ""node"": ""Oreotragus oreotragus""}]"		Relative phylogenetic chronology only; no absolute age inferred without a dated tree.
frameshift_deletion|ex6|pos632|len1	frameshift_deletion	exon_6	6.0	1	Rupicapra rupicapra	Rupicapra rupicapra	1.0	0	1	Rupicapra rupicapra	"[{""depth"": 7, ""descendants"": [""Rupicapra rupicapra""], ""n_descendants"": 1, ""node"": ""Rupicapra rupicapra""}]"		Relative phylogenetic chronology only; no absolute age inferred without a dated tree.
frameshift_deletion|ex6|pos736|len5	frameshift_deletion	exon_6	6.0	1	Tragelaphus imberbis	Tragelaphus imberbis	1.0	0	1	Tragelaphus imberbis	"[{""depth"": 8, ""descendants"": [""Tragelaphus imberbis""], ""n_descendants"": 1, ""node"": ""Tragelaphus imberbis""}]"		Relative phylogenetic chronology only; no absolute age inferred without a dated tree.
frameshift_deletion|ex6|pos741|len5	frameshift_deletion	exon_6	6.0	1	Tragelaphus eurycerus	Tragelaphus eurycerus	1.0	0	1	Tragelaphus eurycerus	"[{""depth"": 8, ""descendants"": [""Tragelaphus eurycerus""], ""n_descendants"": 1, ""node"": ""Tragelaphus eurycerus""}]"		Relative phylogenetic chronology only; no absolute age inferred without a dated tree.
frameshift_deletion|ex6|pos765|len1	frameshift_deletion	exon_6	6.0	1	Nanger dama	Nanger dama	1.0	0	1	Nanger dama	"[{""depth"": 8, ""descendants"": [""Nanger dama""], ""n_descendants"": 1, ""node"": ""Nanger dama""}]"		Relative phylogenetic chronology only; no absolute age inferred without a dated tree.
frameshift_deletion|ex6|pos802|len1	frameshift_deletion	exon_6	6.0	1	Oreotragus oreotragus	Oreotragus oreotragus	1.0	0	1	Oreotragus oreotragus	"[{""depth"": 7, ""descendants"": [""Oreotragus oreotragus""], ""n_descendants"": 1, ""node"": ""Oreotragus oreotragus""}]"		Relative phylogenetic chronology only; no absolute age inferred without a dated tree.
frameshift_deletion|ex6|pos831|len1	frameshift_deletion	exon_6	6.0	1	Oreotragus oreotragus	Oreotragus oreotragus	1.0	0	1	Oreotragus oreotragus	"[{""depth"": 7, ""descendants"": [""Oreotragus oreotragus""], ""n_descendants"": 1, ""node"": ""Oreotragus oreotragus""}]"		Relative phylogenetic chronology only; no absolute age inferred without a dated tree.
frameshift_deletion|ex6|pos876|len2	frameshift_deletion	exon_6	6.0	1	Muntiacus crinifrons	Muntiacus crinifrons	1.0	0	1	Muntiacus crinifrons	"[{""depth"": 7, ""descendants"": [""Muntiacus crinifrons""], ""n_descendants"": 1, ""node"": ""Muntiacus crinifrons""}]"		Relative phylogenetic chronology only; no absolute age inferred without a dated tree.
frameshift_deletion|ex6|pos921|len1	frameshift_deletion	exon_6	6.0	1	Neotragus pygmaeus	Neotragus pygmaeus	1.0	0	1	Neotragus pygmaeus	"[{""depth"": 8, ""descendants"": [""Neotragus pygmaeus""], ""n_descendants"": 1, ""node"": ""Neotragus pygmaeus""}]"		Relative phylogenetic chronology only; no absolute age inferred without a dated tree.
frameshift_deletion|ex6|pos989|len1	frameshift_deletion	exon_6	6.0	1	Bison bonasus	Bison bonasus	1.0	0	1	Bison bonasus	"[{""depth"": 9, ""descendants"": [""Bison bonasus""], ""n_descendants"": 1, ""node"": ""Bison bonasus""}]"		Relative phylogenetic chronology only; no absolute age inferred without a dated tree.
frameshift_induced_stop|ex1|codon4	frameshift_induced_stop	exon_1	1.0	1	Cephalophus harveyi	Cephalophus harveyi	1.0	0	1	Cephalophus harveyi	"[{""depth"": 7, ""descendants"": [""Cephalophus harveyi""], ""n_descendants"": 1, ""node"": ""Cephalophus harveyi""}]"		Relative phylogenetic chronology only; no absolute age inferred without a dated tree.
frameshift_induced_stop|ex1|codon46	frameshift_induced_stop	exon_1	1.0	1	Cephalophula zebra	Cephalophula zebra	1.0	0	1	Cephalophula zebra	"[{""depth"": 7, ""descendants"": [""Cephalophula zebra""], ""n_descendants"": 1, ""node"": ""Cephalophula zebra""}]"		Relative phylogenetic chronology only; no absolute age inferred without a dated tree.
frameshift_induced_stop|ex1|codon51	frameshift_induced_stop	exon_1	1.0	1	Madoqua kirkii	Madoqua kirkii	1.0	0	1	Madoqua kirkii	"[{""depth"": 7, ""descendants"": [""Madoqua kirkii""], ""n_descendants"": 1, ""node"": ""Madoqua kirkii""}]"		Relative phylogenetic chronology only; no absolute age inferred without a dated tree.
frameshift_induced_stop|ex1|codon56	frameshift_induced_stop	exon_1	1.0	1	Hydropotes inermis	Hydropotes inermis	1.0	0	1	Hydropotes inermis	"[{""depth"": 7, ""descendants"": [""Hydropotes inermis""], ""n_descendants"": 1, ""node"": ""Hydropotes inermis""}]"		Relative phylogenetic chronology only; no absolute age inferred without a dated tree.
frameshift_induced_stop|ex2|codon101	frameshift_induced_stop	exon_2	2.0	1	Cephalophus harveyi	Cephalophus harveyi	1.0	0	1	Cephalophus harveyi	"[{""depth"": 7, ""descendants"": [""Cephalophus harveyi""], ""n_descendants"": 1, ""node"": ""Cephalophus harveyi""}]"		Relative phylogenetic chronology only; no absolute age inferred without a dated tree.
frameshift_induced_stop|ex3|codon167	frameshift_induced_stop	exon_3	3.0	1	Moschus chrysogaster	Moschus chrysogaster	1.0	0	1	Moschus chrysogaster	"[{""depth"": 6, ""descendants"": [""Moschus chrysogaster""], ""n_descendants"": 1, ""node"": ""Moschus chrysogaster""}]"		Relative phylogenetic chronology only; no absolute age inferred without a dated tree.
frameshift_induced_stop|ex3|codon176	frameshift_induced_stop	exon_3	3.0	1	Neotragus moschatus	Neotragus moschatus	1.0	0	1	Neotragus moschatus	"[{""depth"": 8, ""descendants"": [""Neotragus moschatus""], ""n_descendants"": 1, ""node"": ""Neotragus moschatus""}]"		Relative phylogenetic chronology only; no absolute age inferred without a dated tree.
frameshift_induced_stop|ex3|codon192	frameshift_induced_stop	exon_3	3.0	1	Okapia johnstoni	Okapia johnstoni	1.0	0	1	Okapia johnstoni	"[{""depth"": 4, ""descendants"": [""Okapia johnstoni""], ""n_descendants"": 1, ""node"": ""Okapia johnstoni""}]"		Relative phylogenetic chronology only; no absolute age inferred without a dated tree.
frameshift_induced_stop|ex3|codon197	frameshift_induced_stop	exon_3	3.0	1	Antilocapra americana	Antilocapra americana	1.0	0	1	Antilocapra americana	"[{""depth"": 2, ""descendants"": [""Antilocapra americana""], ""n_descendants"": 1, ""node"": ""Antilocapra americana""}]"		Relative phylogenetic chronology only; no absolute age inferred without a dated tree.
frameshift_induced_stop|ex3|codon252	frameshift_induced_stop	exon_3	3.0	1	Moschus chrysogaster	Moschus chrysogaster	1.0	0	1	Moschus chrysogaster	"[{""depth"": 6, ""descendants"": [""Moschus chrysogaster""], ""n_descendants"": 1, ""node"": ""Moschus chrysogaster""}]"		Relative phylogenetic chronology only; no absolute age inferred without a dated tree.
frameshift_induced_stop|ex3|codon263	frameshift_induced_stop	exon_3	3.0	1	Procapra przewalskii	Procapra przewalskii	1.0	0	1	Procapra przewalskii	"[{""depth"": 7, ""descendants"": [""Procapra przewalskii""], ""n_descendants"": 1, ""node"": ""Procapra przewalskii""}]"		Relative phylogenetic chronology only; no absolute age inferred without a dated tree.
frameshift_induced_stop|ex3|codon272	frameshift_induced_stop	exon_3	3.0	1	Axis porcinus	Axis porcinus	1.0	0	1	Axis porcinus	"[{""depth"": 7, ""descendants"": [""Axis porcinus""], ""n_descendants"": 1, ""node"": ""Axis porcinus""}]"		Relative phylogenetic chronology only; no absolute age inferred without a dated tree.
frameshift_induced_stop|ex3|codon278	frameshift_induced_stop	exon_3	3.0	1	Bos frontalis	Bos frontalis	1.0	0	1	Bos frontalis	"[{""depth"": 9, ""descendants"": [""Bos frontalis""], ""n_descendants"": 1, ""node"": ""Bos frontalis""}]"		Relative phylogenetic chronology only; no absolute age inferred without a dated tree.
frameshift_induced_stop|ex3|codon280	frameshift_induced_stop	exon_3	3.0	1	Cervus nippon	Cervus nippon	1.0	0	1	Cervus nippon	"[{""depth"": 8, ""descendants"": [""Cervus nippon""], ""n_descendants"": 1, ""node"": ""Cervus nippon""}]"		Relative phylogenetic chronology only; no absolute age inferred without a dated tree.
frameshift_induced_stop|ex3|codon298	frameshift_induced_stop	exon_3	3.0	1	Elaphurus davidianus	Elaphurus davidianus	1.0	0	1	Elaphurus davidianus	"[{""depth"": 7, ""descendants"": [""Elaphurus davidianus""], ""n_descendants"": 1, ""node"": ""Elaphurus davidianus""}]"		Relative phylogenetic chronology only; no absolute age inferred without a dated tree.
frameshift_induced_stop|ex3|codon303	frameshift_induced_stop	exon_3	3.0	1	Tragelaphus buxtoni	Tragelaphus buxtoni	1.0	0	1	Tragelaphus	"[{""depth"": 7, ""descendants"": [""Tragelaphus buxtoni"", ""Tragelaphus eurycerus"", ""Tragelaphus imberbis"", ""Tragelaphus oryx"", ""Tragelaphus scriptus"", ""Tragelaphus spekii"", ""Tragelaphus strepsiceros""], ""n_descendants"": 7, ""node"": ""Tragelaphus""}]"		Relative phylogenetic chronology only; no absolute age inferred without a dated tree.
frameshift_induced_stop|ex3|codon315	frameshift_induced_stop	exon_3	3.0	1	Muntiacus reevesi	Muntiacus reevesi	1.0	0	1	Muntiacus reevesi	"[{""depth"": 7, ""descendants"": [""Muntiacus reevesi""], ""n_descendants"": 1, ""node"": ""Muntiacus reevesi""}]"		Relative phylogenetic chronology only; no absolute age inferred without a dated tree.
frameshift_induced_stop|ex3|codon318	frameshift_induced_stop	exon_3	3.0	1	Axis porcinus	Axis porcinus	1.0	0	1	Axis porcinus	"[{""depth"": 7, ""descendants"": [""Axis porcinus""], ""n_descendants"": 1, ""node"": ""Axis porcinus""}]"		Relative phylogenetic chronology only; no absolute age inferred without a dated tree.
frameshift_induced_stop|ex3|codon329	frameshift_induced_stop	exon_3	3.0	1	Oreotragus oreotragus	Oreotragus oreotragus	1.0	0	1	Oreotragus oreotragus	"[{""depth"": 7, ""descendants"": [""Oreotragus oreotragus""], ""n_descendants"": 1, ""node"": ""Oreotragus oreotragus""}]"		Relative phylogenetic chronology only; no absolute age inferred without a dated tree.
frameshift_induced_stop|ex4|codon450	frameshift_induced_stop	exon_4	4.0	1	Oryx gazella	Oryx gazella	1.0	0	1	Oryx gazella	"[{""depth"": 8, ""descendants"": [""Oryx gazella""], ""n_descendants"": 1, ""node"": ""Oryx gazella""}]"		Relative phylogenetic chronology only; no absolute age inferred without a dated tree.
frameshift_induced_stop|ex5|codon550	frameshift_induced_stop	exon_5	5.0	1	Neotragus moschatus	Neotragus moschatus	1.0	0	1	Neotragus moschatus	"[{""depth"": 8, ""descendants"": [""Neotragus moschatus""], ""n_descendants"": 1, ""node"": ""Neotragus moschatus""}]"		Relative phylogenetic chronology only; no absolute age inferred without a dated tree.
frameshift_induced_stop|ex6|codon574	frameshift_induced_stop	exon_6	6.0	1	Hippotragus niger	Hippotragus niger	1.0	0	1	Hippotragus niger	"[{""depth"": 8, ""descendants"": [""Hippotragus niger""], ""n_descendants"": 1, ""node"": ""Hippotragus niger""}]"		Relative phylogenetic chronology only; no absolute age inferred without a dated tree.
frameshift_induced_stop|ex6|codon588	frameshift_induced_stop	exon_6	6.0	1	Odocoileus hemionus	Odocoileus hemionus	1.0	0	1	Odocoileus hemionus	"[{""depth"": 8, ""descendants"": [""Odocoileus hemionus""], ""n_descendants"": 1, ""node"": ""Odocoileus hemionus""}]"		Relative phylogenetic chronology only; no absolute age inferred without a dated tree.
frameshift_induced_stop|ex6|codon630	frameshift_induced_stop	exon_6	6.0	1	Tragulus javanicus	Tragulus javanicus	1.0	0	1	Tragulus javanicus	"[{""depth"": 2, ""descendants"": [""Tragulus javanicus""], ""n_descendants"": 1, ""node"": ""Tragulus javanicus""}]"		Relative phylogenetic chronology only; no absolute age inferred without a dated tree.
frameshift_induced_stop|ex6|codon635	frameshift_induced_stop	exon_6	6.0	1	Cephalophula zebra	Cephalophula zebra	1.0	0	1	Cephalophula zebra	"[{""depth"": 7, ""descendants"": [""Cephalophula zebra""], ""n_descendants"": 1, ""node"": ""Cephalophula zebra""}]"		Relative phylogenetic chronology only; no absolute age inferred without a dated tree.
frameshift_induced_stop|ex6|codon683	frameshift_induced_stop	exon_6	6.0	1	Connochaetes taurinus	Connochaetes taurinus	1.0	0	1	Connochaetes taurinus	"[{""depth"": 7, ""descendants"": [""Connochaetes taurinus""], ""n_descendants"": 1, ""node"": ""Connochaetes taurinus""}]"		Relative phylogenetic chronology only; no absolute age inferred without a dated tree.
frameshift_induced_stop|ex6|codon703	frameshift_induced_stop	exon_6	6.0	1	Bos frontalis	Bos frontalis	1.0	0	1	Bos frontalis	"[{""depth"": 9, ""descendants"": [""Bos frontalis""], ""n_descendants"": 1, ""node"": ""Bos frontalis""}]"		Relative phylogenetic chronology only; no absolute age inferred without a dated tree.
frameshift_induced_stop|ex6|codon717	frameshift_induced_stop	exon_6	6.0	1	Tragulus javanicus	Tragulus javanicus	1.0	0	1	Tragulus javanicus	"[{""depth"": 2, ""descendants"": [""Tragulus javanicus""], ""n_descendants"": 1, ""node"": ""Tragulus javanicus""}]"		Relative phylogenetic chronology only; no absolute age inferred without a dated tree.
frameshift_induced_stop|ex6|codon729	frameshift_induced_stop	exon_6	6.0	1	Tragulus kanchil	Tragulus kanchil	1.0	0	1	Tragulus kanchil	"[{""depth"": 2, ""descendants"": [""Tragulus kanchil""], ""n_descendants"": 1, ""node"": ""Tragulus kanchil""}]"		Relative phylogenetic chronology only; no absolute age inferred without a dated tree.
frameshift_induced_stop|ex6|codon736	frameshift_induced_stop	exon_6	6.0	1	Hydropotes inermis	Hydropotes inermis	1.0	0	1	Hydropotes inermis	"[{""depth"": 7, ""descendants"": [""Hydropotes inermis""], ""n_descendants"": 1, ""node"": ""Hydropotes inermis""}]"		Relative phylogenetic chronology only; no absolute age inferred without a dated tree.
frameshift_induced_stop|ex6|codon745	frameshift_induced_stop	exon_6	6.0	1	Bos frontalis	Bos frontalis	1.0	0	1	Bos frontalis	"[{""depth"": 9, ""descendants"": [""Bos frontalis""], ""n_descendants"": 1, ""node"": ""Bos frontalis""}]"		Relative phylogenetic chronology only; no absolute age inferred without a dated tree.
frameshift_induced_stop|ex6|codon772	frameshift_induced_stop	exon_6	6.0	1	Redunca redunca	Redunca redunca	1.0	0	1	Redunca redunca	"[{""depth"": 7, ""descendants"": [""Redunca redunca""], ""n_descendants"": 1, ""node"": ""Redunca redunca""}]"		Relative phylogenetic chronology only; no absolute age inferred without a dated tree.
frameshift_induced_stop|ex6|codon778	frameshift_induced_stop	exon_6	6.0	1	Tragulus javanicus	Tragulus javanicus	1.0	0	1	Tragulus javanicus	"[{""depth"": 2, ""descendants"": [""Tragulus javanicus""], ""n_descendants"": 1, ""node"": ""Tragulus javanicus""}]"		Relative phylogenetic chronology only; no absolute age inferred without a dated tree.
frameshift_induced_stop|ex6|codon782	frameshift_induced_stop	exon_6	6.0	1	Odocoileus hemionus	Odocoileus hemionus	1.0	0	1	Odocoileus hemionus	"[{""depth"": 8, ""descendants"": [""Odocoileus hemionus""], ""n_descendants"": 1, ""node"": ""Odocoileus hemionus""}]"		Relative phylogenetic chronology only; no absolute age inferred without a dated tree.
frameshift_induced_stop|ex6|codon802	frameshift_induced_stop	exon_6	6.0	1	Antilocapra americana	Antilocapra americana	1.0	0	1	Antilocapra americana	"[{""depth"": 2, ""descendants"": [""Antilocapra americana""], ""n_descendants"": 1, ""node"": ""Antilocapra americana""}]"		Relative phylogenetic chronology only; no absolute age inferred without a dated tree.
frameshift_induced_stop|ex6|codon815	frameshift_induced_stop	exon_6	6.0	1	Ovis vignei	Ovis vignei	1.0	0	1	Ovis vignei	"[{""depth"": 8, ""descendants"": [""Ovis vignei""], ""n_descendants"": 1, ""node"": ""Ovis vignei""}]"		Relative phylogenetic chronology only; no absolute age inferred without a dated tree.
frameshift_induced_stop|ex6|codon854	frameshift_induced_stop	exon_6	6.0	1	Neotragus moschatus	Neotragus moschatus	1.0	0	1	Neotragus moschatus	"[{""depth"": 8, ""descendants"": [""Neotragus moschatus""], ""n_descendants"": 1, ""node"": ""Neotragus moschatus""}]"		Relative phylogenetic chronology only; no absolute age inferred without a dated tree.
frameshift_induced_stop|ex6|codon895	frameshift_induced_stop	exon_6	6.0	1	Budorcas taxicolor	Budorcas taxicolor	1.0	0	1	Budorcas taxicolor	"[{""depth"": 7, ""descendants"": [""Budorcas taxicolor""], ""n_descendants"": 1, ""node"": ""Budorcas taxicolor""}]"		Relative phylogenetic chronology only; no absolute age inferred without a dated tree.
frameshift_induced_stop|ex6|codon922	frameshift_induced_stop	exon_6	6.0	1	Damaliscus lunatus	Damaliscus lunatus	1.0	0	1	Damaliscus lunatus	"[{""depth"": 7, ""descendants"": [""Damaliscus lunatus""], ""n_descendants"": 1, ""node"": ""Damaliscus lunatus""}]"		Relative phylogenetic chronology only; no absolute age inferred without a dated tree.
frameshift_insertion|ex1|pos142|len1	frameshift_insertion	exon_1	1.0	1	Rupicapra rupicapra	Rupicapra rupicapra	1.0	0	1	Rupicapra rupicapra	"[{""depth"": 7, ""descendants"": [""Rupicapra rupicapra""], ""n_descendants"": 1, ""node"": ""Rupicapra rupicapra""}]"		Relative phylogenetic chronology only; no absolute age inferred without a dated tree.
frameshift_insertion|ex1|pos41|len4	frameshift_insertion	exon_1	1.0	1	Ammotragus lervia	Ammotragus lervia	1.0	0	1	Ammotragus lervia	"[{""depth"": 7, ""descendants"": [""Ammotragus lervia""], ""n_descendants"": 1, ""node"": ""Ammotragus lervia""}]"		Relative phylogenetic chronology only; no absolute age inferred without a dated tree.
frameshift_insertion|ex1|pos45|len1	frameshift_insertion	exon_1	1.0	1	Oryx dammah	Oryx dammah	1.0	0	1	Oryx dammah	"[{""depth"": 8, ""descendants"": [""Oryx dammah""], ""n_descendants"": 1, ""node"": ""Oryx dammah""}]"		Relative phylogenetic chronology only; no absolute age inferred without a dated tree.
frameshift_insertion|ex1|pos76|len1	frameshift_insertion	exon_1	1.0	1	Tragulus javanicus	Tragulus javanicus	1.0	0	1	Tragulus javanicus	"[{""depth"": 2, ""descendants"": [""Tragulus javanicus""], ""n_descendants"": 1, ""node"": ""Tragulus javanicus""}]"		Relative phylogenetic chronology only; no absolute age inferred without a dated tree.
frameshift_insertion|ex1|pos78|len1	frameshift_insertion	exon_1	1.0	1	Raphicerus campestris	Raphicerus campestris	1.0	0	1	Raphicerus campestris	"[{""depth"": 7, ""descendants"": [""Raphicerus campestris""], ""n_descendants"": 1, ""node"": ""Raphicerus campestris""}]"		Relative phylogenetic chronology only; no absolute age inferred without a dated tree.
frameshift_insertion|ex2|pos198|len4	frameshift_insertion	exon_2	2.0	1	Muntiacus reevesi	Muntiacus reevesi	1.0	0	1	Muntiacus reevesi	"[{""depth"": 7, ""descendants"": [""Muntiacus reevesi""], ""n_descendants"": 1, ""node"": ""Muntiacus reevesi""}]"		Relative phylogenetic chronology only; no absolute age inferred without a dated tree.
frameshift_insertion|ex2|pos231|len1	frameshift_insertion	exon_2	2.0	1	Moschus moschiferus	Moschus moschiferus	1.0	0	1	Moschus moschiferus	"[{""depth"": 6, ""descendants"": [""Moschus moschiferus""], ""n_descendants"": 1, ""node"": ""Moschus moschiferus""}]"		Relative phylogenetic chronology only; no absolute age inferred without a dated tree.
frameshift_insertion|ex2|pos280|len1	frameshift_insertion	exon_2	2.0	1	Tragelaphus scriptus	Tragelaphus scriptus	1.0	0	1	Tragelaphus scriptus	"[{""depth"": 8, ""descendants"": [""Tragelaphus scriptus""], ""n_descendants"": 1, ""node"": ""Tragelaphus scriptus""}]"		Relative phylogenetic chronology only; no absolute age inferred without a dated tree.
frameshift_insertion|ex3|pos292|len1	frameshift_insertion	exon_3	3.0	1	Cephalophula zebra	Cephalophula zebra	1.0	0	1	Cephalophula zebra	"[{""depth"": 7, ""descendants"": [""Cephalophula zebra""], ""n_descendants"": 1, ""node"": ""Cephalophula zebra""}]"		Relative phylogenetic chronology only; no absolute age inferred without a dated tree.
frameshift_insertion|ex3|pos313|len1	frameshift_insertion	exon_3	3.0	1	Axis porcinus	Axis porcinus	1.0	0	1	Axis porcinus	"[{""depth"": 7, ""descendants"": [""Axis porcinus""], ""n_descendants"": 1, ""node"": ""Axis porcinus""}]"		Relative phylogenetic chronology only; no absolute age inferred without a dated tree.
frameshift_insertion|ex3|pos407|len10	frameshift_insertion	exon_3	3.0	1	Axis porcinus	Axis porcinus	1.0	0	1	Axis porcinus	"[{""depth"": 7, ""descendants"": [""Axis porcinus""], ""n_descendants"": 1, ""node"": ""Axis porcinus""}]"		Relative phylogenetic chronology only; no absolute age inferred without a dated tree.
frameshift_insertion|ex3|pos439|len1	frameshift_insertion	exon_3	3.0	1	Neotragus moschatus	Neotragus moschatus	1.0	0	1	Neotragus moschatus	"[{""depth"": 8, ""descendants"": [""Neotragus moschatus""], ""n_descendants"": 1, ""node"": ""Neotragus moschatus""}]"		Relative phylogenetic chronology only; no absolute age inferred without a dated tree.
frameshift_insertion|ex3|pos592|len1	frameshift_insertion	exon_3	3.0	1	Budorcas taxicolor	Budorcas taxicolor	1.0	0	1	Budorcas taxicolor	"[{""depth"": 7, ""descendants"": [""Budorcas taxicolor""], ""n_descendants"": 1, ""node"": ""Budorcas taxicolor""}]"		Relative phylogenetic chronology only; no absolute age inferred without a dated tree.
frameshift_insertion|ex3|pos752|len1	frameshift_insertion	exon_3	3.0	1	Madoqua kirkii	Madoqua kirkii	1.0	0	1	Madoqua kirkii	"[{""depth"": 7, ""descendants"": [""Madoqua kirkii""], ""n_descendants"": 1, ""node"": ""Madoqua kirkii""}]"		Relative phylogenetic chronology only; no absolute age inferred without a dated tree.
frameshift_insertion|ex4|pos65|len1	frameshift_insertion	exon_4	4.0	1	Neotragus pygmaeus	Neotragus pygmaeus	1.0	0	1	Neotragus pygmaeus	"[{""depth"": 8, ""descendants"": [""Neotragus pygmaeus""], ""n_descendants"": 1, ""node"": ""Neotragus pygmaeus""}]"		Relative phylogenetic chronology only; no absolute age inferred without a dated tree.
frameshift_insertion|ex5|pos62|len1	frameshift_insertion	exon_5	5.0	1	Neotragus pygmaeus	Neotragus pygmaeus	1.0	0	1	Neotragus pygmaeus	"[{""depth"": 8, ""descendants"": [""Neotragus pygmaeus""], ""n_descendants"": 1, ""node"": ""Neotragus pygmaeus""}]"		Relative phylogenetic chronology only; no absolute age inferred without a dated tree.
frameshift_insertion|ex6|pos1021|len1	frameshift_insertion	exon_6	6.0	1	Neotragus moschatus	Neotragus moschatus	1.0	0	1	Neotragus moschatus	"[{""depth"": 8, ""descendants"": [""Neotragus moschatus""], ""n_descendants"": 1, ""node"": ""Neotragus moschatus""}]"		Relative phylogenetic chronology only; no absolute age inferred without a dated tree.
frameshift_insertion|ex6|pos1034|len4	frameshift_insertion	exon_6	6.0	1	Neotragus pygmaeus	Neotragus pygmaeus	1.0	0	1	Neotragus pygmaeus	"[{""depth"": 8, ""descendants"": [""Neotragus pygmaeus""], ""n_descendants"": 1, ""node"": ""Neotragus pygmaeus""}]"		Relative phylogenetic chronology only; no absolute age inferred without a dated tree.
frameshift_insertion|ex6|pos1036|len1	frameshift_insertion	exon_6	6.0	1	Antilocapra americana	Antilocapra americana	1.0	0	1	Antilocapra americana	"[{""depth"": 2, ""descendants"": [""Antilocapra americana""], ""n_descendants"": 1, ""node"": ""Antilocapra americana""}]"		Relative phylogenetic chronology only; no absolute age inferred without a dated tree.
frameshift_insertion|ex6|pos1092|len1	frameshift_insertion	exon_6	6.0	1	Nanger dama	Nanger dama	1.0	0	1	Nanger dama	"[{""depth"": 8, ""descendants"": [""Nanger dama""], ""n_descendants"": 1, ""node"": ""Nanger dama""}]"		Relative phylogenetic chronology only; no absolute age inferred without a dated tree.
frameshift_insertion|ex6|pos215|len1	frameshift_insertion	exon_6	6.0	1	Alces alces	Alces alces	1.0	0	1	Alces alces	"[{""depth"": 6, ""descendants"": [""Alces alces""], ""n_descendants"": 1, ""node"": ""Alces alces""}]"		Relative phylogenetic chronology only; no absolute age inferred without a dated tree.
frameshift_insertion|ex6|pos335|len2	frameshift_insertion	exon_6	6.0	1	Oreotragus oreotragus	Oreotragus oreotragus	1.0	0	1	Oreotragus oreotragus	"[{""depth"": 7, ""descendants"": [""Oreotragus oreotragus""], ""n_descendants"": 1, ""node"": ""Oreotragus oreotragus""}]"		Relative phylogenetic chronology only; no absolute age inferred without a dated tree.
frameshift_insertion|ex6|pos461|len1	frameshift_insertion	exon_6	6.0	1	Tragelaphus strepsiceros	Tragelaphus strepsiceros	1.0	0	1	Tragelaphus strepsiceros	"[{""depth"": 8, ""descendants"": [""Tragelaphus strepsiceros""], ""n_descendants"": 1, ""node"": ""Tragelaphus strepsiceros""}]"		Relative phylogenetic chronology only; no absolute age inferred without a dated tree.
frameshift_insertion|ex6|pos525|len4	frameshift_insertion	exon_6	6.0	1	Tragelaphus strepsiceros	Tragelaphus strepsiceros	1.0	0	1	Tragelaphus strepsiceros	"[{""depth"": 8, ""descendants"": [""Tragelaphus strepsiceros""], ""n_descendants"": 1, ""node"": ""Tragelaphus strepsiceros""}]"		Relative phylogenetic chronology only; no absolute age inferred without a dated tree.
frameshift_insertion|ex6|pos568|len4	frameshift_insertion	exon_6	6.0	1	Tragulus kanchil	Tragulus kanchil	1.0	0	1	Tragulus kanchil	"[{""depth"": 2, ""descendants"": [""Tragulus kanchil""], ""n_descendants"": 1, ""node"": ""Tragulus kanchil""}]"		Relative phylogenetic chronology only; no absolute age inferred without a dated tree.
frameshift_insertion|ex6|pos574|len1	frameshift_insertion	exon_6	6.0	1	Tragulus kanchil	Tragulus kanchil	1.0	0	1	Tragulus kanchil	"[{""depth"": 2, ""descendants"": [""Tragulus kanchil""], ""n_descendants"": 1, ""node"": ""Tragulus kanchil""}]"		Relative phylogenetic chronology only; no absolute age inferred without a dated tree.
frameshift_insertion|ex6|pos633|len4	frameshift_insertion	exon_6	6.0	1	Antilocapra americana	Antilocapra americana	1.0	0	1	Antilocapra americana	"[{""depth"": 2, ""descendants"": [""Antilocapra americana""], ""n_descendants"": 1, ""node"": ""Antilocapra americana""}]"		Relative phylogenetic chronology only; no absolute age inferred without a dated tree.
frameshift_insertion|ex6|pos634|len1	frameshift_insertion	exon_6	6.0	1	Hydropotes inermis	Hydropotes inermis	1.0	0	1	Hydropotes inermis	"[{""depth"": 7, ""descendants"": [""Hydropotes inermis""], ""n_descendants"": 1, ""node"": ""Hydropotes inermis""}]"		Relative phylogenetic chronology only; no absolute age inferred without a dated tree.
frameshift_insertion|ex6|pos634|len5	frameshift_insertion	exon_6	6.0	1	Tragelaphus eurycerus	Tragelaphus eurycerus	1.0	0	1	Tragelaphus eurycerus	"[{""depth"": 8, ""descendants"": [""Tragelaphus eurycerus""], ""n_descendants"": 1, ""node"": ""Tragelaphus eurycerus""}]"		Relative phylogenetic chronology only; no absolute age inferred without a dated tree.
frameshift_insertion|ex6|pos642|len1	frameshift_insertion	exon_6	6.0	1	Neotragus moschatus	Neotragus moschatus	1.0	0	1	Neotragus moschatus	"[{""depth"": 8, ""descendants"": [""Neotragus moschatus""], ""n_descendants"": 1, ""node"": ""Neotragus moschatus""}]"		Relative phylogenetic chronology only; no absolute age inferred without a dated tree.
frameshift_insertion|ex6|pos665|len1	frameshift_insertion	exon_6	6.0	1	Odocoileus hemionus	Odocoileus hemionus	1.0	0	1	Odocoileus hemionus	"[{""depth"": 8, ""descendants"": [""Odocoileus hemionus""], ""n_descendants"": 1, ""node"": ""Odocoileus hemionus""}]"		Relative phylogenetic chronology only; no absolute age inferred without a dated tree.
frameshift_insertion|ex6|pos732|len7	frameshift_insertion	exon_6	6.0	1	Antilocapra americana	Antilocapra americana	1.0	0	1	Antilocapra americana	"[{""depth"": 2, ""descendants"": [""Antilocapra americana""], ""n_descendants"": 1, ""node"": ""Antilocapra americana""}]"		Relative phylogenetic chronology only; no absolute age inferred without a dated tree.
frameshift_insertion|ex6|pos786|len1	frameshift_insertion	exon_6	6.0	1	Damaliscus lunatus	Damaliscus lunatus	1.0	0	1	Damaliscus lunatus	"[{""depth"": 7, ""descendants"": [""Damaliscus lunatus""], ""n_descendants"": 1, ""node"": ""Damaliscus lunatus""}]"		Relative phylogenetic chronology only; no absolute age inferred without a dated tree.
frameshift_insertion|ex6|pos796|len4	frameshift_insertion	exon_6	6.0	1	Cephalophula zebra	Cephalophula zebra	1.0	0	1	Cephalophula zebra	"[{""depth"": 7, ""descendants"": [""Cephalophula zebra""], ""n_descendants"": 1, ""node"": ""Cephalophula zebra""}]"		Relative phylogenetic chronology only; no absolute age inferred without a dated tree.
frameshift_insertion|ex6|pos900|len1	frameshift_insertion	exon_6	6.0	1	Capricornis sumatraensis	Capricornis sumatraensis	1.0	0	1	Capricornis sumatraensis	"[{""depth"": 7, ""descendants"": [""Capricornis sumatraensis""], ""n_descendants"": 1, ""node"": ""Capricornis sumatraensis""}]"		Relative phylogenetic chronology only; no absolute age inferred without a dated tree.
inframe_deletion|ex2|pos109|len15	inframe_deletion	exon_2	2.0	1	Axis porcinus	Axis porcinus	1.0	0	1	Axis porcinus	"[{""depth"": 7, ""descendants"": [""Axis porcinus""], ""n_descendants"": 1, ""node"": ""Axis porcinus""}]"		Relative phylogenetic chronology only; no absolute age inferred without a dated tree.
inframe_deletion|ex3|pos166|len9	inframe_deletion	exon_3	3.0	1	Rangifer tarandus	Rangifer tarandus	1.0	0	1	Rangifer tarandus	"[{""depth"": 7, ""descendants"": [""Rangifer tarandus""], ""n_descendants"": 1, ""node"": ""Rangifer tarandus""}]"		Relative phylogenetic chronology only; no absolute age inferred without a dated tree.
inframe_deletion|ex3|pos168|len3	inframe_deletion	exon_3	3.0	1	Redunca redunca	Redunca redunca	1.0	0	1	Redunca redunca	"[{""depth"": 7, ""descendants"": [""Redunca redunca""], ""n_descendants"": 1, ""node"": ""Redunca redunca""}]"		Relative phylogenetic chronology only; no absolute age inferred without a dated tree.
inframe_deletion|ex3|pos196|len3	inframe_deletion	exon_3	3.0	1	Antilocapra americana	Antilocapra americana	1.0	0	1	Antilocapra americana	"[{""depth"": 2, ""descendants"": [""Antilocapra americana""], ""n_descendants"": 1, ""node"": ""Antilocapra americana""}]"		Relative phylogenetic chronology only; no absolute age inferred without a dated tree.
inframe_deletion|ex3|pos234|len9	inframe_deletion	exon_3	3.0	1	Madoqua kirkii	Madoqua kirkii	1.0	0	1	Madoqua kirkii	"[{""depth"": 7, ""descendants"": [""Madoqua kirkii""], ""n_descendants"": 1, ""node"": ""Madoqua kirkii""}]"		Relative phylogenetic chronology only; no absolute age inferred without a dated tree.
inframe_deletion|ex3|pos530|len6	inframe_deletion	exon_3	3.0	1	Tragelaphus scriptus	Tragelaphus scriptus	1.0	0	1	Tragelaphus	"[{""depth"": 7, ""descendants"": [""Tragelaphus buxtoni"", ""Tragelaphus eurycerus"", ""Tragelaphus imberbis"", ""Tragelaphus oryx"", ""Tragelaphus scriptus"", ""Tragelaphus spekii"", ""Tragelaphus strepsiceros""], ""n_descendants"": 7, ""node"": ""Tragelaphus""}]"		Relative phylogenetic chronology only; no absolute age inferred without a dated tree.
inframe_deletion|ex3|pos670|len3	inframe_deletion	exon_3	3.0	1	Oreotragus oreotragus	Oreotragus oreotragus	1.0	0	1	Oreotragus oreotragus	"[{""depth"": 7, ""descendants"": [""Oreotragus oreotragus""], ""n_descendants"": 1, ""node"": ""Oreotragus oreotragus""}]"		Relative phylogenetic chronology only; no absolute age inferred without a dated tree.
inframe_deletion|ex6|pos1077|len6	inframe_deletion	exon_6	6.0	1	Eudorcas thomsonii	Eudorcas thomsonii	1.0	0	1	Eudorcas thomsonii	"[{""depth"": 7, ""descendants"": [""Eudorcas thomsonii""], ""n_descendants"": 1, ""node"": ""Eudorcas thomsonii""}]"		Relative phylogenetic chronology only; no absolute age inferred without a dated tree.
inframe_deletion|ex6|pos31|len9	inframe_deletion	exon_6	6.0	1	Antilocapra americana	Antilocapra americana	1.0	0	1	Antilocapra americana	"[{""depth"": 2, ""descendants"": [""Antilocapra americana""], ""n_descendants"": 1, ""node"": ""Antilocapra americana""}]"		Relative phylogenetic chronology only; no absolute age inferred without a dated tree.
inframe_deletion|ex6|pos363|len9	inframe_deletion	exon_6	6.0	1	Neotragus moschatus	Neotragus moschatus	1.0	0	1	Neotragus moschatus	"[{""depth"": 8, ""descendants"": [""Neotragus moschatus""], ""n_descendants"": 1, ""node"": ""Neotragus moschatus""}]"		Relative phylogenetic chronology only; no absolute age inferred without a dated tree.
inframe_deletion|ex6|pos387|len6	inframe_deletion	exon_6	6.0	1	Capreolus capreolus	Capreolus capreolus	1.0	0	1	Capreolus	"[{""depth"": 7, ""descendants"": [""Capreolus capreolus"", ""Capreolus pygargus""], ""n_descendants"": 2, ""node"": ""Capreolus""}]"		Relative phylogenetic chronology only; no absolute age inferred without a dated tree.
inframe_deletion|ex6|pos462|len3	inframe_deletion	exon_6	6.0	1	Odocoileus virginianus	Odocoileus virginianus	1.0	0	1	Odocoileus virginianus	"[{""depth"": 8, ""descendants"": [""Odocoileus virginianus""], ""n_descendants"": 1, ""node"": ""Odocoileus virginianus""}]"		Relative phylogenetic chronology only; no absolute age inferred without a dated tree.
inframe_deletion|ex6|pos465|len24	inframe_deletion	exon_6	6.0	1	Hippotragus niger	Hippotragus niger	1.0	0	1	Hippotragus niger	"[{""depth"": 8, ""descendants"": [""Hippotragus niger""], ""n_descendants"": 1, ""node"": ""Hippotragus niger""}]"		Relative phylogenetic chronology only; no absolute age inferred without a dated tree.
inframe_deletion|ex6|pos476|len9	inframe_deletion	exon_6	6.0	1	Odocoileus hemionus	Odocoileus hemionus	1.0	0	1	Odocoileus hemionus	"[{""depth"": 8, ""descendants"": [""Odocoileus hemionus""], ""n_descendants"": 1, ""node"": ""Odocoileus hemionus""}]"		Relative phylogenetic chronology only; no absolute age inferred without a dated tree.
inframe_deletion|ex6|pos541|len6	inframe_deletion	exon_6	6.0	1	Tragelaphus eurycerus	Tragelaphus eurycerus	1.0	0	1	Tragelaphus eurycerus	"[{""depth"": 8, ""descendants"": [""Tragelaphus eurycerus""], ""n_descendants"": 1, ""node"": ""Tragelaphus eurycerus""}]"		Relative phylogenetic chronology only; no absolute age inferred without a dated tree.
inframe_deletion|ex6|pos781|len3	inframe_deletion	exon_6	6.0	1	Oreamnos americanus	Oreamnos americanus	1.0	0	1	Oreamnos americanus	"[{""depth"": 7, ""descendants"": [""Oreamnos americanus""], ""n_descendants"": 1, ""node"": ""Oreamnos americanus""}]"		Relative phylogenetic chronology only; no absolute age inferred without a dated tree.
inframe_deletion|ex6|pos90|len9	inframe_deletion	exon_6	6.0	1	Neotragus moschatus	Neotragus moschatus	1.0	0	1	Neotragus moschatus	"[{""depth"": 8, ""descendants"": [""Neotragus moschatus""], ""n_descendants"": 1, ""node"": ""Neotragus moschatus""}]"		Relative phylogenetic chronology only; no absolute age inferred without a dated tree.
inframe_deletion|ex6|pos929|len21	inframe_deletion	exon_6	6.0	1	Cervus albirostris	Cervus albirostris	1.0	0	1	Cervus albirostris	"[{""depth"": 8, ""descendants"": [""Cervus albirostris""], ""n_descendants"": 1, ""node"": ""Cervus albirostris""}]"		Relative phylogenetic chronology only; no absolute age inferred without a dated tree.
inframe_deletion|ex6|pos938|len21	inframe_deletion	exon_6	6.0	1	Tragelaphus buxtoni	Tragelaphus buxtoni	1.0	0	1	Tragelaphus buxtoni	"[{""depth"": 8, ""descendants"": [""Tragelaphus buxtoni""], ""n_descendants"": 1, ""node"": ""Tragelaphus buxtoni""}]"		Relative phylogenetic chronology only; no absolute age inferred without a dated tree.
inframe_deletion|ex6|pos978|len3	inframe_deletion	exon_6	6.0	1	Tragelaphus buxtoni	Tragelaphus buxtoni	1.0	0	1	Tragelaphus buxtoni	"[{""depth"": 8, ""descendants"": [""Tragelaphus buxtoni""], ""n_descendants"": 1, ""node"": ""Tragelaphus buxtoni""}]"		Relative phylogenetic chronology only; no absolute age inferred without a dated tree.
inframe_insertion|ex3|pos205|len3	inframe_insertion	exon_3	3.0	1	Antilocapra americana	Antilocapra americana	1.0	0	1	Antilocapra americana	"[{""depth"": 2, ""descendants"": [""Antilocapra americana""], ""n_descendants"": 1, ""node"": ""Antilocapra americana""}]"		Relative phylogenetic chronology only; no absolute age inferred without a dated tree.
inframe_insertion|ex3|pos391|len9	inframe_insertion	exon_3	3.0	1	Axis porcinus	Axis porcinus	1.0	0	1	Axis porcinus	"[{""depth"": 7, ""descendants"": [""Axis porcinus""], ""n_descendants"": 1, ""node"": ""Axis porcinus""}]"		Relative phylogenetic chronology only; no absolute age inferred without a dated tree.
inframe_insertion|ex6|pos1036|len3	inframe_insertion	exon_6	6.0	1	Neotragus pygmaeus	Neotragus pygmaeus	1.0	0	1	Neotragus pygmaeus	"[{""depth"": 8, ""descendants"": [""Neotragus pygmaeus""], ""n_descendants"": 1, ""node"": ""Neotragus pygmaeus""}]"		Relative phylogenetic chronology only; no absolute age inferred without a dated tree.
potential_splice_acceptor_disruption|ex3|GA	potential_splice_acceptor_disruption	exon_3	3.0	1	Beatragus hunteri	Beatragus hunteri	1.0	0	1	Beatragus hunteri	"[{""depth"": 7, ""descendants"": [""Beatragus hunteri""], ""n_descendants"": 1, ""node"": ""Beatragus hunteri""}]"		Relative phylogenetic chronology only; no absolute age inferred without a dated tree.
potential_splice_donor_disruption|ex1|AA	potential_splice_donor_disruption	exon_1	1.0	1	Antilocapra americana	Antilocapra americana	1.0	0	1	Antilocapra americana	"[{""depth"": 2, ""descendants"": [""Antilocapra americana""], ""n_descendants"": 1, ""node"": ""Antilocapra americana""}]"		Relative phylogenetic chronology only; no absolute age inferred without a dated tree.
potential_splice_donor_disruption|ex2|AC	potential_splice_donor_disruption	exon_2	2.0	1	Alcelaphus buselaphus	Alcelaphus buselaphus	1.0	0	1	Alcelaphus buselaphus	"[{""depth"": 7, ""descendants"": [""Alcelaphus buselaphus""], ""n_descendants"": 1, ""node"": ""Alcelaphus buselaphus""}]"		Relative phylogenetic chronology only; no absolute age inferred without a dated tree.
potential_splice_donor_disruption|ex2|TG	potential_splice_donor_disruption	exon_2	2.0	1	Moschus moschiferus	Moschus moschiferus	1.0	0	1	Moschus moschiferus	"[{""depth"": 6, ""descendants"": [""Moschus moschiferus""], ""n_descendants"": 1, ""node"": ""Moschus moschiferus""}]"		Relative phylogenetic chronology only; no absolute age inferred without a dated tree.
potential_splice_donor_disruption|ex4|TC	potential_splice_donor_disruption	exon_4	4.0	1	Cephalophula zebra	Cephalophula zebra	1.0	0	1	Cephalophula zebra	"[{""depth"": 7, ""descendants"": [""Cephalophula zebra""], ""n_descendants"": 1, ""node"": ""Cephalophula zebra""}]"		Relative phylogenetic chronology only; no absolute age inferred without a dated tree.
premature_stop|ex1|codon19	premature_stop	exon_1	1.0	1	Cervus hanglu	Cervus hanglu	1.0	0	1	Cervus hanglu	"[{""depth"": 8, ""descendants"": [""Cervus hanglu""], ""n_descendants"": 1, ""node"": ""Cervus hanglu""}]"		Relative phylogenetic chronology only; no absolute age inferred without a dated tree.
premature_stop|ex2|codon149	premature_stop	exon_2	2.0	1	Capricornis sumatraensis	Capricornis sumatraensis	1.0	0	1	Capricornis sumatraensis	"[{""depth"": 7, ""descendants"": [""Capricornis sumatraensis""], ""n_descendants"": 1, ""node"": ""Capricornis sumatraensis""}]"		Relative phylogenetic chronology only; no absolute age inferred without a dated tree.
premature_stop|ex2|codon166	premature_stop	exon_2	2.0	1	Okapia johnstoni	Okapia johnstoni	1.0	0	1	Okapia johnstoni	"[{""depth"": 4, ""descendants"": [""Okapia johnstoni""], ""n_descendants"": 1, ""node"": ""Okapia johnstoni""}]"		Relative phylogenetic chronology only; no absolute age inferred without a dated tree.
premature_stop|ex2|codon82	premature_stop	exon_2	2.0	1	Neotragus moschatus	Neotragus moschatus	1.0	0	1	Neotragus moschatus	"[{""depth"": 8, ""descendants"": [""Neotragus moschatus""], ""n_descendants"": 1, ""node"": ""Neotragus moschatus""}]"		Relative phylogenetic chronology only; no absolute age inferred without a dated tree.
premature_stop|ex3|codon187	premature_stop	exon_3	3.0	1	Cervus nippon	Cervus nippon	1.0	0	1	Cervus nippon	"[{""depth"": 8, ""descendants"": [""Cervus nippon""], ""n_descendants"": 1, ""node"": ""Cervus nippon""}]"		Relative phylogenetic chronology only; no absolute age inferred without a dated tree.
premature_stop|ex3|codon260	premature_stop	exon_3	3.0	1	Oreamnos americanus	Oreamnos americanus	1.0	0	1	Oreamnos americanus	"[{""depth"": 7, ""descendants"": [""Oreamnos americanus""], ""n_descendants"": 1, ""node"": ""Oreamnos americanus""}]"		Relative phylogenetic chronology only; no absolute age inferred without a dated tree.
premature_stop|ex3|codon270	premature_stop	exon_3	3.0	1	Axis porcinus	Axis porcinus	1.0	0	1	Axis porcinus	"[{""depth"": 7, ""descendants"": [""Axis porcinus""], ""n_descendants"": 1, ""node"": ""Axis porcinus""}]"		Relative phylogenetic chronology only; no absolute age inferred without a dated tree.
premature_stop|ex3|codon297	premature_stop	exon_3	3.0	1	Neotragus moschatus	Neotragus moschatus	1.0	0	1	Neotragus moschatus	"[{""depth"": 8, ""descendants"": [""Neotragus moschatus""], ""n_descendants"": 1, ""node"": ""Neotragus moschatus""}]"		Relative phylogenetic chronology only; no absolute age inferred without a dated tree.
premature_stop|ex3|codon357	premature_stop	exon_3	3.0	1	Muntiacus reevesi	Muntiacus reevesi	1.0	0	1	Muntiacus reevesi	"[{""depth"": 7, ""descendants"": [""Muntiacus reevesi""], ""n_descendants"": 1, ""node"": ""Muntiacus reevesi""}]"		Relative phylogenetic chronology only; no absolute age inferred without a dated tree.
premature_stop|ex3|codon387	premature_stop	exon_3	3.0	1	Syncerus caffer	Syncerus caffer	1.0	0	1	Syncerus caffer	"[{""depth"": 8, ""descendants"": [""Syncerus caffer""], ""n_descendants"": 1, ""node"": ""Syncerus caffer""}]"		Relative phylogenetic chronology only; no absolute age inferred without a dated tree.
premature_stop|ex3|codon427	premature_stop	exon_3	3.0	1	Neotragus moschatus	Neotragus moschatus	1.0	0	1	Neotragus moschatus	"[{""depth"": 8, ""descendants"": [""Neotragus moschatus""], ""n_descendants"": 1, ""node"": ""Neotragus moschatus""}]"		Relative phylogenetic chronology only; no absolute age inferred without a dated tree.
premature_stop|ex4|codon461	premature_stop	exon_4	4.0	1	Raphicerus campestris	Raphicerus campestris	1.0	0	1	Raphicerus campestris	"[{""depth"": 7, ""descendants"": [""Raphicerus campestris""], ""n_descendants"": 1, ""node"": ""Raphicerus campestris""}]"		Relative phylogenetic chronology only; no absolute age inferred without a dated tree.
premature_stop|ex4|codon479	premature_stop	exon_4	4.0	1	Tragelaphus eurycerus	Tragelaphus eurycerus	1.0	0	1	Tragelaphus eurycerus	"[{""depth"": 8, ""descendants"": [""Tragelaphus eurycerus""], ""n_descendants"": 1, ""node"": ""Tragelaphus eurycerus""}]"		Relative phylogenetic chronology only; no absolute age inferred without a dated tree.
premature_stop|ex6|codon634	premature_stop	exon_6	6.0	1	Tragelaphus eurycerus	Tragelaphus eurycerus	1.0	0	1	Tragelaphus eurycerus	"[{""depth"": 8, ""descendants"": [""Tragelaphus eurycerus""], ""n_descendants"": 1, ""node"": ""Tragelaphus eurycerus""}]"		Relative phylogenetic chronology only; no absolute age inferred without a dated tree.
premature_stop|ex6|codon776	premature_stop	exon_6	6.0	1	Alces alces	Alces alces	1.0	0	1	Alces alces	"[{""depth"": 6, ""descendants"": [""Alces alces""], ""n_descendants"": 1, ""node"": ""Alces alces""}]"		Relative phylogenetic chronology only; no absolute age inferred without a dated tree.
premature_stop|ex6|codon797	premature_stop	exon_6	6.0	1	Pseudois nayaur	Pseudois nayaur	1.0	0	1	Pseudois nayaur	"[{""depth"": 7, ""descendants"": [""Pseudois nayaur""], ""n_descendants"": 1, ""node"": ""Pseudois nayaur""}]"		Relative phylogenetic chronology only; no absolute age inferred without a dated tree.
premature_stop|ex6|codon821	premature_stop	exon_6	6.0	1	Cervus albirostris	Cervus albirostris	1.0	0	1	Cervus albirostris	"[{""depth"": 8, ""descendants"": [""Cervus albirostris""], ""n_descendants"": 1, ""node"": ""Cervus albirostris""}]"		Relative phylogenetic chronology only; no absolute age inferred without a dated tree.
probable_exon_deletion|ex2|pos1|len304	probable_exon_deletion	exon_2	2.0	1	Muntiacus muntjak	Muntiacus muntjak	1.0	0	1	Muntiacus muntjak	"[{""depth"": 7, ""descendants"": [""Muntiacus muntjak""], ""n_descendants"": 1, ""node"": ""Muntiacus muntjak""}]"		Relative phylogenetic chronology only; no absolute age inferred without a dated tree.
candidate_large_frameshift_insertion|ex2|pos237|len547	candidate_large_frameshift_insertion	exon_2	2.0	0				0	0		[]		Relative phylogenetic chronology only; no absolute age inferred without a dated tree.
candidate_large_frameshift_insertion|ex2|pos237|len806	candidate_large_frameshift_insertion	exon_2	2.0	0				0	0		[]		Relative phylogenetic chronology only; no absolute age inferred without a dated tree.
candidate_large_frameshift_insertion|ex2|pos237|len809	candidate_large_frameshift_insertion	exon_2	2.0	0				0	0		[]		Relative phylogenetic chronology only; no absolute age inferred without a dated tree.
candidate_large_frameshift_insertion|ex3|pos407|len154	candidate_large_frameshift_insertion	exon_3	3.0	0				0	0		[]		Relative phylogenetic chronology only; no absolute age inferred without a dated tree.
candidate_large_frameshift_insertion|ex3|pos407|len169	candidate_large_frameshift_insertion	exon_3	3.0	0				0	0		[]		Relative phylogenetic chronology only; no absolute age inferred without a dated tree.
candidate_large_frameshift_insertion|ex4|pos38|len5594	candidate_large_frameshift_insertion	exon_4	4.0	0				0	0		[]		Relative phylogenetic chronology only; no absolute age inferred without a dated tree.
candidate_large_frameshift_insertion|ex4|pos38|len712	candidate_large_frameshift_insertion	exon_4	4.0	0				0	0		[]		Relative phylogenetic chronology only; no absolute age inferred without a dated tree.
candidate_large_inframe_insertion|ex2|pos195|len99	candidate_large_inframe_insertion	exon_2	2.0	0				0	0		[]		Relative phylogenetic chronology only; no absolute age inferred without a dated tree.
candidate_large_inframe_insertion|ex2|pos237|len801	candidate_large_inframe_insertion	exon_2	2.0	0				0	0		[]		Relative phylogenetic chronology only; no absolute age inferred without a dated tree.
candidate_large_inframe_insertion|ex3|pos166|len171	candidate_large_inframe_insertion	exon_3	3.0	0				0	0		[]		Relative phylogenetic chronology only; no absolute age inferred without a dated tree.
candidate_large_inframe_insertion|ex3|pos195|len249	candidate_large_inframe_insertion	exon_3	3.0	0				0	0		[]		Relative phylogenetic chronology only; no absolute age inferred without a dated tree.
candidate_large_inframe_insertion|ex3|pos195|len261	candidate_large_inframe_insertion	exon_3	3.0	0				0	0		[]		Relative phylogenetic chronology only; no absolute age inferred without a dated tree.
candidate_large_inframe_insertion|ex3|pos407|len162	candidate_large_inframe_insertion	exon_3	3.0	0				0	0		[]		Relative phylogenetic chronology only; no absolute age inferred without a dated tree.
candidate_large_inframe_insertion|ex3|pos407|len165	candidate_large_inframe_insertion	exon_3	3.0	0				0	0		[]		Relative phylogenetic chronology only; no absolute age inferred without a dated tree.
candidate_large_inframe_insertion|ex3|pos407|len168	candidate_large_inframe_insertion	exon_3	3.0	0				0	0		[]		Relative phylogenetic chronology only; no absolute age inferred without a dated tree.
candidate_large_inframe_insertion|ex3|pos407|len171	candidate_large_inframe_insertion	exon_3	3.0	0				0	0		[]		Relative phylogenetic chronology only; no absolute age inferred without a dated tree.
candidate_large_inframe_insertion|ex3|pos407|len174	candidate_large_inframe_insertion	exon_3	3.0	0				0	0		[]		Relative phylogenetic chronology only; no absolute age inferred without a dated tree.
candidate_large_inframe_insertion|ex3|pos407|len177	candidate_large_inframe_insertion	exon_3	3.0	0				0	0		[]		Relative phylogenetic chronology only; no absolute age inferred without a dated tree.
candidate_large_inframe_insertion|ex3|pos407|len183	candidate_large_inframe_insertion	exon_3	3.0	0				0	0		[]		Relative phylogenetic chronology only; no absolute age inferred without a dated tree.
candidate_large_inframe_insertion|ex3|pos407|len195	candidate_large_inframe_insertion	exon_3	3.0	0				0	0		[]		Relative phylogenetic chronology only; no absolute age inferred without a dated tree.
candidate_large_inframe_insertion|ex3|pos407|len201	candidate_large_inframe_insertion	exon_3	3.0	0				0	0		[]		Relative phylogenetic chronology only; no absolute age inferred without a dated tree.
candidate_large_inframe_insertion|ex3|pos70|len99	candidate_large_inframe_insertion	exon_3	3.0	0				0	0		[]		Relative phylogenetic chronology only; no absolute age inferred without a dated tree.
candidate_large_inframe_insertion|ex4|pos38|len129	candidate_large_inframe_insertion	exon_4	4.0	0				0	0		[]		Relative phylogenetic chronology only; no absolute age inferred without a dated tree.
candidate_large_inframe_insertion|ex4|pos38|len717	candidate_large_inframe_insertion	exon_4	4.0	0				0	0		[]		Relative phylogenetic chronology only; no absolute age inferred without a dated tree.
candidate_large_inframe_insertion|ex4|pos38|len882	candidate_large_inframe_insertion	exon_4	4.0	0				0	0		[]		Relative phylogenetic chronology only; no absolute age inferred without a dated tree.
exon_unresolved|ex1	exon_unresolved	exon_1	1.0	0				0	0		[]		Relative phylogenetic chronology only; no absolute age inferred without a dated tree.
exon_unresolved|ex2	exon_unresolved	exon_2	2.0	0				0	0		[]		Relative phylogenetic chronology only; no absolute age inferred without a dated tree.
exon_unresolved|ex3	exon_unresolved	exon_3	3.0	0				0	0		[]		Relative phylogenetic chronology only; no absolute age inferred without a dated tree.
exon_unresolved|ex4	exon_unresolved	exon_4	4.0	0				0	0		[]		Relative phylogenetic chronology only; no absolute age inferred without a dated tree.
exon_unresolved|ex5	exon_unresolved	exon_5	5.0	0				0	0		[]		Relative phylogenetic chronology only; no absolute age inferred without a dated tree.
exon_unresolved|ex6	exon_unresolved	exon_6	6.0	0				0	0		[]		Relative phylogenetic chronology only; no absolute age inferred without a dated tree.
frameshift_deletion|ex1|pos71|len1	frameshift_deletion	exon_1	1.0	0				0	0		[]		Relative phylogenetic chronology only; no absolute age inferred without a dated tree.
frameshift_deletion|ex1|pos72|len1	frameshift_deletion	exon_1	1.0	0				0	0		[]		Relative phylogenetic chronology only; no absolute age inferred without a dated tree.
frameshift_deletion|ex1|pos92|len1	frameshift_deletion	exon_1	1.0	0				0	0		[]		Relative phylogenetic chronology only; no absolute age inferred without a dated tree.
frameshift_deletion|ex2|pos127|len1	frameshift_deletion	exon_2	2.0	0				0	0		[]		Relative phylogenetic chronology only; no absolute age inferred without a dated tree.
frameshift_deletion|ex2|pos175|len1	frameshift_deletion	exon_2	2.0	0				0	0		[]		Relative phylogenetic chronology only; no absolute age inferred without a dated tree.
frameshift_deletion|ex2|pos184|len1	frameshift_deletion	exon_2	2.0	0				0	0		[]		Relative phylogenetic chronology only; no absolute age inferred without a dated tree.
frameshift_deletion|ex2|pos218|len1	frameshift_deletion	exon_2	2.0	0				0	0		[]		Relative phylogenetic chronology only; no absolute age inferred without a dated tree.
frameshift_deletion|ex2|pos220|len1	frameshift_deletion	exon_2	2.0	0				0	0		[]		Relative phylogenetic chronology only; no absolute age inferred without a dated tree.
frameshift_deletion|ex2|pos248|len1	frameshift_deletion	exon_2	2.0	0				0	0		[]		Relative phylogenetic chronology only; no absolute age inferred without a dated tree.
frameshift_deletion|ex2|pos275|len2	frameshift_deletion	exon_2	2.0	0				0	0		[]		Relative phylogenetic chronology only; no absolute age inferred without a dated tree.
frameshift_deletion|ex3|pos246|len1	frameshift_deletion	exon_3	3.0	0				0	0		[]		Relative phylogenetic chronology only; no absolute age inferred without a dated tree.
frameshift_deletion|ex3|pos472|len1	frameshift_deletion	exon_3	3.0	0				0	0		[]		Relative phylogenetic chronology only; no absolute age inferred without a dated tree.
frameshift_deletion|ex3|pos533|len1	frameshift_deletion	exon_3	3.0	0				0	0		[]		Relative phylogenetic chronology only; no absolute age inferred without a dated tree.
frameshift_deletion|ex3|pos537|len2	frameshift_deletion	exon_3	3.0	0				0	0		[]		Relative phylogenetic chronology only; no absolute age inferred without a dated tree.
frameshift_deletion|ex3|pos658|len16	frameshift_deletion	exon_3	3.0	0				0	0		[]		Relative phylogenetic chronology only; no absolute age inferred without a dated tree.
frameshift_deletion|ex3|pos662|len17	frameshift_deletion	exon_3	3.0	0				0	0		[]		Relative phylogenetic chronology only; no absolute age inferred without a dated tree.
frameshift_deletion|ex3|pos664|len5	frameshift_deletion	exon_3	3.0	0				0	0		[]		Relative phylogenetic chronology only; no absolute age inferred without a dated tree.
frameshift_deletion|ex3|pos671|len7	frameshift_deletion	exon_3	3.0	0				0	0		[]		Relative phylogenetic chronology only; no absolute age inferred without a dated tree.
frameshift_deletion|ex3|pos823|len1	frameshift_deletion	exon_3	3.0	0				0	0		[]		Relative phylogenetic chronology only; no absolute age inferred without a dated tree.
frameshift_deletion|ex4|pos202|len1	frameshift_deletion	exon_4	4.0	0				0	0		[]		Relative phylogenetic chronology only; no absolute age inferred without a dated tree.
frameshift_deletion|ex4|pos45|len5	frameshift_deletion	exon_4	4.0	0				0	0		[]		Relative phylogenetic chronology only; no absolute age inferred without a dated tree.
frameshift_deletion|ex4|pos51|len1	frameshift_deletion	exon_4	4.0	0				0	0		[]		Relative phylogenetic chronology only; no absolute age inferred without a dated tree.
frameshift_deletion|ex4|pos58|len1	frameshift_deletion	exon_4	4.0	0				0	0		[]		Relative phylogenetic chronology only; no absolute age inferred without a dated tree.
frameshift_deletion|ex4|pos81|len1	frameshift_deletion	exon_4	4.0	0				0	0		[]		Relative phylogenetic chronology only; no absolute age inferred without a dated tree.
frameshift_deletion|ex5|pos35|len1	frameshift_deletion	exon_5	5.0	0				0	0		[]		Relative phylogenetic chronology only; no absolute age inferred without a dated tree.
frameshift_deletion|ex5|pos97|len1	frameshift_deletion	exon_5	5.0	0				0	0		[]		Relative phylogenetic chronology only; no absolute age inferred without a dated tree.
frameshift_deletion|ex6|pos221|len1	frameshift_deletion	exon_6	6.0	0				0	0		[]		Relative phylogenetic chronology only; no absolute age inferred without a dated tree.
frameshift_deletion|ex6|pos226|len1	frameshift_deletion	exon_6	6.0	0				0	0		[]		Relative phylogenetic chronology only; no absolute age inferred without a dated tree.
frameshift_deletion|ex6|pos277|len1	frameshift_deletion	exon_6	6.0	0				0	0		[]		Relative phylogenetic chronology only; no absolute age inferred without a dated tree.
frameshift_deletion|ex6|pos42|len1	frameshift_deletion	exon_6	6.0	0				0	0		[]		Relative phylogenetic chronology only; no absolute age inferred without a dated tree.
frameshift_deletion|ex6|pos464|len1	frameshift_deletion	exon_6	6.0	0				0	0		[]		Relative phylogenetic chronology only; no absolute age inferred without a dated tree.
frameshift_deletion|ex6|pos46|len1	frameshift_deletion	exon_6	6.0	0				0	0		[]		Relative phylogenetic chronology only; no absolute age inferred without a dated tree.
frameshift_deletion|ex6|pos509|len1	frameshift_deletion	exon_6	6.0	0				0	0		[]		Relative phylogenetic chronology only; no absolute age inferred without a dated tree.
frameshift_deletion|ex6|pos530|len1	frameshift_deletion	exon_6	6.0	0				0	0		[]		Relative phylogenetic chronology only; no absolute age inferred without a dated tree.
frameshift_deletion|ex6|pos575|len1	frameshift_deletion	exon_6	6.0	0				0	0		[]		Relative phylogenetic chronology only; no absolute age inferred without a dated tree.
frameshift_deletion|ex6|pos792|len1	frameshift_deletion	exon_6	6.0	0				0	0		[]		Relative phylogenetic chronology only; no absolute age inferred without a dated tree.
frameshift_deletion|ex6|pos824|len1	frameshift_deletion	exon_6	6.0	0				0	0		[]		Relative phylogenetic chronology only; no absolute age inferred without a dated tree.
frameshift_deletion|ex6|pos827|len1	frameshift_deletion	exon_6	6.0	0				0	0		[]		Relative phylogenetic chronology only; no absolute age inferred without a dated tree.
frameshift_deletion|ex6|pos834|len4	frameshift_deletion	exon_6	6.0	0				0	0		[]		Relative phylogenetic chronology only; no absolute age inferred without a dated tree.
frameshift_induced_stop|ex1|codon27	frameshift_induced_stop	exon_1	1.0	0				0	0		[]		Relative phylogenetic chronology only; no absolute age inferred without a dated tree.
frameshift_induced_stop|ex2|codon141	frameshift_induced_stop	exon_2	2.0	0				0	0		[]		Relative phylogenetic chronology only; no absolute age inferred without a dated tree.
frameshift_induced_stop|ex2|codon164	frameshift_induced_stop	exon_2	2.0	0				0	0		[]		Relative phylogenetic chronology only; no absolute age inferred without a dated tree.
frameshift_induced_stop|ex2|codon78	frameshift_induced_stop	exon_2	2.0	0				0	0		[]		Relative phylogenetic chronology only; no absolute age inferred without a dated tree.
frameshift_induced_stop|ex2|codon86	frameshift_induced_stop	exon_2	2.0	0				0	0		[]		Relative phylogenetic chronology only; no absolute age inferred without a dated tree.
frameshift_induced_stop|ex2|codon95	frameshift_induced_stop	exon_2	2.0	0				0	0		[]		Relative phylogenetic chronology only; no absolute age inferred without a dated tree.
frameshift_induced_stop|ex3|codon232	frameshift_induced_stop	exon_3	3.0	0				0	0		[]		Relative phylogenetic chronology only; no absolute age inferred without a dated tree.
frameshift_induced_stop|ex3|codon289	frameshift_induced_stop	exon_3	3.0	0				0	0		[]		Relative phylogenetic chronology only; no absolute age inferred without a dated tree.
frameshift_induced_stop|ex3|codon317	frameshift_induced_stop	exon_3	3.0	0				0	0		[]		Relative phylogenetic chronology only; no absolute age inferred without a dated tree.
frameshift_induced_stop|ex3|codon350	frameshift_induced_stop	exon_3	3.0	0				0	0		[]		Relative phylogenetic chronology only; no absolute age inferred without a dated tree.
frameshift_induced_stop|ex6|codon591	frameshift_induced_stop	exon_6	6.0	0				0	0		[]		Relative phylogenetic chronology only; no absolute age inferred without a dated tree.
frameshift_induced_stop|ex6|codon715	frameshift_induced_stop	exon_6	6.0	0				0	0		[]		Relative phylogenetic chronology only; no absolute age inferred without a dated tree.
frameshift_induced_stop|ex6|codon828	frameshift_induced_stop	exon_6	6.0	0				0	0		[]		Relative phylogenetic chronology only; no absolute age inferred without a dated tree.
frameshift_induced_stop|ex6|codon842	frameshift_induced_stop	exon_6	6.0	0				0	0		[]		Relative phylogenetic chronology only; no absolute age inferred without a dated tree.
frameshift_insertion|ex1|pos138|len1	frameshift_insertion	exon_1	1.0	0				0	0		[]		Relative phylogenetic chronology only; no absolute age inferred without a dated tree.
frameshift_insertion|ex2|pos114|len2	frameshift_insertion	exon_2	2.0	0				0	0		[]		Relative phylogenetic chronology only; no absolute age inferred without a dated tree.
frameshift_insertion|ex2|pos143|len1	frameshift_insertion	exon_2	2.0	0				0	0		[]		Relative phylogenetic chronology only; no absolute age inferred without a dated tree.
frameshift_insertion|ex2|pos156|len1	frameshift_insertion	exon_2	2.0	0				0	0		[]		Relative phylogenetic chronology only; no absolute age inferred without a dated tree.
frameshift_insertion|ex2|pos186|len1	frameshift_insertion	exon_2	2.0	0				0	0		[]		Relative phylogenetic chronology only; no absolute age inferred without a dated tree.
frameshift_insertion|ex2|pos206|len1	frameshift_insertion	exon_2	2.0	0				0	0		[]		Relative phylogenetic chronology only; no absolute age inferred without a dated tree.
frameshift_insertion|ex2|pos253|len1	frameshift_insertion	exon_2	2.0	0				0	0		[]		Relative phylogenetic chronology only; no absolute age inferred without a dated tree.
frameshift_insertion|ex2|pos259|len1	frameshift_insertion	exon_2	2.0	0				0	0		[]		Relative phylogenetic chronology only; no absolute age inferred without a dated tree.
frameshift_insertion|ex2|pos298|len2	frameshift_insertion	exon_2	2.0	0				0	0		[]		Relative phylogenetic chronology only; no absolute age inferred without a dated tree.
frameshift_insertion|ex2|pos50|len1	frameshift_insertion	exon_2	2.0	0				0	0		[]		Relative phylogenetic chronology only; no absolute age inferred without a dated tree.
frameshift_insertion|ex2|pos65|len2	frameshift_insertion	exon_2	2.0	0				0	0		[]		Relative phylogenetic chronology only; no absolute age inferred without a dated tree.
frameshift_insertion|ex2|pos84|len1	frameshift_insertion	exon_2	2.0	0				0	0		[]		Relative phylogenetic chronology only; no absolute age inferred without a dated tree.
frameshift_insertion|ex2|pos91|len2	frameshift_insertion	exon_2	2.0	0				0	0		[]		Relative phylogenetic chronology only; no absolute age inferred without a dated tree.
frameshift_insertion|ex3|pos344|len1	frameshift_insertion	exon_3	3.0	0				0	0		[]		Relative phylogenetic chronology only; no absolute age inferred without a dated tree.
frameshift_insertion|ex3|pos453|len1	frameshift_insertion	exon_3	3.0	0				0	0		[]		Relative phylogenetic chronology only; no absolute age inferred without a dated tree.
frameshift_insertion|ex3|pos623|len2	frameshift_insertion	exon_3	3.0	0				0	0		[]		Relative phylogenetic chronology only; no absolute age inferred without a dated tree.
frameshift_insertion|ex3|pos812|len1	frameshift_insertion	exon_3	3.0	0				0	0		[]		Relative phylogenetic chronology only; no absolute age inferred without a dated tree.
frameshift_insertion|ex3|pos820|len1	frameshift_insertion	exon_3	3.0	0				0	0		[]		Relative phylogenetic chronology only; no absolute age inferred without a dated tree.
frameshift_insertion|ex3|pos83|len1	frameshift_insertion	exon_3	3.0	0				0	0		[]		Relative phylogenetic chronology only; no absolute age inferred without a dated tree.
frameshift_insertion|ex3|pos91|len4	frameshift_insertion	exon_3	3.0	0				0	0		[]		Relative phylogenetic chronology only; no absolute age inferred without a dated tree.
frameshift_insertion|ex6|pos222|len1	frameshift_insertion	exon_6	6.0	0				0	0		[]		Relative phylogenetic chronology only; no absolute age inferred without a dated tree.
frameshift_insertion|ex6|pos731|len7	frameshift_insertion	exon_6	6.0	0				0	0		[]		Relative phylogenetic chronology only; no absolute age inferred without a dated tree.
frameshift_insertion|ex6|pos802|len1	frameshift_insertion	exon_6	6.0	0				0	0		[]		Relative phylogenetic chronology only; no absolute age inferred without a dated tree.
frameshift_insertion|ex6|pos833|len1	frameshift_insertion	exon_6	6.0	0				0	0		[]		Relative phylogenetic chronology only; no absolute age inferred without a dated tree.
frameshift_insertion|ex6|pos834|len1	frameshift_insertion	exon_6	6.0	0				0	0		[]		Relative phylogenetic chronology only; no absolute age inferred without a dated tree.
gene_unresolved_no_hit|ex0|pos0	gene_unresolved_no_hit			0				0	0		[]		Relative phylogenetic chronology only; no absolute age inferred without a dated tree.
inframe_deletion|ex3|pos197|len3	inframe_deletion	exon_3	3.0	0				0	0		[]		Relative phylogenetic chronology only; no absolute age inferred without a dated tree.
inframe_deletion|ex3|pos628|len3	inframe_deletion	exon_3	3.0	0				0	0		[]		Relative phylogenetic chronology only; no absolute age inferred without a dated tree.
inframe_deletion|ex3|pos658|len15	inframe_deletion	exon_3	3.0	0				0	0		[]		Relative phylogenetic chronology only; no absolute age inferred without a dated tree.
inframe_insertion|ex2|pos122|len3	inframe_insertion	exon_2	2.0	0				0	0		[]		Relative phylogenetic chronology only; no absolute age inferred without a dated tree.
inframe_insertion|ex2|pos190|len3	inframe_insertion	exon_2	2.0	0				0	0		[]		Relative phylogenetic chronology only; no absolute age inferred without a dated tree.
inframe_insertion|ex2|pos221|len3	inframe_insertion	exon_2	2.0	0				0	0		[]		Relative phylogenetic chronology only; no absolute age inferred without a dated tree.
inframe_insertion|ex2|pos242|len3	inframe_insertion	exon_2	2.0	0				0	0		[]		Relative phylogenetic chronology only; no absolute age inferred without a dated tree.
inframe_insertion|ex6|pos338|len3	inframe_insertion	exon_6	6.0	0				0	0		[]		Relative phylogenetic chronology only; no absolute age inferred without a dated tree.
inframe_insertion|ex6|pos635|len3	inframe_insertion	exon_6	6.0	0				0	0		[]		Relative phylogenetic chronology only; no absolute age inferred without a dated tree.
potential_splice_acceptor_disruption|ex3|AC	potential_splice_acceptor_disruption	exon_3	3.0	0				0	0		[]		Relative phylogenetic chronology only; no absolute age inferred without a dated tree.
potential_splice_acceptor_disruption|ex4|TT	potential_splice_acceptor_disruption	exon_4	4.0	0				0	0		[]		Relative phylogenetic chronology only; no absolute age inferred without a dated tree.
potential_splice_donor_disruption|ex2|TC	potential_splice_donor_disruption	exon_2	2.0	0				0	0		[]		Relative phylogenetic chronology only; no absolute age inferred without a dated tree.
potential_splice_donor_disruption|ex5|GA	potential_splice_donor_disruption	exon_5	5.0	0				0	0		[]		Relative phylogenetic chronology only; no absolute age inferred without a dated tree.
potential_splice_donor_disruption|ex5|GG	potential_splice_donor_disruption	exon_5	5.0	0				0	0		[]		Relative phylogenetic chronology only; no absolute age inferred without a dated tree.
potential_splice_donor_disruption|ex5|TA	potential_splice_donor_disruption	exon_5	5.0	0				0	0		[]		Relative phylogenetic chronology only; no absolute age inferred without a dated tree.
premature_stop|ex2|codon136	premature_stop	exon_2	2.0	0				0	0		[]		Relative phylogenetic chronology only; no absolute age inferred without a dated tree.
premature_stop|ex6|codon828	premature_stop	exon_6	6.0	0				0	0		[]		Relative phylogenetic chronology only; no absolute age inferred without a dated tree.
