assembly_accession	organism_name	species_key	assembly_level	status	genome_source	assembly_status	assembly_reason	first_pass_status	locus_n_fraction	locus_longest_n_run	locus_low_complexity	warnings
GCA_000191605.1	Odocoileus virginianus	Odocoileus virginianus	Contig	ok	redownloaded	UNRESOLVED	No analyzable first-pass locus and no rescue model.	no_blast_hit				Original locus could not be extracted; local rescue unavailable.
GCA_000191625.1	Odocoileus virginianus	Odocoileus virginianus	Contig	ok	redownloaded	UNRESOLVED	No analyzable first-pass locus and no rescue model.	no_blast_hit				Original locus could not be extracted; local rescue unavailable.
GCA_000005525.1	Ovis aries	Ovis aries	Chromosome	ok	redownloaded	UNRESOLVED_ASSEMBLY_GAP	The candidate locus contains substantial ambiguous sequence.	ok	0.6420995115043703	93578.0	True	
GCA_000247795.2	Bos indicus	Bos indicus	Chromosome	ok	redownloaded	UNRESOLVED_ASSEMBLY_GAP	The candidate locus contains substantial ambiguous sequence.	ok	0.22797630385552972	91875.0	True	
GCA_000298735.2	Ovis aries	Ovis aries	Chromosome	ok	redownloaded	UNRESOLVED_ASSEMBLY_GAP	The candidate locus contains substantial ambiguous sequence.	ok	0.014145718593274053	2573.0	True	
GCA_000298355.1	Bos mutus	Bos mutus	Scaffold	ok	redownloaded	UNRESOLVED_ASSEMBLY_GAP	The candidate locus contains substantial ambiguous sequence.	ok	0.05875263706102105	3713.0	True	
GCA_000003055.5	Bos taurus	Bos taurus	Chromosome	ok	redownloaded	UNRESOLVED_ASSEMBLY_GAP	The candidate locus contains substantial ambiguous sequence.	ok	0.007791688224760681	2369.0	True	
GCA_000003205.6	Bos taurus	Bos taurus	Chromosome	ok	redownloaded	UNRESOLVED_ASSEMBLY_GAP	The candidate locus contains substantial ambiguous sequence.	ok	0.003440960314514159	1389.0	True	
GCA_000400835.1	Pantholops hodgsonii	Pantholops hodgsonii	Scaffold	ok	redownloaded	UNRESOLVED_ASSEMBLY_GAP	The candidate locus contains substantial ambiguous sequence.	ok	0.09491069426799192	5536.0	True	
GCA_000317765.2	Capra hircus	Capra hircus	Chromosome	ok	redownloaded	UNRESOLVED_ASSEMBLY_GAP	The candidate locus contains substantial ambiguous sequence.	ok	0.028587769923631597	6427.0	True	
GCA_000471725.1	Bubalus bubalis	Bubalus bubalis	Scaffold	ok	redownloaded	UNRESOLVED_ASSEMBLY_GAP	The candidate locus contains substantial ambiguous sequence.	ok	0.04228581165599743	2015.0	True	
GCA_000751575.1	Capreolus capreolus	Capreolus capreolus	Scaffold	ok	redownloaded	DISRUPTED_STRONG	Miniprot and Exonerate both support coding disruption with no intact local rescue.	ok	0.004673750319494651	76.0	True	
GCA_000180995.3	Bubalus bubalis	Bubalus bubalis	Scaffold	ok	redownloaded	UNRESOLVED_ASSEMBLY_GAP	The candidate locus contains substantial ambiguous sequence.	ok	0.28781608095500105	5706.0	True	
GCA_000765075.1	Capra aegagrus	Capra aegagrus	Scaffold	ok	redownloaded	UNRESOLVED_ASSEMBLY_GAP	The candidate locus contains substantial ambiguous sequence.	ok	0.031195727525911897	3372.0	True	
GCA_000765115.1	Ovis aries musimon	Ovis aries	Scaffold	ok	redownloaded	UNRESOLVED_ASSEMBLY_GAP	The candidate locus contains substantial ambiguous sequence.	ok	0.06449489509395052	3855.0	True	
GCA_001039535.1	Ovis canadensis canadensis	Ovis canadensis	Chromosome	ok	redownloaded	UNRESOLVED_ASSEMBLY_GAP	The candidate locus contains substantial ambiguous sequence.	ok	0.052639979385527176	5086.0	True	
GCA_001651235.1	Giraffa tippelskirchi	Giraffa tippelskirchi	Scaffold	ok	redownloaded	UNRESOLVED_ASSEMBLY_GAP	The candidate locus contains substantial ambiguous sequence.	ok	0.022620553302222804	4590.0	True	
GCA_000754665.1	Bison bison bison	Bison bison	Scaffold	ok	redownloaded	UNRESOLVED_ASSEMBLY_GAP	The candidate locus contains substantial ambiguous sequence.	ok	0.027378734031313034	1886.0	True	
GCA_000978405.1	Capra aegagrus	Capra aegagrus	Chromosome	ok	redownloaded	UNRESOLVED_ASSEMBLY_GAP	The candidate locus contains substantial ambiguous sequence.	ok	0.06153429578794218	5813.0	True	
GCA_002102435.1	Odocoileus virginianus texanus	Odocoileus virginianus	Scaffold	ok	redownloaded	UNRESOLVED_ASSEMBLY_GAP	The candidate locus contains substantial ambiguous sequence.	ok	0.010320633578101573	1211.0	True	
GCA_001660835.1	Okapia johnstoni	Okapia johnstoni	Scaffold	ok	redownloaded	UNRESOLVED_ASSEMBLY_GAP	The candidate locus contains substantial ambiguous sequence.	ok	0.009591060226922155	935.0	True	
GCA_001704415.2	Capra hircus	Capra hircus	Chromosome	ok	redownloaded	DISRUPTED_STRONG	Miniprot and Exonerate both support coding disruption with no intact local rescue.	ok	0.0	0.0	True	
GCA_002197005.1	Cervus elaphus hippelaphus	Cervus elaphus	Chromosome	ok	redownloaded	UNRESOLVED_ASSEMBLY_GAP	The candidate locus contains substantial ambiguous sequence.	ok	0.3880440175753357	12425.0	True	
GCA_002201775.1	Ammotragus lervia	Ammotragus lervia	Scaffold	ok	redownloaded	UNRESOLVED_ASSEMBLY_GAP	The candidate locus contains substantial ambiguous sequence.	ok	0.04015447932982859	7718.0	True	
GCA_002443075.1	Elaphurus davidianus	Elaphurus davidianus	Scaffold	ok	redownloaded	UNRESOLVED_ASSEMBLY_GAP	The candidate locus contains substantial ambiguous sequence.	ok	0.03142320322399578	5426.0	True	
GCA_002263795.4	Bos taurus	Bos taurus	Chromosome	ok	redownloaded	DISRUPTED_STRONG	Miniprot and Exonerate both support coding disruption with no intact local rescue.	ok	0.0	0.0	True	
GCA_002968435.1	Bos mutus	Bos mutus	Chromosome	ok	redownloaded	UNRESOLVED_ASSEMBLY_GAP	The candidate locus contains substantial ambiguous sequence.	ok	0.048440542808100555	3713.0	True	
GCA_002742125.1	Ovis aries	Ovis aries	Chromosome	ok	redownloaded	DISRUPTED_STRONG	Miniprot and Exonerate both support coding disruption with no intact local rescue.	ok	0.0	0.0	True	
GCA_003121395.1	Bubalus bubalis	Bubalus bubalis	Chromosome	ok	redownloaded	DISRUPTED_STRONG	Miniprot and Exonerate both support coding disruption with no intact local rescue.	ok	0.0	0.0	True	
GCA_002933975.1	Bos indicus	Bos indicus	Chromosome	ok	redownloaded	UNRESOLVED_ASSEMBLY_GAP	The candidate locus contains substantial ambiguous sequence.	ok	0.010177348618912056	2368.0	True	
GCA_003121645.1	Ovis ammon	Ovis ammon	Scaffold	ok	redownloaded	UNRESOLVED_ASSEMBLY_GAP	The candidate locus contains substantial ambiguous sequence.	ok	0.006235942139094099	2325.0	True	
GCA_002993835.1	Bubalus bubalis	Bubalus bubalis	Scaffold	ok	redownloaded	UNRESOLVED_ASSEMBLY_GAP	The candidate locus contains substantial ambiguous sequence.	ok	0.10402503150329034	3920.0	True	
GCA_003182575.1	Pseudois nayaur	Pseudois nayaur	Scaffold	ok	redownloaded	DISRUPTED_STRONG	Miniprot and Exonerate both support coding disruption with no intact local rescue.	ok	0.0	0.0	True	
GCA_003182615.2	Capra sibirica	Capra sibirica	Scaffold	ok	redownloaded	UNRESOLVED_ASSEMBLY_GAP	The candidate locus contains substantial ambiguous sequence.	ok	0.0006925274365904566	181.0	True	
GCA_003697985.1	Odocoileus hemionus sitkensis	Odocoileus hemionus	Scaffold	ok	redownloaded	DISRUPTED_POSSIBLE	At least one original disruption has independent support, but the complete gene model is not decisive.	ok	0.0	0.0	True	
GCA_003369685.2	Bos indicus x Bos taurus	Bos indicus x Bos taurus	Chromosome	ok	redownloaded	DISRUPTED_STRONG	Miniprot and Exonerate both support coding disruption with no intact local rescue.	ok	0.0	0.0	True	
GCA_003369695.2	Bos indicus x Bos taurus	Bos indicus x Bos taurus	Chromosome	ok	redownloaded	DISRUPTED_STRONG	Miniprot and Exonerate both support coding disruption with no intact local rescue.	ok	0.0	0.0	True	
GCA_003798545.1	Axis porcinus	Axis porcinus	Scaffold	ok	redownloaded	UNRESOLVED_ASSEMBLY_GAP	The candidate locus contains substantial ambiguous sequence.	ok	0.03714572407656336	6907.0	True	
GCA_003945745.1	Oryx gazella	Oryx gazella	Scaffold	ok	redownloaded	UNRESOLVED_ASSEMBLY_GAP	The candidate locus contains substantial ambiguous sequence.	ok	0.04059077134349643	2458.0	True	
GCA_004024965.2	Tragulus javanicus	Tragulus javanicus	Scaffold	ok	redownloaded	UNRESOLVED_ASSEMBLY_GAP	The candidate locus contains substantial ambiguous sequence.	ok	0.0027463365831649567	100.0	True	
GCA_004024705.2	Moschus moschiferus	Moschus moschiferus	Scaffold	ok	redownloaded	UNRESOLVED_ASSEMBLY_GAP	The candidate locus contains substantial ambiguous sequence.	ok	0.055329812634435795	1000.0	True	
GCA_004024985.1	Saiga tatarica	Saiga tatarica	Scaffold	ok	redownloaded	DISRUPTED_POSSIBLE	At least one original disruption has independent support, but the complete gene model is not decisive.	ok	0.0	0.0	True	
GCA_004026565.1	Rangifer tarandus	Rangifer tarandus	Scaffold	ok	redownloaded	DISRUPTED_STRONG	Miniprot and Exonerate both support coding disruption with no intact local rescue.	ok	0.0	0.0	True	
GCA_004026825.1	Nilgiritragus hylocrius	Nilgiritragus hylocrius	Scaffold	ok	redownloaded	DISRUPTED_STRONG	Miniprot and Exonerate both support coding disruption with no intact local rescue.	ok	0.0	0.0	True	
GCA_004027495.1	Beatragus hunteri	Beatragus hunteri	Scaffold	ok	redownloaded	DISRUPTED_STRONG	Miniprot and Exonerate both support coding disruption with no intact local rescue.	ok	0.0	0.0	True	
GCA_004115125.1	Odocoileus hemionus hemionus	Odocoileus hemionus	Scaffold	ok	redownloaded	DISRUPTED_STRONG	Miniprot and Exonerate both support coding disruption with no intact local rescue.	ok	0.00013455845603783015	24.0	True	
GCA_004026945.1	Ovis canadensis	Ovis canadensis	Scaffold	ok	redownloaded	DISRUPTED_STRONG	Miniprot and Exonerate both support coding disruption with no intact local rescue.	ok	0.0	0.0	True	
GCA_004027515.2	Antilocapra americana	Antilocapra americana	Scaffold	ok	redownloaded	UNRESOLVED_ASSEMBLY_GAP	The candidate locus contains substantial ambiguous sequence.	ok	0.02889416260864205	1000.0	True	
GCA_004794615.1	Bubalus bubalis	Bubalus bubalis	Scaffold	ok	redownloaded	UNRESOLVED_ASSEMBLY_GAP	The candidate locus contains substantial ambiguous sequence.	ok	0.03969117760172294	2541.0	True	
GCA_004361675.1	Capra hircus	Capra hircus	Chromosome	ok	redownloaded	UNRESOLVED_ASSEMBLY_GAP	The candidate locus contains substantial ambiguous sequence.	ok	0.2664691486731735	21124.0	True	
GCA_006408465.1	Cervus albirostris	Cervus albirostris	Scaffold	ok	redownloaded	UNRESOLVED_ASSEMBLY_GAP	The candidate locus contains substantial ambiguous sequence.	ok	0.04999767596795934	8862.0	True	
GCA_005887515.3	Bos grunniens	Bos grunniens	Chromosome	ok	redownloaded	DISRUPTED_STRONG	Miniprot and Exonerate both support coding disruption with no intact local rescue.	ok	0.0	0.0	True	
GCA_006408485.1	Muntiacus crinifrons	Muntiacus crinifrons	Scaffold	ok	redownloaded	DISRUPTED_STRONG	Miniprot and Exonerate both support coding disruption with no intact local rescue.	ok	0.0017721445838831155	10.0	True	
GCA_006408565.1	Giraffa camelopardalis	Giraffa camelopardalis	Scaffold	ok	redownloaded	UNRESOLVED_ASSEMBLY_GAP	The candidate locus contains substantial ambiguous sequence.	ok	0.02193336562785941	3191.0	True	
GCA_006408525.1	Muntiacus reevesi	Muntiacus reevesi	Scaffold	ok	redownloaded	DISRUPTED_STRONG	Miniprot and Exonerate both support coding disruption with no intact local rescue.	ok	0.0	0.0	True	
GCA_006408505.1	Damaliscus lunatus	Damaliscus lunatus	Scaffold	ok	redownloaded	UNRESOLVED_ASSEMBLY_GAP	The candidate locus contains substantial ambiguous sequence.	ok	0.0490048976042905	7443.0	True	
GCA_006408585.1	Antidorcas marsupialis	Antidorcas marsupialis	Scaffold	ok	redownloaded	UNRESOLVED_ASSEMBLY_GAP	The candidate locus contains substantial ambiguous sequence.	ok	0.05903588082955057	9747.0	True	
GCA_006408615.1	Connochaetes taurinus	Connochaetes taurinus	Scaffold	ok	redownloaded	UNRESOLVED_ASSEMBLY_GAP	The candidate locus contains substantial ambiguous sequence.	ok	0.00709669127097793	770.0	True	
GCA_006408545.1	Alcelaphus buselaphus	Alcelaphus buselaphus	Scaffold	ok	redownloaded	UNRESOLVED_ASSEMBLY_GAP	The candidate locus contains substantial ambiguous sequence.	ok	0.8427709111813739	6360.0	False	
GCA_006408635.1	Nanger granti	Nanger granti	Scaffold	ok	redownloaded	UNRESOLVED_ASSEMBLY_GAP	The candidate locus contains substantial ambiguous sequence.	ok	0.21847349682149866	3326.0	True	
GCA_006408675.1	Madoqua kirkii	Madoqua kirkii	Scaffold	ok	redownloaded	DISRUPTED_POSSIBLE	At least one original disruption has independent support, but the complete gene model is not decisive.	ok	0.0	0.0	True	
GCA_006408655.1	Tragulus kanchil	Tragulus kanchil	Scaffold	ok	redownloaded	UNRESOLVED_ASSEMBLY_GAP	The candidate locus contains substantial ambiguous sequence.	ok	0.31954892229217857	10873.0	True	
GCA_006408695.1	Aepyceros melampus	Aepyceros melampus	Scaffold	ok	redownloaded	UNRESOLVED_ASSEMBLY_GAP	The candidate locus contains substantial ambiguous sequence.	ok	0.004085556996716107	470.0	True	
GCA_006408755.1	Eudorcas thomsonii	Eudorcas thomsonii	Scaffold	ok	redownloaded	UNRESOLVED_ASSEMBLY_GAP	The candidate locus contains substantial ambiguous sequence.	ok	0.0032735382526907788	713.0	True	
GCA_006408785.2	Syncerus caffer	Syncerus caffer	Scaffold	ok	redownloaded	UNRESOLVED_ASSEMBLY_GAP	The candidate locus contains substantial ambiguous sequence.	ok	0.018834971803818226	6763.0	True	
GCA_006408735.1	Sylvicapra grimmia	Sylvicapra grimmia	Scaffold	ok	redownloaded	UNRESOLVED_ASSEMBLY_GAP	The candidate locus contains substantial ambiguous sequence.	ok	0.15725213388554865	9166.0	True	
GCA_006409035.1	Muntiacus muntjak	Muntiacus muntjak	Scaffold	ok	redownloaded	UNRESOLVED_ASSEMBLY_GAP	The candidate locus contains substantial ambiguous sequence.	ok	0.02518110361315997	8234.0	True	
GCA_006410495.1	Tragelaphus scriptus	Tragelaphus scriptus	Scaffold	ok	redownloaded	UNRESOLVED_ASSEMBLY_GAP	The candidate locus contains substantial ambiguous sequence.	ok	0.08042240188699741	8915.0	True	
GCA_006410515.1	Procapra przewalskii	Procapra przewalskii	Scaffold	ok	redownloaded	UNRESOLVED_ASSEMBLY_GAP	The candidate locus contains substantial ambiguous sequence.	ok	0.03917895423082086	7349.0	True	
GCA_006410555.1	Capra ibex	Capra ibex	Scaffold	ok	redownloaded	UNRESOLVED_ASSEMBLY_GAP	The candidate locus contains substantial ambiguous sequence.	ok	0.0007002221858859061	181.0	True	
GCA_006410535.1	Litocranius walleri	Litocranius walleri	Scaffold	ok	redownloaded	UNRESOLVED_ASSEMBLY_GAP	The candidate locus contains substantial ambiguous sequence.	ok	0.02675439606407393	7401.0	True	
GCA_006410575.1	Oryx gazella	Oryx gazella	Scaffold	ok	redownloaded	UNRESOLVED_ASSEMBLY_GAP	The candidate locus contains substantial ambiguous sequence.	ok	0.04059077134349643	2458.0	True	
GCA_006410595.1	Ovis ammon	Ovis ammon	Scaffold	ok	redownloaded	UNRESOLVED_ASSEMBLY_GAP	The candidate locus contains substantial ambiguous sequence.	ok	0.08002029625614798	6270.0	True	
GCA_006410615.1	Neotragus moschatus	Neotragus moschatus	Scaffold	ok	redownloaded	UNRESOLVED_ASSEMBLY_GAP	The candidate locus contains substantial ambiguous sequence.	ok	0.04019944023971613	6333.0	True	
GCA_006410635.1	Cephalophus harveyi	Cephalophus harveyi	Scaffold	ok	redownloaded	UNRESOLVED_ASSEMBLY_GAP	The candidate locus contains substantial ambiguous sequence.	ok	0.0037701522308560657	1212.0	True	
GCA_006410655.1	Kobus ellipsiprymnus	Kobus ellipsiprymnus	Scaffold	ok	redownloaded	UNRESOLVED_ASSEMBLY_GAP	The candidate locus contains substantial ambiguous sequence.	ok	0.07577776340469569	4461.0	True	
GCA_006410675.1	Oreotragus oreotragus	Oreotragus oreotragus	Scaffold	ok	redownloaded	UNRESOLVED_ASSEMBLY_GAP	The candidate locus contains substantial ambiguous sequence.	ok	0.056406508888583395	5827.0	True	
GCA_006410695.1	Philantomba maxwellii	Philantomba maxwellii	Scaffold	ok	redownloaded	UNRESOLVED_ASSEMBLY_GAP	The candidate locus contains substantial ambiguous sequence.	ok	0.1766230922198243	10392.0	True	
GCA_006410735.1	Raphicerus campestris	Raphicerus campestris	Scaffold	ok	redownloaded	UNRESOLVED_ASSEMBLY_GAP	The candidate locus contains substantial ambiguous sequence.	ok	0.08288521676917573	8626.0	True	
GCA_006410795.1	Tragelaphus strepsiceros	Tragelaphus strepsiceros	Scaffold	ok	redownloaded	UNRESOLVED_ASSEMBLY_GAP	The candidate locus contains substantial ambiguous sequence.	ok	0.03665280911691106	2858.0	True	
GCA_006410755.1	Tragelaphus eurycerus	Tragelaphus eurycerus	Scaffold	ok	redownloaded	UNRESOLVED_ASSEMBLY_GAP	The candidate locus contains substantial ambiguous sequence.	ok	0.17617035659962818	682.0	True	
GCA_006410875.1	Neotragus pygmaeus	Neotragus pygmaeus	Scaffold	ok	redownloaded	UNRESOLVED_ASSEMBLY_GAP	The candidate locus contains substantial ambiguous sequence.	ok	0.03922581938999628	4902.0	True	
GCA_006410775.1	Tragelaphus imberbis	Tragelaphus imberbis	Scaffold	ok	redownloaded	UNRESOLVED_ASSEMBLY_GAP	The candidate locus contains substantial ambiguous sequence.	ok	0.19777013274734775	8227.0	True	
GCA_006410935.1	Redunca redunca	Redunca redunca	Scaffold	ok	redownloaded	UNRESOLVED_ASSEMBLY_GAP	The candidate locus contains substantial ambiguous sequence.	ok	0.021762898046676596	2143.0	True	
GCA_006411685.1	Tragelaphus buxtoni	Tragelaphus buxtoni	Scaffold	ok	redownloaded	UNRESOLVED_ASSEMBLY_GAP	The candidate locus contains substantial ambiguous sequence.	ok	0.2189311010946555	513.0	True	
GCA_006411015.1	Tragelaphus spekii	Tragelaphus spekii	Scaffold	ok	redownloaded	UNRESOLVED_ASSEMBLY_GAP	The candidate locus contains substantial ambiguous sequence.	ok	0.1054331172205635	8706.0	True	
GCA_006459105.1	Hydropotes inermis	Hydropotes inermis	Scaffold	ok	redownloaded	UNRESOLVED_ASSEMBLY_GAP	The candidate locus contains substantial ambiguous sequence.	ok	0.0220103986135182	5000.0	True	
GCA_006459085.1	Moschus berezovskii	Moschus berezovskii	Scaffold	ok	redownloaded	UNRESOLVED_ASSEMBLY_GAP	The candidate locus contains substantial ambiguous sequence.	ok	0.08808180806569203	15000.0	True	
GCA_006417275.1	Ourebia ourebi	Ourebia ourebi	Scaffold	ok	redownloaded	DISRUPTED_POSSIBLE	At least one original disruption has independent support, but the complete gene model is not decisive.	ok	0.0	0.0	False	
GCA_006416875.1	Tragelaphus oryx	Tragelaphus oryx	Scaffold	ok	redownloaded	DISRUPTED_POSSIBLE	At least one original disruption has independent support, but the complete gene model is not decisive.	ok	0.0	0.0	False	
GCA_006942125.1	Hippotragus niger niger	Hippotragus niger	Scaffold	ok	redownloaded	UNRESOLVED_ASSEMBLY_GAP	The candidate locus contains substantial ambiguous sequence.	ok	0.002951396237450794	736.0	True	
GCA_006461545.1	Moschus berezovskii	Moschus berezovskii	Scaffold	ok	redownloaded	UNRESOLVED_ASSEMBLY_GAP	The candidate locus contains substantial ambiguous sequence.	ok	0.042198545729436814	9309.0	True	
GCA_007570765.1	Alces alces	Alces alces	Scaffold	ok	redownloaded	UNRESOLVED_ASSEMBLY_GAP	The candidate locus contains substantial ambiguous sequence.	ok	0.09856486981089671	30000.0	True	
GCA_006461725.1	Moschus chrysogaster	Moschus chrysogaster	Scaffold	ok	redownloaded	UNRESOLVED_ASSEMBLY_GAP	The candidate locus contains substantial ambiguous sequence.	ok	0.5044106174864481	9718.0	True	
GCA_007570785.1	Antilocapra americana	Antilocapra americana	Scaffold	ok	redownloaded	UNRESOLVED_ASSEMBLY_GAP	The candidate locus contains substantial ambiguous sequence.	ok	0.07782101167315175	25000.0	True	
GCA_007646595.3	Bos mutus	Bos mutus	Scaffold	ok	redownloaded	UNRESOLVED_ASSEMBLY_GAP	The candidate locus contains substantial ambiguous sequence.	ok	0.026438864791849093	2656.0	True	
GCA_007844835.1	Bos frontalis	Bos frontalis	Scaffold	ok	redownloaded	UNRESOLVED_ASSEMBLY_GAP	The candidate locus contains substantial ambiguous sequence.	ok	0.05379356629053692	3228.0	True	
GCA_008787405.2	Muntiacus reevesi	Muntiacus reevesi	Chromosome	ok	redownloaded	UNRESOLVED_ASSEMBLY_GAP	The candidate locus contains substantial ambiguous sequence.	ok	0.0011729979712903939	400.0	True	
GCA_008931205.1	Muntiacus muntjak	Muntiacus muntjak	Scaffold	ok	redownloaded	UNRESOLVED_ASSEMBLY_GAP	The candidate locus contains substantial ambiguous sequence.	ok	0.02250935306437582	8087.0	True	
GCA_009493645.1	Bos grunniens x Bos taurus	Bos grunniens x Bos taurus	Chromosome	ok	redownloaded	DISRUPTED_STRONG	Miniprot and Exonerate both support coding disruption with no intact local rescue.	ok	0.0	0.0	True	
GCA_009493655.1	Bos grunniens x Bos taurus	Bos grunniens x Bos taurus	Chromosome	ok	redownloaded	DISRUPTED_STRONG	Miniprot and Exonerate both support coding disruption with no intact local rescue.	ok	0.0	0.0	True	
GCA_009758055.1	Oreamnos americanus	Oreamnos americanus	Scaffold	ok	redownloaded	UNRESOLVED_ASSEMBLY_GAP	The candidate locus contains substantial ambiguous sequence.	ok	0.008887948365252354	100.0	True	
GCA_008782695.1	Muntiacus muntjak	Muntiacus muntjak	Chromosome	ok	redownloaded	UNRESOLVED_ASSEMBLY_GAP	The candidate locus contains substantial ambiguous sequence.	ok	0.01924911157946556	10000.0	True	
GCA_009823495.1	Capra hircus	Capra hircus	Scaffold	ok	redownloaded	DISRUPTED_STRONG	Miniprot and Exonerate both support coding disruption with no intact local rescue.	ok	1.923728031025886e-06	1.0	True	
GCA_010411085.1	Cervus hanglu yarkandensis	Cervus hanglu	Chromosome	ok	redownloaded	UNRESOLVED_ASSEMBLY_GAP	The candidate locus contains substantial ambiguous sequence.	ok	0.049258220038135396	10000.0	True	
GCA_012070425.1	Bos indicus x Bos taurus	Bos indicus x Bos taurus	Contig	ok	redownloaded	DISRUPTED_STRONG	Miniprot and Exonerate both support coding disruption with no intact local rescue.	ok	0.0	0.0	True	
GCA_011170295.1	Ovis aries	Ovis aries	Chromosome	ok	redownloaded	DISRUPTED_STRONG	Miniprot and Exonerate both support coding disruption with no intact local rescue.	ok	0.0	0.0	True	
GCA_011751665.1	Moschus moschiferus	Moschus moschiferus	Scaffold	ok	redownloaded	UNRESOLVED_ASSEMBLY_GAP	The candidate locus contains substantial ambiguous sequence.	ok	0.06679889997221185	5601.0	True	
GCA_012069665.1	Bos indicus x Bos taurus	Bos indicus x Bos taurus	Contig	ok	redownloaded	DISRUPTED_STRONG	Miniprot and Exonerate both support coding disruption with no intact local rescue.	ok	0.0	0.0	True	
GCA_012070445.1	Bos indicus x Bos taurus	Bos indicus x Bos taurus	Contig	ok	redownloaded	DISRUPTED_STRONG	Miniprot and Exonerate both support coding disruption with no intact local rescue.	ok	0.0	0.0	True	
GCA_012070465.1	Bos indicus x Bos taurus	Bos indicus x Bos taurus	Contig	ok	redownloaded	DISRUPTED_STRONG	Miniprot and Exonerate both support coding disruption with no intact local rescue.	ok	0.0	0.0	True	
GCA_012070475.1	Bos indicus x Bos taurus	Bos indicus x Bos taurus	Scaffold	ok	redownloaded	DISRUPTED_STRONG	Miniprot and Exonerate both support coding disruption with no intact local rescue.	ok	0.0	0.0	True	
GCA_012070485.1	Bos indicus x Bos taurus	Bos indicus x Bos taurus	Scaffold	ok	redownloaded	DISRUPTED_STRONG	Miniprot and Exonerate both support coding disruption with no intact local rescue.	ok	0.0	0.0	True	
GCA_012922965.1	Capreolus pygargus	Capreolus pygargus	Scaffold	ok	redownloaded	UNRESOLVED_ASSEMBLY_GAP	The candidate locus contains substantial ambiguous sequence.	ok	0.06842207603436891	20000.0	True	
GCA_013496395.1	Giraffa tippelskirchi	Giraffa tippelskirchi	Chromosome	ok	redownloaded	UNRESOLVED_ASSEMBLY_GAP	The candidate locus contains substantial ambiguous sequence.	ok	0.02193336562785941	3191.0	True	
GCA_014523465.1	Ovis orientalis	Ovis orientalis	Chromosome	ok	redownloaded	DISRUPTED_STRONG	Miniprot and Exonerate both support coding disruption with no intact local rescue.	ok	0.0	0.0	True	
GCA_014726795.1	Odocoileus virginianus	Odocoileus virginianus	Scaffold	ok	redownloaded	DISRUPTED_STRONG	Miniprot and Exonerate both support coding disruption with no intact local rescue.	ok	0.0	0.0	True	
GCA_014182915.2	Bos gaurus	Bos gaurus	Chromosome	ok	redownloaded	DISRUPTED_STRONG	Miniprot and Exonerate both support coding disruption with no intact local rescue.	ok	0.0	0.0	True	
GCA_014898785.1	Rangifer tarandus granti	Rangifer tarandus	Scaffold	ok	redownloaded	UNRESOLVED_ASSEMBLY_GAP	The candidate locus contains substantial ambiguous sequence.	ok	0.013677607841099023	5000.0	True	
GCA_014754425.2	Oryx dammah	Oryx dammah	Scaffold	ok	redownloaded	DISRUPTED_STRONG	Miniprot and Exonerate both support coding disruption with no intact local rescue.	ok	5.7718058826245557e-05	10.0	True	
GCA_014926565.1	Kobus leche leche	Kobus leche	Scaffold	ok	redownloaded	UNRESOLVED_ASSEMBLY_GAP	The candidate locus contains substantial ambiguous sequence.	ok	0.004449845966870377	1014.0	True	
GCA_015832495.2	Alces alces	Alces alces	Scaffold	ok	redownloaded	UNRESOLVED_ASSEMBLY_GAP	The candidate locus contains substantial ambiguous sequence.	ok	0.05487939682069757	6151.0	True	
GCA_018357025.1	Capra hircus	Capra hircus	Scaffold	ok	redownloaded	UNRESOLVED	No analyzable first-pass locus and no rescue model.	no_blast_hit				Original locus could not be extracted; local rescue unavailable.
GCA_015443085.1	Capra hircus	Capra hircus	Chromosome	ok	redownloaded	DISRUPTED_STRONG	Miniprot and Exonerate both support coding disruption with no intact local rescue.	ok	0.0	0.0	True	
GCA_016433095.1	Hippotragus equinus	Hippotragus equinus	Scaffold	ok	redownloaded	UNRESOLVED_ASSEMBLY_GAP	The candidate locus contains substantial ambiguous sequence.	ok	0.0005771861406063918	120.0	True	
GCA_016772045.2	Ovis aries	Ovis aries	Chromosome	ok	redownloaded	DISRUPTED_STRONG	Miniprot and Exonerate both support coding disruption with no intact local rescue.	ok	0.0	0.0	True	
GCA_017591445.1	Giraffa camelopardalis rothschildi	Giraffa camelopardalis	Chromosome	ok	redownloaded	DISRUPTED_STRONG	Miniprot and Exonerate both support coding disruption with no intact local rescue.	ok	0.0	0.0	True	
GCA_017524585.1	Ovis aries	Ovis aries	Chromosome	ok	redownloaded	DISRUPTED_STRONG	Miniprot and Exonerate both support coding disruption with no intact local rescue.	ok	0.0	0.0	True	
GCA_017311355.1	Bos frontalis	Bos frontalis	Contig	ok	redownloaded	DISRUPTED_POSSIBLE	At least one original disruption has independent support, but the complete gene model is not decisive.	ok	0.0	0.0	True	
GCA_018282235.1	Giraffa camelopardalis antiquorum	Giraffa camelopardalis	Scaffold	ok	redownloaded	UNRESOLVED_ASSEMBLY_GAP	The candidate locus contains substantial ambiguous sequence.	ok	0.019636060414509167	5000.0	True	
GCA_018282365.1	Bos taurus x Bison bison	Bos taurus x Bison bison	Chromosome	ok	redownloaded	DISRUPTED_STRONG	Miniprot and Exonerate both support coding disruption with no intact local rescue.	ok	0.0	0.0	True	
GCA_018282465.1	Bos taurus x Bison bison	Bos taurus x Bison bison	Chromosome	ok	redownloaded	DISRUPTED_STRONG	Miniprot and Exonerate both support coding disruption with no intact local rescue.	ok	0.0	0.0	True	
GCA_019145175.1	Ovis aries	Ovis aries	Chromosome	ok	redownloaded	DISRUPTED_STRONG	Miniprot and Exonerate both support coding disruption with no intact local rescue.	ok	0.0	0.0	True	
GCA_018804185.1	Ovis aries	Ovis aries	Chromosome	ok	redownloaded	DISRUPTED_STRONG	Miniprot and Exonerate both support coding disruption with no intact local rescue.	ok	0.0	0.0	True	
GCA_019320065.1	Cervus canadensis	Cervus canadensis	Chromosome	ok	redownloaded	UNRESOLVED_ASSEMBLY_GAP	The candidate locus contains substantial ambiguous sequence.	ok	0.0003875570920041159	100.0	True	
GCA_019593525.1	Addax nasomaculatus	Addax nasomaculatus	Scaffold	ok	redownloaded	UNRESOLVED_ASSEMBLY_GAP	The candidate locus contains substantial ambiguous sequence.	ok	0.11459078841048136	8898.0	True	
GCA_019903745.2	Rangifer tarandus caribou	Rangifer tarandus	Chromosome	ok	redownloaded	UNRESOLVED_ASSEMBLY_GAP	The candidate locus contains substantial ambiguous sequence.	ok	0.15433486406275862	57874.0	True	
GCA_019923925.1	Bubalus bubalis	Bubalus bubalis	Chromosome	ok	redownloaded	DISRUPTED_STRONG	Miniprot and Exonerate both support coding disruption with no intact local rescue.	ok	0.0	0.0	True	
GCA_019923935.1	Bubalus bubalis	Bubalus bubalis	Chromosome	ok	redownloaded	UNRESOLVED_ASSEMBLY_GAP	The candidate locus contains substantial ambiguous sequence.	ok	0.0001923572612942566	100.0	True	
GCA_020226025.1	Muntiacus gongshanensis	Muntiacus gongshanensis	Scaffold	ok	redownloaded	DISRUPTED_STRONG	Miniprot and Exonerate both support coding disruption with no intact local rescue.	ok	0.0	0.0	True	
GCA_019969365.1	Nanger dama ruficollis	Nanger dama	Scaffold	ok	redownloaded	UNRESOLVED_ASSEMBLY_GAP	The candidate locus contains substantial ambiguous sequence.	ok	0.0016291920177349188	400.0	True	
GCA_020226045.1	Muntiacus reevesi	Muntiacus reevesi	Chromosome	ok	redownloaded	DISRUPTED_STRONG	Miniprot and Exonerate both support coding disruption with no intact local rescue.	ok	0.0	0.0	True	
GCA_020226075.1	Hydropotes inermis	Hydropotes inermis	Chromosome	ok	redownloaded	UNRESOLVED_ASSEMBLY_GAP	The candidate locus contains substantial ambiguous sequence.	ok	0.0220103986135182	5000.0	True	
GCA_020226055.1	Muntiacus crinifrons	Muntiacus crinifrons	Chromosome	ok	redownloaded	DISRUPTED_STRONG	Miniprot and Exonerate both support coding disruption with no intact local rescue.	ok	0.0	0.0	True	
GCA_020276665.1	Muntiacus crinifrons	Muntiacus crinifrons	Chromosome	ok	redownloaded	DISRUPTED_STRONG	Miniprot and Exonerate both support coding disruption with no intact local rescue.	ok	0.0	0.0	True	
GCA_020976825.1	Odocoileus hemionus	Odocoileus hemionus	Chromosome	ok	redownloaded	UNRESOLVED	Evidence is insufficient for either a confident intact or disrupted classification.	ok	0.0	0.0	True	
GCA_021018665.1	Elaphurus davidianus	Elaphurus davidianus	Scaffold	ok	redownloaded	UNRESOLVED_ASSEMBLY_GAP	The candidate locus contains substantial ambiguous sequence.	ok	0.024476268602428474	5602.0	True	
GCA_021018645.1	Antilocapra americana	Antilocapra americana	Scaffold	ok	redownloaded	UNRESOLVED_ASSEMBLY_GAP	The candidate locus contains substantial ambiguous sequence.	ok	0.02106925810707991	3702.0	True	
GCA_021018685.1	Okapia johnstoni	Okapia johnstoni	Scaffold	ok	redownloaded	UNRESOLVED_ASSEMBLY_GAP	The candidate locus contains substantial ambiguous sequence.	ok	0.012846917641910165	3999.0	True	
GCA_021234555.1	Bos taurus	Bos taurus	Chromosome	ok	redownloaded	DISRUPTED_STRONG	Miniprot and Exonerate both support coding disruption with no intact local rescue.	ok	0.0	0.0	True	
GCA_021325815.1	Ovis aries	Ovis aries	Scaffold	ok	redownloaded	DISRUPTED_STRONG	Miniprot and Exonerate both support coding disruption with no intact local rescue.	ok	0.0	0.0	True	
GCA_021325835.1	Ovis aries	Ovis aries	Scaffold	ok	redownloaded	DISRUPTED_STRONG	Miniprot and Exonerate both support coding disruption with no intact local rescue.	ok	0.0	0.0	True	
GCA_021325855.1	Ovis aries	Ovis aries	Scaffold	ok	redownloaded	DISRUPTED_STRONG	Miniprot and Exonerate both support coding disruption with no intact local rescue.	ok	0.0	0.0	True	
GCA_021325865.1	Ovis aries	Ovis aries	Contig	ok	redownloaded	DISRUPTED_STRONG	Miniprot and Exonerate both support coding disruption with no intact local rescue.	ok	0.0	0.0	True	
GCA_021325875.1	Ovis aries	Ovis aries	Scaffold	ok	redownloaded	DISRUPTED_STRONG	Miniprot and Exonerate both support coding disruption with no intact local rescue.	ok	0.0	0.0	True	
GCA_021325905.1	Ovis aries	Ovis aries	Scaffold	ok	redownloaded	DISRUPTED_STRONG	Miniprot and Exonerate both support coding disruption with no intact local rescue.	ok	0.0	0.0	True	
GCA_021325935.1	Ovis aries	Ovis aries	Scaffold	ok	redownloaded	DISRUPTED_STRONG	Miniprot and Exonerate both support coding disruption with no intact local rescue.	ok	0.0	0.0	True	
GCA_021326735.1	Ovis aries	Ovis aries	Scaffold	ok	redownloaded	DISRUPTED_STRONG	Miniprot and Exonerate both support coding disruption with no intact local rescue.	ok	0.0	0.0	True	
GCA_021326705.1	Ovis aries	Ovis aries	Scaffold	ok	redownloaded	DISRUPTED_STRONG	Miniprot and Exonerate both support coding disruption with no intact local rescue.	ok	0.0	0.0	True	
GCA_021326975.1	Ovis aries	Ovis aries	Scaffold	ok	redownloaded	DISRUPTED_STRONG	Miniprot and Exonerate both support coding disruption with no intact local rescue.	ok	0.0	0.0	True	
GCA_021327145.1	Ovis aries	Ovis aries	Contig	ok	redownloaded	DISRUPTED_STRONG	Miniprot and Exonerate both support coding disruption with no intact local rescue.	ok	0.0	0.0	True	
GCA_021327245.1	Ovis aries	Ovis aries	Scaffold	ok	redownloaded	DISRUPTED_STRONG	Miniprot and Exonerate both support coding disruption with no intact local rescue.	ok	0.0	0.0	True	
GCA_021327285.1	Ovis aries	Ovis aries	Scaffold	ok	redownloaded	DISRUPTED_STRONG	Miniprot and Exonerate both support coding disruption with no intact local rescue.	ok	0.0	0.0	True	
GCA_021327305.1	Ovis aries	Ovis aries	Scaffold	ok	redownloaded	DISRUPTED_STRONG	Miniprot and Exonerate both support coding disruption with no intact local rescue.	ok	0.0	0.0	True	
GCA_021327315.1	Ovis aries	Ovis aries	Scaffold	ok	redownloaded	DISRUPTED_STRONG	Miniprot and Exonerate both support coding disruption with no intact local rescue.	ok	0.0	0.0	True	
GCA_021327335.1	Ovis aries	Ovis aries	Scaffold	ok	redownloaded	DISRUPTED_STRONG	Miniprot and Exonerate both support coding disruption with no intact local rescue.	ok	0.0	0.0	True	
GCA_021327355.1	Ovis aries	Ovis aries	Scaffold	ok	redownloaded	DISRUPTED_STRONG	Miniprot and Exonerate both support coding disruption with no intact local rescue.	ok	0.0	0.0	True	
GCA_021327395.1	Ovis aries	Ovis aries	Scaffold	ok	redownloaded	DISRUPTED_STRONG	Miniprot and Exonerate both support coding disruption with no intact local rescue.	ok	0.0	0.0	True	
GCA_021327375.1	Ovis aries	Ovis aries	Scaffold	ok	redownloaded	DISRUPTED_STRONG	Miniprot and Exonerate both support coding disruption with no intact local rescue.	ok	0.0	0.0	True	
GCA_021327435.1	Ovis aries	Ovis aries	Scaffold	ok	redownloaded	DISRUPTED_STRONG	Miniprot and Exonerate both support coding disruption with no intact local rescue.	ok	0.0	0.0	True	
GCA_021328935.1	Ovis aries	Ovis aries	Scaffold	ok	redownloaded	DISRUPTED_STRONG	Miniprot and Exonerate both support coding disruption with no intact local rescue.	ok	0.0	0.0	True	
GCA_021328945.1	Ovis aries	Ovis aries	Scaffold	ok	redownloaded	DISRUPTED_STRONG	Miniprot and Exonerate both support coding disruption with no intact local rescue.	ok	0.0	0.0	True	
GCA_021328955.1	Ovis aries	Ovis aries	Contig	ok	redownloaded	DISRUPTED_STRONG	Miniprot and Exonerate both support coding disruption with no intact local rescue.	ok	0.0	0.0	True	
GCA_021347905.1	Bos taurus	Bos taurus	Chromosome	ok	redownloaded	DISRUPTED_STRONG	Miniprot and Exonerate both support coding disruption with no intact local rescue.	ok	0.0	0.0	True	
GCA_021328995.1	Ovis aries	Ovis aries	Scaffold	ok	redownloaded	DISRUPTED_STRONG	Miniprot and Exonerate both support coding disruption with no intact local rescue.	ok	0.0	0.0	True	
GCA_021462335.1	Ovibos moschatus	Ovibos moschatus	Scaffold	ok	redownloaded	UNRESOLVED_ASSEMBLY_GAP	The candidate locus contains substantial ambiguous sequence.	ok	0.019115802755999414	9937.0	True	
GCA_022244695.1	Ovis aries	Ovis aries	Chromosome	ok	redownloaded	DISRUPTED_STRONG	Miniprot and Exonerate both support coding disruption with no intact local rescue.	ok	0.0	0.0	True	
GCA_022244705.1	Ovis aries	Ovis aries	Chromosome	ok	redownloaded	DISRUPTED_STRONG	Miniprot and Exonerate both support coding disruption with no intact local rescue.	ok	0.0	0.0	True	
GCA_022376915.1	Moschus berezovskii	Moschus berezovskii	Scaffold	ok	redownloaded	DISRUPTED_STRONG	Miniprot and Exonerate both support coding disruption with no intact local rescue.	ok	0.0	0.0	True	
GCA_022376925.1	Tragulus kanchil	Tragulus kanchil	Scaffold	ok	redownloaded	DISRUPTED_STRONG	Miniprot and Exonerate both support coding disruption with no intact local rescue.	ok	1.9318706496687806e-06	1.0	True	
GCA_022416685.1	Ovis aries	Ovis aries	Chromosome	ok	redownloaded	DISRUPTED_STRONG	Miniprot and Exonerate both support coding disruption with no intact local rescue.	ok	0.0	0.0	True	
GCA_022416725.1	Ovis aries	Ovis aries	Chromosome	ok	redownloaded	DISRUPTED_STRONG	Miniprot and Exonerate both support coding disruption with no intact local rescue.	ok	0.0	0.0	True	
GCA_022416695.1	Ovis aries	Ovis aries	Chromosome	ok	redownloaded	DISRUPTED_STRONG	Miniprot and Exonerate both support coding disruption with no intact local rescue.	ok	0.0	0.0	True	
GCA_022416745.1	Ovis aries	Ovis aries	Chromosome	ok	redownloaded	DISRUPTED_STRONG	Miniprot and Exonerate both support coding disruption with no intact local rescue.	ok	0.0	0.0	True	
GCA_022416755.1	Ovis aries	Ovis aries	Chromosome	ok	redownloaded	DISRUPTED_STRONG	Miniprot and Exonerate both support coding disruption with no intact local rescue.	ok	0.0	0.0	True	
GCA_022416775.1	Ovis aries	Ovis aries	Chromosome	ok	redownloaded	DISRUPTED_STRONG	Miniprot and Exonerate both support coding disruption with no intact local rescue.	ok	0.0	0.0	True	
GCA_022416785.1	Ovis aries	Ovis aries	Chromosome	ok	redownloaded	DISRUPTED_STRONG	Miniprot and Exonerate both support coding disruption with no intact local rescue.	ok	0.0	0.0	True	
GCA_022432825.1	Ovis aries	Ovis aries	Chromosome	ok	redownloaded	DISRUPTED_STRONG	Miniprot and Exonerate both support coding disruption with no intact local rescue.	ok	0.0	0.0	True	
GCA_022416915.1	Ovis aries	Ovis aries	Chromosome	ok	redownloaded	DISRUPTED_STRONG	Miniprot and Exonerate both support coding disruption with no intact local rescue.	ok	0.0	0.0	True	
GCA_022432835.1	Ovis aries	Ovis aries	Chromosome	ok	redownloaded	DISRUPTED_STRONG	Miniprot and Exonerate both support coding disruption with no intact local rescue.	ok	0.0	0.0	True	
GCA_022457185.1	Rangifer tarandus	Rangifer tarandus	Scaffold	ok	redownloaded	DISRUPTED_STRONG	Miniprot and Exonerate both support coding disruption with no intact local rescue.	ok	0.0	0.0	True	
GCA_022457235.1	Tragulus javanicus	Tragulus javanicus	Scaffold	ok	redownloaded	UNRESOLVED_ASSEMBLY_GAP	The candidate locus contains substantial ambiguous sequence.	ok	0.3864497998356266	10994.0	True	
GCA_022432845.1	Ovis aries	Ovis aries	Chromosome	ok	redownloaded	DISRUPTED_STRONG	Miniprot and Exonerate both support coding disruption with no intact local rescue.	ok	0.0	0.0	True	
GCA_022533635.2	Ovibos moschatus	Ovibos moschatus	Scaffold	ok	redownloaded	UNRESOLVED_ASSEMBLY_GAP	The candidate locus contains substantial ambiguous sequence.	ok	0.11279119881173184	39792.0	True	
GCA_022538005.1	Ovis aries	Ovis aries	Chromosome	ok	redownloaded	DISRUPTED_STRONG	Miniprot and Exonerate both support coding disruption with no intact local rescue.	ok	0.0	0.0	True	
GCA_022702505.1	Ovis aries	Ovis aries	Scaffold	ok	redownloaded	DISRUPTED_STRONG	Miniprot and Exonerate both support coding disruption with no intact local rescue.	ok	0.0	0.0	True	
GCA_023699985.4	Odocoileus virginianus	Odocoileus virginianus	Chromosome	ok	redownloaded	DISRUPTED_STRONG	Miniprot and Exonerate both support coding disruption with no intact local rescue.	ok	0.0	0.0	True	
GCA_022702665.1	Ovis aries	Ovis aries	Scaffold	ok	redownloaded	DISRUPTED_STRONG	Miniprot and Exonerate both support coding disruption with no intact local rescue.	ok	0.0	0.0	True	
GCA_023091745.2	Budorcas taxicolor	Budorcas taxicolor	Chromosome	ok	redownloaded	DISRUPTED_STRONG	Miniprot and Exonerate both support coding disruption with no intact local rescue.	ok	0.0	0.0	True	
GCA_023701655.1	Ovis ammon polii x Ovis aries	Ovis ammon polii x Ovis aries	Chromosome	ok	redownloaded	DISRUPTED_STRONG	Miniprot and Exonerate both support coding disruption with no intact local rescue.	ok	0.0	0.0	True	
GCA_024222135.1	Ovis aries	Ovis aries	Scaffold	ok	redownloaded	DISRUPTED_STRONG	Miniprot and Exonerate both support coding disruption with no intact local rescue.	ok	0.0	0.0	True	
GCA_024222175.1	Ovis aries	Ovis aries	Chromosome	ok	redownloaded	DISRUPTED_STRONG	Miniprot and Exonerate both support coding disruption with no intact local rescue.	ok	0.0	0.0	True	
GCA_023701675.1	Ovis ammon polii x Ovis aries	Ovis ammon polii x Ovis aries	Chromosome	ok	redownloaded	DISRUPTED_STRONG	Miniprot and Exonerate both support coding disruption with no intact local rescue.	ok	0.0	0.0	True	
GCA_024222185.1	Ovis aries	Ovis aries	Scaffold	ok	redownloaded	DISRUPTED_STRONG	Miniprot and Exonerate both support coding disruption with no intact local rescue.	ok	0.0	0.0	True	
GCA_024291935.2	Okapia johnstoni	Okapia johnstoni	Chromosome	ok	redownloaded	DISRUPTED_STRONG	Miniprot and Exonerate both support coding disruption with no intact local rescue.	ok	0.0	0.0	True	
GCA_024256485.1	Ovis aries	Ovis aries	Scaffold	ok	redownloaded	DISRUPTED_STRONG	Miniprot and Exonerate both support coding disruption with no intact local rescue.	ok	0.0	0.0	True	
GCA_024222265.1	Ovis aries	Ovis aries	Chromosome	ok	redownloaded	DISRUPTED_STRONG	Miniprot and Exonerate both support coding disruption with no intact local rescue.	ok	0.0	0.0	True	
GCA_024256505.1	Ovis aries	Ovis aries	Scaffold	ok	redownloaded	DISRUPTED_STRONG	Miniprot and Exonerate both support coding disruption with no intact local rescue.	ok	0.0	0.0	True	
GCA_024542955.1	Bos taurus	Bos taurus	Scaffold	ok	redownloaded	UNRESOLVED_ASSEMBLY_GAP	The candidate locus contains substantial ambiguous sequence.	ok	0.06469222974077343	3574.0	True	
GCA_025584935.1	Bubalus depressicornis	Bubalus depressicornis	Scaffold	ok	redownloaded	DISRUPTED_POSSIBLE	At least one original disruption has independent support, but the complete gene model is not decisive.	ok	0.0	0.0	True	
GCA_026262375.1	Bos indicus	Bos indicus	Chromosome	ok	redownloaded	DISRUPTED_STRONG	Miniprot and Exonerate both support coding disruption with no intact local rescue.	ok	0.0	0.0	True	
GCA_026262515.1	Bos indicus	Bos indicus	Chromosome	ok	redownloaded	DISRUPTED_STRONG	Miniprot and Exonerate both support coding disruption with no intact local rescue.	ok	0.0	0.0	True	
GCA_026262465.1	Bos indicus	Bos indicus	Chromosome	ok	redownloaded	DISRUPTED_STRONG	Miniprot and Exonerate both support coding disruption with no intact local rescue.	ok	0.0	0.0	True	
GCA_026262545.1	Bos indicus	Bos indicus	Chromosome	ok	redownloaded	DISRUPTED_STRONG	Miniprot and Exonerate both support coding disruption with no intact local rescue.	ok	0.0	0.0	True	
GCA_026652205.1	Capra hircus	Capra hircus	Chromosome	ok	redownloaded	DISRUPTED_STRONG	Miniprot and Exonerate both support coding disruption with no intact local rescue.	ok	0.0	0.0	True	
GCA_027580245.1	Bos grunniens	Bos grunniens	Chromosome	ok	redownloaded	DISRUPTED_STRONG	Miniprot and Exonerate both support coding disruption with no intact local rescue.	ok	0.0	0.0	True	
GCA_027580195.2	Bos mutus	Bos mutus	Chromosome	ok	redownloaded	DISRUPTED_STRONG	Miniprot and Exonerate both support coding disruption with no intact local rescue.	ok	0.0	0.0	True	
GCA_028583565.1	Ovis ammon polii	Ovis ammon	Chromosome	ok	redownloaded	DISRUPTED_STRONG	Miniprot and Exonerate both support coding disruption with no intact local rescue.	ok	0.0	0.0	True	
GCA_028973685.2	Bos taurus	Bos taurus	Chromosome	ok	redownloaded	DISRUPTED_STRONG	Miniprot and Exonerate both support coding disruption with no intact local rescue.	ok	0.0	0.0	True	
GCA_029378735.1	Bos indicus	Bos indicus	Chromosome	ok	redownloaded	DISRUPTED_STRONG	Miniprot and Exonerate both support coding disruption with no intact local rescue.	ok	0.0	0.0	True	
GCA_029378745.1	Bos indicus	Bos indicus	Chromosome	ok	redownloaded	DISRUPTED_STRONG	Miniprot and Exonerate both support coding disruption with no intact local rescue.	ok	0.0	0.0	True	
GCA_029407905.2	Bubalus kerabau	Bubalus kerabau	Chromosome	ok	redownloaded	DISRUPTED_STRONG	Miniprot and Exonerate both support coding disruption with no intact local rescue.	ok	0.0	0.0	True	
GCA_030267345.1	Bos indicus	Bos indicus	Chromosome	ok	redownloaded	DISRUPTED_STRONG	Miniprot and Exonerate both support coding disruption with no intact local rescue.	ok	0.0	0.0	True	
GCA_030254855.1	Bos taurus x Bison bison	Bos taurus x Bison bison	Chromosome	ok	redownloaded	DISRUPTED_STRONG	Miniprot and Exonerate both support coding disruption with no intact local rescue.	ok	0.0	0.0	True	
GCA_030267355.1	Bos indicus	Bos indicus	Chromosome	ok	redownloaded	DISRUPTED_STRONG	Miniprot and Exonerate both support coding disruption with no intact local rescue.	ok	0.0	0.0	True	
GCA_030269505.1	Bos indicus	Bos indicus	Chromosome	ok	redownloaded	DISRUPTED_STRONG	Miniprot and Exonerate both support coding disruption with no intact local rescue.	ok	0.0	0.0	True	
GCA_030267375.1	Bos indicus	Bos indicus	Chromosome	ok	redownloaded	DISRUPTED_STRONG	Miniprot and Exonerate both support coding disruption with no intact local rescue.	ok	0.0	0.0	True	
GCA_030269805.1	Bos indicus	Bos indicus	Scaffold	ok	redownloaded	DISRUPTED_STRONG	Miniprot and Exonerate both support coding disruption with no intact local rescue.	ok	0.0	0.0	True	
GCA_030269815.1	Bos indicus	Bos indicus	Chromosome	ok	redownloaded	DISRUPTED_STRONG	Miniprot and Exonerate both support coding disruption with no intact local rescue.	ok	0.0	0.0	True	
GCA_030270685.1	Bos indicus	Bos indicus	Chromosome	ok	redownloaded	DISRUPTED_STRONG	Miniprot and Exonerate both support coding disruption with no intact local rescue.	ok	0.0	0.0	True	
GCA_030270705.1	Bos indicus	Bos indicus	Chromosome	ok	redownloaded	DISRUPTED_STRONG	Miniprot and Exonerate both support coding disruption with no intact local rescue.	ok	0.0	0.0	True	
GCA_030270715.1	Bos indicus	Bos indicus	Chromosome	ok	redownloaded	DISRUPTED_STRONG	Miniprot and Exonerate both support coding disruption with no intact local rescue.	ok	0.0	0.0	True	
GCA_030270725.1	Bos indicus	Bos indicus	Chromosome	ok	redownloaded	DISRUPTED_STRONG	Miniprot and Exonerate both support coding disruption with no intact local rescue.	ok	0.0	0.0	True	
GCA_030270805.1	Bos indicus	Bos indicus	Chromosome	ok	redownloaded	DISRUPTED_STRONG	Miniprot and Exonerate both support coding disruption with no intact local rescue.	ok	0.0	0.0	True	
GCA_030270825.1	Bos indicus	Bos indicus	Chromosome	ok	redownloaded	DISRUPTED_STRONG	Miniprot and Exonerate both support coding disruption with no intact local rescue.	ok	0.0	0.0	True	
GCA_030270845.1	Bos indicus	Bos indicus	Chromosome	ok	redownloaded	DISRUPTED_STRONG	Miniprot and Exonerate both support coding disruption with no intact local rescue.	ok	0.0	0.0	True	
GCA_030270855.1	Bos indicus	Bos indicus	Chromosome	ok	redownloaded	DISRUPTED_STRONG	Miniprot and Exonerate both support coding disruption with no intact local rescue.	ok	0.0	0.0	True	
GCA_030270865.1	Bos indicus	Bos indicus	Chromosome	ok	redownloaded	DISRUPTED_STRONG	Miniprot and Exonerate both support coding disruption with no intact local rescue.	ok	0.0	0.0	True	
GCA_030270935.1	Bos indicus	Bos indicus	Chromosome	ok	redownloaded	DISRUPTED_STRONG	Miniprot and Exonerate both support coding disruption with no intact local rescue.	ok	0.0	0.0	True	
GCA_030270945.1	Bos indicus	Bos indicus	Chromosome	ok	redownloaded	DISRUPTED_STRONG	Miniprot and Exonerate both support coding disruption with no intact local rescue.	ok	0.0	0.0	True	
GCA_030378505.1	Bos taurus	Bos taurus	Chromosome	ok	redownloaded	UNRESOLVED	No analyzable first-pass locus and no rescue model.	no_blast_hit				Original locus could not be extracted; local rescue unavailable.
GCA_030512445.1	Ovis aries	Ovis aries	Chromosome	ok	redownloaded	UNRESOLVED	No analyzable first-pass locus and no rescue model.	no_blast_hit				Original locus could not be extracted; local rescue unavailable.
GCA_030270955.1	Bos indicus	Bos indicus	Chromosome	ok	redownloaded	DISRUPTED_STRONG	Miniprot and Exonerate both support coding disruption with no intact local rescue.	ok	0.0	0.0	True	
GCA_030270995.1	Bos indicus	Bos indicus	Chromosome	ok	redownloaded	DISRUPTED_STRONG	Miniprot and Exonerate both support coding disruption with no intact local rescue.	ok	0.0	0.0	True	
GCA_030271795.1	Bos indicus	Bos indicus	Chromosome	ok	redownloaded	DISRUPTED_STRONG	Miniprot and Exonerate both support coding disruption with no intact local rescue.	ok	0.0	0.0	True	
GCA_030271805.1	Bos indicus	Bos indicus	Chromosome	ok	redownloaded	DISRUPTED_STRONG	Miniprot and Exonerate both support coding disruption with no intact local rescue.	ok	0.0	0.0	True	
GCA_030272135.1	Bos indicus	Bos indicus	Chromosome	ok	redownloaded	DISRUPTED_STRONG	Miniprot and Exonerate both support coding disruption with no intact local rescue.	ok	0.0	0.0	True	
GCA_030272475.1	Bos indicus	Bos indicus	Chromosome	ok	redownloaded	DISRUPTED_STRONG	Miniprot and Exonerate both support coding disruption with no intact local rescue.	ok	0.0	0.0	True	
GCA_030272495.1	Bos indicus	Bos indicus	Chromosome	ok	redownloaded	UNRESOLVED_ASSEMBLY_GAP	The candidate locus contains substantial ambiguous sequence.	ok	0.00038471526261625615	100.0	True	
GCA_030272235.1	Bos indicus	Bos indicus	Chromosome	ok	redownloaded	DISRUPTED_STRONG	Miniprot and Exonerate both support coding disruption with no intact local rescue.	ok	0.0	0.0	True	
GCA_030272505.1	Bos indicus	Bos indicus	Chromosome	ok	redownloaded	DISRUPTED_STRONG	Miniprot and Exonerate both support coding disruption with no intact local rescue.	ok	0.0	0.0	True	
GCA_030847515.1	Bos indicus	Bos indicus	Scaffold	ok	redownloaded	DISRUPTED_POSSIBLE	At least one original disruption has independent support, but the complete gene model is not decisive.	ok	0.0	0.0	True	
GCA_032433645.1	Ovis aries	Ovis aries	Contig	ok	redownloaded	DISRUPTED_POSSIBLE	At least one original disruption has independent support, but the complete gene model is not decisive.	ok	0.0	0.0	False	
GCA_032405125.2	Capricornis sumatraensis	Capricornis sumatraensis	Chromosome	ok	redownloaded	DISRUPTED_STRONG	Miniprot and Exonerate both support coding disruption with no intact local rescue.	ok	0.0	0.0	True	
GCA_033030755.1	Bos indicus	Bos indicus	Contig	ok	redownloaded	DISRUPTED_STRONG	Miniprot and Exonerate both support coding disruption with no intact local rescue.	ok	0.0	0.0	True	
GCA_032452875.1	Bos javanicus	Bos javanicus	Chromosome	ok	redownloaded	DISRUPTED_STRONG	Miniprot and Exonerate both support coding disruption with no intact local rescue.	ok	0.0	0.0	True	
GCA_033032115.1	Bos taurus	Bos taurus	Contig	ok	redownloaded	DISRUPTED_STRONG	Miniprot and Exonerate both support coding disruption with no intact local rescue.	ok	0.0	0.0	True	
GCA_033439445.1	Ovis aries	Ovis aries	Chromosome	ok	redownloaded	DISRUPTED_STRONG	Miniprot and Exonerate both support coding disruption with no intact local rescue.	ok	0.0	0.0	True	
GCA_034195675.1	Cervus nippon	Cervus nippon	Chromosome	ok	redownloaded	DISRUPTED_STRONG	Miniprot and Exonerate both support coding disruption with no intact local rescue.	ok	0.0	0.0	True	
GCA_034097375.1	Bos taurus	Bos taurus	Chromosome	ok	redownloaded	DISRUPTED_STRONG	Miniprot and Exonerate both support coding disruption with no intact local rescue.	ok	0.0	0.0	True	
GCA_033118175.2	Dama dama	Dama dama	Chromosome	ok	redownloaded	DISRUPTED_STRONG	Miniprot and Exonerate both support coding disruption with no intact local rescue.	ok	0.0	0.0	True	
GCA_034233915.1	Rucervus eldii siamensis	Rucervus eldii	Scaffold	ok	redownloaded	DISRUPTED_STRONG	Miniprot and Exonerate both support coding disruption with no intact local rescue.	ok	0.0	0.0	True	
GCA_034234005.1	Rucervus eldii thamin	Rucervus eldii	Scaffold	ok	redownloaded	UNRESOLVED_ASSEMBLY_GAP	The candidate locus contains substantial ambiguous sequence.	ok	0.01067002657345635	113.0	True	
GCA_038502695.1	Capra falconeri	Capra falconeri	Scaffold	ok	redownloaded	DISRUPTED_POSSIBLE	At least one original disruption has independent support, but the complete gene model is not decisive.	ok	0.0	0.0	True	
GCA_038501445.1	Rusa alfredi	Rusa alfredi	Scaffold	ok	redownloaded	UNRESOLVED_ASSEMBLY_GAP	The candidate locus contains substantial ambiguous sequence.	ok	0.004293663365187674	100.0	True	
GCA_038088365.1	Cervus nippon	Cervus nippon	Chromosome	ok	redownloaded	DISRUPTED_STRONG	Miniprot and Exonerate both support coding disruption with no intact local rescue.	ok	0.0	0.0	True	
GCA_039877825.1	Muntiacus vaginalis	Muntiacus vaginalis	Chromosome	ok	redownloaded	DISRUPTED_STRONG	Miniprot and Exonerate both support coding disruption with no intact local rescue.	ok	0.0	0.0	True	
GCA_039881165.1	Bos indicus	Bos indicus	Chromosome	ok	redownloaded	DISRUPTED_STRONG	Miniprot and Exonerate both support coding disruption with no intact local rescue.	ok	0.0	0.0	True	
GCA_039881175.1	Bos taurus	Bos taurus	Chromosome	ok	redownloaded	DISRUPTED_STRONG	Miniprot and Exonerate both support coding disruption with no intact local rescue.	ok	0.0	0.0	True	
GCA_040085125.1	Cervus nippon	Cervus nippon	Chromosome	ok	redownloaded	DISRUPTED_STRONG	Miniprot and Exonerate both support coding disruption with no intact local rescue.	ok	0.0	0.0	True	
GCA_040259355.1	Ovis aries	Ovis aries	Chromosome	ok	redownloaded	DISRUPTED_STRONG	Miniprot and Exonerate both support coding disruption with no intact local rescue.	ok	0.0	0.0	True	
GCA_040285425.1	Bos taurus	Bos taurus	Chromosome	ok	redownloaded	DISRUPTED_STRONG	Miniprot and Exonerate both support coding disruption with no intact local rescue.	ok	0.0	0.0	True	
GCA_040182635.1	Pantholops hodgsonii	Pantholops hodgsonii	Chromosome	ok	redownloaded	DISRUPTED_STRONG	Miniprot and Exonerate both support coding disruption with no intact local rescue.	ok	0.0	0.0	True	
GCA_040438115.1	Tragelaphus eurycerus isaaci	Tragelaphus eurycerus	Chromosome	ok	redownloaded	UNRESOLVED_ASSEMBLY_GAP	The candidate locus contains substantial ambiguous sequence.	ok	0.04088048503831826	10000.0	True	
GCA_040805955.1	Ovis aries	Ovis aries	Complete Genome	ok	redownloaded	DISRUPTED_STRONG	Miniprot and Exonerate both support coding disruption with no intact local rescue.	ok	0.0	0.0	True	
GCA_040543055.1	Ovis aries	Ovis aries	Chromosome	ok	redownloaded	DISRUPTED_STRONG	Miniprot and Exonerate both support coding disruption with no intact local rescue.	ok	0.0	0.0	True	
GCA_040286185.1	Bos taurus	Bos taurus	Chromosome	ok	redownloaded	DISRUPTED_STRONG	Miniprot and Exonerate both support coding disruption with no intact local rescue.	ok	0.0	0.0	True	
GCA_040822015.1	Capra hircus	Capra hircus	Chromosome	ok	redownloaded	DISRUPTED_STRONG	Miniprot and Exonerate both support coding disruption with no intact local rescue.	ok	0.0	0.0	True	
GCA_040806595.1	Capra hircus	Capra hircus	Complete Genome	ok	redownloaded	DISRUPTED_STRONG	Miniprot and Exonerate both support coding disruption with no intact local rescue.	ok	0.0	0.0	True	
GCA_040836155.1	Ovis aries	Ovis aries	Chromosome	ok	redownloaded	DISRUPTED_STRONG	Miniprot and Exonerate both support coding disruption with no intact local rescue.	ok	0.0	0.0	True	
GCA_041053135.1	Capra hircus	Capra hircus	Chromosome	ok	redownloaded	DISRUPTED_STRONG	Miniprot and Exonerate both support coding disruption with no intact local rescue.	ok	0.0	0.0	True	
GCA_040970035.1	Capra hircus	Capra hircus	Chromosome	ok	redownloaded	DISRUPTED_STRONG	Miniprot and Exonerate both support coding disruption with no intact local rescue.	ok	0.0	0.0	True	
GCA_041121725.1	Ovis aries	Ovis aries	Chromosome	ok	redownloaded	DISRUPTED_STRONG	Miniprot and Exonerate both support coding disruption with no intact local rescue.	ok	0.0	0.0	True	
GCA_042859625.1	Ovis canadensis	Ovis canadensis	Complete Genome	ok	redownloaded	UNRESOLVED	No analyzable first-pass locus and no rescue model.	no_blast_hit				Original locus could not be extracted; local rescue unavailable.
GCA_041156055.1	Ovibos moschatus	Ovibos moschatus	Scaffold	ok	redownloaded	DISRUPTED_STRONG	Miniprot and Exonerate both support coding disruption with no intact local rescue.	ok	0.0	0.0	True	
GCA_041920685.1	Capra hircus	Capra hircus	Chromosome	ok	redownloaded	DISRUPTED_STRONG	Miniprot and Exonerate both support coding disruption with no intact local rescue.	ok	0.0	0.0	True	
GCA_041736475.1	Capra hircus	Capra hircus	Chromosome	ok	redownloaded	DISRUPTED_STRONG	Miniprot and Exonerate both support coding disruption with no intact local rescue.	ok	0.0	0.0	True	
GCA_041735815.1	Capra hircus	Capra hircus	Complete Genome	ok	redownloaded	DISRUPTED_STRONG	Miniprot and Exonerate both support coding disruption with no intact local rescue.	ok	0.0	0.0	True	
GCA_042767535.1	Odocoileus hemionus	Odocoileus hemionus	Scaffold	ok	redownloaded	DISRUPTED_STRONG	Miniprot and Exonerate both support coding disruption with no intact local rescue.	ok	0.0	0.0	True	
GCA_042477335.2	Ovis canadensis	Ovis canadensis	Chromosome	ok	redownloaded	DISRUPTED_STRONG	Miniprot and Exonerate both support coding disruption with no intact local rescue.	ok	0.0	0.0	True	
GCA_042835985.1	Capra hircus	Capra hircus	Chromosome	ok	redownloaded	DISRUPTED_STRONG	Miniprot and Exonerate both support coding disruption with no intact local rescue.	ok	0.0	0.0	True	
GCA_043643345.1	Bos frontalis	Bos frontalis	Chromosome	ok	redownloaded	DISRUPTED_STRONG	Miniprot and Exonerate both support coding disruption with no intact local rescue.	ok	0.0	0.0	True	
GCA_042768445.1	Odocoileus hemionus	Odocoileus hemionus	Scaffold	ok	redownloaded	DISRUPTED_STRONG	Miniprot and Exonerate both support coding disruption with no intact local rescue.	ok	0.0	0.0	True	
GCA_043882115.1	Bos taurus	Bos taurus	Chromosome	ok	redownloaded	DISRUPTED_STRONG	Miniprot and Exonerate both support coding disruption with no intact local rescue.	ok	0.0	0.0	True	
GCA_044231825.1	Addax nasomaculatus	Addax nasomaculatus	Chromosome	ok	redownloaded	DISRUPTED_STRONG	Miniprot and Exonerate both support coding disruption with no intact local rescue.	ok	0.0	0.0	True	
GCA_044509215.1	Capra hircus	Capra hircus	Chromosome	ok	redownloaded	DISRUPTED_STRONG	Miniprot and Exonerate both support coding disruption with no intact local rescue.	ok	0.0	0.0	True	
GCA_044587935.1	Capra hircus	Capra hircus	Chromosome	ok	redownloaded	DISRUPTED_STRONG	Miniprot and Exonerate both support coding disruption with no intact local rescue.	ok	0.0	0.0	True	
GCA_044587905.1	Capra hircus	Capra hircus	Chromosome	ok	redownloaded	DISRUPTED_STRONG	Miniprot and Exonerate both support coding disruption with no intact local rescue.	ok	0.0	0.0	True	
GCA_044588015.1	Capra hircus	Capra hircus	Chromosome	ok	redownloaded	DISRUPTED_STRONG	Miniprot and Exonerate both support coding disruption with no intact local rescue.	ok	0.0	0.0	True	
GCA_045269445.1	Ovis ammon	Ovis ammon	Chromosome	ok	redownloaded	DISRUPTED_STRONG	Miniprot and Exonerate both support coding disruption with no intact local rescue.	ok	0.0	0.0	True	
GCA_044587945.1	Capra hircus	Capra hircus	Chromosome	ok	redownloaded	DISRUPTED_STRONG	Miniprot and Exonerate both support coding disruption with no intact local rescue.	ok	0.0	0.0	True	
GCA_046464075.1	Capra hircus	Capra hircus	Chromosome	ok	redownloaded	DISRUPTED_STRONG	Miniprot and Exonerate both support coding disruption with no intact local rescue.	ok	0.0	0.0	True	
GCA_046563475.2	Cervus albirostris	Cervus albirostris	Chromosome	ok	redownloaded	DISRUPTED_STRONG	Miniprot and Exonerate both support coding disruption with no intact local rescue.	ok	0.0	0.0	True	
GCA_047652215.1	Bos taurus	Bos taurus	Chromosome	ok	redownloaded	DISRUPTED_STRONG	Miniprot and Exonerate both support coding disruption with no intact local rescue.	ok	0.0	0.0	True	
GCA_048127045.1	Dama dama	Dama dama	Chromosome	ok	redownloaded	DISRUPTED_STRONG	Miniprot and Exonerate both support coding disruption with no intact local rescue.	ok	0.0	0.0	True	
GCA_047671635.1	Capra hircus	Capra hircus	Chromosome	ok	redownloaded	DISRUPTED_STRONG	Miniprot and Exonerate both support coding disruption with no intact local rescue.	ok	0.0	0.0	True	
GCA_048126745.1	Dama dama	Dama dama	Chromosome	ok	redownloaded	DISRUPTED_STRONG	Miniprot and Exonerate both support coding disruption with no intact local rescue.	ok	0.0	0.0	True	
GCA_047671655.1	Capra hircus	Capra hircus	Chromosome	ok	redownloaded	DISRUPTED_STRONG	Miniprot and Exonerate both support coding disruption with no intact local rescue.	ok	0.0	0.0	True	
GCA_048594055.1	Capra hircus	Capra hircus	Chromosome	ok	redownloaded	DISRUPTED_STRONG	Miniprot and Exonerate both support coding disruption with no intact local rescue.	ok	0.0	0.0	True	
GCA_048593975.1	Capra hircus	Capra hircus	Chromosome	ok	redownloaded	DISRUPTED_STRONG	Miniprot and Exonerate both support coding disruption with no intact local rescue.	ok	0.0	0.0	True	
GCA_048594065.1	Capra hircus	Capra hircus	Chromosome	ok	redownloaded	DISRUPTED_STRONG	Miniprot and Exonerate both support coding disruption with no intact local rescue.	ok	0.0	0.0	True	
GCA_048594125.1	Capra hircus	Capra hircus	Chromosome	ok	redownloaded	DISRUPTED_STRONG	Miniprot and Exonerate both support coding disruption with no intact local rescue.	ok	0.0	0.0	True	
GCA_048594135.1	Capra hircus	Capra hircus	Chromosome	ok	redownloaded	DISRUPTED_STRONG	Miniprot and Exonerate both support coding disruption with no intact local rescue.	ok	0.0	0.0	True	
GCA_048594165.1	Capra hircus	Capra hircus	Chromosome	ok	redownloaded	DISRUPTED_STRONG	Miniprot and Exonerate both support coding disruption with no intact local rescue.	ok	0.0	0.0	True	
GCA_048598025.1	Capra hircus	Capra hircus	Chromosome	ok	redownloaded	DISRUPTED_STRONG	Miniprot and Exonerate both support coding disruption with no intact local rescue.	ok	0.0	0.0	True	
GCA_048598065.1	Capra hircus	Capra hircus	Chromosome	ok	redownloaded	DISRUPTED_STRONG	Miniprot and Exonerate both support coding disruption with no intact local rescue.	ok	0.0	0.0	True	
GCA_048598055.1	Capra hircus	Capra hircus	Chromosome	ok	redownloaded	DISRUPTED_STRONG	Miniprot and Exonerate both support coding disruption with no intact local rescue.	ok	0.0	0.0	True	
GCA_048598825.1	Capra hircus	Capra hircus	Chromosome	ok	redownloaded	DISRUPTED_STRONG	Miniprot and Exonerate both support coding disruption with no intact local rescue.	ok	0.0	0.0	True	
GCA_049004405.1	Capra hircus	Capra hircus	Chromosome	ok	redownloaded	DISRUPTED_STRONG	Miniprot and Exonerate both support coding disruption with no intact local rescue.	ok	0.0	0.0	True	
GCA_049004455.1	Capra hircus	Capra hircus	Chromosome	ok	redownloaded	DISRUPTED_STRONG	Miniprot and Exonerate both support coding disruption with no intact local rescue.	ok	0.0	0.0	True	
GCA_049004495.1	Capra hircus	Capra hircus	Chromosome	ok	redownloaded	DISRUPTED_STRONG	Miniprot and Exonerate both support coding disruption with no intact local rescue.	ok	0.0	0.0	True	
GCA_049004535.1	Capra hircus	Capra hircus	Chromosome	ok	redownloaded	UNRESOLVED_ASSEMBLY_GAP	The candidate locus contains substantial ambiguous sequence.	ok	0.00019237206295952877	100.0	True	
GCA_049004595.1	Capra hircus	Capra hircus	Chromosome	ok	redownloaded	DISRUPTED_STRONG	Miniprot and Exonerate both support coding disruption with no intact local rescue.	ok	0.0	0.0	True	
GCA_049004675.1	Capra hircus	Capra hircus	Chromosome	ok	redownloaded	DISRUPTED_STRONG	Miniprot and Exonerate both support coding disruption with no intact local rescue.	ok	0.0	0.0	True	
GCA_049115385.1	Moschus berezovskii	Moschus berezovskii	Chromosome	ok	redownloaded	DISRUPTED_STRONG	Miniprot and Exonerate both support coding disruption with no intact local rescue.	ok	0.0	0.0	True	
GCA_049634445.1	Bos taurus	Bos taurus	Contig	ok	redownloaded	DISRUPTED_STRONG	Miniprot and Exonerate both support coding disruption with no intact local rescue.	ok	0.0	0.0	True	
GCA_049634505.1	Bos taurus	Bos taurus	Contig	ok	redownloaded	DISRUPTED_STRONG	Miniprot and Exonerate both support coding disruption with no intact local rescue.	ok	0.0	0.0	True	
GCA_049634545.1	Bos taurus	Bos taurus	Contig	ok	redownloaded	DISRUPTED_STRONG	Miniprot and Exonerate both support coding disruption with no intact local rescue.	ok	0.0	0.0	True	
GCA_049634565.1	Bos taurus	Bos taurus	Contig	ok	redownloaded	DISRUPTED_STRONG	Miniprot and Exonerate both support coding disruption with no intact local rescue.	ok	0.0	0.0	True	
GCA_049634675.1	Bos taurus	Bos taurus	Contig	ok	redownloaded	DISRUPTED_STRONG	Miniprot and Exonerate both support coding disruption with no intact local rescue.	ok	0.0	0.0	True	
GCA_050084595.1	Ovis vignei punjabiensis	Ovis vignei	Scaffold	ok	redownloaded	DISRUPTED_STRONG	Miniprot and Exonerate both support coding disruption with no intact local rescue.	ok	0.0	0.0	True	
GCA_050059765.1	Bos grunniens	Bos grunniens	Chromosome	ok	redownloaded	DISRUPTED_STRONG	Miniprot and Exonerate both support coding disruption with no intact local rescue.	ok	0.0	0.0	True	
GCA_049634715.1	Bos taurus	Bos taurus	Contig	ok	redownloaded	DISRUPTED_STRONG	Miniprot and Exonerate both support coding disruption with no intact local rescue.	ok	0.0	0.0	True	
GCA_050084895.1	Ovis aries	Ovis aries	Scaffold	ok	redownloaded	DISRUPTED_STRONG	Miniprot and Exonerate both support coding disruption with no intact local rescue.	ok	0.0	0.0	True	
GCA_050436925.1	Pseudoryx nghetinhensis	Pseudoryx nghetinhensis	Scaffold	ok	redownloaded	UNRESOLVED_ASSEMBLY_GAP	The candidate locus contains substantial ambiguous sequence.	ok	0.011152459746681788	1266.0	True	
GCA_051106085.1	Bos taurus	Bos taurus	Chromosome	ok	redownloaded	DISRUPTED_STRONG	Miniprot and Exonerate both support coding disruption with no intact local rescue.	ok	0.0	0.0	True	
GCA_051122635.1	Bos taurus	Bos taurus	Chromosome	ok	redownloaded	DISRUPTED_STRONG	Miniprot and Exonerate both support coding disruption with no intact local rescue.	ok	0.0	0.0	True	
GCA_050916685.1	Ovis aries	Ovis aries	Chromosome	ok	redownloaded	DISRUPTED_STRONG	Miniprot and Exonerate both support coding disruption with no intact local rescue.	ok	0.0	0.0	True	
GCA_051176575.2	Antilocapra americana	Antilocapra americana	Scaffold	ok	redownloaded	DISRUPTED_STRONG	Miniprot and Exonerate both support coding disruption with no intact local rescue.	ok	0.0	0.0	True	
GCA_051176615.2	Antilocapra americana	Antilocapra americana	Scaffold	ok	redownloaded	DISRUPTED_STRONG	Miniprot and Exonerate both support coding disruption with no intact local rescue.	ok	0.0	0.0	True	
GCA_053525375.1	Ovis vignei	Ovis vignei	Contig	ok	redownloaded	DISRUPTED_STRONG	Miniprot and Exonerate both support coding disruption with no intact local rescue.	ok	0.0	0.0	True	
GCA_051307275.1	Bubalus kerabau	Bubalus kerabau	Chromosome	ok	redownloaded	DISRUPTED_STRONG	Miniprot and Exonerate both support coding disruption with no intact local rescue.	ok	0.0	0.0	True	
GCA_052324755.1	Cervus nippon kopschi	Cervus nippon	Chromosome	ok	redownloaded	DISRUPTED_STRONG	Miniprot and Exonerate both support coding disruption with no intact local rescue.	ok	0.0	0.0	True	
GCA_054371575.1	Giraffa tippelskirchi	Giraffa tippelskirchi	Chromosome	ok	redownloaded	DISRUPTED_STRONG	Miniprot and Exonerate both support coding disruption with no intact local rescue.	ok	0.0	0.0	True	
GCA_054371585.1	Giraffa tippelskirchi	Giraffa tippelskirchi	Complete Genome	ok	redownloaded	DISRUPTED_STRONG	Miniprot and Exonerate both support coding disruption with no intact local rescue.	ok	0.0	0.0	True	
GCA_054126965.1	Capra hircus	Capra hircus	Scaffold	ok	redownloaded	DISRUPTED_STRONG	Miniprot and Exonerate both support coding disruption with no intact local rescue.	ok	0.0	0.0	True	
GCA_054099735.1	Cephalophula zebra	Cephalophula zebra	Chromosome	ok	redownloaded	DISRUPTED_STRONG	Miniprot and Exonerate both support coding disruption with no intact local rescue.	ok	0.0	0.0	True	
GCA_054099755.1	Cephalophula zebra	Cephalophula zebra	Chromosome	ok	redownloaded	DISRUPTED_STRONG	Miniprot and Exonerate both support coding disruption with no intact local rescue.	ok	0.0	0.0	True	
GCA_054371615.1	Giraffa tippelskirchi	Giraffa tippelskirchi	Complete Genome	ok	redownloaded	DISRUPTED_STRONG	Miniprot and Exonerate both support coding disruption with no intact local rescue.	ok	0.0	0.0	True	
GCA_054371825.1	Giraffa tippelskirchi	Giraffa tippelskirchi	Chromosome	ok	redownloaded	DISRUPTED_STRONG	Miniprot and Exonerate both support coding disruption with no intact local rescue.	ok	0.0	0.0	True	
GCA_055505025.1	Bos grunniens	Bos grunniens	Chromosome	genome_missing	missing	UNRESOLVED_NO_GENOME	Genome FASTA is not present. If the first run used --cleanup-genomes, rerun with --redownload-missing or --genome-map.	ok				
GCA_054642885.1	Capra ibex	Capra ibex	Chromosome	ok	redownloaded	DISRUPTED_STRONG	Miniprot and Exonerate both support coding disruption with no intact local rescue.	ok	0.0	0.0	True	
GCA_054824845.1	Rucervus eldii thamin	Rucervus eldii	Chromosome	ok	redownloaded	DISRUPTED_STRONG	Miniprot and Exonerate both support coding disruption with no intact local rescue.	ok	0.0	0.0	True	
GCA_054824865.1	Rucervus eldii thamin	Rucervus eldii	Chromosome	ok	redownloaded	DISRUPTED_STRONG	Miniprot and Exonerate both support coding disruption with no intact local rescue.	ok	0.0	0.0	True	
GCA_054825135.1	Bos taurus	Bos taurus	Scaffold	ok	redownloaded	DISRUPTED_STRONG	Miniprot and Exonerate both support coding disruption with no intact local rescue.	ok	0.0	0.0	True	
GCA_054855995.1	Capra nubiana	Capra nubiana	Chromosome	ok	redownloaded	DISRUPTED_STRONG	Miniprot and Exonerate both support coding disruption with no intact local rescue.	ok	0.0	0.0	True	
GCA_054856215.1	Capra nubiana	Capra nubiana	Chromosome	ok	redownloaded	DISRUPTED_STRONG	Miniprot and Exonerate both support coding disruption with no intact local rescue.	ok	0.0	0.0	True	
GCA_054829135.1	Cervus nippon yesoensis	Cervus nippon	Chromosome	ok	redownloaded	DISRUPTED_STRONG	Miniprot and Exonerate both support coding disruption with no intact local rescue.	ok	0.0	0.0	True	
GCA_056775595.1	Bos grunniens	Bos grunniens	Chromosome	ok	redownloaded	UNRESOLVED	No analyzable first-pass locus and no rescue model.	no_blast_hit				Original locus could not be extracted; local rescue unavailable.
GCA_054883215.1	Axis porcinus	Axis porcinus	Chromosome	ok	redownloaded	DISRUPTED_STRONG	Miniprot and Exonerate both support coding disruption with no intact local rescue.	ok	0.0	0.0	True	
GCA_054883225.1	Axis porcinus	Axis porcinus	Chromosome	ok	redownloaded	DISRUPTED_STRONG	Miniprot and Exonerate both support coding disruption with no intact local rescue.	ok	0.0	0.0	True	
GCA_055691375.1	Bos taurus	Bos taurus	Scaffold	ok	redownloaded	DISRUPTED_STRONG	Miniprot and Exonerate both support coding disruption with no intact local rescue.	ok	0.0	0.0	True	
GCA_055691435.1	Capra hircus	Capra hircus	Scaffold	ok	redownloaded	UNRESOLVED_ASSEMBLY_GAP	The candidate locus contains substantial ambiguous sequence.	ok	0.020150934678397472	100.0	True	
GCA_055691405.1	Bos taurus	Bos taurus	Scaffold	ok	redownloaded	DISRUPTED_STRONG	Miniprot and Exonerate both support coding disruption with no intact local rescue.	ok	0.0	0.0	True	
GCA_056748525.1	Bos taurus	Bos taurus	Chromosome	ok	redownloaded	DISRUPTED_STRONG	Miniprot and Exonerate both support coding disruption with no intact local rescue.	ok	0.0	0.0	True	
GCA_056162995.1	Bos taurus	Bos taurus	Contig	ok	redownloaded	DISRUPTED_STRONG	Miniprot and Exonerate both support coding disruption with no intact local rescue.	ok	0.0	0.0	True	
GCA_056247825.1	Hydropotes inermis	Hydropotes inermis	Complete Genome	ok	redownloaded	DISRUPTED_STRONG	Miniprot and Exonerate both support coding disruption with no intact local rescue.	ok	0.0	0.0	True	
GCA_057190515.1	Bos indicus	Bos indicus	Scaffold	ok	redownloaded	DISRUPTED_STRONG	Miniprot and Exonerate both support coding disruption with no intact local rescue.	ok	0.0	0.0	True	
GCA_056825275.1	Bos indicus x Bos taurus	Bos indicus x Bos taurus	Scaffold	ok	redownloaded	DISRUPTED_STRONG	Miniprot and Exonerate both support coding disruption with no intact local rescue.	ok	0.0	0.0	True	
GCA_057190595.1	Bos indicus	Bos indicus	Scaffold	ok	redownloaded	DISRUPTED_STRONG	Miniprot and Exonerate both support coding disruption with no intact local rescue.	ok	0.0	0.0	True	
GCA_057190485.1	Bos indicus	Bos indicus	Scaffold	ok	redownloaded	DISRUPTED_STRONG	Miniprot and Exonerate both support coding disruption with no intact local rescue.	ok	0.0	0.0	True	
GCA_057332215.1	Ovis aries	Ovis aries	Complete Genome	ok	redownloaded	DISRUPTED_STRONG	Miniprot and Exonerate both support coding disruption with no intact local rescue.	ok	0.0	0.0	True	
GCA_057190615.1	Bos taurus	Bos taurus	Scaffold	ok	redownloaded	DISRUPTED_STRONG	Miniprot and Exonerate both support coding disruption with no intact local rescue.	ok	0.0	0.0	True	
GCA_057332225.1	Ovis aries	Ovis aries	Complete Genome	ok	redownloaded	DISRUPTED_STRONG	Miniprot and Exonerate both support coding disruption with no intact local rescue.	ok	0.0	0.0	True	
GCA_057428545.1	Capra hircus	Capra hircus	Chromosome	ok	redownloaded	DISRUPTED_STRONG	Miniprot and Exonerate both support coding disruption with no intact local rescue.	ok	0.0	0.0	True	
GCA_057428595.1	Capra hircus	Capra hircus	Chromosome	ok	redownloaded	DISRUPTED_STRONG	Miniprot and Exonerate both support coding disruption with no intact local rescue.	ok	0.0	0.0	True	
GCA_057556445.1	Capra hircus	Capra hircus	Chromosome	ok	redownloaded	DISRUPTED_STRONG	Miniprot and Exonerate both support coding disruption with no intact local rescue.	ok	0.0	0.0	True	
GCA_057557635.1	Capra hircus	Capra hircus	Chromosome	ok	redownloaded	DISRUPTED_STRONG	Miniprot and Exonerate both support coding disruption with no intact local rescue.	ok	0.0	0.0	True	
GCA_057557695.1	Capra hircus	Capra hircus	Scaffold	ok	redownloaded	DISRUPTED_STRONG	Miniprot and Exonerate both support coding disruption with no intact local rescue.	ok	0.0	0.0	True	
GCA_057557715.1	Capra hircus	Capra hircus	Scaffold	ok	redownloaded	DISRUPTED_STRONG	Miniprot and Exonerate both support coding disruption with no intact local rescue.	ok	0.0	0.0	True	
GCA_057557795.1	Capra hircus	Capra hircus	Scaffold	ok	redownloaded	DISRUPTED_STRONG	Miniprot and Exonerate both support coding disruption with no intact local rescue.	ok	0.0	0.0	True	
GCA_057557815.1	Capra hircus	Capra hircus	Scaffold	ok	redownloaded	DISRUPTED_STRONG	Miniprot and Exonerate both support coding disruption with no intact local rescue.	ok	0.0	0.0	True	
GCA_059051325.1	Alces alces	Alces alces	Scaffold	ok	redownloaded	DISRUPTED_STRONG	Miniprot and Exonerate both support coding disruption with no intact local rescue.	ok	0.0	0.0	True	
GCA_059051365.1	Alces alces	Alces alces	Scaffold	ok	redownloaded	DISRUPTED_STRONG	Miniprot and Exonerate both support coding disruption with no intact local rescue.	ok	0.0	0.0	True	
GCA_905120125.1	Megaloceros giganteus	Megaloceros giganteus	Scaffold	ok	redownloaded	UNRESOLVED	No analyzable first-pass locus and no rescue model.	no_blast_hit				Original locus could not be extracted; local rescue unavailable.
GCA_905120135.1	Megaloceros giganteus	Megaloceros giganteus	Contig	ok	redownloaded	UNRESOLVED	No analyzable first-pass locus and no rescue model.	no_blast_hit				Original locus could not be extracted; local rescue unavailable.
GCA_059055555.1	Capra hircus	Capra hircus	Chromosome	ok	redownloaded	DISRUPTED_STRONG	Miniprot and Exonerate both support coding disruption with no intact local rescue.	ok	0.0	0.0	True	
GCA_059055625.1	Capra hircus	Capra hircus	Chromosome	ok	redownloaded	DISRUPTED_STRONG	Miniprot and Exonerate both support coding disruption with no intact local rescue.	ok	0.0	0.0	True	
GCA_059335595.1	Capra hircus	Capra hircus	Scaffold	ok	redownloaded	DISRUPTED_STRONG	Miniprot and Exonerate both support coding disruption with no intact local rescue.	ok	0.0	0.0	True	
GCA_059336145.1	Bos taurus	Bos taurus	Complete Genome	ok	redownloaded	DISRUPTED_STRONG	Miniprot and Exonerate both support coding disruption with no intact local rescue.	ok	0.0	0.0	True	
GCA_059698765.1	Muntiacus feae	Muntiacus feae	Contig	ok	redownloaded	DISRUPTED_STRONG	Miniprot and Exonerate both support coding disruption with no intact local rescue.	ok	0.0	0.0	True	
GCA_902712895.1	Rangifer tarandus tarandus	Rangifer tarandus	Scaffold	ok	redownloaded	DISRUPTED_STRONG	Miniprot and Exonerate both support coding disruption with no intact local rescue.	ok	8.799924907307458e-05	10.0	True	
GCA_059997585.1	Bos taurus	Bos taurus	Chromosome	ok	redownloaded	DISRUPTED_STRONG	Miniprot and Exonerate both support coding disruption with no intact local rescue.	ok	0.0	0.0	True	
GCA_902825105.1	Syncerus caffer	Syncerus caffer	Scaffold	ok	redownloaded	DISRUPTED_STRONG	Miniprot and Exonerate both support coding disruption with no intact local rescue.	ok	0.0	0.0	True	
GCA_903231385.1	Ovis nivicola lydekkeri	Ovis nivicola	Scaffold	ok	redownloaded	DISRUPTED_STRONG	Miniprot and Exonerate both support coding disruption with no intact local rescue.	ok	0.0	0.0	True	
GCA_905123515.1	Bos taurus	Bos taurus	Chromosome	ok	redownloaded	DISRUPTED_STRONG	Miniprot and Exonerate both support coding disruption with no intact local rescue.	ok	0.0	0.0	True	
GCA_905123885.1	Bos taurus	Bos taurus	Chromosome	ok	redownloaded	DISRUPTED_STRONG	Miniprot and Exonerate both support coding disruption with no intact local rescue.	ok	2.5006107260811775e-05	13.0	True	
GCA_910594005.1	Cervus elaphus	Cervus elaphus	Chromosome	ok	redownloaded	DISRUPTED_STRONG	Miniprot and Exonerate both support coding disruption with no intact local rescue.	ok	0.0	0.0	True	
GCA_914753205.1	Bos taurus	Bos taurus	Scaffold	ok	redownloaded	UNRESOLVED_ASSEMBLY_GAP	The candidate locus contains substantial ambiguous sequence.	ok	0.009642310690262421	5000.0	True	
GCA_910593805.2	Cervus elaphus	Cervus elaphus	Chromosome	ok	redownloaded	DISRUPTED_STRONG	Miniprot and Exonerate both support coding disruption with no intact local rescue.	ok	0.0	0.0	True	
GCA_917880005.1	Nanger dama	Nanger dama	Scaffold	ok	redownloaded	DISRUPTED_STRONG	Miniprot and Exonerate both support coding disruption with no intact local rescue.	ok	0.0	0.0	True	
GCA_935064755.1	Tragelaphus eurycerus	Tragelaphus eurycerus	Contig	ok	redownloaded	DISRUPTED_STRONG	Miniprot and Exonerate both support coding disruption with no intact local rescue.	ok	0.0	0.0	True	
GCA_963856025.1	Rangifer tarandus tarandus	Rangifer tarandus	Scaffold	ok	redownloaded	UNRESOLVED	No analyzable first-pass locus and no rescue model.	no_blast_hit				Original locus could not be extracted; local rescue unavailable.
GCA_910594005.2	Cervus elaphus	Cervus elaphus	Chromosome	ok	redownloaded	DISRUPTED_STRONG	Miniprot and Exonerate both support coding disruption with no intact local rescue.	ok	0.0	0.0	True	
GCA_946052875.1	Bos gaurus x Bos taurus	Bos gaurus x Bos taurus	Chromosome	ok	redownloaded	DISRUPTED_STRONG	Miniprot and Exonerate both support coding disruption with no intact local rescue.	ok	0.0	0.0	True	
GCA_947034695.1	Bos taurus	Bos taurus	Chromosome	ok	redownloaded	DISRUPTED_STRONG	Miniprot and Exonerate both support coding disruption with no intact local rescue.	ok	0.0	0.0	True	
GCA_951394145.2	Rangifer tarandus platyrhynchus	Rangifer tarandus	Chromosome	ok	redownloaded	DISRUPTED_STRONG	Miniprot and Exonerate both support coding disruption with no intact local rescue.	ok	0.0	0.0	True	
GCA_963422255.1	Rangifer tarandus	Rangifer tarandus	Scaffold	ok	redownloaded	UNRESOLVED_ASSEMBLY_GAP	The candidate locus contains substantial ambiguous sequence.	ok	0.010778223826394302	2047.0	True	
GCA_949782905.1	Rangifer tarandus platyrhynchus	Rangifer tarandus	Chromosome	ok	redownloaded	DISRUPTED_STRONG	Miniprot and Exonerate both support coding disruption with no intact local rescue.	ok	4.6191598902949524e-05	24.0	True	
GCA_963920245.1	Bos taurus	Bos taurus	Scaffold	ok	redownloaded	DISRUPTED_STRONG	Miniprot and Exonerate both support coding disruption with no intact local rescue.	ok	0.0	0.0	True	
GCA_963879515.1	Bison bonasus	Bison bonasus	Scaffold	ok	redownloaded	DISRUPTED_STRONG	Miniprot and Exonerate both support coding disruption with no intact local rescue.	ok	0.0	0.0	True	
GCA_951849835.1	Capreolus capreolus	Capreolus capreolus	Contig	ok	redownloaded	DISRUPTED_STRONG	Miniprot and Exonerate both support coding disruption with no intact local rescue.	ok	0.0	0.0	True	
GCA_963920255.1	Bos taurus	Bos taurus	Scaffold	ok	redownloaded	DISRUPTED_STRONG	Miniprot and Exonerate both support coding disruption with no intact local rescue.	ok	0.0	0.0	True	
GCA_907165285.1	Capra hircus	Capra hircus	Scaffold	ok	redownloaded	UNRESOLVED	No analyzable first-pass locus and no rescue model.	no_blast_hit				Original locus could not be extracted; local rescue unavailable.
GCA_963920265.1	Bos taurus	Bos taurus	Scaffold	ok	redownloaded	DISRUPTED_STRONG	Miniprot and Exonerate both support coding disruption with no intact local rescue.	ok	0.0	0.0	True	
GCA_905249985.1	Bubalus bubalis bubalis	Bubalus bubalis	Scaffold	ok	redownloaded	UNRESOLVED	No analyzable first-pass locus and no rescue model.	no_blast_hit				Original locus could not be extracted; local rescue unavailable.
GCA_963930625.2	Muntiacus reevesi	Muntiacus reevesi	Chromosome	ok	redownloaded	DISRUPTED_STRONG	Miniprot and Exonerate both support coding disruption with no intact local rescue.	ok	0.0	0.0	True	
GCA_963930625.1	Muntiacus reevesi	Muntiacus reevesi	Chromosome	ok	redownloaded	DISRUPTED_STRONG	Miniprot and Exonerate both support coding disruption with no intact local rescue.	ok	0.0	0.0	True	
GCA_963966215.1	Bos indicus	Bos indicus	Scaffold	ok	redownloaded	UNRESOLVED_ASSEMBLY_GAP	The candidate locus contains substantial ambiguous sequence.	ok	0.03870687099891059	20000.0	True	
GCA_963921495.1	Bos taurus	Bos taurus	Chromosome	ok	redownloaded	DISRUPTED_STRONG	Miniprot and Exonerate both support coding disruption with no intact local rescue.	ok	0.0	0.0	True	
GCA_963966175.1	Bos indicus	Bos indicus	Scaffold	ok	redownloaded	UNRESOLVED_ASSEMBLY_GAP	The candidate locus contains substantial ambiguous sequence.	ok	0.03158863733806357	15000.0	True	
GCA_963966345.1	Bos indicus	Bos indicus	Scaffold	ok	redownloaded	UNRESOLVED_ASSEMBLY_GAP	The candidate locus contains substantial ambiguous sequence.	ok	0.015865460891638903	5000.0	True	
GCA_963930665.2	Muntiacus reevesi	Muntiacus reevesi	Scaffold	ok	redownloaded	UNRESOLVED	Evidence is insufficient for either a confident intact or disrupted classification.	ok	0.0	0.0	True	
GCA_963966355.1	Bos indicus	Bos indicus	Scaffold	ok	redownloaded	UNRESOLVED_ASSEMBLY_GAP	The candidate locus contains substantial ambiguous sequence.	ok	0.1422484141159081	73890.0	True	
GCA_963966425.1	Bos indicus	Bos indicus	Scaffold	ok	redownloaded	UNRESOLVED_ASSEMBLY_GAP	The candidate locus contains substantial ambiguous sequence.	ok	0.04890507296305848	20000.0	True	
GCA_964019205.1	Bos taurus	Bos taurus	Contig	ok	redownloaded	DISRUPTED_STRONG	Miniprot and Exonerate both support coding disruption with no intact local rescue.	ok	0.0	0.0	True	
GCA_963981305.1	Rupicapra rupicapra	Rupicapra rupicapra	Chromosome	ok	redownloaded	DISRUPTED_STRONG	Miniprot and Exonerate both support coding disruption with no intact local rescue.	ok	0.0	0.0	True	
GCA_964019215.2	Bos taurus	Bos taurus	Scaffold	ok	redownloaded	UNRESOLVED_ASSEMBLY_GAP	The candidate locus contains substantial ambiguous sequence.	ok	0.000769390565732883	100.0	True	
GCA_964019245.2	Bos taurus	Bos taurus	Scaffold	ok	redownloaded	DISRUPTED_STRONG	Miniprot and Exonerate both support coding disruption with no intact local rescue.	ok	0.0	0.0	True	
GCA_964019235.2	Bos taurus	Bos taurus	Scaffold	ok	redownloaded	UNRESOLVED_ASSEMBLY_GAP	The candidate locus contains substantial ambiguous sequence.	ok	0.0003849373995553973	100.0	True	
GCA_964019255.2	Bos taurus	Bos taurus	Scaffold	ok	redownloaded	UNRESOLVED_ASSEMBLY_GAP	The candidate locus contains substantial ambiguous sequence.	ok	0.0009862963978482958	100.0	True	
GCA_964019225.2	Bos taurus	Bos taurus	Scaffold	ok	redownloaded	UNRESOLVED_ASSEMBLY_GAP	The candidate locus contains substantial ambiguous sequence.	ok	0.0007698822080221726	100.0	True	
GCA_964019265.2	Bos taurus	Bos taurus	Scaffold	ok	redownloaded	UNRESOLVED_ASSEMBLY_GAP	The candidate locus contains substantial ambiguous sequence.	ok	0.00019235208124951912	100.0	True	
GCA_964019275.1	Bos taurus	Bos taurus	Contig	ok	redownloaded	DISRUPTED_STRONG	Miniprot and Exonerate both support coding disruption with no intact local rescue.	ok	0.0	0.0	True	
GCA_964019295.2	Bos taurus	Bos taurus	Scaffold	ok	redownloaded	UNRESOLVED_ASSEMBLY_GAP	The candidate locus contains substantial ambiguous sequence.	ok	0.0009613831611816553	100.0	True	
GCA_964270355.1	Alces alces	Alces alces	Scaffold	ok	redownloaded	DISRUPTED_STRONG	Miniprot and Exonerate both support coding disruption with no intact local rescue.	ok	0.0	0.0	True	
GCA_965153185.1	Rangifer tarandus tarandus	Rangifer tarandus	Chromosome	ok	redownloaded	UNRESOLVED_ASSEMBLY_GAP	The candidate locus contains substantial ambiguous sequence.	ok	0.0005767023773594336	100.0	True	
GCA_965153475.2	Bos taurus	Bos taurus	Scaffold	ok	redownloaded	DISRUPTED_STRONG	Miniprot and Exonerate both support coding disruption with no intact local rescue.	ok	0.0	0.0	True	
GCA_965153505.2	Bos taurus	Bos taurus	Scaffold	ok	redownloaded	DISRUPTED_STRONG	Miniprot and Exonerate both support coding disruption with no intact local rescue.	ok	0.0	0.0	True	
GCA_965153515.2	Bos taurus	Bos taurus	Scaffold	ok	redownloaded	DISRUPTED_STRONG	Miniprot and Exonerate both support coding disruption with no intact local rescue.	ok	0.0	0.0	True	
GCA_965153495.2	Bos taurus	Bos taurus	Scaffold	ok	redownloaded	DISRUPTED_STRONG	Miniprot and Exonerate both support coding disruption with no intact local rescue.	ok	0.0	0.0	True	
GCA_965153485.2	Bos taurus	Bos taurus	Scaffold	ok	redownloaded	DISRUPTED_STRONG	Miniprot and Exonerate both support coding disruption with no intact local rescue.	ok	0.0	0.0	True	
GCA_965153525.2	Bos taurus	Bos taurus	Scaffold	ok	redownloaded	DISRUPTED_STRONG	Miniprot and Exonerate both support coding disruption with no intact local rescue.	ok	0.0	0.0	True	
GCA_965153535.2	Bos taurus	Bos taurus	Scaffold	ok	redownloaded	DISRUPTED_STRONG	Miniprot and Exonerate both support coding disruption with no intact local rescue.	ok	0.0	0.0	True	
GCA_965153545.2	Bos taurus	Bos taurus	Scaffold	ok	redownloaded	DISRUPTED_STRONG	Miniprot and Exonerate both support coding disruption with no intact local rescue.	ok	0.0	0.0	True	
GCA_965153555.2	Bos taurus	Bos taurus	Scaffold	ok	redownloaded	DISRUPTED_STRONG	Miniprot and Exonerate both support coding disruption with no intact local rescue.	ok	0.0	0.0	True	
GCA_965153575.2	Bos taurus	Bos taurus	Scaffold	ok	redownloaded	DISRUPTED_STRONG	Miniprot and Exonerate both support coding disruption with no intact local rescue.	ok	0.0	0.0	True	
GCA_965153565.2	Bos taurus	Bos taurus	Scaffold	ok	redownloaded	DISRUPTED_STRONG	Miniprot and Exonerate both support coding disruption with no intact local rescue.	ok	0.0	0.0	True	
GCA_965153585.2	Bos taurus	Bos taurus	Scaffold	ok	redownloaded	DISRUPTED_STRONG	Miniprot and Exonerate both support coding disruption with no intact local rescue.	ok	0.0	0.0	True	
GCA_965153595.2	Bos taurus	Bos taurus	Scaffold	ok	redownloaded	DISRUPTED_STRONG	Miniprot and Exonerate both support coding disruption with no intact local rescue.	ok	0.0	0.0	True	
GCA_965153605.2	Bos taurus	Bos taurus	Scaffold	ok	redownloaded	DISRUPTED_STRONG	Miniprot and Exonerate both support coding disruption with no intact local rescue.	ok	0.0	0.0	True	
GCA_965153625.2	Bos taurus	Bos taurus	Scaffold	ok	redownloaded	DISRUPTED_STRONG	Miniprot and Exonerate both support coding disruption with no intact local rescue.	ok	0.0	0.0	True	
GCA_965153615.2	Bos taurus	Bos taurus	Scaffold	ok	redownloaded	DISRUPTED_STRONG	Miniprot and Exonerate both support coding disruption with no intact local rescue.	ok	0.0	0.0	True	
GCA_965153635.2	Bos taurus	Bos taurus	Scaffold	ok	redownloaded	DISRUPTED_STRONG	Miniprot and Exonerate both support coding disruption with no intact local rescue.	ok	0.0	0.0	True	
GCA_965153645.2	Bos taurus	Bos taurus	Scaffold	ok	redownloaded	DISRUPTED_STRONG	Miniprot and Exonerate both support coding disruption with no intact local rescue.	ok	0.0	0.0	True	
GCA_965153655.2	Bos taurus	Bos taurus	Scaffold	ok	redownloaded	DISRUPTED_STRONG	Miniprot and Exonerate both support coding disruption with no intact local rescue.	ok	0.0	0.0	True	
GCA_965153675.2	Bos taurus	Bos taurus	Scaffold	ok	redownloaded	DISRUPTED_STRONG	Miniprot and Exonerate both support coding disruption with no intact local rescue.	ok	0.0	0.0	True	
GCA_965153665.2	Bos taurus	Bos taurus	Scaffold	ok	redownloaded	DISRUPTED_STRONG	Miniprot and Exonerate both support coding disruption with no intact local rescue.	ok	0.0	0.0	True	
GCA_965153685.2	Bos taurus	Bos taurus	Scaffold	ok	redownloaded	DISRUPTED_STRONG	Miniprot and Exonerate both support coding disruption with no intact local rescue.	ok	0.0	0.0	True	
GCA_965153695.2	Bos taurus	Bos taurus	Scaffold	ok	redownloaded	DISRUPTED_STRONG	Miniprot and Exonerate both support coding disruption with no intact local rescue.	ok	0.0	0.0	True	
GCA_965153705.2	Bos taurus	Bos taurus	Scaffold	ok	redownloaded	DISRUPTED_STRONG	Miniprot and Exonerate both support coding disruption with no intact local rescue.	ok	0.0	0.0	True	
GCA_965153725.2	Bos taurus	Bos taurus	Scaffold	ok	redownloaded	DISRUPTED_STRONG	Miniprot and Exonerate both support coding disruption with no intact local rescue.	ok	0.0	0.0	True	
GCA_965153745.2	Bos taurus	Bos taurus	Scaffold	ok	redownloaded	DISRUPTED_STRONG	Miniprot and Exonerate both support coding disruption with no intact local rescue.	ok	0.0	0.0	True	
GCA_965153715.2	Bos taurus	Bos taurus	Scaffold	ok	redownloaded	DISRUPTED_STRONG	Miniprot and Exonerate both support coding disruption with no intact local rescue.	ok	0.0	0.0	True	
GCA_965153735.2	Bos taurus	Bos taurus	Scaffold	ok	redownloaded	DISRUPTED_STRONG	Miniprot and Exonerate both support coding disruption with no intact local rescue.	ok	0.0	0.0	True	
GCA_965153755.2	Bos taurus	Bos taurus	Scaffold	ok	redownloaded	DISRUPTED_STRONG	Miniprot and Exonerate both support coding disruption with no intact local rescue.	ok	0.0	0.0	True	
GCA_965153775.2	Bos taurus	Bos taurus	Scaffold	ok	redownloaded	DISRUPTED_STRONG	Miniprot and Exonerate both support coding disruption with no intact local rescue.	ok	0.0	0.0	True	
GCA_965153765.2	Bos taurus	Bos taurus	Scaffold	ok	redownloaded	DISRUPTED_STRONG	Miniprot and Exonerate both support coding disruption with no intact local rescue.	ok	0.0	0.0	True	
GCA_965153785.2	Bos taurus	Bos taurus	Scaffold	ok	redownloaded	DISRUPTED_STRONG	Miniprot and Exonerate both support coding disruption with no intact local rescue.	ok	0.0	0.0	True	
GCA_965153795.2	Bos taurus	Bos taurus	Scaffold	ok	redownloaded	DISRUPTED_STRONG	Miniprot and Exonerate both support coding disruption with no intact local rescue.	ok	0.0	0.0	True	
GCA_965153805.2	Bos taurus	Bos taurus	Scaffold	ok	redownloaded	DISRUPTED_STRONG	Miniprot and Exonerate both support coding disruption with no intact local rescue.	ok	0.0	0.0	True	
GCA_965153815.2	Bos taurus	Bos taurus	Scaffold	ok	redownloaded	DISRUPTED_STRONG	Miniprot and Exonerate both support coding disruption with no intact local rescue.	ok	0.0	0.0	True	
GCA_965153825.2	Bos taurus	Bos taurus	Scaffold	ok	redownloaded	UNRESOLVED_ASSEMBLY_GAP	The candidate locus contains substantial ambiguous sequence.	ok	0.0003847034225139984	100.0	True	
GCA_965153835.2	Bos taurus	Bos taurus	Scaffold	ok	redownloaded	DISRUPTED_STRONG	Miniprot and Exonerate both support coding disruption with no intact local rescue.	ok	0.0	0.0	True	
GCA_965153845.2	Bos taurus	Bos taurus	Scaffold	ok	redownloaded	DISRUPTED_STRONG	Miniprot and Exonerate both support coding disruption with no intact local rescue.	ok	0.0	0.0	True	
GCA_965153855.2	Bos taurus	Bos taurus	Scaffold	ok	redownloaded	DISRUPTED_STRONG	Miniprot and Exonerate both support coding disruption with no intact local rescue.	ok	0.0	0.0	True	
GCA_965153865.2	Bos taurus	Bos taurus	Scaffold	ok	redownloaded	DISRUPTED_STRONG	Miniprot and Exonerate both support coding disruption with no intact local rescue.	ok	0.0	0.0	True	
GCA_965153875.2	Bos taurus	Bos taurus	Scaffold	ok	redownloaded	DISRUPTED_STRONG	Miniprot and Exonerate both support coding disruption with no intact local rescue.	ok	0.0	0.0	True	
GCA_965153885.2	Bos taurus	Bos taurus	Scaffold	ok	redownloaded	DISRUPTED_STRONG	Miniprot and Exonerate both support coding disruption with no intact local rescue.	ok	0.0	0.0	True	
GCA_965153895.2	Bos taurus	Bos taurus	Scaffold	ok	redownloaded	DISRUPTED_STRONG	Miniprot and Exonerate both support coding disruption with no intact local rescue.	ok	0.0	0.0	True	
GCA_965153905.2	Bos taurus	Bos taurus	Scaffold	ok	redownloaded	DISRUPTED_STRONG	Miniprot and Exonerate both support coding disruption with no intact local rescue.	ok	0.0	0.0	True	
GCA_965153915.2	Bos taurus	Bos taurus	Scaffold	ok	redownloaded	DISRUPTED_STRONG	Miniprot and Exonerate both support coding disruption with no intact local rescue.	ok	0.0	0.0	True	
GCA_965153925.2	Bos taurus	Bos taurus	Scaffold	ok	redownloaded	DISRUPTED_STRONG	Miniprot and Exonerate both support coding disruption with no intact local rescue.	ok	0.0	0.0	True	
GCA_965153945.2	Bos taurus	Bos taurus	Scaffold	ok	redownloaded	DISRUPTED_STRONG	Miniprot and Exonerate both support coding disruption with no intact local rescue.	ok	0.0	0.0	True	
GCA_965153935.2	Bos taurus	Bos taurus	Scaffold	ok	redownloaded	DISRUPTED_STRONG	Miniprot and Exonerate both support coding disruption with no intact local rescue.	ok	0.0	0.0	True	
GCA_965153955.2	Bos taurus	Bos taurus	Scaffold	ok	redownloaded	DISRUPTED_STRONG	Miniprot and Exonerate both support coding disruption with no intact local rescue.	ok	0.0	0.0	True	
GCA_965153975.2	Bos taurus	Bos taurus	Scaffold	ok	redownloaded	DISRUPTED_STRONG	Miniprot and Exonerate both support coding disruption with no intact local rescue.	ok	0.0	0.0	True	
GCA_965153965.2	Bos taurus	Bos taurus	Scaffold	ok	redownloaded	DISRUPTED_STRONG	Miniprot and Exonerate both support coding disruption with no intact local rescue.	ok	0.0	0.0	True	
GCA_965153985.2	Bos taurus	Bos taurus	Scaffold	ok	redownloaded	DISRUPTED_STRONG	Miniprot and Exonerate both support coding disruption with no intact local rescue.	ok	0.0	0.0	True	
GCA_965153995.2	Bos taurus	Bos taurus	Scaffold	ok	redownloaded	DISRUPTED_STRONG	Miniprot and Exonerate both support coding disruption with no intact local rescue.	ok	0.0	0.0	True	
GCA_965154005.2	Bos taurus	Bos taurus	Scaffold	ok	redownloaded	DISRUPTED_STRONG	Miniprot and Exonerate both support coding disruption with no intact local rescue.	ok	0.0	0.0	True	
GCA_965154015.2	Bos taurus	Bos taurus	Scaffold	ok	redownloaded	DISRUPTED_STRONG	Miniprot and Exonerate both support coding disruption with no intact local rescue.	ok	0.0	0.0	True	
GCA_965154025.2	Bos taurus	Bos taurus	Scaffold	ok	redownloaded	DISRUPTED_STRONG	Miniprot and Exonerate both support coding disruption with no intact local rescue.	ok	0.0	0.0	True	
GCA_965154035.2	Bos taurus	Bos taurus	Scaffold	ok	redownloaded	DISRUPTED_STRONG	Miniprot and Exonerate both support coding disruption with no intact local rescue.	ok	0.0	0.0	True	
GCA_965154045.2	Bos taurus	Bos taurus	Scaffold	ok	redownloaded	DISRUPTED_STRONG	Miniprot and Exonerate both support coding disruption with no intact local rescue.	ok	0.0	0.0	True	
GCA_965154055.2	Bos taurus	Bos taurus	Scaffold	ok	redownloaded	DISRUPTED_STRONG	Miniprot and Exonerate both support coding disruption with no intact local rescue.	ok	0.0	0.0	True	
GCA_965154065.2	Bos taurus	Bos taurus	Scaffold	ok	redownloaded	DISRUPTED_STRONG	Miniprot and Exonerate both support coding disruption with no intact local rescue.	ok	0.0	0.0	True	
GCA_965154075.2	Bos taurus	Bos taurus	Scaffold	ok	redownloaded	DISRUPTED_STRONG	Miniprot and Exonerate both support coding disruption with no intact local rescue.	ok	0.0	0.0	True	
GCA_965154085.2	Bos taurus	Bos taurus	Scaffold	ok	redownloaded	DISRUPTED_STRONG	Miniprot and Exonerate both support coding disruption with no intact local rescue.	ok	0.0	0.0	True	
GCA_965154095.2	Bos taurus	Bos taurus	Scaffold	ok	redownloaded	DISRUPTED_STRONG	Miniprot and Exonerate both support coding disruption with no intact local rescue.	ok	0.0	0.0	True	
GCA_965154105.2	Bos taurus	Bos taurus	Scaffold	ok	redownloaded	DISRUPTED_STRONG	Miniprot and Exonerate both support coding disruption with no intact local rescue.	ok	0.0	0.0	True	
GCA_965154155.2	Bos taurus	Bos taurus	Scaffold	ok	redownloaded	DISRUPTED_STRONG	Miniprot and Exonerate both support coding disruption with no intact local rescue.	ok	0.0	0.0	True	
GCA_965154175.2	Bos taurus	Bos taurus	Scaffold	ok	redownloaded	UNRESOLVED_ASSEMBLY_GAP	The candidate locus contains substantial ambiguous sequence.	ok	0.0003849373995553973	100.0	True	
GCA_965154165.2	Bos taurus	Bos taurus	Scaffold	ok	redownloaded	DISRUPTED_STRONG	Miniprot and Exonerate both support coding disruption with no intact local rescue.	ok	0.0	0.0	True	
GCA_965154185.2	Bos taurus	Bos taurus	Scaffold	ok	redownloaded	DISRUPTED_STRONG	Miniprot and Exonerate both support coding disruption with no intact local rescue.	ok	0.0	0.0	True	
GCA_965154195.2	Bos taurus	Bos taurus	Scaffold	ok	redownloaded	DISRUPTED_STRONG	Miniprot and Exonerate both support coding disruption with no intact local rescue.	ok	0.0	0.0	True	
GCA_965154205.2	Bos taurus	Bos taurus	Scaffold	ok	redownloaded	UNRESOLVED_ASSEMBLY_GAP	The candidate locus contains substantial ambiguous sequence.	ok	0.00019246907022041557	100.0	True	
GCA_965154215.2	Bos taurus	Bos taurus	Scaffold	ok	redownloaded	UNRESOLVED_ASSEMBLY_GAP	The candidate locus contains substantial ambiguous sequence.	ok	0.0001923517112569992	100.0	True	
GCA_965154225.2	Bos taurus	Bos taurus	Scaffold	ok	redownloaded	DISRUPTED_STRONG	Miniprot and Exonerate both support coding disruption with no intact local rescue.	ok	0.0	0.0	True	
GCA_965154235.2	Bos taurus	Bos taurus	Scaffold	ok	redownloaded	DISRUPTED_STRONG	Miniprot and Exonerate both support coding disruption with no intact local rescue.	ok	0.0	0.0	True	
GCA_965154255.2	Bos taurus	Bos taurus	Scaffold	ok	redownloaded	DISRUPTED_STRONG	Miniprot and Exonerate both support coding disruption with no intact local rescue.	ok	0.0	0.0	True	
GCA_965154265.2	Bos taurus	Bos taurus	Scaffold	ok	redownloaded	DISRUPTED_STRONG	Miniprot and Exonerate both support coding disruption with no intact local rescue.	ok	0.0	0.0	True	
GCA_965154245.2	Bos taurus	Bos taurus	Scaffold	ok	redownloaded	DISRUPTED_STRONG	Miniprot and Exonerate both support coding disruption with no intact local rescue.	ok	0.0	0.0	True	
GCA_965154285.2	Bos taurus	Bos taurus	Scaffold	ok	redownloaded	DISRUPTED_STRONG	Miniprot and Exonerate both support coding disruption with no intact local rescue.	ok	0.0	0.0	True	
GCA_965154275.2	Bos taurus	Bos taurus	Scaffold	ok	redownloaded	DISRUPTED_STRONG	Miniprot and Exonerate both support coding disruption with no intact local rescue.	ok	0.0	0.0	True	
GCA_965154295.2	Bos taurus	Bos taurus	Scaffold	ok	redownloaded	UNRESOLVED_ASSEMBLY_GAP	The candidate locus contains substantial ambiguous sequence.	ok	0.0001924694406645585	100.0	True	
GCA_965154305.2	Bos taurus	Bos taurus	Scaffold	ok	redownloaded	DISRUPTED_STRONG	Miniprot and Exonerate both support coding disruption with no intact local rescue.	ok	0.0	0.0	True	
GCA_965154315.2	Bos taurus	Bos taurus	Scaffold	ok	redownloaded	UNRESOLVED_ASSEMBLY_GAP	The candidate locus contains substantial ambiguous sequence.	ok	0.0003847063824712384	100.0	True	
GCA_965154325.2	Bos taurus	Bos taurus	Scaffold	ok	redownloaded	UNRESOLVED_ASSEMBLY_GAP	The candidate locus contains substantial ambiguous sequence.	ok	0.00019235208124951912	100.0	True	
GCA_965154335.2	Bos taurus	Bos taurus	Scaffold	ok	redownloaded	DISRUPTED_STRONG	Miniprot and Exonerate both support coding disruption with no intact local rescue.	ok	0.0	0.0	True	
GCA_965154345.2	Bos taurus	Bos taurus	Scaffold	ok	redownloaded	DISRUPTED_STRONG	Miniprot and Exonerate both support coding disruption with no intact local rescue.	ok	0.0	0.0	True	
GCA_965154355.2	Bos taurus	Bos taurus	Scaffold	ok	redownloaded	DISRUPTED_STRONG	Miniprot and Exonerate both support coding disruption with no intact local rescue.	ok	0.0	0.0	True	
GCA_965154365.2	Bos taurus	Bos taurus	Scaffold	ok	redownloaded	UNRESOLVED_ASSEMBLY_GAP	The candidate locus contains substantial ambiguous sequence.	ok	0.00019246907022041557	100.0	True	
GCA_965154385.2	Bos taurus	Bos taurus	Scaffold	ok	redownloaded	DISRUPTED_STRONG	Miniprot and Exonerate both support coding disruption with no intact local rescue.	ok	0.0	0.0	True	
GCA_965154375.2	Bos taurus	Bos taurus	Scaffold	ok	redownloaded	DISRUPTED_STRONG	Miniprot and Exonerate both support coding disruption with no intact local rescue.	ok	0.0	0.0	True	
GCA_965154395.2	Bos taurus	Bos taurus	Scaffold	ok	redownloaded	DISRUPTED_STRONG	Miniprot and Exonerate both support coding disruption with no intact local rescue.	ok	0.0	0.0	True	
GCA_965154405.2	Bos taurus	Bos taurus	Scaffold	ok	redownloaded	DISRUPTED_STRONG	Miniprot and Exonerate both support coding disruption with no intact local rescue.	ok	0.0	0.0	True	
GCA_965154415.2	Bos taurus	Bos taurus	Scaffold	ok	redownloaded	DISRUPTED_STRONG	Miniprot and Exonerate both support coding disruption with no intact local rescue.	ok	0.0	0.0	True	
GCA_965154425.2	Bos taurus	Bos taurus	Scaffold	ok	redownloaded	DISRUPTED_STRONG	Miniprot and Exonerate both support coding disruption with no intact local rescue.	ok	0.0	0.0	True	
GCA_965154435.2	Bos taurus	Bos taurus	Scaffold	ok	redownloaded	DISRUPTED_STRONG	Miniprot and Exonerate both support coding disruption with no intact local rescue.	ok	0.0	0.0	True	
GCA_965154445.2	Bos taurus	Bos taurus	Scaffold	ok	redownloaded	DISRUPTED_STRONG	Miniprot and Exonerate both support coding disruption with no intact local rescue.	ok	0.0	0.0	True	
GCA_965177315.2	Bos taurus	Bos taurus	Scaffold	ok	redownloaded	DISRUPTED_STRONG	Miniprot and Exonerate both support coding disruption with no intact local rescue.	ok	0.0	0.0	True	
GCA_965177325.2	Bos taurus	Bos taurus	Scaffold	ok	redownloaded	UNRESOLVED_ASSEMBLY_GAP	The candidate locus contains substantial ambiguous sequence.	ok	0.0001923528212388291	100.0	True	
GCA_965177335.2	Bos taurus	Bos taurus	Scaffold	ok	redownloaded	DISRUPTED_STRONG	Miniprot and Exonerate both support coding disruption with no intact local rescue.	ok	0.0	0.0	True	
GCA_965177345.2	Bos taurus	Bos taurus	Scaffold	ok	redownloaded	DISRUPTED_STRONG	Miniprot and Exonerate both support coding disruption with no intact local rescue.	ok	0.0	0.0	True	
GCA_965177355.2	Bos taurus	Bos taurus	Scaffold	ok	redownloaded	DISRUPTED_STRONG	Miniprot and Exonerate both support coding disruption with no intact local rescue.	ok	0.0	0.0	True	
GCA_965177365.2	Bos taurus	Bos taurus	Scaffold	ok	redownloaded	DISRUPTED_STRONG	Miniprot and Exonerate both support coding disruption with no intact local rescue.	ok	0.0	0.0	True	
GCA_965177375.2	Bos taurus	Bos taurus	Scaffold	ok	redownloaded	DISRUPTED_STRONG	Miniprot and Exonerate both support coding disruption with no intact local rescue.	ok	0.0	0.0	True	
GCA_965177385.2	Bos taurus	Bos taurus	Scaffold	ok	redownloaded	DISRUPTED_STRONG	Miniprot and Exonerate both support coding disruption with no intact local rescue.	ok	0.0	0.0	True	
GCA_965177395.2	Bos taurus	Bos taurus	Scaffold	ok	redownloaded	DISRUPTED_STRONG	Miniprot and Exonerate both support coding disruption with no intact local rescue.	ok	0.0	0.0	True	
GCA_965177405.2	Bos taurus	Bos taurus	Scaffold	ok	redownloaded	UNRESOLVED_ASSEMBLY_GAP	The candidate locus contains substantial ambiguous sequence.	ok	0.00019235393123346957	100.0	True	
GCA_965177415.2	Bos taurus	Bos taurus	Scaffold	ok	redownloaded	DISRUPTED_STRONG	Miniprot and Exonerate both support coding disruption with no intact local rescue.	ok	0.0	0.0	True	
GCA_965177425.2	Bos taurus	Bos taurus	Scaffold	ok	redownloaded	DISRUPTED_STRONG	Miniprot and Exonerate both support coding disruption with no intact local rescue.	ok	0.0	0.0	True	
GCA_965177435.2	Bos taurus	Bos taurus	Scaffold	ok	redownloaded	UNRESOLVED_ASSEMBLY_GAP	The candidate locus contains substantial ambiguous sequence.	ok	0.0001923535612338327	100.0	True	
GCA_965177445.2	Bos taurus	Bos taurus	Scaffold	ok	redownloaded	DISRUPTED_STRONG	Miniprot and Exonerate both support coding disruption with no intact local rescue.	ok	0.0	0.0	True	
GCA_965177455.2	Bos taurus	Bos taurus	Scaffold	ok	redownloaded	DISRUPTED_STRONG	Miniprot and Exonerate both support coding disruption with no intact local rescue.	ok	0.0	0.0	True	
GCA_965177465.2	Bos taurus	Bos taurus	Scaffold	ok	redownloaded	DISRUPTED_STRONG	Miniprot and Exonerate both support coding disruption with no intact local rescue.	ok	0.0	0.0	True	
GCA_965177485.2	Bos taurus	Bos taurus	Scaffold	ok	redownloaded	DISRUPTED_STRONG	Miniprot and Exonerate both support coding disruption with no intact local rescue.	ok	0.0	0.0	True	
GCA_965177475.2	Bos taurus	Bos taurus	Scaffold	ok	redownloaded	DISRUPTED_STRONG	Miniprot and Exonerate both support coding disruption with no intact local rescue.	ok	0.0	0.0	True	
GCA_965177495.2	Bos taurus	Bos taurus	Scaffold	ok	redownloaded	DISRUPTED_STRONG	Miniprot and Exonerate both support coding disruption with no intact local rescue.	ok	0.0	0.0	True	
GCA_965177505.2	Bos taurus	Bos taurus	Scaffold	ok	redownloaded	DISRUPTED_STRONG	Miniprot and Exonerate both support coding disruption with no intact local rescue.	ok	0.0	0.0	True	
GCA_965177515.2	Bos taurus	Bos taurus	Scaffold	ok	redownloaded	DISRUPTED_STRONG	Miniprot and Exonerate both support coding disruption with no intact local rescue.	ok	0.0	0.0	True	
GCA_965177525.2	Bos taurus	Bos taurus	Scaffold	ok	redownloaded	DISRUPTED_STRONG	Miniprot and Exonerate both support coding disruption with no intact local rescue.	ok	0.0	0.0	True	
GCA_965177535.2	Bos taurus	Bos taurus	Scaffold	ok	redownloaded	DISRUPTED_STRONG	Miniprot and Exonerate both support coding disruption with no intact local rescue.	ok	0.0	0.0	True	
GCA_965177645.2	Bos taurus	Bos taurus	Scaffold	genome_missing	missing	UNRESOLVED_NO_GENOME	Genome FASTA is not present. If the first run used --cleanup-genomes, rerun with --redownload-missing or --genome-map.	ok				
GCA_965177555.2	Bos taurus	Bos taurus	Scaffold	ok	redownloaded	DISRUPTED_STRONG	Miniprot and Exonerate both support coding disruption with no intact local rescue.	ok	0.0	0.0	True	
GCA_965177565.2	Bos taurus	Bos taurus	Scaffold	ok	redownloaded	UNRESOLVED_ASSEMBLY_GAP	The candidate locus contains substantial ambiguous sequence.	ok	0.00019246869977769865	100.0	True	
GCA_965177575.2	Bos taurus	Bos taurus	Scaffold	ok	redownloaded	DISRUPTED_STRONG	Miniprot and Exonerate both support coding disruption with no intact local rescue.	ok	0.0	0.0	True	
GCA_965177545.2	Bos taurus	Bos taurus	Scaffold	ok	redownloaded	DISRUPTED_STRONG	Miniprot and Exonerate both support coding disruption with no intact local rescue.	ok	0.0	0.0	True	
GCA_965177585.2	Bos taurus	Bos taurus	Scaffold	ok	redownloaded	DISRUPTED_STRONG	Miniprot and Exonerate both support coding disruption with no intact local rescue.	ok	0.0	0.0	True	
GCA_965177605.2	Bos taurus	Bos taurus	Scaffold	ok	redownloaded	DISRUPTED_STRONG	Miniprot and Exonerate both support coding disruption with no intact local rescue.	ok	0.0	0.0	True	
GCA_965177615.2	Bos taurus	Bos taurus	Scaffold	ok	redownloaded	DISRUPTED_STRONG	Miniprot and Exonerate both support coding disruption with no intact local rescue.	ok	0.0	0.0	True	
GCA_965177705.2	Bos taurus	Bos taurus	Scaffold	genome_missing	missing	UNRESOLVED_NO_GENOME	Genome FASTA is not present. If the first run used --cleanup-genomes, rerun with --redownload-missing or --genome-map.	ok				
GCA_965177625.2	Bos taurus	Bos taurus	Scaffold	ok	redownloaded	DISRUPTED_STRONG	Miniprot and Exonerate both support coding disruption with no intact local rescue.	ok	0.0	0.0	True	
GCA_965177635.2	Bos taurus	Bos taurus	Scaffold	ok	redownloaded	DISRUPTED_STRONG	Miniprot and Exonerate both support coding disruption with no intact local rescue.	ok	0.0	0.0	True	
GCA_965177655.2	Bos taurus	Bos taurus	Scaffold	ok	redownloaded	DISRUPTED_STRONG	Miniprot and Exonerate both support coding disruption with no intact local rescue.	ok	0.0	0.0	True	
GCA_965177765.2	Bos taurus	Bos taurus	Scaffold	genome_missing	missing	UNRESOLVED_NO_GENOME	Genome FASTA is not present. If the first run used --cleanup-genomes, rerun with --redownload-missing or --genome-map.	ok				
GCA_965177665.2	Bos taurus	Bos taurus	Scaffold	ok	redownloaded	DISRUPTED_STRONG	Miniprot and Exonerate both support coding disruption with no intact local rescue.	ok	0.0	0.0	True	
GCA_965177785.2	Bos taurus	Bos taurus	Scaffold	genome_missing	missing	UNRESOLVED_NO_GENOME	Genome FASTA is not present. If the first run used --cleanup-genomes, rerun with --redownload-missing or --genome-map.	ok				
GCA_965177675.2	Bos taurus	Bos taurus	Scaffold	ok	redownloaded	DISRUPTED_STRONG	Miniprot and Exonerate both support coding disruption with no intact local rescue.	ok	0.0	0.0	True	
GCA_965177795.2	Bos taurus	Bos taurus	Scaffold	genome_missing	missing	UNRESOLVED_NO_GENOME	Genome FASTA is not present. If the first run used --cleanup-genomes, rerun with --redownload-missing or --genome-map.	ok				
GCA_965177685.2	Bos taurus	Bos taurus	Scaffold	ok	redownloaded	DISRUPTED_STRONG	Miniprot and Exonerate both support coding disruption with no intact local rescue.	ok	0.0	0.0	True	
GCA_965177715.2	Bos taurus	Bos taurus	Scaffold	ok	redownloaded	DISRUPTED_STRONG	Miniprot and Exonerate both support coding disruption with no intact local rescue.	ok	0.0	0.0	True	
GCA_965177695.2	Bos taurus	Bos taurus	Scaffold	ok	redownloaded	DISRUPTED_STRONG	Miniprot and Exonerate both support coding disruption with no intact local rescue.	ok	0.0	0.0	True	
GCA_965177725.2	Bos taurus	Bos taurus	Scaffold	ok	redownloaded	DISRUPTED_STRONG	Miniprot and Exonerate both support coding disruption with no intact local rescue.	ok	0.0	0.0	True	
GCA_965177745.2	Bos taurus	Bos taurus	Scaffold	ok	redownloaded	DISRUPTED_STRONG	Miniprot and Exonerate both support coding disruption with no intact local rescue.	ok	0.0	0.0	True	
GCA_965177735.2	Bos taurus	Bos taurus	Scaffold	ok	redownloaded	DISRUPTED_STRONG	Miniprot and Exonerate both support coding disruption with no intact local rescue.	ok	0.0	0.0	True	
GCA_965177755.2	Bos taurus	Bos taurus	Scaffold	ok	redownloaded	DISRUPTED_STRONG	Miniprot and Exonerate both support coding disruption with no intact local rescue.	ok	0.0	0.0	True	
GCA_965363385.1	Ovis aries	Ovis aries	Scaffold	genome_missing	missing	UNRESOLVED_NO_GENOME	Genome FASTA is not present. If the first run used --cleanup-genomes, rerun with --redownload-missing or --genome-map.	ok				
GCA_965363395.1	Capra hircus	Capra hircus	Scaffold	genome_missing	missing	UNRESOLVED_NO_GENOME	Genome FASTA is not present. If the first run used --cleanup-genomes, rerun with --redownload-missing or --genome-map.	ok				
GCA_965177775.2	Bos taurus	Bos taurus	Scaffold	ok	redownloaded	DISRUPTED_STRONG	Miniprot and Exonerate both support coding disruption with no intact local rescue.	ok	0.0	0.0	True	
GCA_965177825.2	Bos taurus	Bos taurus	Scaffold	ok	redownloaded	DISRUPTED_STRONG	Miniprot and Exonerate both support coding disruption with no intact local rescue.	ok	0.0	0.0	True	
GCA_965363855.1	Capra hircus	Capra hircus	Scaffold	genome_missing	missing	UNRESOLVED_NO_GENOME	Genome FASTA is not present. If the first run used --cleanup-genomes, rerun with --redownload-missing or --genome-map.	ok				
GCA_965177805.2	Bos taurus	Bos taurus	Scaffold	ok	redownloaded	DISRUPTED_STRONG	Miniprot and Exonerate both support coding disruption with no intact local rescue.	ok	0.0	0.0	True	
GCA_965225615.1	Bos gaurus	Bos gaurus	Scaffold	ok	redownloaded	DISRUPTED_STRONG	Miniprot and Exonerate both support coding disruption with no intact local rescue.	ok	0.0	0.0	True	
GCA_965246665.2	Bubalus bubalis bubalis	Bubalus bubalis	Contig	ok	redownloaded	DISRUPTED_STRONG	Miniprot and Exonerate both support coding disruption with no intact local rescue.	ok	0.0	0.0	True	
GCA_965364765.1	Ovis aries	Ovis aries	Scaffold	genome_missing	missing	UNRESOLVED_NO_GENOME	Genome FASTA is not present. If the first run used --cleanup-genomes, rerun with --redownload-missing or --genome-map.	ok				
GCA_965363425.1	Ovis aries	Ovis aries	Scaffold	ok	redownloaded	DISRUPTED_STRONG	Miniprot and Exonerate both support coding disruption with no intact local rescue.	ok	0.0	0.0	True	
GCA_965363435.1	Ovis aries	Ovis aries	Scaffold	ok	redownloaded	DISRUPTED_STRONG	Miniprot and Exonerate both support coding disruption with no intact local rescue.	ok	0.0	0.0	True	
GCA_965363445.1	Ovis aries	Ovis aries	Scaffold	ok	redownloaded	DISRUPTED_STRONG	Miniprot and Exonerate both support coding disruption with no intact local rescue.	ok	0.0	0.0	True	
GCA_965363705.1	Ovis aries	Ovis aries	Scaffold	ok	redownloaded	UNRESOLVED_ASSEMBLY_GAP	The candidate locus contains substantial ambiguous sequence.	ok	0.00019219865653139084	100.0	True	
GCA_965363845.1	Capra hircus	Capra hircus	Scaffold	ok	redownloaded	DISRUPTED_STRONG	Miniprot and Exonerate both support coding disruption with no intact local rescue.	ok	0.0	0.0	True	
GCA_965363785.1	Ovis aries	Ovis aries	Scaffold	ok	redownloaded	DISRUPTED_STRONG	Miniprot and Exonerate both support coding disruption with no intact local rescue.	ok	0.0	0.0	True	
GCA_965364855.1	Ovis aries	Ovis aries	Scaffold	genome_missing	missing	UNRESOLVED_NO_GENOME	Genome FASTA is not present. If the first run used --cleanup-genomes, rerun with --redownload-missing or --genome-map.	ok				
GCA_965365915.1	Ovis aries	Ovis aries	Scaffold	genome_missing	missing	UNRESOLVED_NO_GENOME	Genome FASTA is not present. If the first run used --cleanup-genomes, rerun with --redownload-missing or --genome-map.	ok				
GCA_965364655.1	Capra hircus	Capra hircus	Scaffold	ok	redownloaded	DISRUPTED_STRONG	Miniprot and Exonerate both support coding disruption with no intact local rescue.	ok	0.0	0.0	True	
GCA_965363885.1	Capra hircus	Capra hircus	Scaffold	ok	redownloaded	DISRUPTED_STRONG	Miniprot and Exonerate both support coding disruption with no intact local rescue.	ok	0.0	0.0	True	
GCA_965365925.1	Capra hircus	Capra hircus	Scaffold	genome_missing	missing	UNRESOLVED_NO_GENOME	Genome FASTA is not present. If the first run used --cleanup-genomes, rerun with --redownload-missing or --genome-map.	ok				
GCA_965642205.1	Bubalus bubalis bubalis	Bubalus bubalis	Contig	genome_missing	missing	UNRESOLVED_NO_GENOME	Genome FASTA is not present. If the first run used --cleanup-genomes, rerun with --redownload-missing or --genome-map.	ok				
GCA_976986635.2	Bos taurus	Bos taurus	Contig	genome_missing	missing	UNRESOLVED_NO_GENOME	Genome FASTA is not present. If the first run used --cleanup-genomes, rerun with --redownload-missing or --genome-map.	ok				
GCA_965365845.1	Capra hircus	Capra hircus	Scaffold	ok	redownloaded	DISRUPTED_STRONG	Miniprot and Exonerate both support coding disruption with no intact local rescue.	ok	0.0	0.0	True	
GCA_965637775.1	Ovis aries	Ovis aries	Scaffold	ok	redownloaded	DISRUPTED_STRONG	Miniprot and Exonerate both support coding disruption with no intact local rescue.	ok	0.0	0.0	True	
GCA_976986615.1	Bos taurus	Bos taurus	Contig	ok	redownloaded	DISRUPTED_STRONG	Miniprot and Exonerate both support coding disruption with no intact local rescue.	ok	0.0	0.0	True	
GCA_965642185.1	Bubalus bubalis bubalis	Bubalus bubalis	Contig	ok	redownloaded	DISRUPTED_STRONG	Miniprot and Exonerate both support coding disruption with no intact local rescue.	ok	0.0	0.0	True	
GCA_974728815.1	Bos taurus	Bos taurus	Scaffold	ok	redownloaded	UNRESOLVED_ASSEMBLY_GAP	The candidate locus contains substantial ambiguous sequence.	ok	0.0005774072106612467	100.0	True	
GCA_965606195.1	Bubalus bubalis bubalis	Bubalus bubalis	Contig	ok	redownloaded	DISRUPTED_STRONG	Miniprot and Exonerate both support coding disruption with no intact local rescue.	ok	0.0	0.0	True	
GCA_965642195.1	Bubalus bubalis bubalis	Bubalus bubalis	Contig	ok	redownloaded	DISRUPTED_STRONG	Miniprot and Exonerate both support coding disruption with no intact local rescue.	ok	0.0	0.0	True	
GCA_977879435.1	Capra hircus	Capra hircus	Scaffold	ok	redownloaded	DISRUPTED_STRONG	Miniprot and Exonerate both support coding disruption with no intact local rescue.	ok	0.0	0.0	True	
GCA_977879805.1	Capra hircus	Capra hircus	Scaffold	ok	redownloaded	DISRUPTED_STRONG	Miniprot and Exonerate both support coding disruption with no intact local rescue.	ok	0.0	0.0	True	
GCA_976986625.1	Bos taurus	Bos taurus	Contig	ok	redownloaded	DISRUPTED_STRONG	Miniprot and Exonerate both support coding disruption with no intact local rescue.	ok	0.0	0.0	True	
GCA_977880105.2	Capra hircus	Capra hircus	Scaffold	ok	redownloaded	DISRUPTED_STRONG	Miniprot and Exonerate both support coding disruption with no intact local rescue.	ok	0.0	0.0	True	
GCA_977927225.1	Bos taurus	Bos taurus	Chromosome	ok	redownloaded	DISRUPTED_STRONG	Miniprot and Exonerate both support coding disruption with no intact local rescue.	ok	0.0	0.0	True	
GCA_977927265.1	Bos taurus	Bos taurus	Chromosome	ok	redownloaded	DISRUPTED_STRONG	Miniprot and Exonerate both support coding disruption with no intact local rescue.	ok	0.0	0.0	True	
GCA_977927255.1	Bos taurus	Bos taurus	Chromosome	ok	redownloaded	DISRUPTED_STRONG	Miniprot and Exonerate both support coding disruption with no intact local rescue.	ok	0.0	0.0	True	
GCA_977927245.1	Bos taurus	Bos taurus	Chromosome	ok	redownloaded	DISRUPTED_STRONG	Miniprot and Exonerate both support coding disruption with no intact local rescue.	ok	0.0	0.0	True	
GCA_977970235.1	Bos taurus	Bos taurus	Chromosome	ok	redownloaded	DISRUPTED_STRONG	Miniprot and Exonerate both support coding disruption with no intact local rescue.	ok	0.0	0.0	True	
GCA_977927285.1	Bos taurus	Bos taurus	Chromosome	ok	redownloaded	DISRUPTED_STRONG	Miniprot and Exonerate both support coding disruption with no intact local rescue.	ok	0.0	0.0	True	
GCA_984506425.1	Capra hircus	Capra hircus	Scaffold	ok	redownloaded	DISRUPTED_STRONG	Miniprot and Exonerate both support coding disruption with no intact local rescue.	ok	0.0	0.0	True	
GCA_984506415.1	Ovis aries	Ovis aries	Scaffold	ok	redownloaded	DISRUPTED_STRONG	Miniprot and Exonerate both support coding disruption with no intact local rescue.	ok	0.0	0.0	True	
GCA_984506435.1	Ovis aries	Ovis aries	Scaffold	ok	redownloaded	DISRUPTED_STRONG	Miniprot and Exonerate both support coding disruption with no intact local rescue.	ok	0.0	0.0	True	
GCA_984506445.1	Ovis aries	Ovis aries	Scaffold	ok	redownloaded	DISRUPTED_STRONG	Miniprot and Exonerate both support coding disruption with no intact local rescue.	ok	0.0	0.0	True	
GCA_984506455.1	Ovis aries	Ovis aries	Scaffold	ok	redownloaded	DISRUPTED_STRONG	Miniprot and Exonerate both support coding disruption with no intact local rescue.	ok	0.0	0.0	True	
GCA_984506465.1	Ovis aries	Ovis aries	Scaffold	ok	redownloaded	DISRUPTED_STRONG	Miniprot and Exonerate both support coding disruption with no intact local rescue.	ok	0.0	0.0	True	
GCA_984506515.1	Capra hircus	Capra hircus	Scaffold	ok	redownloaded	DISRUPTED_STRONG	Miniprot and Exonerate both support coding disruption with no intact local rescue.	ok	0.0	0.0	True	
GCA_984506535.1	Capra hircus	Capra hircus	Scaffold	ok	redownloaded	DISRUPTED_STRONG	Miniprot and Exonerate both support coding disruption with no intact local rescue.	ok	0.0	0.0	True	
GCA_984506825.1	Capra hircus	Capra hircus	Scaffold	ok	redownloaded	DISRUPTED_STRONG	Miniprot and Exonerate both support coding disruption with no intact local rescue.	ok	0.0	0.0	True	
GCA_984506635.1	Ovis aries	Ovis aries	Scaffold	ok	redownloaded	DISRUPTED_STRONG	Miniprot and Exonerate both support coding disruption with no intact local rescue.	ok	0.0	0.0	True	
GCA_984506805.1	Ovis aries	Ovis aries	Scaffold	ok	redownloaded	DISRUPTED_STRONG	Miniprot and Exonerate both support coding disruption with no intact local rescue.	ok	0.0	0.0	True	
GCA_984506815.1	Ovis aries	Ovis aries	Scaffold	ok	redownloaded	DISRUPTED_STRONG	Miniprot and Exonerate both support coding disruption with no intact local rescue.	ok	0.0	0.0	True	
GCA_984507005.1	Ovis aries	Ovis aries	Scaffold	ok	redownloaded	UNRESOLVED_ASSEMBLY_GAP	The candidate locus contains substantial ambiguous sequence.	ok	0.00019219865653139084	100.0	True	
GCA_984506965.1	Ovis aries	Ovis aries	Scaffold	ok	redownloaded	UNRESOLVED_ASSEMBLY_GAP	The candidate locus contains substantial ambiguous sequence.	ok	0.00019239278911826384	100.0	True	
GCA_984513515.1	Capra hircus	Capra hircus	Scaffold	ok	redownloaded	DISRUPTED_STRONG	Miniprot and Exonerate both support coding disruption with no intact local rescue.	ok	0.0	0.0	True	
GCA_984513465.1	Ovis aries	Ovis aries	Scaffold	ok	redownloaded	DISRUPTED_STRONG	Miniprot and Exonerate both support coding disruption with no intact local rescue.	ok	0.0	0.0	True	
GCA_984513855.1	Capra hircus	Capra hircus	Scaffold	ok	redownloaded	DISRUPTED_STRONG	Miniprot and Exonerate both support coding disruption with no intact local rescue.	ok	0.0	0.0	True	
GCA_984514235.1	Ovis aries	Ovis aries	Scaffold	ok	redownloaded	DISRUPTED_STRONG	Miniprot and Exonerate both support coding disruption with no intact local rescue.	ok	0.0	0.0	True	
GCA_984514435.1	Ovis aries	Ovis aries	Scaffold	ok	redownloaded	DISRUPTED_STRONG	Miniprot and Exonerate both support coding disruption with no intact local rescue.	ok	0.0	0.0	True	
GCA_984514685.1	Ovis aries	Ovis aries	Scaffold	ok	redownloaded	DISRUPTED_STRONG	Miniprot and Exonerate both support coding disruption with no intact local rescue.	ok	0.0	0.0	True	
GCF_000298355.1	Bos mutus	Bos mutus	Scaffold	ok	redownloaded	UNRESOLVED_ASSEMBLY_GAP	The candidate locus contains substantial ambiguous sequence.	ok	0.05875263706102105	3713.0	True	
GCF_000247795.1	Bos indicus	Bos indicus	Chromosome	ok	redownloaded	UNRESOLVED_ASSEMBLY_GAP	The candidate locus contains substantial ambiguous sequence.	ok	0.22797630385552972	91875.0	True	
GCA_984538235.1	Ovis aries	Ovis aries	Scaffold	ok	redownloaded	DISRUPTED_STRONG	Miniprot and Exonerate both support coding disruption with no intact local rescue.	ok	0.0	0.0	True	
GCF_000400835.1	Pantholops hodgsonii	Pantholops hodgsonii	Scaffold	ok	redownloaded	UNRESOLVED_ASSEMBLY_GAP	The candidate locus contains substantial ambiguous sequence.	ok	0.09491069426799192	5536.0	True	
GCF_000003055.6	Bos taurus	Bos taurus	Chromosome	ok	redownloaded	UNRESOLVED_ASSEMBLY_GAP	The candidate locus contains substantial ambiguous sequence.	ok	0.007791688224760681	2369.0	True	
GCF_000298735.2	Ovis aries	Ovis aries	Chromosome	ok	redownloaded	UNRESOLVED_ASSEMBLY_GAP	The candidate locus contains substantial ambiguous sequence.	ok	0.014145718593274053	2573.0	True	
GCF_000003205.7	Bos taurus	Bos taurus	Chromosome	ok	redownloaded	UNRESOLVED_ASSEMBLY_GAP	The candidate locus contains substantial ambiguous sequence.	ok	0.003440960314514159	1389.0	True	
GCF_000471725.1	Bubalus bubalis	Bubalus bubalis	Scaffold	ok	redownloaded	UNRESOLVED_ASSEMBLY_GAP	The candidate locus contains substantial ambiguous sequence.	ok	0.04228581165599743	2015.0	True	
GCF_000754665.1	Bison bison bison	Bison bison	Scaffold	ok	redownloaded	UNRESOLVED_ASSEMBLY_GAP	The candidate locus contains substantial ambiguous sequence.	ok	0.027378734031313034	1886.0	True	
GCF_000765115.1	Ovis aries musimon	Ovis aries	Scaffold	ok	redownloaded	UNRESOLVED_ASSEMBLY_GAP	The candidate locus contains substantial ambiguous sequence.	ok	0.06449489509395052	3855.0	True	
GCF_002102435.1	Odocoileus virginianus texanus	Odocoileus virginianus	Scaffold	ok	redownloaded	UNRESOLVED_ASSEMBLY_GAP	The candidate locus contains substantial ambiguous sequence.	ok	0.010320633578101573	1211.0	True	
GCF_003121395.1	Bubalus bubalis	Bubalus bubalis	Chromosome	ok	redownloaded	DISRUPTED_STRONG	Miniprot and Exonerate both support coding disruption with no intact local rescue.	ok	0.0	0.0	True	
GCF_001704415.2	Capra hircus	Capra hircus	Chromosome	ok	redownloaded	DISRUPTED_STRONG	Miniprot and Exonerate both support coding disruption with no intact local rescue.	ok	0.0	0.0	True	
GCF_002263795.3	Bos taurus	Bos taurus	Chromosome	ok	redownloaded	DISRUPTED_STRONG	Miniprot and Exonerate both support coding disruption with no intact local rescue.	ok	0.0	0.0	True	
GCF_019320065.1	Cervus canadensis	Cervus canadensis	Chromosome	ok	redownloaded	UNRESOLVED_ASSEMBLY_GAP	The candidate locus contains substantial ambiguous sequence.	ok	0.0003875570920041159	100.0	True	
GCF_019923925.1	Bubalus bubalis	Bubalus bubalis	Chromosome	ok	redownloaded	DISRUPTED_STRONG	Miniprot and Exonerate both support coding disruption with no intact local rescue.	ok	0.0	0.0	True	
GCF_003369695.1	Bos indicus x Bos taurus	Bos indicus x Bos taurus	Chromosome	ok	redownloaded	DISRUPTED_STRONG	Miniprot and Exonerate both support coding disruption with no intact local rescue.	ok	0.0	0.0	True	
GCF_014754425.2	Oryx dammah	Oryx dammah	Scaffold	ok	redownloaded	DISRUPTED_STRONG	Miniprot and Exonerate both support coding disruption with no intact local rescue.	ok	5.7718058826245557e-05	10.0	True	
GCF_016772045.2	Ovis aries	Ovis aries	Chromosome	ok	redownloaded	DISRUPTED_STRONG	Miniprot and Exonerate both support coding disruption with no intact local rescue.	ok	0.0	0.0	True	
GCF_002742125.1	Ovis aries	Ovis aries	Chromosome	ok	redownloaded	DISRUPTED_STRONG	Miniprot and Exonerate both support coding disruption with no intact local rescue.	ok	0.0	0.0	True	
GCF_019923935.1	Bubalus bubalis	Bubalus bubalis	Chromosome	ok	redownloaded	UNRESOLVED_ASSEMBLY_GAP	The candidate locus contains substantial ambiguous sequence.	ok	0.0001923572612942566	100.0	True	
GCF_023091745.1	Budorcas taxicolor	Budorcas taxicolor	Chromosome	ok	redownloaded	DISRUPTED_STRONG	Miniprot and Exonerate both support coding disruption with no intact local rescue.	ok	0.0	0.0	True	
GCF_023699985.2	Odocoileus virginianus	Odocoileus virginianus	Chromosome	ok	redownloaded	DISRUPTED_STRONG	Miniprot and Exonerate both support coding disruption with no intact local rescue.	ok	0.0	0.0	True	
GCF_029378745.1	Bos indicus	Bos indicus	Chromosome	ok	redownloaded	DISRUPTED_STRONG	Miniprot and Exonerate both support coding disruption with no intact local rescue.	ok	0.0	0.0	True	
GCF_027580195.1	Bos mutus	Bos mutus	Chromosome	ok	redownloaded	DISRUPTED_STRONG	Miniprot and Exonerate both support coding disruption with no intact local rescue.	ok	0.0	0.0	True	
GCF_022376915.1	Moschus berezovskii	Moschus berezovskii	Scaffold	ok	redownloaded	DISRUPTED_STRONG	Miniprot and Exonerate both support coding disruption with no intact local rescue.	ok	0.0	0.0	True	
GCF_032405125.1	Capricornis sumatraensis	Capricornis sumatraensis	Chromosome	ok	redownloaded	DISRUPTED_STRONG	Miniprot and Exonerate both support coding disruption with no intact local rescue.	ok	0.0	0.0	True	
GCF_029407905.1	Bubalus kerabau	Bubalus kerabau	Chromosome	ok	redownloaded	DISRUPTED_STRONG	Miniprot and Exonerate both support coding disruption with no intact local rescue.	ok	0.0	0.0	True	
GCF_032452875.1	Bos javanicus	Bos javanicus	Chromosome	ok	redownloaded	DISRUPTED_STRONG	Miniprot and Exonerate both support coding disruption with no intact local rescue.	ok	0.0	0.0	True	
GCF_033118175.1	Dama dama	Dama dama	Chromosome	ok	redownloaded	DISRUPTED_STRONG	Miniprot and Exonerate both support coding disruption with no intact local rescue.	ok	0.0	0.0	True	
GCF_042477335.2	Ovis canadensis	Ovis canadensis	Chromosome	ok	redownloaded	DISRUPTED_STRONG	Miniprot and Exonerate both support coding disruption with no intact local rescue.	ok	0.0	0.0	True	
GCF_054371585.1	Giraffa tippelskirchi	Giraffa tippelskirchi	Complete Genome	ok	redownloaded	DISRUPTED_STRONG	Miniprot and Exonerate both support coding disruption with no intact local rescue.	ok	0.0	0.0	True	
GCF_055505025.1	Bos grunniens	Bos grunniens	Chromosome	ok	redownloaded	DISRUPTED_STRONG	Miniprot and Exonerate both support coding disruption with no intact local rescue.	ok	0.0	0.0	True	
GCF_910594005.1	Cervus elaphus	Cervus elaphus	Chromosome	ok	redownloaded	DISRUPTED_STRONG	Miniprot and Exonerate both support coding disruption with no intact local rescue.	ok	0.0	0.0	True	
GCF_963930625.1	Muntiacus reevesi	Muntiacus reevesi	Chromosome	ok	redownloaded	DISRUPTED_STRONG	Miniprot and Exonerate both support coding disruption with no intact local rescue.	ok	0.0	0.0	True	
