{
 "analysis":{
   "authors":"Sergei L Kosakovsky Pond, Ben Murrell, Steven Weaver and Temple iGEM / UCSD viral evolution group",
   "citation":"Less Is More: An Adaptive Branch-Site Random Effects Model for Efficient Detection of Episodic Diversifying Selection (2015). Mol Biol Evol 32 (5): 1342-1353",
   "contact":"spond@temple.edu",
   "info":"aBSREL (Adaptive branch-site random effects likelihood)\n                            uses an adaptive random effects branch-site model framework\n                            to test whether each branch has evolved under positive selection,\n                            using a procedure which infers an optimal number of rate categories per branch.",
   "requirements":"in-frame codon alignment and a phylogenetic tree",
   "version":"2.1"
  },
 "branch attributes":{
   "0":{
     "Choloepus_didactylus":{
       "Baseline MG94xREV":0.04604110018525547,
       "Baseline MG94xREV omega ratio":0.3415561119273771,
       "Corrected P-value":1,
       "Full adaptive model":0.04611441815962642,
       "LRT":0,
       "Nucleotide GTR":0.04426196064793902,
       "Rate Distributions":        [
[0.3020578688114053, 1] 
        ],
       "Rate classes":1,
       "Uncorrected P-value":1,
       "original name":"Choloepus_didactylus"
      },
     "Chrysochloris_asiatica":{
       "Baseline MG94xREV":0.06524917522110929,
       "Baseline MG94xREV omega ratio":0.2093574464276855,
       "Corrected P-value":1,
       "Full adaptive model":0.02236540879713374,
       "LRT":-0.001208787296491209,
       "Nucleotide GTR":0.06019981393880704,
       "Rate Distributions":        [
[0.0009992055789901275, 0.8050146764568517],
        [1.013104002548373, 0.1949853235431483] 
        ],
       "Rate classes":2,
       "Uncorrected P-value":0.5,
       "original name":"Chrysochloris_asiatica"
      },
     "Dasypus_novemcinctus":{
       "Baseline MG94xREV":0.04226653857121049,
       "Baseline MG94xREV omega ratio":0.3541171333649211,
       "Corrected P-value":1,
       "Full adaptive model":0.01453395581903472,
       "LRT":0.3719947612808028,
       "Nucleotide GTR":0.0410677773301802,
       "Rate Distributions":        [
[0.03749198289213072, 0.8181220378369979],
        [1.733081344518326, 0.1818779621630021] 
        ],
       "Rate classes":2,
       "Uncorrected P-value":0.3574665219541694,
       "original name":"Dasypus_novemcinctus"
      },
     "Echinops_telfairi":{
       "Baseline MG94xREV":0.09537244209776036,
       "Baseline MG94xREV omega ratio":0.224963823735406,
       "Corrected P-value":1,
       "Full adaptive model":2.85580094310757e+21,
       "LRT":2.301460839189531,
       "Nucleotide GTR":0.08724850309512817,
       "Rate Distributions":        [
[0.1872453339435618, 0.9946401540412584],
        [1e+25, 0.005359845958741616] 
        ],
       "Rate classes":2,
       "Uncorrected P-value":0.1207721498749283,
       "original name":"Echinops_telfairi"
      },
     "Elephantulus_edwardii":{
       "Baseline MG94xREV":0.08943325989121259,
       "Baseline MG94xREV omega ratio":0.2043894285953153,
       "Corrected P-value":1,
       "Full adaptive model":0.03068708038762196,
       "LRT":0,
       "Nucleotide GTR":0.08303303457463272,
       "Rate Distributions":        [
[0, 0.762221399886036],
        [0.8952093642016284, 0.237778600113964] 
        ],
       "Rate classes":2,
       "Uncorrected P-value":1,
       "original name":"Elephantulus_edwardii"
      },
     "Elephas_maximus":{
       "Baseline MG94xREV":0.0008104542848061019,
       "Baseline MG94xREV omega ratio":0.3476215958532688,
       "Corrected P-value":1,
       "Full adaptive model":0.0008523714007320735,
       "LRT":0,
       "Nucleotide GTR":0.0008867796228464248,
       "Rate Distributions":        [
[0.2783263932052975, 1] 
        ],
       "Rate classes":1,
       "Uncorrected P-value":1,
       "original name":"Elephas_maximus"
      },
     "Loxodonta_africana":{
       "Baseline MG94xREV":0.001745041353271808,
       "Baseline MG94xREV omega ratio":0.1123176664738587,
       "Corrected P-value":1,
       "Full adaptive model":0.001710811852402564,
       "LRT":0,
       "Nucleotide GTR":0.001648614939286215,
       "Rate Distributions":        [
[0.1010518350555241, 1] 
        ],
       "Rate classes":1,
       "Uncorrected P-value":1,
       "original name":"Loxodonta_africana"
      },
     "Node12":{
       "Baseline MG94xREV":0.04161952807325881,
       "Baseline MG94xREV omega ratio":0.3560832095869441,
       "Corrected P-value":1,
       "Full adaptive model":0.0413161623326148,
       "LRT":0,
       "Nucleotide GTR":0.03970321286861723,
       "Rate Distributions":        [
[0.3082441120667078, 1] 
        ],
       "Rate classes":1,
       "Uncorrected P-value":1
      },
     "Node2":{
       "Baseline MG94xREV":0.03847013612689625,
       "Baseline MG94xREV omega ratio":0.274865758503996,
       "Corrected P-value":1,
       "Full adaptive model":0.03834437868734662,
       "LRT":0,
       "Nucleotide GTR":0.03657051073246721,
       "Rate Distributions":        [
[0.239137557486719, 1] 
        ],
       "Rate classes":1,
       "Uncorrected P-value":1
      },
     "Node5":{
       "Baseline MG94xREV":0.005459087618721307,
       "Baseline MG94xREV omega ratio":1.825426346823536,
       "Corrected P-value":1,
       "Full adaptive model":0.005673101848381898,
       "LRT":0.139103972382145,
       "Nucleotide GTR":0.006685475754909229,
       "Rate Distributions":        [
[1.523934336038234, 1] 
        ],
       "Rate classes":1,
       "Uncorrected P-value":0.4216781745849097
      },
     "Node6":{
       "Baseline MG94xREV":0.001173096077986283,
       "Baseline MG94xREV omega ratio":10000000000,
       "Corrected P-value":1,
       "Full adaptive model":0.00110575075923755,
       "LRT":0.590920128619473,
       "Nucleotide GTR":0.001656760189264622,
       "Rate Distributions":        [
[10000000000, 1] 
        ],
       "Rate classes":1,
       "Uncorrected P-value":0.3116694463782285
      },
     "Node7":{
       "Baseline MG94xREV":0.008100775658798933,
       "Baseline MG94xREV omega ratio":0.395467889686513,
       "Corrected P-value":1,
       "Full adaptive model":0.007828536106649386,
       "LRT":0,
       "Nucleotide GTR":0.0090030674991683,
       "Rate Distributions":        [
[0.3471010552941577, 1] 
        ],
       "Rate classes":1,
       "Uncorrected P-value":1
      },
     "Orycteropus_afer":{
       "Baseline MG94xREV":0.05524646876808548,
       "Baseline MG94xREV omega ratio":0.2799354740239673,
       "Corrected P-value":1,
       "Full adaptive model":0.05511345382305172,
       "LRT":0,
       "Nucleotide GTR":0.05277044821198023,
       "Rate Distributions":        [
[0.2466838701798973, 1] 
        ],
       "Rate classes":1,
       "Uncorrected P-value":1,
       "original name":"Orycteropus_afer"
      }
    },
   "attributes":{
     "Baseline MG94xREV":{
       "attribute type":"branch length",
       "display order":1
      },
     "Baseline MG94xREV omega ratio":{
       "attribute type":"branch label",
       "display order":1
      },
     "Corrected P-value":{
       "attribute type":"branch label",
       "display order":6
      },
     "Full adaptive model":{
       "attribute type":"branch length",
       "display order":2
      },
     "LRT":{
       "attribute type":"branch label",
       "display order":4
      },
     "Nucleotide GTR":{
       "attribute type":"branch length",
       "display order":0
      },
     "Rate Distributions":{
       "attribute type":"branch label",
       "display order":3
      },
     "Rate classes":{
       "attribute type":"branch label",
       "display order":2
      },
     "Uncorrected P-value":{
       "attribute type":"branch label",
       "display order":5
      },
     "original name":{
       "attribute type":"node label",
       "display order":-1
      }
    }
  },