taxon	delta_Iss
Condylura_cristata	-0.014487066830669859
Erinaceus_europaeus	-0.019223385092255962
Sorex_araneus	0.02858906559111382
Sorex_fumeus	0.027079216465868916
