{
 "analysis":{
   "authors":"Sergei L Kosakovsky Pond, Ben Murrell, Steven Weaver and Temple iGEM / UCSD viral evolution group",
   "citation":"Less Is More: An Adaptive Branch-Site Random Effects Model for Efficient Detection of Episodic Diversifying Selection (2015). Mol Biol Evol 32 (5): 1342-1353",
   "contact":"spond@temple.edu",
   "info":"aBSREL (Adaptive branch-site random effects likelihood)\n                            uses an adaptive random effects branch-site model framework\n                            to test whether each branch has evolved under positive selection,\n                            using a procedure which infers an optimal number of rate categories per branch.",
   "requirements":"in-frame codon alignment and a phylogenetic tree",
   "version":"2.1"
  },
 "branch attributes":{
   "0":{
     "Bufo_gargarizans":{
       "Baseline MG94xREV":0.221089739333723,
       "Baseline MG94xREV omega ratio":0.1189525468416463,
       "Corrected P-value":1,
       "Full adaptive model":0.06977328720328453,
       "LRT":0,
       "Nucleotide GTR":998.6496357091809,
       "Rate Distributions":        [
[0, 0.7278049652266585],
        [0.5553870117658686, 0.2721950347733415] 
        ],
       "Rate classes":2,
       "Uncorrected P-value":1,
       "original name":"Bufo_gargarizans"
      },
     "Geotrypetes_seraphini":{
       "Baseline MG94xREV":0.07838128436860099,
       "Baseline MG94xREV omega ratio":0.2184946439575021,
       "Corrected P-value":0.06329569914281186,
       "Full adaptive model":0.02285971366203958,
       "LRT":6.6678622115287,
       "Nucleotide GTR":0.1103175626005706,
       "Rate Distributions":        [
[0, 0.8853368743602583],
        [3.71953124865591, 0.1146631256397417] 
        ],
       "Rate classes":2,
       "Uncorrected P-value":0.01265913982856237,
       "original name":"Geotrypetes_seraphini"
      },
     "Microcaecilia_unicolor":{
       "Baseline MG94xREV":0.03520593083219516,
       "Baseline MG94xREV omega ratio":1.416684333208954,
       "Corrected P-value":0.09240931282387921,
       "Full adaptive model":0.5211345164983838,
       "LRT":5.489769206615165,
       "Nucleotide GTR":0,
       "Rate Distributions":        [
[0.3377612954639458, 0.9931818852845479],
        [3247.643412828203, 0.006818114715452128] 
        ],
       "Rate classes":2,
       "Uncorrected P-value":0.0231023282059698,
       "original name":"Microcaecilia_unicolor"
      },
     "Node4":{
       "Baseline MG94xREV":0.8011027554274107,
       "Baseline MG94xREV omega ratio":0.0959368182185404,
       "Corrected P-value":1,
       "Full adaptive model":0.1958643883453102,
       "LRT":0,
       "Nucleotide GTR":295.96631483414,
       "Rate Distributions":        [
[0, 0.5317368645136616],
        [0.3770920417061205, 0.4682631354863384] 
        ],
       "Rate classes":2,
       "Uncorrected P-value":1
      },
     "Rana_temporaria":{
       "Baseline MG94xREV":0.1749657655130517,
       "Baseline MG94xREV omega ratio":0.1390384571106787,
       "Corrected P-value":1,
       "Full adaptive model":0.1660523927429327,
       "LRT":0,
       "Nucleotide GTR":578.1883471329879,
       "Rate Distributions":        [
[0.1179198219829987, 1] 
        ],
       "Rate classes":1,
       "Uncorrected P-value":1,
       "original name":"Rana_temporaria"
      }
    },
   "attributes":{
     "Baseline MG94xREV":{
       "attribute type":"branch length",
       "display order":1
      },
     "Baseline MG94xREV omega ratio":{
       "attribute type":"branch label",
       "display order":1
      },
     "Corrected P-value":{
       "attribute type":"branch label",
       "display order":6
      },
     "Full adaptive model":{
       "attribute type":"branch length",
       "display order":2
      },
     "LRT":{
       "attribute type":"branch label",
       "display order":4
      },
     "Nucleotide GTR":{
       "attribute type":"branch length",
       "display order":0
      },
     "Rate Distributions":{
       "attribute type":"branch label",
       "display order":3
      },
     "Rate classes":{
       "attribute type":"branch label",
       "display order":2
      },
     "Uncorrected P-value":{
       "attribute type":"branch label",
       "display order":5
      },
     "original name":{
       "attribute type":"node label",
       "display order":-1
      }
    }
  },