2026-08-15 04:45:57,169 INFO GPRC6A pipeline v1.0.0
2026-08-15 04:45:57,169 WARNING RepeatMasker not found. Repeat family/class annotation will use conservative sequence-composition fallback only.
2026-08-15 04:45:57,173 INFO Reference: 6 exons, 2787 nt, 929 codons, terminal AA=*
2026-08-15 04:45:57,179 INFO Targets in this run: 672 accessions, 110 species keys
2026-08-15 04:50:42,165 INFO [1/672] completed GCF_054371585.1: ok
2026-08-15 04:50:49,853 INFO [2/672] completed GCA_054371585.1: ok
2026-08-15 04:55:15,507 INFO [3/672] completed GCA_019923935.1: ok
2026-08-15 04:55:40,880 INFO [4/672] completed GCA_056247825.1: ok
2026-08-15 04:58:16,628 INFO [5/672] completed GCF_019923935.1: ok
2026-08-15 04:58:55,491 INFO [6/672] completed GCA_055505025.1: ok
2026-08-15 05:01:22,580 INFO [7/672] completed GCF_055505025.1: ok
2026-08-15 05:02:20,224 INFO [8/672] completed GCA_002263795.4: ok
2026-08-15 05:04:33,724 INFO [9/672] completed GCF_002263795.3: ok
2026-08-15 05:05:28,079 INFO [10/672] completed GCA_016772045.2: ok
2026-08-15 05:08:54,903 INFO [11/672] completed GCF_016772045.2: ok
2026-08-15 05:09:27,203 INFO [12/672] completed GCA_001704415.2: ok
2026-08-15 05:14:21,623 INFO [13/672] completed GCA_029378745.1: ok
2026-08-15 05:14:34,798 INFO [14/672] completed GCF_001704415.2: ok
2026-08-15 05:14:43,720 ERROR Assembly GCA_040085125.1 failed
Traceback (most recent call last):
  File "/home/morpheus/retraction_watch_plots/gprc6a/gprc6a_ruminant_pipeline.py", line 1125, in analyze_assembly
    genome = download_genome(accession, Path(args.outdir)/"cache"/"genomes", args.datasets_exe)
             ^^^^^^^^^^^^^^^^^^^^^^^^^^^^^^^^^^^^^^^^^^^^^^^^^^^^^^^^^^^^^^^^^^^^^^^^^^^^^^^^^^
  File "/home/morpheus/retraction_watch_plots/gprc6a/gprc6a_ruminant_pipeline.py", line 300, in download_genome
    run_cmd(cmd)
  File "/home/morpheus/retraction_watch_plots/gprc6a/gprc6a_ruminant_pipeline.py", line 114, in run_cmd
    return subprocess.run(
           ^^^^^^^^^^^^^^^
  File "/home/linuxbrew/.linuxbrew/Cellar/python@3.11/3.11.5/lib/python3.11/subprocess.py", line 571, in run
    raise CalledProcessError(retcode, process.args,
subprocess.CalledProcessError: Command '['/usr/local/bin/datasets', 'download', 'genome', 'accession', 'GCA_040085125.1', '--include', 'genome', '--filename', '/home/morpheus/retraction_watch_plots/gprc6a/GPRC6A_Ruminantia/cache/genomes/GCA_040085125.1/GCA_040085125.1.zip', '--no-progressbar']' returned non-zero exit status 1.
2026-08-15 05:14:43,738 INFO [15/672] completed GCA_040085125.1: error
2026-08-15 05:14:44,221 ERROR Assembly GCF_029378745.1 failed
Traceback (most recent call last):
  File "/home/morpheus/retraction_watch_plots/gprc6a/gprc6a_ruminant_pipeline.py", line 1125, in analyze_assembly
    genome = download_genome(accession, Path(args.outdir)/"cache"/"genomes", args.datasets_exe)
             ^^^^^^^^^^^^^^^^^^^^^^^^^^^^^^^^^^^^^^^^^^^^^^^^^^^^^^^^^^^^^^^^^^^^^^^^^^^^^^^^^^
  File "/home/morpheus/retraction_watch_plots/gprc6a/gprc6a_ruminant_pipeline.py", line 300, in download_genome
    run_cmd(cmd)
  File "/home/morpheus/retraction_watch_plots/gprc6a/gprc6a_ruminant_pipeline.py", line 114, in run_cmd
    return subprocess.run(
           ^^^^^^^^^^^^^^^
  File "/home/linuxbrew/.linuxbrew/Cellar/python@3.11/3.11.5/lib/python3.11/subprocess.py", line 571, in run
    raise CalledProcessError(retcode, process.args,
subprocess.CalledProcessError: Command '['/usr/local/bin/datasets', 'download', 'genome', 'accession', 'GCF_029378745.1', '--include', 'genome', '--filename', '/home/morpheus/retraction_watch_plots/gprc6a/GPRC6A_Ruminantia/cache/genomes/GCF_029378745.1/GCF_029378745.1.zip', '--no-progressbar']' returned non-zero exit status 1.
2026-08-15 05:14:44,224 INFO [16/672] completed GCF_029378745.1: error
2026-08-15 05:14:57,389 ERROR Assembly GCA_003369685.2 failed
Traceback (most recent call last):
  File "/home/morpheus/retraction_watch_plots/gprc6a/gprc6a_ruminant_pipeline.py", line 1125, in analyze_assembly
    genome = download_genome(accession, Path(args.outdir)/"cache"/"genomes", args.datasets_exe)
             ^^^^^^^^^^^^^^^^^^^^^^^^^^^^^^^^^^^^^^^^^^^^^^^^^^^^^^^^^^^^^^^^^^^^^^^^^^^^^^^^^^
  File "/home/morpheus/retraction_watch_plots/gprc6a/gprc6a_ruminant_pipeline.py", line 300, in download_genome
    run_cmd(cmd)
  File "/home/morpheus/retraction_watch_plots/gprc6a/gprc6a_ruminant_pipeline.py", line 114, in run_cmd
    return subprocess.run(
           ^^^^^^^^^^^^^^^
  File "/home/linuxbrew/.linuxbrew/Cellar/python@3.11/3.11.5/lib/python3.11/subprocess.py", line 571, in run
    raise CalledProcessError(retcode, process.args,
subprocess.CalledProcessError: Command '['/usr/local/bin/datasets', 'download', 'genome', 'accession', 'GCA_003369685.2', '--include', 'genome', '--filename', '/home/morpheus/retraction_watch_plots/gprc6a/GPRC6A_Ruminantia/cache/genomes/GCA_003369685.2/GCA_003369685.2.zip', '--no-progressbar']' returned non-zero exit status 1.
2026-08-15 05:14:57,391 INFO [17/672] completed GCA_003369685.2: error
2026-08-15 05:15:37,288 ERROR Assembly GCA_043643345.1 failed
Traceback (most recent call last):
  File "/home/morpheus/retraction_watch_plots/gprc6a/gprc6a_ruminant_pipeline.py", line 1125, in analyze_assembly
    genome = download_genome(accession, Path(args.outdir)/"cache"/"genomes", args.datasets_exe)
             ^^^^^^^^^^^^^^^^^^^^^^^^^^^^^^^^^^^^^^^^^^^^^^^^^^^^^^^^^^^^^^^^^^^^^^^^^^^^^^^^^^
  File "/home/morpheus/retraction_watch_plots/gprc6a/gprc6a_ruminant_pipeline.py", line 300, in download_genome
    run_cmd(cmd)
  File "/home/morpheus/retraction_watch_plots/gprc6a/gprc6a_ruminant_pipeline.py", line 114, in run_cmd
    return subprocess.run(
           ^^^^^^^^^^^^^^^
  File "/home/linuxbrew/.linuxbrew/Cellar/python@3.11/3.11.5/lib/python3.11/subprocess.py", line 571, in run
    raise CalledProcessError(retcode, process.args,
subprocess.CalledProcessError: Command '['/usr/local/bin/datasets', 'download', 'genome', 'accession', 'GCA_043643345.1', '--include', 'genome', '--filename', '/home/morpheus/retraction_watch_plots/gprc6a/GPRC6A_Ruminantia/cache/genomes/GCA_043643345.1/GCA_043643345.1.zip', '--no-progressbar']' returned non-zero exit status 1.
2026-08-15 05:15:37,290 INFO [18/672] completed GCA_043643345.1: error
2026-08-15 05:15:49,215 ERROR Assembly GCA_027580195.2 failed
Traceback (most recent call last):
  File "/home/morpheus/retraction_watch_plots/gprc6a/gprc6a_ruminant_pipeline.py", line 1125, in analyze_assembly
    genome = download_genome(accession, Path(args.outdir)/"cache"/"genomes", args.datasets_exe)
             ^^^^^^^^^^^^^^^^^^^^^^^^^^^^^^^^^^^^^^^^^^^^^^^^^^^^^^^^^^^^^^^^^^^^^^^^^^^^^^^^^^
  File "/home/morpheus/retraction_watch_plots/gprc6a/gprc6a_ruminant_pipeline.py", line 300, in download_genome
    run_cmd(cmd)
  File "/home/morpheus/retraction_watch_plots/gprc6a/gprc6a_ruminant_pipeline.py", line 114, in run_cmd
    return subprocess.run(
           ^^^^^^^^^^^^^^^
  File "/home/linuxbrew/.linuxbrew/Cellar/python@3.11/3.11.5/lib/python3.11/subprocess.py", line 571, in run
    raise CalledProcessError(retcode, process.args,
subprocess.CalledProcessError: Command '['/usr/local/bin/datasets', 'download', 'genome', 'accession', 'GCA_027580195.2', '--include', 'genome', '--filename', '/home/morpheus/retraction_watch_plots/gprc6a/GPRC6A_Ruminantia/cache/genomes/GCA_027580195.2/GCA_027580195.2.zip', '--no-progressbar']' returned non-zero exit status 1.
2026-08-15 05:15:49,217 INFO [19/672] completed GCA_027580195.2: error
2026-08-15 05:18:05,153 INFO [20/672] completed GCA_949782905.1: ok
2026-08-15 05:18:51,761 INFO [21/672] completed GCF_027580195.1: ok
2026-08-15 05:21:11,732 INFO [22/672] completed GCA_963930625.2: ok
2026-08-15 05:22:03,455 INFO [23/672] completed GCA_910594005.1: ok
2026-08-15 05:25:08,904 INFO [24/672] completed GCF_910594005.1: ok
2026-08-15 05:26:14,596 INFO [25/672] completed GCA_910594005.2: ok
2026-08-15 05:28:17,598 INFO [26/672] completed GCA_963930625.1: ok
2026-08-15 05:28:28,676 ERROR Assembly GCA_023699985.4 failed
Traceback (most recent call last):
  File "/home/morpheus/retraction_watch_plots/gprc6a/gprc6a_ruminant_pipeline.py", line 1125, in analyze_assembly
    genome = download_genome(accession, Path(args.outdir)/"cache"/"genomes", args.datasets_exe)
             ^^^^^^^^^^^^^^^^^^^^^^^^^^^^^^^^^^^^^^^^^^^^^^^^^^^^^^^^^^^^^^^^^^^^^^^^^^^^^^^^^^
  File "/home/morpheus/retraction_watch_plots/gprc6a/gprc6a_ruminant_pipeline.py", line 300, in download_genome
    run_cmd(cmd)
  File "/home/morpheus/retraction_watch_plots/gprc6a/gprc6a_ruminant_pipeline.py", line 114, in run_cmd
    return subprocess.run(
           ^^^^^^^^^^^^^^^
  File "/home/linuxbrew/.linuxbrew/Cellar/python@3.11/3.11.5/lib/python3.11/subprocess.py", line 571, in run
    raise CalledProcessError(retcode, process.args,
subprocess.CalledProcessError: Command '['/usr/local/bin/datasets', 'download', 'genome', 'accession', 'GCA_023699985.4', '--include', 'genome', '--filename', '/home/morpheus/retraction_watch_plots/gprc6a/GPRC6A_Ruminantia/cache/genomes/GCA_023699985.4/GCA_023699985.4.zip', '--no-progressbar']' returned non-zero exit status 1.
2026-08-15 05:28:28,678 INFO [27/672] completed GCA_023699985.4: error
2026-08-15 05:29:31,688 INFO [28/672] completed GCF_963930625.1: ok
2026-08-15 05:31:20,206 INFO [29/672] completed GCF_023699985.2: ok
2026-08-15 05:32:35,643 INFO [30/672] completed GCA_028583565.1: ok
2026-08-15 05:34:44,137 INFO [31/672] completed GCA_042477335.2: ok
2026-08-15 05:36:08,805 INFO [32/672] completed GCF_042477335.2: ok
2026-08-15 05:37:52,268 INFO [33/672] completed GCA_020976825.1: ok
2026-08-15 05:38:58,370 ERROR Assembly GCF_029407905.1 failed
Traceback (most recent call last):
  File "/home/morpheus/retraction_watch_plots/gprc6a/gprc6a_ruminant_pipeline.py", line 1125, in analyze_assembly
    genome = download_genome(accession, Path(args.outdir)/"cache"/"genomes", args.datasets_exe)
             ^^^^^^^^^^^^^^^^^^^^^^^^^^^^^^^^^^^^^^^^^^^^^^^^^^^^^^^^^^^^^^^^^^^^^^^^^^^^^^^^^^
  File "/home/morpheus/retraction_watch_plots/gprc6a/gprc6a_ruminant_pipeline.py", line 300, in download_genome
    run_cmd(cmd)
  File "/home/morpheus/retraction_watch_plots/gprc6a/gprc6a_ruminant_pipeline.py", line 114, in run_cmd
    return subprocess.run(
           ^^^^^^^^^^^^^^^
  File "/home/linuxbrew/.linuxbrew/Cellar/python@3.11/3.11.5/lib/python3.11/subprocess.py", line 571, in run
    raise CalledProcessError(retcode, process.args,
subprocess.CalledProcessError: Command '['/usr/local/bin/datasets', 'download', 'genome', 'accession', 'GCF_029407905.1', '--include', 'genome', '--filename', '/home/morpheus/retraction_watch_plots/gprc6a/GPRC6A_Ruminantia/cache/genomes/GCF_029407905.1/GCF_029407905.1.zip', '--no-progressbar']' returned non-zero exit status 1.
2026-08-15 05:38:58,372 INFO [34/672] completed GCF_029407905.1: error
2026-08-15 05:39:31,192 INFO [35/672] completed GCA_029407905.2: ok
2026-08-15 05:40:08,427 ERROR Assembly GCA_014182915.2 failed
Traceback (most recent call last):
  File "/home/morpheus/retraction_watch_plots/gprc6a/gprc6a_ruminant_pipeline.py", line 1125, in analyze_assembly
    genome = download_genome(accession, Path(args.outdir)/"cache"/"genomes", args.datasets_exe)
             ^^^^^^^^^^^^^^^^^^^^^^^^^^^^^^^^^^^^^^^^^^^^^^^^^^^^^^^^^^^^^^^^^^^^^^^^^^^^^^^^^^
  File "/home/morpheus/retraction_watch_plots/gprc6a/gprc6a_ruminant_pipeline.py", line 300, in download_genome
    run_cmd(cmd)
  File "/home/morpheus/retraction_watch_plots/gprc6a/gprc6a_ruminant_pipeline.py", line 114, in run_cmd
    return subprocess.run(
           ^^^^^^^^^^^^^^^
  File "/home/linuxbrew/.linuxbrew/Cellar/python@3.11/3.11.5/lib/python3.11/subprocess.py", line 571, in run
    raise CalledProcessError(retcode, process.args,
subprocess.CalledProcessError: Command '['/usr/local/bin/datasets', 'download', 'genome', 'accession', 'GCA_014182915.2', '--include', 'genome', '--filename', '/home/morpheus/retraction_watch_plots/gprc6a/GPRC6A_Ruminantia/cache/genomes/GCA_014182915.2/GCA_014182915.2.zip', '--no-progressbar']' returned non-zero exit status 1.
2026-08-15 05:40:08,429 INFO [36/672] completed GCA_014182915.2: error
2026-08-15 05:43:06,022 INFO [37/672] completed GCA_000978405.1: ok
2026-08-15 05:43:35,788 INFO [38/672] completed GCA_009493645.1: ok
2026-08-15 05:47:56,130 INFO [39/672] completed GCA_040182635.1: ok
2026-08-15 05:48:07,752 INFO [40/672] completed GCA_044231825.1: ok
2026-08-15 05:53:32,669 INFO [41/672] completed GCA_033118175.2: ok
2026-08-15 05:53:38,031 INFO [42/672] completed GCF_033118175.1: ok
2026-08-15 05:58:31,901 INFO [43/672] completed GCA_054883215.1: ok
2026-08-15 05:58:40,329 ERROR Assembly GCF_032452875.1 failed
Traceback (most recent call last):
  File "/home/morpheus/retraction_watch_plots/gprc6a/gprc6a_ruminant_pipeline.py", line 1125, in analyze_assembly
    genome = download_genome(accession, Path(args.outdir)/"cache"/"genomes", args.datasets_exe)
             ^^^^^^^^^^^^^^^^^^^^^^^^^^^^^^^^^^^^^^^^^^^^^^^^^^^^^^^^^^^^^^^^^^^^^^^^^^^^^^^^^^
  File "/home/morpheus/retraction_watch_plots/gprc6a/gprc6a_ruminant_pipeline.py", line 300, in download_genome
    run_cmd(cmd)
  File "/home/morpheus/retraction_watch_plots/gprc6a/gprc6a_ruminant_pipeline.py", line 114, in run_cmd
    return subprocess.run(
           ^^^^^^^^^^^^^^^
  File "/home/linuxbrew/.linuxbrew/Cellar/python@3.11/3.11.5/lib/python3.11/subprocess.py", line 571, in run
    raise CalledProcessError(retcode, process.args,
subprocess.CalledProcessError: Command '['/usr/local/bin/datasets', 'download', 'genome', 'accession', 'GCF_032452875.1', '--include', 'genome', '--filename', '/home/morpheus/retraction_watch_plots/gprc6a/GPRC6A_Ruminantia/cache/genomes/GCF_032452875.1/GCF_032452875.1.zip', '--no-progressbar']' returned non-zero exit status 1.
2026-08-15 05:58:40,333 INFO [44/672] completed GCF_032452875.1: error
2026-08-15 05:58:42,625 INFO [45/672] completed GCA_032452875.1: ok
2026-08-15 06:03:31,953 INFO [46/672] completed GCA_019320065.1: ok
2026-08-15 06:03:36,427 INFO [47/672] completed GCA_014523465.1: ok
2026-08-15 06:07:05,576 INFO [48/672] completed GCF_019320065.1: ok
2026-08-15 06:07:36,482 INFO [49/672] completed GCA_023701675.1: ok
2026-08-15 06:10:16,943 INFO [50/672] completed GCA_963981305.1: ok
2026-08-15 06:10:55,356 INFO [51/672] completed GCA_023091745.2: ok
2026-08-15 06:13:41,211 INFO [52/672] completed GCF_023091745.1: ok
2026-08-15 06:14:45,889 ERROR Assembly GCA_039877825.1 failed
Traceback (most recent call last):
  File "/home/morpheus/retraction_watch_plots/gprc6a/gprc6a_ruminant_pipeline.py", line 1125, in analyze_assembly
    genome = download_genome(accession, Path(args.outdir)/"cache"/"genomes", args.datasets_exe)
             ^^^^^^^^^^^^^^^^^^^^^^^^^^^^^^^^^^^^^^^^^^^^^^^^^^^^^^^^^^^^^^^^^^^^^^^^^^^^^^^^^^
  File "/home/morpheus/retraction_watch_plots/gprc6a/gprc6a_ruminant_pipeline.py", line 300, in download_genome
    run_cmd(cmd)
  File "/home/morpheus/retraction_watch_plots/gprc6a/gprc6a_ruminant_pipeline.py", line 114, in run_cmd
    return subprocess.run(
           ^^^^^^^^^^^^^^^
  File "/home/linuxbrew/.linuxbrew/Cellar/python@3.11/3.11.5/lib/python3.11/subprocess.py", line 571, in run
    raise CalledProcessError(retcode, process.args,
subprocess.CalledProcessError: Command '['/usr/local/bin/datasets', 'download', 'genome', 'accession', 'GCA_039877825.1', '--include', 'genome', '--filename', '/home/morpheus/retraction_watch_plots/gprc6a/GPRC6A_Ruminantia/cache/genomes/GCA_039877825.1/GCA_039877825.1.zip', '--no-progressbar']' returned non-zero exit status 1.
2026-08-15 06:14:45,891 INFO [53/672] completed GCA_039877825.1: error
2026-08-15 06:14:59,639 INFO [54/672] completed GCA_046563475.2: ok
2026-08-15 06:18:29,983 INFO [55/672] completed GCA_008782695.1: ok
2026-08-15 06:18:58,979 INFO [56/672] completed GCA_054824845.1: ok
2026-08-15 06:22:50,143 INFO [57/672] completed GCA_032405125.2: ok
2026-08-15 06:23:14,139 INFO [58/672] completed GCF_032405125.1: ok
2026-08-15 06:27:28,848 INFO [59/672] completed GCA_054855995.1: ok
2026-08-15 06:27:38,203 INFO [60/672] completed GCA_024291935.2: ok
2026-08-15 06:31:26,067 INFO [61/672] completed GCA_054642885.1: ok
2026-08-15 06:31:46,692 INFO [62/672] completed GCA_010411085.1: ok
2026-08-15 06:32:35,061 ERROR Assembly GCA_946052875.1 failed
Traceback (most recent call last):
  File "/home/morpheus/retraction_watch_plots/gprc6a/gprc6a_ruminant_pipeline.py", line 1125, in analyze_assembly
    genome = download_genome(accession, Path(args.outdir)/"cache"/"genomes", args.datasets_exe)
             ^^^^^^^^^^^^^^^^^^^^^^^^^^^^^^^^^^^^^^^^^^^^^^^^^^^^^^^^^^^^^^^^^^^^^^^^^^^^^^^^^^
  File "/home/morpheus/retraction_watch_plots/gprc6a/gprc6a_ruminant_pipeline.py", line 300, in download_genome
    run_cmd(cmd)
  File "/home/morpheus/retraction_watch_plots/gprc6a/gprc6a_ruminant_pipeline.py", line 114, in run_cmd
    return subprocess.run(
           ^^^^^^^^^^^^^^^
  File "/home/linuxbrew/.linuxbrew/Cellar/python@3.11/3.11.5/lib/python3.11/subprocess.py", line 571, in run
    raise CalledProcessError(retcode, process.args,
subprocess.CalledProcessError: Command '['/usr/local/bin/datasets', 'download', 'genome', 'accession', 'GCA_946052875.1', '--include', 'genome', '--filename', '/home/morpheus/retraction_watch_plots/gprc6a/GPRC6A_Ruminantia/cache/genomes/GCA_946052875.1/GCA_946052875.1.zip', '--no-progressbar']' returned non-zero exit status 1.
2026-08-15 06:32:35,063 INFO [63/672] completed GCA_946052875.1: error
2026-08-15 06:37:32,360 INFO [64/672] completed GCA_020276665.1: ok
2026-08-15 06:37:51,025 INFO [65/672] completed GCA_054099735.1: ok
2026-08-15 06:38:03,927 ERROR Assembly GCA_017591445.1 failed
Traceback (most recent call last):
  File "/home/morpheus/retraction_watch_plots/gprc6a/gprc6a_ruminant_pipeline.py", line 1125, in analyze_assembly
    genome = download_genome(accession, Path(args.outdir)/"cache"/"genomes", args.datasets_exe)
             ^^^^^^^^^^^^^^^^^^^^^^^^^^^^^^^^^^^^^^^^^^^^^^^^^^^^^^^^^^^^^^^^^^^^^^^^^^^^^^^^^^
  File "/home/morpheus/retraction_watch_plots/gprc6a/gprc6a_ruminant_pipeline.py", line 300, in download_genome
    run_cmd(cmd)
  File "/home/morpheus/retraction_watch_plots/gprc6a/gprc6a_ruminant_pipeline.py", line 114, in run_cmd
    return subprocess.run(
           ^^^^^^^^^^^^^^^
  File "/home/linuxbrew/.linuxbrew/Cellar/python@3.11/3.11.5/lib/python3.11/subprocess.py", line 571, in run
    raise CalledProcessError(retcode, process.args,
subprocess.CalledProcessError: Command '['/usr/local/bin/datasets', 'download', 'genome', 'accession', 'GCA_017591445.1', '--include', 'genome', '--filename', '/home/morpheus/retraction_watch_plots/gprc6a/GPRC6A_Ruminantia/cache/genomes/GCA_017591445.1/GCA_017591445.1.zip', '--no-progressbar']' returned non-zero exit status 1.
2026-08-15 06:38:03,930 INFO [66/672] completed GCA_017591445.1: error
2026-08-15 06:38:04,029 ERROR Assembly GCA_022376915.1 failed
Traceback (most recent call last):
  File "/home/morpheus/retraction_watch_plots/gprc6a/gprc6a_ruminant_pipeline.py", line 1125, in analyze_assembly
    genome = download_genome(accession, Path(args.outdir)/"cache"/"genomes", args.datasets_exe)
             ^^^^^^^^^^^^^^^^^^^^^^^^^^^^^^^^^^^^^^^^^^^^^^^^^^^^^^^^^^^^^^^^^^^^^^^^^^^^^^^^^^
  File "/home/morpheus/retraction_watch_plots/gprc6a/gprc6a_ruminant_pipeline.py", line 300, in download_genome
    run_cmd(cmd)
  File "/home/morpheus/retraction_watch_plots/gprc6a/gprc6a_ruminant_pipeline.py", line 114, in run_cmd
    return subprocess.run(
           ^^^^^^^^^^^^^^^
  File "/home/linuxbrew/.linuxbrew/Cellar/python@3.11/3.11.5/lib/python3.11/subprocess.py", line 571, in run
    raise CalledProcessError(retcode, process.args,
subprocess.CalledProcessError: Command '['/usr/local/bin/datasets', 'download', 'genome', 'accession', 'GCA_022376915.1', '--include', 'genome', '--filename', '/home/morpheus/retraction_watch_plots/gprc6a/GPRC6A_Ruminantia/cache/genomes/GCA_022376915.1/GCA_022376915.1.zip', '--no-progressbar']' returned non-zero exit status 1.
2026-08-15 06:38:04,031 INFO [67/672] completed GCA_022376915.1: error
2026-08-15 06:38:50,110 ERROR Assembly GCF_022376915.1 failed
Traceback (most recent call last):
  File "/home/morpheus/retraction_watch_plots/gprc6a/gprc6a_ruminant_pipeline.py", line 1125, in analyze_assembly
    genome = download_genome(accession, Path(args.outdir)/"cache"/"genomes", args.datasets_exe)
             ^^^^^^^^^^^^^^^^^^^^^^^^^^^^^^^^^^^^^^^^^^^^^^^^^^^^^^^^^^^^^^^^^^^^^^^^^^^^^^^^^^
  File "/home/morpheus/retraction_watch_plots/gprc6a/gprc6a_ruminant_pipeline.py", line 300, in download_genome
    run_cmd(cmd)
  File "/home/morpheus/retraction_watch_plots/gprc6a/gprc6a_ruminant_pipeline.py", line 114, in run_cmd
    return subprocess.run(
           ^^^^^^^^^^^^^^^
  File "/home/linuxbrew/.linuxbrew/Cellar/python@3.11/3.11.5/lib/python3.11/subprocess.py", line 571, in run
    raise CalledProcessError(retcode, process.args,
subprocess.CalledProcessError: Command '['/usr/local/bin/datasets', 'download', 'genome', 'accession', 'GCF_022376915.1', '--include', 'genome', '--filename', '/home/morpheus/retraction_watch_plots/gprc6a/GPRC6A_Ruminantia/cache/genomes/GCF_022376915.1/GCF_022376915.1.zip', '--no-progressbar']' returned non-zero exit status 1.
2026-08-15 06:38:50,112 INFO [68/672] completed GCF_022376915.1: error
2026-08-15 06:43:58,261 INFO [69/672] completed GCF_000754665.1: ok
2026-08-15 06:43:59,365 INFO [70/672] completed GCA_000754665.1: ok
2026-08-15 06:44:33,268 ERROR Assembly GCA_059051365.1 failed
Traceback (most recent call last):
  File "/home/morpheus/retraction_watch_plots/gprc6a/gprc6a_ruminant_pipeline.py", line 1125, in analyze_assembly
    genome = download_genome(accession, Path(args.outdir)/"cache"/"genomes", args.datasets_exe)
             ^^^^^^^^^^^^^^^^^^^^^^^^^^^^^^^^^^^^^^^^^^^^^^^^^^^^^^^^^^^^^^^^^^^^^^^^^^^^^^^^^^
  File "/home/morpheus/retraction_watch_plots/gprc6a/gprc6a_ruminant_pipeline.py", line 300, in download_genome
    run_cmd(cmd)
  File "/home/morpheus/retraction_watch_plots/gprc6a/gprc6a_ruminant_pipeline.py", line 114, in run_cmd
    return subprocess.run(
           ^^^^^^^^^^^^^^^
  File "/home/linuxbrew/.linuxbrew/Cellar/python@3.11/3.11.5/lib/python3.11/subprocess.py", line 571, in run
    raise CalledProcessError(retcode, process.args,
subprocess.CalledProcessError: Command '['/usr/local/bin/datasets', 'download', 'genome', 'accession', 'GCA_059051365.1', '--include', 'genome', '--filename', '/home/morpheus/retraction_watch_plots/gprc6a/GPRC6A_Ruminantia/cache/genomes/GCA_059051365.1/GCA_059051365.1.zip', '--no-progressbar']' returned non-zero exit status 1.
2026-08-15 06:44:33,270 INFO [71/672] completed GCA_059051365.1: error
2026-08-15 06:48:09,712 INFO [72/672] completed GCA_963879515.1: ok
2026-08-15 06:48:49,418 INFO [73/672] completed GCA_951849835.1: ok
2026-08-15 06:49:21,212 ERROR Assembly GCA_041156055.1 failed
Traceback (most recent call last):
  File "/home/morpheus/retraction_watch_plots/gprc6a/gprc6a_ruminant_pipeline.py", line 1125, in analyze_assembly
    genome = download_genome(accession, Path(args.outdir)/"cache"/"genomes", args.datasets_exe)
             ^^^^^^^^^^^^^^^^^^^^^^^^^^^^^^^^^^^^^^^^^^^^^^^^^^^^^^^^^^^^^^^^^^^^^^^^^^^^^^^^^^
  File "/home/morpheus/retraction_watch_plots/gprc6a/gprc6a_ruminant_pipeline.py", line 300, in download_genome
    run_cmd(cmd)
  File "/home/morpheus/retraction_watch_plots/gprc6a/gprc6a_ruminant_pipeline.py", line 114, in run_cmd
    return subprocess.run(
           ^^^^^^^^^^^^^^^
  File "/home/linuxbrew/.linuxbrew/Cellar/python@3.11/3.11.5/lib/python3.11/subprocess.py", line 571, in run
    raise CalledProcessError(retcode, process.args,
subprocess.CalledProcessError: Command '['/usr/local/bin/datasets', 'download', 'genome', 'accession', 'GCA_041156055.1', '--include', 'genome', '--filename', '/home/morpheus/retraction_watch_plots/gprc6a/GPRC6A_Ruminantia/cache/genomes/GCA_041156055.1/GCA_041156055.1.zip', '--no-progressbar']' returned non-zero exit status 1.
2026-08-15 06:49:21,215 INFO [74/672] completed GCA_041156055.1: error
2026-08-15 06:54:00,077 INFO [75/672] completed GCA_053525375.1: ok
2026-08-15 06:54:07,008 INFO [76/672] completed GCA_021018665.1: ok
2026-08-15 06:56:53,062 INFO [77/672] completed GCA_051176615.2: ok
2026-08-15 06:57:23,605 ERROR Assembly GCA_012922965.1 failed
Traceback (most recent call last):
  File "/home/morpheus/retraction_watch_plots/gprc6a/gprc6a_ruminant_pipeline.py", line 1125, in analyze_assembly
    genome = download_genome(accession, Path(args.outdir)/"cache"/"genomes", args.datasets_exe)
             ^^^^^^^^^^^^^^^^^^^^^^^^^^^^^^^^^^^^^^^^^^^^^^^^^^^^^^^^^^^^^^^^^^^^^^^^^^^^^^^^^^
  File "/home/morpheus/retraction_watch_plots/gprc6a/gprc6a_ruminant_pipeline.py", line 300, in download_genome
    run_cmd(cmd)
  File "/home/morpheus/retraction_watch_plots/gprc6a/gprc6a_ruminant_pipeline.py", line 114, in run_cmd
    return subprocess.run(
           ^^^^^^^^^^^^^^^
  File "/home/linuxbrew/.linuxbrew/Cellar/python@3.11/3.11.5/lib/python3.11/subprocess.py", line 571, in run
    raise CalledProcessError(retcode, process.args,
subprocess.CalledProcessError: Command '['/usr/local/bin/datasets', 'download', 'genome', 'accession', 'GCA_012922965.1', '--include', 'genome', '--filename', '/home/morpheus/retraction_watch_plots/gprc6a/GPRC6A_Ruminantia/cache/genomes/GCA_012922965.1/GCA_012922965.1.zip', '--no-progressbar']' returned non-zero exit status 1.
2026-08-15 06:57:23,608 INFO [78/672] completed GCA_012922965.1: error
2026-08-15 06:57:36,649 INFO [79/672] completed GCA_003182615.2: ok
2026-08-15 07:00:43,997 INFO [80/672] completed GCA_902825105.1: ok
2026-08-15 07:02:41,815 INFO [81/672] completed GCA_004024705.2: ok
2026-08-15 07:04:44,519 INFO [82/672] completed GCA_004024965.2: ok
2026-08-15 07:06:01,235 INFO [83/672] completed GCA_003182575.1: ok
2026-08-15 07:10:34,158 INFO [84/672] completed GCA_059698765.1: ok
2026-08-15 07:10:41,221 INFO [85/672] completed GCA_917880005.1: ok
2026-08-15 07:11:56,843 ERROR Assembly GCF_014754425.2 failed
Traceback (most recent call last):
  File "/home/morpheus/retraction_watch_plots/gprc6a/gprc6a_ruminant_pipeline.py", line 1125, in analyze_assembly
    genome = download_genome(accession, Path(args.outdir)/"cache"/"genomes", args.datasets_exe)
             ^^^^^^^^^^^^^^^^^^^^^^^^^^^^^^^^^^^^^^^^^^^^^^^^^^^^^^^^^^^^^^^^^^^^^^^^^^^^^^^^^^
  File "/home/morpheus/retraction_watch_plots/gprc6a/gprc6a_ruminant_pipeline.py", line 300, in download_genome
    run_cmd(cmd)
  File "/home/morpheus/retraction_watch_plots/gprc6a/gprc6a_ruminant_pipeline.py", line 114, in run_cmd
    return subprocess.run(
           ^^^^^^^^^^^^^^^
  File "/home/linuxbrew/.linuxbrew/Cellar/python@3.11/3.11.5/lib/python3.11/subprocess.py", line 571, in run
    raise CalledProcessError(retcode, process.args,
subprocess.CalledProcessError: Command '['/usr/local/bin/datasets', 'download', 'genome', 'accession', 'GCF_014754425.2', '--include', 'genome', '--filename', '/home/morpheus/retraction_watch_plots/gprc6a/GPRC6A_Ruminantia/cache/genomes/GCF_014754425.2/GCF_014754425.2.zip', '--no-progressbar']' returned non-zero exit status 1.
2026-08-15 07:11:56,845 INFO [86/672] completed GCF_014754425.2: error
2026-08-15 07:11:59,731 ERROR Assembly GCA_050436925.1 failed
Traceback (most recent call last):
  File "/home/morpheus/retraction_watch_plots/gprc6a/gprc6a_ruminant_pipeline.py", line 1125, in analyze_assembly
    genome = download_genome(accession, Path(args.outdir)/"cache"/"genomes", args.datasets_exe)
             ^^^^^^^^^^^^^^^^^^^^^^^^^^^^^^^^^^^^^^^^^^^^^^^^^^^^^^^^^^^^^^^^^^^^^^^^^^^^^^^^^^
  File "/home/morpheus/retraction_watch_plots/gprc6a/gprc6a_ruminant_pipeline.py", line 300, in download_genome
    run_cmd(cmd)
  File "/home/morpheus/retraction_watch_plots/gprc6a/gprc6a_ruminant_pipeline.py", line 114, in run_cmd
    return subprocess.run(
           ^^^^^^^^^^^^^^^
  File "/home/linuxbrew/.linuxbrew/Cellar/python@3.11/3.11.5/lib/python3.11/subprocess.py", line 571, in run
    raise CalledProcessError(retcode, process.args,
subprocess.CalledProcessError: Command '['/usr/local/bin/datasets', 'download', 'genome', 'accession', 'GCA_050436925.1', '--include', 'genome', '--filename', '/home/morpheus/retraction_watch_plots/gprc6a/GPRC6A_Ruminantia/cache/genomes/GCA_050436925.1/GCA_050436925.1.zip', '--no-progressbar']' returned non-zero exit status 1.
2026-08-15 07:11:59,733 INFO [87/672] completed GCA_050436925.1: error
2026-08-15 07:12:01,990 ERROR Assembly GCA_006408695.1 failed
Traceback (most recent call last):
  File "/home/morpheus/retraction_watch_plots/gprc6a/gprc6a_ruminant_pipeline.py", line 1125, in analyze_assembly
    genome = download_genome(accession, Path(args.outdir)/"cache"/"genomes", args.datasets_exe)
             ^^^^^^^^^^^^^^^^^^^^^^^^^^^^^^^^^^^^^^^^^^^^^^^^^^^^^^^^^^^^^^^^^^^^^^^^^^^^^^^^^^
  File "/home/morpheus/retraction_watch_plots/gprc6a/gprc6a_ruminant_pipeline.py", line 300, in download_genome
    run_cmd(cmd)
  File "/home/morpheus/retraction_watch_plots/gprc6a/gprc6a_ruminant_pipeline.py", line 114, in run_cmd
    return subprocess.run(
           ^^^^^^^^^^^^^^^
  File "/home/linuxbrew/.linuxbrew/Cellar/python@3.11/3.11.5/lib/python3.11/subprocess.py", line 571, in run
    raise CalledProcessError(retcode, process.args,
subprocess.CalledProcessError: Command '['/usr/local/bin/datasets', 'download', 'genome', 'accession', 'GCA_006408695.1', '--include', 'genome', '--filename', '/home/morpheus/retraction_watch_plots/gprc6a/GPRC6A_Ruminantia/cache/genomes/GCA_006408695.1/GCA_006408695.1.zip', '--no-progressbar']' returned non-zero exit status 1.
2026-08-15 07:12:01,992 INFO [88/672] completed GCA_006408695.1: error
2026-08-15 07:13:47,855 INFO [89/672] completed GCA_014754425.2: ok
2026-08-15 07:18:17,359 INFO [90/672] completed GCA_038501445.1: ok
2026-08-15 07:18:23,459 INFO [91/672] completed GCA_004027495.1: ok
2026-08-15 07:22:36,789 INFO [92/672] completed GCA_025584935.1: ok
2026-08-15 07:22:53,589 INFO [93/672] completed GCA_006410515.1: ok
2026-08-15 07:26:16,389 INFO [94/672] completed GCA_038502695.1: ok
2026-08-15 07:28:20,495 INFO [95/672] completed GCA_004024985.1: ok
2026-08-15 07:29:32,011 INFO [96/672] completed GCA_935064755.1: ok
2026-08-15 07:31:43,967 INFO [97/672] completed GCA_014926565.1: ok
2026-08-15 07:32:40,798 INFO [98/672] completed GCA_006942125.1: ok
2026-08-15 07:35:39,360 INFO [99/672] completed GCA_020226025.1: ok
2026-08-15 07:37:18,855 INFO [100/672] completed GCA_022376925.1: ok
2026-08-15 07:38:46,981 INFO [101/672] completed GCA_903231385.1: ok
2026-08-15 07:43:30,822 INFO [102/672] completed GCA_006408755.1: ok
2026-08-15 07:43:31,634 INFO [103/672] completed GCA_006408615.1: ok
2026-08-15 07:43:37,681 ERROR Assembly GCA_006410535.1 failed
Traceback (most recent call last):
  File "/home/morpheus/retraction_watch_plots/gprc6a/gprc6a_ruminant_pipeline.py", line 1125, in analyze_assembly
    genome = download_genome(accession, Path(args.outdir)/"cache"/"genomes", args.datasets_exe)
             ^^^^^^^^^^^^^^^^^^^^^^^^^^^^^^^^^^^^^^^^^^^^^^^^^^^^^^^^^^^^^^^^^^^^^^^^^^^^^^^^^^
  File "/home/morpheus/retraction_watch_plots/gprc6a/gprc6a_ruminant_pipeline.py", line 300, in download_genome
    run_cmd(cmd)
  File "/home/morpheus/retraction_watch_plots/gprc6a/gprc6a_ruminant_pipeline.py", line 114, in run_cmd
    return subprocess.run(
           ^^^^^^^^^^^^^^^
  File "/home/linuxbrew/.linuxbrew/Cellar/python@3.11/3.11.5/lib/python3.11/subprocess.py", line 571, in run
    raise CalledProcessError(retcode, process.args,
subprocess.CalledProcessError: Command '['/usr/local/bin/datasets', 'download', 'genome', 'accession', 'GCA_006410535.1', '--include', 'genome', '--filename', '/home/morpheus/retraction_watch_plots/gprc6a/GPRC6A_Ruminantia/cache/genomes/GCA_006410535.1/GCA_006410535.1.zip', '--no-progressbar']' returned non-zero exit status 1.
2026-08-15 07:43:37,683 INFO [104/672] completed GCA_006410535.1: error
2026-08-15 07:43:37,816 ERROR Assembly GCA_004026825.1 failed
Traceback (most recent call last):
  File "/home/morpheus/retraction_watch_plots/gprc6a/gprc6a_ruminant_pipeline.py", line 1125, in analyze_assembly
    genome = download_genome(accession, Path(args.outdir)/"cache"/"genomes", args.datasets_exe)
             ^^^^^^^^^^^^^^^^^^^^^^^^^^^^^^^^^^^^^^^^^^^^^^^^^^^^^^^^^^^^^^^^^^^^^^^^^^^^^^^^^^
  File "/home/morpheus/retraction_watch_plots/gprc6a/gprc6a_ruminant_pipeline.py", line 300, in download_genome
    run_cmd(cmd)
  File "/home/morpheus/retraction_watch_plots/gprc6a/gprc6a_ruminant_pipeline.py", line 114, in run_cmd
    return subprocess.run(
           ^^^^^^^^^^^^^^^
  File "/home/linuxbrew/.linuxbrew/Cellar/python@3.11/3.11.5/lib/python3.11/subprocess.py", line 571, in run
    raise CalledProcessError(retcode, process.args,
subprocess.CalledProcessError: Command '['/usr/local/bin/datasets', 'download', 'genome', 'accession', 'GCA_004026825.1', '--include', 'genome', '--filename', '/home/morpheus/retraction_watch_plots/gprc6a/GPRC6A_Ruminantia/cache/genomes/GCA_004026825.1/GCA_004026825.1.zip', '--no-progressbar']' returned non-zero exit status 1.
2026-08-15 07:43:37,818 INFO [105/672] completed GCA_004026825.1: error
2026-08-15 07:47:37,147 INFO [106/672] completed GCA_006410635.1: ok
2026-08-15 07:47:51,899 ERROR Assembly GCA_006408585.1 failed
Traceback (most recent call last):
  File "/home/morpheus/retraction_watch_plots/gprc6a/gprc6a_ruminant_pipeline.py", line 1125, in analyze_assembly
    genome = download_genome(accession, Path(args.outdir)/"cache"/"genomes", args.datasets_exe)
             ^^^^^^^^^^^^^^^^^^^^^^^^^^^^^^^^^^^^^^^^^^^^^^^^^^^^^^^^^^^^^^^^^^^^^^^^^^^^^^^^^^
  File "/home/morpheus/retraction_watch_plots/gprc6a/gprc6a_ruminant_pipeline.py", line 300, in download_genome
    run_cmd(cmd)
  File "/home/morpheus/retraction_watch_plots/gprc6a/gprc6a_ruminant_pipeline.py", line 114, in run_cmd
    return subprocess.run(
           ^^^^^^^^^^^^^^^
  File "/home/linuxbrew/.linuxbrew/Cellar/python@3.11/3.11.5/lib/python3.11/subprocess.py", line 571, in run
    raise CalledProcessError(retcode, process.args,
subprocess.CalledProcessError: Command '['/usr/local/bin/datasets', 'download', 'genome', 'accession', 'GCA_006408585.1', '--include', 'genome', '--filename', '/home/morpheus/retraction_watch_plots/gprc6a/GPRC6A_Ruminantia/cache/genomes/GCA_006408585.1/GCA_006408585.1.zip', '--no-progressbar']' returned non-zero exit status 1.
2026-08-15 07:47:51,900 INFO [107/672] completed GCA_006408585.1: error
2026-08-15 07:48:00,721 INFO [108/672] completed GCA_006410615.1: ok
2026-08-15 07:52:22,113 INFO [109/672] completed GCA_006410935.1: ok
2026-08-15 07:52:47,629 INFO [110/672] completed GCA_006410675.1: ok
2026-08-15 07:55:40,595 INFO [111/672] completed GCA_006408505.1: ok
2026-08-15 07:56:19,237 INFO [112/672] completed GCA_006410795.1: ok
2026-08-15 07:59:26,850 INFO [113/672] completed GCA_006410875.1: ok
2026-08-15 08:00:15,607 INFO [114/672] completed GCA_006410495.1: ok
2026-08-15 08:02:35,270 INFO [115/672] completed GCA_006408675.1: ok
2026-08-15 08:03:27,102 INFO [116/672] completed GCA_006410655.1: ok
2026-08-15 08:05:49,183 INFO [117/672] completed GCA_006410735.1: ok
2026-08-15 08:06:26,615 INFO [118/672] completed GCA_009758055.1: ok
2026-08-15 08:09:10,939 INFO [119/672] completed GCA_003945745.1: ok
2026-08-15 08:09:22,146 ERROR Assembly GCA_006410695.1 failed
Traceback (most recent call last):
  File "/home/morpheus/retraction_watch_plots/gprc6a/gprc6a_ruminant_pipeline.py", line 1125, in analyze_assembly
    genome = download_genome(accession, Path(args.outdir)/"cache"/"genomes", args.datasets_exe)
             ^^^^^^^^^^^^^^^^^^^^^^^^^^^^^^^^^^^^^^^^^^^^^^^^^^^^^^^^^^^^^^^^^^^^^^^^^^^^^^^^^^
  File "/home/morpheus/retraction_watch_plots/gprc6a/gprc6a_ruminant_pipeline.py", line 300, in download_genome
    run_cmd(cmd)
  File "/home/morpheus/retraction_watch_plots/gprc6a/gprc6a_ruminant_pipeline.py", line 114, in run_cmd
    return subprocess.run(
           ^^^^^^^^^^^^^^^
  File "/home/linuxbrew/.linuxbrew/Cellar/python@3.11/3.11.5/lib/python3.11/subprocess.py", line 571, in run
    raise CalledProcessError(retcode, process.args,
subprocess.CalledProcessError: Command '['/usr/local/bin/datasets', 'download', 'genome', 'accession', 'GCA_006410695.1', '--include', 'genome', '--filename', '/home/morpheus/retraction_watch_plots/gprc6a/GPRC6A_Ruminantia/cache/genomes/GCA_006410695.1/GCA_006410695.1.zip', '--no-progressbar']' returned non-zero exit status 1.
2026-08-15 08:09:22,148 INFO [120/672] completed GCA_006410695.1: error
2026-08-15 08:09:54,838 ERROR Assembly GCA_006408735.1 failed
Traceback (most recent call last):
  File "/home/morpheus/retraction_watch_plots/gprc6a/gprc6a_ruminant_pipeline.py", line 1125, in analyze_assembly
    genome = download_genome(accession, Path(args.outdir)/"cache"/"genomes", args.datasets_exe)
             ^^^^^^^^^^^^^^^^^^^^^^^^^^^^^^^^^^^^^^^^^^^^^^^^^^^^^^^^^^^^^^^^^^^^^^^^^^^^^^^^^^
  File "/home/morpheus/retraction_watch_plots/gprc6a/gprc6a_ruminant_pipeline.py", line 300, in download_genome
    run_cmd(cmd)
  File "/home/morpheus/retraction_watch_plots/gprc6a/gprc6a_ruminant_pipeline.py", line 114, in run_cmd
    return subprocess.run(
           ^^^^^^^^^^^^^^^
  File "/home/linuxbrew/.linuxbrew/Cellar/python@3.11/3.11.5/lib/python3.11/subprocess.py", line 571, in run
    raise CalledProcessError(retcode, process.args,
subprocess.CalledProcessError: Command '['/usr/local/bin/datasets', 'download', 'genome', 'accession', 'GCA_006408735.1', '--include', 'genome', '--filename', '/home/morpheus/retraction_watch_plots/gprc6a/GPRC6A_Ruminantia/cache/genomes/GCA_006408735.1/GCA_006408735.1.zip', '--no-progressbar']' returned non-zero exit status 1.
2026-08-15 08:09:54,840 INFO [121/672] completed GCA_006408735.1: error
2026-08-15 08:10:45,426 INFO [122/672] completed GCA_006410775.1: ok
2026-08-15 08:13:08,033 INFO [123/672] completed GCA_006408635.1: ok
2026-08-15 08:15:19,233 INFO [124/672] completed GCA_006461725.1: ok
2026-08-15 08:19:40,787 INFO [125/672] completed GCA_006411685.1: ok
2026-08-15 08:22:48,230 INFO [126/672] completed GCA_006416875.1: ok
2026-08-15 08:28:42,316 INFO [127/672] completed GCA_006417275.1: ok
2026-08-15 08:28:51,564 INFO [128/672] completed GCA_006408545.1: ok
2026-08-15 08:33:31,265 INFO [129/672] completed GCA_057332215.1: ok
2026-08-15 08:33:43,058 INFO [130/672] completed GCA_059336145.1: ok
2026-08-15 08:37:41,661 INFO [131/672] completed GCA_040805955.1: ok
2026-08-15 08:38:01,161 INFO [132/672] completed GCA_057332225.1: ok
2026-08-15 08:41:15,069 INFO [133/672] completed GCA_040806595.1: ok
2026-08-15 08:41:49,623 INFO [134/672] completed GCA_041735815.1: ok
2026-08-15 08:42:49,388 ERROR Assembly GCA_051106085.1 failed
Traceback (most recent call last):
  File "/home/morpheus/retraction_watch_plots/gprc6a/gprc6a_ruminant_pipeline.py", line 1125, in analyze_assembly
    genome = download_genome(accession, Path(args.outdir)/"cache"/"genomes", args.datasets_exe)
             ^^^^^^^^^^^^^^^^^^^^^^^^^^^^^^^^^^^^^^^^^^^^^^^^^^^^^^^^^^^^^^^^^^^^^^^^^^^^^^^^^^
  File "/home/morpheus/retraction_watch_plots/gprc6a/gprc6a_ruminant_pipeline.py", line 300, in download_genome
    run_cmd(cmd)
  File "/home/morpheus/retraction_watch_plots/gprc6a/gprc6a_ruminant_pipeline.py", line 114, in run_cmd
    return subprocess.run(
           ^^^^^^^^^^^^^^^
  File "/home/linuxbrew/.linuxbrew/Cellar/python@3.11/3.11.5/lib/python3.11/subprocess.py", line 571, in run
    raise CalledProcessError(retcode, process.args,
subprocess.CalledProcessError: Command '['/usr/local/bin/datasets', 'download', 'genome', 'accession', 'GCA_051106085.1', '--include', 'genome', '--filename', '/home/morpheus/retraction_watch_plots/gprc6a/GPRC6A_Ruminantia/cache/genomes/GCA_051106085.1/GCA_051106085.1.zip', '--no-progressbar']' returned non-zero exit status 1.
2026-08-15 08:42:49,391 INFO [135/672] completed GCA_051106085.1: error
2026-08-15 08:43:41,355 ERROR Assembly GCA_041121725.1 failed
Traceback (most recent call last):
  File "/home/morpheus/retraction_watch_plots/gprc6a/gprc6a_ruminant_pipeline.py", line 1125, in analyze_assembly
    genome = download_genome(accession, Path(args.outdir)/"cache"/"genomes", args.datasets_exe)
             ^^^^^^^^^^^^^^^^^^^^^^^^^^^^^^^^^^^^^^^^^^^^^^^^^^^^^^^^^^^^^^^^^^^^^^^^^^^^^^^^^^
  File "/home/morpheus/retraction_watch_plots/gprc6a/gprc6a_ruminant_pipeline.py", line 300, in download_genome
    run_cmd(cmd)
  File "/home/morpheus/retraction_watch_plots/gprc6a/gprc6a_ruminant_pipeline.py", line 114, in run_cmd
    return subprocess.run(
           ^^^^^^^^^^^^^^^
  File "/home/linuxbrew/.linuxbrew/Cellar/python@3.11/3.11.5/lib/python3.11/subprocess.py", line 571, in run
    raise CalledProcessError(retcode, process.args,
subprocess.CalledProcessError: Command '['/usr/local/bin/datasets', 'download', 'genome', 'accession', 'GCA_041121725.1', '--include', 'genome', '--filename', '/home/morpheus/retraction_watch_plots/gprc6a/GPRC6A_Ruminantia/cache/genomes/GCA_041121725.1/GCA_041121725.1.zip', '--no-progressbar']' returned non-zero exit status 1.
2026-08-15 08:43:41,358 INFO [136/672] completed GCA_041121725.1: error
2026-08-15 08:44:08,521 INFO [137/672] completed GCA_054371615.1: ok
2026-08-15 08:46:57,585 INFO [138/672] completed GCA_040970035.1: ok
2026-08-15 08:47:33,937 INFO [139/672] completed GCA_041736475.1: ok
2026-08-15 08:51:07,251 INFO [140/672] completed GCA_002968435.1: ok
2026-08-15 08:51:30,546 INFO [141/672] completed GCA_040822015.1: ok
2026-08-15 08:51:36,311 ERROR Assembly GCA_023701655.1 failed
Traceback (most recent call last):
  File "/home/morpheus/retraction_watch_plots/gprc6a/gprc6a_ruminant_pipeline.py", line 1125, in analyze_assembly
    genome = download_genome(accession, Path(args.outdir)/"cache"/"genomes", args.datasets_exe)
             ^^^^^^^^^^^^^^^^^^^^^^^^^^^^^^^^^^^^^^^^^^^^^^^^^^^^^^^^^^^^^^^^^^^^^^^^^^^^^^^^^^
  File "/home/morpheus/retraction_watch_plots/gprc6a/gprc6a_ruminant_pipeline.py", line 300, in download_genome
    run_cmd(cmd)
  File "/home/morpheus/retraction_watch_plots/gprc6a/gprc6a_ruminant_pipeline.py", line 114, in run_cmd
    return subprocess.run(
           ^^^^^^^^^^^^^^^
  File "/home/linuxbrew/.linuxbrew/Cellar/python@3.11/3.11.5/lib/python3.11/subprocess.py", line 571, in run
    raise CalledProcessError(retcode, process.args,
subprocess.CalledProcessError: Command '['/usr/local/bin/datasets', 'download', 'genome', 'accession', 'GCA_023701655.1', '--include', 'genome', '--filename', '/home/morpheus/retraction_watch_plots/gprc6a/GPRC6A_Ruminantia/cache/genomes/GCA_023701655.1/GCA_023701655.1.zip', '--no-progressbar']' returned non-zero exit status 1.
2026-08-15 08:51:36,313 INFO [142/672] completed GCA_023701655.1: error
2026-08-15 08:56:00,080 INFO [143/672] completed GCA_054371575.1: ok
2026-08-15 08:56:09,434 INFO [144/672] completed GCA_054371825.1: ok
2026-08-15 09:01:30,264 INFO [145/672] completed GCA_040286185.1: ok
2026-08-15 09:01:35,013 INFO [146/672] completed GCA_043882115.1: ok
2026-08-15 09:06:54,177 INFO [147/672] completed GCA_047652215.1: ok
2026-08-15 09:06:58,299 INFO [148/672] completed GCA_040285425.1: ok
2026-08-15 09:15:03,029 INFO [149/672] completed GCA_977970235.1: ok
2026-08-15 09:15:06,111 INFO [150/672] completed GCA_963921495.1: ok
2026-08-15 09:18:28,390 INFO [151/672] completed GCA_059997585.1: ok
2026-08-15 09:19:10,278 INFO [152/672] completed GCA_051122635.1: ok
2026-08-15 09:22:05,357 INFO [153/672] completed GCA_977927255.1: ok
2026-08-15 09:22:58,826 INFO [154/672] completed GCA_947034695.1: ok
2026-08-15 09:25:23,000 INFO [155/672] completed GCA_977927265.1: ok
2026-08-15 09:26:27,235 INFO [156/672] completed GCA_977927225.1: ok
2026-08-15 09:28:54,149 INFO [157/672] completed GCA_977927285.1: ok
2026-08-15 09:30:30,982 INFO [158/672] completed GCA_977927245.1: ok
2026-08-15 09:32:18,714 INFO [159/672] completed GCA_028973685.2: ok
2026-08-15 09:34:41,006 INFO [160/672] completed GCA_021234555.1: ok
2026-08-15 09:36:58,468 INFO [161/672] completed GCA_039881175.1: ok
2026-08-15 09:38:47,133 INFO [162/672] completed GCA_034097375.1: ok
2026-08-15 09:41:06,813 INFO [163/672] completed GCA_905123885.1: ok
2026-08-15 09:41:56,750 INFO [164/672] completed GCA_905123515.1: ok
2026-08-15 09:44:24,511 INFO [165/672] completed GCA_021347905.1: ok
2026-08-15 09:44:41,609 ERROR Assembly GCA_022416915.1 failed
Traceback (most recent call last):
  File "/home/morpheus/retraction_watch_plots/gprc6a/gprc6a_ruminant_pipeline.py", line 1125, in analyze_assembly
    genome = download_genome(accession, Path(args.outdir)/"cache"/"genomes", args.datasets_exe)
             ^^^^^^^^^^^^^^^^^^^^^^^^^^^^^^^^^^^^^^^^^^^^^^^^^^^^^^^^^^^^^^^^^^^^^^^^^^^^^^^^^^
  File "/home/morpheus/retraction_watch_plots/gprc6a/gprc6a_ruminant_pipeline.py", line 300, in download_genome
    run_cmd(cmd)
  File "/home/morpheus/retraction_watch_plots/gprc6a/gprc6a_ruminant_pipeline.py", line 114, in run_cmd
    return subprocess.run(
           ^^^^^^^^^^^^^^^
  File "/home/linuxbrew/.linuxbrew/Cellar/python@3.11/3.11.5/lib/python3.11/subprocess.py", line 571, in run
    raise CalledProcessError(retcode, process.args,
subprocess.CalledProcessError: Command '['/usr/local/bin/datasets', 'download', 'genome', 'accession', 'GCA_022416915.1', '--include', 'genome', '--filename', '/home/morpheus/retraction_watch_plots/gprc6a/GPRC6A_Ruminantia/cache/genomes/GCA_022416915.1/GCA_022416915.1.zip', '--no-progressbar']' returned non-zero exit status 1.
2026-08-15 09:44:41,612 INFO [166/672] completed GCA_022416915.1: error
2026-08-15 09:45:14,427 INFO [167/672] completed GCA_033439445.1: ok
2026-08-15 09:48:33,834 INFO [168/672] completed GCA_018804185.1: ok
2026-08-15 09:49:05,176 INFO [169/672] completed GCA_040543055.1: ok
2026-08-15 09:51:48,946 INFO [170/672] completed GCA_022432835.1: ok
2026-08-15 09:52:25,824 INFO [171/672] completed GCA_022416755.1: ok
2026-08-15 09:57:00,534 INFO [172/672] completed GCA_017524585.1: ok
2026-08-15 09:57:13,738 INFO [173/672] completed GCA_022416685.1: ok
2026-08-15 10:01:02,395 INFO [174/672] completed GCA_024222265.1: ok
2026-08-15 10:01:28,047 INFO [175/672] completed GCA_022432845.1: ok
2026-08-15 10:02:25,893 ERROR Assembly GCA_019145175.1 failed
Traceback (most recent call last):
  File "/home/morpheus/retraction_watch_plots/gprc6a/gprc6a_ruminant_pipeline.py", line 1125, in analyze_assembly
    genome = download_genome(accession, Path(args.outdir)/"cache"/"genomes", args.datasets_exe)
             ^^^^^^^^^^^^^^^^^^^^^^^^^^^^^^^^^^^^^^^^^^^^^^^^^^^^^^^^^^^^^^^^^^^^^^^^^^^^^^^^^^
  File "/home/morpheus/retraction_watch_plots/gprc6a/gprc6a_ruminant_pipeline.py", line 300, in download_genome
    run_cmd(cmd)
  File "/home/morpheus/retraction_watch_plots/gprc6a/gprc6a_ruminant_pipeline.py", line 114, in run_cmd
    return subprocess.run(
           ^^^^^^^^^^^^^^^
  File "/home/linuxbrew/.linuxbrew/Cellar/python@3.11/3.11.5/lib/python3.11/subprocess.py", line 571, in run
    raise CalledProcessError(retcode, process.args,
subprocess.CalledProcessError: Command '['/usr/local/bin/datasets', 'download', 'genome', 'accession', 'GCA_019145175.1', '--include', 'genome', '--filename', '/home/morpheus/retraction_watch_plots/gprc6a/GPRC6A_Ruminantia/cache/genomes/GCA_019145175.1/GCA_019145175.1.zip', '--no-progressbar']' returned non-zero exit status 1.
2026-08-15 10:02:25,895 INFO [176/672] completed GCA_019145175.1: error
2026-08-15 10:02:31,274 ERROR Assembly GCA_050916685.1 failed
Traceback (most recent call last):
  File "/home/morpheus/retraction_watch_plots/gprc6a/gprc6a_ruminant_pipeline.py", line 1125, in analyze_assembly
    genome = download_genome(accession, Path(args.outdir)/"cache"/"genomes", args.datasets_exe)
             ^^^^^^^^^^^^^^^^^^^^^^^^^^^^^^^^^^^^^^^^^^^^^^^^^^^^^^^^^^^^^^^^^^^^^^^^^^^^^^^^^^
  File "/home/morpheus/retraction_watch_plots/gprc6a/gprc6a_ruminant_pipeline.py", line 300, in download_genome
    run_cmd(cmd)
  File "/home/morpheus/retraction_watch_plots/gprc6a/gprc6a_ruminant_pipeline.py", line 114, in run_cmd
    return subprocess.run(
           ^^^^^^^^^^^^^^^
  File "/home/linuxbrew/.linuxbrew/Cellar/python@3.11/3.11.5/lib/python3.11/subprocess.py", line 571, in run
    raise CalledProcessError(retcode, process.args,
subprocess.CalledProcessError: Command '['/usr/local/bin/datasets', 'download', 'genome', 'accession', 'GCA_050916685.1', '--include', 'genome', '--filename', '/home/morpheus/retraction_watch_plots/gprc6a/GPRC6A_Ruminantia/cache/genomes/GCA_050916685.1/GCA_050916685.1.zip', '--no-progressbar']' returned non-zero exit status 1.
2026-08-15 10:02:31,276 INFO [177/672] completed GCA_050916685.1: error
2026-08-15 10:04:52,978 INFO [178/672] completed GCA_022416785.1: ok
2026-08-15 10:06:08,847 INFO [179/672] completed GCA_022538005.1: ok
2026-08-15 10:08:53,108 INFO [180/672] completed GCA_022416745.1: ok
2026-08-15 10:10:13,974 INFO [181/672] completed GCA_022416725.1: ok
2026-08-15 10:11:36,916 ERROR Assembly GCA_022244695.1 failed
Traceback (most recent call last):
  File "/home/morpheus/retraction_watch_plots/gprc6a/gprc6a_ruminant_pipeline.py", line 1125, in analyze_assembly
    genome = download_genome(accession, Path(args.outdir)/"cache"/"genomes", args.datasets_exe)
             ^^^^^^^^^^^^^^^^^^^^^^^^^^^^^^^^^^^^^^^^^^^^^^^^^^^^^^^^^^^^^^^^^^^^^^^^^^^^^^^^^^
  File "/home/morpheus/retraction_watch_plots/gprc6a/gprc6a_ruminant_pipeline.py", line 300, in download_genome
    run_cmd(cmd)
  File "/home/morpheus/retraction_watch_plots/gprc6a/gprc6a_ruminant_pipeline.py", line 114, in run_cmd
    return subprocess.run(
           ^^^^^^^^^^^^^^^
  File "/home/linuxbrew/.linuxbrew/Cellar/python@3.11/3.11.5/lib/python3.11/subprocess.py", line 571, in run
    raise CalledProcessError(retcode, process.args,
subprocess.CalledProcessError: Command '['/usr/local/bin/datasets', 'download', 'genome', 'accession', 'GCA_022244695.1', '--include', 'genome', '--filename', '/home/morpheus/retraction_watch_plots/gprc6a/GPRC6A_Ruminantia/cache/genomes/GCA_022244695.1/GCA_022244695.1.zip', '--no-progressbar']' returned non-zero exit status 1.
2026-08-15 10:11:36,918 INFO [182/672] completed GCA_022244695.1: error
2026-08-15 10:12:14,839 INFO [183/672] completed GCA_022244705.1: ok
2026-08-15 10:12:54,856 ERROR Assembly GCA_022432825.1 failed
Traceback (most recent call last):
  File "/home/morpheus/retraction_watch_plots/gprc6a/gprc6a_ruminant_pipeline.py", line 1125, in analyze_assembly
    genome = download_genome(accession, Path(args.outdir)/"cache"/"genomes", args.datasets_exe)
             ^^^^^^^^^^^^^^^^^^^^^^^^^^^^^^^^^^^^^^^^^^^^^^^^^^^^^^^^^^^^^^^^^^^^^^^^^^^^^^^^^^
  File "/home/morpheus/retraction_watch_plots/gprc6a/gprc6a_ruminant_pipeline.py", line 300, in download_genome
    run_cmd(cmd)
  File "/home/morpheus/retraction_watch_plots/gprc6a/gprc6a_ruminant_pipeline.py", line 114, in run_cmd
    return subprocess.run(
           ^^^^^^^^^^^^^^^
  File "/home/linuxbrew/.linuxbrew/Cellar/python@3.11/3.11.5/lib/python3.11/subprocess.py", line 571, in run
    raise CalledProcessError(retcode, process.args,
subprocess.CalledProcessError: Command '['/usr/local/bin/datasets', 'download', 'genome', 'accession', 'GCA_022432825.1', '--include', 'genome', '--filename', '/home/morpheus/retraction_watch_plots/gprc6a/GPRC6A_Ruminantia/cache/genomes/GCA_022432825.1/GCA_022432825.1.zip', '--no-progressbar']' returned non-zero exit status 1.
2026-08-15 10:12:54,858 INFO [184/672] completed GCA_022432825.1: error
2026-08-15 10:16:03,194 INFO [185/672] completed GCA_022416775.1: ok
2026-08-15 10:16:45,492 INFO [186/672] completed GCA_024222175.1: ok
2026-08-15 10:19:12,694 INFO [187/672] completed GCA_040259355.1: ok
2026-08-15 10:19:59,637 INFO [188/672] completed GCA_022416695.1: ok
2026-08-15 10:24:14,544 INFO [189/672] completed GCA_011170295.1: ok
2026-08-15 10:24:34,189 INFO [190/672] completed GCA_057428545.1: ok
2026-08-15 10:26:33,508 ERROR Assembly GCA_046464075.1 failed
Traceback (most recent call last):
  File "/home/morpheus/retraction_watch_plots/gprc6a/gprc6a_ruminant_pipeline.py", line 1125, in analyze_assembly
    genome = download_genome(accession, Path(args.outdir)/"cache"/"genomes", args.datasets_exe)
             ^^^^^^^^^^^^^^^^^^^^^^^^^^^^^^^^^^^^^^^^^^^^^^^^^^^^^^^^^^^^^^^^^^^^^^^^^^^^^^^^^^
  File "/home/morpheus/retraction_watch_plots/gprc6a/gprc6a_ruminant_pipeline.py", line 300, in download_genome
    run_cmd(cmd)
  File "/home/morpheus/retraction_watch_plots/gprc6a/gprc6a_ruminant_pipeline.py", line 114, in run_cmd
    return subprocess.run(
           ^^^^^^^^^^^^^^^
  File "/home/linuxbrew/.linuxbrew/Cellar/python@3.11/3.11.5/lib/python3.11/subprocess.py", line 571, in run
    raise CalledProcessError(retcode, process.args,
subprocess.CalledProcessError: Command '['/usr/local/bin/datasets', 'download', 'genome', 'accession', 'GCA_046464075.1', '--include', 'genome', '--filename', '/home/morpheus/retraction_watch_plots/gprc6a/GPRC6A_Ruminantia/cache/genomes/GCA_046464075.1/GCA_046464075.1.zip', '--no-progressbar']' returned non-zero exit status 1.
2026-08-15 10:26:33,511 INFO [191/672] completed GCA_046464075.1: error
2026-08-15 10:27:00,451 ERROR Assembly GCA_047671635.1 failed
Traceback (most recent call last):
  File "/home/morpheus/retraction_watch_plots/gprc6a/gprc6a_ruminant_pipeline.py", line 1125, in analyze_assembly
    genome = download_genome(accession, Path(args.outdir)/"cache"/"genomes", args.datasets_exe)
             ^^^^^^^^^^^^^^^^^^^^^^^^^^^^^^^^^^^^^^^^^^^^^^^^^^^^^^^^^^^^^^^^^^^^^^^^^^^^^^^^^^
  File "/home/morpheus/retraction_watch_plots/gprc6a/gprc6a_ruminant_pipeline.py", line 300, in download_genome
    run_cmd(cmd)
  File "/home/morpheus/retraction_watch_plots/gprc6a/gprc6a_ruminant_pipeline.py", line 114, in run_cmd
    return subprocess.run(
           ^^^^^^^^^^^^^^^
  File "/home/linuxbrew/.linuxbrew/Cellar/python@3.11/3.11.5/lib/python3.11/subprocess.py", line 571, in run
    raise CalledProcessError(retcode, process.args,
subprocess.CalledProcessError: Command '['/usr/local/bin/datasets', 'download', 'genome', 'accession', 'GCA_047671635.1', '--include', 'genome', '--filename', '/home/morpheus/retraction_watch_plots/gprc6a/GPRC6A_Ruminantia/cache/genomes/GCA_047671635.1/GCA_047671635.1.zip', '--no-progressbar']' returned non-zero exit status 1.
2026-08-15 10:27:00,453 INFO [192/672] completed GCA_047671635.1: error
2026-08-15 10:27:29,954 INFO [193/672] completed GCA_057428595.1: ok
2026-08-15 10:30:29,824 INFO [194/672] completed GCA_049004455.1: ok
2026-08-15 10:31:05,428 INFO [195/672] completed GCA_049004405.1: ok
2026-08-15 10:34:11,754 INFO [196/672] completed GCA_044509215.1: ok
2026-08-15 10:35:42,979 INFO [197/672] completed GCA_059055555.1: ok
2026-08-15 10:38:26,265 INFO [198/672] completed GCA_059055625.1: ok
2026-08-15 10:40:20,392 INFO [199/672] completed GCA_057557635.1: ok
2026-08-15 10:42:47,682 INFO [200/672] completed GCA_057556445.1: ok
2026-08-15 10:45:58,383 INFO [201/672] completed GCA_044588015.1: ok
2026-08-15 10:47:45,537 INFO [202/672] completed GCA_044587935.1: ok
2026-08-15 10:49:21,387 INFO [203/672] completed GCA_044587945.1: ok
2026-08-15 10:51:13,565 INFO [204/672] completed GCA_049004675.1: ok
2026-08-15 10:53:05,529 INFO [205/672] completed GCA_049004595.1: ok
2026-08-15 10:54:24,058 INFO [206/672] completed GCA_015443085.1: ok
2026-08-15 10:56:21,720 INFO [207/672] completed GCA_048594055.1: ok
2026-08-15 10:57:33,020 INFO [208/672] completed GCA_026652205.1: ok
2026-08-15 10:59:37,151 INFO [209/672] completed GCA_042835985.1: ok
2026-08-15 11:01:00,086 INFO [210/672] completed GCA_048593975.1: ok
2026-08-15 11:03:07,896 INFO [211/672] completed GCA_044587905.1: ok
2026-08-15 11:04:43,317 INFO [212/672] completed GCA_047671655.1: ok
2026-08-15 11:06:42,702 INFO [213/672] completed GCA_048598825.1: ok
2026-08-15 11:08:01,348 INFO [214/672] completed GCA_048598065.1: ok
2026-08-15 11:08:28,703 ERROR Assembly GCA_048598055.1 failed
Traceback (most recent call last):
  File "/home/morpheus/retraction_watch_plots/gprc6a/gprc6a_ruminant_pipeline.py", line 1125, in analyze_assembly
    genome = download_genome(accession, Path(args.outdir)/"cache"/"genomes", args.datasets_exe)
             ^^^^^^^^^^^^^^^^^^^^^^^^^^^^^^^^^^^^^^^^^^^^^^^^^^^^^^^^^^^^^^^^^^^^^^^^^^^^^^^^^^
  File "/home/morpheus/retraction_watch_plots/gprc6a/gprc6a_ruminant_pipeline.py", line 300, in download_genome
    run_cmd(cmd)
  File "/home/morpheus/retraction_watch_plots/gprc6a/gprc6a_ruminant_pipeline.py", line 114, in run_cmd
    return subprocess.run(
           ^^^^^^^^^^^^^^^
  File "/home/linuxbrew/.linuxbrew/Cellar/python@3.11/3.11.5/lib/python3.11/subprocess.py", line 571, in run
    raise CalledProcessError(retcode, process.args,
subprocess.CalledProcessError: Command '['/usr/local/bin/datasets', 'download', 'genome', 'accession', 'GCA_048598055.1', '--include', 'genome', '--filename', '/home/morpheus/retraction_watch_plots/gprc6a/GPRC6A_Ruminantia/cache/genomes/GCA_048598055.1/GCA_048598055.1.zip', '--no-progressbar']' returned non-zero exit status 1.
2026-08-15 11:08:28,705 INFO [215/672] completed GCA_048598055.1: error
2026-08-15 11:10:02,431 INFO [216/672] completed GCA_048598025.1: ok
2026-08-15 11:11:45,818 INFO [217/672] completed GCA_048594065.1: ok
2026-08-15 11:12:57,062 ERROR Assembly GCA_049004495.1 failed
Traceback (most recent call last):
  File "/home/morpheus/retraction_watch_plots/gprc6a/gprc6a_ruminant_pipeline.py", line 1125, in analyze_assembly
    genome = download_genome(accession, Path(args.outdir)/"cache"/"genomes", args.datasets_exe)
             ^^^^^^^^^^^^^^^^^^^^^^^^^^^^^^^^^^^^^^^^^^^^^^^^^^^^^^^^^^^^^^^^^^^^^^^^^^^^^^^^^^
  File "/home/morpheus/retraction_watch_plots/gprc6a/gprc6a_ruminant_pipeline.py", line 300, in download_genome
    run_cmd(cmd)
  File "/home/morpheus/retraction_watch_plots/gprc6a/gprc6a_ruminant_pipeline.py", line 114, in run_cmd
    return subprocess.run(
           ^^^^^^^^^^^^^^^
  File "/home/linuxbrew/.linuxbrew/Cellar/python@3.11/3.11.5/lib/python3.11/subprocess.py", line 571, in run
    raise CalledProcessError(retcode, process.args,
subprocess.CalledProcessError: Command '['/usr/local/bin/datasets', 'download', 'genome', 'accession', 'GCA_049004495.1', '--include', 'genome', '--filename', '/home/morpheus/retraction_watch_plots/gprc6a/GPRC6A_Ruminantia/cache/genomes/GCA_049004495.1/GCA_049004495.1.zip', '--no-progressbar']' returned non-zero exit status 1.
2026-08-15 11:12:57,065 INFO [218/672] completed GCA_049004495.1: error
2026-08-15 11:13:07,089 INFO [219/672] completed GCA_048594135.1: ok
2026-08-15 11:17:35,062 INFO [220/672] completed GCA_049004535.1: ok
2026-08-15 11:17:53,518 INFO [221/672] completed GCA_048594165.1: ok
2026-08-15 11:22:05,456 INFO [222/672] completed GCA_048594125.1: ok
2026-08-15 11:22:25,521 INFO [223/672] completed GCA_000317765.2: ok
2026-08-15 11:26:10,297 INFO [224/672] completed GCA_004361675.1: ok
2026-08-15 11:26:36,588 INFO [225/672] completed GCA_030269505.1: ok
2026-08-15 11:30:30,320 INFO [226/672] completed GCA_030272235.1: ok
2026-08-15 11:30:47,916 INFO [227/672] completed GCA_030272135.1: ok
2026-08-15 11:34:12,574 INFO [228/672] completed GCA_030267375.1: ok
2026-08-15 11:34:40,727 INFO [229/672] completed GCA_030271795.1: ok
2026-08-15 11:35:49,812 ERROR Assembly GCA_039881165.1 failed
Traceback (most recent call last):
  File "/home/morpheus/retraction_watch_plots/gprc6a/gprc6a_ruminant_pipeline.py", line 1125, in analyze_assembly
    genome = download_genome(accession, Path(args.outdir)/"cache"/"genomes", args.datasets_exe)
             ^^^^^^^^^^^^^^^^^^^^^^^^^^^^^^^^^^^^^^^^^^^^^^^^^^^^^^^^^^^^^^^^^^^^^^^^^^^^^^^^^^
  File "/home/morpheus/retraction_watch_plots/gprc6a/gprc6a_ruminant_pipeline.py", line 300, in download_genome
    run_cmd(cmd)
  File "/home/morpheus/retraction_watch_plots/gprc6a/gprc6a_ruminant_pipeline.py", line 114, in run_cmd
    return subprocess.run(
           ^^^^^^^^^^^^^^^
  File "/home/linuxbrew/.linuxbrew/Cellar/python@3.11/3.11.5/lib/python3.11/subprocess.py", line 571, in run
    raise CalledProcessError(retcode, process.args,
subprocess.CalledProcessError: Command '['/usr/local/bin/datasets', 'download', 'genome', 'accession', 'GCA_039881165.1', '--include', 'genome', '--filename', '/home/morpheus/retraction_watch_plots/gprc6a/GPRC6A_Ruminantia/cache/genomes/GCA_039881165.1/GCA_039881165.1.zip', '--no-progressbar']' returned non-zero exit status 1.
2026-08-15 11:35:49,815 INFO [230/672] completed GCA_039881165.1: error
2026-08-15 11:39:27,078 INFO [231/672] completed GCA_030269815.1: ok
2026-08-15 11:39:50,059 INFO [232/672] completed GCA_030271805.1: ok
2026-08-15 11:42:51,150 INFO [233/672] completed GCA_030267355.1: ok
2026-08-15 11:43:05,427 ERROR Assembly GCA_030267345.1 failed
Traceback (most recent call last):
  File "/home/morpheus/retraction_watch_plots/gprc6a/gprc6a_ruminant_pipeline.py", line 1125, in analyze_assembly
    genome = download_genome(accession, Path(args.outdir)/"cache"/"genomes", args.datasets_exe)
             ^^^^^^^^^^^^^^^^^^^^^^^^^^^^^^^^^^^^^^^^^^^^^^^^^^^^^^^^^^^^^^^^^^^^^^^^^^^^^^^^^^
  File "/home/morpheus/retraction_watch_plots/gprc6a/gprc6a_ruminant_pipeline.py", line 300, in download_genome
    run_cmd(cmd)
  File "/home/morpheus/retraction_watch_plots/gprc6a/gprc6a_ruminant_pipeline.py", line 114, in run_cmd
    return subprocess.run(
           ^^^^^^^^^^^^^^^
  File "/home/linuxbrew/.linuxbrew/Cellar/python@3.11/3.11.5/lib/python3.11/subprocess.py", line 571, in run
    raise CalledProcessError(retcode, process.args,
subprocess.CalledProcessError: Command '['/usr/local/bin/datasets', 'download', 'genome', 'accession', 'GCA_030267345.1', '--include', 'genome', '--filename', '/home/morpheus/retraction_watch_plots/gprc6a/GPRC6A_Ruminantia/cache/genomes/GCA_030267345.1/GCA_030267345.1.zip', '--no-progressbar']' returned non-zero exit status 1.
2026-08-15 11:43:05,430 INFO [234/672] completed GCA_030267345.1: error
2026-08-15 11:43:45,627 INFO [235/672] completed GCA_029378735.1: ok
2026-08-15 11:43:52,891 ERROR Assembly GCA_030270715.1 failed
Traceback (most recent call last):
  File "/home/morpheus/retraction_watch_plots/gprc6a/gprc6a_ruminant_pipeline.py", line 1125, in analyze_assembly
    genome = download_genome(accession, Path(args.outdir)/"cache"/"genomes", args.datasets_exe)
             ^^^^^^^^^^^^^^^^^^^^^^^^^^^^^^^^^^^^^^^^^^^^^^^^^^^^^^^^^^^^^^^^^^^^^^^^^^^^^^^^^^
  File "/home/morpheus/retraction_watch_plots/gprc6a/gprc6a_ruminant_pipeline.py", line 300, in download_genome
    run_cmd(cmd)
  File "/home/morpheus/retraction_watch_plots/gprc6a/gprc6a_ruminant_pipeline.py", line 114, in run_cmd
    return subprocess.run(
           ^^^^^^^^^^^^^^^
  File "/home/linuxbrew/.linuxbrew/Cellar/python@3.11/3.11.5/lib/python3.11/subprocess.py", line 571, in run
    raise CalledProcessError(retcode, process.args,
subprocess.CalledProcessError: Command '['/usr/local/bin/datasets', 'download', 'genome', 'accession', 'GCA_030270715.1', '--include', 'genome', '--filename', '/home/morpheus/retraction_watch_plots/gprc6a/GPRC6A_Ruminantia/cache/genomes/GCA_030270715.1/GCA_030270715.1.zip', '--no-progressbar']' returned non-zero exit status 1.
2026-08-15 11:43:52,894 INFO [236/672] completed GCA_030270715.1: error
2026-08-15 11:44:59,644 ERROR Assembly GCA_030270805.1 failed
Traceback (most recent call last):
  File "/home/morpheus/retraction_watch_plots/gprc6a/gprc6a_ruminant_pipeline.py", line 1125, in analyze_assembly
    genome = download_genome(accession, Path(args.outdir)/"cache"/"genomes", args.datasets_exe)
             ^^^^^^^^^^^^^^^^^^^^^^^^^^^^^^^^^^^^^^^^^^^^^^^^^^^^^^^^^^^^^^^^^^^^^^^^^^^^^^^^^^
  File "/home/morpheus/retraction_watch_plots/gprc6a/gprc6a_ruminant_pipeline.py", line 300, in download_genome
    run_cmd(cmd)
  File "/home/morpheus/retraction_watch_plots/gprc6a/gprc6a_ruminant_pipeline.py", line 114, in run_cmd
    return subprocess.run(
           ^^^^^^^^^^^^^^^
  File "/home/linuxbrew/.linuxbrew/Cellar/python@3.11/3.11.5/lib/python3.11/subprocess.py", line 571, in run
    raise CalledProcessError(retcode, process.args,
subprocess.CalledProcessError: Command '['/usr/local/bin/datasets', 'download', 'genome', 'accession', 'GCA_030270805.1', '--include', 'genome', '--filename', '/home/morpheus/retraction_watch_plots/gprc6a/GPRC6A_Ruminantia/cache/genomes/GCA_030270805.1/GCA_030270805.1.zip', '--no-progressbar']' returned non-zero exit status 1.
2026-08-15 11:44:59,645 INFO [237/672] completed GCA_030270805.1: error
2026-08-15 11:47:07,922 INFO [238/672] completed GCA_030270685.1: ok
2026-08-15 11:48:00,521 INFO [239/672] completed GCA_030270705.1: ok
2026-08-15 11:50:20,462 INFO [240/672] completed GCA_030270725.1: ok
2026-08-15 11:51:16,032 INFO [241/672] completed GCA_030272475.1: ok
2026-08-15 11:53:33,555 INFO [242/672] completed GCA_030270825.1: ok
2026-08-15 11:54:01,231 ERROR Assembly GCA_026262465.1 failed
Traceback (most recent call last):
  File "/home/morpheus/retraction_watch_plots/gprc6a/gprc6a_ruminant_pipeline.py", line 1125, in analyze_assembly
    genome = download_genome(accession, Path(args.outdir)/"cache"/"genomes", args.datasets_exe)
             ^^^^^^^^^^^^^^^^^^^^^^^^^^^^^^^^^^^^^^^^^^^^^^^^^^^^^^^^^^^^^^^^^^^^^^^^^^^^^^^^^^
  File "/home/morpheus/retraction_watch_plots/gprc6a/gprc6a_ruminant_pipeline.py", line 300, in download_genome
    run_cmd(cmd)
  File "/home/morpheus/retraction_watch_plots/gprc6a/gprc6a_ruminant_pipeline.py", line 114, in run_cmd
    return subprocess.run(
           ^^^^^^^^^^^^^^^
  File "/home/linuxbrew/.linuxbrew/Cellar/python@3.11/3.11.5/lib/python3.11/subprocess.py", line 571, in run
    raise CalledProcessError(retcode, process.args,
subprocess.CalledProcessError: Command '['/usr/local/bin/datasets', 'download', 'genome', 'accession', 'GCA_026262465.1', '--include', 'genome', '--filename', '/home/morpheus/retraction_watch_plots/gprc6a/GPRC6A_Ruminantia/cache/genomes/GCA_026262465.1/GCA_026262465.1.zip', '--no-progressbar']' returned non-zero exit status 1.
2026-08-15 11:54:01,234 INFO [243/672] completed GCA_026262465.1: error
2026-08-15 11:54:29,965 INFO [244/672] completed GCA_030270935.1: ok
2026-08-15 11:55:04,686 ERROR Assembly GCA_030270865.1 failed
Traceback (most recent call last):
  File "/home/morpheus/retraction_watch_plots/gprc6a/gprc6a_ruminant_pipeline.py", line 1125, in analyze_assembly
    genome = download_genome(accession, Path(args.outdir)/"cache"/"genomes", args.datasets_exe)
             ^^^^^^^^^^^^^^^^^^^^^^^^^^^^^^^^^^^^^^^^^^^^^^^^^^^^^^^^^^^^^^^^^^^^^^^^^^^^^^^^^^
  File "/home/morpheus/retraction_watch_plots/gprc6a/gprc6a_ruminant_pipeline.py", line 300, in download_genome
    run_cmd(cmd)
  File "/home/morpheus/retraction_watch_plots/gprc6a/gprc6a_ruminant_pipeline.py", line 114, in run_cmd
    return subprocess.run(
           ^^^^^^^^^^^^^^^
  File "/home/linuxbrew/.linuxbrew/Cellar/python@3.11/3.11.5/lib/python3.11/subprocess.py", line 571, in run
    raise CalledProcessError(retcode, process.args,
subprocess.CalledProcessError: Command '['/usr/local/bin/datasets', 'download', 'genome', 'accession', 'GCA_030270865.1', '--include', 'genome', '--filename', '/home/morpheus/retraction_watch_plots/gprc6a/GPRC6A_Ruminantia/cache/genomes/GCA_030270865.1/GCA_030270865.1.zip', '--no-progressbar']' returned non-zero exit status 1.
2026-08-15 11:55:04,688 INFO [245/672] completed GCA_030270865.1: error
2026-08-15 11:57:46,053 INFO [246/672] completed GCA_026262545.1: ok
2026-08-15 11:58:20,527 INFO [247/672] completed GCA_026262515.1: ok
2026-08-15 12:00:46,716 INFO [248/672] completed GCA_026262375.1: ok
2026-08-15 12:01:22,048 INFO [249/672] completed GCA_030270995.1: ok
2026-08-15 12:01:27,202 ERROR Assembly GCA_030270845.1 failed
Traceback (most recent call last):
  File "/home/morpheus/retraction_watch_plots/gprc6a/gprc6a_ruminant_pipeline.py", line 1125, in analyze_assembly
    genome = download_genome(accession, Path(args.outdir)/"cache"/"genomes", args.datasets_exe)
             ^^^^^^^^^^^^^^^^^^^^^^^^^^^^^^^^^^^^^^^^^^^^^^^^^^^^^^^^^^^^^^^^^^^^^^^^^^^^^^^^^^
  File "/home/morpheus/retraction_watch_plots/gprc6a/gprc6a_ruminant_pipeline.py", line 300, in download_genome
    run_cmd(cmd)
  File "/home/morpheus/retraction_watch_plots/gprc6a/gprc6a_ruminant_pipeline.py", line 114, in run_cmd
    return subprocess.run(
           ^^^^^^^^^^^^^^^
  File "/home/linuxbrew/.linuxbrew/Cellar/python@3.11/3.11.5/lib/python3.11/subprocess.py", line 571, in run
    raise CalledProcessError(retcode, process.args,
subprocess.CalledProcessError: Command '['/usr/local/bin/datasets', 'download', 'genome', 'accession', 'GCA_030270845.1', '--include', 'genome', '--filename', '/home/morpheus/retraction_watch_plots/gprc6a/GPRC6A_Ruminantia/cache/genomes/GCA_030270845.1/GCA_030270845.1.zip', '--no-progressbar']' returned non-zero exit status 1.
2026-08-15 12:01:27,204 INFO [250/672] completed GCA_030270845.1: error
2026-08-15 12:02:21,515 ERROR Assembly GCA_030270855.1 failed
Traceback (most recent call last):
  File "/home/morpheus/retraction_watch_plots/gprc6a/gprc6a_ruminant_pipeline.py", line 1125, in analyze_assembly
    genome = download_genome(accession, Path(args.outdir)/"cache"/"genomes", args.datasets_exe)
             ^^^^^^^^^^^^^^^^^^^^^^^^^^^^^^^^^^^^^^^^^^^^^^^^^^^^^^^^^^^^^^^^^^^^^^^^^^^^^^^^^^
  File "/home/morpheus/retraction_watch_plots/gprc6a/gprc6a_ruminant_pipeline.py", line 300, in download_genome
    run_cmd(cmd)
  File "/home/morpheus/retraction_watch_plots/gprc6a/gprc6a_ruminant_pipeline.py", line 114, in run_cmd
    return subprocess.run(
           ^^^^^^^^^^^^^^^
  File "/home/linuxbrew/.linuxbrew/Cellar/python@3.11/3.11.5/lib/python3.11/subprocess.py", line 571, in run
    raise CalledProcessError(retcode, process.args,
subprocess.CalledProcessError: Command '['/usr/local/bin/datasets', 'download', 'genome', 'accession', 'GCA_030270855.1', '--include', 'genome', '--filename', '/home/morpheus/retraction_watch_plots/gprc6a/GPRC6A_Ruminantia/cache/genomes/GCA_030270855.1/GCA_030270855.1.zip', '--no-progressbar']' returned non-zero exit status 1.
2026-08-15 12:02:21,517 INFO [251/672] completed GCA_030270855.1: error
2026-08-15 12:04:48,004 INFO [252/672] completed GCA_030272505.1: ok
2026-08-15 12:05:22,896 INFO [253/672] completed GCA_030272495.1: ok
2026-08-15 12:07:55,575 INFO [254/672] completed GCA_030270955.1: ok
2026-08-15 12:08:33,169 INFO [255/672] completed GCA_030270945.1: ok
2026-08-15 12:11:10,413 INFO [256/672] completed GCA_050059765.1: ok
2026-08-15 12:11:46,645 INFO [257/672] completed GCA_027580245.1: ok
2026-08-15 12:15:48,187 INFO [258/672] completed GCA_005887515.3: ok
2026-08-15 12:16:10,703 INFO [259/672] completed GCA_049115385.1: ok
2026-08-15 12:20:59,245 INFO [260/672] completed GCA_034195675.1: ok
2026-08-15 12:21:11,401 INFO [261/672] completed GCA_038088365.1: ok
2026-08-15 12:21:29,599 ERROR Assembly GCA_054829135.1 failed
Traceback (most recent call last):
  File "/home/morpheus/retraction_watch_plots/gprc6a/gprc6a_ruminant_pipeline.py", line 1125, in analyze_assembly
    genome = download_genome(accession, Path(args.outdir)/"cache"/"genomes", args.datasets_exe)
             ^^^^^^^^^^^^^^^^^^^^^^^^^^^^^^^^^^^^^^^^^^^^^^^^^^^^^^^^^^^^^^^^^^^^^^^^^^^^^^^^^^
  File "/home/morpheus/retraction_watch_plots/gprc6a/gprc6a_ruminant_pipeline.py", line 300, in download_genome
    run_cmd(cmd)
  File "/home/morpheus/retraction_watch_plots/gprc6a/gprc6a_ruminant_pipeline.py", line 114, in run_cmd
    return subprocess.run(
           ^^^^^^^^^^^^^^^
  File "/home/linuxbrew/.linuxbrew/Cellar/python@3.11/3.11.5/lib/python3.11/subprocess.py", line 571, in run
    raise CalledProcessError(retcode, process.args,
subprocess.CalledProcessError: Command '['/usr/local/bin/datasets', 'download', 'genome', 'accession', 'GCA_054829135.1', '--include', 'genome', '--filename', '/home/morpheus/retraction_watch_plots/gprc6a/GPRC6A_Ruminantia/cache/genomes/GCA_054829135.1/GCA_054829135.1.zip', '--no-progressbar']' returned non-zero exit status 1.
2026-08-15 12:21:29,602 INFO [262/672] completed GCA_054829135.1: error
2026-08-15 12:24:55,790 INFO [263/672] completed GCA_052324755.1: ok
2026-08-15 12:25:17,404 INFO [264/672] completed GCA_003369695.2: ok
2026-08-15 12:29:54,278 INFO [265/672] completed GCF_003369695.1: ok
2026-08-15 12:29:57,140 INFO [266/672] completed GCA_019903745.2: ok
2026-08-15 12:35:59,533 INFO [267/672] completed GCA_965153185.1: ok
2026-08-15 12:36:02,408 INFO [268/672] completed GCA_951394145.2: ok
2026-08-15 12:36:52,316 ERROR Assembly GCA_020226045.1 failed
Traceback (most recent call last):
  File "/home/morpheus/retraction_watch_plots/gprc6a/gprc6a_ruminant_pipeline.py", line 1125, in analyze_assembly
    genome = download_genome(accession, Path(args.outdir)/"cache"/"genomes", args.datasets_exe)
             ^^^^^^^^^^^^^^^^^^^^^^^^^^^^^^^^^^^^^^^^^^^^^^^^^^^^^^^^^^^^^^^^^^^^^^^^^^^^^^^^^^
  File "/home/morpheus/retraction_watch_plots/gprc6a/gprc6a_ruminant_pipeline.py", line 300, in download_genome
    run_cmd(cmd)
  File "/home/morpheus/retraction_watch_plots/gprc6a/gprc6a_ruminant_pipeline.py", line 114, in run_cmd
    return subprocess.run(
           ^^^^^^^^^^^^^^^
  File "/home/linuxbrew/.linuxbrew/Cellar/python@3.11/3.11.5/lib/python3.11/subprocess.py", line 571, in run
    raise CalledProcessError(retcode, process.args,
subprocess.CalledProcessError: Command '['/usr/local/bin/datasets', 'download', 'genome', 'accession', 'GCA_020226045.1', '--include', 'genome', '--filename', '/home/morpheus/retraction_watch_plots/gprc6a/GPRC6A_Ruminantia/cache/genomes/GCA_020226045.1/GCA_020226045.1.zip', '--no-progressbar']' returned non-zero exit status 1.
2026-08-15 12:36:52,319 INFO [269/672] completed GCA_020226045.1: error
2026-08-15 12:40:12,785 INFO [270/672] completed GCA_910593805.2: ok
2026-08-15 12:40:35,909 INFO [271/672] completed GCA_008787405.2: ok
2026-08-15 12:40:48,300 ERROR Assembly GCA_002197005.1 failed
Traceback (most recent call last):
  File "/home/morpheus/retraction_watch_plots/gprc6a/gprc6a_ruminant_pipeline.py", line 1125, in analyze_assembly
    genome = download_genome(accession, Path(args.outdir)/"cache"/"genomes", args.datasets_exe)
             ^^^^^^^^^^^^^^^^^^^^^^^^^^^^^^^^^^^^^^^^^^^^^^^^^^^^^^^^^^^^^^^^^^^^^^^^^^^^^^^^^^
  File "/home/morpheus/retraction_watch_plots/gprc6a/gprc6a_ruminant_pipeline.py", line 300, in download_genome
    run_cmd(cmd)
  File "/home/morpheus/retraction_watch_plots/gprc6a/gprc6a_ruminant_pipeline.py", line 114, in run_cmd
    return subprocess.run(
           ^^^^^^^^^^^^^^^
  File "/home/linuxbrew/.linuxbrew/Cellar/python@3.11/3.11.5/lib/python3.11/subprocess.py", line 571, in run
    raise CalledProcessError(retcode, process.args,
subprocess.CalledProcessError: Command '['/usr/local/bin/datasets', 'download', 'genome', 'accession', 'GCA_002197005.1', '--include', 'genome', '--filename', '/home/morpheus/retraction_watch_plots/gprc6a/GPRC6A_Ruminantia/cache/genomes/GCA_002197005.1/GCA_002197005.1.zip', '--no-progressbar']' returned non-zero exit status 1.
2026-08-15 12:40:48,303 INFO [272/672] completed GCA_002197005.1: error
2026-08-15 12:45:17,025 INFO [273/672] completed GCA_045269445.1: ok
2026-08-15 12:45:21,512 INFO [274/672] completed GCA_051307275.1: ok
2026-08-15 12:45:54,941 ERROR Assembly GCA_009493655.1 failed
Traceback (most recent call last):
  File "/home/morpheus/retraction_watch_plots/gprc6a/gprc6a_ruminant_pipeline.py", line 1125, in analyze_assembly
    genome = download_genome(accession, Path(args.outdir)/"cache"/"genomes", args.datasets_exe)
             ^^^^^^^^^^^^^^^^^^^^^^^^^^^^^^^^^^^^^^^^^^^^^^^^^^^^^^^^^^^^^^^^^^^^^^^^^^^^^^^^^^
  File "/home/morpheus/retraction_watch_plots/gprc6a/gprc6a_ruminant_pipeline.py", line 300, in download_genome
    run_cmd(cmd)
  File "/home/morpheus/retraction_watch_plots/gprc6a/gprc6a_ruminant_pipeline.py", line 114, in run_cmd
    return subprocess.run(
           ^^^^^^^^^^^^^^^
  File "/home/linuxbrew/.linuxbrew/Cellar/python@3.11/3.11.5/lib/python3.11/subprocess.py", line 571, in run
    raise CalledProcessError(retcode, process.args,
subprocess.CalledProcessError: Command '['/usr/local/bin/datasets', 'download', 'genome', 'accession', 'GCA_009493655.1', '--include', 'genome', '--filename', '/home/morpheus/retraction_watch_plots/gprc6a/GPRC6A_Ruminantia/cache/genomes/GCA_009493655.1/GCA_009493655.1.zip', '--no-progressbar']' returned non-zero exit status 1.
2026-08-15 12:45:54,944 INFO [275/672] completed GCA_009493655.1: error
2026-08-15 12:49:40,968 INFO [276/672] completed GCA_048126745.1: ok
2026-08-15 12:50:05,769 INFO [277/672] completed GCA_054883225.1: ok
2026-08-15 12:52:27,370 INFO [278/672] completed GCA_048127045.1: ok
2026-08-15 12:55:01,743 INFO [279/672] completed GCA_054824865.1: ok
2026-08-15 12:55:40,999 INFO [280/672] completed GCA_054856215.1: ok
2026-08-15 12:56:01,921 ERROR Assembly GCA_013496395.1 failed
Traceback (most recent call last):
  File "/home/morpheus/retraction_watch_plots/gprc6a/gprc6a_ruminant_pipeline.py", line 1125, in analyze_assembly
    genome = download_genome(accession, Path(args.outdir)/"cache"/"genomes", args.datasets_exe)
             ^^^^^^^^^^^^^^^^^^^^^^^^^^^^^^^^^^^^^^^^^^^^^^^^^^^^^^^^^^^^^^^^^^^^^^^^^^^^^^^^^^
  File "/home/morpheus/retraction_watch_plots/gprc6a/gprc6a_ruminant_pipeline.py", line 300, in download_genome
    run_cmd(cmd)
  File "/home/morpheus/retraction_watch_plots/gprc6a/gprc6a_ruminant_pipeline.py", line 114, in run_cmd
    return subprocess.run(
           ^^^^^^^^^^^^^^^
  File "/home/linuxbrew/.linuxbrew/Cellar/python@3.11/3.11.5/lib/python3.11/subprocess.py", line 571, in run
    raise CalledProcessError(retcode, process.args,
subprocess.CalledProcessError: Command '['/usr/local/bin/datasets', 'download', 'genome', 'accession', 'GCA_013496395.1', '--include', 'genome', '--filename', '/home/morpheus/retraction_watch_plots/gprc6a/GPRC6A_Ruminantia/cache/genomes/GCA_013496395.1/GCA_013496395.1.zip', '--no-progressbar']' returned non-zero exit status 1.
2026-08-15 12:56:01,923 INFO [281/672] completed GCA_013496395.1: error
2026-08-15 12:59:46,415 INFO [282/672] completed GCA_040438115.1: ok
2026-08-15 13:01:13,504 INFO [283/672] completed GCA_020226075.1: ok
2026-08-15 13:04:49,059 INFO [284/672] completed GCA_054099755.1: ok
2026-08-15 13:05:18,526 INFO [285/672] completed GCA_020226055.1: ok
2026-08-15 13:10:44,496 INFO [286/672] completed GCA_057190615.1: ok
2026-08-15 13:10:50,117 INFO [287/672] completed GCA_056162995.1: ok
2026-08-15 13:15:38,031 INFO [288/672] completed GCA_049634565.1: ok
2026-08-15 13:15:56,664 INFO [289/672] completed GCA_049634445.1: ok
2026-08-15 13:19:07,443 INFO [290/672] completed GCA_049634545.1: ok
2026-08-15 13:20:28,377 INFO [291/672] completed GCA_049634675.1: ok
2026-08-15 13:20:40,098 ERROR Assembly GCA_976986635.2 failed
Traceback (most recent call last):
  File "/home/morpheus/retraction_watch_plots/gprc6a/gprc6a_ruminant_pipeline.py", line 1125, in analyze_assembly
    genome = download_genome(accession, Path(args.outdir)/"cache"/"genomes", args.datasets_exe)
             ^^^^^^^^^^^^^^^^^^^^^^^^^^^^^^^^^^^^^^^^^^^^^^^^^^^^^^^^^^^^^^^^^^^^^^^^^^^^^^^^^^
  File "/home/morpheus/retraction_watch_plots/gprc6a/gprc6a_ruminant_pipeline.py", line 300, in download_genome
    run_cmd(cmd)
  File "/home/morpheus/retraction_watch_plots/gprc6a/gprc6a_ruminant_pipeline.py", line 114, in run_cmd
    return subprocess.run(
           ^^^^^^^^^^^^^^^
  File "/home/linuxbrew/.linuxbrew/Cellar/python@3.11/3.11.5/lib/python3.11/subprocess.py", line 571, in run
    raise CalledProcessError(retcode, process.args,
subprocess.CalledProcessError: Command '['/usr/local/bin/datasets', 'download', 'genome', 'accession', 'GCA_976986635.2', '--include', 'genome', '--filename', '/home/morpheus/retraction_watch_plots/gprc6a/GPRC6A_Ruminantia/cache/genomes/GCA_976986635.2/GCA_976986635.2.zip', '--no-progressbar']' returned non-zero exit status 1.
2026-08-15 13:20:40,101 INFO [292/672] completed GCA_976986635.2: error
2026-08-15 13:21:27,673 ERROR Assembly GCA_049634715.1 failed
Traceback (most recent call last):
  File "/home/morpheus/retraction_watch_plots/gprc6a/gprc6a_ruminant_pipeline.py", line 1125, in analyze_assembly
    genome = download_genome(accession, Path(args.outdir)/"cache"/"genomes", args.datasets_exe)
             ^^^^^^^^^^^^^^^^^^^^^^^^^^^^^^^^^^^^^^^^^^^^^^^^^^^^^^^^^^^^^^^^^^^^^^^^^^^^^^^^^^
  File "/home/morpheus/retraction_watch_plots/gprc6a/gprc6a_ruminant_pipeline.py", line 300, in download_genome
    run_cmd(cmd)
  File "/home/morpheus/retraction_watch_plots/gprc6a/gprc6a_ruminant_pipeline.py", line 114, in run_cmd
    return subprocess.run(
           ^^^^^^^^^^^^^^^
  File "/home/linuxbrew/.linuxbrew/Cellar/python@3.11/3.11.5/lib/python3.11/subprocess.py", line 571, in run
    raise CalledProcessError(retcode, process.args,
subprocess.CalledProcessError: Command '['/usr/local/bin/datasets', 'download', 'genome', 'accession', 'GCA_049634715.1', '--include', 'genome', '--filename', '/home/morpheus/retraction_watch_plots/gprc6a/GPRC6A_Ruminantia/cache/genomes/GCA_049634715.1/GCA_049634715.1.zip', '--no-progressbar']' returned non-zero exit status 1.
2026-08-15 13:21:27,675 INFO [293/672] completed GCA_049634715.1: error
2026-08-15 13:24:05,316 INFO [294/672] completed GCA_049634505.1: ok
2026-08-15 13:24:58,080 INFO [295/672] completed GCA_976986625.1: ok
2026-08-15 13:27:25,920 INFO [296/672] completed GCA_054825135.1: ok
2026-08-15 13:28:58,658 INFO [297/672] completed GCA_976986615.1: ok
2026-08-15 13:30:34,497 INFO [298/672] completed GCA_965177565.2: ok
2026-08-15 13:32:05,277 INFO [299/672] completed GCA_965154335.2: ok
2026-08-15 13:34:02,266 INFO [300/672] completed GCA_965177495.2: ok
2026-08-15 13:35:10,344 INFO [301/672] completed GCA_965153975.2: ok
2026-08-15 13:37:19,678 INFO [302/672] completed GCA_965154105.2: ok
2026-08-15 13:38:24,359 INFO [303/672] completed GCA_963920245.1: ok
2026-08-15 13:40:48,940 INFO [304/672] completed GCA_965154285.2: ok
2026-08-15 13:41:10,394 ERROR Assembly GCA_965153745.2 failed
Traceback (most recent call last):
  File "/home/morpheus/retraction_watch_plots/gprc6a/gprc6a_ruminant_pipeline.py", line 1125, in analyze_assembly
    genome = download_genome(accession, Path(args.outdir)/"cache"/"genomes", args.datasets_exe)
             ^^^^^^^^^^^^^^^^^^^^^^^^^^^^^^^^^^^^^^^^^^^^^^^^^^^^^^^^^^^^^^^^^^^^^^^^^^^^^^^^^^
  File "/home/morpheus/retraction_watch_plots/gprc6a/gprc6a_ruminant_pipeline.py", line 300, in download_genome
    run_cmd(cmd)
  File "/home/morpheus/retraction_watch_plots/gprc6a/gprc6a_ruminant_pipeline.py", line 114, in run_cmd
    return subprocess.run(
           ^^^^^^^^^^^^^^^
  File "/home/linuxbrew/.linuxbrew/Cellar/python@3.11/3.11.5/lib/python3.11/subprocess.py", line 571, in run
    raise CalledProcessError(retcode, process.args,
subprocess.CalledProcessError: Command '['/usr/local/bin/datasets', 'download', 'genome', 'accession', 'GCA_965153745.2', '--include', 'genome', '--filename', '/home/morpheus/retraction_watch_plots/gprc6a/GPRC6A_Ruminantia/cache/genomes/GCA_965153745.2/GCA_965153745.2.zip', '--no-progressbar']' returned non-zero exit status 1.
2026-08-15 13:41:10,396 INFO [305/672] completed GCA_965153745.2: error
2026-08-15 13:42:11,023 INFO [306/672] completed GCA_965154095.2: ok
2026-08-15 13:44:56,115 INFO [307/672] completed GCA_965153735.2: ok
2026-08-15 13:45:27,044 INFO [308/672] completed GCA_965177395.2: ok
2026-08-15 13:48:14,780 INFO [309/672] completed GCA_965154065.2: ok
2026-08-15 13:48:36,309 ERROR Assembly GCA_965153675.2 failed
Traceback (most recent call last):
  File "/home/morpheus/retraction_watch_plots/gprc6a/gprc6a_ruminant_pipeline.py", line 1125, in analyze_assembly
    genome = download_genome(accession, Path(args.outdir)/"cache"/"genomes", args.datasets_exe)
             ^^^^^^^^^^^^^^^^^^^^^^^^^^^^^^^^^^^^^^^^^^^^^^^^^^^^^^^^^^^^^^^^^^^^^^^^^^^^^^^^^^
  File "/home/morpheus/retraction_watch_plots/gprc6a/gprc6a_ruminant_pipeline.py", line 300, in download_genome
    run_cmd(cmd)
  File "/home/morpheus/retraction_watch_plots/gprc6a/gprc6a_ruminant_pipeline.py", line 114, in run_cmd
    return subprocess.run(
           ^^^^^^^^^^^^^^^
  File "/home/linuxbrew/.linuxbrew/Cellar/python@3.11/3.11.5/lib/python3.11/subprocess.py", line 571, in run
    raise CalledProcessError(retcode, process.args,
subprocess.CalledProcessError: Command '['/usr/local/bin/datasets', 'download', 'genome', 'accession', 'GCA_965153675.2', '--include', 'genome', '--filename', '/home/morpheus/retraction_watch_plots/gprc6a/GPRC6A_Ruminantia/cache/genomes/GCA_965153675.2/GCA_965153675.2.zip', '--no-progressbar']' returned non-zero exit status 1.
2026-08-15 13:48:36,312 INFO [310/672] completed GCA_965153675.2: error
2026-08-15 13:48:44,849 INFO [311/672] completed GCA_965154075.2: ok
2026-08-15 13:51:46,938 INFO [312/672] completed GCA_965153945.2: ok
2026-08-15 13:52:54,057 INFO [313/672] completed GCA_965153965.2: ok
2026-08-15 13:54:58,389 INFO [314/672] completed GCA_965153815.2: ok
2026-08-15 13:55:48,066 INFO [315/672] completed GCA_965154045.2: ok
2026-08-15 13:56:20,847 ERROR Assembly GCA_965153705.2 failed
Traceback (most recent call last):
  File "/home/morpheus/retraction_watch_plots/gprc6a/gprc6a_ruminant_pipeline.py", line 1125, in analyze_assembly
    genome = download_genome(accession, Path(args.outdir)/"cache"/"genomes", args.datasets_exe)
             ^^^^^^^^^^^^^^^^^^^^^^^^^^^^^^^^^^^^^^^^^^^^^^^^^^^^^^^^^^^^^^^^^^^^^^^^^^^^^^^^^^
  File "/home/morpheus/retraction_watch_plots/gprc6a/gprc6a_ruminant_pipeline.py", line 300, in download_genome
    run_cmd(cmd)
  File "/home/morpheus/retraction_watch_plots/gprc6a/gprc6a_ruminant_pipeline.py", line 114, in run_cmd
    return subprocess.run(
           ^^^^^^^^^^^^^^^
  File "/home/linuxbrew/.linuxbrew/Cellar/python@3.11/3.11.5/lib/python3.11/subprocess.py", line 571, in run
    raise CalledProcessError(retcode, process.args,
subprocess.CalledProcessError: Command '['/usr/local/bin/datasets', 'download', 'genome', 'accession', 'GCA_965153705.2', '--include', 'genome', '--filename', '/home/morpheus/retraction_watch_plots/gprc6a/GPRC6A_Ruminantia/cache/genomes/GCA_965153705.2/GCA_965153705.2.zip', '--no-progressbar']' returned non-zero exit status 1.
2026-08-15 13:56:20,849 INFO [316/672] completed GCA_965153705.2: error
2026-08-15 14:00:34,485 INFO [317/672] completed GCA_965153725.2: ok
2026-08-15 14:00:47,257 INFO [318/672] completed GCA_963920255.1: ok
2026-08-15 14:05:26,000 INFO [319/672] completed GCA_965153785.2: ok
2026-08-15 14:05:35,701 INFO [320/672] completed GCA_965153605.2: ok
2026-08-15 14:09:11,461 INFO [321/672] completed GCA_965153915.2: ok
2026-08-15 14:09:38,829 INFO [322/672] completed GCA_965153565.2: ok
2026-08-15 14:09:46,849 ERROR Assembly GCA_965153865.2 failed
Traceback (most recent call last):
  File "/home/morpheus/retraction_watch_plots/gprc6a/gprc6a_ruminant_pipeline.py", line 1125, in analyze_assembly
    genome = download_genome(accession, Path(args.outdir)/"cache"/"genomes", args.datasets_exe)
             ^^^^^^^^^^^^^^^^^^^^^^^^^^^^^^^^^^^^^^^^^^^^^^^^^^^^^^^^^^^^^^^^^^^^^^^^^^^^^^^^^^
  File "/home/morpheus/retraction_watch_plots/gprc6a/gprc6a_ruminant_pipeline.py", line 300, in download_genome
    run_cmd(cmd)
  File "/home/morpheus/retraction_watch_plots/gprc6a/gprc6a_ruminant_pipeline.py", line 114, in run_cmd
    return subprocess.run(
           ^^^^^^^^^^^^^^^
  File "/home/linuxbrew/.linuxbrew/Cellar/python@3.11/3.11.5/lib/python3.11/subprocess.py", line 571, in run
    raise CalledProcessError(retcode, process.args,
subprocess.CalledProcessError: Command '['/usr/local/bin/datasets', 'download', 'genome', 'accession', 'GCA_965153865.2', '--include', 'genome', '--filename', '/home/morpheus/retraction_watch_plots/gprc6a/GPRC6A_Ruminantia/cache/genomes/GCA_965153865.2/GCA_965153865.2.zip', '--no-progressbar']' returned non-zero exit status 1.
2026-08-15 14:09:46,851 INFO [323/672] completed GCA_965153865.2: error
2026-08-15 14:10:21,638 ERROR Assembly GCA_965154085.2 failed
Traceback (most recent call last):
  File "/home/morpheus/retraction_watch_plots/gprc6a/gprc6a_ruminant_pipeline.py", line 1125, in analyze_assembly
    genome = download_genome(accession, Path(args.outdir)/"cache"/"genomes", args.datasets_exe)
             ^^^^^^^^^^^^^^^^^^^^^^^^^^^^^^^^^^^^^^^^^^^^^^^^^^^^^^^^^^^^^^^^^^^^^^^^^^^^^^^^^^
  File "/home/morpheus/retraction_watch_plots/gprc6a/gprc6a_ruminant_pipeline.py", line 300, in download_genome
    run_cmd(cmd)
  File "/home/morpheus/retraction_watch_plots/gprc6a/gprc6a_ruminant_pipeline.py", line 114, in run_cmd
    return subprocess.run(
           ^^^^^^^^^^^^^^^
  File "/home/linuxbrew/.linuxbrew/Cellar/python@3.11/3.11.5/lib/python3.11/subprocess.py", line 571, in run
    raise CalledProcessError(retcode, process.args,
subprocess.CalledProcessError: Command '['/usr/local/bin/datasets', 'download', 'genome', 'accession', 'GCA_965154085.2', '--include', 'genome', '--filename', '/home/morpheus/retraction_watch_plots/gprc6a/GPRC6A_Ruminantia/cache/genomes/GCA_965154085.2/GCA_965154085.2.zip', '--no-progressbar']' returned non-zero exit status 1.
2026-08-15 14:10:21,640 INFO [324/672] completed GCA_965154085.2: error
2026-08-15 14:12:52,909 INFO [325/672] completed GCA_965153755.2: ok
2026-08-15 14:13:42,148 INFO [326/672] completed GCA_965177385.2: ok
2026-08-15 14:16:08,799 INFO [327/672] completed GCA_965153795.2: ok
2026-08-15 14:16:47,936 INFO [328/672] completed GCA_965153685.2: ok
2026-08-15 14:17:07,770 ERROR Assembly GCA_965153955.2 failed
Traceback (most recent call last):
  File "/home/morpheus/retraction_watch_plots/gprc6a/gprc6a_ruminant_pipeline.py", line 1125, in analyze_assembly
    genome = download_genome(accession, Path(args.outdir)/"cache"/"genomes", args.datasets_exe)
             ^^^^^^^^^^^^^^^^^^^^^^^^^^^^^^^^^^^^^^^^^^^^^^^^^^^^^^^^^^^^^^^^^^^^^^^^^^^^^^^^^^
  File "/home/morpheus/retraction_watch_plots/gprc6a/gprc6a_ruminant_pipeline.py", line 300, in download_genome
    run_cmd(cmd)
  File "/home/morpheus/retraction_watch_plots/gprc6a/gprc6a_ruminant_pipeline.py", line 114, in run_cmd
    return subprocess.run(
           ^^^^^^^^^^^^^^^
  File "/home/linuxbrew/.linuxbrew/Cellar/python@3.11/3.11.5/lib/python3.11/subprocess.py", line 571, in run
    raise CalledProcessError(retcode, process.args,
subprocess.CalledProcessError: Command '['/usr/local/bin/datasets', 'download', 'genome', 'accession', 'GCA_965153955.2', '--include', 'genome', '--filename', '/home/morpheus/retraction_watch_plots/gprc6a/GPRC6A_Ruminantia/cache/genomes/GCA_965153955.2/GCA_965153955.2.zip', '--no-progressbar']' returned non-zero exit status 1.
2026-08-15 14:17:07,773 INFO [329/672] completed GCA_965153955.2: error
2026-08-15 14:17:21,209 ERROR Assembly GCA_965153995.2 failed
Traceback (most recent call last):
  File "/home/morpheus/retraction_watch_plots/gprc6a/gprc6a_ruminant_pipeline.py", line 1125, in analyze_assembly
    genome = download_genome(accession, Path(args.outdir)/"cache"/"genomes", args.datasets_exe)
             ^^^^^^^^^^^^^^^^^^^^^^^^^^^^^^^^^^^^^^^^^^^^^^^^^^^^^^^^^^^^^^^^^^^^^^^^^^^^^^^^^^
  File "/home/morpheus/retraction_watch_plots/gprc6a/gprc6a_ruminant_pipeline.py", line 300, in download_genome
    run_cmd(cmd)
  File "/home/morpheus/retraction_watch_plots/gprc6a/gprc6a_ruminant_pipeline.py", line 114, in run_cmd
    return subprocess.run(
           ^^^^^^^^^^^^^^^
  File "/home/linuxbrew/.linuxbrew/Cellar/python@3.11/3.11.5/lib/python3.11/subprocess.py", line 571, in run
    raise CalledProcessError(retcode, process.args,
subprocess.CalledProcessError: Command '['/usr/local/bin/datasets', 'download', 'genome', 'accession', 'GCA_965153995.2', '--include', 'genome', '--filename', '/home/morpheus/retraction_watch_plots/gprc6a/GPRC6A_Ruminantia/cache/genomes/GCA_965153995.2/GCA_965153995.2.zip', '--no-progressbar']' returned non-zero exit status 1.
2026-08-15 14:17:21,211 INFO [330/672] completed GCA_965153995.2: error
2026-08-15 14:17:58,444 ERROR Assembly GCA_965153585.2 failed
Traceback (most recent call last):
  File "/home/morpheus/retraction_watch_plots/gprc6a/gprc6a_ruminant_pipeline.py", line 1125, in analyze_assembly
    genome = download_genome(accession, Path(args.outdir)/"cache"/"genomes", args.datasets_exe)
             ^^^^^^^^^^^^^^^^^^^^^^^^^^^^^^^^^^^^^^^^^^^^^^^^^^^^^^^^^^^^^^^^^^^^^^^^^^^^^^^^^^
  File "/home/morpheus/retraction_watch_plots/gprc6a/gprc6a_ruminant_pipeline.py", line 300, in download_genome
    run_cmd(cmd)
  File "/home/morpheus/retraction_watch_plots/gprc6a/gprc6a_ruminant_pipeline.py", line 114, in run_cmd
    return subprocess.run(
           ^^^^^^^^^^^^^^^
  File "/home/linuxbrew/.linuxbrew/Cellar/python@3.11/3.11.5/lib/python3.11/subprocess.py", line 571, in run
    raise CalledProcessError(retcode, process.args,
subprocess.CalledProcessError: Command '['/usr/local/bin/datasets', 'download', 'genome', 'accession', 'GCA_965153585.2', '--include', 'genome', '--filename', '/home/morpheus/retraction_watch_plots/gprc6a/GPRC6A_Ruminantia/cache/genomes/GCA_965153585.2/GCA_965153585.2.zip', '--no-progressbar']' returned non-zero exit status 1.
2026-08-15 14:17:58,445 INFO [331/672] completed GCA_965153585.2: error
2026-08-15 14:21:58,717 INFO [332/672] completed GCA_965153855.2: ok
2026-08-15 14:22:14,773 INFO [333/672] completed GCA_965177695.2: ok
2026-08-15 14:25:58,731 INFO [334/672] completed GCA_965153535.2: ok
2026-08-15 14:26:18,196 INFO [335/672] completed GCA_963920265.1: ok
2026-08-15 14:30:00,750 INFO [336/672] completed GCA_965153485.2: ok
2026-08-15 14:30:19,955 INFO [337/672] completed GCA_965153575.2: ok
2026-08-15 14:34:57,024 INFO [338/672] completed GCA_965153545.2: ok
2026-08-15 14:35:04,267 INFO [339/672] completed GCA_965177425.2: ok
2026-08-15 14:39:25,827 INFO [340/672] completed GCA_965177745.2: ok
2026-08-15 14:39:36,027 INFO [341/672] completed GCA_965154255.2: ok
2026-08-15 14:44:15,440 INFO [342/672] completed GCA_965154025.2: ok
2026-08-15 14:44:26,134 INFO [343/672] completed GCA_965153635.2: ok
2026-08-15 14:44:37,543 ERROR Assembly GCA_965153695.2 failed
Traceback (most recent call last):
  File "/home/morpheus/retraction_watch_plots/gprc6a/gprc6a_ruminant_pipeline.py", line 1125, in analyze_assembly
    genome = download_genome(accession, Path(args.outdir)/"cache"/"genomes", args.datasets_exe)
             ^^^^^^^^^^^^^^^^^^^^^^^^^^^^^^^^^^^^^^^^^^^^^^^^^^^^^^^^^^^^^^^^^^^^^^^^^^^^^^^^^^
  File "/home/morpheus/retraction_watch_plots/gprc6a/gprc6a_ruminant_pipeline.py", line 300, in download_genome
    run_cmd(cmd)
  File "/home/morpheus/retraction_watch_plots/gprc6a/gprc6a_ruminant_pipeline.py", line 114, in run_cmd
    return subprocess.run(
           ^^^^^^^^^^^^^^^
  File "/home/linuxbrew/.linuxbrew/Cellar/python@3.11/3.11.5/lib/python3.11/subprocess.py", line 571, in run
    raise CalledProcessError(retcode, process.args,
subprocess.CalledProcessError: Command '['/usr/local/bin/datasets', 'download', 'genome', 'accession', 'GCA_965153695.2', '--include', 'genome', '--filename', '/home/morpheus/retraction_watch_plots/gprc6a/GPRC6A_Ruminantia/cache/genomes/GCA_965153695.2/GCA_965153695.2.zip', '--no-progressbar']' returned non-zero exit status 1.
2026-08-15 14:44:37,545 INFO [344/672] completed GCA_965153695.2: error
2026-08-15 14:45:19,408 ERROR Assembly GCA_965153845.2 failed
Traceback (most recent call last):
  File "/home/morpheus/retraction_watch_plots/gprc6a/gprc6a_ruminant_pipeline.py", line 1125, in analyze_assembly
    genome = download_genome(accession, Path(args.outdir)/"cache"/"genomes", args.datasets_exe)
             ^^^^^^^^^^^^^^^^^^^^^^^^^^^^^^^^^^^^^^^^^^^^^^^^^^^^^^^^^^^^^^^^^^^^^^^^^^^^^^^^^^
  File "/home/morpheus/retraction_watch_plots/gprc6a/gprc6a_ruminant_pipeline.py", line 300, in download_genome
    run_cmd(cmd)
  File "/home/morpheus/retraction_watch_plots/gprc6a/gprc6a_ruminant_pipeline.py", line 114, in run_cmd
    return subprocess.run(
           ^^^^^^^^^^^^^^^
  File "/home/linuxbrew/.linuxbrew/Cellar/python@3.11/3.11.5/lib/python3.11/subprocess.py", line 571, in run
    raise CalledProcessError(retcode, process.args,
subprocess.CalledProcessError: Command '['/usr/local/bin/datasets', 'download', 'genome', 'accession', 'GCA_965153845.2', '--include', 'genome', '--filename', '/home/morpheus/retraction_watch_plots/gprc6a/GPRC6A_Ruminantia/cache/genomes/GCA_965153845.2/GCA_965153845.2.zip', '--no-progressbar']' returned non-zero exit status 1.
2026-08-15 14:45:19,410 INFO [345/672] completed GCA_965153845.2: error
2026-08-15 14:47:46,588 INFO [346/672] completed GCA_965153625.2: ok
2026-08-15 14:49:05,402 INFO [347/672] completed GCA_965154445.2: ok
2026-08-15 14:50:49,323 INFO [348/672] completed GCA_965154195.2: ok
2026-08-15 14:52:50,982 INFO [349/672] completed GCA_965153875.2: ok
2026-08-15 14:53:58,341 INFO [350/672] completed GCA_965153905.2: ok
2026-08-15 14:56:14,008 INFO [351/672] completed GCA_965154185.2: ok
2026-08-15 14:57:36,764 INFO [352/672] completed GCA_965154405.2: ok
2026-08-15 14:57:53,856 ERROR Assembly GCA_965177625.2 failed
Traceback (most recent call last):
  File "/home/morpheus/retraction_watch_plots/gprc6a/gprc6a_ruminant_pipeline.py", line 1125, in analyze_assembly
    genome = download_genome(accession, Path(args.outdir)/"cache"/"genomes", args.datasets_exe)
             ^^^^^^^^^^^^^^^^^^^^^^^^^^^^^^^^^^^^^^^^^^^^^^^^^^^^^^^^^^^^^^^^^^^^^^^^^^^^^^^^^^
  File "/home/morpheus/retraction_watch_plots/gprc6a/gprc6a_ruminant_pipeline.py", line 300, in download_genome
    run_cmd(cmd)
  File "/home/morpheus/retraction_watch_plots/gprc6a/gprc6a_ruminant_pipeline.py", line 114, in run_cmd
    return subprocess.run(
           ^^^^^^^^^^^^^^^
  File "/home/linuxbrew/.linuxbrew/Cellar/python@3.11/3.11.5/lib/python3.11/subprocess.py", line 571, in run
    raise CalledProcessError(retcode, process.args,
subprocess.CalledProcessError: Command '['/usr/local/bin/datasets', 'download', 'genome', 'accession', 'GCA_965177625.2', '--include', 'genome', '--filename', '/home/morpheus/retraction_watch_plots/gprc6a/GPRC6A_Ruminantia/cache/genomes/GCA_965177625.2/GCA_965177625.2.zip', '--no-progressbar']' returned non-zero exit status 1.
2026-08-15 14:57:53,860 INFO [353/672] completed GCA_965177625.2: error
2026-08-15 14:59:43,039 INFO [354/672] completed GCA_965153825.2: ok
2026-08-15 15:01:54,979 INFO [355/672] completed GCA_965153655.2: ok
2026-08-15 15:02:54,864 INFO [356/672] completed GCA_965153885.2: ok
2026-08-15 15:05:14,496 INFO [357/672] completed GCA_965177315.2: ok
2026-08-15 15:06:04,897 INFO [358/672] completed GCA_965177505.2: ok
2026-08-15 15:08:17,804 INFO [359/672] completed GCA_965153525.2: ok
2026-08-15 15:09:19,429 INFO [360/672] completed GCA_965153935.2: ok
2026-08-15 15:09:19,944 ERROR Assembly GCA_965153835.2 failed
Traceback (most recent call last):
  File "/home/morpheus/retraction_watch_plots/gprc6a/gprc6a_ruminant_pipeline.py", line 1125, in analyze_assembly
    genome = download_genome(accession, Path(args.outdir)/"cache"/"genomes", args.datasets_exe)
             ^^^^^^^^^^^^^^^^^^^^^^^^^^^^^^^^^^^^^^^^^^^^^^^^^^^^^^^^^^^^^^^^^^^^^^^^^^^^^^^^^^
  File "/home/morpheus/retraction_watch_plots/gprc6a/gprc6a_ruminant_pipeline.py", line 300, in download_genome
    run_cmd(cmd)
  File "/home/morpheus/retraction_watch_plots/gprc6a/gprc6a_ruminant_pipeline.py", line 114, in run_cmd
    return subprocess.run(
           ^^^^^^^^^^^^^^^
  File "/home/linuxbrew/.linuxbrew/Cellar/python@3.11/3.11.5/lib/python3.11/subprocess.py", line 571, in run
    raise CalledProcessError(retcode, process.args,
subprocess.CalledProcessError: Command '['/usr/local/bin/datasets', 'download', 'genome', 'accession', 'GCA_965153835.2', '--include', 'genome', '--filename', '/home/morpheus/retraction_watch_plots/gprc6a/GPRC6A_Ruminantia/cache/genomes/GCA_965153835.2/GCA_965153835.2.zip', '--no-progressbar']' returned non-zero exit status 1.
2026-08-15 15:09:19,947 INFO [361/672] completed GCA_965153835.2: error
2026-08-15 15:13:32,894 INFO [362/672] completed GCA_965153645.2: ok
2026-08-15 15:13:47,155 INFO [363/672] completed GCA_965177715.2: ok
2026-08-15 15:18:43,345 INFO [364/672] completed GCA_965177585.2: ok
2026-08-15 15:18:47,565 INFO [365/672] completed GCA_965153895.2: ok
2026-08-15 15:22:08,204 INFO [366/672] completed GCA_965153595.2: ok
2026-08-15 15:23:05,225 INFO [367/672] completed GCA_965154165.2: ok
2026-08-15 15:26:29,282 INFO [368/672] completed GCA_965177355.2: ok
2026-08-15 15:26:50,661 INFO [369/672] completed GCA_965153615.2: ok
2026-08-15 15:30:32,305 INFO [370/672] completed GCA_965153505.2: ok
2026-08-15 15:30:53,490 INFO [371/672] completed GCA_965177475.2: ok
2026-08-15 15:34:42,307 INFO [372/672] completed GCA_965154275.2: ok
2026-08-15 15:34:50,227 ERROR Assembly GCA_965154015.2 failed
Traceback (most recent call last):
  File "/home/morpheus/retraction_watch_plots/gprc6a/gprc6a_ruminant_pipeline.py", line 1125, in analyze_assembly
    genome = download_genome(accession, Path(args.outdir)/"cache"/"genomes", args.datasets_exe)
             ^^^^^^^^^^^^^^^^^^^^^^^^^^^^^^^^^^^^^^^^^^^^^^^^^^^^^^^^^^^^^^^^^^^^^^^^^^^^^^^^^^
  File "/home/morpheus/retraction_watch_plots/gprc6a/gprc6a_ruminant_pipeline.py", line 300, in download_genome
    run_cmd(cmd)
  File "/home/morpheus/retraction_watch_plots/gprc6a/gprc6a_ruminant_pipeline.py", line 114, in run_cmd
    return subprocess.run(
           ^^^^^^^^^^^^^^^
  File "/home/linuxbrew/.linuxbrew/Cellar/python@3.11/3.11.5/lib/python3.11/subprocess.py", line 571, in run
    raise CalledProcessError(retcode, process.args,
subprocess.CalledProcessError: Command '['/usr/local/bin/datasets', 'download', 'genome', 'accession', 'GCA_965154015.2', '--include', 'genome', '--filename', '/home/morpheus/retraction_watch_plots/gprc6a/GPRC6A_Ruminantia/cache/genomes/GCA_965154015.2/GCA_965154015.2.zip', '--no-progressbar']' returned non-zero exit status 1.
2026-08-15 15:34:50,229 INFO [373/672] completed GCA_965154015.2: error
2026-08-15 15:35:01,845 INFO [374/672] completed GCA_965153925.2: ok
2026-08-15 15:39:41,446 INFO [375/672] completed GCA_965177725.2: ok
2026-08-15 15:39:51,413 INFO [376/672] completed GCA_965153715.2: ok
2026-08-15 15:42:56,194 INFO [377/672] completed GCA_965177765.2: ok
2026-08-15 15:43:28,869 INFO [378/672] completed GCA_965177535.2: ok
2026-08-15 15:46:06,199 INFO [379/672] completed GCA_965154245.2: ok
2026-08-15 15:46:41,730 INFO [380/672] completed GCA_965153495.2: ok
2026-08-15 15:46:47,262 ERROR Assembly GCA_965177345.2 failed
Traceback (most recent call last):
  File "/home/morpheus/retraction_watch_plots/gprc6a/gprc6a_ruminant_pipeline.py", line 1125, in analyze_assembly
    genome = download_genome(accession, Path(args.outdir)/"cache"/"genomes", args.datasets_exe)
             ^^^^^^^^^^^^^^^^^^^^^^^^^^^^^^^^^^^^^^^^^^^^^^^^^^^^^^^^^^^^^^^^^^^^^^^^^^^^^^^^^^
  File "/home/morpheus/retraction_watch_plots/gprc6a/gprc6a_ruminant_pipeline.py", line 300, in download_genome
    run_cmd(cmd)
  File "/home/morpheus/retraction_watch_plots/gprc6a/gprc6a_ruminant_pipeline.py", line 114, in run_cmd
    return subprocess.run(
           ^^^^^^^^^^^^^^^
  File "/home/linuxbrew/.linuxbrew/Cellar/python@3.11/3.11.5/lib/python3.11/subprocess.py", line 571, in run
    raise CalledProcessError(retcode, process.args,
subprocess.CalledProcessError: Command '['/usr/local/bin/datasets', 'download', 'genome', 'accession', 'GCA_965177345.2', '--include', 'genome', '--filename', '/home/morpheus/retraction_watch_plots/gprc6a/GPRC6A_Ruminantia/cache/genomes/GCA_965177345.2/GCA_965177345.2.zip', '--no-progressbar']' returned non-zero exit status 1.
2026-08-15 15:46:47,263 INFO [381/672] completed GCA_965177345.2: error
2026-08-15 15:49:13,133 INFO [382/672] completed GCA_965153475.2: ok
2026-08-15 15:49:49,659 INFO [383/672] completed GCA_965153805.2: ok
2026-08-15 15:53:54,833 INFO [384/672] completed GCA_965154375.2: ok
2026-08-15 15:54:15,102 INFO [385/672] completed GCA_965154055.2: ok
2026-08-15 15:56:58,315 INFO [386/672] completed GCA_965153515.2: ok
2026-08-15 15:57:45,660 INFO [387/672] completed GCA_965154435.2: ok
2026-08-15 16:00:09,297 INFO [388/672] completed GCA_965154425.2: ok
2026-08-15 16:00:49,616 INFO [389/672] completed GCA_965154295.2: ok
2026-08-15 16:03:09,047 INFO [390/672] completed GCA_965153555.2: ok
2026-08-15 16:03:52,970 INFO [391/672] completed GCA_965177375.2: ok
2026-08-15 16:06:13,262 INFO [392/672] completed GCA_965154265.2: ok
2026-08-15 16:06:53,851 INFO [393/672] completed GCA_965177665.2: ok
2026-08-15 16:10:14,090 INFO [394/672] completed GCA_965177755.2: ok
2026-08-15 16:10:37,435 INFO [395/672] completed GCA_965154345.2: ok
2026-08-15 16:15:02,264 INFO [396/672] completed GCA_965154005.2: ok
2026-08-15 16:15:12,450 INFO [397/672] completed GCA_965154035.2: ok
2026-08-15 16:15:34,319 ERROR Assembly GCA_965153985.2 failed
Traceback (most recent call last):
  File "/home/morpheus/retraction_watch_plots/gprc6a/gprc6a_ruminant_pipeline.py", line 1125, in analyze_assembly
    genome = download_genome(accession, Path(args.outdir)/"cache"/"genomes", args.datasets_exe)
             ^^^^^^^^^^^^^^^^^^^^^^^^^^^^^^^^^^^^^^^^^^^^^^^^^^^^^^^^^^^^^^^^^^^^^^^^^^^^^^^^^^
  File "/home/morpheus/retraction_watch_plots/gprc6a/gprc6a_ruminant_pipeline.py", line 300, in download_genome
    run_cmd(cmd)
  File "/home/morpheus/retraction_watch_plots/gprc6a/gprc6a_ruminant_pipeline.py", line 114, in run_cmd
    return subprocess.run(
           ^^^^^^^^^^^^^^^
  File "/home/linuxbrew/.linuxbrew/Cellar/python@3.11/3.11.5/lib/python3.11/subprocess.py", line 571, in run
    raise CalledProcessError(retcode, process.args,
subprocess.CalledProcessError: Command '['/usr/local/bin/datasets', 'download', 'genome', 'accession', 'GCA_965153985.2', '--include', 'genome', '--filename', '/home/morpheus/retraction_watch_plots/gprc6a/GPRC6A_Ruminantia/cache/genomes/GCA_965153985.2/GCA_965153985.2.zip', '--no-progressbar']' returned non-zero exit status 1.
2026-08-15 16:15:34,321 INFO [398/672] completed GCA_965153985.2: error
2026-08-15 16:18:36,724 INFO [399/672] completed GCA_965153665.2: ok
2026-08-15 16:19:06,758 INFO [400/672] completed GCA_965153765.2: ok
2026-08-15 16:22:39,444 INFO [401/672] completed GCA_965177525.2: ok
2026-08-15 16:22:58,570 INFO [402/672] completed GCA_965177685.2: ok
2026-08-15 16:26:09,581 INFO [403/672] completed GCA_965177515.2: ok
2026-08-15 16:26:35,820 INFO [404/672] completed GCA_965177615.2: ok
2026-08-15 16:29:20,604 INFO [405/672] completed GCA_965177555.2: ok
2026-08-15 16:29:55,699 INFO [406/672] completed GCA_965154235.2: ok
2026-08-15 16:30:46,016 ERROR Assembly GCA_965177405.2 failed
Traceback (most recent call last):
  File "/home/morpheus/retraction_watch_plots/gprc6a/gprc6a_ruminant_pipeline.py", line 1125, in analyze_assembly
    genome = download_genome(accession, Path(args.outdir)/"cache"/"genomes", args.datasets_exe)
             ^^^^^^^^^^^^^^^^^^^^^^^^^^^^^^^^^^^^^^^^^^^^^^^^^^^^^^^^^^^^^^^^^^^^^^^^^^^^^^^^^^
  File "/home/morpheus/retraction_watch_plots/gprc6a/gprc6a_ruminant_pipeline.py", line 300, in download_genome
    run_cmd(cmd)
  File "/home/morpheus/retraction_watch_plots/gprc6a/gprc6a_ruminant_pipeline.py", line 114, in run_cmd
    return subprocess.run(
           ^^^^^^^^^^^^^^^
  File "/home/linuxbrew/.linuxbrew/Cellar/python@3.11/3.11.5/lib/python3.11/subprocess.py", line 571, in run
    raise CalledProcessError(retcode, process.args,
subprocess.CalledProcessError: Command '['/usr/local/bin/datasets', 'download', 'genome', 'accession', 'GCA_965177405.2', '--include', 'genome', '--filename', '/home/morpheus/retraction_watch_plots/gprc6a/GPRC6A_Ruminantia/cache/genomes/GCA_965177405.2/GCA_965177405.2.zip', '--no-progressbar']' returned non-zero exit status 1.
2026-08-15 16:30:46,019 INFO [407/672] completed GCA_965177405.2: error
2026-08-15 16:32:36,502 INFO [408/672] completed GCA_965154395.2: ok
2026-08-15 16:34:04,083 INFO [409/672] completed GCA_965177655.2: ok
2026-08-15 16:34:16,838 ERROR Assembly GCA_965177435.2 failed
Traceback (most recent call last):
  File "/home/morpheus/retraction_watch_plots/gprc6a/gprc6a_ruminant_pipeline.py", line 1125, in analyze_assembly
    genome = download_genome(accession, Path(args.outdir)/"cache"/"genomes", args.datasets_exe)
             ^^^^^^^^^^^^^^^^^^^^^^^^^^^^^^^^^^^^^^^^^^^^^^^^^^^^^^^^^^^^^^^^^^^^^^^^^^^^^^^^^^
  File "/home/morpheus/retraction_watch_plots/gprc6a/gprc6a_ruminant_pipeline.py", line 300, in download_genome
    run_cmd(cmd)
  File "/home/morpheus/retraction_watch_plots/gprc6a/gprc6a_ruminant_pipeline.py", line 114, in run_cmd
    return subprocess.run(
           ^^^^^^^^^^^^^^^
  File "/home/linuxbrew/.linuxbrew/Cellar/python@3.11/3.11.5/lib/python3.11/subprocess.py", line 571, in run
    raise CalledProcessError(retcode, process.args,
subprocess.CalledProcessError: Command '['/usr/local/bin/datasets', 'download', 'genome', 'accession', 'GCA_965177435.2', '--include', 'genome', '--filename', '/home/morpheus/retraction_watch_plots/gprc6a/GPRC6A_Ruminantia/cache/genomes/GCA_965177435.2/GCA_965177435.2.zip', '--no-progressbar']' returned non-zero exit status 1.
2026-08-15 16:34:16,840 INFO [410/672] completed GCA_965177435.2: error
2026-08-15 16:34:29,834 ERROR Assembly GCA_965177485.2 failed
Traceback (most recent call last):
  File "/home/morpheus/retraction_watch_plots/gprc6a/gprc6a_ruminant_pipeline.py", line 1125, in analyze_assembly
    genome = download_genome(accession, Path(args.outdir)/"cache"/"genomes", args.datasets_exe)
             ^^^^^^^^^^^^^^^^^^^^^^^^^^^^^^^^^^^^^^^^^^^^^^^^^^^^^^^^^^^^^^^^^^^^^^^^^^^^^^^^^^
  File "/home/morpheus/retraction_watch_plots/gprc6a/gprc6a_ruminant_pipeline.py", line 300, in download_genome
    run_cmd(cmd)
  File "/home/morpheus/retraction_watch_plots/gprc6a/gprc6a_ruminant_pipeline.py", line 114, in run_cmd
    return subprocess.run(
           ^^^^^^^^^^^^^^^
  File "/home/linuxbrew/.linuxbrew/Cellar/python@3.11/3.11.5/lib/python3.11/subprocess.py", line 571, in run
    raise CalledProcessError(retcode, process.args,
subprocess.CalledProcessError: Command '['/usr/local/bin/datasets', 'download', 'genome', 'accession', 'GCA_965177485.2', '--include', 'genome', '--filename', '/home/morpheus/retraction_watch_plots/gprc6a/GPRC6A_Ruminantia/cache/genomes/GCA_965177485.2/GCA_965177485.2.zip', '--no-progressbar']' returned non-zero exit status 1.
2026-08-15 16:34:29,836 INFO [411/672] completed GCA_965177485.2: error
2026-08-15 16:39:09,047 INFO [412/672] completed GCA_965177795.2: ok
2026-08-15 16:39:17,978 INFO [413/672] completed GCA_965177605.2: ok
2026-08-15 16:39:22,718 ERROR Assembly GCA_965154365.2 failed
Traceback (most recent call last):
  File "/home/morpheus/retraction_watch_plots/gprc6a/gprc6a_ruminant_pipeline.py", line 1125, in analyze_assembly
    genome = download_genome(accession, Path(args.outdir)/"cache"/"genomes", args.datasets_exe)
             ^^^^^^^^^^^^^^^^^^^^^^^^^^^^^^^^^^^^^^^^^^^^^^^^^^^^^^^^^^^^^^^^^^^^^^^^^^^^^^^^^^
  File "/home/morpheus/retraction_watch_plots/gprc6a/gprc6a_ruminant_pipeline.py", line 300, in download_genome
    run_cmd(cmd)
  File "/home/morpheus/retraction_watch_plots/gprc6a/gprc6a_ruminant_pipeline.py", line 114, in run_cmd
    return subprocess.run(
           ^^^^^^^^^^^^^^^
  File "/home/linuxbrew/.linuxbrew/Cellar/python@3.11/3.11.5/lib/python3.11/subprocess.py", line 571, in run
    raise CalledProcessError(retcode, process.args,
subprocess.CalledProcessError: Command '['/usr/local/bin/datasets', 'download', 'genome', 'accession', 'GCA_965154365.2', '--include', 'genome', '--filename', '/home/morpheus/retraction_watch_plots/gprc6a/GPRC6A_Ruminantia/cache/genomes/GCA_965154365.2/GCA_965154365.2.zip', '--no-progressbar']' returned non-zero exit status 1.
2026-08-15 16:39:22,721 INFO [414/672] completed GCA_965154365.2: error
2026-08-15 16:42:48,864 INFO [415/672] completed GCA_965153775.2: ok
2026-08-15 16:43:38,276 INFO [416/672] completed GCA_965177455.2: ok
2026-08-15 16:45:58,132 INFO [417/672] completed GCA_965177785.2: ok
2026-08-15 16:46:49,219 INFO [418/672] completed GCA_965177735.2: ok
2026-08-15 16:49:13,131 INFO [419/672] completed GCA_965177465.2: ok
2026-08-15 16:51:23,017 INFO [420/672] completed GCA_965177635.2: ok
2026-08-15 16:52:14,777 INFO [421/672] completed GCA_965154305.2: ok
2026-08-15 16:54:26,334 INFO [422/672] completed GCA_965177705.2: ok
2026-08-15 16:55:18,542 INFO [423/672] completed GCA_965154155.2: ok
2026-08-15 16:57:44,329 INFO [424/672] completed GCA_965177325.2: ok
2026-08-15 16:59:02,940 INFO [425/672] completed GCA_965154385.2: ok
2026-08-15 17:00:59,349 INFO [426/672] completed GCA_965177645.2: ok
2026-08-15 17:02:32,248 INFO [427/672] completed GCA_033032115.1: ok
2026-08-15 17:04:23,429 INFO [428/672] completed GCA_965177545.2: ok
2026-08-15 17:05:43,891 INFO [429/672] completed GCA_965154355.2: ok
2026-08-15 17:07:23,395 INFO [430/672] completed GCA_965177445.2: ok
2026-08-15 17:08:50,538 INFO [431/672] completed GCA_965177805.2: ok
2026-08-15 17:10:31,625 INFO [432/672] completed GCA_965177415.2: ok
2026-08-15 17:12:17,103 INFO [433/672] completed GCA_965177675.2: ok
2026-08-15 17:13:31,477 INFO [434/672] completed GCA_965177365.2: ok
2026-08-15 17:15:30,129 INFO [435/672] completed GCA_965177575.2: ok
2026-08-15 17:17:04,298 INFO [436/672] completed GCA_965177825.2: ok
2026-08-15 17:18:50,359 INFO [437/672] completed GCA_965154415.2: ok
2026-08-15 17:20:05,791 INFO [438/672] completed GCA_965177775.2: ok
2026-08-15 17:22:17,794 INFO [439/672] completed GCA_965154205.2: ok
2026-08-15 17:23:12,884 INFO [440/672] completed GCA_965154325.2: ok
2026-08-15 17:25:25,376 INFO [441/672] completed GCA_965154215.2: ok
2026-08-15 17:26:11,911 INFO [442/672] completed GCA_965154225.2: ok
2026-08-15 17:29:47,792 INFO [443/672] completed GCA_965154315.2: ok
2026-08-15 17:30:05,404 INFO [444/672] completed GCA_965154175.2: ok
2026-08-15 17:34:31,041 INFO [445/672] completed GCA_965177335.2: ok
2026-08-15 17:34:37,109 INFO [446/672] completed GCA_964019245.2: ok
2026-08-15 17:39:11,011 INFO [447/672] completed GCA_964019275.1: ok
2026-08-15 17:39:19,802 INFO [448/672] completed GCA_964019265.2: ok
2026-08-15 17:42:22,785 INFO [449/672] completed GCA_964019215.2: ok
2026-08-15 17:42:31,191 ERROR Assembly GCA_964019205.1 failed
Traceback (most recent call last):
  File "/home/morpheus/retraction_watch_plots/gprc6a/gprc6a_ruminant_pipeline.py", line 1125, in analyze_assembly
    genome = download_genome(accession, Path(args.outdir)/"cache"/"genomes", args.datasets_exe)
             ^^^^^^^^^^^^^^^^^^^^^^^^^^^^^^^^^^^^^^^^^^^^^^^^^^^^^^^^^^^^^^^^^^^^^^^^^^^^^^^^^^
  File "/home/morpheus/retraction_watch_plots/gprc6a/gprc6a_ruminant_pipeline.py", line 300, in download_genome
    run_cmd(cmd)
  File "/home/morpheus/retraction_watch_plots/gprc6a/gprc6a_ruminant_pipeline.py", line 114, in run_cmd
    return subprocess.run(
           ^^^^^^^^^^^^^^^
  File "/home/linuxbrew/.linuxbrew/Cellar/python@3.11/3.11.5/lib/python3.11/subprocess.py", line 571, in run
    raise CalledProcessError(retcode, process.args,
subprocess.CalledProcessError: Command '['/usr/local/bin/datasets', 'download', 'genome', 'accession', 'GCA_964019205.1', '--include', 'genome', '--filename', '/home/morpheus/retraction_watch_plots/gprc6a/GPRC6A_Ruminantia/cache/genomes/GCA_964019205.1/GCA_964019205.1.zip', '--no-progressbar']' returned non-zero exit status 1.
2026-08-15 17:42:31,193 INFO [450/672] completed GCA_964019205.1: error
2026-08-15 17:42:36,915 ERROR Assembly GCA_964019235.2 failed
Traceback (most recent call last):
  File "/home/morpheus/retraction_watch_plots/gprc6a/gprc6a_ruminant_pipeline.py", line 1125, in analyze_assembly
    genome = download_genome(accession, Path(args.outdir)/"cache"/"genomes", args.datasets_exe)
             ^^^^^^^^^^^^^^^^^^^^^^^^^^^^^^^^^^^^^^^^^^^^^^^^^^^^^^^^^^^^^^^^^^^^^^^^^^^^^^^^^^
  File "/home/morpheus/retraction_watch_plots/gprc6a/gprc6a_ruminant_pipeline.py", line 300, in download_genome
    run_cmd(cmd)
  File "/home/morpheus/retraction_watch_plots/gprc6a/gprc6a_ruminant_pipeline.py", line 114, in run_cmd
    return subprocess.run(
           ^^^^^^^^^^^^^^^
  File "/home/linuxbrew/.linuxbrew/Cellar/python@3.11/3.11.5/lib/python3.11/subprocess.py", line 571, in run
    raise CalledProcessError(retcode, process.args,
subprocess.CalledProcessError: Command '['/usr/local/bin/datasets', 'download', 'genome', 'accession', 'GCA_964019235.2', '--include', 'genome', '--filename', '/home/morpheus/retraction_watch_plots/gprc6a/GPRC6A_Ruminantia/cache/genomes/GCA_964019235.2/GCA_964019235.2.zip', '--no-progressbar']' returned non-zero exit status 1.
2026-08-15 17:42:36,917 INFO [451/672] completed GCA_964019235.2: error
2026-08-15 17:42:53,524 INFO [452/672] completed GCA_974728815.1: ok
2026-08-15 17:46:06,108 INFO [453/672] completed GCA_914753205.1: ok
2026-08-15 17:46:58,252 INFO [454/672] completed GCA_964019225.2: ok
2026-08-15 17:48:54,299 INFO [455/672] completed GCA_964019255.2: ok
2026-08-15 17:49:51,219 INFO [456/672] completed GCA_964019295.2: ok
2026-08-15 17:50:48,934 ERROR Assembly GCA_984506445.1 failed
Traceback (most recent call last):
  File "/home/morpheus/retraction_watch_plots/gprc6a/gprc6a_ruminant_pipeline.py", line 1125, in analyze_assembly
    genome = download_genome(accession, Path(args.outdir)/"cache"/"genomes", args.datasets_exe)
             ^^^^^^^^^^^^^^^^^^^^^^^^^^^^^^^^^^^^^^^^^^^^^^^^^^^^^^^^^^^^^^^^^^^^^^^^^^^^^^^^^^
  File "/home/morpheus/retraction_watch_plots/gprc6a/gprc6a_ruminant_pipeline.py", line 300, in download_genome
    run_cmd(cmd)
  File "/home/morpheus/retraction_watch_plots/gprc6a/gprc6a_ruminant_pipeline.py", line 114, in run_cmd
    return subprocess.run(
           ^^^^^^^^^^^^^^^
  File "/home/linuxbrew/.linuxbrew/Cellar/python@3.11/3.11.5/lib/python3.11/subprocess.py", line 571, in run
    raise CalledProcessError(retcode, process.args,
subprocess.CalledProcessError: Command '['/usr/local/bin/datasets', 'download', 'genome', 'accession', 'GCA_984506445.1', '--include', 'genome', '--filename', '/home/morpheus/retraction_watch_plots/gprc6a/GPRC6A_Ruminantia/cache/genomes/GCA_984506445.1/GCA_984506445.1.zip', '--no-progressbar']' returned non-zero exit status 1.
2026-08-15 17:50:48,937 INFO [457/672] completed GCA_984506445.1: error
2026-08-15 17:52:10,589 INFO [458/672] completed GCA_024542955.1: ok
2026-08-15 17:52:57,906 ERROR Assembly GCA_050084895.1 failed
Traceback (most recent call last):
  File "/home/morpheus/retraction_watch_plots/gprc6a/gprc6a_ruminant_pipeline.py", line 1125, in analyze_assembly
    genome = download_genome(accession, Path(args.outdir)/"cache"/"genomes", args.datasets_exe)
             ^^^^^^^^^^^^^^^^^^^^^^^^^^^^^^^^^^^^^^^^^^^^^^^^^^^^^^^^^^^^^^^^^^^^^^^^^^^^^^^^^^
  File "/home/morpheus/retraction_watch_plots/gprc6a/gprc6a_ruminant_pipeline.py", line 300, in download_genome
    run_cmd(cmd)
  File "/home/morpheus/retraction_watch_plots/gprc6a/gprc6a_ruminant_pipeline.py", line 114, in run_cmd
    return subprocess.run(
           ^^^^^^^^^^^^^^^
  File "/home/linuxbrew/.linuxbrew/Cellar/python@3.11/3.11.5/lib/python3.11/subprocess.py", line 571, in run
    raise CalledProcessError(retcode, process.args,
subprocess.CalledProcessError: Command '['/usr/local/bin/datasets', 'download', 'genome', 'accession', 'GCA_050084895.1', '--include', 'genome', '--filename', '/home/morpheus/retraction_watch_plots/gprc6a/GPRC6A_Ruminantia/cache/genomes/GCA_050084895.1/GCA_050084895.1.zip', '--no-progressbar']' returned non-zero exit status 1.
2026-08-15 17:52:57,909 INFO [459/672] completed GCA_050084895.1: error
2026-08-15 17:53:45,547 ERROR Assembly GCA_022702505.1 failed
Traceback (most recent call last):
  File "/home/morpheus/retraction_watch_plots/gprc6a/gprc6a_ruminant_pipeline.py", line 1125, in analyze_assembly
    genome = download_genome(accession, Path(args.outdir)/"cache"/"genomes", args.datasets_exe)
             ^^^^^^^^^^^^^^^^^^^^^^^^^^^^^^^^^^^^^^^^^^^^^^^^^^^^^^^^^^^^^^^^^^^^^^^^^^^^^^^^^^
  File "/home/morpheus/retraction_watch_plots/gprc6a/gprc6a_ruminant_pipeline.py", line 300, in download_genome
    run_cmd(cmd)
  File "/home/morpheus/retraction_watch_plots/gprc6a/gprc6a_ruminant_pipeline.py", line 114, in run_cmd
    return subprocess.run(
           ^^^^^^^^^^^^^^^
  File "/home/linuxbrew/.linuxbrew/Cellar/python@3.11/3.11.5/lib/python3.11/subprocess.py", line 571, in run
    raise CalledProcessError(retcode, process.args,
subprocess.CalledProcessError: Command '['/usr/local/bin/datasets', 'download', 'genome', 'accession', 'GCA_022702505.1', '--include', 'genome', '--filename', '/home/morpheus/retraction_watch_plots/gprc6a/GPRC6A_Ruminantia/cache/genomes/GCA_022702505.1/GCA_022702505.1.zip', '--no-progressbar']' returned non-zero exit status 1.
2026-08-15 17:53:45,549 INFO [460/672] completed GCA_022702505.1: error
2026-08-15 17:54:52,772 INFO [461/672] completed GCA_984506435.1: ok
2026-08-15 17:55:15,362 ERROR Assembly GCA_021328995.1 failed
Traceback (most recent call last):
  File "/home/morpheus/retraction_watch_plots/gprc6a/gprc6a_ruminant_pipeline.py", line 1125, in analyze_assembly
    genome = download_genome(accession, Path(args.outdir)/"cache"/"genomes", args.datasets_exe)
             ^^^^^^^^^^^^^^^^^^^^^^^^^^^^^^^^^^^^^^^^^^^^^^^^^^^^^^^^^^^^^^^^^^^^^^^^^^^^^^^^^^
  File "/home/morpheus/retraction_watch_plots/gprc6a/gprc6a_ruminant_pipeline.py", line 300, in download_genome
    run_cmd(cmd)
  File "/home/morpheus/retraction_watch_plots/gprc6a/gprc6a_ruminant_pipeline.py", line 114, in run_cmd
    return subprocess.run(
           ^^^^^^^^^^^^^^^
  File "/home/linuxbrew/.linuxbrew/Cellar/python@3.11/3.11.5/lib/python3.11/subprocess.py", line 571, in run
    raise CalledProcessError(retcode, process.args,
subprocess.CalledProcessError: Command '['/usr/local/bin/datasets', 'download', 'genome', 'accession', 'GCA_021328995.1', '--include', 'genome', '--filename', '/home/morpheus/retraction_watch_plots/gprc6a/GPRC6A_Ruminantia/cache/genomes/GCA_021328995.1/GCA_021328995.1.zip', '--no-progressbar']' returned non-zero exit status 1.
2026-08-15 17:55:15,365 INFO [462/672] completed GCA_021328995.1: error
2026-08-15 17:57:20,215 INFO [463/672] completed GCA_022702665.1: ok
2026-08-15 17:59:15,465 INFO [464/672] completed GCA_965364855.1: ok
2026-08-15 18:01:37,422 INFO [465/672] completed GCA_984513465.1: ok
2026-08-15 18:01:46,089 ERROR Assembly GCA_021327435.1 failed
Traceback (most recent call last):
  File "/home/morpheus/retraction_watch_plots/gprc6a/gprc6a_ruminant_pipeline.py", line 1125, in analyze_assembly
    genome = download_genome(accession, Path(args.outdir)/"cache"/"genomes", args.datasets_exe)
             ^^^^^^^^^^^^^^^^^^^^^^^^^^^^^^^^^^^^^^^^^^^^^^^^^^^^^^^^^^^^^^^^^^^^^^^^^^^^^^^^^^
  File "/home/morpheus/retraction_watch_plots/gprc6a/gprc6a_ruminant_pipeline.py", line 300, in download_genome
    run_cmd(cmd)
  File "/home/morpheus/retraction_watch_plots/gprc6a/gprc6a_ruminant_pipeline.py", line 114, in run_cmd
    return subprocess.run(
           ^^^^^^^^^^^^^^^
  File "/home/linuxbrew/.linuxbrew/Cellar/python@3.11/3.11.5/lib/python3.11/subprocess.py", line 571, in run
    raise CalledProcessError(retcode, process.args,
subprocess.CalledProcessError: Command '['/usr/local/bin/datasets', 'download', 'genome', 'accession', 'GCA_021327435.1', '--include', 'genome', '--filename', '/home/morpheus/retraction_watch_plots/gprc6a/GPRC6A_Ruminantia/cache/genomes/GCA_021327435.1/GCA_021327435.1.zip', '--no-progressbar']' returned non-zero exit status 1.
2026-08-15 18:01:46,091 INFO [466/672] completed GCA_021327435.1: error
2026-08-15 18:02:09,005 ERROR Assembly GCA_965363385.1 failed
Traceback (most recent call last):
  File "/home/morpheus/retraction_watch_plots/gprc6a/gprc6a_ruminant_pipeline.py", line 1125, in analyze_assembly
    genome = download_genome(accession, Path(args.outdir)/"cache"/"genomes", args.datasets_exe)
             ^^^^^^^^^^^^^^^^^^^^^^^^^^^^^^^^^^^^^^^^^^^^^^^^^^^^^^^^^^^^^^^^^^^^^^^^^^^^^^^^^^
  File "/home/morpheus/retraction_watch_plots/gprc6a/gprc6a_ruminant_pipeline.py", line 300, in download_genome
    run_cmd(cmd)
  File "/home/morpheus/retraction_watch_plots/gprc6a/gprc6a_ruminant_pipeline.py", line 114, in run_cmd
    return subprocess.run(
           ^^^^^^^^^^^^^^^
  File "/home/linuxbrew/.linuxbrew/Cellar/python@3.11/3.11.5/lib/python3.11/subprocess.py", line 571, in run
    raise CalledProcessError(retcode, process.args,
subprocess.CalledProcessError: Command '['/usr/local/bin/datasets', 'download', 'genome', 'accession', 'GCA_965363385.1', '--include', 'genome', '--filename', '/home/morpheus/retraction_watch_plots/gprc6a/GPRC6A_Ruminantia/cache/genomes/GCA_965363385.1/GCA_965363385.1.zip', '--no-progressbar']' returned non-zero exit status 1.
2026-08-15 18:02:09,007 INFO [467/672] completed GCA_965363385.1: error
2026-08-15 18:02:25,493 INFO [468/672] completed GCA_965637775.1: ok
2026-08-15 18:05:13,707 INFO [469/672] completed GCA_984514685.1: ok
2026-08-15 18:07:25,938 INFO [470/672] completed GCA_965363705.1: ok
2026-08-15 18:09:25,042 INFO [471/672] completed GCA_984507005.1: ok
2026-08-15 18:12:34,790 INFO [472/672] completed GCA_984506455.1: ok
2026-08-15 18:13:06,590 INFO [473/672] completed GCA_965363435.1: ok
2026-08-15 18:17:54,791 INFO [474/672] completed GCA_984538235.1: ok
2026-08-15 18:18:02,836 INFO [475/672] completed GCA_965363785.1: ok
2026-08-15 18:20:55,862 INFO [476/672] completed GCA_021327375.1: ok
2026-08-15 18:23:13,315 INFO [477/672] completed GCA_024222135.1: ok
2026-08-15 18:24:09,775 INFO [478/672] completed GCA_021325935.1: ok
2026-08-15 18:29:22,790 INFO [479/672] completed GCA_021326735.1: ok
2026-08-15 18:29:23,632 INFO [480/672] completed GCA_021325905.1: ok
2026-08-15 18:34:12,278 INFO [481/672] completed GCA_021328955.1: ok
2026-08-15 18:34:20,614 INFO [482/672] completed GCA_984506415.1: ok
2026-08-15 18:34:21,902 ERROR Assembly GCA_965364765.1 failed
Traceback (most recent call last):
  File "/home/morpheus/retraction_watch_plots/gprc6a/gprc6a_ruminant_pipeline.py", line 1125, in analyze_assembly
    genome = download_genome(accession, Path(args.outdir)/"cache"/"genomes", args.datasets_exe)
             ^^^^^^^^^^^^^^^^^^^^^^^^^^^^^^^^^^^^^^^^^^^^^^^^^^^^^^^^^^^^^^^^^^^^^^^^^^^^^^^^^^
  File "/home/morpheus/retraction_watch_plots/gprc6a/gprc6a_ruminant_pipeline.py", line 300, in download_genome
    run_cmd(cmd)
  File "/home/morpheus/retraction_watch_plots/gprc6a/gprc6a_ruminant_pipeline.py", line 114, in run_cmd
    return subprocess.run(
           ^^^^^^^^^^^^^^^
  File "/home/linuxbrew/.linuxbrew/Cellar/python@3.11/3.11.5/lib/python3.11/subprocess.py", line 571, in run
    raise CalledProcessError(retcode, process.args,
subprocess.CalledProcessError: Command '['/usr/local/bin/datasets', 'download', 'genome', 'accession', 'GCA_965364765.1', '--include', 'genome', '--filename', '/home/morpheus/retraction_watch_plots/gprc6a/GPRC6A_Ruminantia/cache/genomes/GCA_965364765.1/GCA_965364765.1.zip', '--no-progressbar']' returned non-zero exit status 1.
2026-08-15 18:34:21,904 INFO [483/672] completed GCA_965364765.1: error
2026-08-15 18:34:34,091 ERROR Assembly GCA_984506815.1 failed
Traceback (most recent call last):
  File "/home/morpheus/retraction_watch_plots/gprc6a/gprc6a_ruminant_pipeline.py", line 1125, in analyze_assembly
    genome = download_genome(accession, Path(args.outdir)/"cache"/"genomes", args.datasets_exe)
             ^^^^^^^^^^^^^^^^^^^^^^^^^^^^^^^^^^^^^^^^^^^^^^^^^^^^^^^^^^^^^^^^^^^^^^^^^^^^^^^^^^
  File "/home/morpheus/retraction_watch_plots/gprc6a/gprc6a_ruminant_pipeline.py", line 300, in download_genome
    run_cmd(cmd)
  File "/home/morpheus/retraction_watch_plots/gprc6a/gprc6a_ruminant_pipeline.py", line 114, in run_cmd
    return subprocess.run(
           ^^^^^^^^^^^^^^^
  File "/home/linuxbrew/.linuxbrew/Cellar/python@3.11/3.11.5/lib/python3.11/subprocess.py", line 571, in run
    raise CalledProcessError(retcode, process.args,
subprocess.CalledProcessError: Command '['/usr/local/bin/datasets', 'download', 'genome', 'accession', 'GCA_984506815.1', '--include', 'genome', '--filename', '/home/morpheus/retraction_watch_plots/gprc6a/GPRC6A_Ruminantia/cache/genomes/GCA_984506815.1/GCA_984506815.1.zip', '--no-progressbar']' returned non-zero exit status 1.
2026-08-15 18:34:34,093 INFO [484/672] completed GCA_984506815.1: error
2026-08-15 18:34:47,372 ERROR Assembly GCA_024222185.1 failed
Traceback (most recent call last):
  File "/home/morpheus/retraction_watch_plots/gprc6a/gprc6a_ruminant_pipeline.py", line 1125, in analyze_assembly
    genome = download_genome(accession, Path(args.outdir)/"cache"/"genomes", args.datasets_exe)
             ^^^^^^^^^^^^^^^^^^^^^^^^^^^^^^^^^^^^^^^^^^^^^^^^^^^^^^^^^^^^^^^^^^^^^^^^^^^^^^^^^^
  File "/home/morpheus/retraction_watch_plots/gprc6a/gprc6a_ruminant_pipeline.py", line 300, in download_genome
    run_cmd(cmd)
  File "/home/morpheus/retraction_watch_plots/gprc6a/gprc6a_ruminant_pipeline.py", line 114, in run_cmd
    return subprocess.run(
           ^^^^^^^^^^^^^^^
  File "/home/linuxbrew/.linuxbrew/Cellar/python@3.11/3.11.5/lib/python3.11/subprocess.py", line 571, in run
    raise CalledProcessError(retcode, process.args,
subprocess.CalledProcessError: Command '['/usr/local/bin/datasets', 'download', 'genome', 'accession', 'GCA_024222185.1', '--include', 'genome', '--filename', '/home/morpheus/retraction_watch_plots/gprc6a/GPRC6A_Ruminantia/cache/genomes/GCA_024222185.1/GCA_024222185.1.zip', '--no-progressbar']' returned non-zero exit status 1.
2026-08-15 18:34:47,373 INFO [485/672] completed GCA_024222185.1: error
2026-08-15 18:37:40,964 INFO [486/672] completed GCA_965363445.1: ok
2026-08-15 18:41:01,870 INFO [487/672] completed GCA_984506635.1: ok
2026-08-15 18:41:56,922 INFO [488/672] completed GCA_984514235.1: ok
2026-08-15 18:44:10,856 INFO [489/672] completed GCA_021327305.1: ok
2026-08-15 18:45:17,382 INFO [490/672] completed GCA_021327315.1: ok
2026-08-15 18:48:52,414 INFO [491/672] completed GCA_021326705.1: ok
2026-08-15 18:48:57,405 ERROR Assembly GCA_021325815.1 failed
Traceback (most recent call last):
  File "/home/morpheus/retraction_watch_plots/gprc6a/gprc6a_ruminant_pipeline.py", line 1125, in analyze_assembly
    genome = download_genome(accession, Path(args.outdir)/"cache"/"genomes", args.datasets_exe)
             ^^^^^^^^^^^^^^^^^^^^^^^^^^^^^^^^^^^^^^^^^^^^^^^^^^^^^^^^^^^^^^^^^^^^^^^^^^^^^^^^^^
  File "/home/morpheus/retraction_watch_plots/gprc6a/gprc6a_ruminant_pipeline.py", line 300, in download_genome
    run_cmd(cmd)
  File "/home/morpheus/retraction_watch_plots/gprc6a/gprc6a_ruminant_pipeline.py", line 114, in run_cmd
    return subprocess.run(
           ^^^^^^^^^^^^^^^
  File "/home/linuxbrew/.linuxbrew/Cellar/python@3.11/3.11.5/lib/python3.11/subprocess.py", line 571, in run
    raise CalledProcessError(retcode, process.args,
subprocess.CalledProcessError: Command '['/usr/local/bin/datasets', 'download', 'genome', 'accession', 'GCA_021325815.1', '--include', 'genome', '--filename', '/home/morpheus/retraction_watch_plots/gprc6a/GPRC6A_Ruminantia/cache/genomes/GCA_021325815.1/GCA_021325815.1.zip', '--no-progressbar']' returned non-zero exit status 1.
2026-08-15 18:48:57,407 INFO [492/672] completed GCA_021325815.1: error
2026-08-15 18:49:17,271 INFO [493/672] completed GCA_984506465.1: ok
2026-08-15 18:54:14,890 INFO [494/672] completed GCA_021327145.1: ok
2026-08-15 18:54:24,629 INFO [495/672] completed GCA_024256485.1: ok
2026-08-15 18:54:49,098 ERROR Assembly GCA_021327245.1 failed
Traceback (most recent call last):
  File "/home/morpheus/retraction_watch_plots/gprc6a/gprc6a_ruminant_pipeline.py", line 1125, in analyze_assembly
    genome = download_genome(accession, Path(args.outdir)/"cache"/"genomes", args.datasets_exe)
             ^^^^^^^^^^^^^^^^^^^^^^^^^^^^^^^^^^^^^^^^^^^^^^^^^^^^^^^^^^^^^^^^^^^^^^^^^^^^^^^^^^
  File "/home/morpheus/retraction_watch_plots/gprc6a/gprc6a_ruminant_pipeline.py", line 300, in download_genome
    run_cmd(cmd)
  File "/home/morpheus/retraction_watch_plots/gprc6a/gprc6a_ruminant_pipeline.py", line 114, in run_cmd
    return subprocess.run(
           ^^^^^^^^^^^^^^^
  File "/home/linuxbrew/.linuxbrew/Cellar/python@3.11/3.11.5/lib/python3.11/subprocess.py", line 571, in run
    raise CalledProcessError(retcode, process.args,
subprocess.CalledProcessError: Command '['/usr/local/bin/datasets', 'download', 'genome', 'accession', 'GCA_021327245.1', '--include', 'genome', '--filename', '/home/morpheus/retraction_watch_plots/gprc6a/GPRC6A_Ruminantia/cache/genomes/GCA_021327245.1/GCA_021327245.1.zip', '--no-progressbar']' returned non-zero exit status 1.
2026-08-15 18:54:49,100 INFO [496/672] completed GCA_021327245.1: error
2026-08-15 18:54:59,677 ERROR Assembly GCA_021325855.1 failed
Traceback (most recent call last):
  File "/home/morpheus/retraction_watch_plots/gprc6a/gprc6a_ruminant_pipeline.py", line 1125, in analyze_assembly
    genome = download_genome(accession, Path(args.outdir)/"cache"/"genomes", args.datasets_exe)
             ^^^^^^^^^^^^^^^^^^^^^^^^^^^^^^^^^^^^^^^^^^^^^^^^^^^^^^^^^^^^^^^^^^^^^^^^^^^^^^^^^^
  File "/home/morpheus/retraction_watch_plots/gprc6a/gprc6a_ruminant_pipeline.py", line 300, in download_genome
    run_cmd(cmd)
  File "/home/morpheus/retraction_watch_plots/gprc6a/gprc6a_ruminant_pipeline.py", line 114, in run_cmd
    return subprocess.run(
           ^^^^^^^^^^^^^^^
  File "/home/linuxbrew/.linuxbrew/Cellar/python@3.11/3.11.5/lib/python3.11/subprocess.py", line 571, in run
    raise CalledProcessError(retcode, process.args,
subprocess.CalledProcessError: Command '['/usr/local/bin/datasets', 'download', 'genome', 'accession', 'GCA_021325855.1', '--include', 'genome', '--filename', '/home/morpheus/retraction_watch_plots/gprc6a/GPRC6A_Ruminantia/cache/genomes/GCA_021325855.1/GCA_021325855.1.zip', '--no-progressbar']' returned non-zero exit status 1.
2026-08-15 18:54:59,679 INFO [497/672] completed GCA_021325855.1: error
2026-08-15 18:57:36,950 INFO [498/672] completed GCA_021326975.1: ok
2026-08-15 18:58:14,752 INFO [499/672] completed GCA_024256505.1: ok
2026-08-15 18:58:39,568 ERROR Assembly GCA_021327285.1 failed
Traceback (most recent call last):
  File "/home/morpheus/retraction_watch_plots/gprc6a/gprc6a_ruminant_pipeline.py", line 1125, in analyze_assembly
    genome = download_genome(accession, Path(args.outdir)/"cache"/"genomes", args.datasets_exe)
             ^^^^^^^^^^^^^^^^^^^^^^^^^^^^^^^^^^^^^^^^^^^^^^^^^^^^^^^^^^^^^^^^^^^^^^^^^^^^^^^^^^
  File "/home/morpheus/retraction_watch_plots/gprc6a/gprc6a_ruminant_pipeline.py", line 300, in download_genome
    run_cmd(cmd)
  File "/home/morpheus/retraction_watch_plots/gprc6a/gprc6a_ruminant_pipeline.py", line 114, in run_cmd
    return subprocess.run(
           ^^^^^^^^^^^^^^^
  File "/home/linuxbrew/.linuxbrew/Cellar/python@3.11/3.11.5/lib/python3.11/subprocess.py", line 571, in run
    raise CalledProcessError(retcode, process.args,
subprocess.CalledProcessError: Command '['/usr/local/bin/datasets', 'download', 'genome', 'accession', 'GCA_021327285.1', '--include', 'genome', '--filename', '/home/morpheus/retraction_watch_plots/gprc6a/GPRC6A_Ruminantia/cache/genomes/GCA_021327285.1/GCA_021327285.1.zip', '--no-progressbar']' returned non-zero exit status 1.
2026-08-15 18:58:39,570 INFO [500/672] completed GCA_021327285.1: error
2026-08-15 18:58:43,023 ERROR Assembly GCA_021325835.1 failed
Traceback (most recent call last):
  File "/home/morpheus/retraction_watch_plots/gprc6a/gprc6a_ruminant_pipeline.py", line 1125, in analyze_assembly
    genome = download_genome(accession, Path(args.outdir)/"cache"/"genomes", args.datasets_exe)
             ^^^^^^^^^^^^^^^^^^^^^^^^^^^^^^^^^^^^^^^^^^^^^^^^^^^^^^^^^^^^^^^^^^^^^^^^^^^^^^^^^^
  File "/home/morpheus/retraction_watch_plots/gprc6a/gprc6a_ruminant_pipeline.py", line 300, in download_genome
    run_cmd(cmd)
  File "/home/morpheus/retraction_watch_plots/gprc6a/gprc6a_ruminant_pipeline.py", line 114, in run_cmd
    return subprocess.run(
           ^^^^^^^^^^^^^^^
  File "/home/linuxbrew/.linuxbrew/Cellar/python@3.11/3.11.5/lib/python3.11/subprocess.py", line 571, in run
    raise CalledProcessError(retcode, process.args,
subprocess.CalledProcessError: Command '['/usr/local/bin/datasets', 'download', 'genome', 'accession', 'GCA_021325835.1', '--include', 'genome', '--filename', '/home/morpheus/retraction_watch_plots/gprc6a/GPRC6A_Ruminantia/cache/genomes/GCA_021325835.1/GCA_021325835.1.zip', '--no-progressbar']' returned non-zero exit status 1.
2026-08-15 18:58:43,025 INFO [501/672] completed GCA_021325835.1: error
2026-08-15 18:59:47,431 ERROR Assembly GCA_021325865.1 failed
Traceback (most recent call last):
  File "/home/morpheus/retraction_watch_plots/gprc6a/gprc6a_ruminant_pipeline.py", line 1125, in analyze_assembly
    genome = download_genome(accession, Path(args.outdir)/"cache"/"genomes", args.datasets_exe)
             ^^^^^^^^^^^^^^^^^^^^^^^^^^^^^^^^^^^^^^^^^^^^^^^^^^^^^^^^^^^^^^^^^^^^^^^^^^^^^^^^^^
  File "/home/morpheus/retraction_watch_plots/gprc6a/gprc6a_ruminant_pipeline.py", line 300, in download_genome
    run_cmd(cmd)
  File "/home/morpheus/retraction_watch_plots/gprc6a/gprc6a_ruminant_pipeline.py", line 114, in run_cmd
    return subprocess.run(
           ^^^^^^^^^^^^^^^
  File "/home/linuxbrew/.linuxbrew/Cellar/python@3.11/3.11.5/lib/python3.11/subprocess.py", line 571, in run
    raise CalledProcessError(retcode, process.args,
subprocess.CalledProcessError: Command '['/usr/local/bin/datasets', 'download', 'genome', 'accession', 'GCA_021325865.1', '--include', 'genome', '--filename', '/home/morpheus/retraction_watch_plots/gprc6a/GPRC6A_Ruminantia/cache/genomes/GCA_021325865.1/GCA_021325865.1.zip', '--no-progressbar']' returned non-zero exit status 1.
2026-08-15 18:59:47,433 INFO [502/672] completed GCA_021325865.1: error
2026-08-15 19:02:34,489 INFO [503/672] completed GCA_021327395.1: ok
2026-08-15 19:03:07,814 INFO [504/672] completed GCA_965365915.1: ok
2026-08-15 19:03:42,171 ERROR Assembly GCA_021325875.1 failed
Traceback (most recent call last):
  File "/home/morpheus/retraction_watch_plots/gprc6a/gprc6a_ruminant_pipeline.py", line 1125, in analyze_assembly
    genome = download_genome(accession, Path(args.outdir)/"cache"/"genomes", args.datasets_exe)
             ^^^^^^^^^^^^^^^^^^^^^^^^^^^^^^^^^^^^^^^^^^^^^^^^^^^^^^^^^^^^^^^^^^^^^^^^^^^^^^^^^^
  File "/home/morpheus/retraction_watch_plots/gprc6a/gprc6a_ruminant_pipeline.py", line 300, in download_genome
    run_cmd(cmd)
  File "/home/morpheus/retraction_watch_plots/gprc6a/gprc6a_ruminant_pipeline.py", line 114, in run_cmd
    return subprocess.run(
           ^^^^^^^^^^^^^^^
  File "/home/linuxbrew/.linuxbrew/Cellar/python@3.11/3.11.5/lib/python3.11/subprocess.py", line 571, in run
    raise CalledProcessError(retcode, process.args,
subprocess.CalledProcessError: Command '['/usr/local/bin/datasets', 'download', 'genome', 'accession', 'GCA_021325875.1', '--include', 'genome', '--filename', '/home/morpheus/retraction_watch_plots/gprc6a/GPRC6A_Ruminantia/cache/genomes/GCA_021325875.1/GCA_021325875.1.zip', '--no-progressbar']' returned non-zero exit status 1.
2026-08-15 19:03:42,174 INFO [505/672] completed GCA_021325875.1: error
2026-08-15 19:03:44,552 ERROR Assembly GCA_984506805.1 failed
Traceback (most recent call last):
  File "/home/morpheus/retraction_watch_plots/gprc6a/gprc6a_ruminant_pipeline.py", line 1125, in analyze_assembly
    genome = download_genome(accession, Path(args.outdir)/"cache"/"genomes", args.datasets_exe)
             ^^^^^^^^^^^^^^^^^^^^^^^^^^^^^^^^^^^^^^^^^^^^^^^^^^^^^^^^^^^^^^^^^^^^^^^^^^^^^^^^^^
  File "/home/morpheus/retraction_watch_plots/gprc6a/gprc6a_ruminant_pipeline.py", line 300, in download_genome
    run_cmd(cmd)
  File "/home/morpheus/retraction_watch_plots/gprc6a/gprc6a_ruminant_pipeline.py", line 114, in run_cmd
    return subprocess.run(
           ^^^^^^^^^^^^^^^
  File "/home/linuxbrew/.linuxbrew/Cellar/python@3.11/3.11.5/lib/python3.11/subprocess.py", line 571, in run
    raise CalledProcessError(retcode, process.args,
subprocess.CalledProcessError: Command '['/usr/local/bin/datasets', 'download', 'genome', 'accession', 'GCA_984506805.1', '--include', 'genome', '--filename', '/home/morpheus/retraction_watch_plots/gprc6a/GPRC6A_Ruminantia/cache/genomes/GCA_984506805.1/GCA_984506805.1.zip', '--no-progressbar']' returned non-zero exit status 1.
2026-08-15 19:03:44,554 INFO [506/672] completed GCA_984506805.1: error
2026-08-15 19:04:18,372 ERROR Assembly GCA_965363425.1 failed
Traceback (most recent call last):
  File "/home/morpheus/retraction_watch_plots/gprc6a/gprc6a_ruminant_pipeline.py", line 1125, in analyze_assembly
    genome = download_genome(accession, Path(args.outdir)/"cache"/"genomes", args.datasets_exe)
             ^^^^^^^^^^^^^^^^^^^^^^^^^^^^^^^^^^^^^^^^^^^^^^^^^^^^^^^^^^^^^^^^^^^^^^^^^^^^^^^^^^
  File "/home/morpheus/retraction_watch_plots/gprc6a/gprc6a_ruminant_pipeline.py", line 300, in download_genome
    run_cmd(cmd)
  File "/home/morpheus/retraction_watch_plots/gprc6a/gprc6a_ruminant_pipeline.py", line 114, in run_cmd
    return subprocess.run(
           ^^^^^^^^^^^^^^^
  File "/home/linuxbrew/.linuxbrew/Cellar/python@3.11/3.11.5/lib/python3.11/subprocess.py", line 571, in run
    raise CalledProcessError(retcode, process.args,
subprocess.CalledProcessError: Command '['/usr/local/bin/datasets', 'download', 'genome', 'accession', 'GCA_965363425.1', '--include', 'genome', '--filename', '/home/morpheus/retraction_watch_plots/gprc6a/GPRC6A_Ruminantia/cache/genomes/GCA_965363425.1/GCA_965363425.1.zip', '--no-progressbar']' returned non-zero exit status 1.
2026-08-15 19:04:18,374 INFO [507/672] completed GCA_965363425.1: error
2026-08-15 19:06:50,737 INFO [508/672] completed GCA_984514435.1: ok
2026-08-15 19:07:33,480 INFO [509/672] completed GCA_021327355.1: ok
2026-08-15 19:09:51,215 INFO [510/672] completed GCA_021327335.1: ok
2026-08-15 19:10:41,122 INFO [511/672] completed GCA_984506965.1: ok
2026-08-15 19:13:06,149 INFO [512/672] completed GCA_032433645.1: ok
2026-08-15 19:13:53,526 INFO [513/672] completed GCA_965364655.1: ok
2026-08-15 19:16:17,986 INFO [514/672] completed GCA_984506535.1: ok
2026-08-15 19:17:01,121 INFO [515/672] completed GCA_054126965.1: ok
2026-08-15 19:19:28,129 INFO [516/672] completed GCA_057557795.1: ok
2026-08-15 19:20:14,878 INFO [517/672] completed GCA_057557715.1: ok
2026-08-15 19:22:41,366 INFO [518/672] completed GCA_057557815.1: ok
2026-08-15 19:23:50,079 INFO [519/672] completed GCA_984506425.1: ok
2026-08-15 19:26:05,291 INFO [520/672] completed GCA_057557695.1: ok
2026-08-15 19:27:10,532 INFO [521/672] completed GCA_059335595.1: ok
2026-08-15 19:29:34,674 INFO [522/672] completed GCA_977879805.1: ok
2026-08-15 19:30:22,952 INFO [523/672] completed GCA_965363885.1: ok
2026-08-15 19:30:28,620 ERROR Assembly GCA_965363395.1 failed
Traceback (most recent call last):
  File "/home/morpheus/retraction_watch_plots/gprc6a/gprc6a_ruminant_pipeline.py", line 1125, in analyze_assembly
    genome = download_genome(accession, Path(args.outdir)/"cache"/"genomes", args.datasets_exe)
             ^^^^^^^^^^^^^^^^^^^^^^^^^^^^^^^^^^^^^^^^^^^^^^^^^^^^^^^^^^^^^^^^^^^^^^^^^^^^^^^^^^
  File "/home/morpheus/retraction_watch_plots/gprc6a/gprc6a_ruminant_pipeline.py", line 300, in download_genome
    run_cmd(cmd)
  File "/home/morpheus/retraction_watch_plots/gprc6a/gprc6a_ruminant_pipeline.py", line 114, in run_cmd
    return subprocess.run(
           ^^^^^^^^^^^^^^^
  File "/home/linuxbrew/.linuxbrew/Cellar/python@3.11/3.11.5/lib/python3.11/subprocess.py", line 571, in run
    raise CalledProcessError(retcode, process.args,
subprocess.CalledProcessError: Command '['/usr/local/bin/datasets', 'download', 'genome', 'accession', 'GCA_965363395.1', '--include', 'genome', '--filename', '/home/morpheus/retraction_watch_plots/gprc6a/GPRC6A_Ruminantia/cache/genomes/GCA_965363395.1/GCA_965363395.1.zip', '--no-progressbar']' returned non-zero exit status 1.
2026-08-15 19:30:28,623 INFO [524/672] completed GCA_965363395.1: error
2026-08-15 19:30:45,142 ERROR Assembly GCA_977880105.2 failed
Traceback (most recent call last):
  File "/home/morpheus/retraction_watch_plots/gprc6a/gprc6a_ruminant_pipeline.py", line 1125, in analyze_assembly
    genome = download_genome(accession, Path(args.outdir)/"cache"/"genomes", args.datasets_exe)
             ^^^^^^^^^^^^^^^^^^^^^^^^^^^^^^^^^^^^^^^^^^^^^^^^^^^^^^^^^^^^^^^^^^^^^^^^^^^^^^^^^^
  File "/home/morpheus/retraction_watch_plots/gprc6a/gprc6a_ruminant_pipeline.py", line 300, in download_genome
    run_cmd(cmd)
  File "/home/morpheus/retraction_watch_plots/gprc6a/gprc6a_ruminant_pipeline.py", line 114, in run_cmd
    return subprocess.run(
           ^^^^^^^^^^^^^^^
  File "/home/linuxbrew/.linuxbrew/Cellar/python@3.11/3.11.5/lib/python3.11/subprocess.py", line 571, in run
    raise CalledProcessError(retcode, process.args,
subprocess.CalledProcessError: Command '['/usr/local/bin/datasets', 'download', 'genome', 'accession', 'GCA_977880105.2', '--include', 'genome', '--filename', '/home/morpheus/retraction_watch_plots/gprc6a/GPRC6A_Ruminantia/cache/genomes/GCA_977880105.2/GCA_977880105.2.zip', '--no-progressbar']' returned non-zero exit status 1.
2026-08-15 19:30:45,144 INFO [525/672] completed GCA_977880105.2: error
2026-08-15 19:33:35,288 INFO [526/672] completed GCA_984506515.1: ok
2026-08-15 19:34:10,673 INFO [527/672] completed GCA_965365845.1: ok
2026-08-15 19:37:03,205 INFO [528/672] completed GCA_977879435.1: ok
2026-08-15 19:37:34,175 INFO [529/672] completed GCA_965363845.1: ok
2026-08-15 19:40:30,207 INFO [530/672] completed GCA_984513855.1: ok
2026-08-15 19:41:27,693 INFO [531/672] completed GCA_965363855.1: ok
2026-08-15 19:43:39,224 INFO [532/672] completed GCA_984513515.1: ok
2026-08-15 19:44:42,575 INFO [533/672] completed GCA_965365925.1: ok
2026-08-15 19:47:37,641 INFO [534/672] completed GCA_984506825.1: ok
2026-08-15 19:48:04,060 INFO [535/672] completed GCA_055691435.1: ok
2026-08-15 19:52:49,016 INFO [536/672] completed GCA_057190485.1: ok
2026-08-15 19:53:08,133 INFO [537/672] completed GCA_057190595.1: ok
2026-08-15 19:57:31,125 INFO [538/672] completed GCA_030269805.1: ok
2026-08-15 19:57:56,405 INFO [539/672] completed GCA_057190515.1: ok
2026-08-15 19:58:16,985 ERROR Assembly GCA_963966425.1 failed
Traceback (most recent call last):
  File "/home/morpheus/retraction_watch_plots/gprc6a/gprc6a_ruminant_pipeline.py", line 1125, in analyze_assembly
    genome = download_genome(accession, Path(args.outdir)/"cache"/"genomes", args.datasets_exe)
             ^^^^^^^^^^^^^^^^^^^^^^^^^^^^^^^^^^^^^^^^^^^^^^^^^^^^^^^^^^^^^^^^^^^^^^^^^^^^^^^^^^
  File "/home/morpheus/retraction_watch_plots/gprc6a/gprc6a_ruminant_pipeline.py", line 300, in download_genome
    run_cmd(cmd)
  File "/home/morpheus/retraction_watch_plots/gprc6a/gprc6a_ruminant_pipeline.py", line 114, in run_cmd
    return subprocess.run(
           ^^^^^^^^^^^^^^^
  File "/home/linuxbrew/.linuxbrew/Cellar/python@3.11/3.11.5/lib/python3.11/subprocess.py", line 571, in run
    raise CalledProcessError(retcode, process.args,
subprocess.CalledProcessError: Command '['/usr/local/bin/datasets', 'download', 'genome', 'accession', 'GCA_963966425.1', '--include', 'genome', '--filename', '/home/morpheus/retraction_watch_plots/gprc6a/GPRC6A_Ruminantia/cache/genomes/GCA_963966425.1/GCA_963966425.1.zip', '--no-progressbar']' returned non-zero exit status 1.
2026-08-15 19:58:16,987 INFO [540/672] completed GCA_963966425.1: error
2026-08-15 20:00:48,255 INFO [541/672] completed GCA_033030755.1: ok
2026-08-15 20:01:27,078 INFO [542/672] completed GCA_963966355.1: ok
2026-08-15 20:03:58,652 INFO [543/672] completed GCA_963966215.1: ok
2026-08-15 20:04:47,998 INFO [544/672] completed GCA_963966345.1: ok
2026-08-15 20:07:18,312 INFO [545/672] completed GCA_963966175.1: ok
2026-08-15 20:08:28,428 INFO [546/672] completed GCA_030847515.1: ok
2026-08-15 20:09:32,273 ERROR Assembly GCA_002993835.1 failed
Traceback (most recent call last):
  File "/home/morpheus/retraction_watch_plots/gprc6a/gprc6a_ruminant_pipeline.py", line 1125, in analyze_assembly
    genome = download_genome(accession, Path(args.outdir)/"cache"/"genomes", args.datasets_exe)
             ^^^^^^^^^^^^^^^^^^^^^^^^^^^^^^^^^^^^^^^^^^^^^^^^^^^^^^^^^^^^^^^^^^^^^^^^^^^^^^^^^^
  File "/home/morpheus/retraction_watch_plots/gprc6a/gprc6a_ruminant_pipeline.py", line 300, in download_genome
    run_cmd(cmd)
  File "/home/morpheus/retraction_watch_plots/gprc6a/gprc6a_ruminant_pipeline.py", line 114, in run_cmd
    return subprocess.run(
           ^^^^^^^^^^^^^^^
  File "/home/linuxbrew/.linuxbrew/Cellar/python@3.11/3.11.5/lib/python3.11/subprocess.py", line 571, in run
    raise CalledProcessError(retcode, process.args,
subprocess.CalledProcessError: Command '['/usr/local/bin/datasets', 'download', 'genome', 'accession', 'GCA_002993835.1', '--include', 'genome', '--filename', '/home/morpheus/retraction_watch_plots/gprc6a/GPRC6A_Ruminantia/cache/genomes/GCA_002993835.1/GCA_002993835.1.zip', '--no-progressbar']' returned non-zero exit status 1.
2026-08-15 20:09:32,275 INFO [547/672] completed GCA_002993835.1: error
2026-08-15 20:10:31,589 INFO [548/672] completed GCA_004794615.1: ok
2026-08-15 20:13:21,896 INFO [549/672] completed GCA_000180995.3: ok
2026-08-15 20:14:12,815 INFO [550/672] completed GCA_965642205.1: ok
2026-08-15 20:16:32,052 INFO [551/672] completed GCA_965606195.1: ok
2026-08-15 20:17:35,175 INFO [552/672] completed GCA_965642185.1: ok
2026-08-15 20:19:50,773 INFO [553/672] completed GCA_965246665.2: ok
2026-08-15 20:20:51,199 INFO [554/672] completed GCA_965642195.1: ok
2026-08-15 20:22:59,315 INFO [555/672] completed GCA_006459085.1: ok
2026-08-15 20:24:20,916 INFO [556/672] completed GCA_056825275.1: ok
2026-08-15 20:26:43,977 INFO [557/672] completed GCA_012070465.1: ok
2026-08-15 20:27:29,905 INFO [558/672] completed GCA_012070485.1: ok
2026-08-15 20:29:48,504 INFO [559/672] completed GCA_012070445.1: ok
2026-08-15 20:30:38,063 INFO [560/672] completed GCA_012070475.1: ok
2026-08-15 20:33:05,494 INFO [561/672] completed GCA_012069665.1: ok
2026-08-15 20:33:32,717 INFO [562/672] completed GCA_012070425.1: ok
2026-08-15 20:36:31,560 INFO [563/672] completed GCA_963422255.1: ok
2026-08-15 20:36:50,258 ERROR Assembly GCA_004026565.1 failed
Traceback (most recent call last):
  File "/home/morpheus/retraction_watch_plots/gprc6a/gprc6a_ruminant_pipeline.py", line 1125, in analyze_assembly
    genome = download_genome(accession, Path(args.outdir)/"cache"/"genomes", args.datasets_exe)
             ^^^^^^^^^^^^^^^^^^^^^^^^^^^^^^^^^^^^^^^^^^^^^^^^^^^^^^^^^^^^^^^^^^^^^^^^^^^^^^^^^^
  File "/home/morpheus/retraction_watch_plots/gprc6a/gprc6a_ruminant_pipeline.py", line 300, in download_genome
    run_cmd(cmd)
  File "/home/morpheus/retraction_watch_plots/gprc6a/gprc6a_ruminant_pipeline.py", line 114, in run_cmd
    return subprocess.run(
           ^^^^^^^^^^^^^^^
  File "/home/linuxbrew/.linuxbrew/Cellar/python@3.11/3.11.5/lib/python3.11/subprocess.py", line 571, in run
    raise CalledProcessError(retcode, process.args,
subprocess.CalledProcessError: Command '['/usr/local/bin/datasets', 'download', 'genome', 'accession', 'GCA_004026565.1', '--include', 'genome', '--filename', '/home/morpheus/retraction_watch_plots/gprc6a/GPRC6A_Ruminantia/cache/genomes/GCA_004026565.1/GCA_004026565.1.zip', '--no-progressbar']' returned non-zero exit status 1.
2026-08-15 20:36:50,260 INFO [564/672] completed GCA_004026565.1: error
2026-08-15 20:37:03,665 INFO [565/672] completed GCA_022457185.1: ok
2026-08-15 20:37:27,172 ERROR Assembly GCA_014898785.1 failed
Traceback (most recent call last):
  File "/home/morpheus/retraction_watch_plots/gprc6a/gprc6a_ruminant_pipeline.py", line 1125, in analyze_assembly
    genome = download_genome(accession, Path(args.outdir)/"cache"/"genomes", args.datasets_exe)
             ^^^^^^^^^^^^^^^^^^^^^^^^^^^^^^^^^^^^^^^^^^^^^^^^^^^^^^^^^^^^^^^^^^^^^^^^^^^^^^^^^^
  File "/home/morpheus/retraction_watch_plots/gprc6a/gprc6a_ruminant_pipeline.py", line 300, in download_genome
    run_cmd(cmd)
  File "/home/morpheus/retraction_watch_plots/gprc6a/gprc6a_ruminant_pipeline.py", line 114, in run_cmd
    return subprocess.run(
           ^^^^^^^^^^^^^^^
  File "/home/linuxbrew/.linuxbrew/Cellar/python@3.11/3.11.5/lib/python3.11/subprocess.py", line 571, in run
    raise CalledProcessError(retcode, process.args,
subprocess.CalledProcessError: Command '['/usr/local/bin/datasets', 'download', 'genome', 'accession', 'GCA_014898785.1', '--include', 'genome', '--filename', '/home/morpheus/retraction_watch_plots/gprc6a/GPRC6A_Ruminantia/cache/genomes/GCA_014898785.1/GCA_014898785.1.zip', '--no-progressbar']' returned non-zero exit status 1.
2026-08-15 20:37:27,174 INFO [566/672] completed GCA_014898785.1: error
2026-08-15 20:40:14,073 INFO [567/672] completed GCA_902712895.1: ok
2026-08-15 20:40:50,352 INFO [568/672] completed GCA_007844835.1: ok
2026-08-15 20:44:07,230 INFO [569/672] completed GCA_007646595.3: ok
2026-08-15 20:44:44,532 INFO [570/672] completed GCA_017311355.1: ok
2026-08-15 20:47:19,407 INFO [571/672] completed GCA_963930665.2: ok
2026-08-15 20:47:53,856 INFO [572/672] completed GCA_006408525.1: ok
2026-08-15 20:50:13,376 INFO [573/672] completed GCA_014726795.1: ok
2026-08-15 20:51:10,271 INFO [574/672] completed GCA_003121645.1: ok
2026-08-15 20:53:37,565 INFO [575/672] completed GCA_006410595.1: ok
2026-08-15 20:54:13,706 INFO [576/672] completed GCA_042767535.1: ok
2026-08-15 20:54:32,241 ERROR Assembly GCA_042768445.1 failed
Traceback (most recent call last):
  File "/home/morpheus/retraction_watch_plots/gprc6a/gprc6a_ruminant_pipeline.py", line 1125, in analyze_assembly
    genome = download_genome(accession, Path(args.outdir)/"cache"/"genomes", args.datasets_exe)
             ^^^^^^^^^^^^^^^^^^^^^^^^^^^^^^^^^^^^^^^^^^^^^^^^^^^^^^^^^^^^^^^^^^^^^^^^^^^^^^^^^^
  File "/home/morpheus/retraction_watch_plots/gprc6a/gprc6a_ruminant_pipeline.py", line 300, in download_genome
    run_cmd(cmd)
  File "/home/morpheus/retraction_watch_plots/gprc6a/gprc6a_ruminant_pipeline.py", line 114, in run_cmd
    return subprocess.run(
           ^^^^^^^^^^^^^^^
  File "/home/linuxbrew/.linuxbrew/Cellar/python@3.11/3.11.5/lib/python3.11/subprocess.py", line 571, in run
    raise CalledProcessError(retcode, process.args,
subprocess.CalledProcessError: Command '['/usr/local/bin/datasets', 'download', 'genome', 'accession', 'GCA_042768445.1', '--include', 'genome', '--filename', '/home/morpheus/retraction_watch_plots/gprc6a/GPRC6A_Ruminantia/cache/genomes/GCA_042768445.1/GCA_042768445.1.zip', '--no-progressbar']' returned non-zero exit status 1.
2026-08-15 20:54:32,244 INFO [577/672] completed GCA_042768445.1: error
2026-08-15 20:55:53,200 ERROR Assembly GCA_004115125.1 failed
Traceback (most recent call last):
  File "/home/morpheus/retraction_watch_plots/gprc6a/gprc6a_ruminant_pipeline.py", line 1125, in analyze_assembly
    genome = download_genome(accession, Path(args.outdir)/"cache"/"genomes", args.datasets_exe)
             ^^^^^^^^^^^^^^^^^^^^^^^^^^^^^^^^^^^^^^^^^^^^^^^^^^^^^^^^^^^^^^^^^^^^^^^^^^^^^^^^^^
  File "/home/morpheus/retraction_watch_plots/gprc6a/gprc6a_ruminant_pipeline.py", line 300, in download_genome
    run_cmd(cmd)
  File "/home/morpheus/retraction_watch_plots/gprc6a/gprc6a_ruminant_pipeline.py", line 114, in run_cmd
    return subprocess.run(
           ^^^^^^^^^^^^^^^
  File "/home/linuxbrew/.linuxbrew/Cellar/python@3.11/3.11.5/lib/python3.11/subprocess.py", line 571, in run
    raise CalledProcessError(retcode, process.args,
subprocess.CalledProcessError: Command '['/usr/local/bin/datasets', 'download', 'genome', 'accession', 'GCA_004115125.1', '--include', 'genome', '--filename', '/home/morpheus/retraction_watch_plots/gprc6a/GPRC6A_Ruminantia/cache/genomes/GCA_004115125.1/GCA_004115125.1.zip', '--no-progressbar']' returned non-zero exit status 1.
2026-08-15 20:55:53,202 INFO [578/672] completed GCA_004115125.1: error
2026-08-15 21:00:17,976 INFO [579/672] completed GCA_003697985.1: ok
2026-08-15 21:00:42,766 INFO [580/672] completed GCA_004026945.1: ok
2026-08-15 21:01:11,032 ERROR Assembly GCA_964270355.1 failed
Traceback (most recent call last):
  File "/home/morpheus/retraction_watch_plots/gprc6a/gprc6a_ruminant_pipeline.py", line 1125, in analyze_assembly
    genome = download_genome(accession, Path(args.outdir)/"cache"/"genomes", args.datasets_exe)
             ^^^^^^^^^^^^^^^^^^^^^^^^^^^^^^^^^^^^^^^^^^^^^^^^^^^^^^^^^^^^^^^^^^^^^^^^^^^^^^^^^^
  File "/home/morpheus/retraction_watch_plots/gprc6a/gprc6a_ruminant_pipeline.py", line 300, in download_genome
    run_cmd(cmd)
  File "/home/morpheus/retraction_watch_plots/gprc6a/gprc6a_ruminant_pipeline.py", line 114, in run_cmd
    return subprocess.run(
           ^^^^^^^^^^^^^^^
  File "/home/linuxbrew/.linuxbrew/Cellar/python@3.11/3.11.5/lib/python3.11/subprocess.py", line 571, in run
    raise CalledProcessError(retcode, process.args,
subprocess.CalledProcessError: Command '['/usr/local/bin/datasets', 'download', 'genome', 'accession', 'GCA_964270355.1', '--include', 'genome', '--filename', '/home/morpheus/retraction_watch_plots/gprc6a/GPRC6A_Ruminantia/cache/genomes/GCA_964270355.1/GCA_964270355.1.zip', '--no-progressbar']' returned non-zero exit status 1.
2026-08-15 21:01:11,033 INFO [581/672] completed GCA_964270355.1: error
2026-08-15 21:03:18,977 INFO [582/672] completed GCA_059051325.1: ok
2026-08-15 21:04:03,933 INFO [583/672] completed GCA_965225615.1: ok
2026-08-15 21:05:34,676 ERROR Assembly GCA_000765075.1 failed
Traceback (most recent call last):
  File "/home/morpheus/retraction_watch_plots/gprc6a/gprc6a_ruminant_pipeline.py", line 1125, in analyze_assembly
    genome = download_genome(accession, Path(args.outdir)/"cache"/"genomes", args.datasets_exe)
             ^^^^^^^^^^^^^^^^^^^^^^^^^^^^^^^^^^^^^^^^^^^^^^^^^^^^^^^^^^^^^^^^^^^^^^^^^^^^^^^^^^
  File "/home/morpheus/retraction_watch_plots/gprc6a/gprc6a_ruminant_pipeline.py", line 300, in download_genome
    run_cmd(cmd)
  File "/home/morpheus/retraction_watch_plots/gprc6a/gprc6a_ruminant_pipeline.py", line 114, in run_cmd
    return subprocess.run(
           ^^^^^^^^^^^^^^^
  File "/home/linuxbrew/.linuxbrew/Cellar/python@3.11/3.11.5/lib/python3.11/subprocess.py", line 571, in run
    raise CalledProcessError(retcode, process.args,
subprocess.CalledProcessError: Command '['/usr/local/bin/datasets', 'download', 'genome', 'accession', 'GCA_000765075.1', '--include', 'genome', '--filename', '/home/morpheus/retraction_watch_plots/gprc6a/GPRC6A_Ruminantia/cache/genomes/GCA_000765075.1/GCA_000765075.1.zip', '--no-progressbar']' returned non-zero exit status 1.
2026-08-15 21:05:34,679 INFO [584/672] completed GCA_000765075.1: error
2026-08-15 21:06:01,198 INFO [585/672] completed GCA_015832495.2: ok
2026-08-15 21:06:30,275 ERROR Assembly GCA_021462335.1 failed
Traceback (most recent call last):
  File "/home/morpheus/retraction_watch_plots/gprc6a/gprc6a_ruminant_pipeline.py", line 1125, in analyze_assembly
    genome = download_genome(accession, Path(args.outdir)/"cache"/"genomes", args.datasets_exe)
             ^^^^^^^^^^^^^^^^^^^^^^^^^^^^^^^^^^^^^^^^^^^^^^^^^^^^^^^^^^^^^^^^^^^^^^^^^^^^^^^^^^
  File "/home/morpheus/retraction_watch_plots/gprc6a/gprc6a_ruminant_pipeline.py", line 300, in download_genome
    run_cmd(cmd)
  File "/home/morpheus/retraction_watch_plots/gprc6a/gprc6a_ruminant_pipeline.py", line 114, in run_cmd
    return subprocess.run(
           ^^^^^^^^^^^^^^^
  File "/home/linuxbrew/.linuxbrew/Cellar/python@3.11/3.11.5/lib/python3.11/subprocess.py", line 571, in run
    raise CalledProcessError(retcode, process.args,
subprocess.CalledProcessError: Command '['/usr/local/bin/datasets', 'download', 'genome', 'accession', 'GCA_021462335.1', '--include', 'genome', '--filename', '/home/morpheus/retraction_watch_plots/gprc6a/GPRC6A_Ruminantia/cache/genomes/GCA_021462335.1/GCA_021462335.1.zip', '--no-progressbar']' returned non-zero exit status 1.
2026-08-15 21:06:30,277 INFO [586/672] completed GCA_021462335.1: error
2026-08-15 21:08:39,436 INFO [587/672] completed GCA_007570765.1: ok
2026-08-15 21:08:56,010 ERROR Assembly GCA_022533635.2 failed
Traceback (most recent call last):
  File "/home/morpheus/retraction_watch_plots/gprc6a/gprc6a_ruminant_pipeline.py", line 1125, in analyze_assembly
    genome = download_genome(accession, Path(args.outdir)/"cache"/"genomes", args.datasets_exe)
             ^^^^^^^^^^^^^^^^^^^^^^^^^^^^^^^^^^^^^^^^^^^^^^^^^^^^^^^^^^^^^^^^^^^^^^^^^^^^^^^^^^
  File "/home/morpheus/retraction_watch_plots/gprc6a/gprc6a_ruminant_pipeline.py", line 300, in download_genome
    run_cmd(cmd)
  File "/home/morpheus/retraction_watch_plots/gprc6a/gprc6a_ruminant_pipeline.py", line 114, in run_cmd
    return subprocess.run(
           ^^^^^^^^^^^^^^^
  File "/home/linuxbrew/.linuxbrew/Cellar/python@3.11/3.11.5/lib/python3.11/subprocess.py", line 571, in run
    raise CalledProcessError(retcode, process.args,
subprocess.CalledProcessError: Command '['/usr/local/bin/datasets', 'download', 'genome', 'accession', 'GCA_022533635.2', '--include', 'genome', '--filename', '/home/morpheus/retraction_watch_plots/gprc6a/GPRC6A_Ruminantia/cache/genomes/GCA_022533635.2/GCA_022533635.2.zip', '--no-progressbar']' returned non-zero exit status 1.
2026-08-15 21:08:56,012 INFO [588/672] completed GCA_022533635.2: error
2026-08-15 21:09:51,498 INFO [589/672] completed GCA_002443075.1: ok
2026-08-15 21:12:02,921 INFO [590/672] completed GCA_051176575.2: ok
2026-08-15 21:12:49,291 INFO [591/672] completed GCA_007570785.1: ok
2026-08-15 21:15:45,031 INFO [592/672] completed GCA_003798545.1: ok
2026-08-15 21:16:14,302 INFO [593/672] completed GCA_021018645.1: ok
2026-08-15 21:18:45,728 INFO [594/672] completed GCA_011751665.1: ok
2026-08-15 21:21:05,792 INFO [595/672] completed GCA_004027515.2: ok
2026-08-15 21:21:43,128 INFO [596/672] completed GCA_019593525.1: ok
2026-08-15 21:24:15,847 INFO [597/672] completed GCA_050084595.1: ok
2026-08-15 21:25:09,346 INFO [598/672] completed GCA_006408785.2: ok
2026-08-15 21:27:37,673 INFO [599/672] completed GCA_008931205.1: ok
2026-08-15 21:28:21,146 INFO [600/672] completed GCA_006408465.1: ok
2026-08-15 21:30:52,538 INFO [601/672] completed GCA_006409035.1: ok
2026-08-15 21:31:42,672 INFO [602/672] completed GCA_022457235.1: ok
2026-08-15 21:32:13,361 ERROR Assembly GCA_034233915.1 failed
Traceback (most recent call last):
  File "/home/morpheus/retraction_watch_plots/gprc6a/gprc6a_ruminant_pipeline.py", line 1125, in analyze_assembly
    genome = download_genome(accession, Path(args.outdir)/"cache"/"genomes", args.datasets_exe)
             ^^^^^^^^^^^^^^^^^^^^^^^^^^^^^^^^^^^^^^^^^^^^^^^^^^^^^^^^^^^^^^^^^^^^^^^^^^^^^^^^^^
  File "/home/morpheus/retraction_watch_plots/gprc6a/gprc6a_ruminant_pipeline.py", line 300, in download_genome
    run_cmd(cmd)
  File "/home/morpheus/retraction_watch_plots/gprc6a/gprc6a_ruminant_pipeline.py", line 114, in run_cmd
    return subprocess.run(
           ^^^^^^^^^^^^^^^
  File "/home/linuxbrew/.linuxbrew/Cellar/python@3.11/3.11.5/lib/python3.11/subprocess.py", line 571, in run
    raise CalledProcessError(retcode, process.args,
subprocess.CalledProcessError: Command '['/usr/local/bin/datasets', 'download', 'genome', 'accession', 'GCA_034233915.1', '--include', 'genome', '--filename', '/home/morpheus/retraction_watch_plots/gprc6a/GPRC6A_Ruminantia/cache/genomes/GCA_034233915.1/GCA_034233915.1.zip', '--no-progressbar']' returned non-zero exit status 1.
2026-08-15 21:32:13,364 INFO [603/672] completed GCA_034233915.1: error
2026-08-15 21:33:43,213 INFO [604/672] completed GCA_034234005.1: ok
2026-08-15 21:35:20,321 INFO [605/672] completed GCA_006410555.1: ok
2026-08-15 21:36:49,896 INFO [606/672] completed GCA_006459105.1: ok
2026-08-15 21:38:27,705 INFO [607/672] completed GCA_021018685.1: ok
2026-08-15 21:40:21,200 INFO [608/672] completed GCA_001651235.1: ok
2026-08-15 21:42:47,777 INFO [609/672] completed GCA_001660835.1: ok
2026-08-15 21:43:59,012 INFO [610/672] completed GCA_019969365.1: ok
2026-08-15 21:46:40,584 INFO [611/672] completed GCA_018282235.1: ok
2026-08-15 21:47:42,639 INFO [612/672] completed GCA_006410755.1: ok
2026-08-15 21:48:20,284 ERROR Assembly GCA_006410575.1 failed
Traceback (most recent call last):
  File "/home/morpheus/retraction_watch_plots/gprc6a/gprc6a_ruminant_pipeline.py", line 1125, in analyze_assembly
    genome = download_genome(accession, Path(args.outdir)/"cache"/"genomes", args.datasets_exe)
             ^^^^^^^^^^^^^^^^^^^^^^^^^^^^^^^^^^^^^^^^^^^^^^^^^^^^^^^^^^^^^^^^^^^^^^^^^^^^^^^^^^
  File "/home/morpheus/retraction_watch_plots/gprc6a/gprc6a_ruminant_pipeline.py", line 300, in download_genome
    run_cmd(cmd)
  File "/home/morpheus/retraction_watch_plots/gprc6a/gprc6a_ruminant_pipeline.py", line 114, in run_cmd
    return subprocess.run(
           ^^^^^^^^^^^^^^^
  File "/home/linuxbrew/.linuxbrew/Cellar/python@3.11/3.11.5/lib/python3.11/subprocess.py", line 571, in run
    raise CalledProcessError(retcode, process.args,
subprocess.CalledProcessError: Command '['/usr/local/bin/datasets', 'download', 'genome', 'accession', 'GCA_006410575.1', '--include', 'genome', '--filename', '/home/morpheus/retraction_watch_plots/gprc6a/GPRC6A_Ruminantia/cache/genomes/GCA_006410575.1/GCA_006410575.1.zip', '--no-progressbar']' returned non-zero exit status 1.
2026-08-15 21:48:20,286 INFO [613/672] completed GCA_006410575.1: error
2026-08-15 21:49:31,801 INFO [614/672] completed GCA_006408565.1: ok
2026-08-15 21:50:26,071 ERROR Assembly GCA_006408485.1 failed
Traceback (most recent call last):
  File "/home/morpheus/retraction_watch_plots/gprc6a/gprc6a_ruminant_pipeline.py", line 1125, in analyze_assembly
    genome = download_genome(accession, Path(args.outdir)/"cache"/"genomes", args.datasets_exe)
             ^^^^^^^^^^^^^^^^^^^^^^^^^^^^^^^^^^^^^^^^^^^^^^^^^^^^^^^^^^^^^^^^^^^^^^^^^^^^^^^^^^
  File "/home/morpheus/retraction_watch_plots/gprc6a/gprc6a_ruminant_pipeline.py", line 300, in download_genome
    run_cmd(cmd)
  File "/home/morpheus/retraction_watch_plots/gprc6a/gprc6a_ruminant_pipeline.py", line 114, in run_cmd
    return subprocess.run(
           ^^^^^^^^^^^^^^^
  File "/home/linuxbrew/.linuxbrew/Cellar/python@3.11/3.11.5/lib/python3.11/subprocess.py", line 571, in run
    raise CalledProcessError(retcode, process.args,
subprocess.CalledProcessError: Command '['/usr/local/bin/datasets', 'download', 'genome', 'accession', 'GCA_006408485.1', '--include', 'genome', '--filename', '/home/morpheus/retraction_watch_plots/gprc6a/GPRC6A_Ruminantia/cache/genomes/GCA_006408485.1/GCA_006408485.1.zip', '--no-progressbar']' returned non-zero exit status 1.
2026-08-15 21:50:26,074 INFO [615/672] completed GCA_006408485.1: error
2026-08-15 21:51:50,818 INFO [616/672] completed GCA_006408655.1: ok
2026-08-15 21:53:31,330 INFO [617/672] completed GCA_056748525.1: ok
2026-08-15 21:55:01,917 INFO [618/672] completed GCA_000003205.6: ok
2026-08-15 21:55:40,985 ERROR Assembly GCF_000003205.7 failed
Traceback (most recent call last):
  File "/home/morpheus/retraction_watch_plots/gprc6a/gprc6a_ruminant_pipeline.py", line 1125, in analyze_assembly
    genome = download_genome(accession, Path(args.outdir)/"cache"/"genomes", args.datasets_exe)
             ^^^^^^^^^^^^^^^^^^^^^^^^^^^^^^^^^^^^^^^^^^^^^^^^^^^^^^^^^^^^^^^^^^^^^^^^^^^^^^^^^^
  File "/home/morpheus/retraction_watch_plots/gprc6a/gprc6a_ruminant_pipeline.py", line 300, in download_genome
    run_cmd(cmd)
  File "/home/morpheus/retraction_watch_plots/gprc6a/gprc6a_ruminant_pipeline.py", line 114, in run_cmd
    return subprocess.run(
           ^^^^^^^^^^^^^^^
  File "/home/linuxbrew/.linuxbrew/Cellar/python@3.11/3.11.5/lib/python3.11/subprocess.py", line 571, in run
    raise CalledProcessError(retcode, process.args,
subprocess.CalledProcessError: Command '['/usr/local/bin/datasets', 'download', 'genome', 'accession', 'GCF_000003205.7', '--include', 'genome', '--filename', '/home/morpheus/retraction_watch_plots/gprc6a/GPRC6A_Ruminantia/cache/genomes/GCF_000003205.7/GCF_000003205.7.zip', '--no-progressbar']' returned non-zero exit status 1.
2026-08-15 21:55:40,988 INFO [619/672] completed GCF_000003205.7: error
2026-08-15 21:58:25,031 INFO [620/672] completed GCA_000003055.5: ok
2026-08-15 22:00:15,003 INFO [621/672] completed GCF_000003055.6: ok
2026-08-15 22:01:52,967 INFO [622/672] completed GCA_002742125.1: ok
2026-08-15 22:04:21,901 INFO [623/672] completed GCF_002742125.1: ok
2026-08-15 22:05:20,648 INFO [624/672] completed GCA_000298735.2: ok
2026-08-15 22:08:46,032 INFO [625/672] completed GCF_000298735.2: ok
2026-08-15 22:08:53,837 ERROR Assembly GCA_002933975.1 failed
Traceback (most recent call last):
  File "/home/morpheus/retraction_watch_plots/gprc6a/gprc6a_ruminant_pipeline.py", line 1125, in analyze_assembly
    genome = download_genome(accession, Path(args.outdir)/"cache"/"genomes", args.datasets_exe)
             ^^^^^^^^^^^^^^^^^^^^^^^^^^^^^^^^^^^^^^^^^^^^^^^^^^^^^^^^^^^^^^^^^^^^^^^^^^^^^^^^^^
  File "/home/morpheus/retraction_watch_plots/gprc6a/gprc6a_ruminant_pipeline.py", line 300, in download_genome
    run_cmd(cmd)
  File "/home/morpheus/retraction_watch_plots/gprc6a/gprc6a_ruminant_pipeline.py", line 114, in run_cmd
    return subprocess.run(
           ^^^^^^^^^^^^^^^
  File "/home/linuxbrew/.linuxbrew/Cellar/python@3.11/3.11.5/lib/python3.11/subprocess.py", line 571, in run
    raise CalledProcessError(retcode, process.args,
subprocess.CalledProcessError: Command '['/usr/local/bin/datasets', 'download', 'genome', 'accession', 'GCA_002933975.1', '--include', 'genome', '--filename', '/home/morpheus/retraction_watch_plots/gprc6a/GPRC6A_Ruminantia/cache/genomes/GCA_002933975.1/GCA_002933975.1.zip', '--no-progressbar']' returned non-zero exit status 1.
2026-08-15 22:08:53,839 INFO [626/672] completed GCA_002933975.1: error
2026-08-15 22:09:05,030 INFO [627/672] completed GCA_000005525.1: ok
2026-08-15 22:13:19,791 INFO [628/672] completed GCA_000247795.2: ok
2026-08-15 22:13:31,044 INFO [629/672] completed GCF_000247795.1: ok
2026-08-15 22:13:52,621 ERROR Assembly GCF_003121395.1 failed
Traceback (most recent call last):
  File "/home/morpheus/retraction_watch_plots/gprc6a/gprc6a_ruminant_pipeline.py", line 1125, in analyze_assembly
    genome = download_genome(accession, Path(args.outdir)/"cache"/"genomes", args.datasets_exe)
             ^^^^^^^^^^^^^^^^^^^^^^^^^^^^^^^^^^^^^^^^^^^^^^^^^^^^^^^^^^^^^^^^^^^^^^^^^^^^^^^^^^
  File "/home/morpheus/retraction_watch_plots/gprc6a/gprc6a_ruminant_pipeline.py", line 300, in download_genome
    run_cmd(cmd)
  File "/home/morpheus/retraction_watch_plots/gprc6a/gprc6a_ruminant_pipeline.py", line 114, in run_cmd
    return subprocess.run(
           ^^^^^^^^^^^^^^^
  File "/home/linuxbrew/.linuxbrew/Cellar/python@3.11/3.11.5/lib/python3.11/subprocess.py", line 571, in run
    raise CalledProcessError(retcode, process.args,
subprocess.CalledProcessError: Command '['/usr/local/bin/datasets', 'download', 'genome', 'accession', 'GCF_003121395.1', '--include', 'genome', '--filename', '/home/morpheus/retraction_watch_plots/gprc6a/GPRC6A_Ruminantia/cache/genomes/GCF_003121395.1/GCF_003121395.1.zip', '--no-progressbar']' returned non-zero exit status 1.
2026-08-15 22:13:52,623 INFO [630/672] completed GCF_003121395.1: error
2026-08-15 22:15:04,116 ERROR Assembly GCA_019923925.1 failed
Traceback (most recent call last):
  File "/home/morpheus/retraction_watch_plots/gprc6a/gprc6a_ruminant_pipeline.py", line 1125, in analyze_assembly
    genome = download_genome(accession, Path(args.outdir)/"cache"/"genomes", args.datasets_exe)
             ^^^^^^^^^^^^^^^^^^^^^^^^^^^^^^^^^^^^^^^^^^^^^^^^^^^^^^^^^^^^^^^^^^^^^^^^^^^^^^^^^^
  File "/home/morpheus/retraction_watch_plots/gprc6a/gprc6a_ruminant_pipeline.py", line 300, in download_genome
    run_cmd(cmd)
  File "/home/morpheus/retraction_watch_plots/gprc6a/gprc6a_ruminant_pipeline.py", line 114, in run_cmd
    return subprocess.run(
           ^^^^^^^^^^^^^^^
  File "/home/linuxbrew/.linuxbrew/Cellar/python@3.11/3.11.5/lib/python3.11/subprocess.py", line 571, in run
    raise CalledProcessError(retcode, process.args,
subprocess.CalledProcessError: Command '['/usr/local/bin/datasets', 'download', 'genome', 'accession', 'GCA_019923925.1', '--include', 'genome', '--filename', '/home/morpheus/retraction_watch_plots/gprc6a/GPRC6A_Ruminantia/cache/genomes/GCA_019923925.1/GCA_019923925.1.zip', '--no-progressbar']' returned non-zero exit status 1.
2026-08-15 22:15:04,118 INFO [631/672] completed GCA_019923925.1: error
2026-08-15 22:16:35,512 INFO [632/672] completed GCA_003121395.1: ok
2026-08-15 22:18:14,539 INFO [633/672] completed GCF_019923925.1: ok
2026-08-15 22:20:31,931 INFO [634/672] completed GCA_018282465.1: ok
2026-08-15 22:21:56,132 INFO [635/672] completed GCA_018282365.1: ok
2026-08-15 22:23:54,263 INFO [636/672] completed GCA_030254855.1: ok
2026-08-15 22:25:34,343 INFO [637/672] completed GCA_055691405.1: ok
2026-08-15 22:27:36,614 INFO [638/672] completed GCA_055691375.1: ok
2026-08-15 22:28:40,691 INFO [639/672] completed GCA_021328935.1: ok
2026-08-15 22:30:43,460 INFO [640/672] completed GCA_021328945.1: ok
2026-08-15 22:31:41,838 INFO [641/672] completed GCA_000765115.1: ok
2026-08-15 22:33:53,559 INFO [642/672] completed GCF_000765115.1: ok
2026-08-15 22:35:42,406 INFO [643/672] completed GCA_009823495.1: ok
2026-08-15 22:39:15,460 INFO [644/672] completed GCA_000471725.1: ok
2026-08-15 22:42:07,146 INFO [645/672] completed GCA_907165285.1: no_blast_hit
2026-08-15 22:42:47,870 INFO [646/672] completed GCF_000471725.1: ok
2026-08-15 22:47:21,440 INFO [647/672] completed GCA_006461545.1: ok
2026-08-15 22:47:27,244 INFO [648/672] completed GCA_963856025.1: no_blast_hit
2026-08-15 22:50:24,571 INFO [649/672] completed GCA_000298355.1: ok
2026-08-15 22:51:55,536 INFO [650/672] completed GCA_905249985.1: no_blast_hit
2026-08-15 22:53:27,924 INFO [651/672] completed GCF_000298355.1: ok
2026-08-15 22:53:58,991 ERROR Assembly GCF_002102435.1 failed
Traceback (most recent call last):
  File "/home/morpheus/retraction_watch_plots/gprc6a/gprc6a_ruminant_pipeline.py", line 1125, in analyze_assembly
    genome = download_genome(accession, Path(args.outdir)/"cache"/"genomes", args.datasets_exe)
             ^^^^^^^^^^^^^^^^^^^^^^^^^^^^^^^^^^^^^^^^^^^^^^^^^^^^^^^^^^^^^^^^^^^^^^^^^^^^^^^^^^
  File "/home/morpheus/retraction_watch_plots/gprc6a/gprc6a_ruminant_pipeline.py", line 300, in download_genome
    run_cmd(cmd)
  File "/home/morpheus/retraction_watch_plots/gprc6a/gprc6a_ruminant_pipeline.py", line 114, in run_cmd
    return subprocess.run(
           ^^^^^^^^^^^^^^^
  File "/home/linuxbrew/.linuxbrew/Cellar/python@3.11/3.11.5/lib/python3.11/subprocess.py", line 571, in run
    raise CalledProcessError(retcode, process.args,
subprocess.CalledProcessError: Command '['/usr/local/bin/datasets', 'download', 'genome', 'accession', 'GCF_002102435.1', '--include', 'genome', '--filename', '/home/morpheus/retraction_watch_plots/gprc6a/GPRC6A_Ruminantia/cache/genomes/GCF_002102435.1/GCF_002102435.1.zip', '--no-progressbar']' returned non-zero exit status 1.
2026-08-15 22:53:58,992 INFO [652/672] completed GCF_002102435.1: error
2026-08-15 22:54:38,223 INFO [653/672] completed GCA_002102435.1: ok
2026-08-15 22:57:46,578 INFO [654/672] completed GCA_000400835.1: ok
2026-08-15 23:00:24,640 INFO [655/672] completed GCA_000751575.1: ok
2026-08-15 23:01:09,658 INFO [656/672] completed GCF_000400835.1: ok
2026-08-15 23:03:32,128 INFO [657/672] completed GCA_016433095.1: ok
2026-08-15 23:03:36,500 INFO [658/672] completed GCA_905120135.1: no_blast_hit
2026-08-15 23:04:11,218 INFO [659/672] completed GCA_002201775.1: ok
2026-08-15 23:04:15,605 INFO [660/672] completed GCA_905120125.1: no_blast_hit
2026-08-15 23:04:29,612 INFO [661/672] completed GCA_042859625.1: no_blast_hit
2026-08-15 23:05:25,543 ERROR Assembly GCA_040836155.1 failed
Traceback (most recent call last):
  File "/home/morpheus/retraction_watch_plots/gprc6a/gprc6a_ruminant_pipeline.py", line 1125, in analyze_assembly
    genome = download_genome(accession, Path(args.outdir)/"cache"/"genomes", args.datasets_exe)
             ^^^^^^^^^^^^^^^^^^^^^^^^^^^^^^^^^^^^^^^^^^^^^^^^^^^^^^^^^^^^^^^^^^^^^^^^^^^^^^^^^^
  File "/home/morpheus/retraction_watch_plots/gprc6a/gprc6a_ruminant_pipeline.py", line 300, in download_genome
    run_cmd(cmd)
  File "/home/morpheus/retraction_watch_plots/gprc6a/gprc6a_ruminant_pipeline.py", line 114, in run_cmd
    return subprocess.run(
           ^^^^^^^^^^^^^^^
  File "/home/linuxbrew/.linuxbrew/Cellar/python@3.11/3.11.5/lib/python3.11/subprocess.py", line 571, in run
    raise CalledProcessError(retcode, process.args,
subprocess.CalledProcessError: Command '['/usr/local/bin/datasets', 'download', 'genome', 'accession', 'GCA_040836155.1', '--include', 'genome', '--filename', '/home/morpheus/retraction_watch_plots/gprc6a/GPRC6A_Ruminantia/cache/genomes/GCA_040836155.1/GCA_040836155.1.zip', '--no-progressbar']' returned non-zero exit status 1.
2026-08-15 23:05:25,545 INFO [662/672] completed GCA_040836155.1: error
2026-08-15 23:08:24,294 INFO [663/672] completed GCA_041053135.1: ok
2026-08-15 23:09:26,806 INFO [664/672] completed GCA_006411015.1: ok
2026-08-15 23:09:35,339 INFO [665/672] completed GCA_056775595.1: no_blast_hit
2026-08-15 23:11:34,074 INFO [666/672] completed GCA_041920685.1: ok
2026-08-15 23:11:41,387 INFO [667/672] completed GCA_018357025.1: no_blast_hit
2026-08-15 23:11:54,780 INFO [668/672] completed GCA_000191625.1: no_blast_hit
2026-08-15 23:12:04,039 INFO [669/672] completed GCA_000191605.1: no_blast_hit
2026-08-15 23:12:13,111 INFO [670/672] completed GCA_030378505.1: no_blast_hit
2026-08-15 23:12:20,635 INFO [671/672] completed GCA_030512445.1: no_blast_hit
2026-08-15 23:12:33,908 INFO [672/672] completed GCA_001039535.1: ok
2026-08-15 23:12:56,920 INFO HTML report: /home/morpheus/retraction_watch_plots/gprc6a/GPRC6A_Ruminantia/report.html
2026-08-15 23:12:56,920 INFO Tables: /home/morpheus/retraction_watch_plots/gprc6a/GPRC6A_Ruminantia/tables
2026-08-16 00:01:50,891 INFO GPRC6A pipeline v1.0.1
2026-08-16 00:01:50,892 WARNING RepeatMasker not found. Repeat family/class annotation will use conservative sequence-composition fallback only.
2026-08-16 00:01:50,895 INFO Reference: 6 exons, 2787 nt, 929 codons, terminal AA=*
2026-08-16 00:01:50,918 INFO Targets in this run: 672 accessions, 110 species keys
2026-08-16 00:01:50,940 INFO [1/672] completed GCA_054371585.1: ok
2026-08-16 00:01:50,943 INFO [2/672] completed GCF_054371585.1: ok
2026-08-16 00:01:50,946 INFO [3/672] completed GCA_019923935.1: ok
2026-08-16 00:01:50,949 INFO [4/672] completed GCA_056247825.1: ok
2026-08-16 00:01:50,952 INFO [5/672] completed GCF_019923935.1: ok
2026-08-16 00:01:50,955 INFO [6/672] completed GCA_055505025.1: ok
2026-08-16 00:01:50,958 INFO [7/672] completed GCF_055505025.1: ok
2026-08-16 00:01:50,961 INFO [8/672] completed GCA_002263795.4: ok
2026-08-16 00:01:50,965 INFO [9/672] completed GCF_002263795.3: ok
2026-08-16 00:01:50,967 INFO [10/672] completed GCA_016772045.2: ok
2026-08-16 00:01:50,974 INFO [11/672] completed GCF_016772045.2: ok
2026-08-16 00:01:50,974 INFO [12/672] completed GCA_001704415.2: ok
2026-08-16 00:01:50,980 INFO Retrying GCF_029378745.1 because existing analysis.json has status=error
2026-08-16 00:01:50,980 INFO [13/672] completed GCF_001704415.2: ok
2026-08-16 00:01:50,980 INFO Retrying GCA_040085125.1 because existing analysis.json has status=error
2026-08-16 00:01:50,981 INFO [14/672] completed GCA_029378745.1: ok
2026-08-16 00:01:50,989 INFO Downloading GCA_040085125.1 with NCBI datasets (attempt 1/4)
2026-08-16 00:01:51,011 INFO Downloading GCF_029378745.1 with NCBI datasets (attempt 1/4)
2026-08-16 00:06:53,803 INFO [15/672] completed GCA_040085125.1: ok
2026-08-16 00:06:53,803 INFO Retrying GCA_003369685.2 because existing analysis.json has status=error
2026-08-16 00:06:53,816 INFO Downloading GCA_003369685.2 with NCBI datasets (attempt 1/4)
2026-08-16 00:06:57,501 INFO [16/672] completed GCF_029378745.1: ok
2026-08-16 00:06:57,504 INFO [17/672] completed GCA_949782905.1: ok
2026-08-16 00:06:57,504 INFO Retrying GCA_043643345.1 because existing analysis.json has status=error
2026-08-16 00:06:57,540 INFO Downloading GCA_043643345.1 with NCBI datasets (attempt 1/4)
2026-08-16 00:11:19,696 INFO [18/672] completed GCA_003369685.2: ok
2026-08-16 00:11:19,696 INFO Retrying GCA_027580195.2 because existing analysis.json has status=error
2026-08-16 00:11:19,705 INFO Downloading GCA_027580195.2 with NCBI datasets (attempt 1/4)
2026-08-16 00:11:26,952 INFO [19/672] completed GCA_043643345.1: ok
2026-08-16 00:11:26,954 INFO [20/672] completed GCF_027580195.1: ok
2026-08-16 00:11:26,957 INFO [21/672] completed GCA_963930625.2: ok
2026-08-16 00:11:26,959 INFO [22/672] completed GCA_910594005.1: ok
2026-08-16 00:11:26,961 INFO [23/672] completed GCF_910594005.1: ok
2026-08-16 00:11:26,963 INFO [24/672] completed GCA_910594005.2: ok
2026-08-16 00:11:26,965 INFO [25/672] completed GCA_963930625.1: ok
2026-08-16 00:11:26,968 INFO [26/672] completed GCF_963930625.1: ok
2026-08-16 00:11:26,968 INFO Retrying GCA_023699985.4 because existing analysis.json has status=error
2026-08-16 00:11:26,977 INFO Downloading GCA_023699985.4 with NCBI datasets (attempt 1/4)
2026-08-16 00:16:10,859 INFO [27/672] completed GCA_023699985.4: ok
2026-08-16 00:16:10,861 INFO [28/672] completed GCF_023699985.2: ok
2026-08-16 00:16:10,864 INFO [29/672] completed GCA_028583565.1: ok
2026-08-16 00:16:10,866 INFO [30/672] completed GCA_042477335.2: ok
2026-08-16 00:16:10,868 INFO [31/672] completed GCF_042477335.2: ok
2026-08-16 00:16:10,869 INFO [32/672] completed GCA_020976825.1: ok
2026-08-16 00:16:10,871 INFO [33/672] completed GCA_029407905.2: ok
2026-08-16 00:16:10,871 INFO Retrying GCF_029407905.1 because existing analysis.json has status=error
2026-08-16 00:16:10,939 INFO Downloading GCF_029407905.1 with NCBI datasets (attempt 1/4)
2026-08-16 00:16:14,967 INFO [34/672] completed GCA_027580195.2: ok
2026-08-16 00:16:14,968 INFO Retrying GCA_014182915.2 because existing analysis.json has status=error
2026-08-16 00:16:15,013 INFO Downloading GCA_014182915.2 with NCBI datasets (attempt 1/4)
2026-08-16 00:17:19,765 WARNING NCBI datasets download failed for GCF_029407905.1 on attempt 1/4: datasets exit=1; stderr=New version of client (18.35.0) available at https://ftp.ncbi.nlm.nih.gov/pub/datasets/command-line/LATEST/linux-amd64/datasets.
Error: Download error: stream error: stream ID 5; INTERNAL_ERROR; received from peer

Use datasets download genome accession <command> --help for detailed help about a command.; stdout=<empty>
2026-08-16 00:17:19,895 INFO Retrying GCF_029407905.1 in 15 s
2026-08-16 00:17:34,896 INFO Downloading GCF_029407905.1 with NCBI datasets (attempt 2/4)
2026-08-16 00:19:36,576 INFO [35/672] completed GCA_014182915.2: ok
2026-08-16 00:19:36,579 INFO [36/672] completed GCA_000978405.1: ok
2026-08-16 00:19:36,581 INFO [37/672] completed GCA_009493645.1: ok
2026-08-16 00:19:36,583 INFO [38/672] completed GCA_040182635.1: ok
2026-08-16 00:19:36,585 INFO [39/672] completed GCA_044231825.1: ok
2026-08-16 00:19:36,588 INFO [40/672] completed GCA_033118175.2: ok
2026-08-16 00:19:36,590 INFO [41/672] completed GCF_033118175.1: ok
2026-08-16 00:19:36,593 INFO [42/672] completed GCA_054883215.1: ok
2026-08-16 00:19:36,595 INFO [43/672] completed GCA_032452875.1: ok
2026-08-16 00:19:36,595 INFO Retrying GCF_032452875.1 because existing analysis.json has status=error
2026-08-16 00:19:36,596 INFO Downloading GCF_032452875.1 with NCBI datasets (attempt 1/4)
2026-08-16 00:21:20,297 INFO [44/672] completed GCF_029407905.1: ok
2026-08-16 00:21:20,299 INFO [45/672] completed GCA_014523465.1: ok
2026-08-16 00:21:20,301 INFO [46/672] completed GCA_019320065.1: ok
2026-08-16 00:21:20,303 INFO [47/672] completed GCF_019320065.1: ok
2026-08-16 00:21:20,306 INFO [48/672] completed GCA_023701675.1: ok
2026-08-16 00:21:20,308 INFO [49/672] completed GCA_963981305.1: ok
2026-08-16 00:21:20,310 INFO [50/672] completed GCA_023091745.2: ok
2026-08-16 00:21:20,312 INFO [51/672] completed GCF_023091745.1: ok
2026-08-16 00:21:20,315 INFO [52/672] completed GCA_046563475.2: ok
2026-08-16 00:21:20,315 INFO Retrying GCA_039877825.1 because existing analysis.json has status=error
2026-08-16 00:21:20,372 INFO Downloading GCA_039877825.1 with NCBI datasets (attempt 1/4)
2026-08-16 00:23:23,734 INFO [53/672] completed GCF_032452875.1: ok
2026-08-16 00:23:23,736 INFO [54/672] completed GCA_008782695.1: ok
2026-08-16 00:23:23,738 INFO [55/672] completed GCA_054824845.1: ok
2026-08-16 00:23:23,740 INFO [56/672] completed GCA_032405125.2: ok
2026-08-16 00:23:23,743 INFO [57/672] completed GCF_032405125.1: ok
2026-08-16 00:23:23,745 INFO [58/672] completed GCA_054855995.1: ok
2026-08-16 00:23:23,747 INFO [59/672] completed GCA_024291935.2: ok
2026-08-16 00:23:23,749 INFO [60/672] completed GCA_054642885.1: ok
2026-08-16 00:23:23,751 INFO [61/672] completed GCA_010411085.1: ok
2026-08-16 00:23:23,752 INFO Retrying GCA_946052875.1 because existing analysis.json has status=error
2026-08-16 00:23:23,821 INFO Downloading GCA_946052875.1 with NCBI datasets (attempt 1/4)
2026-08-16 00:25:11,270 INFO [62/672] completed GCA_039877825.1: ok
2026-08-16 00:25:11,273 INFO [63/672] completed GCA_054099735.1: ok
2026-08-16 00:25:11,275 INFO [64/672] completed GCA_020276665.1: ok
2026-08-16 00:25:11,275 INFO Retrying GCA_017591445.1 because existing analysis.json has status=error
2026-08-16 00:25:11,302 INFO Downloading GCA_017591445.1 with NCBI datasets (attempt 1/4)
2026-08-16 00:26:43,817 INFO [65/672] completed GCA_946052875.1: ok
2026-08-16 00:26:43,817 INFO Retrying GCA_022376915.1 because existing analysis.json has status=error
2026-08-16 00:26:43,826 INFO Downloading GCA_022376915.1 with NCBI datasets (attempt 1/4)
2026-08-16 00:27:25,467 WARNING NCBI datasets download failed for GCA_022376915.1 on attempt 1/4: datasets exit=1; stderr=New version of client (18.35.0) available at https://ftp.ncbi.nlm.nih.gov/pub/datasets/command-line/LATEST/linux-amd64/datasets.
Error: Download error: stream error: stream ID 5; INTERNAL_ERROR; received from peer

Use datasets download genome accession <command> --help for detailed help about a command.; stdout=<empty>
2026-08-16 00:27:25,571 INFO Retrying GCA_022376915.1 in 15 s
2026-08-16 00:27:40,572 INFO Downloading GCA_022376915.1 with NCBI datasets (attempt 2/4)
2026-08-16 00:28:34,300 INFO [66/672] completed GCA_017591445.1: ok
2026-08-16 00:28:34,301 INFO Retrying GCF_022376915.1 because existing analysis.json has status=error
2026-08-16 00:28:34,360 INFO Downloading GCF_022376915.1 with NCBI datasets (attempt 1/4)
2026-08-16 00:30:55,326 INFO [67/672] completed GCA_022376915.1: ok
2026-08-16 00:30:55,329 INFO [68/672] completed GCA_000754665.1: ok
2026-08-16 00:30:55,331 INFO [69/672] completed GCF_000754665.1: ok
2026-08-16 00:30:55,333 INFO [70/672] completed GCA_963879515.1: ok
2026-08-16 00:30:55,333 INFO Retrying GCA_059051365.1 because existing analysis.json has status=error
2026-08-16 00:30:55,364 INFO Downloading GCA_059051365.1 with NCBI datasets (attempt 1/4)
2026-08-16 00:31:45,883 INFO [71/672] completed GCF_022376915.1: ok
2026-08-16 00:31:45,886 INFO [72/672] completed GCA_951849835.1: ok
2026-08-16 00:31:45,886 INFO Retrying GCA_041156055.1 because existing analysis.json has status=error
2026-08-16 00:31:45,949 INFO Downloading GCA_041156055.1 with NCBI datasets (attempt 1/4)
2026-08-16 00:34:08,152 INFO [73/672] completed GCA_059051365.1: ok
2026-08-16 00:34:08,154 INFO [74/672] completed GCA_021018665.1: ok
2026-08-16 00:34:08,156 INFO [75/672] completed GCA_053525375.1: ok
2026-08-16 00:34:08,159 INFO [76/672] completed GCA_051176615.2: ok
2026-08-16 00:34:08,161 INFO [77/672] completed GCA_003182615.2: ok
2026-08-16 00:34:08,161 INFO Retrying GCA_012922965.1 because existing analysis.json has status=error
2026-08-16 00:34:08,180 INFO Downloading GCA_012922965.1 with NCBI datasets (attempt 1/4)
2026-08-16 00:34:44,786 INFO [78/672] completed GCA_041156055.1: ok
2026-08-16 00:34:44,787 INFO [79/672] completed GCA_004024705.2: ok
2026-08-16 00:34:44,789 INFO [80/672] completed GCA_902825105.1: ok
2026-08-16 00:34:44,791 INFO [81/672] completed GCA_004024965.2: ok
2026-08-16 00:34:44,793 INFO [82/672] completed GCA_003182575.1: ok
2026-08-16 00:34:44,795 INFO [83/672] completed GCA_917880005.1: ok
2026-08-16 00:34:44,797 INFO [84/672] completed GCA_059698765.1: ok
2026-08-16 00:34:44,799 INFO [85/672] completed GCA_014754425.2: ok
2026-08-16 00:34:44,800 INFO Retrying GCF_014754425.2 because existing analysis.json has status=error
2026-08-16 00:34:44,851 INFO Downloading GCF_014754425.2 with NCBI datasets (attempt 1/4)
2026-08-16 00:37:45,447 INFO [86/672] completed GCA_012922965.1: ok
2026-08-16 00:37:45,447 INFO Retrying GCA_050436925.1 because existing analysis.json has status=error
2026-08-16 00:37:45,448 INFO Downloading GCA_050436925.1 with NCBI datasets (attempt 1/4)
2026-08-16 00:37:53,027 WARNING NCBI datasets download failed for GCA_050436925.1 on attempt 1/4: datasets exit=1; stderr=New version of client (18.35.0) available at https://ftp.ncbi.nlm.nih.gov/pub/datasets/command-line/LATEST/linux-amd64/datasets.
Error: Download error: stream error: stream ID 5; INTERNAL_ERROR; received from peer

Use datasets download genome accession <command> --help for detailed help about a command.; stdout=<empty>
2026-08-16 00:37:53,039 INFO Retrying GCA_050436925.1 in 15 s
2026-08-16 00:38:08,039 INFO Downloading GCA_050436925.1 with NCBI datasets (attempt 2/4)
2026-08-16 00:38:13,569 INFO [87/672] completed GCF_014754425.2: ok
2026-08-16 00:38:13,569 INFO Retrying GCA_006408695.1 because existing analysis.json has status=error
2026-08-16 00:38:13,570 INFO Downloading GCA_006408695.1 with NCBI datasets (attempt 1/4)
2026-08-16 00:39:31,096 WARNING NCBI datasets download failed for GCA_006408695.1 on attempt 1/4: datasets exit=1; stderr=New version of client (18.35.0) available at https://ftp.ncbi.nlm.nih.gov/pub/datasets/command-line/LATEST/linux-amd64/datasets.
Error: Download error: stream error: stream ID 5; INTERNAL_ERROR; received from peer

Use datasets download genome accession <command> --help for detailed help about a command.; stdout=<empty>
2026-08-16 00:39:31,250 INFO Retrying GCA_006408695.1 in 15 s
2026-08-16 00:39:46,250 INFO Downloading GCA_006408695.1 with NCBI datasets (attempt 2/4)
2026-08-16 00:41:17,364 INFO [88/672] completed GCA_050436925.1: ok
2026-08-16 00:41:17,366 INFO [89/672] completed GCA_004027495.1: ok
2026-08-16 00:41:17,368 INFO [90/672] completed GCA_038501445.1: ok
2026-08-16 00:41:17,370 INFO [91/672] completed GCA_025584935.1: ok
2026-08-16 00:41:17,372 INFO [92/672] completed GCA_006410515.1: ok
2026-08-16 00:41:17,373 INFO [93/672] completed GCA_038502695.1: ok
2026-08-16 00:41:17,375 INFO [94/672] completed GCA_004024985.1: ok
2026-08-16 00:41:17,377 INFO [95/672] completed GCA_935064755.1: ok
2026-08-16 00:41:17,379 INFO [96/672] completed GCA_014926565.1: ok
2026-08-16 00:41:17,381 INFO [97/672] completed GCA_006942125.1: ok
2026-08-16 00:41:17,382 INFO [98/672] completed GCA_022376925.1: ok
2026-08-16 00:41:17,385 INFO [99/672] completed GCA_020226025.1: ok
2026-08-16 00:41:17,387 INFO [100/672] completed GCA_903231385.1: ok
2026-08-16 00:41:17,389 INFO [101/672] completed GCA_006408755.1: ok
2026-08-16 00:41:17,391 INFO [102/672] completed GCA_006408615.1: ok
2026-08-16 00:41:17,391 INFO Retrying GCA_004026825.1 because existing analysis.json has status=error
2026-08-16 00:41:17,394 INFO Downloading GCA_004026825.1 with NCBI datasets (attempt 1/4)
2026-08-16 00:42:54,504 INFO [103/672] completed GCA_006408695.1: ok
2026-08-16 00:42:54,504 INFO Retrying GCA_006410535.1 because existing analysis.json has status=error
2026-08-16 00:42:54,506 INFO Downloading GCA_006410535.1 with NCBI datasets (attempt 1/4)
2026-08-16 00:44:54,214 INFO [104/672] completed GCA_004026825.1: ok
2026-08-16 00:44:54,216 INFO [105/672] completed GCA_006410635.1: ok
2026-08-16 00:44:54,219 INFO [106/672] completed GCA_006410615.1: ok
2026-08-16 00:44:54,219 INFO Retrying GCA_006408585.1 because existing analysis.json has status=error
2026-08-16 00:44:54,229 INFO Downloading GCA_006408585.1 with NCBI datasets (attempt 1/4)
2026-08-16 00:46:19,886 INFO [107/672] completed GCA_006410535.1: ok
2026-08-16 00:46:19,888 INFO [108/672] completed GCA_006410675.1: ok
2026-08-16 00:46:19,890 INFO [109/672] completed GCA_006410935.1: ok
2026-08-16 00:46:19,893 INFO [110/672] completed GCA_006408505.1: ok
2026-08-16 00:46:19,894 INFO [111/672] completed GCA_006410795.1: ok
2026-08-16 00:46:19,896 INFO [112/672] completed GCA_006410875.1: ok
2026-08-16 00:46:19,898 INFO [113/672] completed GCA_006410495.1: ok
2026-08-16 00:46:19,899 INFO [114/672] completed GCA_006408675.1: ok
2026-08-16 00:46:19,901 INFO [115/672] completed GCA_006410655.1: ok
2026-08-16 00:46:19,903 INFO [116/672] completed GCA_006410735.1: ok
2026-08-16 00:46:19,905 INFO [117/672] completed GCA_009758055.1: ok
2026-08-16 00:46:19,908 INFO [118/672] completed GCA_003945745.1: ok
2026-08-16 00:46:19,910 INFO [119/672] completed GCA_006410775.1: ok
2026-08-16 00:46:19,910 INFO Retrying GCA_006410695.1 because existing analysis.json has status=error
2026-08-16 00:46:19,916 INFO Downloading GCA_006410695.1 with NCBI datasets (attempt 1/4)
2026-08-16 00:48:15,455 INFO [120/672] completed GCA_006408585.1: ok
2026-08-16 00:48:15,456 INFO Retrying GCA_006408735.1 because existing analysis.json has status=error
2026-08-16 00:48:15,482 INFO Downloading GCA_006408735.1 with NCBI datasets (attempt 1/4)
2026-08-16 00:49:30,389 INFO [121/672] completed GCA_006410695.1: ok
2026-08-16 00:49:30,395 INFO [122/672] completed GCA_006408635.1: ok
2026-08-16 00:49:30,397 INFO [123/672] completed GCA_006461725.1: ok
2026-08-16 00:49:30,399 INFO [124/672] completed GCA_006411685.1: ok
2026-08-16 00:49:30,401 INFO [125/672] completed GCA_006416875.1: ok
2026-08-16 00:49:30,402 INFO [126/672] completed GCA_006417275.1: ok
2026-08-16 00:49:30,403 INFO [127/672] completed GCA_006408545.1: ok
2026-08-16 00:49:30,406 INFO [128/672] completed GCA_059336145.1: ok
2026-08-16 00:49:30,409 INFO [129/672] completed GCA_057332215.1: ok
2026-08-16 00:49:30,412 INFO [130/672] completed GCA_040805955.1: ok
2026-08-16 00:49:30,415 INFO [131/672] completed GCA_057332225.1: ok
2026-08-16 00:49:30,418 INFO [132/672] completed GCA_040806595.1: ok
2026-08-16 00:49:30,421 INFO [133/672] completed GCA_041735815.1: ok
2026-08-16 00:49:30,424 INFO [134/672] completed GCA_054371615.1: ok
2026-08-16 00:49:30,425 INFO Retrying GCA_051106085.1 because existing analysis.json has status=error
2026-08-16 00:49:30,501 INFO Downloading GCA_051106085.1 with NCBI datasets (attempt 1/4)
2026-08-16 00:51:41,396 INFO [135/672] completed GCA_006408735.1: ok
2026-08-16 00:51:41,397 INFO Retrying GCA_041121725.1 because existing analysis.json has status=error
2026-08-16 00:51:41,456 INFO Downloading GCA_041121725.1 with NCBI datasets (attempt 1/4)
2026-08-16 00:52:37,296 WARNING NCBI datasets download failed for GCA_041121725.1 on attempt 1/4: datasets exit=1; stderr=New version of client (18.35.0) available at https://ftp.ncbi.nlm.nih.gov/pub/datasets/command-line/LATEST/linux-amd64/datasets.
Error: Download error: stream error: stream ID 5; INTERNAL_ERROR; received from peer

Use datasets download genome accession <command> --help for detailed help about a command.; stdout=<empty>
2026-08-16 00:52:37,427 INFO Retrying GCA_041121725.1 in 15 s
2026-08-16 00:52:43,244 INFO [136/672] completed GCA_051106085.1: ok
2026-08-16 00:52:43,246 INFO [137/672] completed GCA_040970035.1: ok
2026-08-16 00:52:43,248 INFO [138/672] completed GCA_041736475.1: ok
2026-08-16 00:52:43,250 INFO [139/672] completed GCA_040822015.1: ok
2026-08-16 00:52:43,252 INFO [140/672] completed GCA_002968435.1: ok
2026-08-16 00:52:43,252 INFO Retrying GCA_023701655.1 because existing analysis.json has status=error
2026-08-16 00:52:43,282 INFO Downloading GCA_023701655.1 with NCBI datasets (attempt 1/4)
2026-08-16 00:52:52,427 INFO Downloading GCA_041121725.1 with NCBI datasets (attempt 2/4)
2026-08-16 00:53:06,237 WARNING NCBI datasets download failed for GCA_041121725.1 on attempt 2/4: datasets exit=1; stderr=New version of client (18.35.0) available at https://ftp.ncbi.nlm.nih.gov/pub/datasets/command-line/LATEST/linux-amd64/datasets.
Error: Download error: stream error: stream ID 5; INTERNAL_ERROR; received from peer

Use datasets download genome accession <command> --help for detailed help about a command.; stdout=<empty>
2026-08-16 00:53:06,263 INFO Retrying GCA_041121725.1 in 30 s
2026-08-16 00:53:36,263 INFO Downloading GCA_041121725.1 with NCBI datasets (attempt 3/4)
2026-08-16 00:55:54,840 INFO [141/672] completed GCA_023701655.1: ok
2026-08-16 00:55:54,842 INFO [142/672] completed GCA_054371575.1: ok
2026-08-16 00:55:54,844 INFO [143/672] completed GCA_054371825.1: ok
2026-08-16 00:55:54,846 INFO [144/672] completed GCA_040286185.1: ok
2026-08-16 00:55:54,848 INFO [145/672] completed GCA_043882115.1: ok
2026-08-16 00:55:54,850 INFO [146/672] completed GCA_047652215.1: ok
2026-08-16 00:55:54,852 INFO [147/672] completed GCA_040285425.1: ok
2026-08-16 00:55:54,854 INFO [148/672] completed GCA_963921495.1: ok
2026-08-16 00:55:54,856 INFO [149/672] completed GCA_977970235.1: ok
2026-08-16 00:55:54,858 INFO [150/672] completed GCA_051122635.1: ok
2026-08-16 00:55:54,860 INFO [151/672] completed GCA_059997585.1: ok
2026-08-16 00:55:54,862 INFO [152/672] completed GCA_977927255.1: ok
2026-08-16 00:55:54,864 INFO [153/672] completed GCA_947034695.1: ok
2026-08-16 00:55:54,867 INFO [154/672] completed GCA_977927265.1: ok
2026-08-16 00:55:54,869 INFO [155/672] completed GCA_977927225.1: ok
2026-08-16 00:55:54,871 INFO [156/672] completed GCA_977927285.1: ok
2026-08-16 00:55:54,873 INFO [157/672] completed GCA_977927245.1: ok
2026-08-16 00:55:54,875 INFO [158/672] completed GCA_028973685.2: ok
2026-08-16 00:55:54,877 INFO [159/672] completed GCA_021234555.1: ok
2026-08-16 00:55:54,879 INFO [160/672] completed GCA_039881175.1: ok
2026-08-16 00:55:54,882 INFO [161/672] completed GCA_034097375.1: ok
2026-08-16 00:55:54,884 INFO [162/672] completed GCA_905123885.1: ok
2026-08-16 00:55:54,886 INFO [163/672] completed GCA_905123515.1: ok
2026-08-16 00:55:54,888 INFO [164/672] completed GCA_021347905.1: ok
2026-08-16 00:55:54,890 INFO [165/672] completed GCA_033439445.1: ok
2026-08-16 00:55:54,891 INFO Retrying GCA_022416915.1 because existing analysis.json has status=error
2026-08-16 00:55:54,909 INFO Downloading GCA_022416915.1 with NCBI datasets (attempt 1/4)
2026-08-16 00:56:48,385 INFO [166/672] completed GCA_041121725.1: ok
2026-08-16 00:56:48,388 INFO [167/672] completed GCA_018804185.1: ok
2026-08-16 00:56:48,390 INFO [168/672] completed GCA_040543055.1: ok
2026-08-16 00:56:48,392 INFO [169/672] completed GCA_022432835.1: ok
2026-08-16 00:56:48,394 INFO [170/672] completed GCA_022416755.1: ok
2026-08-16 00:56:48,396 INFO [171/672] completed GCA_022416685.1: ok
2026-08-16 00:56:48,398 INFO [172/672] completed GCA_017524585.1: ok
2026-08-16 00:56:48,400 INFO [173/672] completed GCA_024222265.1: ok
2026-08-16 00:56:48,402 INFO [174/672] completed GCA_022432845.1: ok
2026-08-16 00:56:48,403 INFO Retrying GCA_019145175.1 because existing analysis.json has status=error
2026-08-16 00:56:48,476 INFO Downloading GCA_019145175.1 with NCBI datasets (attempt 1/4)
2026-08-16 01:00:48,618 INFO [175/672] completed GCA_022416915.1: ok
2026-08-16 01:00:48,621 INFO [176/672] completed GCA_022416785.1: ok
2026-08-16 01:00:48,621 INFO Retrying GCA_050916685.1 because existing analysis.json has status=error
2026-08-16 01:00:48,623 INFO Downloading GCA_050916685.1 with NCBI datasets (attempt 1/4)
2026-08-16 01:01:08,692 INFO [177/672] completed GCA_019145175.1: ok
2026-08-16 01:01:08,695 INFO [178/672] completed GCA_022538005.1: ok
2026-08-16 01:01:08,697 INFO [179/672] completed GCA_022416745.1: ok
2026-08-16 01:01:08,699 INFO [180/672] completed GCA_022416725.1: ok
2026-08-16 01:01:08,701 INFO [181/672] completed GCA_022244705.1: ok
2026-08-16 01:01:08,701 INFO Retrying GCA_022244695.1 because existing analysis.json has status=error
2026-08-16 01:01:08,761 INFO Downloading GCA_022244695.1 with NCBI datasets (attempt 1/4)
2026-08-16 01:05:04,834 INFO [182/672] completed GCA_022244695.1: ok
2026-08-16 01:05:04,834 INFO Retrying GCA_022432825.1 because existing analysis.json has status=error
2026-08-16 01:05:04,906 INFO Downloading GCA_022432825.1 with NCBI datasets (attempt 1/4)
2026-08-16 01:05:26,649 INFO [183/672] completed GCA_050916685.1: ok
2026-08-16 01:05:26,651 INFO [184/672] completed GCA_022416775.1: ok
2026-08-16 01:05:26,653 INFO [185/672] completed GCA_024222175.1: ok
2026-08-16 01:05:26,655 INFO [186/672] completed GCA_040259355.1: ok
2026-08-16 01:05:26,657 INFO [187/672] completed GCA_022416695.1: ok
2026-08-16 01:05:26,660 INFO [188/672] completed GCA_011170295.1: ok
2026-08-16 01:05:26,662 INFO [189/672] completed GCA_057428545.1: ok
2026-08-16 01:05:26,664 INFO [190/672] completed GCA_057428595.1: ok
2026-08-16 01:05:26,664 INFO Retrying GCA_046464075.1 because existing analysis.json has status=error
2026-08-16 01:05:26,689 INFO Downloading GCA_046464075.1 with NCBI datasets (attempt 1/4)
2026-08-16 01:09:19,322 INFO [191/672] completed GCA_022432825.1: ok
2026-08-16 01:09:19,322 INFO Retrying GCA_047671635.1 because existing analysis.json has status=error
2026-08-16 01:09:19,354 INFO Downloading GCA_047671635.1 with NCBI datasets (attempt 1/4)
2026-08-16 01:09:42,164 INFO [192/672] completed GCA_046464075.1: ok
2026-08-16 01:09:42,167 INFO [193/672] completed GCA_049004455.1: ok
2026-08-16 01:09:42,169 INFO [194/672] completed GCA_049004405.1: ok
2026-08-16 01:09:42,171 INFO [195/672] completed GCA_044509215.1: ok
2026-08-16 01:09:42,173 INFO [196/672] completed GCA_059055555.1: ok
2026-08-16 01:09:42,175 INFO [197/672] completed GCA_059055625.1: ok
2026-08-16 01:09:42,177 INFO [198/672] completed GCA_057557635.1: ok
2026-08-16 01:09:42,179 INFO [199/672] completed GCA_057556445.1: ok
2026-08-16 01:09:42,181 INFO [200/672] completed GCA_044588015.1: ok
2026-08-16 01:09:42,184 INFO [201/672] completed GCA_044587935.1: ok
2026-08-16 01:09:42,186 INFO [202/672] completed GCA_044587945.1: ok
2026-08-16 01:09:42,188 INFO [203/672] completed GCA_049004675.1: ok
2026-08-16 01:09:42,190 INFO [204/672] completed GCA_049004595.1: ok
2026-08-16 01:09:42,193 INFO [205/672] completed GCA_015443085.1: ok
2026-08-16 01:09:42,195 INFO [206/672] completed GCA_048594055.1: ok
2026-08-16 01:09:42,197 INFO [207/672] completed GCA_026652205.1: ok
2026-08-16 01:09:42,199 INFO [208/672] completed GCA_042835985.1: ok
2026-08-16 01:09:42,201 INFO [209/672] completed GCA_048593975.1: ok
2026-08-16 01:09:42,203 INFO [210/672] completed GCA_044587905.1: ok
2026-08-16 01:09:42,206 INFO [211/672] completed GCA_047671655.1: ok
2026-08-16 01:09:42,208 INFO [212/672] completed GCA_048598825.1: ok
2026-08-16 01:09:42,210 INFO [213/672] completed GCA_048598065.1: ok
2026-08-16 01:09:42,212 INFO [214/672] completed GCA_048598025.1: ok
2026-08-16 01:09:42,212 INFO Retrying GCA_048598055.1 because existing analysis.json has status=error
2026-08-16 01:09:42,240 INFO Downloading GCA_048598055.1 with NCBI datasets (attempt 1/4)
2026-08-16 01:10:16,983 WARNING NCBI datasets download failed for GCA_048598055.1 on attempt 1/4: datasets exit=1; stderr=New version of client (18.35.0) available at https://ftp.ncbi.nlm.nih.gov/pub/datasets/command-line/LATEST/linux-amd64/datasets.
Error: Download error: stream error: stream ID 5; INTERNAL_ERROR; received from peer

Use datasets download genome accession <command> --help for detailed help about a command.; stdout=<empty>
2026-08-16 01:10:17,072 INFO Retrying GCA_048598055.1 in 15 s
2026-08-16 01:10:32,073 INFO Downloading GCA_048598055.1 with NCBI datasets (attempt 2/4)
2026-08-16 01:13:14,351 INFO [215/672] completed GCA_047671635.1: ok
2026-08-16 01:13:14,354 INFO [216/672] completed GCA_048594065.1: ok
2026-08-16 01:13:14,356 INFO [217/672] completed GCA_048594135.1: ok
2026-08-16 01:13:14,357 INFO Retrying GCA_049004495.1 because existing analysis.json has status=error
2026-08-16 01:13:14,423 INFO Downloading GCA_049004495.1 with NCBI datasets (attempt 1/4)
2026-08-16 01:13:51,917 INFO [218/672] completed GCA_048598055.1: ok
2026-08-16 01:13:51,920 INFO [219/672] completed GCA_049004535.1: ok
2026-08-16 01:13:51,922 INFO [220/672] completed GCA_048594165.1: ok
2026-08-16 01:13:51,924 INFO [221/672] completed GCA_048594125.1: ok
2026-08-16 01:13:51,926 INFO [222/672] completed GCA_000317765.2: ok
2026-08-16 01:13:51,928 INFO [223/672] completed GCA_004361675.1: ok
2026-08-16 01:13:51,930 INFO [224/672] completed GCA_030269505.1: ok
2026-08-16 01:13:51,932 INFO [225/672] completed GCA_030272235.1: ok
2026-08-16 01:13:51,934 INFO [226/672] completed GCA_030272135.1: ok
2026-08-16 01:13:51,936 INFO [227/672] completed GCA_030267375.1: ok
2026-08-16 01:13:51,938 INFO [228/672] completed GCA_030271795.1: ok
2026-08-16 01:13:51,940 INFO [229/672] completed GCA_030269815.1: ok
2026-08-16 01:13:51,941 INFO Retrying GCA_039881165.1 because existing analysis.json has status=error
2026-08-16 01:13:52,009 INFO Downloading GCA_039881165.1 with NCBI datasets (attempt 1/4)
2026-08-16 01:16:39,452 INFO [230/672] completed GCA_049004495.1: ok
2026-08-16 01:16:39,454 INFO [231/672] completed GCA_030271805.1: ok
2026-08-16 01:16:39,456 INFO [232/672] completed GCA_030267355.1: ok
2026-08-16 01:16:39,458 INFO [233/672] completed GCA_029378735.1: ok
2026-08-16 01:16:39,459 INFO Retrying GCA_030267345.1 because existing analysis.json has status=error
2026-08-16 01:16:39,472 INFO Downloading GCA_030267345.1 with NCBI datasets (attempt 1/4)
2026-08-16 01:17:57,342 INFO [234/672] completed GCA_039881165.1: ok
2026-08-16 01:17:57,342 INFO Retrying GCA_030270715.1 because existing analysis.json has status=error
2026-08-16 01:17:57,394 INFO Downloading GCA_030270715.1 with NCBI datasets (attempt 1/4)
2026-08-16 01:19:59,064 INFO [235/672] completed GCA_030267345.1: ok
2026-08-16 01:19:59,066 INFO [236/672] completed GCA_030270685.1: ok
2026-08-16 01:19:59,067 INFO Retrying GCA_030270805.1 because existing analysis.json has status=error
2026-08-16 01:19:59,113 INFO Downloading GCA_030270805.1 with NCBI datasets (attempt 1/4)
2026-08-16 01:21:02,808 INFO [237/672] completed GCA_030270715.1: ok
2026-08-16 01:21:02,810 INFO [238/672] completed GCA_030270705.1: ok
2026-08-16 01:21:02,812 INFO [239/672] completed GCA_030270725.1: ok
2026-08-16 01:21:02,814 INFO [240/672] completed GCA_030272475.1: ok
2026-08-16 01:21:02,816 INFO [241/672] completed GCA_030270825.1: ok
2026-08-16 01:21:02,818 INFO [242/672] completed GCA_030270935.1: ok
2026-08-16 01:21:02,818 INFO Retrying GCA_026262465.1 because existing analysis.json has status=error
2026-08-16 01:21:02,832 INFO Downloading GCA_026262465.1 with NCBI datasets (attempt 1/4)
2026-08-16 01:23:27,826 INFO [243/672] completed GCA_030270805.1: ok
2026-08-16 01:23:27,827 INFO Retrying GCA_030270865.1 because existing analysis.json has status=error
2026-08-16 01:23:27,896 INFO Downloading GCA_030270865.1 with NCBI datasets (attempt 1/4)
2026-08-16 01:24:09,095 INFO [244/672] completed GCA_026262465.1: ok
2026-08-16 01:24:09,097 INFO [245/672] completed GCA_026262545.1: ok
2026-08-16 01:24:09,099 INFO [246/672] completed GCA_026262515.1: ok
2026-08-16 01:24:09,101 INFO [247/672] completed GCA_026262375.1: ok
2026-08-16 01:24:09,103 INFO [248/672] completed GCA_030270995.1: ok
2026-08-16 01:24:09,103 INFO Retrying GCA_030270845.1 because existing analysis.json has status=error
2026-08-16 01:24:09,145 INFO Downloading GCA_030270845.1 with NCBI datasets (attempt 1/4)
2026-08-16 01:26:49,044 INFO [249/672] completed GCA_030270865.1: ok
2026-08-16 01:26:49,044 INFO Retrying GCA_030270855.1 because existing analysis.json has status=error
2026-08-16 01:26:49,100 INFO Downloading GCA_030270855.1 with NCBI datasets (attempt 1/4)
2026-08-16 01:27:20,598 INFO [250/672] completed GCA_030270845.1: ok
2026-08-16 01:27:20,600 INFO [251/672] completed GCA_030272505.1: ok
2026-08-16 01:27:20,603 INFO [252/672] completed GCA_030272495.1: ok
2026-08-16 01:27:20,605 INFO [253/672] completed GCA_030270955.1: ok
2026-08-16 01:27:20,607 INFO [254/672] completed GCA_030270945.1: ok
2026-08-16 01:27:20,609 INFO [255/672] completed GCA_050059765.1: ok
2026-08-16 01:27:20,612 INFO [256/672] completed GCA_027580245.1: ok
2026-08-16 01:27:20,614 INFO [257/672] completed GCA_005887515.3: ok
2026-08-16 01:27:20,616 INFO [258/672] completed GCA_049115385.1: ok
2026-08-16 01:27:20,619 INFO [259/672] completed GCA_038088365.1: ok
2026-08-16 01:27:20,621 INFO [260/672] completed GCA_034195675.1: ok
2026-08-16 01:27:20,624 INFO [261/672] completed GCA_052324755.1: ok
2026-08-16 01:27:20,624 INFO Retrying GCA_054829135.1 because existing analysis.json has status=error
2026-08-16 01:27:20,640 INFO Downloading GCA_054829135.1 with NCBI datasets (attempt 1/4)
2026-08-16 01:28:40,269 WARNING NCBI datasets download failed for GCA_054829135.1 on attempt 1/4: datasets exit=1; stderr=New version of client (18.35.0) available at https://ftp.ncbi.nlm.nih.gov/pub/datasets/command-line/LATEST/linux-amd64/datasets.
Error: Download error: stream error: stream ID 5; INTERNAL_ERROR; received from peer

Use datasets download genome accession <command> --help for detailed help about a command.; stdout=<empty>
2026-08-16 01:28:40,403 INFO Retrying GCA_054829135.1 in 15 s
2026-08-16 01:28:55,403 INFO Downloading GCA_054829135.1 with NCBI datasets (attempt 2/4)
2026-08-16 01:29:47,801 INFO [262/672] completed GCA_030270855.1: ok
2026-08-16 01:29:47,803 INFO [263/672] completed GCA_003369695.2: ok
2026-08-16 01:29:47,805 INFO [264/672] completed GCF_003369695.1: ok
2026-08-16 01:29:47,807 INFO [265/672] completed GCA_019903745.2: ok
2026-08-16 01:29:47,809 INFO [266/672] completed GCA_951394145.2: ok
2026-08-16 01:29:47,811 INFO [267/672] completed GCA_965153185.1: ok
2026-08-16 01:29:47,813 INFO [268/672] completed GCA_910593805.2: ok
2026-08-16 01:29:47,813 INFO Retrying GCA_020226045.1 because existing analysis.json has status=error
2026-08-16 01:29:47,868 INFO Downloading GCA_020226045.1 with NCBI datasets (attempt 1/4)
2026-08-16 01:30:03,269 WARNING NCBI datasets download failed for GCA_020226045.1 on attempt 1/4: datasets exit=1; stderr=New version of client (18.35.0) available at https://ftp.ncbi.nlm.nih.gov/pub/datasets/command-line/LATEST/linux-amd64/datasets.
Error: Download error: stream error: stream ID 5; INTERNAL_ERROR; received from peer

Use datasets download genome accession <command> --help for detailed help about a command.; stdout=<empty>
2026-08-16 01:30:03,307 INFO Retrying GCA_020226045.1 in 15 s
2026-08-16 01:30:18,308 INFO Downloading GCA_020226045.1 with NCBI datasets (attempt 2/4)
2026-08-16 01:32:19,938 INFO [269/672] completed GCA_054829135.1: ok
2026-08-16 01:32:19,941 INFO [270/672] completed GCA_008787405.2: ok
2026-08-16 01:32:19,941 INFO Retrying GCA_002197005.1 because existing analysis.json has status=error
2026-08-16 01:32:19,963 INFO Downloading GCA_002197005.1 with NCBI datasets (attempt 1/4)
2026-08-16 01:32:52,386 WARNING NCBI datasets download failed for GCA_002197005.1 on attempt 1/4: datasets exit=1; stderr=New version of client (18.35.0) available at https://ftp.ncbi.nlm.nih.gov/pub/datasets/command-line/LATEST/linux-amd64/datasets.
Error: Download error: stream error: stream ID 5; INTERNAL_ERROR; received from peer

Use datasets download genome accession <command> --help for detailed help about a command.; stdout=<empty>
2026-08-16 01:32:52,463 INFO Retrying GCA_002197005.1 in 15 s
2026-08-16 01:33:07,463 INFO Downloading GCA_002197005.1 with NCBI datasets (attempt 2/4)
2026-08-16 01:33:12,067 INFO [271/672] completed GCA_020226045.1: ok
2026-08-16 01:33:12,069 INFO [272/672] completed GCA_045269445.1: ok
2026-08-16 01:33:12,071 INFO [273/672] completed GCA_051307275.1: ok
2026-08-16 01:33:12,071 INFO Retrying GCA_009493655.1 because existing analysis.json has status=error
2026-08-16 01:33:12,106 INFO Downloading GCA_009493655.1 with NCBI datasets (attempt 1/4)
2026-08-16 01:33:16,697 WARNING NCBI datasets download failed for GCA_002197005.1 on attempt 2/4: datasets exit=1; stderr=New version of client (18.35.0) available at https://ftp.ncbi.nlm.nih.gov/pub/datasets/command-line/LATEST/linux-amd64/datasets.
Error: Download error: stream error: stream ID 5; INTERNAL_ERROR; received from peer

Use datasets download genome accession <command> --help for detailed help about a command.; stdout=<empty>
2026-08-16 01:33:16,711 INFO Retrying GCA_002197005.1 in 30 s
2026-08-16 01:33:46,711 INFO Downloading GCA_002197005.1 with NCBI datasets (attempt 3/4)
2026-08-16 01:38:15,491 INFO [274/672] completed GCA_009493655.1: ok
2026-08-16 01:38:15,494 INFO [275/672] completed GCA_054883225.1: ok
2026-08-16 01:38:15,496 INFO [276/672] completed GCA_048126745.1: ok
2026-08-16 01:38:15,498 INFO [277/672] completed GCA_048127045.1: ok
2026-08-16 01:38:15,500 INFO [278/672] completed GCA_054824865.1: ok
2026-08-16 01:38:15,503 INFO [279/672] completed GCA_054856215.1: ok
2026-08-16 01:38:15,505 INFO [280/672] completed GCA_020226075.1: ok
2026-08-16 01:38:15,505 INFO Retrying GCA_013496395.1 because existing analysis.json has status=error
2026-08-16 01:38:15,527 INFO Downloading GCA_013496395.1 with NCBI datasets (attempt 1/4)
2026-08-16 01:38:34,540 INFO [281/672] completed GCA_002197005.1: ok
2026-08-16 01:38:34,542 INFO [282/672] completed GCA_040438115.1: ok
2026-08-16 01:38:34,545 INFO [283/672] completed GCA_054099755.1: ok
2026-08-16 01:38:34,547 INFO [284/672] completed GCA_020226055.1: ok
2026-08-16 01:38:34,549 INFO [285/672] completed GCA_057190615.1: ok
2026-08-16 01:38:34,551 INFO [286/672] completed GCA_056162995.1: ok
2026-08-16 01:38:34,553 INFO [287/672] completed GCA_049634565.1: ok
2026-08-16 01:38:34,555 INFO [288/672] completed GCA_049634445.1: ok
2026-08-16 01:38:34,557 INFO [289/672] completed GCA_049634545.1: ok
2026-08-16 01:38:34,559 INFO [290/672] completed GCA_049634675.1: ok
2026-08-16 01:38:34,559 INFO Retrying GCA_976986635.2 because existing analysis.json has status=error
2026-08-16 01:38:34,620 INFO Downloading GCA_976986635.2 with NCBI datasets (attempt 1/4)
2026-08-16 01:41:57,255 INFO [291/672] completed GCA_013496395.1: ok
2026-08-16 01:41:57,255 INFO Retrying GCA_049634715.1 because existing analysis.json has status=error
2026-08-16 01:41:57,325 INFO Downloading GCA_049634715.1 with NCBI datasets (attempt 1/4)
2026-08-16 01:42:27,857 WARNING NCBI datasets download failed for GCA_049634715.1 on attempt 1/4: datasets exit=1; stderr=New version of client (18.35.0) available at https://ftp.ncbi.nlm.nih.gov/pub/datasets/command-line/LATEST/linux-amd64/datasets.
Error: Download error: stream error: stream ID 5; INTERNAL_ERROR; received from peer

Use datasets download genome accession <command> --help for detailed help about a command.; stdout=<empty>
2026-08-16 01:42:27,954 INFO Retrying GCA_049634715.1 in 15 s
2026-08-16 01:42:28,968 INFO [292/672] completed GCA_976986635.2: ok
2026-08-16 01:42:28,970 INFO [293/672] completed GCA_049634505.1: ok
2026-08-16 01:42:28,972 INFO [294/672] completed GCA_976986625.1: ok
2026-08-16 01:42:28,974 INFO [295/672] completed GCA_054825135.1: ok
2026-08-16 01:42:28,976 INFO [296/672] completed GCA_976986615.1: ok
2026-08-16 01:42:28,978 INFO [297/672] completed GCA_965177565.2: ok
2026-08-16 01:42:28,980 INFO [298/672] completed GCA_965154335.2: ok
2026-08-16 01:42:28,982 INFO [299/672] completed GCA_965177495.2: ok
2026-08-16 01:42:28,984 INFO [300/672] completed GCA_965153975.2: ok
2026-08-16 01:42:28,986 INFO [301/672] completed GCA_965154105.2: ok
2026-08-16 01:42:28,988 INFO [302/672] completed GCA_963920245.1: ok
2026-08-16 01:42:28,990 INFO [303/672] completed GCA_965154285.2: ok
2026-08-16 01:42:28,992 INFO [304/672] completed GCA_965154095.2: ok
2026-08-16 01:42:28,993 INFO Retrying GCA_965153745.2 because existing analysis.json has status=error
2026-08-16 01:42:29,013 INFO Downloading GCA_965153745.2 with NCBI datasets (attempt 1/4)
2026-08-16 01:42:42,965 INFO Downloading GCA_049634715.1 with NCBI datasets (attempt 2/4)
2026-08-16 01:43:15,899 WARNING NCBI datasets download failed for GCA_965153745.2 on attempt 1/4: datasets exit=1; stderr=New version of client (18.35.0) available at https://ftp.ncbi.nlm.nih.gov/pub/datasets/command-line/LATEST/linux-amd64/datasets.
Error: Download error: stream error: stream ID 5; INTERNAL_ERROR; received from peer

Use datasets download genome accession <command> --help for detailed help about a command.; stdout=<empty>
2026-08-16 01:43:16,025 INFO Retrying GCA_965153745.2 in 15 s
2026-08-16 01:43:31,025 INFO Downloading GCA_965153745.2 with NCBI datasets (attempt 2/4)
2026-08-16 01:47:29,266 INFO [305/672] completed GCA_049634715.1: ok
2026-08-16 01:47:29,268 INFO [306/672] completed GCA_965153735.2: ok
2026-08-16 01:47:29,270 INFO [307/672] completed GCA_965177395.2: ok
2026-08-16 01:47:29,272 INFO [308/672] completed GCA_965154065.2: ok
2026-08-16 01:47:29,275 INFO [309/672] completed GCA_965154075.2: ok
2026-08-16 01:47:29,275 INFO Retrying GCA_965153675.2 because existing analysis.json has status=error
2026-08-16 01:47:29,295 INFO Downloading GCA_965153675.2 with NCBI datasets (attempt 1/4)
2026-08-16 01:47:43,029 INFO [310/672] completed GCA_965153745.2: ok
2026-08-16 01:47:43,031 INFO [311/672] completed GCA_965153965.2: ok
2026-08-16 01:47:43,033 INFO [312/672] completed GCA_965153945.2: ok
2026-08-16 01:47:43,035 INFO [313/672] completed GCA_965153815.2: ok
2026-08-16 01:47:43,037 INFO [314/672] completed GCA_965154045.2: ok
2026-08-16 01:47:43,037 INFO Retrying GCA_965153705.2 because existing analysis.json has status=error
2026-08-16 01:47:43,096 INFO Downloading GCA_965153705.2 with NCBI datasets (attempt 1/4)
2026-08-16 01:52:15,100 INFO [315/672] completed GCA_965153675.2: ok
2026-08-16 01:52:15,103 INFO [316/672] completed GCA_965153725.2: ok
2026-08-16 01:52:15,105 INFO [317/672] completed GCA_963920255.1: ok
2026-08-16 01:52:15,107 INFO [318/672] completed GCA_965153605.2: ok
2026-08-16 01:52:15,109 INFO [319/672] completed GCA_965153785.2: ok
2026-08-16 01:52:15,112 INFO [320/672] completed GCA_965153565.2: ok
2026-08-16 01:52:15,114 INFO [321/672] completed GCA_965153915.2: ok
2026-08-16 01:52:15,114 INFO Retrying GCA_965153865.2 because existing analysis.json has status=error
2026-08-16 01:52:15,164 INFO Downloading GCA_965153865.2 with NCBI datasets (attempt 1/4)
2026-08-16 01:52:23,655 INFO [322/672] completed GCA_965153705.2: ok
2026-08-16 01:52:23,655 INFO Retrying GCA_965154085.2 because existing analysis.json has status=error
2026-08-16 01:52:23,703 INFO Downloading GCA_965154085.2 with NCBI datasets (attempt 1/4)
2026-08-16 01:52:40,846 WARNING NCBI datasets download failed for GCA_965154085.2 on attempt 1/4: datasets exit=1; stderr=New version of client (18.35.0) available at https://ftp.ncbi.nlm.nih.gov/pub/datasets/command-line/LATEST/linux-amd64/datasets.
Error: Download error: stream error: stream ID 5; INTERNAL_ERROR; received from peer

Use datasets download genome accession <command> --help for detailed help about a command.; stdout=<empty>
2026-08-16 01:52:40,888 INFO Retrying GCA_965154085.2 in 15 s
2026-08-16 01:52:55,888 INFO Downloading GCA_965154085.2 with NCBI datasets (attempt 2/4)
2026-08-16 01:55:20,921 INFO [323/672] completed GCA_965153865.2: ok
2026-08-16 01:55:21,129 INFO [324/672] completed GCA_965153755.2: ok
2026-08-16 01:55:21,132 INFO [325/672] completed GCA_965177385.2: ok
2026-08-16 01:55:21,166 INFO [326/672] completed GCA_965153795.2: ok
2026-08-16 01:55:21,211 INFO [327/672] completed GCA_965153685.2: ok
2026-08-16 01:55:21,211 INFO Retrying GCA_965153955.2 because existing analysis.json has status=error
2026-08-16 01:55:21,344 INFO Downloading GCA_965153955.2 with NCBI datasets (attempt 1/4)
2026-08-16 01:56:38,065 INFO [328/672] completed GCA_965154085.2: ok
2026-08-16 01:56:38,065 INFO Retrying GCA_965153995.2 because existing analysis.json has status=error
2026-08-16 01:56:38,107 INFO Downloading GCA_965153995.2 with NCBI datasets (attempt 1/4)
2026-08-16 01:56:53,391 WARNING NCBI datasets download failed for GCA_965153995.2 on attempt 1/4: datasets exit=1; stderr=New version of client (18.35.0) available at https://ftp.ncbi.nlm.nih.gov/pub/datasets/command-line/LATEST/linux-amd64/datasets.
Error: Download error: stream error: stream ID 5; INTERNAL_ERROR; received from peer

Use datasets download genome accession <command> --help for detailed help about a command.; stdout=<empty>
2026-08-16 01:56:53,420 INFO Retrying GCA_965153995.2 in 15 s
2026-08-16 01:57:08,420 INFO Downloading GCA_965153995.2 with NCBI datasets (attempt 2/4)
2026-08-16 01:58:43,739 INFO [329/672] completed GCA_965153955.2: ok
2026-08-16 01:58:43,764 INFO [330/672] completed GCA_965153855.2: ok
2026-08-16 01:58:43,765 INFO Retrying GCA_965153585.2 because existing analysis.json has status=error
2026-08-16 01:58:43,842 INFO Downloading GCA_965153585.2 with NCBI datasets (attempt 1/4)
2026-08-16 01:59:13,804 WARNING NCBI datasets download failed for GCA_965153585.2 on attempt 1/4: datasets exit=1; stderr=New version of client (18.35.0) available at https://ftp.ncbi.nlm.nih.gov/pub/datasets/command-line/LATEST/linux-amd64/datasets.
Error: Download error: stream error: stream ID 5; INTERNAL_ERROR; received from peer

Use datasets download genome accession <command> --help for detailed help about a command.; stdout=<empty>
2026-08-16 01:59:13,873 INFO Retrying GCA_965153585.2 in 15 s
2026-08-16 01:59:28,873 INFO Downloading GCA_965153585.2 with NCBI datasets (attempt 2/4)
2026-08-16 02:00:18,263 INFO [331/672] completed GCA_965153995.2: ok
2026-08-16 02:00:18,280 INFO [332/672] completed GCA_965177695.2: ok
2026-08-16 02:00:18,282 INFO [333/672] completed GCA_965153535.2: ok
2026-08-16 02:00:18,284 INFO [334/672] completed GCA_963920265.1: ok
2026-08-16 02:00:18,286 INFO [335/672] completed GCA_965153485.2: ok
2026-08-16 02:00:18,288 INFO [336/672] completed GCA_965153575.2: ok
2026-08-16 02:00:18,291 INFO [337/672] completed GCA_965153545.2: ok
2026-08-16 02:00:18,293 INFO [338/672] completed GCA_965177425.2: ok
2026-08-16 02:00:18,295 INFO [339/672] completed GCA_965177745.2: ok
2026-08-16 02:00:18,298 INFO [340/672] completed GCA_965154255.2: ok
2026-08-16 02:00:18,300 INFO [341/672] completed GCA_965153635.2: ok
2026-08-16 02:00:18,302 INFO [342/672] completed GCA_965154025.2: ok
2026-08-16 02:00:18,302 INFO Retrying GCA_965153845.2 because existing analysis.json has status=error
2026-08-16 02:00:18,405 INFO Downloading GCA_965153845.2 with NCBI datasets (attempt 1/4)
2026-08-16 02:02:47,882 INFO [343/672] completed GCA_965153585.2: ok
2026-08-16 02:02:47,882 INFO Retrying GCA_965153695.2 because existing analysis.json has status=error
2026-08-16 02:02:47,893 INFO Downloading GCA_965153695.2 with NCBI datasets (attempt 1/4)
2026-08-16 02:03:25,520 INFO [344/672] completed GCA_965153845.2: ok
2026-08-16 02:03:25,522 INFO [345/672] completed GCA_965153625.2: ok
2026-08-16 02:03:25,525 INFO [346/672] completed GCA_965154445.2: ok
2026-08-16 02:03:25,528 INFO [347/672] completed GCA_965154195.2: ok
2026-08-16 02:03:25,530 INFO [348/672] completed GCA_965153875.2: ok
2026-08-16 02:03:25,536 INFO [349/672] completed GCA_965153905.2: ok
2026-08-16 02:03:25,541 INFO [350/672] completed GCA_965154185.2: ok
2026-08-16 02:03:25,544 INFO [351/672] completed GCA_965154405.2: ok
2026-08-16 02:03:25,552 INFO [352/672] completed GCA_965153825.2: ok
2026-08-16 02:03:25,552 INFO Retrying GCA_965177625.2 because existing analysis.json has status=error
2026-08-16 02:03:25,564 INFO Downloading GCA_965177625.2 with NCBI datasets (attempt 1/4)
2026-08-16 02:06:28,280 INFO [353/672] completed GCA_965153695.2: ok
2026-08-16 02:06:28,302 INFO [354/672] completed GCA_965153655.2: ok
2026-08-16 02:06:28,304 INFO [355/672] completed GCA_965153885.2: ok
2026-08-16 02:06:28,307 INFO [356/672] completed GCA_965177315.2: ok
2026-08-16 02:06:28,310 INFO [357/672] completed GCA_965177505.2: ok
2026-08-16 02:06:28,312 INFO [358/672] completed GCA_965153525.2: ok
2026-08-16 02:06:28,314 INFO [359/672] completed GCA_965153935.2: ok
2026-08-16 02:06:28,315 INFO Retrying GCA_965153835.2 because existing analysis.json has status=error
2026-08-16 02:06:28,390 INFO Downloading GCA_965153835.2 with NCBI datasets (attempt 1/4)
2026-08-16 02:06:50,640 INFO [360/672] completed GCA_965177625.2: ok
2026-08-16 02:06:50,642 INFO [361/672] completed GCA_965177715.2: ok
2026-08-16 02:06:50,645 INFO [362/672] completed GCA_965153645.2: ok
2026-08-16 02:06:50,647 INFO [363/672] completed GCA_965153895.2: ok
2026-08-16 02:06:50,649 INFO [364/672] completed GCA_965177585.2: ok
2026-08-16 02:06:50,652 INFO [365/672] completed GCA_965153595.2: ok
2026-08-16 02:06:50,654 INFO [366/672] completed GCA_965154165.2: ok
2026-08-16 02:06:50,657 INFO [367/672] completed GCA_965177355.2: ok
2026-08-16 02:06:50,674 INFO [368/672] completed GCA_965153615.2: ok
2026-08-16 02:06:50,677 INFO [369/672] completed GCA_965153505.2: ok
2026-08-16 02:06:50,679 INFO [370/672] completed GCA_965177475.2: ok
2026-08-16 02:06:50,682 INFO [371/672] completed GCA_965154275.2: ok
2026-08-16 02:06:50,684 INFO [372/672] completed GCA_965153925.2: ok
2026-08-16 02:06:50,684 INFO Retrying GCA_965154015.2 because existing analysis.json has status=error
2026-08-16 02:06:50,690 INFO Downloading GCA_965154015.2 with NCBI datasets (attempt 1/4)
2026-08-16 02:10:39,124 INFO [373/672] completed GCA_965153835.2: ok
2026-08-16 02:10:39,132 INFO [374/672] completed GCA_965177725.2: ok
2026-08-16 02:10:39,135 INFO [375/672] completed GCA_965153715.2: ok
2026-08-16 02:10:39,137 INFO [376/672] completed GCA_965177765.2: ok
2026-08-16 02:10:39,140 INFO [377/672] completed GCA_965177535.2: ok
2026-08-16 02:10:39,142 INFO [378/672] completed GCA_965154245.2: ok
2026-08-16 02:10:39,144 INFO [379/672] completed GCA_965153495.2: ok
2026-08-16 02:10:39,153 INFO [380/672] completed GCA_965153475.2: ok
2026-08-16 02:10:39,154 INFO Retrying GCA_965177345.2 because existing analysis.json has status=error
2026-08-16 02:10:39,156 INFO Downloading GCA_965177345.2 with NCBI datasets (attempt 1/4)
2026-08-16 02:10:55,717 INFO [381/672] completed GCA_965154015.2: ok
2026-08-16 02:10:55,734 INFO [382/672] completed GCA_965153805.2: ok
2026-08-16 02:10:55,747 INFO [383/672] completed GCA_965154375.2: ok
2026-08-16 02:10:55,749 INFO [384/672] completed GCA_965154055.2: ok
2026-08-16 02:10:55,751 INFO [385/672] completed GCA_965153515.2: ok
2026-08-16 02:10:55,753 INFO [386/672] completed GCA_965154435.2: ok
2026-08-16 02:10:55,755 INFO [387/672] completed GCA_965154425.2: ok
2026-08-16 02:10:55,757 INFO [388/672] completed GCA_965154295.2: ok
2026-08-16 02:10:55,760 INFO [389/672] completed GCA_965153555.2: ok
2026-08-16 02:10:55,762 INFO [390/672] completed GCA_965177375.2: ok
2026-08-16 02:10:55,764 INFO [391/672] completed GCA_965154265.2: ok
2026-08-16 02:10:55,766 INFO [392/672] completed GCA_965177665.2: ok
2026-08-16 02:10:55,768 INFO [393/672] completed GCA_965177755.2: ok
2026-08-16 02:10:55,771 INFO [394/672] completed GCA_965154345.2: ok
2026-08-16 02:10:55,773 INFO [395/672] completed GCA_965154005.2: ok
2026-08-16 02:10:55,775 INFO [396/672] completed GCA_965154035.2: ok
2026-08-16 02:10:55,775 INFO Retrying GCA_965153985.2 because existing analysis.json has status=error
2026-08-16 02:10:55,811 INFO Downloading GCA_965153985.2 with NCBI datasets (attempt 1/4)
2026-08-16 02:14:43,736 INFO [397/672] completed GCA_965177345.2: ok
2026-08-16 02:14:43,745 INFO [398/672] completed GCA_965153665.2: ok
2026-08-16 02:14:43,747 INFO [399/672] completed GCA_965153765.2: ok
2026-08-16 02:14:43,750 INFO [400/672] completed GCA_965177525.2: ok
2026-08-16 02:14:43,752 INFO [401/672] completed GCA_965177685.2: ok
2026-08-16 02:14:43,754 INFO [402/672] completed GCA_965177515.2: ok
2026-08-16 02:14:43,757 INFO [403/672] completed GCA_965177615.2: ok
2026-08-16 02:14:43,760 INFO [404/672] completed GCA_965177555.2: ok
2026-08-16 02:14:43,762 INFO [405/672] completed GCA_965154235.2: ok
2026-08-16 02:14:43,764 INFO [406/672] completed GCA_965154395.2: ok
2026-08-16 02:14:43,764 INFO Retrying GCA_965177405.2 because existing analysis.json has status=error
2026-08-16 02:14:43,840 INFO Downloading GCA_965177405.2 with NCBI datasets (attempt 1/4)
2026-08-16 02:14:59,232 INFO [407/672] completed GCA_965153985.2: ok
2026-08-16 02:14:59,234 INFO [408/672] completed GCA_965177655.2: ok
2026-08-16 02:14:59,234 INFO Retrying GCA_965177435.2 because existing analysis.json has status=error
2026-08-16 02:14:59,295 INFO Downloading GCA_965177435.2 with NCBI datasets (attempt 1/4)
2026-08-16 02:19:40,579 INFO [409/672] completed GCA_965177405.2: ok
2026-08-16 02:19:40,582 INFO [410/672] completed GCA_965177605.2: ok
2026-08-16 02:19:40,582 INFO Retrying GCA_965177485.2 because existing analysis.json has status=error
2026-08-16 02:19:40,604 INFO Downloading GCA_965177485.2 with NCBI datasets (attempt 1/4)
2026-08-16 02:19:45,522 INFO [411/672] completed GCA_965177435.2: ok
2026-08-16 02:19:45,525 INFO [412/672] completed GCA_965177795.2: ok
2026-08-16 02:19:45,537 INFO [413/672] completed GCA_965153775.2: ok
2026-08-16 02:19:45,537 INFO Retrying GCA_965154365.2 because existing analysis.json has status=error
2026-08-16 02:19:45,543 INFO Downloading GCA_965154365.2 with NCBI datasets (attempt 1/4)
2026-08-16 02:20:06,126 WARNING NCBI datasets download failed for GCA_965177485.2 on attempt 1/4: datasets exit=1; stderr=New version of client (18.35.0) available at https://ftp.ncbi.nlm.nih.gov/pub/datasets/command-line/LATEST/linux-amd64/datasets.
Error: Download error: stream error: stream ID 5; INTERNAL_ERROR; received from peer

Use datasets download genome accession <command> --help for detailed help about a command.; stdout=<empty>
2026-08-16 02:20:06,150 INFO Retrying GCA_965177485.2 in 15 s
2026-08-16 02:20:21,150 INFO Downloading GCA_965177485.2 with NCBI datasets (attempt 2/4)
2026-08-16 02:24:54,977 INFO [414/672] completed GCA_965154365.2: ok
2026-08-16 02:24:54,996 INFO [415/672] completed GCA_965177455.2: ok
2026-08-16 02:24:54,999 INFO [416/672] completed GCA_965177785.2: ok
2026-08-16 02:24:55,002 INFO [417/672] completed GCA_965177735.2: ok
2026-08-16 02:24:55,004 INFO [418/672] completed GCA_965177465.2: ok
2026-08-16 02:24:55,006 INFO [419/672] completed GCA_965177635.2: ok
2026-08-16 02:24:55,008 INFO [420/672] completed GCA_965154305.2: ok
2026-08-16 02:24:55,011 INFO [421/672] completed GCA_965177705.2: ok
2026-08-16 02:24:55,014 INFO [422/672] completed GCA_965154155.2: ok
2026-08-16 02:24:55,016 INFO [423/672] completed GCA_965177325.2: ok
2026-08-16 02:24:55,019 INFO [424/672] completed GCA_965154385.2: ok
2026-08-16 02:24:55,021 INFO [425/672] completed GCA_965177645.2: ok
2026-08-16 02:24:55,024 INFO [426/672] completed GCA_033032115.1: ok
2026-08-16 02:24:55,026 INFO [427/672] completed GCA_965177545.2: ok
2026-08-16 02:24:55,029 INFO [428/672] completed GCA_965154355.2: ok
2026-08-16 02:24:55,031 INFO [429/672] completed GCA_965177445.2: ok
2026-08-16 02:24:55,033 INFO [430/672] completed GCA_965177805.2: ok
2026-08-16 02:24:55,036 INFO [431/672] completed GCA_965177415.2: ok
2026-08-16 02:24:55,038 INFO [432/672] completed GCA_965177675.2: ok
2026-08-16 02:24:55,041 INFO [433/672] completed GCA_965177365.2: ok
2026-08-16 02:24:55,043 INFO [434/672] completed GCA_965177575.2: ok
2026-08-16 02:24:55,045 INFO [435/672] completed GCA_965177825.2: ok
2026-08-16 02:24:55,048 INFO [436/672] completed GCA_965154415.2: ok
2026-08-16 02:24:55,053 INFO [437/672] completed GCA_965177775.2: ok
2026-08-16 02:24:55,059 INFO [438/672] completed GCA_965154205.2: ok
2026-08-16 02:24:55,062 INFO [439/672] completed GCA_965154325.2: ok
2026-08-16 02:24:55,064 INFO [440/672] completed GCA_965154215.2: ok
2026-08-16 02:24:55,066 INFO [441/672] completed GCA_965154225.2: ok
2026-08-16 02:24:55,068 INFO [442/672] completed GCA_965154315.2: ok
2026-08-16 02:24:55,071 INFO [443/672] completed GCA_965154175.2: ok
2026-08-16 02:24:55,073 INFO [444/672] completed GCA_965177335.2: ok
2026-08-16 02:24:55,076 INFO [445/672] completed GCA_964019245.2: ok
2026-08-16 02:24:55,078 INFO [446/672] completed GCA_964019265.2: ok
2026-08-16 02:24:55,081 INFO [447/672] completed GCA_964019275.1: ok
2026-08-16 02:24:55,083 INFO [448/672] completed GCA_964019215.2: ok
2026-08-16 02:24:55,092 INFO [449/672] completed GCA_974728815.1: ok
2026-08-16 02:24:55,093 INFO Retrying GCA_964019205.1 because existing analysis.json has status=error
2026-08-16 02:24:55,109 INFO Downloading GCA_964019205.1 with NCBI datasets (attempt 1/4)
2026-08-16 02:25:04,742 INFO [450/672] completed GCA_965177485.2: ok
2026-08-16 02:25:04,742 INFO Retrying GCA_964019235.2 because existing analysis.json has status=error
2026-08-16 02:25:04,742 INFO Downloading GCA_964019235.2 with NCBI datasets (attempt 1/4)
2026-08-16 02:29:14,336 INFO [451/672] completed GCA_964019205.1: ok
2026-08-16 02:29:14,338 INFO [452/672] completed GCA_964019225.2: ok
2026-08-16 02:29:14,340 INFO [453/672] completed GCA_914753205.1: ok
2026-08-16 02:29:14,348 INFO [454/672] completed GCA_964019255.2: ok
2026-08-16 02:29:14,351 INFO [455/672] completed GCA_964019295.2: ok
2026-08-16 02:29:14,353 INFO [456/672] completed GCA_024542955.1: ok
2026-08-16 02:29:14,353 INFO Retrying GCA_984506445.1 because existing analysis.json has status=error
2026-08-16 02:29:14,408 INFO Downloading GCA_984506445.1 with NCBI datasets (attempt 1/4)
2026-08-16 02:29:24,967 INFO [457/672] completed GCA_964019235.2: ok
2026-08-16 02:29:24,978 INFO [458/672] completed GCA_984506435.1: ok
2026-08-16 02:29:24,978 INFO Retrying GCA_050084895.1 because existing analysis.json has status=error
2026-08-16 02:29:25,016 INFO Downloading GCA_050084895.1 with NCBI datasets (attempt 1/4)
2026-08-16 02:34:01,465 INFO [459/672] completed GCA_984506445.1: ok
2026-08-16 02:34:01,465 INFO Retrying GCA_022702505.1 because existing analysis.json has status=error
2026-08-16 02:34:01,540 INFO Downloading GCA_022702505.1 with NCBI datasets (attempt 1/4)
2026-08-16 02:34:10,661 WARNING NCBI datasets download failed for GCA_022702505.1 on attempt 1/4: datasets exit=1; stderr=New version of client (18.35.0) available at https://ftp.ncbi.nlm.nih.gov/pub/datasets/command-line/LATEST/linux-amd64/datasets.
Error: Download error: stream error: stream ID 5; INTERNAL_ERROR; received from peer

Use datasets download genome accession <command> --help for detailed help about a command.; stdout=<empty>
2026-08-16 02:34:10,670 INFO Retrying GCA_022702505.1 in 15 s
2026-08-16 02:34:13,358 INFO [460/672] completed GCA_050084895.1: ok
2026-08-16 02:34:13,380 INFO [461/672] completed GCA_022702665.1: ok
2026-08-16 02:34:13,380 INFO Retrying GCA_021328995.1 because existing analysis.json has status=error
2026-08-16 02:34:13,406 INFO Downloading GCA_021328995.1 with NCBI datasets (attempt 1/4)
2026-08-16 02:34:25,671 INFO Downloading GCA_022702505.1 with NCBI datasets (attempt 2/4)
2026-08-16 02:39:25,455 INFO [462/672] completed GCA_021328995.1: ok
2026-08-16 02:39:25,475 INFO [463/672] completed GCA_965364855.1: ok
2026-08-16 02:39:25,478 INFO [464/672] completed GCA_984513465.1: ok
2026-08-16 02:39:25,480 INFO [465/672] completed GCA_965637775.1: ok
2026-08-16 02:39:25,481 INFO Retrying GCA_021327435.1 because existing analysis.json has status=error
2026-08-16 02:39:25,504 INFO Downloading GCA_021327435.1 with NCBI datasets (attempt 1/4)
2026-08-16 02:39:30,168 INFO [466/672] completed GCA_022702505.1: ok
2026-08-16 02:39:30,168 INFO Retrying GCA_965363385.1 because existing analysis.json has status=error
2026-08-16 02:39:30,221 INFO Downloading GCA_965363385.1 with NCBI datasets (attempt 1/4)
2026-08-16 02:44:07,334 INFO [467/672] completed GCA_965363385.1: ok
2026-08-16 02:44:07,356 INFO [468/672] completed GCA_984514685.1: ok
2026-08-16 02:44:07,359 INFO [469/672] completed GCA_965363705.1: ok
2026-08-16 02:44:07,361 INFO [470/672] completed GCA_984507005.1: ok
2026-08-16 02:44:07,373 INFO [471/672] completed GCA_984506455.1: ok
2026-08-16 02:44:07,376 INFO [472/672] completed GCA_965363435.1: ok
2026-08-16 02:44:07,378 INFO [473/672] completed GCA_984538235.1: ok
2026-08-16 02:44:07,380 INFO [474/672] completed GCA_965363785.1: ok
2026-08-16 02:44:07,383 INFO [475/672] completed GCA_021327375.1: ok
2026-08-16 02:44:07,385 INFO [476/672] completed GCA_024222135.1: ok
2026-08-16 02:44:07,388 INFO [477/672] completed GCA_021325935.1: ok
2026-08-16 02:44:07,390 INFO [478/672] completed GCA_021325905.1: ok
2026-08-16 02:44:07,392 INFO [479/672] completed GCA_021326735.1: ok
2026-08-16 02:44:07,395 INFO [480/672] completed GCA_984506415.1: ok
2026-08-16 02:44:07,398 INFO [481/672] completed GCA_021328955.1: ok
2026-08-16 02:44:07,398 INFO Retrying GCA_965364765.1 because existing analysis.json has status=error
2026-08-16 02:44:07,420 INFO Downloading GCA_965364765.1 with NCBI datasets (attempt 1/4)
2026-08-16 02:44:18,742 INFO [482/672] completed GCA_021327435.1: ok
2026-08-16 02:44:18,742 INFO Retrying GCA_984506815.1 because existing analysis.json has status=error
2026-08-16 02:44:18,763 INFO Downloading GCA_984506815.1 with NCBI datasets (attempt 1/4)
2026-08-16 02:48:01,594 INFO [483/672] completed GCA_965364765.1: ok
2026-08-16 02:48:01,595 INFO Retrying GCA_024222185.1 because existing analysis.json has status=error
2026-08-16 02:48:01,629 INFO Downloading GCA_024222185.1 with NCBI datasets (attempt 1/4)
2026-08-16 02:48:26,105 INFO [484/672] completed GCA_984506815.1: ok
2026-08-16 02:48:26,125 INFO [485/672] completed GCA_965363445.1: ok
2026-08-16 02:48:26,127 INFO [486/672] completed GCA_984514235.1: ok
2026-08-16 02:48:26,130 INFO [487/672] completed GCA_984506635.1: ok
2026-08-16 02:48:26,132 INFO [488/672] completed GCA_021327305.1: ok
2026-08-16 02:48:26,134 INFO [489/672] completed GCA_021327315.1: ok
2026-08-16 02:48:26,136 INFO [490/672] completed GCA_021326705.1: ok
2026-08-16 02:48:26,139 INFO [491/672] completed GCA_984506465.1: ok
2026-08-16 02:48:26,139 INFO Retrying GCA_021325815.1 because existing analysis.json has status=error
2026-08-16 02:48:26,159 INFO Downloading GCA_021325815.1 with NCBI datasets (attempt 1/4)
2026-08-16 02:49:19,671 WARNING NCBI datasets download failed for GCA_021325815.1 on attempt 1/4: datasets exit=1; stderr=New version of client (18.35.0) available at https://ftp.ncbi.nlm.nih.gov/pub/datasets/command-line/LATEST/linux-amd64/datasets.
Error: Download error: stream error: stream ID 5; INTERNAL_ERROR; received from peer

Use datasets download genome accession <command> --help for detailed help about a command.; stdout=<empty>
2026-08-16 02:49:19,808 INFO Retrying GCA_021325815.1 in 15 s
2026-08-16 02:49:34,809 INFO Downloading GCA_021325815.1 with NCBI datasets (attempt 2/4)
2026-08-16 02:51:10,697 INFO [492/672] completed GCA_024222185.1: ok
2026-08-16 02:51:11,063 INFO [493/672] completed GCA_024256485.1: ok
2026-08-16 02:51:11,158 INFO [494/672] completed GCA_021327145.1: ok
2026-08-16 02:51:11,273 INFO [495/672] completed GCA_021326975.1: ok
2026-08-16 02:51:11,273 INFO Retrying GCA_021327245.1 because existing analysis.json has status=error
2026-08-16 02:51:11,528 INFO Downloading GCA_021327245.1 with NCBI datasets (attempt 1/4)
2026-08-16 02:52:43,201 INFO [496/672] completed GCA_021325815.1: ok
2026-08-16 02:52:43,202 INFO Retrying GCA_021325855.1 because existing analysis.json has status=error
2026-08-16 02:52:43,221 INFO Downloading GCA_021325855.1 with NCBI datasets (attempt 1/4)
2026-08-16 02:53:23,192 WARNING NCBI datasets download failed for GCA_021325855.1 on attempt 1/4: datasets exit=1; stderr=New version of client (18.35.0) available at https://ftp.ncbi.nlm.nih.gov/pub/datasets/command-line/LATEST/linux-amd64/datasets.
Error: Download error: stream error: stream ID 5; INTERNAL_ERROR; received from peer

Use datasets download genome accession <command> --help for detailed help about a command.; stdout=<empty>
2026-08-16 02:53:23,267 INFO Retrying GCA_021325855.1 in 15 s
2026-08-16 02:53:38,268 INFO Downloading GCA_021325855.1 with NCBI datasets (attempt 2/4)
2026-08-16 02:54:18,476 INFO [497/672] completed GCA_021327245.1: ok
2026-08-16 02:54:18,490 INFO [498/672] completed GCA_024256505.1: ok
2026-08-16 02:54:18,490 INFO Retrying GCA_021327285.1 because existing analysis.json has status=error
2026-08-16 02:54:18,547 INFO Downloading GCA_021327285.1 with NCBI datasets (attempt 1/4)
2026-08-16 02:56:41,456 INFO [499/672] completed GCA_021325855.1: ok
2026-08-16 02:56:41,456 INFO Retrying GCA_021325865.1 because existing analysis.json has status=error
2026-08-16 02:56:41,511 INFO Downloading GCA_021325865.1 with NCBI datasets (attempt 1/4)
2026-08-16 02:57:37,335 INFO [500/672] completed GCA_021327285.1: ok
2026-08-16 02:57:37,336 INFO Retrying GCA_021325835.1 because existing analysis.json has status=error
2026-08-16 02:57:37,350 INFO Downloading GCA_021325835.1 with NCBI datasets (attempt 1/4)
2026-08-16 02:59:47,703 INFO [501/672] completed GCA_021325865.1: ok
2026-08-16 02:59:47,725 INFO [502/672] completed GCA_021327395.1: ok
2026-08-16 02:59:47,728 INFO [503/672] completed GCA_965365915.1: ok
2026-08-16 02:59:47,728 INFO Retrying GCA_984506805.1 because existing analysis.json has status=error
2026-08-16 02:59:47,785 INFO Downloading GCA_984506805.1 with NCBI datasets (attempt 1/4)
2026-08-16 03:01:54,041 INFO [504/672] completed GCA_021325835.1: ok
2026-08-16 03:01:54,041 INFO Retrying GCA_021325875.1 because existing analysis.json has status=error
2026-08-16 03:01:54,089 INFO Downloading GCA_021325875.1 with NCBI datasets (attempt 1/4)
2026-08-16 03:02:58,038 INFO [505/672] completed GCA_984506805.1: ok
2026-08-16 03:02:58,039 INFO Retrying GCA_965363425.1 because existing analysis.json has status=error
2026-08-16 03:02:58,093 INFO Downloading GCA_965363425.1 with NCBI datasets (attempt 1/4)
2026-08-16 03:05:15,678 INFO [506/672] completed GCA_021325875.1: ok
2026-08-16 03:05:15,687 INFO [507/672] completed GCA_984514435.1: ok
2026-08-16 03:05:15,689 INFO [508/672] completed GCA_021327355.1: ok
2026-08-16 03:05:15,691 INFO [509/672] completed GCA_021327335.1: ok
2026-08-16 03:05:15,693 INFO [510/672] completed GCA_984506965.1: ok
2026-08-16 03:05:15,699 INFO [511/672] completed GCA_032433645.1: ok
2026-08-16 03:05:15,709 INFO [512/672] completed GCA_965364655.1: ok
2026-08-16 03:05:15,712 INFO [513/672] completed GCA_984506535.1: ok
2026-08-16 03:05:15,715 INFO [514/672] completed GCA_054126965.1: ok
2026-08-16 03:05:15,717 INFO [515/672] completed GCA_057557795.1: ok
2026-08-16 03:05:15,719 INFO [516/672] completed GCA_057557715.1: ok
2026-08-16 03:05:15,722 INFO [517/672] completed GCA_057557815.1: ok
2026-08-16 03:05:15,724 INFO [518/672] completed GCA_984506425.1: ok
2026-08-16 03:05:15,726 INFO [519/672] completed GCA_057557695.1: ok
2026-08-16 03:05:15,729 INFO [520/672] completed GCA_059335595.1: ok
2026-08-16 03:05:15,731 INFO [521/672] completed GCA_977879805.1: ok
2026-08-16 03:05:15,734 INFO [522/672] completed GCA_965363885.1: ok
2026-08-16 03:05:15,734 INFO Retrying GCA_977880105.2 because existing analysis.json has status=error
2026-08-16 03:05:15,801 INFO Downloading GCA_977880105.2 with NCBI datasets (attempt 1/4)
2026-08-16 03:06:03,886 INFO [523/672] completed GCA_965363425.1: ok
2026-08-16 03:06:03,886 INFO Retrying GCA_965363395.1 because existing analysis.json has status=error
2026-08-16 03:06:03,896 INFO Downloading GCA_965363395.1 with NCBI datasets (attempt 1/4)
2026-08-16 03:08:17,698 INFO [524/672] completed GCA_977880105.2: ok
2026-08-16 03:08:17,718 INFO [525/672] completed GCA_984506515.1: ok
2026-08-16 03:08:17,720 INFO [526/672] completed GCA_965365845.1: ok
2026-08-16 03:08:17,722 INFO [527/672] completed GCA_977879435.1: ok
2026-08-16 03:08:17,725 INFO [528/672] completed GCA_965363845.1: ok
2026-08-16 03:08:17,727 INFO [529/672] completed GCA_984513855.1: ok
2026-08-16 03:08:17,729 INFO [530/672] completed GCA_965363855.1: ok
2026-08-16 03:08:17,731 INFO [531/672] completed GCA_984513515.1: ok
2026-08-16 03:08:17,734 INFO [532/672] completed GCA_965365925.1: ok
2026-08-16 03:08:17,736 INFO [533/672] completed GCA_984506825.1: ok
2026-08-16 03:08:17,738 INFO [534/672] completed GCA_055691435.1: ok
2026-08-16 03:08:17,740 INFO [535/672] completed GCA_057190485.1: ok
2026-08-16 03:08:17,743 INFO [536/672] completed GCA_057190595.1: ok
2026-08-16 03:08:17,745 INFO [537/672] completed GCA_030269805.1: ok
2026-08-16 03:08:17,747 INFO [538/672] completed GCA_057190515.1: ok
2026-08-16 03:08:17,750 INFO [539/672] completed GCA_033030755.1: ok
2026-08-16 03:08:17,750 INFO Retrying GCA_963966425.1 because existing analysis.json has status=error
2026-08-16 03:08:17,779 INFO Downloading GCA_963966425.1 with NCBI datasets (attempt 1/4)
2026-08-16 03:09:14,695 INFO [540/672] completed GCA_965363395.1: ok
2026-08-16 03:09:14,698 INFO [541/672] completed GCA_963966355.1: ok
2026-08-16 03:09:14,700 INFO [542/672] completed GCA_963966215.1: ok
2026-08-16 03:09:14,703 INFO [543/672] completed GCA_963966345.1: ok
2026-08-16 03:09:14,705 INFO [544/672] completed GCA_963966175.1: ok
2026-08-16 03:09:14,723 INFO [545/672] completed GCA_030847515.1: ok
2026-08-16 03:09:14,725 INFO [546/672] completed GCA_004794615.1: ok
2026-08-16 03:09:14,725 INFO Retrying GCA_002993835.1 because existing analysis.json has status=error
2026-08-16 03:09:14,817 INFO Downloading GCA_002993835.1 with NCBI datasets (attempt 1/4)
2026-08-16 03:11:23,048 INFO [547/672] completed GCA_963966425.1: ok
2026-08-16 03:11:23,062 INFO [548/672] completed GCA_000180995.3: ok
2026-08-16 03:11:23,064 INFO [549/672] completed GCA_965642205.1: ok
2026-08-16 03:11:23,066 INFO [550/672] completed GCA_965606195.1: ok
2026-08-16 03:11:23,068 INFO [551/672] completed GCA_965642185.1: ok
2026-08-16 03:11:23,069 INFO [552/672] completed GCA_965246665.2: ok
2026-08-16 03:11:23,071 INFO [553/672] completed GCA_965642195.1: ok
2026-08-16 03:11:23,073 INFO [554/672] completed GCA_006459085.1: ok
2026-08-16 03:11:23,076 INFO [555/672] completed GCA_056825275.1: ok
2026-08-16 03:11:23,078 INFO [556/672] completed GCA_012070465.1: ok
2026-08-16 03:11:23,080 INFO [557/672] completed GCA_012070485.1: ok
2026-08-16 03:11:23,082 INFO [558/672] completed GCA_012070445.1: ok
2026-08-16 03:11:23,084 INFO [559/672] completed GCA_012070475.1: ok
2026-08-16 03:11:23,087 INFO [560/672] completed GCA_012069665.1: ok
2026-08-16 03:11:23,089 INFO [561/672] completed GCA_012070425.1: ok
2026-08-16 03:11:23,091 INFO [562/672] completed GCA_963422255.1: ok
2026-08-16 03:11:23,093 INFO [563/672] completed GCA_022457185.1: ok
2026-08-16 03:11:23,093 INFO Retrying GCA_004026565.1 because existing analysis.json has status=error
2026-08-16 03:11:23,117 INFO Downloading GCA_004026565.1 with NCBI datasets (attempt 1/4)
2026-08-16 03:12:33,302 INFO [564/672] completed GCA_002993835.1: ok
2026-08-16 03:12:33,303 INFO Retrying GCA_014898785.1 because existing analysis.json has status=error
2026-08-16 03:12:33,361 INFO Downloading GCA_014898785.1 with NCBI datasets (attempt 1/4)
2026-08-16 03:15:23,719 INFO [565/672] completed GCA_014898785.1: ok
2026-08-16 03:15:23,734 INFO [566/672] completed GCA_902712895.1: ok
2026-08-16 03:15:23,736 INFO [567/672] completed GCA_007844835.1: ok
2026-08-16 03:15:23,737 INFO [568/672] completed GCA_017311355.1: ok
2026-08-16 03:15:23,740 INFO [569/672] completed GCA_007646595.3: ok
2026-08-16 03:15:23,740 INFO [570/672] completed GCA_963930665.2: ok
2026-08-16 03:15:23,743 INFO [571/672] completed GCA_006408525.1: ok
2026-08-16 03:15:23,745 INFO [572/672] completed GCA_014726795.1: ok
2026-08-16 03:15:23,746 INFO [573/672] completed GCA_003121645.1: ok
2026-08-16 03:15:23,748 INFO [574/672] completed GCA_006410595.1: ok
2026-08-16 03:15:23,750 INFO [575/672] completed GCA_042767535.1: ok
2026-08-16 03:15:23,750 INFO Retrying GCA_042768445.1 because existing analysis.json has status=error
2026-08-16 03:15:23,829 INFO Downloading GCA_042768445.1 with NCBI datasets (attempt 1/4)
2026-08-16 03:16:09,807 INFO [576/672] completed GCA_004026565.1: ok
2026-08-16 03:16:09,810 INFO [577/672] completed GCA_004026945.1: ok
2026-08-16 03:16:09,810 INFO Retrying GCA_004115125.1 because existing analysis.json has status=error
2026-08-16 03:16:09,840 INFO Downloading GCA_004115125.1 with NCBI datasets (attempt 1/4)
2026-08-16 03:20:39,491 INFO [578/672] completed GCA_004115125.1: ok
2026-08-16 03:20:39,499 INFO [579/672] completed GCA_003697985.1: ok
2026-08-16 03:20:39,503 INFO [580/672] completed GCA_059051325.1: ok
2026-08-16 03:20:39,503 INFO Retrying GCA_964270355.1 because existing analysis.json has status=error
2026-08-16 03:20:39,527 INFO Downloading GCA_964270355.1 with NCBI datasets (attempt 1/4)
2026-08-16 03:20:50,097 INFO [581/672] completed GCA_042768445.1: ok
2026-08-16 03:20:50,100 INFO [582/672] completed GCA_965225615.1: ok
2026-08-16 03:20:50,102 INFO [583/672] completed GCA_015832495.2: ok
2026-08-16 03:20:50,102 INFO Retrying GCA_000765075.1 because existing analysis.json has status=error
2026-08-16 03:20:50,182 INFO Downloading GCA_000765075.1 with NCBI datasets (attempt 1/4)
2026-08-16 03:23:47,913 INFO [584/672] completed GCA_964270355.1: ok
2026-08-16 03:23:47,932 INFO [585/672] completed GCA_007570765.1: ok
2026-08-16 03:23:47,932 INFO Retrying GCA_021462335.1 because existing analysis.json has status=error
2026-08-16 03:23:47,978 INFO Downloading GCA_021462335.1 with NCBI datasets (attempt 1/4)
2026-08-16 03:24:17,035 INFO [586/672] completed GCA_000765075.1: ok
2026-08-16 03:24:17,038 INFO [587/672] completed GCA_002443075.1: ok
2026-08-16 03:24:17,038 INFO Retrying GCA_022533635.2 because existing analysis.json has status=error
2026-08-16 03:24:17,068 INFO Downloading GCA_022533635.2 with NCBI datasets (attempt 1/4)
2026-08-16 03:27:08,018 INFO [588/672] completed GCA_022533635.2: ok
2026-08-16 03:27:08,033 INFO [589/672] completed GCA_051176575.2: ok
2026-08-16 03:27:08,036 INFO [590/672] completed GCA_007570785.1: ok
2026-08-16 03:27:08,038 INFO [591/672] completed GCA_003798545.1: ok
2026-08-16 03:27:08,041 INFO [592/672] completed GCA_021018645.1: ok
2026-08-16 03:27:08,043 INFO [593/672] completed GCA_011751665.1: ok
2026-08-16 03:27:08,045 INFO [594/672] completed GCA_004027515.2: ok
2026-08-16 03:27:08,048 INFO [595/672] completed GCA_019593525.1: ok
2026-08-16 03:27:08,050 INFO [596/672] completed GCA_050084595.1: ok
2026-08-16 03:27:08,052 INFO [597/672] completed GCA_006408785.2: ok
2026-08-16 03:27:08,054 INFO [598/672] completed GCA_008931205.1: ok
2026-08-16 03:27:08,056 INFO [599/672] completed GCA_006408465.1: ok
2026-08-16 03:27:08,058 INFO [600/672] completed GCA_006409035.1: ok
2026-08-16 03:27:08,060 INFO [601/672] completed GCA_022457235.1: ok
2026-08-16 03:27:08,062 INFO [602/672] completed GCA_034234005.1: ok
2026-08-16 03:27:08,062 INFO Retrying GCA_034233915.1 because existing analysis.json has status=error
2026-08-16 03:27:08,108 INFO Downloading GCA_034233915.1 with NCBI datasets (attempt 1/4)
2026-08-16 03:29:03,571 INFO [603/672] completed GCA_021462335.1: ok
2026-08-16 03:29:03,870 INFO [604/672] completed GCA_006410555.1: ok
2026-08-16 03:29:03,873 INFO [605/672] completed GCA_006459105.1: ok
2026-08-16 03:29:03,896 INFO [606/672] completed GCA_021018685.1: ok
2026-08-16 03:29:03,902 INFO [607/672] completed GCA_001651235.1: ok
2026-08-16 03:29:03,908 INFO [608/672] completed GCA_001660835.1: ok
2026-08-16 03:29:04,234 INFO [609/672] completed GCA_019969365.1: ok
2026-08-16 03:29:04,347 INFO [610/672] completed GCA_006410755.1: ok
2026-08-16 03:29:04,349 INFO [611/672] completed GCA_018282235.1: ok
2026-08-16 03:29:04,352 INFO [612/672] completed GCA_006408565.1: ok
2026-08-16 03:29:04,352 INFO Retrying GCA_006410575.1 because existing analysis.json has status=error
2026-08-16 03:29:04,859 INFO Downloading GCA_006410575.1 with NCBI datasets (attempt 1/4)
2026-08-16 03:30:07,912 INFO [613/672] completed GCA_034233915.1: ok
2026-08-16 03:30:07,914 INFO [614/672] completed GCA_006408655.1: ok
2026-08-16 03:30:07,914 INFO Retrying GCA_006408485.1 because existing analysis.json has status=error
2026-08-16 03:30:07,978 INFO Downloading GCA_006408485.1 with NCBI datasets (attempt 1/4)
2026-08-16 03:32:07,714 INFO [615/672] completed GCA_006410575.1: ok
2026-08-16 03:32:07,789 INFO [616/672] completed GCA_056748525.1: ok
2026-08-16 03:32:07,853 INFO [617/672] completed GCA_000003205.6: ok
2026-08-16 03:32:07,853 INFO Retrying GCF_000003205.7 because existing analysis.json has status=error
2026-08-16 03:32:08,046 INFO Downloading GCF_000003205.7 with NCBI datasets (attempt 1/4)
2026-08-16 03:32:33,100 WARNING NCBI datasets download failed for GCF_000003205.7 on attempt 1/4: datasets exit=1; stderr=New version of client (18.35.0) available at https://ftp.ncbi.nlm.nih.gov/pub/datasets/command-line/LATEST/linux-amd64/datasets.
Error: Download error: stream error: stream ID 5; INTERNAL_ERROR; received from peer

Use datasets download genome accession <command> --help for detailed help about a command.; stdout=<empty>
2026-08-16 03:32:33,143 INFO Retrying GCF_000003205.7 in 15 s
2026-08-16 03:32:48,144 INFO Downloading GCF_000003205.7 with NCBI datasets (attempt 2/4)
2026-08-16 03:33:11,113 INFO [618/672] completed GCA_006408485.1: ok
2026-08-16 03:33:11,121 INFO [619/672] completed GCA_000003055.5: ok
2026-08-16 03:33:11,123 INFO [620/672] completed GCF_000003055.6: ok
2026-08-16 03:33:11,125 INFO [621/672] completed GCA_002742125.1: ok
2026-08-16 03:33:11,127 INFO [622/672] completed GCF_002742125.1: ok
2026-08-16 03:33:11,130 INFO [623/672] completed GCA_000298735.2: ok
2026-08-16 03:33:11,132 INFO [624/672] completed GCF_000298735.2: ok
2026-08-16 03:33:11,134 INFO [625/672] completed GCA_000005525.1: ok
2026-08-16 03:33:11,134 INFO Retrying GCA_002933975.1 because existing analysis.json has status=error
2026-08-16 03:33:11,163 INFO Downloading GCA_002933975.1 with NCBI datasets (attempt 1/4)
2026-08-16 03:36:01,708 INFO [626/672] completed GCF_000003205.7: ok
2026-08-16 03:36:01,711 INFO [627/672] completed GCA_000247795.2: ok
2026-08-16 03:36:01,713 INFO [628/672] completed GCF_000247795.1: ok
2026-08-16 03:36:01,715 INFO [629/672] completed GCA_003121395.1: ok
2026-08-16 03:36:01,715 INFO Retrying GCF_003121395.1 because existing analysis.json has status=error
2026-08-16 03:36:01,755 INFO Downloading GCF_003121395.1 with NCBI datasets (attempt 1/4)
2026-08-16 03:36:37,916 INFO [630/672] completed GCA_002933975.1: ok
2026-08-16 03:36:37,917 INFO Retrying GCA_019923925.1 because existing analysis.json has status=error
2026-08-16 03:36:38,016 INFO Downloading GCA_019923925.1 with NCBI datasets (attempt 1/4)
2026-08-16 03:37:17,800 WARNING NCBI datasets download failed for GCA_019923925.1 on attempt 1/4: datasets exit=1; stderr=New version of client (18.35.0) available at https://ftp.ncbi.nlm.nih.gov/pub/datasets/command-line/LATEST/linux-amd64/datasets.
Error: Download error: stream error: stream ID 5; INTERNAL_ERROR; received from peer

Use datasets download genome accession <command> --help for detailed help about a command.; stdout=<empty>
2026-08-16 03:37:17,904 INFO Retrying GCA_019923925.1 in 15 s
2026-08-16 03:37:32,904 INFO Downloading GCA_019923925.1 with NCBI datasets (attempt 2/4)
2026-08-16 03:39:09,495 INFO [631/672] completed GCF_003121395.1: ok
2026-08-16 03:39:09,497 INFO [632/672] completed GCF_019923925.1: ok
2026-08-16 03:39:09,499 INFO [633/672] completed GCA_018282465.1: ok
2026-08-16 03:39:09,501 INFO [634/672] completed GCA_018282365.1: ok
2026-08-16 03:39:09,504 INFO [635/672] completed GCA_030254855.1: ok
2026-08-16 03:39:09,506 INFO [636/672] completed GCA_055691405.1: ok
2026-08-16 03:39:09,508 INFO [637/672] completed GCA_055691375.1: ok
2026-08-16 03:39:09,510 INFO [638/672] completed GCA_021328935.1: ok
2026-08-16 03:39:09,512 INFO [639/672] completed GCA_021328945.1: ok
2026-08-16 03:39:09,514 INFO [640/672] completed GCA_000765115.1: ok
2026-08-16 03:39:09,516 INFO [641/672] completed GCF_000765115.1: ok
2026-08-16 03:39:09,518 INFO [642/672] completed GCA_009823495.1: ok
2026-08-16 03:39:09,518 INFO [643/672] completed GCA_907165285.1: no_blast_hit
2026-08-16 03:39:09,520 INFO [644/672] completed GCA_000471725.1: ok
2026-08-16 03:39:09,521 INFO [645/672] completed GCF_000471725.1: ok
2026-08-16 03:39:09,521 INFO [646/672] completed GCA_905249985.1: no_blast_hit
2026-08-16 03:39:09,523 INFO [647/672] completed GCA_006461545.1: ok
2026-08-16 03:39:09,523 INFO [648/672] completed GCA_963856025.1: no_blast_hit
2026-08-16 03:39:09,526 INFO [649/672] completed GCA_000298355.1: ok
2026-08-16 03:39:09,528 INFO [650/672] completed GCF_000298355.1: ok
2026-08-16 03:39:09,530 INFO [651/672] completed GCA_002102435.1: ok
2026-08-16 03:39:09,530 INFO Retrying GCF_002102435.1 because existing analysis.json has status=error
2026-08-16 03:39:09,581 INFO Downloading GCF_002102435.1 with NCBI datasets (attempt 1/4)
2026-08-16 03:40:42,290 INFO [652/672] completed GCA_019923925.1: ok
2026-08-16 03:40:42,292 INFO [653/672] completed GCA_000751575.1: ok
2026-08-16 03:40:42,294 INFO [654/672] completed GCA_000400835.1: ok
2026-08-16 03:40:42,296 INFO [655/672] completed GCF_000400835.1: ok
2026-08-16 03:40:42,298 INFO [656/672] completed GCA_016433095.1: ok
2026-08-16 03:40:42,301 INFO [657/672] completed GCA_002201775.1: ok
2026-08-16 03:40:42,301 INFO [658/672] completed GCA_905120135.1: no_blast_hit
2026-08-16 03:40:42,303 INFO [659/672] completed GCA_006411015.1: ok
2026-08-16 03:40:42,303 INFO [660/672] completed GCA_905120125.1: no_blast_hit
2026-08-16 03:40:42,303 INFO [661/672] completed GCA_042859625.1: no_blast_hit
2026-08-16 03:40:42,304 INFO Retrying GCA_040836155.1 because existing analysis.json has status=error
2026-08-16 03:40:42,414 INFO Downloading GCA_040836155.1 with NCBI datasets (attempt 1/4)
2026-08-16 03:42:07,330 INFO [662/672] completed GCF_002102435.1: ok
2026-08-16 03:42:07,332 INFO [663/672] completed GCA_041053135.1: ok
2026-08-16 03:42:07,334 INFO [664/672] completed GCA_041920685.1: ok
2026-08-16 03:42:07,335 INFO [665/672] completed GCA_056775595.1: no_blast_hit
2026-08-16 03:42:07,337 INFO [666/672] completed GCA_001039535.1: ok
2026-08-16 03:42:07,337 INFO [667/672] completed GCA_018357025.1: no_blast_hit
2026-08-16 03:42:07,337 INFO [668/672] completed GCA_000191625.1: no_blast_hit
2026-08-16 03:42:07,338 INFO [669/672] completed GCA_000191605.1: no_blast_hit
2026-08-16 03:42:07,338 INFO [670/672] completed GCA_030378505.1: no_blast_hit
2026-08-16 03:42:07,338 INFO [671/672] completed GCA_030512445.1: no_blast_hit
2026-08-16 03:43:45,267 INFO [672/672] completed GCA_040836155.1: ok
2026-08-16 03:44:10,602 INFO HTML report: /home/morpheus/retraction_watch_plots/gprc6a/GPRC6A_Ruminantia/report.html
2026-08-16 03:44:10,603 INFO Tables: /home/morpheus/retraction_watch_plots/gprc6a/GPRC6A_Ruminantia/tables
