2026-08-16 05:20:25,849 INFO GPRC6A intactness refiner v2.0.0
2026-08-16 05:20:27,068 INFO First-pass assemblies discovered: 672
2026-08-16 05:20:27,079 INFO [1/672] completed GCA_000003055.5: UNRESOLVED_NO_GENOME
2026-08-16 05:20:27,080 INFO [2/672] completed GCA_000003205.6: UNRESOLVED_NO_GENOME
2026-08-16 05:20:27,082 INFO [3/672] completed GCA_000180995.3: UNRESOLVED_NO_GENOME
2026-08-16 05:20:27,085 INFO [4/672] completed GCA_000005525.1: UNRESOLVED_NO_GENOME
2026-08-16 05:20:33,499 INFO [5/672] completed GCA_000191605.1: UNRESOLVED
2026-08-16 05:20:33,500 INFO [6/672] completed GCA_000247795.2: UNRESOLVED_NO_GENOME
2026-08-16 05:20:33,501 INFO [7/672] completed GCA_000298355.1: UNRESOLVED_NO_GENOME
2026-08-16 05:20:33,503 INFO [8/672] completed GCA_000298735.2: UNRESOLVED_NO_GENOME
2026-08-16 05:20:33,504 INFO [9/672] completed GCA_000317765.2: UNRESOLVED_NO_GENOME
2026-08-16 05:20:33,505 INFO [10/672] completed GCA_000400835.1: UNRESOLVED_NO_GENOME
2026-08-16 05:20:33,506 INFO [11/672] completed GCA_000471725.1: UNRESOLVED_NO_GENOME
2026-08-16 05:20:33,507 INFO [12/672] completed GCA_000751575.1: UNRESOLVED_NO_GENOME
2026-08-16 05:20:33,508 INFO [13/672] completed GCA_000754665.1: UNRESOLVED_NO_GENOME
2026-08-16 05:20:33,509 INFO [14/672] completed GCA_000765075.1: UNRESOLVED_NO_GENOME
2026-08-16 05:20:33,510 INFO [15/672] completed GCA_000765115.1: UNRESOLVED_NO_GENOME
2026-08-16 05:20:33,511 INFO [16/672] completed GCA_000978405.1: UNRESOLVED_NO_GENOME
2026-08-16 05:20:33,512 INFO [17/672] completed GCA_001039535.1: UNRESOLVED_NO_GENOME
2026-08-16 05:20:33,513 INFO [18/672] completed GCA_001651235.1: UNRESOLVED_NO_GENOME
2026-08-16 05:20:33,514 INFO [19/672] completed GCA_001660835.1: UNRESOLVED_NO_GENOME
2026-08-16 05:20:33,515 INFO [20/672] completed GCA_001704415.2: UNRESOLVED_NO_GENOME
2026-08-16 05:20:33,516 INFO [21/672] completed GCA_002102435.1: UNRESOLVED_NO_GENOME
2026-08-16 05:20:33,517 INFO [22/672] completed GCA_002197005.1: UNRESOLVED_NO_GENOME
2026-08-16 05:20:33,518 INFO [23/672] completed GCA_002201775.1: UNRESOLVED_NO_GENOME
2026-08-16 05:20:33,519 INFO [24/672] completed GCA_002263795.4: UNRESOLVED_NO_GENOME
2026-08-16 05:20:33,520 INFO [25/672] completed GCA_002443075.1: UNRESOLVED_NO_GENOME
2026-08-16 05:20:33,521 INFO [26/672] completed GCA_002742125.1: UNRESOLVED_NO_GENOME
2026-08-16 05:20:33,522 INFO [27/672] completed GCA_002933975.1: UNRESOLVED_NO_GENOME
2026-08-16 05:20:33,524 INFO [28/672] completed GCA_002968435.1: UNRESOLVED_NO_GENOME
2026-08-16 05:20:33,525 INFO [29/672] completed GCA_002993835.1: UNRESOLVED_NO_GENOME
2026-08-16 05:20:33,526 INFO [30/672] completed GCA_003121395.1: UNRESOLVED_NO_GENOME
2026-08-16 05:20:33,527 INFO [31/672] completed GCA_003121645.1: UNRESOLVED_NO_GENOME
2026-08-16 05:20:33,528 INFO [32/672] completed GCA_003182575.1: UNRESOLVED_NO_GENOME
2026-08-16 05:20:33,529 INFO [33/672] completed GCA_003182615.2: UNRESOLVED_NO_GENOME
2026-08-16 05:20:33,530 INFO [34/672] completed GCA_003369685.2: UNRESOLVED_NO_GENOME
2026-08-16 05:20:33,531 INFO [35/672] completed GCA_003369695.2: UNRESOLVED_NO_GENOME
2026-08-16 05:20:33,532 INFO [36/672] completed GCA_003697985.1: UNRESOLVED_NO_GENOME
2026-08-16 05:20:33,533 INFO [37/672] completed GCA_003798545.1: UNRESOLVED_NO_GENOME
2026-08-16 05:20:33,534 INFO [38/672] completed GCA_003945745.1: UNRESOLVED_NO_GENOME
2026-08-16 05:20:33,535 INFO [39/672] completed GCA_004024705.2: UNRESOLVED_NO_GENOME
2026-08-16 05:20:33,536 INFO [40/672] completed GCA_004024965.2: UNRESOLVED_NO_GENOME
2026-08-16 05:20:33,537 INFO [41/672] completed GCA_004024985.1: UNRESOLVED_NO_GENOME
2026-08-16 05:20:33,538 INFO [42/672] completed GCA_004026565.1: UNRESOLVED_NO_GENOME
2026-08-16 05:20:33,539 INFO [43/672] completed GCA_004026825.1: UNRESOLVED_NO_GENOME
2026-08-16 05:20:33,541 INFO [44/672] completed GCA_004026945.1: UNRESOLVED_NO_GENOME
2026-08-16 05:20:33,542 INFO [45/672] completed GCA_004027495.1: UNRESOLVED_NO_GENOME
2026-08-16 05:20:33,543 INFO [46/672] completed GCA_004027515.2: UNRESOLVED_NO_GENOME
2026-08-16 05:20:33,544 INFO [47/672] completed GCA_004115125.1: UNRESOLVED_NO_GENOME
2026-08-16 05:20:33,545 INFO [48/672] completed GCA_004361675.1: UNRESOLVED_NO_GENOME
2026-08-16 05:20:33,546 INFO [49/672] completed GCA_004794615.1: UNRESOLVED_NO_GENOME
2026-08-16 05:20:33,547 INFO [50/672] completed GCA_005887515.3: UNRESOLVED_NO_GENOME
2026-08-16 05:20:33,548 INFO [51/672] completed GCA_006408465.1: UNRESOLVED_NO_GENOME
2026-08-16 05:20:33,549 INFO [52/672] completed GCA_006408485.1: UNRESOLVED_NO_GENOME
2026-08-16 05:20:33,550 INFO [53/672] completed GCA_006408505.1: UNRESOLVED_NO_GENOME
2026-08-16 05:20:33,551 INFO [54/672] completed GCA_006408525.1: UNRESOLVED_NO_GENOME
2026-08-16 05:20:33,552 INFO [55/672] completed GCA_006408545.1: UNRESOLVED_NO_GENOME
2026-08-16 05:20:33,553 INFO [56/672] completed GCA_006408565.1: UNRESOLVED_NO_GENOME
2026-08-16 05:20:33,554 INFO [57/672] completed GCA_006408585.1: UNRESOLVED_NO_GENOME
2026-08-16 05:20:33,555 INFO [58/672] completed GCA_006408615.1: UNRESOLVED_NO_GENOME
2026-08-16 05:20:33,556 INFO [59/672] completed GCA_006408635.1: UNRESOLVED_NO_GENOME
2026-08-16 05:20:33,557 INFO [60/672] completed GCA_006408655.1: UNRESOLVED_NO_GENOME
2026-08-16 05:20:33,558 INFO [61/672] completed GCA_006408675.1: UNRESOLVED_NO_GENOME
2026-08-16 05:20:33,559 INFO [62/672] completed GCA_006408695.1: UNRESOLVED_NO_GENOME
2026-08-16 05:20:33,560 INFO [63/672] completed GCA_006408735.1: UNRESOLVED_NO_GENOME
2026-08-16 05:20:33,562 INFO [64/672] completed GCA_006408755.1: UNRESOLVED_NO_GENOME
2026-08-16 05:20:33,563 INFO [65/672] completed GCA_006408785.2: UNRESOLVED_NO_GENOME
2026-08-16 05:20:33,564 INFO [66/672] completed GCA_006409035.1: UNRESOLVED_NO_GENOME
2026-08-16 05:20:33,565 INFO [67/672] completed GCA_006410495.1: UNRESOLVED_NO_GENOME
2026-08-16 05:20:33,566 INFO [68/672] completed GCA_006410515.1: UNRESOLVED_NO_GENOME
2026-08-16 05:20:33,567 INFO [69/672] completed GCA_006410535.1: UNRESOLVED_NO_GENOME
2026-08-16 05:20:33,568 INFO [70/672] completed GCA_006410555.1: UNRESOLVED_NO_GENOME
2026-08-16 05:20:33,569 INFO [71/672] completed GCA_006410575.1: UNRESOLVED_NO_GENOME
2026-08-16 05:20:33,570 INFO [72/672] completed GCA_006410595.1: UNRESOLVED_NO_GENOME
2026-08-16 05:20:33,571 INFO [73/672] completed GCA_006410615.1: UNRESOLVED_NO_GENOME
2026-08-16 05:20:33,572 INFO [74/672] completed GCA_006410635.1: UNRESOLVED_NO_GENOME
2026-08-16 05:20:33,573 INFO [75/672] completed GCA_006410655.1: UNRESOLVED_NO_GENOME
2026-08-16 05:20:33,574 INFO [76/672] completed GCA_006410675.1: UNRESOLVED_NO_GENOME
2026-08-16 05:20:33,575 INFO [77/672] completed GCA_006410695.1: UNRESOLVED_NO_GENOME
2026-08-16 05:20:33,576 INFO [78/672] completed GCA_006410735.1: UNRESOLVED_NO_GENOME
2026-08-16 05:20:33,577 INFO [79/672] completed GCA_006410755.1: UNRESOLVED_NO_GENOME
2026-08-16 05:20:33,578 INFO [80/672] completed GCA_006410775.1: UNRESOLVED_NO_GENOME
2026-08-16 05:20:33,580 INFO [81/672] completed GCA_006410795.1: UNRESOLVED_NO_GENOME
2026-08-16 05:20:33,581 INFO [82/672] completed GCA_006410875.1: UNRESOLVED_NO_GENOME
2026-08-16 05:20:33,582 INFO [83/672] completed GCA_006410935.1: UNRESOLVED_NO_GENOME
2026-08-16 05:20:33,583 INFO [84/672] completed GCA_006411015.1: UNRESOLVED_NO_GENOME
2026-08-16 05:20:33,584 INFO [85/672] completed GCA_006411685.1: UNRESOLVED_NO_GENOME
2026-08-16 05:20:33,585 INFO [86/672] completed GCA_006416875.1: UNRESOLVED_NO_GENOME
2026-08-16 05:20:33,586 INFO [87/672] completed GCA_006417275.1: UNRESOLVED_NO_GENOME
2026-08-16 05:20:33,587 INFO [88/672] completed GCA_006459085.1: UNRESOLVED_NO_GENOME
2026-08-16 05:20:33,588 INFO [89/672] completed GCA_006459105.1: UNRESOLVED_NO_GENOME
2026-08-16 05:20:33,589 INFO [90/672] completed GCA_006461545.1: UNRESOLVED_NO_GENOME
2026-08-16 05:20:33,590 INFO [91/672] completed GCA_006461725.1: UNRESOLVED_NO_GENOME
2026-08-16 05:20:33,591 INFO [92/672] completed GCA_006942125.1: UNRESOLVED_NO_GENOME
2026-08-16 05:20:33,592 INFO [93/672] completed GCA_007570765.1: UNRESOLVED_NO_GENOME
2026-08-16 05:20:33,593 INFO [94/672] completed GCA_007570785.1: UNRESOLVED_NO_GENOME
2026-08-16 05:20:33,594 INFO [95/672] completed GCA_007646595.3: UNRESOLVED_NO_GENOME
2026-08-16 05:20:33,595 INFO [96/672] completed GCA_007844835.1: UNRESOLVED_NO_GENOME
2026-08-16 05:20:33,598 INFO [97/672] completed GCA_008782695.1: UNRESOLVED_NO_GENOME
2026-08-16 05:20:33,599 INFO [98/672] completed GCA_008787405.2: UNRESOLVED_NO_GENOME
2026-08-16 05:20:33,600 INFO [99/672] completed GCA_008931205.1: UNRESOLVED_NO_GENOME
2026-08-16 05:20:33,601 INFO [100/672] completed GCA_009493645.1: UNRESOLVED_NO_GENOME
2026-08-16 05:20:33,602 INFO [101/672] completed GCA_009493655.1: UNRESOLVED_NO_GENOME
2026-08-16 05:20:33,603 INFO [102/672] completed GCA_009758055.1: UNRESOLVED_NO_GENOME
2026-08-16 05:20:33,604 INFO [103/672] completed GCA_009823495.1: UNRESOLVED_NO_GENOME
2026-08-16 05:20:33,605 INFO [104/672] completed GCA_010411085.1: UNRESOLVED_NO_GENOME
2026-08-16 05:20:33,606 INFO [105/672] completed GCA_011170295.1: UNRESOLVED_NO_GENOME
2026-08-16 05:20:33,607 INFO [106/672] completed GCA_011751665.1: UNRESOLVED_NO_GENOME
2026-08-16 05:20:33,608 INFO [107/672] completed GCA_012069665.1: UNRESOLVED_NO_GENOME
2026-08-16 05:20:33,609 INFO [108/672] completed GCA_012070425.1: UNRESOLVED_NO_GENOME
2026-08-16 05:20:33,610 INFO [109/672] completed GCA_012070445.1: UNRESOLVED_NO_GENOME
2026-08-16 05:20:33,611 INFO [110/672] completed GCA_012070465.1: UNRESOLVED_NO_GENOME
2026-08-16 05:20:33,612 INFO [111/672] completed GCA_012070475.1: UNRESOLVED_NO_GENOME
2026-08-16 05:20:33,614 INFO [112/672] completed GCA_012070485.1: UNRESOLVED_NO_GENOME
2026-08-16 05:20:33,615 INFO [113/672] completed GCA_012922965.1: UNRESOLVED_NO_GENOME
2026-08-16 05:20:33,616 INFO [114/672] completed GCA_013496395.1: UNRESOLVED_NO_GENOME
2026-08-16 05:20:33,617 INFO [115/672] completed GCA_014182915.2: UNRESOLVED_NO_GENOME
2026-08-16 05:20:33,618 INFO [116/672] completed GCA_014523465.1: UNRESOLVED_NO_GENOME
2026-08-16 05:20:33,619 INFO [117/672] completed GCA_014726795.1: UNRESOLVED_NO_GENOME
2026-08-16 05:20:33,620 INFO [118/672] completed GCA_014754425.2: UNRESOLVED_NO_GENOME
2026-08-16 05:20:33,621 INFO [119/672] completed GCA_014898785.1: UNRESOLVED_NO_GENOME
2026-08-16 05:20:33,622 INFO [120/672] completed GCA_014926565.1: UNRESOLVED_NO_GENOME
2026-08-16 05:20:33,623 INFO [121/672] completed GCA_015443085.1: UNRESOLVED_NO_GENOME
2026-08-16 05:20:33,624 INFO [122/672] completed GCA_015832495.2: UNRESOLVED_NO_GENOME
2026-08-16 05:20:33,625 INFO [123/672] completed GCA_016433095.1: UNRESOLVED_NO_GENOME
2026-08-16 05:20:33,626 INFO [124/672] completed GCA_016772045.2: UNRESOLVED_NO_GENOME
2026-08-16 05:20:33,627 INFO [125/672] completed GCA_017311355.1: UNRESOLVED_NO_GENOME
2026-08-16 05:20:33,629 INFO [126/672] completed GCA_017524585.1: UNRESOLVED_NO_GENOME
2026-08-16 05:20:33,630 INFO [127/672] completed GCA_017591445.1: UNRESOLVED_NO_GENOME
2026-08-16 05:20:33,631 INFO [128/672] completed GCA_018282235.1: UNRESOLVED_NO_GENOME
2026-08-16 05:20:33,632 INFO [129/672] completed GCA_018282365.1: UNRESOLVED_NO_GENOME
2026-08-16 05:20:33,633 INFO [130/672] completed GCA_018282465.1: UNRESOLVED_NO_GENOME
2026-08-16 05:20:34,506 INFO [131/672] completed GCA_018357025.1: UNRESOLVED
2026-08-16 05:20:34,507 INFO [132/672] completed GCA_018804185.1: UNRESOLVED_NO_GENOME
2026-08-16 05:20:34,508 INFO [133/672] completed GCA_019145175.1: UNRESOLVED_NO_GENOME
2026-08-16 05:20:34,509 INFO [134/672] completed GCA_019320065.1: UNRESOLVED_NO_GENOME
2026-08-16 05:20:34,510 INFO [135/672] completed GCA_019593525.1: UNRESOLVED_NO_GENOME
2026-08-16 05:20:34,511 INFO [136/672] completed GCA_019903745.2: UNRESOLVED_NO_GENOME
2026-08-16 05:20:34,512 INFO [137/672] completed GCA_019923925.1: UNRESOLVED_NO_GENOME
2026-08-16 05:20:34,513 INFO [138/672] completed GCA_019923935.1: UNRESOLVED_NO_GENOME
2026-08-16 05:20:34,514 INFO [139/672] completed GCA_019969365.1: UNRESOLVED_NO_GENOME
2026-08-16 05:20:34,514 INFO [140/672] completed GCA_020226025.1: UNRESOLVED_NO_GENOME
2026-08-16 05:20:34,515 INFO [141/672] completed GCA_020226045.1: UNRESOLVED_NO_GENOME
2026-08-16 05:20:34,516 INFO [142/672] completed GCA_020226055.1: UNRESOLVED_NO_GENOME
2026-08-16 05:20:34,517 INFO [143/672] completed GCA_020226075.1: UNRESOLVED_NO_GENOME
2026-08-16 05:20:34,518 INFO [144/672] completed GCA_020276665.1: UNRESOLVED_NO_GENOME
2026-08-16 05:20:34,518 INFO [145/672] completed GCA_020976825.1: UNRESOLVED_NO_GENOME
2026-08-16 05:20:34,519 INFO [146/672] completed GCA_021018645.1: UNRESOLVED_NO_GENOME
2026-08-16 05:20:34,520 INFO [147/672] completed GCA_021018665.1: UNRESOLVED_NO_GENOME
2026-08-16 05:20:34,521 INFO [148/672] completed GCA_021018685.1: UNRESOLVED_NO_GENOME
2026-08-16 05:20:34,521 INFO [149/672] completed GCA_021234555.1: UNRESOLVED_NO_GENOME
2026-08-16 05:20:34,522 INFO [150/672] completed GCA_021325815.1: UNRESOLVED_NO_GENOME
2026-08-16 05:20:34,523 INFO [151/672] completed GCA_021325835.1: UNRESOLVED_NO_GENOME
2026-08-16 05:20:34,524 INFO [152/672] completed GCA_021325855.1: UNRESOLVED_NO_GENOME
2026-08-16 05:20:34,525 INFO [153/672] completed GCA_021325865.1: UNRESOLVED_NO_GENOME
2026-08-16 05:20:34,527 INFO [154/672] completed GCA_021325875.1: UNRESOLVED_NO_GENOME
2026-08-16 05:20:34,529 INFO [155/672] completed GCA_021325905.1: UNRESOLVED_NO_GENOME
2026-08-16 05:20:34,531 INFO [156/672] completed GCA_021325935.1: UNRESOLVED_NO_GENOME
2026-08-16 05:20:34,533 INFO [157/672] completed GCA_021326705.1: UNRESOLVED_NO_GENOME
2026-08-16 05:20:34,534 INFO [158/672] completed GCA_021326735.1: UNRESOLVED_NO_GENOME
2026-08-16 05:20:34,535 INFO [159/672] completed GCA_021326975.1: UNRESOLVED_NO_GENOME
2026-08-16 05:20:34,536 INFO [160/672] completed GCA_021327145.1: UNRESOLVED_NO_GENOME
2026-08-16 05:20:34,536 INFO [161/672] completed GCA_021327245.1: UNRESOLVED_NO_GENOME
2026-08-16 05:20:34,537 INFO [162/672] completed GCA_021327285.1: UNRESOLVED_NO_GENOME
2026-08-16 05:20:34,538 INFO [163/672] completed GCA_021327305.1: UNRESOLVED_NO_GENOME
2026-08-16 05:20:34,539 INFO [164/672] completed GCA_021327315.1: UNRESOLVED_NO_GENOME
2026-08-16 05:20:34,540 INFO [165/672] completed GCA_021327335.1: UNRESOLVED_NO_GENOME
2026-08-16 05:20:34,540 INFO [166/672] completed GCA_021327355.1: UNRESOLVED_NO_GENOME
2026-08-16 05:20:34,541 INFO [167/672] completed GCA_021327375.1: UNRESOLVED_NO_GENOME
2026-08-16 05:20:34,542 INFO [168/672] completed GCA_021327395.1: UNRESOLVED_NO_GENOME
2026-08-16 05:20:34,543 INFO [169/672] completed GCA_021327435.1: UNRESOLVED_NO_GENOME
2026-08-16 05:20:34,544 INFO [170/672] completed GCA_021328935.1: UNRESOLVED_NO_GENOME
2026-08-16 05:20:34,544 INFO [171/672] completed GCA_021328945.1: UNRESOLVED_NO_GENOME
2026-08-16 05:20:34,545 INFO [172/672] completed GCA_021328955.1: UNRESOLVED_NO_GENOME
2026-08-16 05:20:34,546 INFO [173/672] completed GCA_021328995.1: UNRESOLVED_NO_GENOME
2026-08-16 05:20:34,547 INFO [174/672] completed GCA_021347905.1: UNRESOLVED_NO_GENOME
2026-08-16 05:20:34,548 INFO [175/672] completed GCA_021462335.1: UNRESOLVED_NO_GENOME
2026-08-16 05:20:34,548 INFO [176/672] completed GCA_022244695.1: UNRESOLVED_NO_GENOME
2026-08-16 05:20:34,549 INFO [177/672] completed GCA_022244705.1: UNRESOLVED_NO_GENOME
2026-08-16 05:20:34,550 INFO [178/672] completed GCA_022376915.1: UNRESOLVED_NO_GENOME
2026-08-16 05:20:34,551 INFO [179/672] completed GCA_022376925.1: UNRESOLVED_NO_GENOME
2026-08-16 05:20:34,551 INFO [180/672] completed GCA_022416685.1: UNRESOLVED_NO_GENOME
2026-08-16 05:20:34,552 INFO [181/672] completed GCA_022416695.1: UNRESOLVED_NO_GENOME
2026-08-16 05:20:34,553 INFO [182/672] completed GCA_022416725.1: UNRESOLVED_NO_GENOME
2026-08-16 05:20:34,554 INFO [183/672] completed GCA_022416745.1: UNRESOLVED_NO_GENOME
2026-08-16 05:20:34,554 INFO [184/672] completed GCA_022416755.1: UNRESOLVED_NO_GENOME
2026-08-16 05:20:34,555 INFO [185/672] completed GCA_022416775.1: UNRESOLVED_NO_GENOME
2026-08-16 05:20:34,556 INFO [186/672] completed GCA_022416785.1: UNRESOLVED_NO_GENOME
2026-08-16 05:20:34,557 INFO [187/672] completed GCA_022416915.1: UNRESOLVED_NO_GENOME
2026-08-16 05:20:34,558 INFO [188/672] completed GCA_022432825.1: UNRESOLVED_NO_GENOME
2026-08-16 05:20:34,558 INFO [189/672] completed GCA_022432835.1: UNRESOLVED_NO_GENOME
2026-08-16 05:20:34,559 INFO [190/672] completed GCA_022432845.1: UNRESOLVED_NO_GENOME
2026-08-16 05:20:34,560 INFO [191/672] completed GCA_022457185.1: UNRESOLVED_NO_GENOME
2026-08-16 05:20:34,561 INFO [192/672] completed GCA_022457235.1: UNRESOLVED_NO_GENOME
2026-08-16 05:20:34,561 INFO [193/672] completed GCA_022533635.2: UNRESOLVED_NO_GENOME
2026-08-16 05:20:34,562 INFO [194/672] completed GCA_022538005.1: UNRESOLVED_NO_GENOME
2026-08-16 05:20:34,563 INFO [195/672] completed GCA_022702505.1: UNRESOLVED_NO_GENOME
2026-08-16 05:20:34,564 INFO [196/672] completed GCA_022702665.1: UNRESOLVED_NO_GENOME
2026-08-16 05:20:34,565 INFO [197/672] completed GCA_023091745.2: UNRESOLVED_NO_GENOME
2026-08-16 05:20:34,565 INFO [198/672] completed GCA_023699985.4: UNRESOLVED_NO_GENOME
2026-08-16 05:20:34,566 INFO [199/672] completed GCA_023701655.1: UNRESOLVED_NO_GENOME
2026-08-16 05:20:34,567 INFO [200/672] completed GCA_023701675.1: UNRESOLVED_NO_GENOME
2026-08-16 05:20:34,568 INFO [201/672] completed GCA_024222135.1: UNRESOLVED_NO_GENOME
2026-08-16 05:20:34,569 INFO [202/672] completed GCA_024222175.1: UNRESOLVED_NO_GENOME
2026-08-16 05:20:34,569 INFO [203/672] completed GCA_024222185.1: UNRESOLVED_NO_GENOME
2026-08-16 05:20:34,570 INFO [204/672] completed GCA_024222265.1: UNRESOLVED_NO_GENOME
2026-08-16 05:20:34,571 INFO [205/672] completed GCA_024256485.1: UNRESOLVED_NO_GENOME
2026-08-16 05:20:34,572 INFO [206/672] completed GCA_024256505.1: UNRESOLVED_NO_GENOME
2026-08-16 05:20:34,572 INFO [207/672] completed GCA_024291935.2: UNRESOLVED_NO_GENOME
2026-08-16 05:20:34,573 INFO [208/672] completed GCA_024542955.1: UNRESOLVED_NO_GENOME
2026-08-16 05:20:34,574 INFO [209/672] completed GCA_025584935.1: UNRESOLVED_NO_GENOME
2026-08-16 05:20:34,575 INFO [210/672] completed GCA_026262375.1: UNRESOLVED_NO_GENOME
2026-08-16 05:20:34,576 INFO [211/672] completed GCA_026262465.1: UNRESOLVED_NO_GENOME
2026-08-16 05:20:34,576 INFO [212/672] completed GCA_026262515.1: UNRESOLVED_NO_GENOME
2026-08-16 05:20:34,577 INFO [213/672] completed GCA_026262545.1: UNRESOLVED_NO_GENOME
2026-08-16 05:20:34,578 INFO [214/672] completed GCA_026652205.1: UNRESOLVED_NO_GENOME
2026-08-16 05:20:34,579 INFO [215/672] completed GCA_027580195.2: UNRESOLVED_NO_GENOME
2026-08-16 05:20:34,579 INFO [216/672] completed GCA_027580245.1: UNRESOLVED_NO_GENOME
2026-08-16 05:20:34,580 INFO [217/672] completed GCA_028583565.1: UNRESOLVED_NO_GENOME
2026-08-16 05:20:34,581 INFO [218/672] completed GCA_028973685.2: UNRESOLVED_NO_GENOME
2026-08-16 05:20:34,582 INFO [219/672] completed GCA_029378735.1: UNRESOLVED_NO_GENOME
2026-08-16 05:20:34,582 INFO [220/672] completed GCA_029378745.1: UNRESOLVED_NO_GENOME
2026-08-16 05:20:34,583 INFO [221/672] completed GCA_029407905.2: UNRESOLVED_NO_GENOME
2026-08-16 05:20:34,584 INFO [222/672] completed GCA_030254855.1: UNRESOLVED_NO_GENOME
2026-08-16 05:20:34,585 INFO [223/672] completed GCA_030267345.1: UNRESOLVED_NO_GENOME
2026-08-16 05:20:34,586 INFO [224/672] completed GCA_030267355.1: UNRESOLVED_NO_GENOME
2026-08-16 05:20:34,586 INFO [225/672] completed GCA_030267375.1: UNRESOLVED_NO_GENOME
2026-08-16 05:20:34,587 INFO [226/672] completed GCA_030269505.1: UNRESOLVED_NO_GENOME
2026-08-16 05:20:34,588 INFO [227/672] completed GCA_030269805.1: UNRESOLVED_NO_GENOME
2026-08-16 05:20:34,589 INFO [228/672] completed GCA_030269815.1: UNRESOLVED_NO_GENOME
2026-08-16 05:20:34,590 INFO [229/672] completed GCA_030270685.1: UNRESOLVED_NO_GENOME
2026-08-16 05:20:34,590 INFO [230/672] completed GCA_030270705.1: UNRESOLVED_NO_GENOME
2026-08-16 05:20:34,591 INFO [231/672] completed GCA_030270715.1: UNRESOLVED_NO_GENOME
2026-08-16 05:20:34,592 INFO [232/672] completed GCA_030270725.1: UNRESOLVED_NO_GENOME
2026-08-16 05:20:34,593 INFO [233/672] completed GCA_030270805.1: UNRESOLVED_NO_GENOME
2026-08-16 05:20:34,593 INFO [234/672] completed GCA_030270825.1: UNRESOLVED_NO_GENOME
2026-08-16 05:20:34,594 INFO [235/672] completed GCA_030270845.1: UNRESOLVED_NO_GENOME
2026-08-16 05:20:34,595 INFO [236/672] completed GCA_030270855.1: UNRESOLVED_NO_GENOME
2026-08-16 05:20:34,596 INFO [237/672] completed GCA_030270865.1: UNRESOLVED_NO_GENOME
2026-08-16 05:20:34,597 INFO [238/672] completed GCA_030270935.1: UNRESOLVED_NO_GENOME
2026-08-16 05:20:34,597 INFO [239/672] completed GCA_030270945.1: UNRESOLVED_NO_GENOME
2026-08-16 05:20:34,598 INFO [240/672] completed GCA_030270955.1: UNRESOLVED_NO_GENOME
2026-08-16 05:20:34,599 INFO [241/672] completed GCA_030270995.1: UNRESOLVED_NO_GENOME
2026-08-16 05:20:34,600 INFO [242/672] completed GCA_030271795.1: UNRESOLVED_NO_GENOME
2026-08-16 05:20:34,600 INFO [243/672] completed GCA_030271805.1: UNRESOLVED_NO_GENOME
2026-08-16 05:20:34,601 INFO [244/672] completed GCA_030272135.1: UNRESOLVED_NO_GENOME
2026-08-16 05:20:34,602 INFO [245/672] completed GCA_030272235.1: UNRESOLVED_NO_GENOME
2026-08-16 05:20:34,603 INFO [246/672] completed GCA_030272475.1: UNRESOLVED_NO_GENOME
2026-08-16 05:20:34,603 INFO [247/672] completed GCA_030272495.1: UNRESOLVED_NO_GENOME
2026-08-16 05:20:34,604 INFO [248/672] completed GCA_030272505.1: UNRESOLVED_NO_GENOME
2026-08-16 05:20:38,281 INFO [249/672] completed GCA_000191625.1: UNRESOLVED
2026-08-16 05:20:38,422 INFO [250/672] completed GCA_030378505.1: UNRESOLVED
2026-08-16 05:20:38,424 INFO [251/672] completed GCA_030847515.1: UNRESOLVED_NO_GENOME
2026-08-16 05:20:38,425 INFO [252/672] completed GCA_032405125.2: UNRESOLVED_NO_GENOME
2026-08-16 05:20:38,427 INFO [253/672] completed GCA_032433645.1: UNRESOLVED_NO_GENOME
2026-08-16 05:20:38,428 INFO [254/672] completed GCA_032452875.1: UNRESOLVED_NO_GENOME
2026-08-16 05:20:38,430 INFO [255/672] completed GCA_033030755.1: UNRESOLVED_NO_GENOME
2026-08-16 05:20:38,431 INFO [256/672] completed GCA_033032115.1: UNRESOLVED_NO_GENOME
2026-08-16 05:20:38,433 INFO [257/672] completed GCA_033118175.2: UNRESOLVED_NO_GENOME
2026-08-16 05:20:38,434 INFO [258/672] completed GCA_033439445.1: UNRESOLVED_NO_GENOME
2026-08-16 05:20:38,436 INFO [259/672] completed GCA_034097375.1: UNRESOLVED_NO_GENOME
2026-08-16 05:20:38,437 INFO [260/672] completed GCA_034195675.1: UNRESOLVED_NO_GENOME
2026-08-16 05:20:38,438 INFO [261/672] completed GCA_034233915.1: UNRESOLVED_NO_GENOME
2026-08-16 05:20:38,440 INFO [262/672] completed GCA_034234005.1: UNRESOLVED_NO_GENOME
2026-08-16 05:20:38,441 INFO [263/672] completed GCA_038088365.1: UNRESOLVED_NO_GENOME
2026-08-16 05:20:38,443 INFO [264/672] completed GCA_038501445.1: UNRESOLVED_NO_GENOME
2026-08-16 05:20:38,444 INFO [265/672] completed GCA_038502695.1: UNRESOLVED_NO_GENOME
2026-08-16 05:20:38,446 INFO [266/672] completed GCA_039877825.1: UNRESOLVED_NO_GENOME
2026-08-16 05:20:38,447 INFO [267/672] completed GCA_039881165.1: UNRESOLVED_NO_GENOME
2026-08-16 05:20:38,449 INFO [268/672] completed GCA_039881175.1: UNRESOLVED_NO_GENOME
2026-08-16 05:20:38,450 INFO [269/672] completed GCA_040085125.1: UNRESOLVED_NO_GENOME
2026-08-16 05:20:38,452 INFO [270/672] completed GCA_040182635.1: UNRESOLVED_NO_GENOME
2026-08-16 05:20:38,453 INFO [271/672] completed GCA_040259355.1: UNRESOLVED_NO_GENOME
2026-08-16 05:20:38,455 INFO [272/672] completed GCA_040285425.1: UNRESOLVED_NO_GENOME
2026-08-16 05:20:38,456 INFO [273/672] completed GCA_040286185.1: UNRESOLVED_NO_GENOME
2026-08-16 05:20:38,457 INFO [274/672] completed GCA_040438115.1: UNRESOLVED_NO_GENOME
2026-08-16 05:20:38,459 INFO [275/672] completed GCA_040543055.1: UNRESOLVED_NO_GENOME
2026-08-16 05:20:38,460 INFO [276/672] completed GCA_040805955.1: UNRESOLVED_NO_GENOME
2026-08-16 05:20:38,462 INFO [277/672] completed GCA_040806595.1: UNRESOLVED_NO_GENOME
2026-08-16 05:20:38,463 INFO [278/672] completed GCA_040822015.1: UNRESOLVED_NO_GENOME
2026-08-16 05:20:38,464 INFO [279/672] completed GCA_040836155.1: UNRESOLVED_NO_GENOME
2026-08-16 05:20:38,466 INFO [280/672] completed GCA_040970035.1: UNRESOLVED_NO_GENOME
2026-08-16 05:20:38,467 INFO [281/672] completed GCA_041053135.1: UNRESOLVED_NO_GENOME
2026-08-16 05:20:38,469 INFO [282/672] completed GCA_041121725.1: UNRESOLVED_NO_GENOME
2026-08-16 05:20:38,470 INFO [283/672] completed GCA_041156055.1: UNRESOLVED_NO_GENOME
2026-08-16 05:20:38,471 INFO [284/672] completed GCA_041735815.1: UNRESOLVED_NO_GENOME
2026-08-16 05:20:38,473 INFO [285/672] completed GCA_041736475.1: UNRESOLVED_NO_GENOME
2026-08-16 05:20:38,474 INFO [286/672] completed GCA_041920685.1: UNRESOLVED_NO_GENOME
2026-08-16 05:20:38,476 INFO [287/672] completed GCA_042477335.2: UNRESOLVED_NO_GENOME
2026-08-16 05:20:38,477 INFO [288/672] completed GCA_042767535.1: UNRESOLVED_NO_GENOME
2026-08-16 05:20:38,478 INFO [289/672] completed GCA_042768445.1: UNRESOLVED_NO_GENOME
2026-08-16 05:20:38,480 INFO [290/672] completed GCA_042835985.1: UNRESOLVED_NO_GENOME
2026-08-16 05:20:41,089 INFO [291/672] completed GCA_030512445.1: UNRESOLVED
2026-08-16 05:20:41,092 INFO [292/672] completed GCA_043643345.1: UNRESOLVED_NO_GENOME
2026-08-16 05:20:41,095 INFO [293/672] completed GCA_043882115.1: UNRESOLVED_NO_GENOME
2026-08-16 05:20:41,097 INFO [294/672] completed GCA_044231825.1: UNRESOLVED_NO_GENOME
2026-08-16 05:20:41,099 INFO [295/672] completed GCA_044509215.1: UNRESOLVED_NO_GENOME
2026-08-16 05:20:41,100 INFO [296/672] completed GCA_044587905.1: UNRESOLVED_NO_GENOME
2026-08-16 05:20:41,102 INFO [297/672] completed GCA_044587935.1: UNRESOLVED_NO_GENOME
2026-08-16 05:20:41,103 INFO [298/672] completed GCA_044587945.1: UNRESOLVED_NO_GENOME
2026-08-16 05:20:41,105 INFO [299/672] completed GCA_044588015.1: UNRESOLVED_NO_GENOME
2026-08-16 05:20:41,107 INFO [300/672] completed GCA_045269445.1: UNRESOLVED_NO_GENOME
2026-08-16 05:20:41,108 INFO [301/672] completed GCA_046464075.1: UNRESOLVED_NO_GENOME
2026-08-16 05:20:41,110 INFO [302/672] completed GCA_046563475.2: UNRESOLVED_NO_GENOME
2026-08-16 05:20:41,111 INFO [303/672] completed GCA_047652215.1: UNRESOLVED_NO_GENOME
2026-08-16 05:20:41,113 INFO [304/672] completed GCA_047671635.1: UNRESOLVED_NO_GENOME
2026-08-16 05:20:41,114 INFO [305/672] completed GCA_047671655.1: UNRESOLVED_NO_GENOME
2026-08-16 05:20:41,116 INFO [306/672] completed GCA_048126745.1: UNRESOLVED_NO_GENOME
2026-08-16 05:20:41,117 INFO [307/672] completed GCA_048127045.1: UNRESOLVED_NO_GENOME
2026-08-16 05:20:41,119 INFO [308/672] completed GCA_048593975.1: UNRESOLVED_NO_GENOME
2026-08-16 05:20:41,120 INFO [309/672] completed GCA_048594055.1: UNRESOLVED_NO_GENOME
2026-08-16 05:20:41,122 INFO [310/672] completed GCA_048594065.1: UNRESOLVED_NO_GENOME
2026-08-16 05:20:41,123 INFO [311/672] completed GCA_048594125.1: UNRESOLVED_NO_GENOME
2026-08-16 05:20:41,125 INFO [312/672] completed GCA_048594135.1: UNRESOLVED_NO_GENOME
2026-08-16 05:20:41,126 INFO [313/672] completed GCA_048594165.1: UNRESOLVED_NO_GENOME
2026-08-16 05:20:41,128 INFO [314/672] completed GCA_048598025.1: UNRESOLVED_NO_GENOME
2026-08-16 05:20:41,130 INFO [315/672] completed GCA_048598055.1: UNRESOLVED_NO_GENOME
2026-08-16 05:20:41,131 INFO [316/672] completed GCA_048598065.1: UNRESOLVED_NO_GENOME
2026-08-16 05:20:41,133 INFO [317/672] completed GCA_048598825.1: UNRESOLVED_NO_GENOME
2026-08-16 05:20:41,134 INFO [318/672] completed GCA_049004405.1: UNRESOLVED_NO_GENOME
2026-08-16 05:20:41,135 INFO [319/672] completed GCA_049004455.1: UNRESOLVED_NO_GENOME
2026-08-16 05:20:41,139 INFO [320/672] completed GCA_049004495.1: UNRESOLVED_NO_GENOME
2026-08-16 05:20:41,140 INFO [321/672] completed GCA_049004535.1: UNRESOLVED_NO_GENOME
2026-08-16 05:20:41,144 INFO [322/672] completed GCA_049004595.1: UNRESOLVED_NO_GENOME
2026-08-16 05:20:41,146 INFO [323/672] completed GCA_049004675.1: UNRESOLVED_NO_GENOME
2026-08-16 05:20:41,148 INFO [324/672] completed GCA_049115385.1: UNRESOLVED_NO_GENOME
2026-08-16 05:20:41,151 INFO [325/672] completed GCA_049634445.1: UNRESOLVED_NO_GENOME
2026-08-16 05:20:41,154 INFO [326/672] completed GCA_049634505.1: UNRESOLVED_NO_GENOME
2026-08-16 05:20:41,155 INFO [327/672] completed GCA_049634545.1: UNRESOLVED_NO_GENOME
2026-08-16 05:20:41,156 INFO [328/672] completed GCA_049634565.1: UNRESOLVED_NO_GENOME
2026-08-16 05:20:41,157 INFO [329/672] completed GCA_049634675.1: UNRESOLVED_NO_GENOME
2026-08-16 05:20:41,158 INFO [330/672] completed GCA_049634715.1: UNRESOLVED_NO_GENOME
2026-08-16 05:20:41,160 INFO [331/672] completed GCA_050059765.1: UNRESOLVED_NO_GENOME
2026-08-16 05:20:41,161 INFO [332/672] completed GCA_050084595.1: UNRESOLVED_NO_GENOME
2026-08-16 05:20:41,162 INFO [333/672] completed GCA_050084895.1: UNRESOLVED_NO_GENOME
2026-08-16 05:20:41,163 INFO [334/672] completed GCA_050436925.1: UNRESOLVED_NO_GENOME
2026-08-16 05:20:41,164 INFO [335/672] completed GCA_050916685.1: UNRESOLVED_NO_GENOME
2026-08-16 05:20:41,165 INFO [336/672] completed GCA_051106085.1: UNRESOLVED_NO_GENOME
2026-08-16 05:20:41,166 INFO [337/672] completed GCA_051122635.1: UNRESOLVED_NO_GENOME
2026-08-16 05:20:41,167 INFO [338/672] completed GCA_051176575.2: UNRESOLVED_NO_GENOME
2026-08-16 05:20:41,168 INFO [339/672] completed GCA_051176615.2: UNRESOLVED_NO_GENOME
2026-08-16 05:20:41,169 INFO [340/672] completed GCA_051307275.1: UNRESOLVED_NO_GENOME
2026-08-16 05:20:41,170 INFO [341/672] completed GCA_052324755.1: UNRESOLVED_NO_GENOME
2026-08-16 05:20:41,171 INFO [342/672] completed GCA_053525375.1: UNRESOLVED_NO_GENOME
2026-08-16 05:20:41,172 INFO [343/672] completed GCA_054099735.1: UNRESOLVED_NO_GENOME
2026-08-16 05:20:41,173 INFO [344/672] completed GCA_054099755.1: UNRESOLVED_NO_GENOME
2026-08-16 05:20:41,174 INFO [345/672] completed GCA_054126965.1: UNRESOLVED_NO_GENOME
2026-08-16 05:20:41,175 INFO [346/672] completed GCA_054371575.1: UNRESOLVED_NO_GENOME
2026-08-16 05:20:41,176 INFO [347/672] completed GCA_054371585.1: UNRESOLVED_NO_GENOME
2026-08-16 05:20:41,177 INFO [348/672] completed GCA_054371615.1: UNRESOLVED_NO_GENOME
2026-08-16 05:20:41,178 INFO [349/672] completed GCA_054371825.1: UNRESOLVED_NO_GENOME
2026-08-16 05:20:41,179 INFO [350/672] completed GCA_054642885.1: UNRESOLVED_NO_GENOME
2026-08-16 05:20:41,180 INFO [351/672] completed GCA_054824845.1: UNRESOLVED_NO_GENOME
2026-08-16 05:20:41,181 INFO [352/672] completed GCA_054824865.1: UNRESOLVED_NO_GENOME
2026-08-16 05:20:41,182 INFO [353/672] completed GCA_054825135.1: UNRESOLVED_NO_GENOME
2026-08-16 05:20:41,184 INFO [354/672] completed GCA_054829135.1: UNRESOLVED_NO_GENOME
2026-08-16 05:20:41,185 INFO [355/672] completed GCA_054855995.1: UNRESOLVED_NO_GENOME
2026-08-16 05:20:41,186 INFO [356/672] completed GCA_054856215.1: UNRESOLVED_NO_GENOME
2026-08-16 05:20:41,187 INFO [357/672] completed GCA_054883215.1: UNRESOLVED_NO_GENOME
2026-08-16 05:20:41,188 INFO [358/672] completed GCA_054883225.1: UNRESOLVED_NO_GENOME
2026-08-16 05:20:41,189 INFO [359/672] completed GCA_055505025.1: UNRESOLVED_NO_GENOME
2026-08-16 05:20:41,190 INFO [360/672] completed GCA_055691375.1: UNRESOLVED_NO_GENOME
2026-08-16 05:20:41,192 INFO [361/672] completed GCA_055691405.1: UNRESOLVED_NO_GENOME
2026-08-16 05:20:41,193 INFO [362/672] completed GCA_055691435.1: UNRESOLVED_NO_GENOME
2026-08-16 05:20:41,194 INFO [363/672] completed GCA_056162995.1: UNRESOLVED_NO_GENOME
2026-08-16 05:20:41,195 INFO [364/672] completed GCA_056247825.1: UNRESOLVED_NO_GENOME
2026-08-16 05:20:41,196 INFO [365/672] completed GCA_056748525.1: UNRESOLVED_NO_GENOME
2026-08-16 05:20:44,650 INFO [366/672] completed GCA_056775595.1: UNRESOLVED
2026-08-16 05:20:44,651 INFO [367/672] completed GCA_056825275.1: UNRESOLVED_NO_GENOME
2026-08-16 05:20:44,653 INFO [368/672] completed GCA_057190485.1: UNRESOLVED_NO_GENOME
2026-08-16 05:20:44,654 INFO [369/672] completed GCA_057190515.1: UNRESOLVED_NO_GENOME
2026-08-16 05:20:44,655 INFO [370/672] completed GCA_057190595.1: UNRESOLVED_NO_GENOME
2026-08-16 05:20:44,656 INFO [371/672] completed GCA_057190615.1: UNRESOLVED_NO_GENOME
2026-08-16 05:20:44,657 INFO [372/672] completed GCA_057332215.1: UNRESOLVED_NO_GENOME
2026-08-16 05:20:44,658 INFO [373/672] completed GCA_057332225.1: UNRESOLVED_NO_GENOME
2026-08-16 05:20:44,659 INFO [374/672] completed GCA_057428545.1: UNRESOLVED_NO_GENOME
2026-08-16 05:20:44,660 INFO [375/672] completed GCA_057428595.1: UNRESOLVED_NO_GENOME
2026-08-16 05:20:44,662 INFO [376/672] completed GCA_057556445.1: UNRESOLVED_NO_GENOME
2026-08-16 05:20:44,663 INFO [377/672] completed GCA_057557635.1: UNRESOLVED_NO_GENOME
2026-08-16 05:20:44,664 INFO [378/672] completed GCA_057557695.1: UNRESOLVED_NO_GENOME
2026-08-16 05:20:44,665 INFO [379/672] completed GCA_057557715.1: UNRESOLVED_NO_GENOME
2026-08-16 05:20:44,666 INFO [380/672] completed GCA_057557795.1: UNRESOLVED_NO_GENOME
2026-08-16 05:20:44,667 INFO [381/672] completed GCA_057557815.1: UNRESOLVED_NO_GENOME
2026-08-16 05:20:44,668 INFO [382/672] completed GCA_059051325.1: UNRESOLVED_NO_GENOME
2026-08-16 05:20:44,669 INFO [383/672] completed GCA_059051365.1: UNRESOLVED_NO_GENOME
2026-08-16 05:20:44,670 INFO [384/672] completed GCA_059055555.1: UNRESOLVED_NO_GENOME
2026-08-16 05:20:44,671 INFO [385/672] completed GCA_059055625.1: UNRESOLVED_NO_GENOME
2026-08-16 05:20:44,673 INFO [386/672] completed GCA_059335595.1: UNRESOLVED_NO_GENOME
2026-08-16 05:20:44,674 INFO [387/672] completed GCA_059336145.1: UNRESOLVED_NO_GENOME
2026-08-16 05:20:44,675 INFO [388/672] completed GCA_059698765.1: UNRESOLVED_NO_GENOME
2026-08-16 05:20:44,676 INFO [389/672] completed GCA_059997585.1: UNRESOLVED_NO_GENOME
2026-08-16 05:20:44,677 INFO [390/672] completed GCA_902712895.1: UNRESOLVED_NO_GENOME
2026-08-16 05:20:44,678 INFO [391/672] completed GCA_902825105.1: UNRESOLVED_NO_GENOME
2026-08-16 05:20:44,679 INFO [392/672] completed GCA_903231385.1: UNRESOLVED_NO_GENOME
2026-08-16 05:20:44,837 INFO [393/672] completed GCA_905120125.1: UNRESOLVED
2026-08-16 05:20:45,002 INFO [394/672] completed GCA_905120135.1: UNRESOLVED
2026-08-16 05:20:45,003 INFO [395/672] completed GCA_905123515.1: UNRESOLVED_NO_GENOME
2026-08-16 05:20:45,005 INFO [396/672] completed GCA_905123885.1: UNRESOLVED_NO_GENOME
2026-08-16 05:20:52,014 INFO [397/672] completed GCA_042859625.1: UNRESOLVED
2026-08-16 05:24:08,075 INFO GPRC6A intactness refiner v2.0.0
2026-08-16 05:24:09,295 INFO First-pass assemblies discovered: 672
2026-08-16 05:25:19,160 WARNING redownload GCA_000003055.5 attempt 1 failed: New version of client (18.35.0) available at https://ftp.ncbi.nlm.nih.gov/pub/datasets/command-line/LATEST/linux-amd64/datasets.
Error: Download error: stream error: stream ID 5; INTERNAL_ERROR; received from peer

Use datasets download genome accession <command> --help for detailed help about a command.
2026-08-16 05:25:46,867 WARNING redownload GCA_000003055.5 attempt 2 failed: New version of client (18.35.0) available at https://ftp.ncbi.nlm.nih.gov/pub/datasets/command-line/LATEST/linux-amd64/datasets.
Error: Download error: stream error: stream ID 5; INTERNAL_ERROR; received from peer

Use datasets download genome accession <command> --help for detailed help about a command.
2026-08-16 05:29:28,521 INFO [1/672] completed GCA_000003205.6: UNRESOLVED_ASSEMBLY_GAP
2026-08-16 05:31:21,661 INFO [2/672] completed GCA_000003055.5: UNRESOLVED_ASSEMBLY_GAP
2026-08-16 05:34:02,091 INFO [3/672] completed GCA_000005525.1: UNRESOLVED_ASSEMBLY_GAP
2026-08-16 05:34:02,092 INFO [4/672] completed GCA_000191605.1: UNRESOLVED
2026-08-16 05:34:02,092 INFO [5/672] completed GCA_000191625.1: UNRESOLVED
2026-08-16 05:36:40,643 INFO [6/672] completed GCA_000180995.3: UNRESOLVED_ASSEMBLY_GAP
2026-08-16 05:38:10,462 INFO [7/672] completed GCA_000247795.2: UNRESOLVED_ASSEMBLY_GAP
2026-08-16 05:40:40,930 INFO [8/672] completed GCA_000298355.1: UNRESOLVED_ASSEMBLY_GAP
2026-08-16 05:41:51,218 WARNING redownload GCA_000317765.2 attempt 1 failed: New version of client (18.35.0) available at https://ftp.ncbi.nlm.nih.gov/pub/datasets/command-line/LATEST/linux-amd64/datasets.
Error: Download error: stream error: stream ID 5; INTERNAL_ERROR; received from peer

Use datasets download genome accession <command> --help for detailed help about a command.
2026-08-16 05:43:44,418 INFO [9/672] completed GCA_000298735.2: UNRESOLVED_ASSEMBLY_GAP
2026-08-16 05:47:34,843 INFO [10/672] completed GCA_000317765.2: UNRESOLVED_ASSEMBLY_GAP
2026-08-16 05:47:45,487 INFO [11/672] completed GCA_000400835.1: UNRESOLVED_ASSEMBLY_GAP
2026-08-16 05:47:54,383 WARNING redownload GCA_000751575.1 attempt 1 failed: New version of client (18.35.0) available at https://ftp.ncbi.nlm.nih.gov/pub/datasets/command-line/LATEST/linux-amd64/datasets.
Error: Download error: stream error: stream ID 5; INTERNAL_ERROR; received from peer

Use datasets download genome accession <command> --help for detailed help about a command.
2026-08-16 05:48:14,293 WARNING redownload GCA_000471725.1 attempt 1 failed: New version of client (18.35.0) available at https://ftp.ncbi.nlm.nih.gov/pub/datasets/command-line/LATEST/linux-amd64/datasets.
Error: Download error: stream error: stream ID 5; INTERNAL_ERROR; received from peer

Use datasets download genome accession <command> --help for detailed help about a command.
2026-08-16 05:53:55,852 INFO [12/672] completed GCA_000471725.1: UNRESOLVED_ASSEMBLY_GAP
2026-08-16 05:56:36,037 INFO [13/672] completed GCA_000751575.1: DISRUPTED_STRONG
2026-08-16 05:59:06,643 INFO [14/672] completed GCA_000754665.1: UNRESOLVED_ASSEMBLY_GAP
2026-08-16 06:00:29,876 INFO [15/672] completed GCA_000765075.1: UNRESOLVED_ASSEMBLY_GAP
2026-08-16 06:03:09,302 INFO [16/672] completed GCA_000765115.1: UNRESOLVED_ASSEMBLY_GAP
2026-08-16 06:05:39,748 INFO [17/672] completed GCA_000978405.1: UNRESOLVED_ASSEMBLY_GAP
2026-08-16 06:06:40,220 WARNING redownload GCA_001651235.1 attempt 1 failed: New version of client (18.35.0) available at https://ftp.ncbi.nlm.nih.gov/pub/datasets/command-line/LATEST/linux-amd64/datasets.
Error: Download error: stream error: stream ID 5; INTERNAL_ERROR; received from peer

Use datasets download genome accession <command> --help for detailed help about a command.
2026-08-16 06:07:31,622 INFO [18/672] completed GCA_001039535.1: UNRESOLVED_ASSEMBLY_GAP
2026-08-16 06:08:05,109 WARNING redownload GCA_001651235.1 attempt 2 failed: New version of client (18.35.0) available at https://ftp.ncbi.nlm.nih.gov/pub/datasets/command-line/LATEST/linux-amd64/datasets.
Error: Download error: stream error: stream ID 5; INTERNAL_ERROR; received from peer

Use datasets download genome accession <command> --help for detailed help about a command.
2026-08-16 06:08:28,042 WARNING redownload GCA_001660835.1 attempt 1 failed: New version of client (18.35.0) available at https://ftp.ncbi.nlm.nih.gov/pub/datasets/command-line/LATEST/linux-amd64/datasets.
Error: Download error: stream error: stream ID 5; INTERNAL_ERROR; received from peer

Use datasets download genome accession <command> --help for detailed help about a command.
2026-08-16 06:13:09,061 INFO [19/672] completed GCA_001651235.1: UNRESOLVED_ASSEMBLY_GAP
2026-08-16 06:14:36,909 INFO [20/672] completed GCA_001660835.1: UNRESOLVED_ASSEMBLY_GAP
2026-08-16 06:18:07,550 INFO [21/672] completed GCA_002102435.1: UNRESOLVED_ASSEMBLY_GAP
2026-08-16 06:18:46,898 INFO [22/672] completed GCA_001704415.2: DISRUPTED_STRONG
2026-08-16 06:23:10,232 INFO [23/672] completed GCA_002201775.1: UNRESOLVED_ASSEMBLY_GAP
2026-08-16 06:24:03,925 WARNING redownload GCA_002263795.4 attempt 1 failed: New version of client (18.35.0) available at https://ftp.ncbi.nlm.nih.gov/pub/datasets/command-line/LATEST/linux-amd64/datasets.
Error: Download error: stream error: stream ID 5; INTERNAL_ERROR; received from peer

Use datasets download genome accession <command> --help for detailed help about a command.
2026-08-16 06:24:16,288 INFO [24/672] completed GCA_002197005.1: UNRESOLVED_ASSEMBLY_GAP
2026-08-16 06:30:20,270 INFO [25/672] completed GCA_002443075.1: UNRESOLVED_ASSEMBLY_GAP
2026-08-16 06:31:19,966 INFO [26/672] completed GCA_002263795.4: DISRUPTED_STRONG
2026-08-16 06:32:35,862 ERROR Worker failed for GCA_002933975.1
Traceback (most recent call last):
  File "/home/morpheus/retraction_watch_plots/gprc6a/gprc6a_intactness_refiner.py", line 1691, in main
    try:rr=f.result()
           ^^^^^^^^^^
  File "/home/linuxbrew/.linuxbrew/Cellar/python@3.11/3.11.5/lib/python3.11/concurrent/futures/_base.py", line 449, in result
    return self.__get_result()
           ^^^^^^^^^^^^^^^^^^^
  File "/home/linuxbrew/.linuxbrew/Cellar/python@3.11/3.11.5/lib/python3.11/concurrent/futures/_base.py", line 401, in __get_result
    raise self._exception
  File "/home/linuxbrew/.linuxbrew/Cellar/python@3.11/3.11.5/lib2026-08-16 07:17:50,504 INFO GPRC6A intactness refiner v2.0.1-disk-safe
2026-08-16 07:17:54,675 INFO First-pass assemblies discovered: 672
2026-08-16 07:17:57,922 WARNING redownload GCA_000003055.5 attempt 1 failed: Error: [gateway]
2026-08-16 07:17:58,000 WARNING redownload GCA_000191605.1 attempt 1 failed: Error: [gateway]
2026-08-16 07:17:58,772 WARNING redownload GCA_000317765.2 attempt 1 failed: New version of client (18.35.0) available at https://ftp.ncbi.nlm.nih.gov/pub/datasets/command-line/LATEST/linux-amd64/datasets.
Error: [gateway]
2026-08-16 07:17:58,839 WARNING redownload GCA_000247795.2 attempt 1 failed: New version of client (18.35.0) available at https://ftp.ncbi.nlm.nih.gov/pub/datasets/command-line/LATEST/linux-amd64/datasets.
Error: [gateway]
2026-08-16 07:17:59,158 WARNING redownload GCA_000298355.1 attempt 1 failed: New version of client (18.35.0) available at https://ftp.ncbi.nlm.nih.gov/pub/datasets/command-line/LATEST/linux-amd64/datasets.
Error: [gateway]
2026-08-16 07:17:59,194 WARNING redownload GCA_000191625.1 attempt 1 failed: New version of client (18.35.0) available at https://ftp.ncbi.nlm.nih.gov/pub/datasets/command-line/LATEST/linux-amd64/datasets.
Error: [gateway]
2026-08-16 07:17:59,700 WARNING redownload GCA_000003205.6 attempt 1 failed: New version of client (18.35.0) available at https://ftp.ncbi.nlm.nih.gov/pub/datasets/command-line/LATEST/linux-amd64/datasets.
Error: [gateway]
2026-08-16 07:18:12,644 WARNING redownload GCA_000317765.2 attempt 2 failed: New version of client (18.35.0) available at https://ftp.ncbi.nlm.nih.gov/pub/datasets/command-line/LATEST/linux-amd64/datasets.
Error: [gateway]
2026-08-16 07:18:14,227 INFO [1/672] completed GCA_000191605.1: UNRESOLVED
2026-08-16 07:18:17,009 INFO [2/672] completed GCA_000191625.1: UNRESOLVED
2026-08-16 07:18:45,487 WARNING redownload GCA_000180995.3 attempt 1 failed: New version of client (18.35.0) available at https://ftp.ncbi.nlm.nih.gov/pub/datasets/command-line/LATEST/linux-amd64/datasets.
Error: Download error: stream error: stream ID 9; INTERNAL_ERROR; received from peer
2026-08-16 07:23:14,416 INFO [3/672] completed GCA_000005525.1: UNRESOLVED_ASSEMBLY_GAP
2026-08-16 07:23:23,038 WARNING redownload GCA_000751575.1 attempt 1 failed: New version of client (18.35.0) available at https://ftp.ncbi.nlm.nih.gov/pub/datasets/command-line/LATEST/linux-amd64/datasets.
Error: Download error: stream error: stream ID 5; INTERNAL_ERROR; received from peer

Use datasets download genome accession <command> --help for detailed help about a command.
2026-08-16 07:52:46,766 INFO [4/672] completed GCA_000247795.2: UNRESOLVED_ASSEMBLY_GAP
2026-08-16 07:53:13,682 INFO [5/672] completed GCA_000298735.2: UNRESOLVED_ASSEMBLY_GAP
2026-08-16 07:53:45,460 INFO [6/672] completed GCA_000298355.1: UNRESOLVED_ASSEMBLY_GAP
2026-08-16 07:54:15,527 INFO [7/672] completed GCA_000003055.5: UNRESOLVED_ASSEMBLY_GAP
2026-08-16 07:54:28,223 INFO [8/672] completed GCA_000003205.6: UNRESOLVED_ASSEMBLY_GAP
2026-08-16 07:54:32,949 INFO [9/672] completed GCA_000400835.1: UNRESOLVED_ASSEMBLY_GAP
2026-08-16 07:55:48,785 INFO [10/672] completed GCA_000317765.2: UNRESOLVED_ASSEMBLY_GAP
2026-08-16 07:56:22,143 INFO [11/672] completed GCA_000471725.1: UNRESOLVED_ASSEMBLY_GAP
2026-08-16 07:56:31,772 WARNING redownload GCA_001704415.2 attempt 1 failed: New version of client (18.35.0) available at https://ftp.ncbi.nlm.nih.gov/pub/datasets/command-line/LATEST/linux-amd64/datasets.
Error: Download error: stream error: stream ID 5; INTERNAL_ERROR; received from peer

Use datasets download genome accession <command> --help for detailed help about a command.
2026-08-16 08:01:47,609 INFO [12/672] completed GCA_000751575.1: DISRUPTED_STRONG
2026-08-16 08:07:35,891 INFO [13/672] completed GCA_000180995.3: UNRESOLVED_ASSEMBLY_GAP
2026-08-16 08:26:18,744 INFO [14/672] completed GCA_000765075.1: UNRESOLVED_ASSEMBLY_GAP
2026-08-16 08:26:49,027 WARNING redownload GCA_002201775.1 attempt 1 failed: New version of client (18.35.0) available at https://ftp.ncbi.nlm.nih.gov/pub/datasets/command-line/LATEST/linux-amd64/datasets.
Error: Download error: stream error: stream ID 5; INTERNAL_ERROR; received from peer

Use datasets download genome accession <command> --help for detailed help about a command.
2026-08-16 08:27:34,964 INFO [15/672] completed GCA_000765115.1: UNRESOLVED_ASSEMBLY_GAP
2026-08-16 08:28:19,598 INFO [16/672] completed GCA_001039535.1: UNRESOLVED_ASSEMBLY_GAP
2026-08-16 08:29:38,643 INFO [17/672] completed GCA_001651235.1: UNRESOLVED_ASSEMBLY_GAP
2026-08-16 08:30:52,231 INFO [18/672] completed GCA_000754665.1: UNRESOLVED_ASSEMBLY_GAP
2026-08-16 08:31:25,619 INFO [19/672] completed GCA_000978405.1: UNRESOLVED_ASSEMBLY_GAP
2026-08-16 08:31:47,934 WARNING redownload GCA_002933975.1 attempt 1 failed: New version of client (18.35.0) available at https://ftp.ncbi.nlm.nih.gov/pub/datasets/command-line/LATEST/linux-amd64/datasets.
Error: Download error: stream error: stream ID 5; INTERNAL_ERROR; received from peer

Use datasets download genome accession <command> --help for detailed help about a command.
2026-08-16 08:31:51,161 WARNING redownload GCA_002968435.1 attempt 1 failed: New version of client (18.35.0) available at https://ftp.ncbi.nlm.nih.gov/pub/datasets/command-line/LATEST/linux-amd64/datasets.
Error: Download error: stream error: stream ID 5; INTERNAL_ERROR; received from peer

Use datasets download genome accession <command> --help for detailed help about a command.
2026-08-16 08:31:52,211 INFO [20/672] completed GCA_002102435.1: UNRESOLVED_ASSEMBLY_GAP
2026-08-16 08:32:11,376 WARNING redownload GCA_002968435.1 attempt 2 failed: New version of client (18.35.0) available at https://ftp.ncbi.nlm.nih.gov/pub/datasets/command-line/LATEST/linux-amd64/datasets.
Error: Download error: stream error: stream ID 5; INTERNAL_ERROR; received from peer

Use datasets download genome accession <command> --help for detailed help about a command.
2026-08-16 08:33:03,442 INFO [21/672] completed GCA_001660835.1: UNRESOLVED_ASSEMBLY_GAP
2026-08-16 08:34:25,412 INFO [22/672] completed GCA_001704415.2: DISRUPTED_STRONG
2026-08-16 08:49:38,533 INFO [23/672] completed GCA_002197005.1: UNRESOLVED_ASSEMBLY_GAP
2026-08-16 08:59:41,265 INFO [24/672] completed GCA_002201775.1: UNRESOLVED_ASSEMBLY_GAP
2026-08-16 09:02:02,298 INFO [25/672] completed GCA_002443075.1: UNRESOLVED_ASSEMBLY_GAP
2026-08-16 09:02:19,598 INFO [26/672] completed GCA_002263795.4: DISRUPTED_STRONG
2026-08-16 09:04:56,345 INFO [27/672] completed GCA_002968435.1: UNRESOLVED_ASSEMBLY_GAP
2026-08-16 09:05:48,294 INFO [28/672] completed GCA_002742125.1: DISRUPTED_STRONG
2026-08-16 09:06:48,502 WARNING redownload GCA_003798545.1 attempt 1 failed: New version of client (18.35.0) available at https://ftp.ncbi.nlm.nih.gov/pub/datasets/command-line/LATEST/linux-amd64/datasets.
Error: Download error: stream error: stream ID 5; INTERNAL_ERROR; received from peer

Use datasets download genome accession <command> --help for detailed help about a command.
2026-08-16 09:09:21,296 INFO [29/672] completed GCA_003121395.1: DISRUPTED_STRONG
2026-08-16 09:10:51,964 INFO [30/672] completed GCA_002933975.1: UNRESOLVED_ASSEMBLY_GAP
2026-08-16 09:11:49,867 INFO [31/672] completed GCA_003121645.1: UNRESOLVED_ASSEMBLY_GAP
2026-08-16 09:12:10,696 INFO [32/672] completed GCA_002993835.1: UNRESOLVED_ASSEMBLY_GAP
2026-08-16 09:21:58,445 INFO [33/672] completed GCA_003182575.1: DISRUPTED_STRONG
2026-08-16 09:34:15,119 INFO [34/672] completed GCA_003182615.2: UNRESOLVED_ASSEMBLY_GAP
2026-08-16 09:34:51,707 INFO [35/672] completed GCA_003697985.1: DISRUPTED_POSSIBLE
2026-08-16 09:36:29,440 INFO [36/672] completed GCA_003369685.2: DISRUPTED_STRONG
2026-08-16 09:36:51,082 INFO [37/672] completed GCA_003369695.2: DISRUPTED_STRONG
2026-08-16 09:40:39,941 INFO [38/672] completed GCA_003798545.1: UNRESOLVED_ASSEMBLY_GAP
2026-08-16 09:41:16,436 WARNING redownload GCA_004115125.1 attempt 1 failed: New version of client (18.35.0) available at https://ftp.ncbi.nlm.nih.gov/pub/datasets/command-line/LATEST/linux-amd64/datasets.
Error: Download error: stream error: stream ID 5; INTERNAL_ERROR; received from peer

Use datasets download genome accession <command> --help for detailed help about a command.
2026-08-16 09:42:14,477 WARNING redownload GCA_004115125.1 attempt 2 failed: New version of client (18.35.0) available at https://ftp.ncbi.nlm.nih.gov/pub/datasets/command-line/LATEST/linux-amd64/datasets.
Error: Download error: stream error: stream ID 5; INTERNAL_ERROR; received from peer

Use datasets download genome accession <command> --help for detailed help about a command.
2026-08-16 09:44:07,737 INFO [39/672] completed GCA_003945745.1: UNRESOLVED_ASSEMBLY_GAP
2026-08-16 09:44:53,824 WARNING redownload GCA_004361675.1 attempt 1 failed: New version of client (18.35.0) available at https://ftp.ncbi.nlm.nih.gov/pub/datasets/command-line/LATEST/linux-amd64/datasets.
Error: Download error: stream error: stream ID 5; INTERNAL_ERROR; received from peer

Use datasets download genome accession <command> --help for detailed help about a command.
2026-08-16 09:47:38,764 INFO [40/672] completed GCA_004024965.2: UNRESOLVED_ASSEMBLY_GAP
2026-08-16 09:50:57,776 INFO [41/672] completed GCA_004024705.2: UNRESOLVED_ASSEMBLY_GAP
2026-08-16 09:51:09,348 INFO [42/672] completed GCA_004024985.1: DISRUPTED_POSSIBLE
2026-08-16 09:59:21,319 INFO [43/672] completed GCA_004026565.1: DISRUPTED_STRONG
2026-08-16 10:08:48,104 INFO [44/672] completed GCA_004026825.1: DISRUPTED_STRONG
2026-08-16 10:11:19,784 INFO [45/672] completed GCA_004027495.1: DISRUPTED_STRONG
2026-08-16 10:11:55,606 INFO [46/672] completed GCA_004115125.1: DISRUPTED_STRONG
2026-08-16 10:12:39,872 INFO [47/672] completed GCA_004026945.1: DISRUPTED_STRONG
2026-08-16 10:16:30,616 INFO [48/672] completed GCA_004027515.2: UNRESOLVED_ASSEMBLY_GAP
2026-08-16 10:22:29,752 INFO [49/672] completed GCA_004794615.1: UNRESOLVED_ASSEMBLY_GAP
2026-08-16 10:22:55,573 INFO [50/672] completed GCA_004361675.1: UNRESOLVED_ASSEMBLY_GAP
2026-08-16 10:25:09,503 INFO [51/672] completed GCA_006408465.1: UNRESOLVED_ASSEMBLY_GAP
2026-08-16 10:26:23,589 INFO [52/672] completed GCA_005887515.3: DISRUPTED_STRONG
2026-08-16 10:31:45,872 INFO [53/672] completed GCA_006408485.1: DISRUPTED_STRONG
2026-08-16 10:33:19,248 WARNING redownload GCA_006408695.1 attempt 1 failed: New version of client (18.35.0) available at https://ftp.ncbi.nlm.nih.gov/pub/datasets/command-line/LATEST/linux-amd64/datasets.
Error: Download error: stream error: stream ID 5; INTERNAL_ERROR; received from peer

Use datasets download genome accession <command> --help for detailed help about a command.
2026-08-16 10:43:58,116 INFO [54/672] completed GCA_006408565.1: UNRESOLVED_ASSEMBLY_GAP
2026-08-16 10:44:41,963 INFO [55/672] completed GCA_006408525.1: DISRUPTED_STRONG
2026-08-16 10:45:25,167 WARNING redownload GCA_006408755.1 attempt 1 failed: New version of client (18.35.0) available at https://ftp.ncbi.nlm.nih.gov/pub/datasets/command-line/LATEST/linux-amd64/datasets.
Error: Download error: stream error: stream ID 5; INTERNAL_ERROR; received from peer

Use datasets download genome accession <command> --help for detailed help about a command.
2026-08-16 10:46:07,834 INFO [56/672] completed GCA_006408505.1: UNRESOLVED_ASSEMBLY_GAP
2026-08-16 10:54:03,779 INFO [57/672] completed GCA_006408585.1: UNRESOLVED_ASSEMBLY_GAP
2026-08-16 10:56:33,238 INFO [58/672] completed GCA_006408615.1: UNRESOLVED_ASSEMBLY_GAP
2026-08-16 10:59:10,089 INFO [59/672] completed GCA_006408545.1: UNRESOLVED_ASSEMBLY_GAP
2026-08-16 11:00:07,530 WARNING redownload GCA_006410515.1 attempt 1 failed: New version of client (18.35.0) available at https://ftp.ncbi.nlm.nih.gov/pub/datasets/command-line/LATEST/linux-amd64/datasets.
Error: Download error: stream error: stream ID 5; INTERNAL_ERROR; received from peer

Use datasets download genome accession <command> --help for detailed help about a command.
2026-08-16 11:00:19,572 INFO [60/672] completed GCA_006408635.1: UNRESOLVED_ASSEMBLY_GAP
2026-08-16 11:00:40,002 INFO [61/672] completed GCA_006408675.1: DISRUPTED_POSSIBLE
2026-08-16 11:02:40,230 INFO [62/672] completed GCA_006408655.1: UNRESOLVED_ASSEMBLY_GAP
2026-08-16 11:03:27,914 WARNING redownload GCA_006410575.1 attempt 1 failed: New version of client (18.35.0) available at https://ftp.ncbi.nlm.nih.gov/pub/datasets/command-line/LATEST/linux-amd64/datasets.
Error: Download error: stream error: stream ID 5; INTERNAL_ERROR; received from peer

Use datasets download genome accession <command> --help for detailed help about a command.
2026-08-16 11:05:37,364 INFO [63/672] completed GCA_006408695.1: UNRESOLVED_ASSEMBLY_GAP
2026-08-16 11:21:01,197 INFO [64/672] completed GCA_006408755.1: UNRESOLVED_ASSEMBLY_GAP
2026-08-16 11:22:01,954 INFO [65/672] completed GCA_006408785.2: UNRESOLVED_ASSEMBLY_GAP
2026-08-16 11:22:32,784 INFO [66/672] completed GCA_006408735.1: UNRESOLVED_ASSEMBLY_GAP
2026-08-16 11:27:11,909 INFO [67/672] completed GCA_006409035.1: UNRESOLVED_ASSEMBLY_GAP
2026-08-16 11:32:15,682 INFO [68/672] completed GCA_006410495.1: UNRESOLVED_ASSEMBLY_GAP
2026-08-16 11:34:27,969 INFO [69/672] completed GCA_006410515.1: UNRESOLVED_ASSEMBLY_GAP
2026-08-16 11:35:09,805 INFO [70/672] completed GCA_006410555.1: UNRESOLVED_ASSEMBLY_GAP
2026-08-16 11:37:17,770 INFO [71/672] completed GCA_006410535.1: UNRESOLVED_ASSEMBLY_GAP
2026-08-16 11:38:12,897 INFO [72/672] completed GCA_006410575.1: UNRESOLVED_ASSEMBLY_GAP
2026-08-16 11:38:48,806 INFO [73/672] completed GCA_006410595.1: UNRESOLVED_ASSEMBLY_GAP
2026-08-16 11:55:09,950 INFO [74/672] completed GCA_006410615.1: UNRESOLVED_ASSEMBLY_GAP
2026-08-16 11:56:52,694 INFO [75/672] completed GCA_006410635.1: UNRESOLVED_ASSEMBLY_GAP
2026-08-16 11:58:14,003 WARNING redownload GCA_006410935.1 attempt 1 failed: New version of client (18.35.0) available at https://ftp.ncbi.nlm.nih.gov/pub/datasets/command-line/LATEST/linux-amd64/datasets.
Error: Download error: stream error: stream ID 5; INTERNAL_ERROR; received from peer

Use datasets download genome accession <command> --help for detailed help about a command.
2026-08-16 11:59:09,868 INFO [76/672] completed GCA_006410655.1: UNRESOLVED_ASSEMBLY_GAP
2026-08-16 11:59:13,691 WARNING redownload GCA_006410935.1 attempt 2 failed: New version of client (18.35.0) available at https://ftp.ncbi.nlm.nih.gov/pub/datasets/command-line/LATEST/linux-amd64/datasets.
Error: Download error: stream error: stream ID 5; INTERNAL_ERROR; received from peer

Use datasets download genome accession <command> --help for detailed help about a command.
2026-08-16 12:07:30,663 INFO [77/672] completed GCA_006410675.1: UNRESOLVED_ASSEMBLY_GAP
2026-08-16 12:08:11,963 WARNING redownload GCA_006416875.1 attempt 1 failed: New version of client (18.35.0) available at https://ftp.ncbi.nlm.nih.gov/pub/datasets/command-line/LATEST/linux-amd64/datasets.
Error: Download error: stream error: stream ID 5; INTERNAL_ERROR; received from peer

Use datasets download genome accession <command> --help for detailed help about a command.
2026-08-16 12:11:07,648 INFO [78/672] completed GCA_006410695.1: UNRESOLVED_ASSEMBLY_GAP
2026-08-16 12:13:00,223 INFO [79/672] completed GCA_006410735.1: UNRESOLVED_ASSEMBLY_GAP
2026-08-16 12:14:45,216 INFO [80/672] completed GCA_006410795.1: UNRESOLVED_ASSEMBLY_GAP
2026-08-16 12:15:09,014 INFO [81/672] completed GCA_006410755.1: UNRESOLVED_ASSEMBLY_GAP
2026-08-16 12:15:10,917 INFO [82/672] completed GCA_006410875.1: UNRESOLVED_ASSEMBLY_GAP
2026-08-16 12:28:18,384 INFO [83/672] completed GCA_006410775.1: UNRESOLVED_ASSEMBLY_GAP
2026-08-16 12:28:23,667 WARNING redownload GCA_006942125.1 attempt 1 failed: New version of client (18.35.0) available at https://ftp.ncbi.nlm.nih.gov/pub/datasets/command-line/LATEST/linux-amd64/datasets.
Error: Download error: stream error: stream ID 5; INTERNAL_ERROR; received from peer

Use datasets download genome accession <command> --help for detailed help about a command.
2026-08-16 12:35:51,406 INFO [84/672] completed GCA_006410935.1: UNRESOLVED_ASSEMBLY_GAP
2026-08-16 12:47:24,103 INFO [85/672] completed GCA_006411685.1: UNRESOLVED_ASSEMBLY_GAP
2026-08-16 12:47:48,751 INFO [86/672] completed GCA_006411015.1: UNRESOLVED_ASSEMBLY_GAP
2026-08-16 12:48:27,442 INFO [87/672] completed GCA_006459105.1: UNRESOLVED_ASSEMBLY_GAP
2026-08-16 12:49:07,792 INFO [88/672] completed GCA_006459085.1: UNRESOLVED_ASSEMBLY_GAP
2026-08-16 12:51:26,331 INFO [89/672] completed GCA_006417275.1: DISRUPTED_POSSIBLE
2026-08-16 12:52:55,727 INFO [90/672] completed GCA_006416875.1: DISRUPTED_POSSIBLE
2026-08-16 12:56:58,607 INFO [91/672] completed GCA_006942125.1: UNRESOLVED_ASSEMBLY_GAP
2026-08-16 12:59:42,022 INFO [92/672] completed GCA_006461545.1: UNRESOLVED_ASSEMBLY_GAP
2026-08-16 13:05:19,683 INFO [93/672] completed GCA_007570765.1: UNRESOLVED_ASSEMBLY_GAP
2026-08-16 13:13:05,580 INFO [94/672] completed GCA_006461725.1: UNRESOLVED_ASSEMBLY_GAP
2026-08-16 13:18:31,310 INFO [95/672] completed GCA_007570785.1: UNRESOLVED_ASSEMBLY_GAP
2026-08-16 13:18:45,302 WARNING redownload GCA_010411085.1 attempt 1 failed: New version of client (18.35.0) available at https://ftp.ncbi.nlm.nih.gov/pub/datasets/command-line/LATEST/linux-amd64/datasets.
Error: Download error: stream error: stream ID 5; INTERNAL_ERROR; received from peer

Use datasets download genome accession <command> --help for detailed help about a command.
2026-08-16 13:19:00,416 WARNING redownload GCA_010411085.1 attempt 2 failed: New version of client (18.35.0) available at https://ftp.ncbi.nlm.nih.gov/pub/datasets/command-line/LATEST/linux-amd64/datasets.
Error: Download error: stream error: stream ID 5; INTERNAL_ERROR; received from peer

Use datasets download genome accession <command> --help for detailed help about a command.
2026-08-16 13:21:59,782 INFO [96/672] completed GCA_007646595.3: UNRESOLVED_ASSEMBLY_GAP
2026-08-16 13:25:23,712 INFO [97/672] completed GCA_007844835.1: UNRESOLVED_ASSEMBLY_GAP
2026-08-16 13:25:39,150 INFO [98/672] completed GCA_008787405.2: UNRESOLVED_ASSEMBLY_GAP
2026-08-16 13:26:05,182 INFO [99/672] completed GCA_008931205.1: UNRESOLVED_ASSEMBLY_GAP
2026-08-16 13:26:09,349 WARNING redownload GCA_012069665.1 attempt 1 failed: New version of client (18.35.0) available at https://ftp.ncbi.nlm.nih.gov/pub/datasets/command-line/LATEST/linux-amd64/datasets.
Error: Download error: stream error: stream ID 5; INTERNAL_ERROR; received from peer

Use datasets download genome accession <command> --help for detailed help about a command.
2026-08-16 13:26:34,158 WARNING redownload GCA_012069665.1 attempt 2 failed: New version of client (18.35.0) available at https://ftp.ncbi.nlm.nih.gov/pub/datasets/command-line/LATEST/linux-amd64/datasets.
Error: Download error: stream error: stream ID 5; INTERNAL_ERROR; received from peer

Use datasets download genome accession <command> --help for detailed help about a command.
2026-08-16 13:29:15,101 INFO [100/672] completed GCA_009493645.1: DISRUPTED_STRONG
2026-08-16 13:31:27,605 INFO [101/672] completed GCA_009493655.1: DISRUPTED_STRONG
2026-08-16 13:34:01,898 INFO [102/672] completed GCA_009758055.1: UNRESOLVED_ASSEMBLY_GAP
2026-08-16 13:36:23,212 INFO [103/672] completed GCA_008782695.1: UNRESOLVED_ASSEMBLY_GAP
2026-08-16 13:46:44,930 INFO [104/672] completed GCA_009823495.1: DISRUPTED_STRONG
2026-08-16 13:49:10,892 INFO [105/672] completed GCA_010411085.1: UNRESOLVED_ASSEMBLY_GAP
2026-08-16 13:55:12,665 INFO [106/672] completed GCA_012070425.1: DISRUPTED_STRONG
2026-08-16 13:55:23,841 INFO [107/672] completed GCA_011170295.1: DISRUPTED_STRONG
2026-08-16 13:57:47,717 INFO [108/672] completed GCA_011751665.1: UNRESOLVED_ASSEMBLY_GAP
2026-08-16 13:58:04,308 WARNING redownload GCA_014726795.1 attempt 1 failed: New version of client (18.35.0) available at https://ftp.ncbi.nlm.nih.gov/pub/datasets/command-line/LATEST/linux-amd64/datasets.
Error: Download error: stream error: stream ID 5; INTERNAL_ERROR; received from peer

Use datasets download genome accession <command> --help for detailed help about a command.
2026-08-16 13:59:52,519 INFO [109/672] completed GCA_012069665.1: DISRUPTED_STRONG
2026-08-16 14:03:57,654 INFO [110/672] completed GCA_012070445.1: DISRUPTED_STRONG
2026-08-16 14:05:01,507 INFO [111/672] completed GCA_012070465.1: DISRUPTED_STRONG
2026-08-16 14:09:06,960 INFO [112/672] completed GCA_012070475.1: DISRUPTED_STRONG
2026-08-16 14:10:10,550 WARNING redownload GCA_015443085.1 attempt 1 failed: New version of client (18.35.0) available at https://ftp.ncbi.nlm.nih.gov/pub/datasets/command-line/LATEST/linux-amd64/datasets.
Error: Download error: stream error: stream ID 5; INTERNAL_ERROR; received from peer

Use datasets download genome accession <command> --help for detailed help about a command.
2026-08-16 14:10:38,943 INFO [113/672] completed GCA_012070485.1: DISRUPTED_STRONG
2026-08-16 14:18:53,959 INFO [114/672] completed GCA_012922965.1: UNRESOLVED_ASSEMBLY_GAP
2026-08-16 14:22:40,183 INFO [115/672] completed GCA_013496395.1: UNRESOLVED_ASSEMBLY_GAP
2026-08-16 14:29:01,117 INFO [116/672] completed GCA_014523465.1: DISRUPTED_STRONG
2026-08-16 14:30:47,759 INFO [117/672] completed GCA_014726795.1: DISRUPTED_STRONG
2026-08-16 14:31:10,457 INFO [118/672] completed GCA_014182915.2: DISRUPTED_STRONG
2026-08-16 14:31:41,028 WARNING redownload GCA_017524585.1 attempt 1 failed: New version of client (18.35.0) available at https://ftp.ncbi.nlm.nih.gov/pub/datasets/command-line/LATEST/linux-amd64/datasets.
Error: Download error: stream error: stream ID 5; INTERNAL_ERROR; received from peer

Use datasets download genome accession <command> --help for detailed help about a command.
2026-08-16 14:34:54,696 INFO [119/672] completed GCA_014898785.1: UNRESOLVED_ASSEMBLY_GAP
2026-08-16 14:35:31,628 INFO [120/672] completed GCA_014754425.2: DISRUPTED_STRONG
2026-08-16 14:38:58,021 INFO [121/672] completed GCA_014926565.1: UNRESOLVED_ASSEMBLY_GAP
2026-08-16 14:39:05,036 WARNING redownload GCA_018282465.1 attempt 1 failed: New version of client (18.35.0) available at https://ftp.ncbi.nlm.nih.gov/pub/datasets/command-line/LATEST/linux-amd64/datasets.
Error: Download error: stream error: stream ID 5; INTERNAL_ERROR; received from peer

Use datasets download genome accession <command> --help for detailed help about a command.
2026-08-16 14:39:19,885 WARNING redownload GCA_018282465.1 attempt 2 failed: New version of client (18.35.0) available at https://ftp.ncbi.nlm.nih.gov/pub/datasets/command-line/LATEST/linux-amd64/datasets.
Error: Download error: stream error: stream ID 5; INTERNAL_ERROR; received from peer

Use datasets download genome accession <command> --help for detailed help about a command.
2026-08-16 14:41:46,988 INFO [122/672] completed GCA_015832495.2: UNRESOLVED_ASSEMBLY_GAP
2026-08-16 14:41:59,941 INFO [123/672] completed GCA_018357025.1: UNRESOLVED
2026-08-16 14:42:24,089 WARNING redownload GCA_018804185.1 attempt 1 failed: New version of client (18.35.0) available at https://ftp.ncbi.nlm.nih.gov/pub/datasets/command-line/LATEST/linux-amd64/datasets.
Error: Download error: stream error: stream ID 5; INTERNAL_ERROR; received from peer

Use datasets download genome accession <command> --help for detailed help about a command.
2026-08-16 14:44:04,543 INFO [124/672] completed GCA_015443085.1: DISRUPTED_STRONG
2026-08-16 14:50:03,825 INFO [125/672] completed GCA_016433095.1: UNRESOLVED_ASSEMBLY_GAP
2026-08-16 14:56:53,777 INFO [126/672] completed GCA_016772045.2: DISRUPTED_STRONG
2026-08-16 15:04:12,066 INFO [127/672] completed GCA_017591445.1: DISRUPTED_STRONG
2026-08-16 15:05:50,966 INFO [128/672] completed GCA_017524585.1: DISRUPTED_STRONG
2026-08-16 15:05:51,885 INFO [129/672] completed GCA_017311355.1: DISRUPTED_POSSIBLE
2026-08-16 15:05:54,193 INFO [130/672] completed GCA_018282235.1: UNRESOLVED_ASSEMBLY_GAP
2026-08-16 15:06:28,633 WARNING redownload GCA_019923935.1 attempt 1 failed: New version of client (18.35.0) available at https://ftp.ncbi.nlm.nih.gov/pub/datasets/command-line/LATEST/linux-amd64/datasets.
Error: Download error: stream error: stream ID 5; INTERNAL_ERROR; received from peer

Use datasets download genome accession <command> --help for detailed help about a command.
2026-08-16 15:06:38,479 WARNING redownload GCA_019969365.1 attempt 1 failed: New version of client (18.35.0) available at https://ftp.ncbi.nlm.nih.gov/pub/datasets/command-line/LATEST/linux-amd64/datasets.
Error: Download error: stream error: stream ID 5; INTERNAL_ERROR; received from peer

Use datasets download genome accession <command> --help for detailed help about a command.
2026-08-16 15:09:51,954 INFO [131/672] completed GCA_018282365.1: DISRUPTED_STRONG
2026-08-16 15:15:12,124 INFO [132/672] completed GCA_018282465.1: DISRUPTED_STRONG
2026-08-16 15:16:53,115 INFO [133/672] completed GCA_019145175.1: DISRUPTED_STRONG
2026-08-16 15:17:01,798 INFO [134/672] completed GCA_018804185.1: DISRUPTED_STRONG
2026-08-16 15:20:12,370 INFO [135/672] completed GCA_019320065.1: UNRESOLVED_ASSEMBLY_GAP
2026-08-16 15:31:01,675 INFO [136/672] completed GCA_019593525.1: UNRESOLVED_ASSEMBLY_GAP
2026-08-16 15:37:50,542 INFO [137/672] completed GCA_019903745.2: UNRESOLVED_ASSEMBLY_GAP
2026-08-16 15:39:07,132 INFO [138/672] completed GCA_019923925.1: DISRUPTED_STRONG
2026-08-16 15:39:50,491 INFO [139/672] completed GCA_019923935.1: UNRESOLVED_ASSEMBLY_GAP
2026-08-16 15:41:52,061 INFO [140/672] completed GCA_020226025.1: DISRUPTED_STRONG
2026-08-16 15:46:40,795 INFO [141/672] completed GCA_019969365.1: UNRESOLVED_ASSEMBLY_GAP
2026-08-16 15:48:43,697 INFO [142/672] completed GCA_020226045.1: DISRUPTED_STRONG
2026-08-16 15:49:34,420 INFO [143/672] completed GCA_020226075.1: UNRESOLVED_ASSEMBLY_GAP
2026-08-16 15:57:52,085 INFO [144/672] completed GCA_020226055.1: DISRUPTED_STRONG
2026-08-16 15:59:23,449 INFO [145/672] completed GCA_020276665.1: DISRUPTED_STRONG
2026-08-16 15:59:46,542 WARNING redownload GCA_021325875.1 attempt 1 failed: New version of client (18.35.0) available at https://ftp.ncbi.nlm.nih.gov/pub/datasets/command-line/LATEST/linux-amd64/datasets.
Error: Download error: stream error: stream ID 5; INTERNAL_ERROR; received from peer

Use datasets download genome accession <command> --help for detailed help about a command.
2026-08-16 16:02:05,382 INFO [146/672] completed GCA_020976825.1: UNRESOLVED
2026-08-16 16:08:06,333 INFO [147/672] completed GCA_021018665.1: UNRESOLVED_ASSEMBLY_GAP
2026-08-16 16:08:38,163 INFO [148/672] completed GCA_021018645.1: UNRESOLVED_ASSEMBLY_GAP
2026-08-16 16:09:32,912 INFO [149/672] completed GCA_021018685.1: UNRESOLVED_ASSEMBLY_GAP
2026-08-16 16:13:23,526 INFO [150/672] completed GCA_021234555.1: DISRUPTED_STRONG
2026-08-16 16:19:25,176 INFO [151/672] completed GCA_021325815.1: DISRUPTED_STRONG
2026-08-16 16:21:25,290 INFO [152/672] completed GCA_021325835.1: DISRUPTED_STRONG
2026-08-16 16:22:38,550 INFO [153/672] completed GCA_021325855.1: DISRUPTED_STRONG
2026-08-16 16:33:11,165 INFO [154/672] completed GCA_021325865.1: DISRUPTED_STRONG
2026-08-16 16:34:42,893 INFO [155/672] completed GCA_021325875.1: DISRUPTED_STRONG
2026-08-16 16:36:02,091 INFO [156/672] completed GCA_021325905.1: DISRUPTED_STRONG
2026-08-16 16:36:58,844 WARNING redownload GCA_021327335.1 attempt 1 failed: New version of client (18.35.0) available at https://ftp.ncbi.nlm.nih.gov/pub/datasets/command-line/LATEST/linux-amd64/datasets.
Error: Download error: stream error: stream ID 5; INTERNAL_ERROR; received from peer

Use datasets download genome accession <command> --help for detailed help about a command.
2026-08-16 16:43:28,010 INFO [157/672] completed GCA_021325935.1: DISRUPTED_STRONG
2026-08-16 16:43:45,162 WARNING redownload GCA_021327355.1 attempt 1 failed: New version of client (18.35.0) available at https://ftp.ncbi.nlm.nih.gov/pub/datasets/command-line/LATEST/linux-amd64/datasets.
Error: Download error: stream error: stream ID 5; INTERNAL_ERROR; received from peer

Use datasets download genome accession <command> --help for detailed help about a command.
2026-08-16 16:44:43,208 INFO [158/672] completed GCA_021326735.1: DISRUPTED_STRONG
2026-08-16 16:44:56,139 INFO [159/672] completed GCA_021326705.1: DISRUPTED_STRONG
2026-08-16 16:48:06,531 INFO [160/672] completed GCA_021326975.1: DISRUPTED_STRONG
2026-08-16 16:54:29,578 INFO [161/672] completed GCA_021327145.1: DISRUPTED_STRONG
2026-08-16 16:54:58,624 WARNING redownload GCA_021328935.1 attempt 1 failed: New version of client (18.35.0) available at https://ftp.ncbi.nlm.nih.gov/pub/datasets/command-line/LATEST/linux-amd64/datasets.
Error: Download error: stream error: stream ID 5; INTERNAL_ERROR; received from peer

Use datasets download genome accession <command> --help for detailed help about a command.
2026-08-16 16:56:47,011 INFO [162/672] completed GCA_021327245.1: DISRUPTED_STRONG
2026-08-16 16:57:04,834 INFO [163/672] completed GCA_021327285.1: DISRUPTED_STRONG
2026-08-16 16:57:33,929 WARNING redownload GCA_021328955.1 attempt 1 failed: New version of client (18.35.0) available at https://ftp.ncbi.nlm.nih.gov/pub/datasets/command-line/LATEST/linux-amd64/datasets.
Error: Download error: stream error: stream ID 5; INTERNAL_ERROR; received from peer

Use datasets download genome accession <command> --help for detailed help about a command.
2026-08-16 16:57:37,226 WARNING redownload GCA_021328945.1 attempt 1 failed: New version of client (18.35.0) available at https://ftp.ncbi.nlm.nih.gov/pub/datasets/command-line/LATEST/linux-amd64/datasets.
Error: Download error: stream error: stream ID 5; INTERNAL_ERROR; received from peer

Use datasets download genome accession <command> --help for detailed help about a command.
2026-08-16 17:08:08,638 INFO [164/672] completed GCA_021327305.1: DISRUPTED_STRONG
2026-08-16 17:09:12,296 WARNING redownload GCA_021328995.1 attempt 1 failed: New version of client (18.35.0) available at https://ftp.ncbi.nlm.nih.gov/pub/datasets/command-line/LATEST/linux-amd64/datasets.
Error: Download error: stream error: stream ID 5; INTERNAL_ERROR; received from peer

Use datasets download genome accession <command> --help for detailed help about a command.
2026-08-16 17:09:37,621 INFO [165/672] completed GCA_021327315.1: DISRUPTED_STRONG
2026-08-16 17:10:04,647 WARNING redownload GCA_021328995.1 attempt 2 failed: New version of client (18.35.0) available at https://ftp.ncbi.nlm.nih.gov/pub/datasets/command-line/LATEST/linux-amd64/datasets.
Error: Download error: stream error: stream ID 5; INTERNAL_ERROR; received from peer

Use datasets download genome accession <command> --help for detailed help about a command.
2026-08-16 17:11:05,837 INFO [166/672] completed GCA_021327335.1: DISRUPTED_STRONG
2026-08-16 17:16:56,215 INFO [167/672] completed GCA_021327355.1: DISRUPTED_STRONG
2026-08-16 17:17:08,622 INFO [168/672] completed GCA_021327395.1: DISRUPTED_STRONG
2026-08-16 17:17:30,280 WARNING redownload GCA_022244695.1 attempt 1 failed: New version of client (18.35.0) available at https://ftp.ncbi.nlm.nih.gov/pub/datasets/command-line/LATEST/linux-amd64/datasets.
Error: Download error: stream error: stream ID 5; INTERNAL_ERROR; received from peer

Use datasets download genome accession <command> --help for detailed help about a command.
2026-08-16 17:17:44,507 INFO [169/672] completed GCA_021327375.1: DISRUPTED_STRONG
2026-08-16 17:17:48,412 WARNING redownload GCA_022376915.1 attempt 1 failed: New version of client (18.35.0) available at https://ftp.ncbi.nlm.nih.gov/pub/datasets/command-line/LATEST/linux-amd64/datasets.
Error: Download error: stream error: stream ID 5; INTERNAL_ERROR; received from peer

Use datasets download genome accession <command> --help for detailed help about a command.
2026-08-16 17:19:52,431 INFO [170/672] completed GCA_021327435.1: DISRUPTED_STRONG
2026-08-16 17:19:57,295 WARNING redownload GCA_022376915.1 attempt 2 failed: New version of client (18.35.0) available at https://ftp.ncbi.nlm.nih.gov/pub/datasets/command-line/LATEST/linux-amd64/datasets.
Error: Download error: stream error: stream ID 5; INTERNAL_ERROR; received from peer

Use datasets download genome accession <command> --help for detailed help about a command.
2026-08-16 17:23:55,815 INFO [171/672] completed GCA_021328935.1: DISRUPTED_STRONG
2026-08-16 17:24:43,806 WARNING redownload GCA_022416685.1 attempt 1 failed: New version of client (18.35.0) available at https://ftp.ncbi.nlm.nih.gov/pub/datasets/command-line/LATEST/linux-amd64/datasets.
Error: Download error: stream error: stream ID 5; INTERNAL_ERROR; received from peer

Use datasets download genome accession <command> --help for detailed help about a command.
2026-08-16 17:25:14,153 WARNING redownload GCA_022416685.1 attempt 2 failed: New version of client (18.35.0) available at https://ftp.ncbi.nlm.nih.gov/pub/datasets/command-line/LATEST/linux-amd64/datasets.
Error: Download error: stream error: stream ID 5; INTERNAL_ERROR; received from peer

Use datasets download genome accession <command> --help for detailed help about a command.
2026-08-16 17:25:54,017 INFO [172/672] completed GCA_021328945.1: DISRUPTED_STRONG
2026-08-16 17:26:27,874 INFO [173/672] completed GCA_021328955.1: DISRUPTED_STRONG
2026-08-16 17:26:32,762 WARNING redownload GCA_022416725.1 attempt 1 failed: New version of client (18.35.0) available at https://ftp.ncbi.nlm.nih.gov/pub/datasets/command-line/LATEST/linux-amd64/datasets.
Error: Download error: stream error: stream ID 5; INTERNAL_ERROR; received from peer

Use datasets download genome accession <command> --help for detailed help about a command.
2026-08-16 17:26:33,169 WARNING redownload GCA_022416695.1 attempt 1 failed: New version of client (18.35.0) available at https://ftp.ncbi.nlm.nih.gov/pub/datasets/command-line/LATEST/linux-amd64/datasets.
Error: Download error: stream error: stream ID 5; INTERNAL_ERROR; received from peer

Use datasets download genome accession <command> --help for detailed help about a command.
2026-08-16 17:28:40,387 WARNING redownload GCA_022416695.1 attempt 2 failed: New version of client (18.35.0) available at https://ftp.ncbi.nlm.nih.gov/pub/datasets/command-line/LATEST/linux-amd64/datasets.
Error: Download error: stream error: stream ID 5; INTERNAL_ERROR; received from peer

Use datasets download genome accession <command> --help for detailed help about a command.
2026-08-16 17:41:46,957 INFO [174/672] completed GCA_021347905.1: DISRUPTED_STRONG
2026-08-16 17:49:15,797 INFO [175/672] completed GCA_021328995.1: DISRUPTED_STRONG
2026-08-16 17:51:11,153 INFO [176/672] completed GCA_021462335.1: UNRESOLVED_ASSEMBLY_GAP
2026-08-16 17:51:49,081 WARNING redownload GCA_022416775.1 attempt 1 failed: New version of client (18.35.0) available at https://ftp.ncbi.nlm.nih.gov/pub/datasets/command-line/LATEST/linux-amd64/datasets.
Error: Download error: stream error: stream ID 5; INTERNAL_ERROR; received from peer

Use datasets download genome accession <command> --help for detailed help about a command.
2026-08-16 17:53:52,250 INFO [177/672] completed GCA_022244695.1: DISRUPTED_STRONG
2026-08-16 17:55:18,338 INFO [178/672] completed GCA_022244705.1: DISRUPTED_STRONG
2026-08-16 17:55:40,647 INFO [179/672] completed GCA_022376915.1: DISRUPTED_STRONG
2026-08-16 17:58:24,310 INFO [180/672] completed GCA_022376925.1: DISRUPTED_STRONG
2026-08-16 18:00:13,028 WARNING redownload GCA_022432835.1 attempt 1 failed: New version of client (18.35.0) available at https://ftp.ncbi.nlm.nih.gov/pub/datasets/command-line/LATEST/linux-amd64/datasets.
Error: Download error: stream error: stream ID 5; INTERNAL_ERROR; received from peer

Use datasets download genome accession <command> --help for detailed help about a command.
2026-08-16 18:01:46,722 INFO [181/672] completed GCA_022416685.1: DISRUPTED_STRONG
2026-08-16 18:02:06,559 INFO [182/672] completed GCA_022416725.1: DISRUPTED_STRONG
2026-08-16 18:02:12,399 WARNING redownload GCA_022432845.1 attempt 1 failed: New version of client (18.35.0) available at https://ftp.ncbi.nlm.nih.gov/pub/datasets/command-line/LATEST/linux-amd64/datasets.
Error: Download error: stream error: stream ID 5; INTERNAL_ERROR; received from peer

Use datasets download genome accession <command> --help for detailed help about a command.
2026-08-16 18:02:58,408 WARNING redownload GCA_022457185.1 attempt 1 failed: New version of client (18.35.0) available at https://ftp.ncbi.nlm.nih.gov/pub/datasets/command-line/LATEST/linux-amd64/datasets.
Error: Download error: stream error: stream ID 5; INTERNAL_ERROR; received from peer

Use datasets download genome accession <command> --help for detailed help about a command.
2026-08-16 18:03:49,949 INFO [183/672] completed GCA_022416695.1: DISRUPTED_STRONG
2026-08-16 18:04:56,098 WARNING redownload GCA_022457235.1 attempt 1 failed: New version of client (18.35.0) available at https://ftp.ncbi.nlm.nih.gov/pub/datasets/command-line/LATEST/linux-amd64/datasets.
Error: Internal error (invalid zip archive). Please try again

Use datasets download genome accession <command> --help for detailed help about a command.
2026-08-16 18:12:06,513 INFO [184/672] completed GCA_022416745.1: DISRUPTED_STRONG
2026-08-16 18:21:29,405 INFO [185/672] completed GCA_022416755.1: DISRUPTED_STRONG
2026-08-16 18:23:51,100 INFO [186/672] completed GCA_022416775.1: DISRUPTED_STRONG
2026-08-16 18:27:44,170 INFO [187/672] completed GCA_022416785.1: DISRUPTED_STRONG
2026-08-16 18:28:12,803 INFO [188/672] completed GCA_022432825.1: DISRUPTED_STRONG
2026-08-16 18:28:56,393 INFO [189/672] completed GCA_022416915.1: DISRUPTED_STRONG
2026-08-16 18:42:26,662 INFO [190/672] completed GCA_022432835.1: DISRUPTED_STRONG
2026-08-16 18:43:09,812 INFO [191/672] completed GCA_022457185.1: DISRUPTED_STRONG
2026-08-16 18:43:48,406 INFO [192/672] completed GCA_022457235.1: UNRESOLVED_ASSEMBLY_GAP
2026-08-16 18:43:48,462 INFO [193/672] completed GCA_022432845.1: DISRUPTED_STRONG
2026-08-16 18:46:41,913 INFO [194/672] completed GCA_022533635.2: UNRESOLVED_ASSEMBLY_GAP
2026-08-16 18:57:33,564 INFO [195/672] completed GCA_022538005.1: DISRUPTED_STRONG
2026-08-16 18:58:08,768 INFO [196/672] completed GCA_022702505.1: DISRUPTED_STRONG
2026-08-16 19:01:11,427 INFO [197/672] completed GCA_023699985.4: DISRUPTED_STRONG
2026-08-16 19:02:00,349 INFO [198/672] completed GCA_022702665.1: DISRUPTED_STRONG
2026-08-16 19:02:55,965 INFO [199/672] completed GCA_023091745.2: DISRUPTED_STRONG
2026-08-16 19:17:46,234 INFO [200/672] completed GCA_023701655.1: DISRUPTED_STRONG
2026-08-16 19:20:39,170 INFO [201/672] completed GCA_024222135.1: DISRUPTED_STRONG
2026-08-16 19:21:10,268 INFO [202/672] completed GCA_024222175.1: DISRUPTED_STRONG
2026-08-16 19:21:17,618 INFO [203/672] completed GCA_023701675.1: DISRUPTED_STRONG
2026-08-16 19:22:58,839 INFO [204/672] completed GCA_024222185.1: DISRUPTED_STRONG
2026-08-16 19:33:22,886 INFO [205/672] completed GCA_024291935.2: DISRUPTED_STRONG
2026-08-16 19:34:28,079 INFO [206/672] completed GCA_024256485.1: DISRUPTED_STRONG
2026-08-16 19:34:50,822 INFO [207/672] completed GCA_024222265.1: DISRUPTED_STRONG
2026-08-16 19:34:56,696 WARNING redownload GCA_027580195.2 attempt 1 failed: New version of client (18.35.0) available at https://ftp.ncbi.nlm.nih.gov/pub/datasets/command-line/LATEST/linux-amd64/datasets.
Error: Download error: stream error: stream ID 5; INTERNAL_ERROR; received from peer

Use datasets download genome accession <command> --help for detailed help about a command.
2026-08-16 19:34:57,526 WARNING redownload GCA_027580245.1 attempt 1 failed: New version of client (18.35.0) available at https://ftp.ncbi.nlm.nih.gov/pub/datasets/command-line/LATEST/linux-amd64/datasets.
Error: Download error: stream error: stream ID 5; INTERNAL_ERROR; received from peer

Use datasets download genome accession <command> --help for detailed help about a command.
2026-08-16 19:37:14,394 INFO [208/672] completed GCA_024256505.1: DISRUPTED_STRONG
2026-08-16 19:38:37,572 INFO [209/672] completed GCA_024542955.1: UNRESOLVED_ASSEMBLY_GAP
2026-08-16 19:50:46,677 INFO [210/672] completed GCA_025584935.1: DISRUPTED_POSSIBLE
2026-08-16 19:53:16,203 INFO [211/672] completed GCA_026262375.1: DISRUPTED_STRONG
2026-08-16 19:53:54,971 INFO [212/672] completed GCA_026262515.1: DISRUPTED_STRONG
2026-08-16 19:54:04,430 INFO [213/672] completed GCA_026262465.1: DISRUPTED_STRONG
2026-08-16 19:55:35,156 INFO [214/672] completed GCA_026262545.1: DISRUPTED_STRONG
2026-08-16 19:56:53,117 WARNING redownload GCA_030267345.1 attempt 1 failed: New version of client (18.35.0) available at https://ftp.ncbi.nlm.nih.gov/pub/datasets/command-line/LATEST/linux-amd64/datasets.
Error: Download error: stream error: stream ID 5; INTERNAL_ERROR; received from peer

Use datasets download genome accession <command> --help for detailed help about a command.
2026-08-16 20:06:43,727 INFO [215/672] completed GCA_026652205.1: DISRUPTED_STRONG
2026-08-16 20:09:04,969 INFO [216/672] completed GCA_027580245.1: DISRUPTED_STRONG
2026-08-16 20:09:38,892 INFO [217/672] completed GCA_027580195.2: DISRUPTED_STRONG
2026-08-16 20:10:59,924 INFO [218/672] completed GCA_028583565.1: DISRUPTED_STRONG
2026-08-16 20:18:09,806 INFO [219/672] completed GCA_028973685.2: DISRUPTED_STRONG
2026-08-16 20:23:49,604 INFO [220/672] completed GCA_029378735.1: DISRUPTED_STRONG
2026-08-16 20:27:06,639 INFO [221/672] completed GCA_029378745.1: DISRUPTED_STRONG
2026-08-16 20:30:53,623 INFO [222/672] completed GCA_029407905.2: DISRUPTED_STRONG
2026-08-16 20:32:04,861 INFO [223/672] completed GCA_030267345.1: DISRUPTED_STRONG
2026-08-16 20:32:32,809 INFO [224/672] completed GCA_030254855.1: DISRUPTED_STRONG
2026-08-16 20:40:49,216 INFO [225/672] completed GCA_030267355.1: DISRUPTED_STRONG
2026-08-16 20:46:29,497 INFO [226/672] completed GCA_030269505.1: DISRUPTED_STRONG
2026-08-16 20:46:47,084 INFO [227/672] completed GCA_030267375.1: DISRUPTED_STRONG
2026-08-16 20:47:24,029 INFO [228/672] completed GCA_030269805.1: DISRUPTED_STRONG
2026-08-16 20:52:25,354 INFO [229/672] completed GCA_030269815.1: DISRUPTED_STRONG
2026-08-16 20:58:04,703 INFO [230/672] completed GCA_030270685.1: DISRUPTED_STRONG
2026-08-16 21:01:10,056 INFO [231/672] completed GCA_030270705.1: DISRUPTED_STRONG
2026-08-16 21:05:53,189 INFO [232/672] completed GCA_030270715.1: DISRUPTED_STRONG
2026-08-16 21:05:54,414 INFO [233/672] completed GCA_030270725.1: DISRUPTED_STRONG
2026-08-16 21:07:07,306 INFO [234/672] completed GCA_030270805.1: DISRUPTED_STRONG
2026-08-16 21:14:08,287 INFO [235/672] completed GCA_030270825.1: DISRUPTED_STRONG
2026-08-16 21:20:10,414 INFO [236/672] completed GCA_030270845.1: DISRUPTED_STRONG
2026-08-16 21:20:54,654 INFO [237/672] completed GCA_030270855.1: DISRUPTED_STRONG
2026-08-16 21:21:36,405 INFO [238/672] completed GCA_030270865.1: DISRUPTED_STRONG
2026-08-16 21:26:27,429 INFO [239/672] completed GCA_030270935.1: DISRUPTED_STRONG
2026-08-16 21:26:31,959 WARNING redownload GCA_030272505.1 attempt 1 failed: New version of client (18.35.0) available at https://ftp.ncbi.nlm.nih.gov/pub/datasets/command-line/LATEST/linux-amd64/datasets.
Error: Download error: stream error: stream ID 5; INTERNAL_ERROR; received from peer

Use datasets download genome accession <command> --help for detailed help about a command.
2026-08-16 21:32:27,290 INFO [240/672] completed GCA_030270945.1: DISRUPTED_STRONG
2026-08-16 21:33:19,857 INFO [241/672] completed GCA_030378505.1: UNRESOLVED
2026-08-16 21:33:43,918 INFO [242/672] completed GCA_030512445.1: UNRESOLVED
2026-08-16 21:35:54,677 INFO [243/672] completed GCA_030270955.1: DISRUPTED_STRONG
2026-08-16 21:40:05,000 INFO [244/672] completed GCA_030270995.1: DISRUPTED_STRONG
2026-08-16 21:41:19,535 INFO [245/672] completed GCA_030271795.1: DISRUPTED_STRONG
2026-08-16 21:42:28,999 INFO [246/672] completed GCA_030271805.1: DISRUPTED_STRONG
2026-08-16 21:48:03,781 INFO [247/672] completed GCA_030272135.1: DISRUPTED_STRONG
2026-08-16 21:55:39,021 INFO [248/672] completed GCA_030272475.1: DISRUPTED_STRONG
2026-08-16 21:55:43,336 INFO [249/672] completed GCA_030272495.1: UNRESOLVED_ASSEMBLY_GAP
2026-08-16 21:55:44,248 WARNING redownload GCA_033118175.2 attempt 1 failed: New version of client (18.35.0) available at https://ftp.ncbi.nlm.nih.gov/pub/datasets/command-line/LATEST/linux-amd64/datasets.
Error: Download error: stream error: stream ID 5; INTERNAL_ERROR; received from peer

Use datasets download genome accession <command> --help for detailed help about a command.
2026-08-16 21:56:28,279 INFO [250/672] completed GCA_030272235.1: DISRUPTED_STRONG
2026-08-16 21:59:34,880 INFO [251/672] completed GCA_030272505.1: DISRUPTED_STRONG
2026-08-16 22:04:03,711 INFO [252/672] completed GCA_030847515.1: DISRUPTED_POSSIBLE
2026-08-16 22:04:47,598 WARNING redownload GCA_034233915.1 attempt 1 failed: New version of client (18.35.0) available at https://ftp.ncbi.nlm.nih.gov/pub/datasets/command-line/LATEST/linux-amd64/datasets.
Error: Download error: stream error: stream ID 5; INTERNAL_ERROR; received from peer

Use datasets download genome accession <command> --help for detailed help about a command.
2026-08-16 22:07:50,751 INFO [253/672] completed GCA_032433645.1: DISRUPTED_POSSIBLE
2026-08-16 22:11:00,564 INFO [254/672] completed GCA_032405125.2: DISRUPTED_STRONG
2026-08-16 22:15:56,152 INFO [255/672] completed GCA_033030755.1: DISRUPTED_STRONG
2026-08-16 22:18:09,763 INFO [256/672] completed GCA_032452875.1: DISRUPTED_STRONG
2026-08-16 22:19:59,260 INFO [257/672] completed GCA_033032115.1: DISRUPTED_STRONG
2026-08-16 22:20:42,435 WARNING redownload GCA_039877825.1 attempt 1 failed: New version of client (18.35.0) available at https://ftp.ncbi.nlm.nih.gov/pub/datasets/command-line/LATEST/linux-amd64/datasets.
Error: Download error: stream error: stream ID 5; INTERNAL_ERROR; received from peer

Use datasets download genome accession <command> --help for detailed help about a command.
2026-08-16 22:32:57,983 INFO [258/672] completed GCA_033439445.1: DISRUPTED_STRONG
2026-08-16 22:34:03,167 INFO [259/672] completed GCA_034195675.1: DISRUPTED_STRONG
2026-08-16 22:35:16,411 INFO [260/672] completed GCA_034097375.1: DISRUPTED_STRONG
2026-08-16 22:35:17,337 INFO [261/672] completed GCA_033118175.2: DISRUPTED_STRONG
2026-08-16 22:36:38,417 INFO [262/672] completed GCA_034233915.1: DISRUPTED_STRONG
2026-08-16 22:36:43,106 INFO [263/672] completed GCA_034234005.1: UNRESOLVED_ASSEMBLY_GAP
2026-08-16 22:46:45,566 INFO [264/672] completed GCA_038502695.1: DISRUPTED_POSSIBLE
2026-08-16 22:47:31,250 INFO [265/672] completed GCA_038501445.1: UNRESOLVED_ASSEMBLY_GAP
2026-08-16 22:47:58,135 WARNING redownload GCA_040286185.1 attempt 1 failed: New version of client (18.35.0) available at https://ftp.ncbi.nlm.nih.gov/pub/datasets/command-line/LATEST/linux-amd64/datasets.
Error: Download error: stream error: stream ID 5; INTERNAL_ERROR; received from peer

Use datasets download genome accession <command> --help for detailed help about a command.
2026-08-16 22:48:00,290 WARNING redownload GCA_040438115.1 attempt 1 failed: New version of client (18.35.0) available at https://ftp.ncbi.nlm.nih.gov/pub/datasets/command-line/LATEST/linux-amd64/datasets.
Error: Download error: stream error: stream ID 5; INTERNAL_ERROR; received from peer

Use datasets download genome accession <command> --help for detailed help about a command.
2026-08-16 22:49:13,938 WARNING redownload GCA_040286185.1 attempt 2 failed: New version of client (18.35.0) available at https://ftp.ncbi.nlm.nih.gov/pub/datasets/command-line/LATEST/linux-amd64/datasets.
Error: Download error: stream error: stream ID 5; INTERNAL_ERROR; received from peer

Use datasets download genome accession <command> --help for detailed help about a command.
2026-08-16 22:52:16,675 INFO [266/672] completed GCA_038088365.1: DISRUPTED_STRONG
2026-08-16 22:52:52,581 INFO [267/672] completed GCA_039877825.1: DISRUPTED_STRONG
2026-08-16 23:07:24,329 INFO [268/672] completed GCA_039881165.1: DISRUPTED_STRONG
2026-08-16 23:08:15,073 WARNING redownload GCA_040806595.1 attempt 1 failed: New version of client (18.35.0) available at https://ftp.ncbi.nlm.nih.gov/pub/datasets/command-line/LATEST/linux-amd64/datasets.
Error: Download error: stream error: stream ID 5; INTERNAL_ERROR; received from peer

Use datasets download genome accession <command> --help for detailed help about a command.
2026-08-16 23:08:15,441 INFO [269/672] completed GCA_039881175.1: DISRUPTED_STRONG
2026-08-16 23:11:22,336 INFO [270/672] completed GCA_040085125.1: DISRUPTED_STRONG
2026-08-16 23:13:32,415 INFO [271/672] completed GCA_040259355.1: DISRUPTED_STRONG
2026-08-16 23:14:34,329 INFO [272/672] completed GCA_040285425.1: DISRUPTED_STRONG
2026-08-16 23:15:19,218 INFO [273/672] completed GCA_040182635.1: DISRUPTED_STRONG
2026-08-16 23:27:39,495 INFO [274/672] completed GCA_040438115.1: UNRESOLVED_ASSEMBLY_GAP
2026-08-16 23:28:41,096 INFO [275/672] completed GCA_040805955.1: DISRUPTED_STRONG
2026-08-16 23:29:03,973 INFO [276/672] completed GCA_040543055.1: DISRUPTED_STRONG
2026-08-16 23:29:06,301 INFO [277/672] completed GCA_040286185.1: DISRUPTED_STRONG
2026-08-16 23:41:47,777 INFO [278/672] completed GCA_040822015.1: DISRUPTED_STRONG
2026-08-16 23:43:34,951 INFO [279/672] completed GCA_040806595.1: DISRUPTED_STRONG
2026-08-16 23:44:23,232 INFO [280/672] completed GCA_040836155.1: DISRUPTED_STRONG
2026-08-16 23:48:24,688 INFO [281/672] completed GCA_041053135.1: DISRUPTED_STRONG
2026-08-16 23:49:02,659 WARNING redownload GCA_042835985.1 attempt 1 failed: New version of client (18.35.0) available at https://ftp.ncbi.nlm.nih.gov/pub/datasets/command-line/LATEST/linux-amd64/datasets.
Error: Download error: stream error: stream ID 5; INTERNAL_ERROR; received from peer

Use datasets download genome accession <command> --help for detailed help about a command.
2026-08-16 23:49:09,153 INFO [282/672] completed GCA_040970035.1: DISRUPTED_STRONG
2026-08-16 23:50:03,401 INFO [283/672] completed GCA_041121725.1: DISRUPTED_STRONG
2026-08-16 23:50:57,026 INFO [284/672] completed GCA_042859625.1: UNRESOLVED
2026-08-17 00:02:54,136 INFO [285/672] completed GCA_041156055.1: DISRUPTED_STRONG
2026-08-17 00:03:32,267 INFO [286/672] completed GCA_041920685.1: DISRUPTED_STRONG
2026-08-17 00:04:39,096 INFO [287/672] completed GCA_041736475.1: DISRUPTED_STRONG
2026-08-17 00:04:56,376 INFO [288/672] completed GCA_041735815.1: DISRUPTED_STRONG
2026-08-17 00:18:36,087 INFO [289/672] completed GCA_042767535.1: DISRUPTED_STRONG
2026-08-17 00:19:36,186 INFO [290/672] completed GCA_042477335.2: DISRUPTED_STRONG
2026-08-17 00:21:36,422 WARNING redownload GCA_044587945.1 attempt 1 failed: New version of client (18.35.0) available at https://ftp.ncbi.nlm.nih.gov/pub/datasets/command-line/LATEST/linux-amd64/datasets.
Error: Download error: stream error: stream ID 5; INTERNAL_ERROR; received from peer

Use datasets download genome accession <command> --help for detailed help about a command.
2026-08-17 00:23:26,476 INFO [291/672] completed GCA_042835985.1: DISRUPTED_STRONG
2026-08-17 00:25:10,433 INFO [292/672] completed GCA_043643345.1: DISRUPTED_STRONG
2026-08-17 00:25:35,227 WARNING redownload GCA_046464075.1 attempt 1 failed: New version of client (18.35.0) available at https://ftp.ncbi.nlm.nih.gov/pub/datasets/command-line/LATEST/linux-amd64/datasets.
Error: Download error: stream error: stream ID 5; INTERNAL_ERROR; received from peer

Use datasets download genome accession <command> --help for detailed help about a command.
2026-08-17 00:27:09,791 INFO [293/672] completed GCA_042768445.1: DISRUPTED_STRONG
2026-08-17 00:29:58,002 INFO [294/672] completed GCA_043882115.1: DISRUPTED_STRONG
2026-08-17 00:37:55,542 INFO [295/672] completed GCA_044231825.1: DISRUPTED_STRONG
2026-08-17 00:38:23,079 INFO [296/672] completed GCA_044509215.1: DISRUPTED_STRONG
2026-08-17 00:39:25,920 INFO [297/672] completed GCA_044587935.1: DISRUPTED_STRONG
2026-08-17 00:40:02,109 INFO [298/672] completed GCA_044587905.1: DISRUPTED_STRONG
2026-08-17 00:55:14,160 INFO [299/672] completed GCA_044588015.1: DISRUPTED_STRONG
2026-08-17 00:56:06,316 WARNING redownload GCA_048593975.1 attempt 1 failed: New version of client (18.35.0) available at https://ftp.ncbi.nlm.nih.gov/pub/datasets/command-line/LATEST/linux-amd64/datasets.
Error: Download error: stream error: stream ID 5; INTERNAL_ERROR; received from peer

Use datasets download genome accession <command> --help for detailed help about a command.
2026-08-17 00:56:18,458 INFO [300/672] completed GCA_045269445.1: DISRUPTED_STRONG
2026-08-17 00:59:17,861 INFO [301/672] completed GCA_044587945.1: DISRUPTED_STRONG
2026-08-17 00:59:48,211 WARNING redownload GCA_048594065.1 attempt 1 failed: New version of client (18.35.0) available at https://ftp.ncbi.nlm.nih.gov/pub/datasets/command-line/LATEST/linux-amd64/datasets.
Error: Download error: stream error: stream ID 5; INTERNAL_ERROR; received from peer

Use datasets download genome accession <command> --help for detailed help about a command.
2026-08-17 01:02:39,138 INFO [302/672] completed GCA_046464075.1: DISRUPTED_STRONG
2026-08-17 01:03:59,852 WARNING redownload GCA_048594125.1 attempt 1 failed: New version of client (18.35.0) available at https://ftp.ncbi.nlm.nih.gov/pub/datasets/command-line/LATEST/linux-amd64/datasets.
Error: Download error: stream error: stream ID 5; INTERNAL_ERROR; received from peer

Use datasets download genome accession <command> --help for detailed help about a command.
2026-08-17 01:05:32,866 INFO [303/672] completed GCA_046563475.2: DISRUPTED_STRONG
2026-08-17 01:07:10,699 INFO [304/672] completed GCA_047652215.1: DISRUPTED_STRONG
2026-08-17 01:07:17,134 WARNING redownload GCA_048594165.1 attempt 1 failed: New version of client (18.35.0) available at https://ftp.ncbi.nlm.nih.gov/pub/datasets/command-line/LATEST/linux-amd64/datasets.
Error: Download error: stream error: stream ID 5; INTERNAL_ERROR; received from peer

Use datasets download genome accession <command> --help for detailed help about a command.
2026-08-17 01:13:01,453 INFO [305/672] completed GCA_048127045.1: DISRUPTED_STRONG
2026-08-17 01:14:21,684 INFO [306/672] completed GCA_047671635.1: DISRUPTED_STRONG
2026-08-17 01:14:29,324 INFO [307/672] completed GCA_048126745.1: DISRUPTED_STRONG
2026-08-17 01:15:49,571 INFO [308/672] completed GCA_047671655.1: DISRUPTED_STRONG
2026-08-17 01:30:41,890 INFO [309/672] completed GCA_048594055.1: DISRUPTED_STRONG
2026-08-17 01:31:14,285 INFO [310/672] completed GCA_048593975.1: DISRUPTED_STRONG
2026-08-17 01:34:59,571 INFO [311/672] completed GCA_048594065.1: DISRUPTED_STRONG
2026-08-17 01:35:28,254 WARNING redownload GCA_049004495.1 attempt 1 failed: New version of client (18.35.0) available at https://ftp.ncbi.nlm.nih.gov/pub/datasets/command-line/LATEST/linux-amd64/datasets.
Error: Download error: stream error: stream ID 5; INTERNAL_ERROR; received from peer

Use datasets download genome accession <command> --help for detailed help about a command.
2026-08-17 01:40:34,601 INFO [312/672] completed GCA_048594125.1: DISRUPTED_STRONG
2026-08-17 01:41:19,439 INFO [313/672] completed GCA_048594135.1: DISRUPTED_STRONG
2026-08-17 01:44:22,492 INFO [314/672] completed GCA_048594165.1: DISRUPTED_STRONG
2026-08-17 01:49:16,507 INFO [315/672] completed GCA_048598025.1: DISRUPTED_STRONG
2026-08-17 01:50:59,340 INFO [316/672] completed GCA_048598065.1: DISRUPTED_STRONG
2026-08-17 01:51:12,490 INFO [317/672] completed GCA_048598055.1: DISRUPTED_STRONG
2026-08-17 01:51:54,449 WARNING redownload GCA_049634505.1 attempt 1 failed: New version of client (18.35.0) available at https://ftp.ncbi.nlm.nih.gov/pub/datasets/command-line/LATEST/linux-amd64/datasets.
Error: Download error: stream error: stream ID 5; INTERNAL_ERROR; received from peer

Use datasets download genome accession <command> --help for detailed help about a command.
2026-08-17 01:52:36,661 INFO [318/672] completed GCA_048598825.1: DISRUPTED_STRONG
2026-08-17 02:07:18,911 INFO [319/672] completed GCA_049004405.1: DISRUPTED_STRONG
2026-08-17 02:07:20,616 INFO [320/672] completed GCA_049004455.1: DISRUPTED_STRONG
2026-08-17 02:11:14,667 INFO [321/672] completed GCA_049004495.1: DISRUPTED_STRONG
2026-08-17 02:16:38,738 INFO [322/672] completed GCA_049004535.1: UNRESOLVED_ASSEMBLY_GAP
2026-08-17 02:16:56,144 INFO [323/672] completed GCA_049004595.1: DISRUPTED_STRONG
2026-08-17 02:19:52,438 INFO [324/672] completed GCA_049004675.1: DISRUPTED_STRONG
2026-08-17 02:26:06,650 INFO [325/672] completed GCA_049115385.1: DISRUPTED_STRONG
2026-08-17 02:31:28,647 INFO [326/672] completed GCA_049634445.1: DISRUPTED_STRONG
2026-08-17 02:32:06,082 INFO [327/672] completed GCA_049634505.1: DISRUPTED_STRONG
2026-08-17 02:32:44,055 INFO [328/672] completed GCA_049634545.1: DISRUPTED_STRONG
2026-08-17 02:46:02,749 INFO [329/672] completed GCA_049634565.1: DISRUPTED_STRONG
2026-08-17 02:47:41,258 INFO [330/672] completed GCA_049634675.1: DISRUPTED_STRONG
2026-08-17 02:51:32,130 INFO [331/672] completed GCA_050084595.1: DISRUPTED_STRONG
2026-08-17 02:52:19,829 INFO [332/672] completed GCA_050059765.1: DISRUPTED_STRONG
2026-08-17 02:52:25,303 INFO [333/672] completed GCA_049634715.1: DISRUPTED_STRONG
2026-08-17 02:55:54,366 INFO [334/672] completed GCA_050084895.1: DISRUPTED_STRONG
2026-08-17 03:00:47,322 INFO [335/672] completed GCA_050436925.1: UNRESOLVED_ASSEMBLY_GAP
2026-08-17 03:08:43,908 INFO [336/672] completed GCA_051106085.1: DISRUPTED_STRONG
2026-08-17 03:10:17,709 INFO [337/672] completed GCA_051122635.1: DISRUPTED_STRONG
2026-08-17 03:10:41,544 INFO [338/672] completed GCA_050916685.1: DISRUPTED_STRONG
2026-08-17 03:17:20,445 INFO [339/672] completed GCA_051176575.2: DISRUPTED_STRONG
2026-08-17 03:19:24,712 INFO [340/672] completed GCA_051176615.2: DISRUPTED_STRONG
2026-08-17 03:25:53,797 INFO [341/672] completed GCA_053525375.1: DISRUPTED_STRONG
2026-08-17 03:27:32,318 INFO [342/672] completed GCA_051307275.1: DISRUPTED_STRONG
2026-08-17 03:28:20,225 WARNING redownload GCA_054824845.1 attempt 1 failed: New version of client (18.35.0) available at https://ftp.ncbi.nlm.nih.gov/pub/datasets/command-line/LATEST/linux-amd64/datasets.
Error: Download error: stream error: stream ID 5; INTERNAL_ERROR; received from peer

Use datasets download genome accession <command> --help for detailed help about a command.
2026-08-17 03:29:14,199 INFO [343/672] completed GCA_052324755.1: DISRUPTED_STRONG
2026-08-17 03:29:47,257 WARNING redownload GCA_054824865.1 attempt 1 failed: New version of client (18.35.0) available at https://ftp.ncbi.nlm.nih.gov/pub/datasets/command-line/LATEST/linux-amd64/datasets.
Error: Download error: stream error: stream ID 5; INTERNAL_ERROR; received from peer

Use datasets download genome accession <command> --help for detailed help about a command.
2026-08-17 03:41:10,301 INFO [344/672] completed GCA_054371575.1: DISRUPTED_STRONG
2026-08-17 03:43:31,262 INFO [345/672] completed GCA_054371585.1: DISRUPTED_STRONG
2026-08-17 03:44:36,578 INFO [346/672] completed GCA_054126965.1: DISRUPTED_STRONG
2026-08-17 03:45:36,272 INFO [347/672] completed GCA_054099735.1: DISRUPTED_STRONG
2026-08-17 03:47:49,368 INFO [348/672] completed GCA_054099755.1: DISRUPTED_STRONG
2026-08-17 03:47:57,874 INFO [349/672] completed GCA_054371615.1: DISRUPTED_STRONG
2026-08-17 03:50:57,547 INFO [350/672] completed GCA_054371825.1: DISRUPTED_STRONG
2026-08-17 03:50:59,131 WARNING redownload GCA_054883225.1 attempt 1 failed: New version of client (18.35.0) available at https://ftp.ncbi.nlm.nih.gov/pub/datasets/command-line/LATEST/linux-amd64/datasets.
Error: Download error: stream error: stream ID 5; INTERNAL_ERROR; received from peer

Use datasets download genome accession <command> --help for detailed help about a command.
2026-08-17 03:51:35,766 WARNING redownload GCA_055505025.1 attempt 1 failed: New version of client (18.35.0) available at https://ftp.ncbi.nlm.nih.gov/pub/datasets/command-line/LATEST/linux-amd64/datasets.
Error: Download error: stream error: stream ID 5; INTERNAL_ERROR; received from peer

Use datasets download genome accession <command> --help for detailed help about a command.
2026-08-17 03:52:04,639 WARNING redownload GCA_055505025.1 attempt 2 failed: New version of client (18.35.0) available at https://ftp.ncbi.nlm.nih.gov/pub/datasets/command-line/LATEST/linux-amd64/datasets.
Error: Download error: stream error: stream ID 5; INTERNAL_ERROR; received from peer

Use datasets download genome accession <command> --help for detailed help about a command.
2026-08-17 03:53:17,661 WARNING redownload GCA_055505025.1 attempt 3 failed: New version of client (18.35.0) available at https://ftp.ncbi.nlm.nih.gov/pub/datasets/command-line/LATEST/linux-amd64/datasets.
Error: Download error: stream error: stream ID 5; INTERNAL_ERROR; received from peer

Use datasets download genome accession <command> --help for detailed help about a command.
2026-08-17 03:53:47,796 INFO [351/672] completed GCA_055505025.1: UNRESOLVED_NO_GENOME
2026-08-17 04:00:00,620 INFO [352/672] completed GCA_054642885.1: DISRUPTED_STRONG
2026-08-17 04:03:17,244 INFO [353/672] completed GCA_054824845.1: DISRUPTED_STRONG
2026-08-17 04:15:45,478 INFO [354/672] completed GCA_054824865.1: DISRUPTED_STRONG
2026-08-17 04:17:03,455 INFO [355/672] completed GCA_054825135.1: DISRUPTED_STRONG
2026-08-17 04:18:55,954 INFO [356/672] completed GCA_054855995.1: DISRUPTED_STRONG
2026-08-17 04:21:56,142 INFO [357/672] completed GCA_054856215.1: DISRUPTED_STRONG
2026-08-17 04:22:23,521 INFO [358/672] completed GCA_054829135.1: DISRUPTED_STRONG
2026-08-17 04:22:31,494 INFO [359/672] completed GCA_056775595.1: UNRESOLVED
2026-08-17 04:22:43,572 INFO [360/672] completed GCA_054883215.1: DISRUPTED_STRONG
2026-08-17 04:22:44,221 WARNING redownload GCA_056825275.1 attempt 1 failed: New version of client (18.35.0) available at https://ftp.ncbi.nlm.nih.gov/pub/datasets/command-line/LATEST/linux-amd64/datasets.
Error: Download error: stream error: stream ID 5; INTERNAL_ERROR; received from peer

Use datasets download genome accession <command> --help for detailed help about a command.
2026-08-17 04:23:44,223 WARNING redownload GCA_057190485.1 attempt 1 failed: New version of client (18.35.0) available at https://ftp.ncbi.nlm.nih.gov/pub/datasets/command-line/LATEST/linux-amd64/datasets.
Error: Download error: stream error: stream ID 5; INTERNAL_ERROR; received from peer

Use datasets download genome accession <command> --help for detailed help about a command.
2026-08-17 04:25:51,370 INFO [361/672] completed GCA_054883225.1: DISRUPTED_STRONG
2026-08-17 04:35:06,591 INFO [362/672] completed GCA_055691375.1: DISRUPTED_STRONG
2026-08-17 04:35:59,411 INFO [363/672] completed GCA_055691435.1: UNRESOLVED_ASSEMBLY_GAP
2026-08-17 04:36:17,830 WARNING redownload GCA_057332215.1 attempt 1 failed: New version of client (18.35.0) available at https://ftp.ncbi.nlm.nih.gov/pub/datasets/command-line/LATEST/linux-amd64/datasets.
Error: Download error: stream error: stream ID 5; INTERNAL_ERROR; received from peer

Use datasets download genome accession <command> --help for detailed help about a command.
2026-08-17 04:43:02,408 INFO [364/672] completed GCA_055691405.1: DISRUPTED_STRONG
2026-08-17 04:53:10,742 INFO [365/672] completed GCA_056748525.1: DISRUPTED_STRONG
2026-08-17 04:56:29,364 INFO [366/672] completed GCA_056162995.1: DISRUPTED_STRONG
2026-08-17 04:58:53,803 INFO [367/672] completed GCA_056247825.1: DISRUPTED_STRONG
2026-08-17 05:04:08,579 INFO [368/672] completed GCA_057190515.1: DISRUPTED_STRONG
2026-08-17 05:05:35,469 INFO [369/672] completed GCA_056825275.1: DISRUPTED_STRONG
2026-08-17 05:07:14,658 INFO [370/672] completed GCA_057190595.1: DISRUPTED_STRONG
2026-08-17 05:07:58,981 INFO [371/672] completed GCA_057190485.1: DISRUPTED_STRONG
2026-08-17 05:08:39,818 WARNING redownload GCA_057557795.1 attempt 1 failed: New version of client (18.35.0) available at https://ftp.ncbi.nlm.nih.gov/pub/datasets/command-line/LATEST/linux-amd64/datasets.
Error: Download error: stream error: stream ID 5; INTERNAL_ERROR; received from peer

Use datasets download genome accession <command> --help for detailed help about a command.
2026-08-17 05:11:03,536 INFO [372/672] completed GCA_057332215.1: DISRUPTED_STRONG
2026-08-17 05:16:59,206 INFO [373/672] completed GCA_057190615.1: DISRUPTED_STRONG
2026-08-17 05:17:05,737 INFO [374/672] completed GCA_057332225.1: DISRUPTED_STRONG
2026-08-17 05:29:43,942 INFO [375/672] completed GCA_057428545.1: DISRUPTED_STRONG
2026-08-17 05:32:48,092 INFO [376/672] completed GCA_057428595.1: DISRUPTED_STRONG
2026-08-17 05:34:00,872 INFO [377/672] completed GCA_057556445.1: DISRUPTED_STRONG
2026-08-17 05:39:53,504 INFO [378/672] completed GCA_057557635.1: DISRUPTED_STRONG
2026-08-17 05:40:05,480 WARNING redownload GCA_059336145.1 attempt 1 failed: New version of client (18.35.0) available at https://ftp.ncbi.nlm.nih.gov/pub/datasets/command-line/LATEST/linux-amd64/datasets.
Error: Download error: stream error: stream ID 5; INTERNAL_ERROR; received from peer

Use datasets download genome accession <command> --help for detailed help about a command.
2026-08-17 05:41:26,540 WARNING redownload GCA_059336145.1 attempt 2 failed: New version of client (18.35.0) available at https://ftp.ncbi.nlm.nih.gov/pub/datasets/command-line/LATEST/linux-amd64/datasets.
Error: Download error: stream error: stream ID 5; INTERNAL_ERROR; received from peer

Use datasets download genome accession <command> --help for detailed help about a command.
2026-08-17 05:43:06,024 INFO [379/672] completed GCA_057557695.1: DISRUPTED_STRONG
2026-08-17 05:43:44,479 INFO [380/672] completed GCA_057557715.1: DISRUPTED_STRONG
2026-08-17 05:44:00,611 WARNING redownload GCA_059698765.1 attempt 1 failed: New version of client (18.35.0) available at https://ftp.ncbi.nlm.nih.gov/pub/datasets/command-line/LATEST/linux-amd64/datasets.
Error: Download error: stream error: stream ID 5; INTERNAL_ERROR; received from peer

Use datasets download genome accession <command> --help for detailed help about a command.
2026-08-17 05:44:40,691 INFO [381/672] completed GCA_057557795.1: DISRUPTED_STRONG
2026-08-17 05:45:53,750 INFO [382/672] completed GCA_057557815.1: DISRUPTED_STRONG
2026-08-17 05:49:55,301 INFO [383/672] completed GCA_059051325.1: DISRUPTED_STRONG
2026-08-17 05:52:56,383 INFO [384/672] completed GCA_059051365.1: DISRUPTED_STRONG
2026-08-17 05:52:59,643 INFO [385/672] completed GCA_905120125.1: UNRESOLVED
2026-08-17 05:53:02,945 INFO [386/672] completed GCA_905120135.1: UNRESOLVED
2026-08-17 06:04:35,484 INFO [387/672] completed GCA_059055555.1: DISRUPTED_STRONG
2026-08-17 06:05:59,850 INFO [388/672] completed GCA_059055625.1: DISRUPTED_STRONG
2026-08-17 06:09:30,244 INFO [389/672] completed GCA_059335595.1: DISRUPTED_STRONG
2026-08-17 06:16:06,952 INFO [390/672] completed GCA_059336145.1: DISRUPTED_STRONG
2026-08-17 06:16:32,774 INFO [391/672] completed GCA_059698765.1: DISRUPTED_STRONG
2026-08-17 06:16:41,854 INFO [392/672] completed GCA_902712895.1: DISRUPTED_STRONG
2026-08-17 06:19:49,462 INFO [393/672] completed GCA_059997585.1: DISRUPTED_STRONG
2026-08-17 06:20:03,252 INFO [394/672] completed GCA_902825105.1: DISRUPTED_STRONG
2026-08-17 06:20:15,943 WARNING redownload GCA_917880005.1 attempt 1 failed: New version of client (18.35.0) available at https://ftp.ncbi.nlm.nih.gov/pub/datasets/command-line/LATEST/linux-amd64/datasets.
Error: Download error: stream error: stream ID 5; INTERNAL_ERROR; received from peer

Use datasets download genome accession <command> --help for detailed help about a command.
2026-08-17 06:20:54,442 INFO [395/672] completed GCA_903231385.1: DISRUPTED_STRONG
2026-08-17 06:26:22,316 INFO [396/672] completed GCA_905123515.1: DISRUPTED_STRONG
2026-08-17 06:41:19,960 INFO [397/672] completed GCA_905123885.1: DISRUPTED_STRONG
2026-08-17 06:57:56,421 INFO [398/672] completed GCA_910594005.1: DISRUPTED_STRONG
2026-08-17 06:58:59,142 INFO [399/672] completed GCA_914753205.1: UNRESOLVED_ASSEMBLY_GAP
2026-08-17 07:00:17,259 INFO [400/672] completed GCA_910593805.2: DISRUPTED_STRONG
2026-08-17 07:00:30,165 INFO [401/672] completed GCA_917880005.1: DISRUPTED_STRONG
2026-08-17 07:01:22,152 INFO [402/672] completed GCA_935064755.1: DISRUPTED_STRONG
2026-08-17 07:01:27,885 INFO [403/672] completed GCA_963856025.1: UNRESOLVED
2026-08-17 07:01:30,808 WARNING redownload GCA_963879515.1 attempt 1 failed: New version of client (18.35.0) available at https://ftp.ncbi.nlm.nih.gov/pub/datasets/command-line/LATEST/linux-amd64/datasets.
Error: Download error: stream error: stream ID 5; INTERNAL_ERROR; received from peer

Use datasets download genome accession <command> --help for detailed help about a command.
2026-08-17 07:01:49,104 WARNING redownload GCA_963879515.1 attempt 2 failed: New version of client (18.35.0) available at https://ftp.ncbi.nlm.nih.gov/pub/datasets/command-line/LATEST/linux-amd64/datasets.
Error: Download error: stream error: stream ID 5; INTERNAL_ERROR; received from peer

Use datasets download genome accession <command> --help for detailed help about a command.
2026-08-17 07:03:00,006 INFO [404/672] completed GCA_910594005.2: DISRUPTED_STRONG
2026-08-17 07:06:07,678 INFO [405/672] completed GCA_946052875.1: DISRUPTED_STRONG
2026-08-17 07:24:31,741 INFO [406/672] completed GCA_947034695.1: DISRUPTED_STRONG
2026-08-17 07:38:55,880 INFO [407/672] completed GCA_951394145.2: DISRUPTED_STRONG
2026-08-17 07:39:22,002 INFO [408/672] completed GCA_963422255.1: UNRESOLVED_ASSEMBLY_GAP
2026-08-17 07:39:28,145 INFO [409/672] completed GCA_949782905.1: DISRUPTED_STRONG
2026-08-17 07:41:57,743 INFO [410/672] completed GCA_963920245.1: DISRUPTED_STRONG
2026-08-17 07:43:16,152 INFO [411/672] completed GCA_963879515.1: DISRUPTED_STRONG
2026-08-17 07:43:21,932 INFO [412/672] completed GCA_951849835.1: DISRUPTED_STRONG
2026-08-17 07:43:34,504 WARNING redownload GCA_963966215.1 attempt 1 failed: New version of client (18.35.0) available at https://ftp.ncbi.nlm.nih.gov/pub/datasets/command-line/LATEST/linux-amd64/datasets.
Error: Download error: stream error: stream ID 5; INTERNAL_ERROR; received from peer

Use datasets download genome accession <command> --help for detailed help about a command.
2026-08-17 07:44:06,847 INFO [413/672] completed GCA_963920255.1: DISRUPTED_STRONG
2026-08-17 08:01:33,500 INFO [414/672] completed GCA_907165285.1: UNRESOLVED
2026-08-17 08:05:07,882 INFO [415/672] completed GCA_963920265.1: DISRUPTED_STRONG
2026-08-17 08:16:12,502 INFO [416/672] completed GCA_905249985.1: UNRESOLVED
2026-08-17 08:16:33,425 WARNING redownload GCA_963981305.1 attempt 1 failed: New version of client (18.35.0) available at https://ftp.ncbi.nlm.nih.gov/pub/datasets/command-line/LATEST/linux-amd64/datasets.
Error: Download error: stream error: stream ID 5; INTERNAL_ERROR; received from peer

Use datasets download genome accession <command> --help for detailed help about a command.
2026-08-17 08:16:34,380 INFO [417/672] completed GCA_963930625.2: DISRUPTED_STRONG
2026-08-17 08:19:03,870 INFO [418/672] completed GCA_963930625.1: DISRUPTED_STRONG
2026-08-17 08:21:59,377 INFO [419/672] completed GCA_963966215.1: UNRESOLVED_ASSEMBLY_GAP
2026-08-17 08:22:04,214 INFO [420/672] completed GCA_963921495.1: DISRUPTED_STRONG
2026-08-17 08:22:14,237 INFO [421/672] completed GCA_963966175.1: UNRESOLVED_ASSEMBLY_GAP
2026-08-17 08:22:40,848 INFO [422/672] completed GCA_963966345.1: UNRESOLVED_ASSEMBLY_GAP
2026-08-17 08:23:10,261 WARNING redownload GCA_964019225.2 attempt 1 failed: New version of client (18.35.0) available at https://ftp.ncbi.nlm.nih.gov/pub/datasets/command-line/LATEST/linux-amd64/datasets.
Error: Download error: stream error: stream ID 7; INTERNAL_ERROR; received from peer
2026-08-17 08:23:17,235 INFO [423/672] completed GCA_963930665.2: UNRESOLVED
2026-08-17 08:31:53,577 INFO [424/672] completed GCA_963966355.1: UNRESOLVED_ASSEMBLY_GAP
2026-08-17 08:32:26,427 WARNING redownload GCA_964019275.1 attempt 1 failed: New version of client (18.35.0) available at https://ftp.ncbi.nlm.nih.gov/pub/datasets/command-line/LATEST/linux-amd64/datasets.
Error: Download error: stream error: stream ID 5; INTERNAL_ERROR; received from peer

Use datasets download genome accession <command> --help for detailed help about a command.
2026-08-17 08:35:02,648 INFO [425/672] completed GCA_963966425.1: UNRESOLVED_ASSEMBLY_GAP
2026-08-17 08:35:39,246 WARNING redownload GCA_964019295.2 attempt 1 failed: New version of client (18.35.0) available at https://ftp.ncbi.nlm.nih.gov/pub/datasets/command-line/LATEST/linux-amd64/datasets.
Error: Download error: stream error: stream ID 5; INTERNAL_ERROR; received from peer

Use datasets download genome accession <command> --help for detailed help about a command.
2026-08-17 08:43:21,435 INFO [426/672] completed GCA_964019205.1: DISRUPTED_STRONG
2026-08-17 08:43:53,859 WARNING redownload GCA_964270355.1 attempt 1 failed: New version of client (18.35.0) available at https://ftp.ncbi.nlm.nih.gov/pub/datasets/command-line/LATEST/linux-amd64/datasets.
Error: Download error: stream error: stream ID 5; INTERNAL_ERROR; received from peer

Use datasets download genome accession <command> --help for detailed help about a command.
2026-08-17 08:48:04,350 INFO [427/672] completed GCA_963981305.1: DISRUPTED_STRONG
2026-08-17 08:49:01,796 WARNING redownload GCA_965153185.1 attempt 1 failed: New version of client (18.35.0) available at https://ftp.ncbi.nlm.nih.gov/pub/datasets/command-line/LATEST/linux-amd64/datasets.
Error: Download error: stream error: stream ID 5; INTERNAL_ERROR; received from peer

Use datasets download genome accession <command> --help for detailed help about a command.
2026-08-17 08:50:05,139 INFO [428/672] completed GCA_964019215.2: UNRESOLVED_ASSEMBLY_GAP
2026-08-17 08:55:00,406 INFO [429/672] completed GCA_964019245.2: DISRUPTED_STRONG
2026-08-17 08:55:14,523 INFO [430/672] completed GCA_964019235.2: UNRESOLVED_ASSEMBLY_GAP
2026-08-17 08:55:18,925 INFO [431/672] completed GCA_964019255.2: UNRESOLVED_ASSEMBLY_GAP
2026-08-17 08:55:30,106 INFO [432/672] completed GCA_964019225.2: UNRESOLVED_ASSEMBLY_GAP
2026-08-17 08:56:30,100 WARNING redownload GCA_965153515.2 attempt 1 failed: New version of client (18.35.0) available at https://ftp.ncbi.nlm.nih.gov/pub/datasets/command-line/LATEST/linux-amd64/datasets.
Error: Download error: stream error: stream ID 5; INTERNAL_ERROR; received from peer

Use datasets download genome accession <command> --help for detailed help about a command.
2026-08-17 08:57:26,938 INFO [433/672] completed GCA_964019265.2: UNRESOLVED_ASSEMBLY_GAP
2026-08-17 08:59:31,295 WARNING redownload GCA_965153485.2 attempt 1 failed: New version of client (18.35.0) available at https://ftp.ncbi.nlm.nih.gov/pub/datasets/command-line/LATEST/linux-amd64/datasets.
Error: Download error: stream error: stream ID 5; INTERNAL_ERROR; received from peer

Use datasets download genome accession <command> --help for detailed help about a command.
2026-08-17 09:00:06,507 WARNING redownload GCA_965153485.2 attempt 2 failed: New version of client (18.35.0) available at https://ftp.ncbi.nlm.nih.gov/pub/datasets/command-line/LATEST/linux-amd64/datasets.
Error: Download error: stream error: stream ID 5; INTERNAL_ERROR; received from peer

Use datasets download genome accession <command> --help for detailed help about a command.
2026-08-17 09:01:05,649 INFO [434/672] completed GCA_964019275.1: DISRUPTED_STRONG
2026-08-17 09:01:30,440 WARNING redownload GCA_965153535.2 attempt 1 failed: New version of client (18.35.0) available at https://ftp.ncbi.nlm.nih.gov/pub/datasets/command-line/LATEST/linux-amd64/datasets.
Error: Download error: stream error: stream ID 5; INTERNAL_ERROR; received from peer

Use datasets download genome accession <command> --help for detailed help about a command.
2026-08-17 09:02:31,073 INFO [435/672] completed GCA_964019295.2: UNRESOLVED_ASSEMBLY_GAP
2026-08-17 09:10:25,434 INFO [436/672] completed GCA_964270355.1: DISRUPTED_STRONG
2026-08-17 09:17:40,121 INFO [437/672] completed GCA_965153185.1: UNRESOLVED_ASSEMBLY_GAP
2026-08-17 09:18:55,110 INFO [438/672] completed GCA_965153475.2: DISRUPTED_STRONG
2026-08-17 09:19:21,357 WARNING redownload GCA_965153575.2 attempt 1 failed: New version of client (18.35.0) available at https://ftp.ncbi.nlm.nih.gov/pub/datasets/command-line/LATEST/linux-amd64/datasets.
Error: Download error: stream error: stream ID 5; INTERNAL_ERROR; received from peer

Use datasets download genome accession <command> --help for detailed help about a command.
2026-08-17 09:29:06,068 INFO [439/672] completed GCA_965153505.2: DISRUPTED_STRONG
2026-08-17 09:32:39,080 INFO [440/672] completed GCA_965153515.2: DISRUPTED_STRONG
2026-08-17 09:34:15,366 INFO [441/672] completed GCA_965153495.2: DISRUPTED_STRONG
2026-08-17 09:36:07,301 INFO [442/672] completed GCA_965153485.2: DISRUPTED_STRONG
2026-08-17 09:36:27,295 INFO [443/672] completed GCA_965153525.2: DISRUPTED_STRONG
2026-08-17 09:37:06,617 INFO [444/672] completed GCA_965153535.2: DISRUPTED_STRONG
2026-08-17 09:37:45,744 WARNING redownload GCA_965153635.2 attempt 1 failed: New version of client (18.35.0) available at https://ftp.ncbi.nlm.nih.gov/pub/datasets/command-line/LATEST/linux-amd64/datasets.
Error: Download error: stream error: stream ID 5; INTERNAL_ERROR; received from peer

Use datasets download genome accession <command> --help for detailed help about a command.
2026-08-17 09:38:14,503 INFO [445/672] completed GCA_965153545.2: DISRUPTED_STRONG
2026-08-17 09:45:11,801 INFO [446/672] completed GCA_965153555.2: DISRUPTED_STRONG
2026-08-17 09:52:22,447 INFO [447/672] completed GCA_965153575.2: DISRUPTED_STRONG
2026-08-17 09:52:34,521 INFO [448/672] completed GCA_965153565.2: DISRUPTED_STRONG
2026-08-17 10:00:55,058 INFO [449/672] completed GCA_965153585.2: DISRUPTED_STRONG
2026-08-17 10:05:19,518 INFO [450/672] completed GCA_965153595.2: DISRUPTED_STRONG
2026-08-17 10:07:00,532 WARNING redownload GCA_965153695.2 attempt 1 failed: New version of client (18.35.0) available at https://ftp.ncbi.nlm.nih.gov/pub/datasets/command-line/LATEST/linux-amd64/datasets.
Error: Download error: stream error: stream ID 5; INTERNAL_ERROR; received from peer

Use datasets download genome accession <command> --help for detailed help about a command.
2026-08-17 10:08:54,064 WARNING redownload GCA_965153695.2 attempt 2 failed: New version of client (18.35.0) available at https://ftp.ncbi.nlm.nih.gov/pub/datasets/command-line/LATEST/linux-amd64/datasets.
Error: Download error: stream error: stream ID 5; INTERNAL_ERROR; received from peer

Use datasets download genome accession <command> --help for detailed help about a command.
2026-08-17 10:09:00,344 INFO [451/672] completed GCA_965153605.2: DISRUPTED_STRONG
2026-08-17 10:11:06,005 INFO [452/672] completed GCA_965153625.2: DISRUPTED_STRONG
2026-08-17 10:11:18,584 INFO [453/672] completed GCA_965153615.2: DISRUPTED_STRONG
2026-08-17 10:12:20,716 INFO [454/672] completed GCA_965153635.2: DISRUPTED_STRONG
2026-08-17 10:12:53,017 INFO [455/672] completed GCA_965153645.2: DISRUPTED_STRONG
2026-08-17 10:16:23,006 INFO [456/672] completed GCA_965153655.2: DISRUPTED_STRONG
2026-08-17 10:21:12,338 INFO [457/672] completed GCA_965153675.2: DISRUPTED_STRONG
2026-08-17 10:23:06,869 INFO [458/672] completed GCA_965153665.2: DISRUPTED_STRONG
2026-08-17 10:27:54,708 INFO [459/672] completed GCA_965153685.2: DISRUPTED_STRONG
2026-08-17 10:28:16,556 WARNING redownload GCA_965153785.2 attempt 1 failed: New version of client (18.35.0) available at https://ftp.ncbi.nlm.nih.gov/pub/datasets/command-line/LATEST/linux-amd64/datasets.
Error: Download error: stream error: stream ID 5; INTERNAL_ERROR; received from peer

Use datasets download genome accession <command> --help for detailed help about a command.
2026-08-17 10:42:48,812 INFO [460/672] completed GCA_965153695.2: DISRUPTED_STRONG
2026-08-17 10:44:40,026 INFO [461/672] completed GCA_965153705.2: DISRUPTED_STRONG
2026-08-17 10:46:42,385 INFO [462/672] completed GCA_965153725.2: DISRUPTED_STRONG
2026-08-17 10:48:06,676 INFO [463/672] completed GCA_965153745.2: DISRUPTED_STRONG
2026-08-17 10:48:13,622 WARNING redownload GCA_965153825.2 attempt 1 failed: New version of client (18.35.0) available at https://ftp.ncbi.nlm.nih.gov/pub/datasets/command-line/LATEST/linux-amd64/datasets.
Error: Download error: stream error: stream ID 5; INTERNAL_ERROR; received from peer

Use datasets download genome accession <command> --help for detailed help about a command.
2026-08-17 10:49:51,894 INFO [464/672] completed GCA_965153715.2: DISRUPTED_STRONG
2026-08-17 10:51:47,365 INFO [465/672] completed GCA_965153735.2: DISRUPTED_STRONG
2026-08-17 10:52:12,623 WARNING redownload GCA_965153845.2 attempt 1 failed: New version of client (18.35.0) available at https://ftp.ncbi.nlm.nih.gov/pub/datasets/command-line/LATEST/linux-amd64/datasets.
Error: Download error: stream error: stream ID 5; INTERNAL_ERROR; received from peer

Use datasets download genome accession <command> --help for detailed help about a command.
2026-08-17 10:53:13,347 INFO [466/672] completed GCA_965153755.2: DISRUPTED_STRONG
2026-08-17 10:56:28,705 INFO [467/672] completed GCA_965153775.2: DISRUPTED_STRONG
2026-08-17 10:56:58,020 INFO [468/672] completed GCA_965153765.2: DISRUPTED_STRONG
2026-08-17 11:00:44,974 INFO [469/672] completed GCA_965153785.2: DISRUPTED_STRONG
2026-08-17 11:02:10,741 WARNING redownload GCA_965153885.2 attempt 1 failed: New version of client (18.35.0) available at https://ftp.ncbi.nlm.nih.gov/pub/datasets/command-line/LATEST/linux-amd64/datasets.
Error: Download error: stream error: stream ID 5; INTERNAL_ERROR; received from peer

Use datasets download genome accession <command> --help for detailed help about a command.
2026-08-17 11:02:38,292 WARNING redownload GCA_965153885.2 attempt 2 failed: New version of client (18.35.0) available at https://ftp.ncbi.nlm.nih.gov/pub/datasets/command-line/LATEST/linux-amd64/datasets.
Error: Download error: stream error: stream ID 5; INTERNAL_ERROR; received from peer

Use datasets download genome accession <command> --help for detailed help about a command.
2026-08-17 11:13:15,724 INFO [470/672] completed GCA_965153795.2: DISRUPTED_STRONG
2026-08-17 11:15:39,944 INFO [471/672] completed GCA_965153805.2: DISRUPTED_STRONG
2026-08-17 11:18:44,733 INFO [472/672] completed GCA_965153815.2: DISRUPTED_STRONG
2026-08-17 11:19:59,870 INFO [473/672] completed GCA_965153825.2: UNRESOLVED_ASSEMBLY_GAP
2026-08-17 11:20:15,046 WARNING redownload GCA_965153925.2 attempt 1 failed: New version of client (18.35.0) available at https://ftp.ncbi.nlm.nih.gov/pub/datasets/command-line/LATEST/linux-amd64/datasets.
Error: Download error: stream error: stream ID 5; INTERNAL_ERROR; received from peer

Use datasets download genome accession <command> --help for detailed help about a command.
2026-08-17 11:22:54,549 INFO [474/672] completed GCA_965153835.2: DISRUPTED_STRONG
2026-08-17 11:24:05,264 INFO [475/672] completed GCA_965153845.2: DISRUPTED_STRONG
2026-08-17 11:28:42,120 INFO [476/672] completed GCA_965153855.2: DISRUPTED_STRONG
2026-08-17 11:29:18,436 INFO [477/672] completed GCA_965153865.2: DISRUPTED_STRONG
2026-08-17 11:30:32,837 INFO [478/672] completed GCA_965153875.2: DISRUPTED_STRONG
2026-08-17 11:30:35,458 WARNING redownload GCA_965153965.2 attempt 1 failed: New version of client (18.35.0) available at https://ftp.ncbi.nlm.nih.gov/pub/datasets/command-line/LATEST/linux-amd64/datasets.
Error: Download error: stream error: stream ID 5; INTERNAL_ERROR; received from peer

Use datasets download genome accession <command> --help for detailed help about a command.
2026-08-17 11:34:28,984 INFO [479/672] completed GCA_965153885.2: DISRUPTED_STRONG
2026-08-17 11:50:01,281 INFO [480/672] completed GCA_965153895.2: DISRUPTED_STRONG
2026-08-17 11:51:07,683 INFO [481/672] completed GCA_965153905.2: DISRUPTED_STRONG
2026-08-17 11:53:48,773 INFO [482/672] completed GCA_965153915.2: DISRUPTED_STRONG
2026-08-17 11:55:52,043 INFO [483/672] completed GCA_965153925.2: DISRUPTED_STRONG
2026-08-17 11:56:58,431 WARNING redownload GCA_965154025.2 attempt 1 failed: New version of client (18.35.0) available at https://ftp.ncbi.nlm.nih.gov/pub/datasets/command-line/LATEST/linux-amd64/datasets.
Error: Download error: stream error: stream ID 5; INTERNAL_ERROR; received from peer

Use datasets download genome accession <command> --help for detailed help about a command.
2026-08-17 11:57:56,306 INFO [484/672] completed GCA_965153945.2: DISRUPTED_STRONG
2026-08-17 11:58:15,037 INFO [485/672] completed GCA_965153935.2: DISRUPTED_STRONG
2026-08-17 12:02:47,190 INFO [486/672] completed GCA_965153955.2: DISRUPTED_STRONG
2026-08-17 12:04:57,432 INFO [487/672] completed GCA_965153975.2: DISRUPTED_STRONG
2026-08-17 12:06:29,413 INFO [488/672] completed GCA_965153965.2: DISRUPTED_STRONG
2026-08-17 12:08:01,076 INFO [489/672] completed GCA_965153985.2: DISRUPTED_STRONG
2026-08-17 12:23:35,968 INFO [490/672] completed GCA_965153995.2: DISRUPTED_STRONG
2026-08-17 12:24:40,260 INFO [491/672] completed GCA_965154005.2: DISRUPTED_STRONG
2026-08-17 12:27:35,371 INFO [492/672] completed GCA_965154015.2: DISRUPTED_STRONG
2026-08-17 12:30:43,700 INFO [493/672] completed GCA_965154025.2: DISRUPTED_STRONG
2026-08-17 12:31:55,141 INFO [494/672] completed GCA_965154035.2: DISRUPTED_STRONG
2026-08-17 12:32:16,582 INFO [495/672] completed GCA_965154045.2: DISRUPTED_STRONG
2026-08-17 12:35:38,923 INFO [496/672] completed GCA_965154055.2: DISRUPTED_STRONG
2026-08-17 12:38:37,282 INFO [497/672] completed GCA_965154065.2: DISRUPTED_STRONG
2026-08-17 12:39:38,383 INFO [498/672] completed GCA_965154075.2: DISRUPTED_STRONG
2026-08-17 12:41:09,922 INFO [499/672] completed GCA_965154085.2: DISRUPTED_STRONG
2026-08-17 12:58:41,812 INFO [500/672] completed GCA_965154095.2: DISRUPTED_STRONG
2026-08-17 13:00:01,527 INFO [501/672] completed GCA_965154105.2: DISRUPTED_STRONG
2026-08-17 13:01:25,387 WARNING redownload GCA_965154245.2 attempt 1 failed: New version of client (18.35.0) available at https://ftp.ncbi.nlm.nih.gov/pub/datasets/command-line/LATEST/linux-amd64/datasets.
Error: Download error: stream error: stream ID 5; INTERNAL_ERROR; received from peer

Use datasets download genome accession <command> --help for detailed help about a command.
2026-08-17 13:02:26,884 INFO [502/672] completed GCA_965154155.2: DISRUPTED_STRONG
2026-08-17 13:05:30,305 INFO [503/672] completed GCA_965154175.2: UNRESOLVED_ASSEMBLY_GAP
2026-08-17 13:05:44,485 WARNING redownload GCA_965154265.2 attempt 1 failed: New version of client (18.35.0) available at https://ftp.ncbi.nlm.nih.gov/pub/datasets/command-line/LATEST/linux-amd64/datasets.
Error: Download error: stream error: stream ID 5; INTERNAL_ERROR; received from peer

Use datasets download genome accession <command> --help for detailed help about a command.
2026-08-17 13:06:13,266 INFO [504/672] completed GCA_965154165.2: DISRUPTED_STRONG
2026-08-17 13:07:18,625 INFO [505/672] completed GCA_965154185.2: DISRUPTED_STRONG
2026-08-17 13:07:50,716 WARNING redownload GCA_965154275.2 attempt 1 failed: New version of client (18.35.0) available at https://ftp.ncbi.nlm.nih.gov/pub/datasets/command-line/LATEST/linux-amd64/datasets.
Error: Download error: stream error: stream ID 5; INTERNAL_ERROR; received from peer

Use datasets download genome accession <command> --help for detailed help about a command.
2026-08-17 13:09:09,239 INFO [506/672] completed GCA_965154195.2: DISRUPTED_STRONG
2026-08-17 13:10:51,898 INFO [507/672] completed GCA_965154205.2: UNRESOLVED_ASSEMBLY_GAP
2026-08-17 13:11:57,215 INFO [508/672] completed GCA_965154215.2: UNRESOLVED_ASSEMBLY_GAP
2026-08-17 13:12:58,433 INFO [509/672] completed GCA_965154225.2: DISRUPTED_STRONG
2026-08-17 13:27:55,608 INFO [510/672] completed GCA_965154235.2: DISRUPTED_STRONG
2026-08-17 13:33:48,542 INFO [511/672] completed GCA_965154255.2: DISRUPTED_STRONG
2026-08-17 13:39:10,300 INFO [512/672] completed GCA_965154265.2: DISRUPTED_STRONG
2026-08-17 13:40:01,248 INFO [513/672] completed GCA_965154245.2: DISRUPTED_STRONG
2026-08-17 13:42:59,537 INFO [514/672] completed GCA_965154285.2: DISRUPTED_STRONG
2026-08-17 13:43:20,768 INFO [515/672] completed GCA_965154275.2: DISRUPTED_STRONG
2026-08-17 13:44:06,338 INFO [516/672] completed GCA_965154295.2: UNRESOLVED_ASSEMBLY_GAP
2026-08-17 13:45:54,179 INFO [517/672] completed GCA_965154305.2: DISRUPTED_STRONG
2026-08-17 13:46:17,682 INFO [518/672] completed GCA_965154315.2: UNRESOLVED_ASSEMBLY_GAP
2026-08-17 13:46:58,065 INFO [519/672] completed GCA_965154325.2: UNRESOLVED_ASSEMBLY_GAP
2026-08-17 13:47:26,361 WARNING redownload GCA_965154425.2 attempt 1 failed: New version of client (18.35.0) available at https://ftp.ncbi.nlm.nih.gov/pub/datasets/command-line/LATEST/linux-amd64/datasets.
Error: Download error: stream error: stream ID 5; INTERNAL_ERROR; received from peer

Use datasets download genome accession <command> --help for detailed help about a command.
2026-08-17 13:58:53,214 INFO [520/672] completed GCA_965154335.2: DISRUPTED_STRONG
2026-08-17 14:05:17,184 INFO [521/672] completed GCA_965154345.2: DISRUPTED_STRONG
2026-08-17 14:05:28,463 WARNING redownload GCA_965154445.2 attempt 1 failed: New version of client (18.35.0) available at https://ftp.ncbi.nlm.nih.gov/pub/datasets/command-line/LATEST/linux-amd64/datasets.
Error: Download error: stream error: stream ID 5; INTERNAL_ERROR; received from peer

Use datasets download genome accession <command> --help for detailed help about a command.
2026-08-17 14:10:27,149 INFO [522/672] completed GCA_965154355.2: DISRUPTED_STRONG
2026-08-17 14:12:21,486 INFO [523/672] completed GCA_965154365.2: UNRESOLVED_ASSEMBLY_GAP
2026-08-17 14:18:00,687 INFO [524/672] completed GCA_965154385.2: DISRUPTED_STRONG
2026-08-17 14:18:08,105 INFO [525/672] completed GCA_965154375.2: DISRUPTED_STRONG
2026-08-17 14:18:54,833 INFO [526/672] completed GCA_965154395.2: DISRUPTED_STRONG
2026-08-17 14:21:00,176 INFO [527/672] completed GCA_965154405.2: DISRUPTED_STRONG
2026-08-17 14:21:22,199 INFO [528/672] completed GCA_965154415.2: DISRUPTED_STRONG
2026-08-17 14:22:43,802 INFO [529/672] completed GCA_965154425.2: DISRUPTED_STRONG
2026-08-17 14:30:38,776 INFO [530/672] completed GCA_965154435.2: DISRUPTED_STRONG
2026-08-17 14:37:47,966 INFO [531/672] completed GCA_965154445.2: DISRUPTED_STRONG
2026-08-17 14:42:28,227 INFO [532/672] completed GCA_965177315.2: DISRUPTED_STRONG
2026-08-17 14:44:16,768 INFO [533/672] completed GCA_965177325.2: UNRESOLVED_ASSEMBLY_GAP
2026-08-17 14:51:39,826 INFO [534/672] completed GCA_965177335.2: DISRUPTED_STRONG
2026-08-17 14:53:17,152 INFO [535/672] completed GCA_965177345.2: DISRUPTED_STRONG
2026-08-17 14:53:55,309 INFO [536/672] completed GCA_965177355.2: DISRUPTED_STRONG
2026-08-17 14:55:57,814 INFO [537/672] completed GCA_965177365.2: DISRUPTED_STRONG
2026-08-17 14:56:30,665 WARNING redownload GCA_965177465.2 attempt 1 failed: New version of client (18.35.0) available at https://ftp.ncbi.nlm.nih.gov/pub/datasets/command-line/LATEST/linux-amd64/datasets.
Error: Download error: stream error: stream ID 5; INTERNAL_ERROR; received from peer

Use datasets download genome accession <command> --help for detailed help about a command.
2026-08-17 14:56:43,014 INFO [538/672] completed GCA_965177375.2: DISRUPTED_STRONG
2026-08-17 14:57:34,406 INFO [539/672] completed GCA_965177385.2: DISRUPTED_STRONG
2026-08-17 15:02:18,145 INFO [540/672] completed GCA_965177395.2: DISRUPTED_STRONG
2026-08-17 15:09:06,670 INFO [541/672] completed GCA_965177405.2: UNRESOLVED_ASSEMBLY_GAP
2026-08-17 15:13:38,249 INFO [542/672] completed GCA_965177415.2: DISRUPTED_STRONG
2026-08-17 15:14:15,083 WARNING redownload GCA_965177515.2 attempt 1 failed: New version of client (18.35.0) available at https://ftp.ncbi.nlm.nih.gov/pub/datasets/command-line/LATEST/linux-amd64/datasets.
Error: Download error: stream error: stream ID 5; INTERNAL_ERROR; received from peer

Use datasets download genome accession <command> --help for detailed help about a command.
2026-08-17 15:15:35,946 INFO [543/672] completed GCA_965177425.2: DISRUPTED_STRONG
2026-08-17 15:17:38,641 WARNING redownload GCA_965177525.2 attempt 1 failed: New version of client (18.35.0) available at https://ftp.ncbi.nlm.nih.gov/pub/datasets/command-line/LATEST/linux-amd64/datasets.
Error: Download error: stream error: stream ID 5; INTERNAL_ERROR; received from peer

Use datasets download genome accession <command> --help for detailed help about a command.
2026-08-17 15:23:40,669 INFO [544/672] completed GCA_965177435.2: UNRESOLVED_ASSEMBLY_GAP
2026-08-17 15:28:31,982 INFO [545/672] completed GCA_965177445.2: DISRUPTED_STRONG
2026-08-17 15:28:46,568 INFO [546/672] completed GCA_965177455.2: DISRUPTED_STRONG
2026-08-17 15:30:55,062 INFO [547/672] completed GCA_965177465.2: DISRUPTED_STRONG
2026-08-17 15:31:02,789 WARNING redownload GCA_965177545.2 attempt 1 failed: New version of client (18.35.0) available at https://ftp.ncbi.nlm.nih.gov/pub/datasets/command-line/LATEST/linux-amd64/datasets.
Error: Download error: stream error: stream ID 5; INTERNAL_ERROR; received from peer

Use datasets download genome accession <command> --help for detailed help about a command.
2026-08-17 15:31:16,764 INFO [548/672] completed GCA_965177485.2: DISRUPTED_STRONG
2026-08-17 15:31:37,838 INFO [549/672] completed GCA_965177475.2: DISRUPTED_STRONG
2026-08-17 15:31:41,243 WARNING redownload GCA_965177575.2 attempt 1 failed: New version of client (18.35.0) available at https://ftp.ncbi.nlm.nih.gov/pub/datasets/command-line/LATEST/linux-amd64/datasets.
Error: Download error: stream error: stream ID 5; INTERNAL_ERROR; received from peer

Use datasets download genome accession <command> --help for detailed help about a command.
2026-08-17 15:34:34,824 INFO [550/672] completed GCA_965177495.2: DISRUPTED_STRONG
2026-08-17 15:37:34,747 INFO [551/672] completed GCA_965177505.2: DISRUPTED_STRONG
2026-08-17 15:43:06,686 INFO [552/672] completed GCA_965177515.2: DISRUPTED_STRONG
2026-08-17 15:46:15,686 INFO [553/672] completed GCA_965177525.2: DISRUPTED_STRONG
2026-08-17 15:54:43,434 INFO [554/672] completed GCA_965177535.2: DISRUPTED_STRONG
2026-08-17 15:55:03,377 WARNING redownload GCA_965177645.2 attempt 1 failed: New version of client (18.35.0) available at https://ftp.ncbi.nlm.nih.gov/pub/datasets/command-line/LATEST/linux-amd64/datasets.
Error: Download error: stream error: stream ID 5; INTERNAL_ERROR; received from peer

Use datasets download genome accession <command> --help for detailed help about a command.
2026-08-17 15:55:46,055 WARNING redownload GCA_965177645.2 attempt 2 failed: New version of client (18.35.0) available at https://ftp.ncbi.nlm.nih.gov/pub/datasets/command-line/LATEST/linux-amd64/datasets.
Error: Download error: stream error: stream ID 5; INTERNAL_ERROR; received from peer

Use datasets download genome accession <command> --help for detailed help about a command.
2026-08-17 15:56:43,423 WARNING redownload GCA_965177645.2 attempt 3 failed: New version of client (18.35.0) available at https://ftp.ncbi.nlm.nih.gov/pub/datasets/command-line/LATEST/linux-amd64/datasets.
Error: Download error: stream error: stream ID 5; INTERNAL_ERROR; received from peer

Use datasets download genome accession <command> --help for detailed help about a command.
2026-08-17 15:57:13,520 INFO [555/672] completed GCA_965177645.2: UNRESOLVED_NO_GENOME
2026-08-17 16:03:41,079 INFO [556/672] completed GCA_965177555.2: DISRUPTED_STRONG
2026-08-17 16:04:30,025 WARNING redownload GCA_965177665.2 attempt 1 failed: New version of client (18.35.0) available at https://ftp.ncbi.nlm.nih.gov/pub/datasets/command-line/LATEST/linux-amd64/datasets.
Error: Download error: stream error: stream ID 5; INTERNAL_ERROR; received from peer

Use datasets download genome accession <command> --help for detailed help about a command.
2026-08-17 16:05:52,680 INFO [557/672] completed GCA_965177565.2: UNRESOLVED_ASSEMBLY_GAP
2026-08-17 16:06:35,279 WARNING redownload GCA_965177675.2 attempt 1 failed: New version of client (18.35.0) available at https://ftp.ncbi.nlm.nih.gov/pub/datasets/command-line/LATEST/linux-amd64/datasets.
Error: Download error: stream error: stream ID 5; INTERNAL_ERROR; received from peer

Use datasets download genome accession <command> --help for detailed help about a command.
2026-08-17 16:07:22,398 INFO [558/672] completed GCA_965177575.2: DISRUPTED_STRONG
2026-08-17 16:07:59,835 INFO [559/672] completed GCA_965177545.2: DISRUPTED_STRONG
2026-08-17 16:08:01,852 INFO [560/672] completed GCA_965177585.2: DISRUPTED_STRONG
2026-08-17 16:08:03,621 WARNING redownload GCA_965177695.2 attempt 1 failed: New version of client (18.35.0) available at https://ftp.ncbi.nlm.nih.gov/pub/datasets/command-line/LATEST/linux-amd64/datasets.
Error: Download error: stream error: stream ID 5; INTERNAL_ERROR; received from peer

Use datasets download genome accession <command> --help for detailed help about a command.
2026-08-17 16:08:22,042 WARNING redownload GCA_965177685.2 attempt 1 failed: New version of client (18.35.0) available at https://ftp.ncbi.nlm.nih.gov/pub/datasets/command-line/LATEST/linux-amd64/datasets.
Error: Download error: stream error: stream ID 5; INTERNAL_ERROR; received from peer

Use datasets download genome accession <command> --help for detailed help about a command.
2026-08-17 16:08:31,892 WARNING redownload GCA_965177705.2 attempt 1 failed: Error: No assemblies found that match selection
2026-08-17 16:09:06,079 INFO [561/672] completed GCA_965177605.2: DISRUPTED_STRONG
2026-08-17 16:09:44,071 WARNING redownload GCA_965177705.2 attempt 2 failed: New version of client (18.35.0) available at https://ftp.ncbi.nlm.nih.gov/pub/datasets/command-line/LATEST/linux-amd64/datasets.
Error: Download error: stream error: stream ID 5; INTERNAL_ERROR; received from peer

Use datasets download genome accession <command> --help for detailed help about a command.
2026-08-17 16:10:44,086 WARNING redownload GCA_965177705.2 attempt 3 failed: New version of client (18.35.0) available at https://ftp.ncbi.nlm.nih.gov/pub/datasets/command-line/LATEST/linux-amd64/datasets.
Error: Download error: stream error: stream ID 5; INTERNAL_ERROR; received from peer

Use datasets download genome accession <command> --help for detailed help about a command.
2026-08-17 16:10:45,044 INFO [562/672] completed GCA_965177615.2: DISRUPTED_STRONG
2026-08-17 16:11:14,768 INFO [563/672] completed GCA_965177705.2: UNRESOLVED_NO_GENOME
2026-08-17 16:11:32,253 INFO [564/672] completed GCA_965177625.2: DISRUPTED_STRONG
2026-08-17 16:12:26,461 WARNING redownload GCA_965177745.2 attempt 1 failed: New version of client (18.35.0) available at https://ftp.ncbi.nlm.nih.gov/pub/datasets/command-line/LATEST/linux-amd64/datasets.
Error: Download error: stream error: stream ID 5; INTERNAL_ERROR; received from peer

Use datasets download genome accession <command> --help for detailed help about a command.
2026-08-17 16:14:36,489 INFO [565/672] completed GCA_965177635.2: DISRUPTED_STRONG
2026-08-17 16:14:50,589 WARNING redownload GCA_965177755.2 attempt 1 failed: New version of client (18.35.0) available at https://ftp.ncbi.nlm.nih.gov/pub/datasets/command-line/LATEST/linux-amd64/datasets.
Error: Download error: stream error: stream ID 5; INTERNAL_ERROR; received from peer

Use datasets download genome accession <command> --help for detailed help about a command.
2026-08-17 16:15:20,950 WARNING redownload GCA_965177755.2 attempt 2 failed: New version of client (18.35.0) available at https://ftp.ncbi.nlm.nih.gov/pub/datasets/command-line/LATEST/linux-amd64/datasets.
Error: Download error: stream error: stream ID 5; INTERNAL_ERROR; received from peer

Use datasets download genome accession <command> --help for detailed help about a command.
2026-08-17 16:25:32,061 INFO [566/672] completed GCA_965177655.2: DISRUPTED_STRONG
2026-08-17 16:26:32,466 WARNING redownload GCA_965177765.2 attempt 1 failed: New version of client (18.35.0) available at https://ftp.ncbi.nlm.nih.gov/pub/datasets/command-line/LATEST/linux-amd64/datasets.
Error: Download error: stream error: stream ID 5; INTERNAL_ERROR; received from peer

Use datasets download genome accession <command> --help for detailed help about a command.
2026-08-17 16:26:47,792 WARNING redownload GCA_965177765.2 attempt 2 failed: New version of client (18.35.0) available at https://ftp.ncbi.nlm.nih.gov/pub/datasets/command-line/LATEST/linux-amd64/datasets.
Error: Download error: stream error: stream ID 5; INTERNAL_ERROR; received from peer

Use datasets download genome accession <command> --help for detailed help about a command.
2026-08-17 16:27:53,329 WARNING redownload GCA_965177765.2 attempt 3 failed: New version of client (18.35.0) available at https://ftp.ncbi.nlm.nih.gov/pub/datasets/command-line/LATEST/linux-amd64/datasets.
Error: Download error: stream error: stream ID 5; INTERNAL_ERROR; received from peer

Use datasets download genome accession <command> --help for detailed help about a command.
2026-08-17 16:28:23,493 INFO [567/672] completed GCA_965177765.2: UNRESOLVED_NO_GENOME
2026-08-17 16:28:53,545 WARNING redownload GCA_965177775.2 attempt 1 failed: New version of client (18.35.0) available at https://ftp.ncbi.nlm.nih.gov/pub/datasets/command-line/LATEST/linux-amd64/datasets.
Error: Download error: stream error: stream ID 5; INTERNAL_ERROR; received from peer

Use datasets download genome accession <command> --help for detailed help about a command.
2026-08-17 16:34:44,849 INFO [568/672] completed GCA_965177665.2: DISRUPTED_STRONG
2026-08-17 16:34:58,018 WARNING redownload GCA_965177785.2 attempt 1 failed: New version of client (18.35.0) available at https://ftp.ncbi.nlm.nih.gov/pub/datasets/command-line/LATEST/linux-amd64/datasets.
Error: Download error: stream error: stream ID 5; INTERNAL_ERROR; received from peer

Use datasets download genome accession <command> --help for detailed help about a command.
2026-08-17 16:35:24,567 WARNING redownload GCA_965177785.2 attempt 2 failed: New version of client (18.35.0) available at https://ftp.ncbi.nlm.nih.gov/pub/datasets/command-line/LATEST/linux-amd64/datasets.
Error: Download error: stream error: stream ID 5; INTERNAL_ERROR; received from peer

Use datasets download genome accession <command> --help for detailed help about a command.
2026-08-17 16:36:29,228 WARNING redownload GCA_965177785.2 attempt 3 failed: New version of client (18.35.0) available at https://ftp.ncbi.nlm.nih.gov/pub/datasets/command-line/LATEST/linux-amd64/datasets.
Error: Download error: stream error: stream ID 5; INTERNAL_ERROR; received from peer

Use datasets download genome accession <command> --help for detailed help about a command.
2026-08-17 16:36:59,331 INFO [569/672] completed GCA_965177785.2: UNRESOLVED_NO_GENOME
2026-08-17 16:37:11,016 WARNING redownload GCA_965177795.2 attempt 1 failed: New version of client (18.35.0) available at https://ftp.ncbi.nlm.nih.gov/pub/datasets/command-line/LATEST/linux-amd64/datasets.
Error: Download error: stream error: stream ID 5; INTERNAL_ERROR; received from peer

Use datasets download genome accession <command> --help for detailed help about a command.
2026-08-17 16:38:12,839 WARNING redownload GCA_965177795.2 attempt 2 failed: New version of client (18.35.0) available at https://ftp.ncbi.nlm.nih.gov/pub/datasets/command-line/LATEST/linux-amd64/datasets.
Error: Download error: stream error: stream ID 5; INTERNAL_ERROR; received from peer

Use datasets download genome accession <command> --help for detailed help about a command.
2026-08-17 16:38:51,633 WARNING redownload GCA_965177795.2 attempt 3 failed: New version of client (18.35.0) available at https://ftp.ncbi.nlm.nih.gov/pub/datasets/command-line/LATEST/linux-amd64/datasets.
Error: Download error: stream error: stream ID 5; INTERNAL_ERROR; received from peer

Use datasets download genome accession <command> --help for detailed help about a command.
2026-08-17 16:39:19,178 INFO [570/672] completed GCA_965177675.2: DISRUPTED_STRONG
2026-08-17 16:39:21,777 INFO [571/672] completed GCA_965177795.2: UNRESOLVED_NO_GENOME
2026-08-17 16:39:27,316 WARNING redownload GCA_965177805.2 attempt 1 failed: New version of client (18.35.0) available at https://ftp.ncbi.nlm.nih.gov/pub/datasets/command-line/LATEST/linux-amd64/datasets.
Error: Download error: stream error: stream ID 5; INTERNAL_ERROR; received from peer

Use datasets download genome accession <command> --help for detailed help about a command.
2026-08-17 16:39:31,379 WARNING redownload GCA_965177825.2 attempt 1 failed: New version of client (18.35.0) available at https://ftp.ncbi.nlm.nih.gov/pub/datasets/command-line/LATEST/linux-amd64/datasets.
Error: Download error: stream error: stream ID 5; INTERNAL_ERROR; received from peer

Use datasets download genome accession <command> --help for detailed help about a command.
2026-08-17 16:40:33,078 WARNING redownload GCA_965177805.2 attempt 2 failed: New version of client (18.35.0) available at https://ftp.ncbi.nlm.nih.gov/pub/datasets/command-line/LATEST/linux-amd64/datasets.
Error: Download error: stream error: stream ID 5; INTERNAL_ERROR; received from peer

Use datasets download genome accession <command> --help for detailed help about a command.
2026-08-17 16:43:20,034 INFO [572/672] completed GCA_965177685.2: DISRUPTED_STRONG
2026-08-17 16:43:29,264 INFO [573/672] completed GCA_965177715.2: DISRUPTED_STRONG
2026-08-17 16:43:35,344 INFO [574/672] completed GCA_965177695.2: DISRUPTED_STRONG
2026-08-17 16:44:02,388 WARNING redownload GCA_965363385.1 attempt 1 failed: New version of client (18.35.0) available at https://ftp.ncbi.nlm.nih.gov/pub/datasets/command-line/LATEST/linux-amd64/datasets.
Error: Download error: stream error: stream ID 5; INTERNAL_ERROR; received from peer

Use datasets download genome accession <command> --help for detailed help about a command.
2026-08-17 16:44:04,719 WARNING redownload GCA_965225615.1 attempt 1 failed: New version of client (18.35.0) available at https://ftp.ncbi.nlm.nih.gov/pub/datasets/command-line/LATEST/linux-amd64/datasets.
Error: Download error: stream error: stream ID 5; INTERNAL_ERROR; received from peer

Use datasets download genome accession <command> --help for detailed help about a command.
2026-08-17 16:45:00,800 INFO [575/672] completed GCA_965177725.2: DISRUPTED_STRONG
2026-08-17 16:45:13,023 WARNING redownload GCA_965363385.1 attempt 2 failed: New version of client (18.35.0) available at https://ftp.ncbi.nlm.nih.gov/pub/datasets/command-line/LATEST/linux-amd64/datasets.
Error: Download error: stream error: stream ID 5; INTERNAL_ERROR; received from peer

Use datasets download genome accession <command> --help for detailed help about a command.
2026-08-17 16:45:22,127 WARNING redownload GCA_965363395.1 attempt 1 failed: New version of client (18.35.0) available at https://ftp.ncbi.nlm.nih.gov/pub/datasets/command-line/LATEST/linux-amd64/datasets.
Error: Download error: stream error: stream ID 5; INTERNAL_ERROR; received from peer

Use datasets download genome accession <command> --help for detailed help about a command.
2026-08-17 16:45:27,982 INFO [576/672] completed GCA_965177745.2: DISRUPTED_STRONG
2026-08-17 16:45:29,741 INFO [577/672] completed GCA_965177735.2: DISRUPTED_STRONG
2026-08-17 16:45:56,644 WARNING redownload GCA_965363395.1 attempt 2 failed: New version of client (18.35.0) available at https://ftp.ncbi.nlm.nih.gov/pub/datasets/command-line/LATEST/linux-amd64/datasets.
Error: Download error: stream error: stream ID 5; INTERNAL_ERROR; received from peer

Use datasets download genome accession <command> --help for detailed help about a command.
2026-08-17 16:46:01,598 WARNING redownload GCA_965363385.1 attempt 3 failed: New version of client (18.35.0) available at https://ftp.ncbi.nlm.nih.gov/pub/datasets/command-line/LATEST/linux-amd64/datasets.
Error: Download error: stream error: stream ID 5; INTERNAL_ERROR; received from peer

Use datasets download genome accession <command> --help for detailed help about a command.
2026-08-17 16:46:23,719 INFO [578/672] completed GCA_965177755.2: DISRUPTED_STRONG
2026-08-17 16:46:31,729 INFO [579/672] completed GCA_965363385.1: UNRESOLVED_NO_GENOME
2026-08-17 16:46:48,820 WARNING redownload GCA_965363395.1 attempt 3 failed: New version of client (18.35.0) available at https://ftp.ncbi.nlm.nih.gov/pub/datasets/command-line/LATEST/linux-amd64/datasets.
Error: Download error: stream error: stream ID 5; INTERNAL_ERROR; received from peer

Use datasets download genome accession <command> --help for detailed help about a command.
2026-08-17 16:47:20,114 INFO [580/672] completed GCA_965363395.1: UNRESOLVED_NO_GENOME
2026-08-17 16:47:31,633 WARNING redownload GCA_965363785.1 attempt 1 failed: New version of client (18.35.0) available at https://ftp.ncbi.nlm.nih.gov/pub/datasets/command-line/LATEST/linux-amd64/datasets.
Error: Download error: stream error: stream ID 5; INTERNAL_ERROR; received from peer

Use datasets download genome accession <command> --help for detailed help about a command.
2026-08-17 16:49:44,685 INFO [581/672] completed GCA_965177775.2: DISRUPTED_STRONG
2026-08-17 17:03:39,681 INFO [582/672] completed GCA_965177825.2: DISRUPTED_STRONG
2026-08-17 17:03:59,083 WARNING redownload GCA_965363855.1 attempt 1 failed: New version of client (18.35.0) available at https://ftp.ncbi.nlm.nih.gov/pub/datasets/command-line/LATEST/linux-amd64/datasets.
Error: Download error: stream error: stream ID 5; INTERNAL_ERROR; received from peer

Use datasets download genome accession <command> --help for detailed help about a command.
2026-08-17 17:04:28,170 WARNING redownload GCA_965363855.1 attempt 2 failed: New version of client (18.35.0) available at https://ftp.ncbi.nlm.nih.gov/pub/datasets/command-line/LATEST/linux-amd64/datasets.
Error: Download error: stream error: stream ID 5; INTERNAL_ERROR; received from peer

Use datasets download genome accession <command> --help for detailed help about a command.
2026-08-17 17:05:08,499 WARNING redownload GCA_965363855.1 attempt 3 failed: New version of client (18.35.0) available at https://ftp.ncbi.nlm.nih.gov/pub/datasets/command-line/LATEST/linux-amd64/datasets.
Error: Download error: stream error: stream ID 5; INTERNAL_ERROR; received from peer

Use datasets download genome accession <command> --help for detailed help about a command.
2026-08-17 17:05:38,608 INFO [583/672] completed GCA_965363855.1: UNRESOLVED_NO_GENOME
2026-08-17 17:06:46,232 WARNING redownload GCA_965363885.1 attempt 1 failed: New version of client (18.35.0) available at https://ftp.ncbi.nlm.nih.gov/pub/datasets/command-line/LATEST/linux-amd64/datasets.
Error: Download error: stream error: stream ID 5; INTERNAL_ERROR; received from peer

Use datasets download genome accession <command> --help for detailed help about a command.
2026-08-17 17:08:55,553 INFO [584/672] completed GCA_965177805.2: DISRUPTED_STRONG
2026-08-17 17:09:43,085 WARNING redownload GCA_965364655.1 attempt 1 failed: New version of client (18.35.0) available at https://ftp.ncbi.nlm.nih.gov/pub/datasets/command-line/LATEST/linux-amd64/datasets.
Error: Download error: stream error: stream ID 5; INTERNAL_ERROR; received from peer

Use datasets download genome accession <command> --help for detailed help about a command.
2026-08-17 17:10:56,581 WARNING redownload GCA_965364655.1 attempt 2 failed: New version of client (18.35.0) available at https://ftp.ncbi.nlm.nih.gov/pub/datasets/command-line/LATEST/linux-amd64/datasets.
Error: Download error: stream error: stream ID 5; INTERNAL_ERROR; received from peer

Use datasets download genome accession <command> --help for detailed help about a command.
2026-08-17 17:17:26,719 INFO [585/672] completed GCA_965225615.1: DISRUPTED_STRONG
2026-08-17 17:18:48,589 WARNING redownload GCA_965364765.1 attempt 1 failed: New version of client (18.35.0) available at https://ftp.ncbi.nlm.nih.gov/pub/datasets/command-line/LATEST/linux-amd64/datasets.
Error: Download error: stream error: stream ID 5; INTERNAL_ERROR; received from peer

Use datasets download genome accession <command> --help for detailed help about a command.
2026-08-17 17:18:53,796 INFO [586/672] completed GCA_965246665.2: DISRUPTED_STRONG
2026-08-17 17:19:04,649 WARNING redownload GCA_965364765.1 attempt 2 failed: New version of client (18.35.0) available at https://ftp.ncbi.nlm.nih.gov/pub/datasets/command-line/LATEST/linux-amd64/datasets.
Error: Download error: stream error: stream ID 5; INTERNAL_ERROR; received from peer

Use datasets download genome accession <command> --help for detailed help about a command.
2026-08-17 17:19:52,082 WARNING redownload GCA_965364765.1 attempt 3 failed: New version of client (18.35.0) available at https://ftp.ncbi.nlm.nih.gov/pub/datasets/command-line/LATEST/linux-amd64/datasets.
Error: Download error: stream error: stream ID 5; INTERNAL_ERROR; received from peer

Use datasets download genome accession <command> --help for detailed help about a command.
2026-08-17 17:20:22,127 INFO [587/672] completed GCA_965364765.1: UNRESOLVED_NO_GENOME
2026-08-17 17:20:24,235 WARNING redownload GCA_965364855.1 attempt 1 failed: New version of client (18.35.0) available at https://ftp.ncbi.nlm.nih.gov/pub/datasets/command-line/LATEST/linux-amd64/datasets.
Error: Download error: stream error: stream ID 5; INTERNAL_ERROR; received from peer

Use datasets download genome accession <command> --help for detailed help about a command.
2026-08-17 17:20:36,583 WARNING redownload GCA_965365845.1 attempt 1 failed: New version of client (18.35.0) available at https://ftp.ncbi.nlm.nih.gov/pub/datasets/command-line/LATEST/linux-amd64/datasets.
Error: Download error: stream error: stream ID 5; INTERNAL_ERROR; received from peer

Use datasets download genome accession <command> --help for detailed help about a command.
2026-08-17 17:20:45,255 INFO [588/672] completed GCA_965363425.1: DISRUPTED_STRONG
2026-08-17 17:20:54,852 INFO [589/672] completed GCA_965363435.1: DISRUPTED_STRONG
2026-08-17 17:21:14,814 WARNING redownload GCA_965365915.1 attempt 1 failed: New version of client (18.35.0) available at https://ftp.ncbi.nlm.nih.gov/pub/datasets/command-line/LATEST/linux-amd64/datasets.
Error: Download error: stream error: stream ID 5; INTERNAL_ERROR; received from peer

Use datasets download genome accession <command> --help for detailed help about a command.
2026-08-17 17:21:21,583 INFO [590/672] completed GCA_965363445.1: DISRUPTED_STRONG
2026-08-17 17:21:27,689 WARNING redownload GCA_965365915.1 attempt 2 failed: New version of client (18.35.0) available at https://ftp.ncbi.nlm.nih.gov/pub/datasets/command-line/LATEST/linux-amd64/datasets.
Error: [gateway] Gateway Error (502 Bad Gateway)
2026-08-17 17:21:38,917 WARNING redownload GCA_965365845.1 attempt 2 failed: New version of client (18.35.0) available at https://ftp.ncbi.nlm.nih.gov/pub/datasets/command-line/LATEST/linux-amd64/datasets.
Error: Download error: stream error: stream ID 5; INTERNAL_ERROR; received from peer

Use datasets download genome accession <command> --help for detailed help about a command.
2026-08-17 17:21:53,865 WARNING redownload GCA_965364855.1 attempt 2 failed: New version of client (18.35.0) available at https://ftp.ncbi.nlm.nih.gov/pub/datasets/command-line/LATEST/linux-amd64/datasets.
Error: Download error: stream error: stream ID 5; INTERNAL_ERROR; received from peer

Use datasets download genome accession <command> --help for detailed help about a command.
2026-08-17 17:21:54,741 WARNING redownload GCA_965365925.1 attempt 1 failed: New version of client (18.35.0) available at https://ftp.ncbi.nlm.nih.gov/pub/datasets/command-line/LATEST/linux-amd64/datasets.
Error: Download error: stream error: stream ID 5; INTERNAL_ERROR; received from peer

Use datasets download genome accession <command> --help for detailed help about a command.
2026-08-17 17:22:07,234 INFO [591/672] completed GCA_965363705.1: UNRESOLVED_ASSEMBLY_GAP
2026-08-17 17:22:17,266 INFO [592/672] completed GCA_965363845.1: DISRUPTED_STRONG
2026-08-17 17:22:18,351 INFO [593/672] completed GCA_965363785.1: DISRUPTED_STRONG
2026-08-17 17:22:52,226 WARNING redownload GCA_965364855.1 attempt 3 failed: New version of client (18.35.0) available at https://ftp.ncbi.nlm.nih.gov/pub/datasets/command-line/LATEST/linux-amd64/datasets.
Error: Download error: stream error: stream ID 5; INTERNAL_ERROR; received from peer

Use datasets download genome accession <command> --help for detailed help about a command.
2026-08-17 17:22:53,356 WARNING redownload GCA_965365915.1 attempt 3 failed: New version of client (18.35.0) available at https://ftp.ncbi.nlm.nih.gov/pub/datasets/command-line/LATEST/linux-amd64/datasets.
Error: Download error: stream error: stream ID 5; INTERNAL_ERROR; received from peer

Use datasets download genome accession <command> --help for detailed help about a command.
2026-08-17 17:23:22,237 INFO [594/672] completed GCA_965364855.1: UNRESOLVED_NO_GENOME
2026-08-17 17:23:23,388 INFO [595/672] completed GCA_965365915.1: UNRESOLVED_NO_GENOME
2026-08-17 17:23:24,591 WARNING redownload GCA_965365925.1 attempt 2 failed: New version of client (18.35.0) available at https://ftp.ncbi.nlm.nih.gov/pub/datasets/command-line/LATEST/linux-amd64/datasets.
Error: Download error: stream error: stream ID 5; INTERNAL_ERROR; received from peer

Use datasets download genome accession <command> --help for detailed help about a command.
2026-08-17 17:23:27,290 WARNING redownload GCA_965642205.1 attempt 1 failed: New version of client (18.35.0) available at https://ftp.ncbi.nlm.nih.gov/pub/datasets/command-line/LATEST/linux-amd64/datasets.
Error: Download error: stream error: stream ID 5; INTERNAL_ERROR; received from peer

Use datasets download genome accession <command> --help for detailed help about a command.
2026-08-17 17:23:42,880 WARNING redownload GCA_965642205.1 attempt 2 failed: New version of client (18.35.0) available at https://ftp.ncbi.nlm.nih.gov/pub/datasets/command-line/LATEST/linux-amd64/datasets.
Error: Download error: stream error: stream ID 5; INTERNAL_ERROR; received from peer

Use datasets download genome accession <command> --help for detailed help about a command.
2026-08-17 17:23:56,232 INFO [596/672] completed GCA_965364655.1: DISRUPTED_STRONG
2026-08-17 17:24:27,265 WARNING redownload GCA_965365925.1 attempt 3 failed: New version of client (18.35.0) available at https://ftp.ncbi.nlm.nih.gov/pub/datasets/command-line/LATEST/linux-amd64/datasets.
Error: Download error: stream error: stream ID 5; INTERNAL_ERROR; received from peer

Use datasets download genome accession <command> --help for detailed help about a command.
2026-08-17 17:24:30,289 WARNING redownload GCA_965642205.1 attempt 3 failed: New version of client (18.35.0) available at https://ftp.ncbi.nlm.nih.gov/pub/datasets/command-line/LATEST/linux-amd64/datasets.
Error: Download error: stream error: stream ID 5; INTERNAL_ERROR; received from peer

Use datasets download genome accession <command> --help for detailed help about a command.
2026-08-17 17:24:46,107 INFO [597/672] completed GCA_965363885.1: DISRUPTED_STRONG
2026-08-17 17:24:57,991 INFO [598/672] completed GCA_965365925.1: UNRESOLVED_NO_GENOME
2026-08-17 17:25:01,216 INFO [599/672] completed GCA_965642205.1: UNRESOLVED_NO_GENOME
2026-08-17 17:25:05,171 WARNING redownload GCA_976986625.1 attempt 1 failed: New version of client (18.35.0) available at https://ftp.ncbi.nlm.nih.gov/pub/datasets/command-line/LATEST/linux-amd64/datasets.
Error: Download error: stream error: stream ID 5; INTERNAL_ERROR; received from peer

Use datasets download genome accession <command> --help for detailed help about a command.
2026-08-17 17:26:08,581 WARNING redownload GCA_976986635.2 attempt 1 failed: New version of client (18.35.0) available at https://ftp.ncbi.nlm.nih.gov/pub/datasets/command-line/LATEST/linux-amd64/datasets.
Error: Download error: stream error: stream ID 5; INTERNAL_ERROR; received from peer

Use datasets download genome accession <command> --help for detailed help about a command.
2026-08-17 17:27:36,875 WARNING redownload GCA_976986635.2 attempt 2 failed: New version of client (18.35.0) available at https://ftp.ncbi.nlm.nih.gov/pub/datasets/command-line/LATEST/linux-amd64/datasets.
Error: Download error: stream error: stream ID 5; INTERNAL_ERROR; received from peer

Use datasets download genome accession <command> --help for detailed help about a command.
2026-08-17 17:29:09,979 WARNING redownload GCA_976986635.2 attempt 3 failed: New version of client (18.35.0) available at https://ftp.ncbi.nlm.nih.gov/pub/datasets/command-line/LATEST/linux-amd64/datasets.
Error: Download error: stream error: stream ID 5; INTERNAL_ERROR; received from peer

Use datasets download genome accession <command> --help for detailed help about a command.
2026-08-17 17:29:40,101 INFO [600/672] completed GCA_976986635.2: UNRESOLVED_NO_GENOME
2026-08-17 17:40:21,984 INFO [601/672] completed GCA_965365845.1: DISRUPTED_STRONG
2026-08-17 17:57:22,275 INFO [602/672] completed GCA_965637775.1: DISRUPTED_STRONG
2026-08-17 17:58:53,248 INFO [603/672] completed GCA_976986615.1: DISRUPTED_STRONG
2026-08-17 17:59:05,627 INFO [604/672] completed GCA_965642185.1: DISRUPTED_STRONG
2026-08-17 17:59:16,865 INFO [605/672] completed GCA_974728815.1: UNRESOLVED_ASSEMBLY_GAP
2026-08-17 17:59:44,979 INFO [606/672] completed GCA_965606195.1: DISRUPTED_STRONG
2026-08-17 18:00:25,626 INFO [607/672] completed GCA_965642195.1: DISRUPTED_STRONG
2026-08-17 18:02:45,751 INFO [608/672] completed GCA_977879435.1: DISRUPTED_STRONG
2026-08-17 18:04:06,835 INFO [609/672] completed GCA_977879805.1: DISRUPTED_STRONG
2026-08-17 18:06:24,653 INFO [610/672] completed GCA_976986625.1: DISRUPTED_STRONG
2026-08-17 18:11:30,213 INFO [611/672] completed GCA_977880105.2: DISRUPTED_STRONG
2026-08-17 18:36:39,846 INFO [612/672] completed GCA_977927225.1: DISRUPTED_STRONG
2026-08-17 18:38:43,007 INFO [613/672] completed GCA_977927265.1: DISRUPTED_STRONG
2026-08-17 18:38:50,983 INFO [614/672] completed GCA_977927255.1: DISRUPTED_STRONG
2026-08-17 18:39:16,456 INFO [615/672] completed GCA_977927245.1: DISRUPTED_STRONG
2026-08-17 18:39:59,918 INFO [616/672] completed GCA_977970235.1: DISRUPTED_STRONG
2026-08-17 18:40:08,387 INFO [617/672] completed GCA_977927285.1: DISRUPTED_STRONG
2026-08-17 18:40:19,218 INFO [618/672] completed GCA_984506425.1: DISRUPTED_STRONG
2026-08-17 18:40:37,497 INFO [619/672] completed GCA_984506415.1: DISRUPTED_STRONG
2026-08-17 18:41:41,911 INFO [620/672] completed GCA_984506435.1: DISRUPTED_STRONG
2026-08-17 18:41:49,496 INFO [621/672] completed GCA_984506445.1: DISRUPTED_STRONG
2026-08-17 18:43:34,938 INFO [622/672] completed GCA_984506455.1: DISRUPTED_STRONG
2026-08-17 18:44:05,961 WARNING redownload GCA_984513465.1 attempt 1 failed: New version of client (18.35.0) available at https://ftp.ncbi.nlm.nih.gov/pub/datasets/command-line/LATEST/linux-amd64/datasets.
Error: Download error: stream error: stream ID 5; INTERNAL_ERROR; received from peer

Use datasets download genome accession <command> --help for detailed help about a command.
2026-08-17 18:48:39,398 WARNING redownload GCA_984513465.1 attempt 2 failed: New version of client (18.35.0) available at https://ftp.ncbi.nlm.nih.gov/pub/datasets/command-line/LATEST/linux-amd64/datasets.
Error: Download error: stream error: stream ID 5; INTERNAL_ERROR; received from peer

Use datasets download genome accession <command> --help for detailed help about a command.
2026-08-17 19:04:12,995 INFO [623/672] completed GCA_984506465.1: DISRUPTED_STRONG
2026-08-17 19:14:39,515 INFO [624/672] completed GCA_984506515.1: DISRUPTED_STRONG
2026-08-17 19:16:19,351 INFO [625/672] completed GCA_984506535.1: DISRUPTED_STRONG
2026-08-17 19:17:08,272 INFO [626/672] completed GCA_984506825.1: DISRUPTED_STRONG
2026-08-17 19:17:38,736 INFO [627/672] completed GCA_984506635.1: DISRUPTED_STRONG
2026-08-17 19:17:45,575 INFO [628/672] completed GCA_984506805.1: DISRUPTED_STRONG
2026-08-17 19:17:56,357 INFO [629/672] completed GCA_984506815.1: DISRUPTED_STRONG
2026-08-17 19:18:16,326 INFO [630/672] completed GCA_984507005.1: UNRESOLVED_ASSEMBLY_GAP
2026-08-17 19:18:39,375 WARNING redownload GCF_000003205.7 attempt 1 failed: New version of client (18.35.0) available at https://ftp.ncbi.nlm.nih.gov/pub/datasets/command-line/LATEST/linux-amd64/datasets.
Error: Download error: stream error: stream ID 5; INTERNAL_ERROR; received from peer

Use datasets download genome accession <command> --help for detailed help about a command.
2026-08-17 19:19:05,268 INFO [631/672] completed GCA_984506965.1: UNRESOLVED_ASSEMBLY_GAP
2026-08-17 19:19:10,659 INFO [632/672] completed GCA_984513515.1: DISRUPTED_STRONG
2026-08-17 19:19:22,929 INFO [633/672] completed GCA_984513465.1: DISRUPTED_STRONG
2026-08-17 19:19:54,661 WARNING redownload GCF_000003205.7 attempt 2 failed: New version of client (18.35.0) available at https://ftp.ncbi.nlm.nih.gov/pub/datasets/command-line/LATEST/linux-amd64/datasets.
Error: Download error: stream error: stream ID 5; INTERNAL_ERROR; received from peer

Use datasets download genome accession <command> --help for detailed help about a command.
2026-08-17 19:20:22,941 INFO [634/672] completed GCA_984513855.1: DISRUPTED_STRONG
2026-08-17 19:39:43,673 INFO [635/672] completed GCA_984514235.1: DISRUPTED_STRONG
2026-08-17 19:49:56,357 INFO [636/672] completed GCA_984514435.1: DISRUPTED_STRONG
2026-08-17 19:54:16,972 INFO [637/672] completed GCA_984514685.1: DISRUPTED_STRONG
2026-08-17 19:54:35,639 INFO [638/672] completed GCF_000298355.1: UNRESOLVED_ASSEMBLY_GAP
2026-08-17 19:54:40,144 INFO [639/672] completed GCF_000247795.1: UNRESOLVED_ASSEMBLY_GAP
2026-08-17 19:55:11,347 INFO [640/672] completed GCA_984538235.1: DISRUPTED_STRONG
2026-08-17 19:55:24,722 INFO [641/672] completed GCF_000400835.1: UNRESOLVED_ASSEMBLY_GAP
2026-08-17 19:55:33,100 INFO [642/672] completed GCF_000003055.6: UNRESOLVED_ASSEMBLY_GAP
2026-08-17 19:56:28,079 INFO [643/672] completed GCF_000298735.2: UNRESOLVED_ASSEMBLY_GAP
2026-08-17 19:56:50,357 INFO [644/672] completed GCF_000003205.7: UNRESOLVED_ASSEMBLY_GAP
2026-08-17 19:58:14,506 INFO [645/672] completed GCF_000471725.1: UNRESOLVED_ASSEMBLY_GAP
2026-08-17 19:58:21,819 INFO [646/672] completed GCF_000754665.1: UNRESOLVED_ASSEMBLY_GAP
2026-08-17 20:10:48,342 INFO [647/672] completed GCF_000765115.1: UNRESOLVED_ASSEMBLY_GAP
2026-08-17 20:26:29,603 INFO [648/672] completed GCF_002102435.1: UNRESOLVED_ASSEMBLY_GAP
2026-08-17 20:26:45,887 WARNING redownload GCF_019923935.1 attempt 1 failed: New version of client (18.35.0) available at https://ftp.ncbi.nlm.nih.gov/pub/datasets/command-line/LATEST/linux-amd64/datasets.
Error: Download error: stream error: stream ID 5; INTERNAL_ERROR; received from peer

Use datasets download genome accession <command> --help for detailed help about a command.
2026-08-17 20:32:04,094 INFO [649/672] completed GCF_003121395.1: DISRUPTED_STRONG
2026-08-17 20:32:25,350 INFO [650/672] completed GCF_001704415.2: DISRUPTED_STRONG
2026-08-17 20:32:48,542 INFO [651/672] completed GCF_002263795.3: DISRUPTED_STRONG
2026-08-17 20:33:03,884 INFO [652/672] completed GCF_019320065.1: UNRESOLVED_ASSEMBLY_GAP
2026-08-17 20:33:21,859 INFO [653/672] completed GCF_019923925.1: DISRUPTED_STRONG
2026-08-17 20:33:52,164 INFO [654/672] completed GCF_003369695.1: DISRUPTED_STRONG
2026-08-17 20:33:57,670 INFO [655/672] completed GCF_014754425.2: DISRUPTED_STRONG
2026-08-17 20:34:24,549 WARNING redownload GCF_032405125.1 attempt 1 failed: New version of client (18.35.0) available at https://ftp.ncbi.nlm.nih.gov/pub/datasets/command-line/LATEST/linux-amd64/datasets.
Error: Download error: stream error: stream ID 5; INTERNAL_ERROR; received from peer

Use datasets download genome accession <command> --help for detailed help about a command.
2026-08-17 20:34:37,018 INFO [656/672] completed GCF_016772045.2: DISRUPTED_STRONG
2026-08-17 20:35:01,702 INFO [657/672] completed GCF_002742125.1: DISRUPTED_STRONG
2026-08-17 20:35:11,876 WARNING redownload GCF_033118175.1 attempt 1 failed: New version of client (18.35.0) available at https://ftp.ncbi.nlm.nih.gov/pub/datasets/command-line/LATEST/linux-amd64/datasets.
Error: Download error: stream error: stream ID 5; INTERNAL_ERROR; received from peer

Use datasets download genome accession <command> --help for detailed help about a command.
2026-08-17 20:36:20,480 INFO [658/672] completed GCF_019923935.1: UNRESOLVED_ASSEMBLY_GAP
2026-08-17 21:02:44,729 INFO [659/672] completed GCF_023091745.1: DISRUPTED_STRONG
2026-08-17 21:05:18,603 INFO [660/672] completed GCF_023699985.2: DISRUPTED_STRONG
2026-08-17 21:08:40,187 INFO [661/672] completed GCF_029378745.1: DISRUPTED_STRONG
2026-08-17 21:08:59,258 INFO [662/672] completed GCF_027580195.1: DISRUPTED_STRONG
2026-08-17 21:10:33,154 INFO [663/672] completed GCF_022376915.1: DISRUPTED_STRONG
2026-08-17 21:11:37,340 INFO [664/672] completed GCF_032405125.1: DISRUPTED_STRONG
2026-08-17 21:12:23,390 INFO [665/672] completed GCF_029407905.1: DISRUPTED_STRONG
2026-08-17 21:13:25,872 INFO [666/672] completed GCF_032452875.1: DISRUPTED_STRONG
2026-08-17 21:13:41,649 INFO [667/672] completed GCF_033118175.1: DISRUPTED_STRONG
2026-08-17 21:15:08,069 INFO [668/672] completed GCF_042477335.2: DISRUPTED_STRONG
2026-08-17 21:21:35,520 INFO [669/672] completed GCF_054371585.1: DISRUPTED_STRONG
2026-08-17 21:22:33,696 INFO [670/672] completed GCF_055505025.1: DISRUPTED_STRONG
2026-08-17 21:23:17,556 INFO [671/672] completed GCF_910594005.1: DISRUPTED_STRONG
2026-08-17 21:24:42,914 INFO [672/672] completed GCF_963930625.1: DISRUPTED_STRONG
2026-08-17 21:25:15,404 INFO Refined report: /home/morpheus/retraction_watch_plots/gprc6a/GPRC6A_Ruminantia/refined_intactness/refined_report.html
