species_key	event_key	event_type	exon	exon_index	exon_pos	cds_pos	reference_codon	length	motif	gene_disrupting	supporting_assemblies	medium_high_supporting_assemblies	callable_assemblies	support_fraction	species_event_confidence	support_accessions
Addax nasomaculatus	candidate_large_inframe_insertion|ex3|pos407|len138	candidate_large_inframe_insertion	exon_3	3.0	407.0	905.0	302.0	138.0		False	2	2	2	1.0	HIGH	GCA_019593525.1;GCA_044231825.1
Addax nasomaculatus	frameshift_deletion|ex1|pos119|len4	frameshift_deletion	exon_1	1.0	119.0	119.0	40.0	4.0		True	2	2	2	1.0	HIGH	GCA_019593525.1;GCA_044231825.1
Addax nasomaculatus	frameshift_deletion|ex1|pos162|len1	frameshift_deletion	exon_1	1.0	162.0	162.0	54.0	1.0		True	2	2	2	1.0	HIGH	GCA_019593525.1;GCA_044231825.1
Addax nasomaculatus	frameshift_deletion|ex3|pos167|len7	frameshift_deletion	exon_3	3.0	167.0	665.0	222.0	7.0		True	2	2	2	1.0	HIGH	GCA_019593525.1;GCA_044231825.1
Addax nasomaculatus	frameshift_deletion|ex3|pos180|len1	frameshift_deletion	exon_3	3.0	180.0	678.0	226.0	1.0		True	2	2	2	1.0	HIGH	GCA_019593525.1;GCA_044231825.1
Addax nasomaculatus	frameshift_deletion|ex3|pos606|len1	frameshift_deletion	exon_3	3.0	606.0	1104.0	368.0	1.0		True	2	2	2	1.0	HIGH	GCA_019593525.1;GCA_044231825.1
Addax nasomaculatus	frameshift_deletion|ex4|pos131|len1	frameshift_deletion	exon_4	4.0	131.0	1466.0	489.0	1.0		True	2	2	2	1.0	HIGH	GCA_019593525.1;GCA_044231825.1
Addax nasomaculatus	frameshift_deletion|ex6|pos737|len5	frameshift_deletion	exon_6	6.0	737.0	2409.0	803.0	5.0		True	2	2	2	1.0	HIGH	GCA_019593525.1;GCA_044231825.1
Addax nasomaculatus	frameshift_induced_stop|ex2|codon77	frameshift_induced_stop	exon_2	2.0	37.0	231.0	77.0			True	2	2	2	1.0	HIGH	GCA_019593525.1;GCA_044231825.1
Addax nasomaculatus	frameshift_induced_stop|ex3|codon236	frameshift_induced_stop	exon_3	3.0	208.0	706.0	236.0			True	2	2	2	1.0	HIGH	GCA_019593525.1;GCA_044231825.1
Addax nasomaculatus	frameshift_induced_stop|ex4|codon496	frameshift_induced_stop	exon_4	4.0	153.0	1488.0	496.0			True	2	2	2	1.0	HIGH	GCA_019593525.1;GCA_044231825.1
Addax nasomaculatus	frameshift_induced_stop|ex6|codon581	frameshift_induced_stop	exon_6	6.0	69.0	1741.0	581.0			True	2	2	2	1.0	HIGH	GCA_019593525.1;GCA_044231825.1
Addax nasomaculatus	frameshift_induced_stop|ex6|codon824	frameshift_induced_stop	exon_6	6.0	798.0	2470.0	824.0			True	2	2	2	1.0	HIGH	GCA_019593525.1;GCA_044231825.1
Addax nasomaculatus	frameshift_insertion|ex1|pos136|len1	frameshift_insertion	exon_1	1.0	136.0	136.0	46.0	1.0		True	2	2	2	1.0	HIGH	GCA_019593525.1;GCA_044231825.1
Addax nasomaculatus	frameshift_insertion|ex2|pos297|len1	frameshift_insertion	exon_2	2.0	297.0	491.0	164.0	1.0		True	2	2	2	1.0	HIGH	GCA_019593525.1;GCA_044231825.1
Addax nasomaculatus	frameshift_insertion|ex4|pos169|len1	frameshift_insertion	exon_4	4.0	169.0	1504.0	502.0	1.0		True	2	2	2	1.0	HIGH	GCA_019593525.1;GCA_044231825.1
Addax nasomaculatus	frameshift_insertion|ex6|pos338|len2	frameshift_insertion	exon_6	6.0	338.0	2010.0	670.0	2.0		True	2	2	2	1.0	HIGH	GCA_019593525.1;GCA_044231825.1
Addax nasomaculatus	frameshift_insertion|ex6|pos33|len1	frameshift_insertion	exon_6	6.0	33.0	1705.0	569.0	1.0		True	2	2	2	1.0	HIGH	GCA_019593525.1;GCA_044231825.1
Addax nasomaculatus	inframe_deletion|ex3|pos658|len9	inframe_deletion	exon_3	3.0	658.0	1156.0	386.0	9.0		False	2	2	2	1.0	HIGH	GCA_019593525.1;GCA_044231825.1
Addax nasomaculatus	inframe_deletion|ex6|pos89|len9	inframe_deletion	exon_6	6.0	89.0	1761.0	587.0	9.0		False	2	2	2	1.0	HIGH	GCA_019593525.1;GCA_044231825.1
Addax nasomaculatus	inframe_deletion|ex6|pos939|len21	inframe_deletion	exon_6	6.0	939.0	2611.0	871.0	21.0		False	2	2	2	1.0	HIGH	GCA_019593525.1;GCA_044231825.1
Addax nasomaculatus	potential_splice_acceptor_disruption|ex5|GA	potential_splice_acceptor_disruption	exon_5	5.0	1.0	1549.0	517.0		GA	True	2	2	2	1.0	HIGH	GCA_019593525.1;GCA_044231825.1
Addax nasomaculatus	potential_splice_donor_disruption|ex1|CC	potential_splice_donor_disruption	exon_1	1.0	194.0	194.0	65.0		CC	True	2	2	2	1.0	HIGH	GCA_019593525.1;GCA_044231825.1
Addax nasomaculatus	premature_stop|ex3|codon361	premature_stop	exon_3	3.0	583.0	1081.0	361.0			True	2	2	2	1.0	HIGH	GCA_019593525.1;GCA_044231825.1
Addax nasomaculatus	premature_stop|ex3|codon430	premature_stop	exon_3	3.0	790.0	1288.0	430.0			True	2	2	2	1.0	HIGH	GCA_019593525.1;GCA_044231825.1
Addax nasomaculatus	premature_stop|ex5|codon526	premature_stop	exon_5	5.0	28.0	1576.0	526.0			True	2	2	2	1.0	HIGH	GCA_019593525.1;GCA_044231825.1
Addax nasomaculatus	premature_stop|ex5|codon530	premature_stop	exon_5	5.0	40.0	1588.0	530.0			True	2	2	2	1.0	HIGH	GCA_019593525.1;GCA_044231825.1
Addax nasomaculatus	premature_stop|ex6|codon722	premature_stop	exon_6	6.0	492.0	2164.0	722.0			True	2	2	2	1.0	HIGH	GCA_019593525.1;GCA_044231825.1
Aepyceros melampus	frameshift_deletion|ex1|pos119|len4	frameshift_deletion	exon_1	1.0	119.0	119.0	40.0	4.0		True	1	1	1	1.0	MEDIUM	GCA_006408695.1
Aepyceros melampus	frameshift_deletion|ex1|pos162|len1	frameshift_deletion	exon_1	1.0	162.0	162.0	54.0	1.0		True	1	1	1	1.0	MEDIUM	GCA_006408695.1
Aepyceros melampus	frameshift_deletion|ex2|pos73|len4	frameshift_deletion	exon_2	2.0	73.0	267.0	89.0	4.0		True	1	1	1	1.0	MEDIUM	GCA_006408695.1
Aepyceros melampus	frameshift_deletion|ex3|pos167|len7	frameshift_deletion	exon_3	3.0	167.0	665.0	222.0	7.0		True	1	1	1	1.0	MEDIUM	GCA_006408695.1
Aepyceros melampus	frameshift_deletion|ex4|pos131|len1	frameshift_deletion	exon_4	4.0	131.0	1466.0	489.0	1.0		True	1	1	1	1.0	MEDIUM	GCA_006408695.1
Aepyceros melampus	frameshift_deletion|ex6|pos214|len1	frameshift_deletion	exon_6	6.0	214.0	1886.0	629.0	1.0		True	1	1	1	1.0	MEDIUM	GCA_006408695.1
Aepyceros melampus	frameshift_deletion|ex6|pos355|len1	frameshift_deletion	exon_6	6.0	355.0	2027.0	676.0	1.0		True	1	1	1	1.0	MEDIUM	GCA_006408695.1
Aepyceros melampus	frameshift_deletion|ex6|pos482|len1	frameshift_deletion	exon_6	6.0	482.0	2154.0	718.0	1.0		True	1	1	1	1.0	MEDIUM	GCA_006408695.1
Aepyceros melampus	frameshift_deletion|ex6|pos741|len5	frameshift_deletion	exon_6	6.0	741.0	2413.0	805.0	5.0		True	1	1	1	1.0	MEDIUM	GCA_006408695.1
Aepyceros melampus	frameshift_induced_stop|ex2|codon67	frameshift_induced_stop	exon_2	2.0	5.0	199.0	67.0			True	1	1	1	1.0	MEDIUM	GCA_006408695.1
Aepyceros melampus	frameshift_induced_stop|ex3|codon239	frameshift_induced_stop	exon_3	3.0	219.0	717.0	239.0			True	1	1	1	1.0	MEDIUM	GCA_006408695.1
Aepyceros melampus	frameshift_induced_stop|ex4|codon495	frameshift_induced_stop	exon_4	4.0	148.0	1483.0	495.0			True	1	1	1	1.0	MEDIUM	GCA_006408695.1
Aepyceros melampus	frameshift_induced_stop|ex6|codon689	frameshift_induced_stop	exon_6	6.0	393.0	2065.0	689.0			True	1	1	1	1.0	MEDIUM	GCA_006408695.1
Aepyceros melampus	frameshift_induced_stop|ex6|codon743	frameshift_induced_stop	exon_6	6.0	555.0	2227.0	743.0			True	1	1	1	1.0	MEDIUM	GCA_006408695.1
Aepyceros melampus	frameshift_induced_stop|ex6|codon786	frameshift_induced_stop	exon_6	6.0	686.0	2358.0	786.0			True	1	1	1	1.0	MEDIUM	GCA_006408695.1
Aepyceros melampus	frameshift_induced_stop|ex6|codon868	frameshift_induced_stop	exon_6	6.0	932.0	2604.0	868.0			True	1	1	1	1.0	MEDIUM	GCA_006408695.1
Aepyceros melampus	frameshift_insertion|ex6|pos338|len2	frameshift_insertion	exon_6	6.0	338.0	2010.0	670.0	2.0		True	1	1	1	1.0	MEDIUM	GCA_006408695.1
Aepyceros melampus	frameshift_insertion|ex6|pos524|len4	frameshift_insertion	exon_6	6.0	524.0	2196.0	732.0	4.0		True	1	1	1	1.0	MEDIUM	GCA_006408695.1
Aepyceros melampus	frameshift_insertion|ex6|pos604|len4	frameshift_insertion	exon_6	6.0	604.0	2276.0	759.0	4.0		True	1	1	1	1.0	MEDIUM	GCA_006408695.1
Aepyceros melampus	frameshift_insertion|ex6|pos922|len2	frameshift_insertion	exon_6	6.0	922.0	2594.0	865.0	2.0		True	1	1	1	1.0	MEDIUM	GCA_006408695.1
Aepyceros melampus	inframe_deletion|ex3|pos658|len9	inframe_deletion	exon_3	3.0	658.0	1156.0	386.0	9.0		False	1	1	1	1.0	MEDIUM	GCA_006408695.1
Aepyceros melampus	inframe_deletion|ex6|pos89|len9	inframe_deletion	exon_6	6.0	89.0	1761.0	587.0	9.0		False	1	1	1	1.0	MEDIUM	GCA_006408695.1
Aepyceros melampus	inframe_deletion|ex6|pos939|len21	inframe_deletion	exon_6	6.0	939.0	2611.0	871.0	21.0		False	1	1	1	1.0	MEDIUM	GCA_006408695.1
Aepyceros melampus	potential_splice_acceptor_disruption|ex5|GA	potential_splice_acceptor_disruption	exon_5	5.0	1.0	1549.0	517.0		GA	True	1	1	1	1.0	MEDIUM	GCA_006408695.1
Aepyceros melampus	potential_splice_acceptor_disruption|ex6|AC	potential_splice_acceptor_disruption	exon_6	6.0	1.0	1673.0	558.0		AC	True	1	1	1	1.0	MEDIUM	GCA_006408695.1
Aepyceros melampus	potential_splice_donor_disruption|ex1|CC	potential_splice_donor_disruption	exon_1	1.0	194.0	194.0	65.0		CC	True	1	1	1	1.0	MEDIUM	GCA_006408695.1
Aepyceros melampus	potential_splice_donor_disruption|ex2|GG	potential_splice_donor_disruption	exon_2	2.0	304.0	498.0	166.0		GG	True	1	1	1	1.0	MEDIUM	GCA_006408695.1
Aepyceros melampus	premature_stop|ex3|codon305	premature_stop	exon_3	3.0	415.0	913.0	305.0			True	1	1	1	1.0	MEDIUM	GCA_006408695.1
Aepyceros melampus	premature_stop|ex3|codon361	premature_stop	exon_3	3.0	583.0	1081.0	361.0			True	1	1	1	1.0	MEDIUM	GCA_006408695.1
Aepyceros melampus	premature_stop|ex3|codon430	premature_stop	exon_3	3.0	790.0	1288.0	430.0			True	1	1	1	1.0	MEDIUM	GCA_006408695.1
Aepyceros melampus	premature_stop|ex3|codon433	premature_stop	exon_3	3.0	799.0	1297.0	433.0			True	1	1	1	1.0	MEDIUM	GCA_006408695.1
Aepyceros melampus	premature_stop|ex5|codon526	premature_stop	exon_5	5.0	28.0	1576.0	526.0			True	1	1	1	1.0	MEDIUM	GCA_006408695.1
Aepyceros melampus	premature_stop|ex6|codon722	premature_stop	exon_6	6.0	492.0	2164.0	722.0			True	1	1	1	1.0	MEDIUM	GCA_006408695.1
Alcelaphus buselaphus	exon_unresolved|ex1	exon_unresolved	exon_1	1.0	1.0	1.0	1.0	194.0		False	1	0	0		LOW	
Alcelaphus buselaphus	exon_unresolved|ex4	exon_unresolved	exon_4	4.0	1.0	1336.0	446.0	213.0		False	1	0	0		LOW	
Alcelaphus buselaphus	exon_unresolved|ex5	exon_unresolved	exon_5	5.0	1.0	1549.0	517.0	124.0		False	1	0	0		LOW	
Alcelaphus buselaphus	exon_unresolved|ex6	exon_unresolved	exon_6	6.0	1.0	1673.0	558.0	1115.0		False	1	0	0		LOW	
Alcelaphus buselaphus	frameshift_deletion|ex3|pos606|len1	frameshift_deletion	exon_3	3.0	606.0	1104.0	368.0	1.0		True	1	1	1	1.0	MEDIUM	GCA_006408545.1
Alcelaphus buselaphus	frameshift_induced_stop|ex3|codon372	frameshift_induced_stop	exon_3	3.0	618.0	1116.0	372.0			True	1	1	1	1.0	MEDIUM	GCA_006408545.1
Alcelaphus buselaphus	inframe_deletion|ex3|pos658|len9	inframe_deletion	exon_3	3.0	658.0	1156.0	386.0	9.0		False	1	1	1	1.0	MEDIUM	GCA_006408545.1
Alcelaphus buselaphus	potential_splice_donor_disruption|ex2|AC	potential_splice_donor_disruption	exon_2	2.0	304.0	498.0	166.0		AC	True	1	1	1	1.0	MEDIUM	GCA_006408545.1
Alcelaphus buselaphus	premature_stop|ex3|codon361	premature_stop	exon_3	3.0	583.0	1081.0	361.0			True	1	1	1	1.0	MEDIUM	GCA_006408545.1
Alcelaphus buselaphus	premature_stop|ex3|codon430	premature_stop	exon_3	3.0	790.0	1288.0	430.0			True	1	1	1	1.0	MEDIUM	GCA_006408545.1
Alcelaphus buselaphus	premature_stop|ex3|codon433	premature_stop	exon_3	3.0	799.0	1297.0	433.0			True	1	1	1	1.0	MEDIUM	GCA_006408545.1
Alces alces	candidate_large_frameshift_insertion|ex2|pos237|len808	candidate_large_frameshift_insertion	exon_2	2.0	237.0	431.0	144.0	808.0		True	5	5	5	1.0	HIGH	GCA_007570765.1;GCA_015832495.2;GCA_059051325.1;GCA_059051365.1;GCA_964270355.1
Alces alces	candidate_large_frameshift_insertion|ex3|pos195|len251	candidate_large_frameshift_insertion	exon_3	3.0	195.0	693.0	231.0	251.0		True	5	5	5	1.0	HIGH	GCA_007570765.1;GCA_015832495.2;GCA_059051325.1;GCA_059051365.1;GCA_964270355.1
Alces alces	frameshift_deletion|ex1|pos35|len2	frameshift_deletion	exon_1	1.0	35.0	35.0	12.0	2.0		True	3	3	5	0.6	HIGH	GCA_007570765.1;GCA_059051325.1;GCA_059051365.1
Alces alces	frameshift_deletion|ex2|pos152|len2	frameshift_deletion	exon_2	2.0	152.0	346.0	116.0	2.0		True	5	5	5	1.0	HIGH	GCA_007570765.1;GCA_015832495.2;GCA_059051325.1;GCA_059051365.1;GCA_964270355.1
Alces alces	frameshift_deletion|ex2|pos265|len1	frameshift_deletion	exon_2	2.0	265.0	459.0	153.0	1.0		True	5	5	5	1.0	HIGH	GCA_007570765.1;GCA_015832495.2;GCA_059051325.1;GCA_059051365.1;GCA_964270355.1
Alces alces	frameshift_deletion|ex2|pos33|len5	frameshift_deletion	exon_2	2.0	33.0	227.0	76.0	5.0		True	5	5	5	1.0	HIGH	GCA_007570765.1;GCA_015832495.2;GCA_059051325.1;GCA_059051365.1;GCA_964270355.1
Alces alces	frameshift_deletion|ex3|pos166|len7	frameshift_deletion	exon_3	3.0	166.0	664.0	222.0	7.0		True	5	5	5	1.0	HIGH	GCA_007570765.1;GCA_015832495.2;GCA_059051325.1;GCA_059051365.1;GCA_964270355.1
Alces alces	frameshift_deletion|ex4|pos131|len1	frameshift_deletion	exon_4	4.0	131.0	1466.0	489.0	1.0		True	5	5	5	1.0	HIGH	GCA_007570765.1;GCA_015832495.2;GCA_059051325.1;GCA_059051365.1;GCA_964270355.1
Alces alces	frameshift_deletion|ex6|pos737|len5	frameshift_deletion	exon_6	6.0	737.0	2409.0	803.0	5.0		True	5	5	5	1.0	HIGH	GCA_007570765.1;GCA_015832495.2;GCA_059051325.1;GCA_059051365.1;GCA_964270355.1
Alces alces	frameshift_deletion|ex6|pos860|len4	frameshift_deletion	exon_6	6.0	860.0	2532.0	844.0	4.0		True	5	5	5	1.0	HIGH	GCA_007570765.1;GCA_015832495.2;GCA_059051325.1;GCA_059051365.1;GCA_964270355.1
Alces alces	frameshift_induced_stop|ex1|codon25	frameshift_induced_stop	exon_1	1.0	73.0	73.0	25.0			True	3	3	5	0.6	HIGH	GCA_007570765.1;GCA_059051325.1;GCA_059051365.1
Alces alces	frameshift_induced_stop|ex2|codon82	frameshift_induced_stop	exon_2	2.0	50.0	244.0	82.0			True	2	2	5	0.4	LOW	GCA_015832495.2;GCA_964270355.1
Alces alces	frameshift_induced_stop|ex2|codon83	frameshift_induced_stop	exon_2	2.0	55.0	249.0	83.0			True	3	3	5	0.6	HIGH	GCA_007570765.1;GCA_059051325.1;GCA_059051365.1
Alces alces	frameshift_induced_stop|ex3|codon170	frameshift_induced_stop	exon_3	3.0	10.0	508.0	170.0			True	2	2	5	0.4	LOW	GCA_015832495.2;GCA_964270355.1
Alces alces	frameshift_induced_stop|ex3|codon236	frameshift_induced_stop	exon_3	3.0	208.0	706.0	236.0			True	3	3	5	0.6	HIGH	GCA_007570765.1;GCA_059051325.1;GCA_059051365.1
Alces alces	frameshift_induced_stop|ex4|codon496	frameshift_induced_stop	exon_4	4.0	153.0	1488.0	496.0			True	2	2	5	0.4	LOW	GCA_015832495.2;GCA_964270355.1
Alces alces	frameshift_induced_stop|ex6|codon652	frameshift_induced_stop	exon_6	6.0	282.0	1954.0	652.0			True	3	3	5	0.6	HIGH	GCA_007570765.1;GCA_059051325.1;GCA_059051365.1
Alces alces	frameshift_induced_stop|ex6|codon821	frameshift_induced_stop	exon_6	6.0	791.0	2463.0	821.0			True	3	3	5	0.6	HIGH	GCA_007570765.1;GCA_059051325.1;GCA_059051365.1
Alces alces	frameshift_induced_stop|ex6|codon824	frameshift_induced_stop	exon_6	6.0	798.0	2470.0	824.0			True	2	2	5	0.4	LOW	GCA_015832495.2;GCA_964270355.1
Alces alces	frameshift_induced_stop|ex6|codon890	frameshift_induced_stop	exon_6	6.0	996.0	2668.0	890.0			True	3	3	5	0.6	HIGH	GCA_007570765.1;GCA_059051325.1;GCA_059051365.1
Alces alces	frameshift_insertion|ex6|pos215|len1	frameshift_insertion	exon_6	6.0	215.0	1887.0	629.0	1.0		True	5	5	5	1.0	HIGH	GCA_007570765.1;GCA_015832495.2;GCA_059051325.1;GCA_059051365.1;GCA_964270355.1
Alces alces	inframe_deletion|ex3|pos659|len6	inframe_deletion	exon_3	3.0	659.0	1157.0	386.0	6.0		False	5	5	5	1.0	HIGH	GCA_007570765.1;GCA_015832495.2;GCA_059051325.1;GCA_059051365.1;GCA_964270355.1
Alces alces	inframe_deletion|ex3|pos667|len3	inframe_deletion	exon_3	3.0	667.0	1165.0	389.0	3.0		False	5	5	5	1.0	HIGH	GCA_007570765.1;GCA_015832495.2;GCA_059051325.1;GCA_059051365.1;GCA_964270355.1
Alces alces	inframe_deletion|ex6|pos459|len24	inframe_deletion	exon_6	6.0	459.0	2131.0	711.0	24.0		False	5	5	5	1.0	HIGH	GCA_007570765.1;GCA_015832495.2;GCA_059051325.1;GCA_059051365.1;GCA_964270355.1
Alces alces	inframe_deletion|ex6|pos935|len21	inframe_deletion	exon_6	6.0	935.0	2607.0	869.0	21.0		False	5	5	5	1.0	HIGH	GCA_007570765.1;GCA_015832495.2;GCA_059051325.1;GCA_059051365.1;GCA_964270355.1
Alces alces	inframe_insertion|ex3|pos267|len15	inframe_insertion	exon_3	3.0	267.0	765.0	255.0	15.0		False	5	5	5	1.0	HIGH	GCA_007570765.1;GCA_015832495.2;GCA_059051325.1;GCA_059051365.1;GCA_964270355.1
Alces alces	potential_splice_acceptor_disruption|ex5|GA	potential_splice_acceptor_disruption	exon_5	5.0	1.0	1549.0	517.0		GA	True	5	5	5	1.0	HIGH	GCA_007570765.1;GCA_015832495.2;GCA_059051325.1;GCA_059051365.1;GCA_964270355.1
Alces alces	premature_stop|ex3|codon374	premature_stop	exon_3	3.0	622.0	1120.0	374.0			True	5	5	5	1.0	HIGH	GCA_007570765.1;GCA_015832495.2;GCA_059051325.1;GCA_059051365.1;GCA_964270355.1
Alces alces	premature_stop|ex3|codon430	premature_stop	exon_3	3.0	790.0	1288.0	430.0			True	5	5	5	1.0	HIGH	GCA_007570765.1;GCA_015832495.2;GCA_059051325.1;GCA_059051365.1;GCA_964270355.1
Alces alces	premature_stop|ex3|codon433	premature_stop	exon_3	3.0	799.0	1297.0	433.0			True	5	5	5	1.0	HIGH	GCA_007570765.1;GCA_015832495.2;GCA_059051325.1;GCA_059051365.1;GCA_964270355.1
Alces alces	premature_stop|ex6|codon776	premature_stop	exon_6	6.0	654.0	2326.0	776.0			True	5	5	5	1.0	HIGH	GCA_007570765.1;GCA_015832495.2;GCA_059051325.1;GCA_059051365.1;GCA_964270355.1
Ammotragus lervia	candidate_large_frameshift_insertion|ex3|pos407|len146	candidate_large_frameshift_insertion	exon_3	3.0	407.0	905.0	302.0	146.0		True	1	1	1	1.0	MEDIUM	GCA_002201775.1
Ammotragus lervia	candidate_large_frameshift_insertion|ex4|pos38|len716	candidate_large_frameshift_insertion	exon_4	4.0	38.0	1373.0	458.0	716.0		True	1	1	1	1.0	MEDIUM	GCA_002201775.1
Ammotragus lervia	frameshift_deletion|ex1|pos120|len4	frameshift_deletion	exon_1	1.0	120.0	120.0	40.0	4.0		True	1	1	1	1.0	MEDIUM	GCA_002201775.1
Ammotragus lervia	frameshift_deletion|ex1|pos162|len1	frameshift_deletion	exon_1	1.0	162.0	162.0	54.0	1.0		True	1	1	1	1.0	MEDIUM	GCA_002201775.1
Ammotragus lervia	frameshift_deletion|ex3|pos167|len7	frameshift_deletion	exon_3	3.0	167.0	665.0	222.0	7.0		True	1	1	1	1.0	MEDIUM	GCA_002201775.1
Ammotragus lervia	frameshift_deletion|ex4|pos131|len1	frameshift_deletion	exon_4	4.0	131.0	1466.0	489.0	1.0		True	1	1	1	1.0	MEDIUM	GCA_002201775.1
Ammotragus lervia	frameshift_deletion|ex6|pos737|len5	frameshift_deletion	exon_6	6.0	737.0	2409.0	803.0	5.0		True	1	1	1	1.0	MEDIUM	GCA_002201775.1
Ammotragus lervia	frameshift_induced_stop|ex1|codon26	frameshift_induced_stop	exon_1	1.0	76.0	76.0	26.0			True	1	1	1	1.0	MEDIUM	GCA_002201775.1
Ammotragus lervia	frameshift_induced_stop|ex3|codon178	frameshift_induced_stop	exon_3	3.0	34.0	532.0	178.0			True	1	1	1	1.0	MEDIUM	GCA_002201775.1
Ammotragus lervia	frameshift_induced_stop|ex3|codon361	frameshift_induced_stop	exon_3	3.0	584.0	1082.0	361.0			True	1	1	1	1.0	MEDIUM	GCA_002201775.1
Ammotragus lervia	frameshift_induced_stop|ex4|codon465	frameshift_induced_stop	exon_4	4.0	58.0	1393.0	465.0			True	1	1	1	1.0	MEDIUM	GCA_002201775.1
Ammotragus lervia	frameshift_induced_stop|ex5|codon526	frameshift_induced_stop	exon_5	5.0	29.0	1577.0	526.0			True	1	1	1	1.0	MEDIUM	GCA_002201775.1
Ammotragus lervia	frameshift_insertion|ex1|pos134|len1	frameshift_insertion	exon_1	1.0	134.0	134.0	45.0	1.0		True	1	1	1	1.0	MEDIUM	GCA_002201775.1
Ammotragus lervia	frameshift_insertion|ex1|pos41|len4	frameshift_insertion	exon_1	1.0	41.0	41.0	14.0	4.0		True	1	1	1	1.0	MEDIUM	GCA_002201775.1
Ammotragus lervia	frameshift_insertion|ex2|pos298|len1	frameshift_insertion	exon_2	2.0	298.0	492.0	164.0	1.0		True	1	1	1	1.0	MEDIUM	GCA_002201775.1
Ammotragus lervia	frameshift_insertion|ex3|pos590|len1	frameshift_insertion	exon_3	3.0	590.0	1088.0	363.0	1.0		True	1	1	1	1.0	MEDIUM	GCA_002201775.1
Ammotragus lervia	frameshift_insertion|ex6|pos338|len2	frameshift_insertion	exon_6	6.0	338.0	2010.0	670.0	2.0		True	1	1	1	1.0	MEDIUM	GCA_002201775.1
Ammotragus lervia	inframe_deletion|ex3|pos658|len9	inframe_deletion	exon_3	3.0	658.0	1156.0	386.0	9.0		False	1	1	1	1.0	MEDIUM	GCA_002201775.1
Ammotragus lervia	inframe_deletion|ex6|pos89|len9	inframe_deletion	exon_6	6.0	89.0	1761.0	587.0	9.0		False	1	1	1	1.0	MEDIUM	GCA_002201775.1
Ammotragus lervia	inframe_deletion|ex6|pos939|len15	inframe_deletion	exon_6	6.0	939.0	2611.0	871.0	15.0		False	1	1	1	1.0	MEDIUM	GCA_002201775.1
Ammotragus lervia	inframe_deletion|ex6|pos961|len6	inframe_deletion	exon_6	6.0	961.0	2633.0	878.0	6.0		False	1	1	1	1.0	MEDIUM	GCA_002201775.1
Ammotragus lervia	potential_splice_acceptor_disruption|ex5|GA	potential_splice_acceptor_disruption	exon_5	5.0	1.0	1549.0	517.0		GA	True	1	1	1	1.0	MEDIUM	GCA_002201775.1
Ammotragus lervia	potential_splice_donor_disruption|ex1|CC	potential_splice_donor_disruption	exon_1	1.0	194.0	194.0	65.0		CC	True	1	1	1	1.0	MEDIUM	GCA_002201775.1
Ammotragus lervia	premature_stop|ex3|codon361	premature_stop	exon_3	3.0	583.0	1081.0	361.0			True	1	1	1	1.0	MEDIUM	GCA_002201775.1
Ammotragus lervia	premature_stop|ex3|codon430	premature_stop	exon_3	3.0	790.0	1288.0	430.0			True	1	1	1	1.0	MEDIUM	GCA_002201775.1
Ammotragus lervia	premature_stop|ex3|codon433	premature_stop	exon_3	3.0	799.0	1297.0	433.0			True	1	1	1	1.0	MEDIUM	GCA_002201775.1
Ammotragus lervia	premature_stop|ex5|codon526	premature_stop	exon_5	5.0	28.0	1576.0	526.0			True	1	1	1	1.0	MEDIUM	GCA_002201775.1
Ammotragus lervia	premature_stop|ex6|codon722	premature_stop	exon_6	6.0	492.0	2164.0	722.0			True	1	1	1	1.0	MEDIUM	GCA_002201775.1
Antidorcas marsupialis	frameshift_deletion|ex1|pos119|len4	frameshift_deletion	exon_1	1.0	119.0	119.0	40.0	4.0		True	1	1	1	1.0	MEDIUM	GCA_006408585.1
Antidorcas marsupialis	frameshift_deletion|ex1|pos162|len1	frameshift_deletion	exon_1	1.0	162.0	162.0	54.0	1.0		True	1	1	1	1.0	MEDIUM	GCA_006408585.1
Antidorcas marsupialis	frameshift_deletion|ex3|pos167|len7	frameshift_deletion	exon_3	3.0	167.0	665.0	222.0	7.0		True	1	1	1	1.0	MEDIUM	GCA_006408585.1
Antidorcas marsupialis	frameshift_deletion|ex3|pos507|len1	frameshift_deletion	exon_3	3.0	507.0	1005.0	335.0	1.0		True	1	1	1	1.0	MEDIUM	GCA_006408585.1
Antidorcas marsupialis	frameshift_deletion|ex3|pos623|len8	frameshift_deletion	exon_3	3.0	623.0	1121.0	374.0	8.0		True	1	1	1	1.0	MEDIUM	GCA_006408585.1
Antidorcas marsupialis	frameshift_deletion|ex4|pos131|len1	frameshift_deletion	exon_4	4.0	131.0	1466.0	489.0	1.0		True	1	1	1	1.0	MEDIUM	GCA_006408585.1
Antidorcas marsupialis	frameshift_deletion|ex6|pos1005|len5	frameshift_deletion	exon_6	6.0	1005.0	2677.0	893.0	5.0		True	1	1	1	1.0	MEDIUM	GCA_006408585.1
Antidorcas marsupialis	frameshift_deletion|ex6|pos463|len1	frameshift_deletion	exon_6	6.0	463.0	2135.0	712.0	1.0		True	1	1	1	1.0	MEDIUM	GCA_006408585.1
Antidorcas marsupialis	frameshift_deletion|ex6|pos468|len11	frameshift_deletion	exon_6	6.0	468.0	2140.0	714.0	11.0		True	1	1	1	1.0	MEDIUM	GCA_006408585.1
Antidorcas marsupialis	frameshift_deletion|ex6|pos493|len13	frameshift_deletion	exon_6	6.0	493.0	2165.0	722.0	13.0		True	1	1	1	1.0	MEDIUM	GCA_006408585.1
Antidorcas marsupialis	frameshift_deletion|ex6|pos737|len5	frameshift_deletion	exon_6	6.0	737.0	2409.0	803.0	5.0		True	1	1	1	1.0	MEDIUM	GCA_006408585.1
Antidorcas marsupialis	frameshift_deletion|ex6|pos990|len4	frameshift_deletion	exon_6	6.0	990.0	2662.0	888.0	4.0		True	1	1	1	1.0	MEDIUM	GCA_006408585.1
Antidorcas marsupialis	frameshift_induced_stop|ex2|codon67	frameshift_induced_stop	exon_2	2.0	5.0	199.0	67.0			True	1	1	1	1.0	MEDIUM	GCA_006408585.1
Antidorcas marsupialis	frameshift_induced_stop|ex3|codon354	frameshift_induced_stop	exon_3	3.0	564.0	1062.0	354.0			True	1	1	1	1.0	MEDIUM	GCA_006408585.1
Antidorcas marsupialis	frameshift_induced_stop|ex4|codon496	frameshift_induced_stop	exon_4	4.0	153.0	1488.0	496.0			True	1	1	1	1.0	MEDIUM	GCA_006408585.1
Antidorcas marsupialis	frameshift_induced_stop|ex6|codon743	frameshift_induced_stop	exon_6	6.0	555.0	2227.0	743.0			True	1	1	1	1.0	MEDIUM	GCA_006408585.1
Antidorcas marsupialis	frameshift_induced_stop|ex6|codon821	frameshift_induced_stop	exon_6	6.0	791.0	2463.0	821.0			True	1	1	1	1.0	MEDIUM	GCA_006408585.1
Antidorcas marsupialis	frameshift_induced_stop|ex6|codon924	frameshift_induced_stop	exon_6	6.0	1100.0	2772.0	924.0			True	1	1	1	1.0	MEDIUM	GCA_006408585.1
Antidorcas marsupialis	inframe_deletion|ex3|pos658|len9	inframe_deletion	exon_3	3.0	658.0	1156.0	386.0	9.0		False	1	1	1	1.0	MEDIUM	GCA_006408585.1
Antidorcas marsupialis	inframe_deletion|ex6|pos483|len6	inframe_deletion	exon_6	6.0	483.0	2155.0	719.0	6.0		False	1	1	1	1.0	MEDIUM	GCA_006408585.1
Antidorcas marsupialis	inframe_deletion|ex6|pos89|len9	inframe_deletion	exon_6	6.0	89.0	1761.0	587.0	9.0		False	1	1	1	1.0	MEDIUM	GCA_006408585.1
Antidorcas marsupialis	inframe_deletion|ex6|pos939|len21	inframe_deletion	exon_6	6.0	939.0	2611.0	871.0	21.0		False	1	1	1	1.0	MEDIUM	GCA_006408585.1
Antidorcas marsupialis	inframe_deletion|ex6|pos998|len3	inframe_deletion	exon_6	6.0	998.0	2670.0	890.0	3.0		False	1	1	1	1.0	MEDIUM	GCA_006408585.1
Antidorcas marsupialis	potential_splice_acceptor_disruption|ex2|AA	potential_splice_acceptor_disruption	exon_2	2.0	1.0	195.0	65.0		AA	True	1	1	1	1.0	MEDIUM	GCA_006408585.1
Antidorcas marsupialis	potential_splice_acceptor_disruption|ex5|GA	potential_splice_acceptor_disruption	exon_5	5.0	1.0	1549.0	517.0		GA	True	1	1	1	1.0	MEDIUM	GCA_006408585.1
Antidorcas marsupialis	premature_stop|ex3|codon303	premature_stop	exon_3	3.0	409.0	907.0	303.0			True	1	1	1	1.0	MEDIUM	GCA_006408585.1
Antidorcas marsupialis	premature_stop|ex3|codon361	premature_stop	exon_3	3.0	583.0	1081.0	361.0			True	1	1	1	1.0	MEDIUM	GCA_006408585.1
Antidorcas marsupialis	premature_stop|ex3|codon430	premature_stop	exon_3	3.0	790.0	1288.0	430.0			True	1	1	1	1.0	MEDIUM	GCA_006408585.1
Antidorcas marsupialis	premature_stop|ex3|codon433	premature_stop	exon_3	3.0	799.0	1297.0	433.0			True	1	1	1	1.0	MEDIUM	GCA_006408585.1
Antidorcas marsupialis	premature_stop|ex5|codon526	premature_stop	exon_5	5.0	28.0	1576.0	526.0			True	1	1	1	1.0	MEDIUM	GCA_006408585.1
Antilocapra americana	frameshift_deletion|ex1|pos162|len1	frameshift_deletion	exon_1	1.0	162.0	162.0	54.0	1.0		True	5	5	5	1.0	HIGH	GCA_004027515.2;GCA_007570785.1;GCA_021018645.1;GCA_051176575.2;GCA_051176615.2
Antilocapra americana	frameshift_deletion|ex2|pos265|len1	frameshift_deletion	exon_2	2.0	265.0	459.0	153.0	1.0		True	5	5	5	1.0	HIGH	GCA_004027515.2;GCA_007570785.1;GCA_021018645.1;GCA_051176575.2;GCA_051176615.2
Antilocapra americana	frameshift_deletion|ex2|pos36|len5	frameshift_deletion	exon_2	2.0	36.0	230.0	77.0	5.0		True	5	5	5	1.0	HIGH	GCA_004027515.2;GCA_007570785.1;GCA_021018645.1;GCA_051176575.2;GCA_051176615.2
Antilocapra americana	frameshift_deletion|ex3|pos167|len7	frameshift_deletion	exon_3	3.0	167.0	665.0	222.0	7.0		True	5	5	5	1.0	HIGH	GCA_004027515.2;GCA_007570785.1;GCA_021018645.1;GCA_051176575.2;GCA_051176615.2
Antilocapra americana	frameshift_deletion|ex3|pos473|len13	frameshift_deletion	exon_3	3.0	473.0	971.0	324.0	13.0		True	5	5	5	1.0	HIGH	GCA_004027515.2;GCA_007570785.1;GCA_021018645.1;GCA_051176575.2;GCA_051176615.2
Antilocapra americana	frameshift_deletion|ex3|pos493|len1	frameshift_deletion	exon_3	3.0	493.0	991.0	331.0	1.0		True	5	5	5	1.0	HIGH	GCA_004027515.2;GCA_007570785.1;GCA_021018645.1;GCA_051176575.2;GCA_051176615.2
Antilocapra americana	frameshift_deletion|ex3|pos81|len1	frameshift_deletion	exon_3	3.0	81.0	579.0	193.0	1.0		True	5	5	5	1.0	HIGH	GCA_004027515.2;GCA_007570785.1;GCA_021018645.1;GCA_051176575.2;GCA_051176615.2
Antilocapra americana	frameshift_deletion|ex4|pos131|len1	frameshift_deletion	exon_4	4.0	131.0	1466.0	489.0	1.0		True	5	5	5	1.0	HIGH	GCA_004027515.2;GCA_007570785.1;GCA_021018645.1;GCA_051176575.2;GCA_051176615.2
Antilocapra americana	frameshift_deletion|ex4|pos168|len1	frameshift_deletion	exon_4	4.0	168.0	1503.0	501.0	1.0		True	5	5	5	1.0	HIGH	GCA_004027515.2;GCA_007570785.1;GCA_021018645.1;GCA_051176575.2;GCA_051176615.2
Antilocapra americana	frameshift_deletion|ex5|pos65|len10	frameshift_deletion	exon_5	5.0	65.0	1613.0	538.0	10.0		True	5	5	5	1.0	HIGH	GCA_004027515.2;GCA_007570785.1;GCA_021018645.1;GCA_051176575.2;GCA_051176615.2
Antilocapra americana	frameshift_deletion|ex6|pos1040|len1	frameshift_deletion	exon_6	6.0	1040.0	2712.0	904.0	1.0		True	5	5	5	1.0	HIGH	GCA_004027515.2;GCA_007570785.1;GCA_021018645.1;GCA_051176575.2;GCA_051176615.2
Antilocapra americana	frameshift_deletion|ex6|pos540|len2	frameshift_deletion	exon_6	6.0	540.0	2212.0	738.0	2.0		True	5	5	5	1.0	HIGH	GCA_004027515.2;GCA_007570785.1;GCA_021018645.1;GCA_051176575.2;GCA_051176615.2
Antilocapra americana	frameshift_deletion|ex6|pos954|len4	frameshift_deletion	exon_6	6.0	954.0	2626.0	876.0	4.0		True	5	5	5	1.0	HIGH	GCA_004027515.2;GCA_007570785.1;GCA_021018645.1;GCA_051176575.2;GCA_051176615.2
Antilocapra americana	frameshift_induced_stop|ex2|codon159	frameshift_induced_stop	exon_2	2.0	283.0	477.0	159.0			True	5	5	5	1.0	HIGH	GCA_004027515.2;GCA_007570785.1;GCA_021018645.1;GCA_051176575.2;GCA_051176615.2
Antilocapra americana	frameshift_induced_stop|ex3|codon197	frameshift_induced_stop	exon_3	3.0	91.0	589.0	197.0			True	5	5	5	1.0	HIGH	GCA_004027515.2;GCA_007570785.1;GCA_021018645.1;GCA_051176575.2;GCA_051176615.2
Antilocapra americana	frameshift_induced_stop|ex3|codon349	frameshift_induced_stop	exon_3	3.0	547.0	1045.0	349.0			True	5	5	5	1.0	HIGH	GCA_004027515.2;GCA_007570785.1;GCA_021018645.1;GCA_051176575.2;GCA_051176615.2
Antilocapra americana	frameshift_induced_stop|ex5|codon531	frameshift_induced_stop	exon_5	5.0	45.0	1593.0	531.0			True	5	5	5	1.0	HIGH	GCA_004027515.2;GCA_007570785.1;GCA_021018645.1;GCA_051176575.2;GCA_051176615.2
Antilocapra americana	frameshift_induced_stop|ex5|codon544	frameshift_induced_stop	exon_5	5.0	82.0	1630.0	544.0			True	5	5	5	1.0	HIGH	GCA_004027515.2;GCA_007570785.1;GCA_021018645.1;GCA_051176575.2;GCA_051176615.2
Antilocapra americana	frameshift_induced_stop|ex6|codon802	frameshift_induced_stop	exon_6	6.0	732.0	2404.0	802.0			True	5	5	5	1.0	HIGH	GCA_004027515.2;GCA_007570785.1;GCA_021018645.1;GCA_051176575.2;GCA_051176615.2
Antilocapra americana	frameshift_insertion|ex6|pos1036|len1	frameshift_insertion	exon_6	6.0	1036.0	2708.0	903.0	1.0		True	5	5	5	1.0	HIGH	GCA_004027515.2;GCA_007570785.1;GCA_021018645.1;GCA_051176575.2;GCA_051176615.2
Antilocapra americana	frameshift_insertion|ex6|pos633|len4	frameshift_insertion	exon_6	6.0	633.0	2305.0	769.0	4.0		True	5	5	5	1.0	HIGH	GCA_004027515.2;GCA_007570785.1;GCA_021018645.1;GCA_051176575.2;GCA_051176615.2
Antilocapra americana	frameshift_insertion|ex6|pos731|len7	frameshift_insertion	exon_6	6.0	731.0	2403.0	801.0	7.0		True	1	1	5	0.2	LOW	GCA_051176615.2
Antilocapra americana	frameshift_insertion|ex6|pos732|len7	frameshift_insertion	exon_6	6.0	732.0	2404.0	802.0	7.0		True	4	4	5	0.8	HIGH	GCA_004027515.2;GCA_007570785.1;GCA_021018645.1;GCA_051176575.2
Antilocapra americana	inframe_deletion|ex3|pos196|len3	inframe_deletion	exon_3	3.0	196.0	694.0	232.0	3.0		False	4	4	5	0.8	HIGH	GCA_007570785.1;GCA_021018645.1;GCA_051176575.2;GCA_051176615.2
Antilocapra americana	inframe_deletion|ex3|pos197|len3	inframe_deletion	exon_3	3.0	197.0	695.0	232.0	3.0		False	1	1	5	0.2	LOW	GCA_004027515.2
Antilocapra americana	inframe_deletion|ex3|pos658|len9	inframe_deletion	exon_3	3.0	658.0	1156.0	386.0	9.0		False	5	5	5	1.0	HIGH	GCA_004027515.2;GCA_007570785.1;GCA_021018645.1;GCA_051176575.2;GCA_051176615.2
Antilocapra americana	inframe_deletion|ex6|pos31|len9	inframe_deletion	exon_6	6.0	31.0	1703.0	568.0	9.0		False	5	5	5	1.0	HIGH	GCA_004027515.2;GCA_007570785.1;GCA_021018645.1;GCA_051176575.2;GCA_051176615.2
Antilocapra americana	inframe_insertion|ex3|pos205|len3	inframe_insertion	exon_3	3.0	205.0	703.0	235.0	3.0		False	5	5	5	1.0	HIGH	GCA_004027515.2;GCA_007570785.1;GCA_021018645.1;GCA_051176575.2;GCA_051176615.2
Antilocapra americana	potential_splice_acceptor_disruption|ex5|GA	potential_splice_acceptor_disruption	exon_5	5.0	1.0	1549.0	517.0		GA	True	5	5	5	1.0	HIGH	GCA_004027515.2;GCA_007570785.1;GCA_021018645.1;GCA_051176575.2;GCA_051176615.2
Antilocapra americana	potential_splice_donor_disruption|ex1|AA	potential_splice_donor_disruption	exon_1	1.0	194.0	194.0	65.0		AA	True	5	5	5	1.0	HIGH	GCA_004027515.2;GCA_007570785.1;GCA_021018645.1;GCA_051176575.2;GCA_051176615.2
Antilocapra americana	potential_splice_donor_disruption|ex4|GG	potential_splice_donor_disruption	exon_4	4.0	213.0	1548.0	516.0		GG	True	5	5	5	1.0	HIGH	GCA_004027515.2;GCA_007570785.1;GCA_021018645.1;GCA_051176575.2;GCA_051176615.2
Antilocapra americana	premature_stop|ex3|codon374	premature_stop	exon_3	3.0	622.0	1120.0	374.0			True	5	5	5	1.0	HIGH	GCA_004027515.2;GCA_007570785.1;GCA_021018645.1;GCA_051176575.2;GCA_051176615.2
Antilocapra americana	premature_stop|ex3|codon433	premature_stop	exon_3	3.0	799.0	1297.0	433.0			True	5	5	5	1.0	HIGH	GCA_004027515.2;GCA_007570785.1;GCA_021018645.1;GCA_051176575.2;GCA_051176615.2
Antilocapra americana	premature_stop|ex6|codon922	premature_stop	exon_6	6.0	1092.0	2764.0	922.0			True	5	5	5	1.0	HIGH	GCA_004027515.2;GCA_007570785.1;GCA_021018645.1;GCA_051176575.2;GCA_051176615.2
Axis porcinus	candidate_large_frameshift_insertion|ex2|pos237|len811	candidate_large_frameshift_insertion	exon_2	2.0	237.0	431.0	144.0	811.0		True	3	3	3	1.0	HIGH	GCA_003798545.1;GCA_054883215.1;GCA_054883225.1
Axis porcinus	candidate_large_frameshift_insertion|ex3|pos195|len251	candidate_large_frameshift_insertion	exon_3	3.0	195.0	693.0	231.0	251.0		True	3	3	3	1.0	HIGH	GCA_003798545.1;GCA_054883215.1;GCA_054883225.1
Axis porcinus	candidate_large_frameshift_insertion|ex4|pos38|len272	candidate_large_frameshift_insertion	exon_4	4.0	38.0	1373.0	458.0	272.0		True	3	3	3	1.0	HIGH	GCA_003798545.1;GCA_054883215.1;GCA_054883225.1
Axis porcinus	frameshift_deletion|ex2|pos152|len2	frameshift_deletion	exon_2	2.0	152.0	346.0	116.0	2.0		True	3	3	3	1.0	HIGH	GCA_003798545.1;GCA_054883215.1;GCA_054883225.1
Axis porcinus	frameshift_deletion|ex2|pos265|len1	frameshift_deletion	exon_2	2.0	265.0	459.0	153.0	1.0		True	3	3	3	1.0	HIGH	GCA_003798545.1;GCA_054883215.1;GCA_054883225.1
Axis porcinus	frameshift_deletion|ex2|pos33|len5	frameshift_deletion	exon_2	2.0	33.0	227.0	76.0	5.0		True	3	3	3	1.0	HIGH	GCA_003798545.1;GCA_054883215.1;GCA_054883225.1
Axis porcinus	frameshift_deletion|ex3|pos166|len7	frameshift_deletion	exon_3	3.0	166.0	664.0	222.0	7.0		True	3	3	3	1.0	HIGH	GCA_003798545.1;GCA_054883215.1;GCA_054883225.1
Axis porcinus	frameshift_deletion|ex3|pos451|len1	frameshift_deletion	exon_3	3.0	451.0	949.0	317.0	1.0		True	2	2	3	0.6666666666666666	HIGH	GCA_054883215.1;GCA_054883225.1
Axis porcinus	frameshift_deletion|ex3|pos755|len1	frameshift_deletion	exon_3	3.0	755.0	1253.0	418.0	1.0		True	3	3	3	1.0	HIGH	GCA_003798545.1;GCA_054883215.1;GCA_054883225.1
Axis porcinus	frameshift_deletion|ex4|pos131|len1	frameshift_deletion	exon_4	4.0	131.0	1466.0	489.0	1.0		True	3	3	3	1.0	HIGH	GCA_003798545.1;GCA_054883215.1;GCA_054883225.1
Axis porcinus	frameshift_deletion|ex6|pos738|len2	frameshift_deletion	exon_6	6.0	738.0	2410.0	804.0	2.0		True	3	3	3	1.0	HIGH	GCA_003798545.1;GCA_054883215.1;GCA_054883225.1
Axis porcinus	frameshift_induced_stop|ex2|codon82	frameshift_induced_stop	exon_2	2.0	50.0	244.0	82.0			True	3	3	3	1.0	HIGH	GCA_003798545.1;GCA_054883215.1;GCA_054883225.1
Axis porcinus	frameshift_induced_stop|ex3|codon170	frameshift_induced_stop	exon_3	3.0	10.0	508.0	170.0			True	3	3	3	1.0	HIGH	GCA_003798545.1;GCA_054883215.1;GCA_054883225.1
Axis porcinus	frameshift_induced_stop|ex3|codon272	frameshift_induced_stop	exon_3	3.0	316.0	814.0	272.0			True	2	2	3	0.6666666666666666	HIGH	GCA_054883215.1;GCA_054883225.1
Axis porcinus	frameshift_induced_stop|ex3|codon298	frameshift_induced_stop	exon_3	3.0	394.0	892.0	298.0			True	1	1	3	0.3333333333333333	LOW	GCA_003798545.1
Axis porcinus	frameshift_induced_stop|ex3|codon318	frameshift_induced_stop	exon_3	3.0	454.0	952.0	318.0			True	2	2	3	0.6666666666666666	HIGH	GCA_054883215.1;GCA_054883225.1
Axis porcinus	frameshift_induced_stop|ex4|codon496	frameshift_induced_stop	exon_4	4.0	153.0	1488.0	496.0			True	3	3	3	1.0	HIGH	GCA_003798545.1;GCA_054883215.1;GCA_054883225.1
Axis porcinus	frameshift_insertion|ex3|pos313|len1	frameshift_insertion	exon_3	3.0	313.0	811.0	271.0	1.0		True	2	2	3	0.6666666666666666	HIGH	GCA_054883215.1;GCA_054883225.1
Axis porcinus	frameshift_insertion|ex3|pos393|len13	frameshift_insertion	exon_3	3.0	393.0	891.0	297.0	13.0		True	1	1	3	0.3333333333333333	LOW	GCA_003798545.1
Axis porcinus	frameshift_insertion|ex3|pos407|len10	frameshift_insertion	exon_3	3.0	407.0	905.0	302.0	10.0		True	2	2	3	0.6666666666666666	HIGH	GCA_054883215.1;GCA_054883225.1
Axis porcinus	inframe_deletion|ex2|pos109|len15	inframe_deletion	exon_2	2.0	109.0	303.0	101.0	15.0		False	3	3	3	1.0	HIGH	GCA_003798545.1;GCA_054883215.1;GCA_054883225.1
Axis porcinus	inframe_deletion|ex3|pos659|len6	inframe_deletion	exon_3	3.0	659.0	1157.0	386.0	6.0		False	3	3	3	1.0	HIGH	GCA_003798545.1;GCA_054883215.1;GCA_054883225.1
Axis porcinus	inframe_deletion|ex3|pos667|len3	inframe_deletion	exon_3	3.0	667.0	1165.0	389.0	3.0		False	3	3	3	1.0	HIGH	GCA_003798545.1;GCA_054883215.1;GCA_054883225.1
Axis porcinus	inframe_deletion|ex6|pos460|len24	inframe_deletion	exon_6	6.0	460.0	2132.0	711.0	24.0		False	3	3	3	1.0	HIGH	GCA_003798545.1;GCA_054883215.1;GCA_054883225.1
Axis porcinus	inframe_deletion|ex6|pos744|len3	inframe_deletion	exon_6	6.0	744.0	2416.0	806.0	3.0		False	3	3	3	1.0	HIGH	GCA_003798545.1;GCA_054883215.1;GCA_054883225.1
Axis porcinus	inframe_deletion|ex6|pos935|len21	inframe_deletion	exon_6	6.0	935.0	2607.0	869.0	21.0		False	3	3	3	1.0	HIGH	GCA_003798545.1;GCA_054883215.1;GCA_054883225.1
Axis porcinus	inframe_insertion|ex3|pos267|len15	inframe_insertion	exon_3	3.0	267.0	765.0	255.0	15.0		False	3	3	3	1.0	HIGH	GCA_003798545.1;GCA_054883215.1;GCA_054883225.1
Axis porcinus	inframe_insertion|ex3|pos388|len12	inframe_insertion	exon_3	3.0	388.0	886.0	296.0	12.0		False	1	1	3	0.3333333333333333	LOW	GCA_003798545.1
Axis porcinus	inframe_insertion|ex3|pos391|len9	inframe_insertion	exon_3	3.0	391.0	889.0	297.0	9.0		False	2	2	3	0.6666666666666666	HIGH	GCA_054883215.1;GCA_054883225.1
Axis porcinus	potential_splice_acceptor_disruption|ex2|AA	potential_splice_acceptor_disruption	exon_2	2.0	1.0	195.0	65.0		AA	True	3	3	3	1.0	HIGH	GCA_003798545.1;GCA_054883215.1;GCA_054883225.1
Axis porcinus	potential_splice_acceptor_disruption|ex5|GA	potential_splice_acceptor_disruption	exon_5	5.0	1.0	1549.0	517.0		GA	True	3	3	3	1.0	HIGH	GCA_003798545.1;GCA_054883215.1;GCA_054883225.1
Axis porcinus	potential_splice_donor_disruption|ex1|CA	potential_splice_donor_disruption	exon_1	1.0	194.0	194.0	65.0		CA	True	3	3	3	1.0	HIGH	GCA_003798545.1;GCA_054883215.1;GCA_054883225.1
Axis porcinus	premature_stop|ex3|codon270	premature_stop	exon_3	3.0	310.0	808.0	270.0			True	2	2	3	0.6666666666666666	HIGH	GCA_054883215.1;GCA_054883225.1
Axis porcinus	premature_stop|ex3|codon280	premature_stop	exon_3	3.0	340.0	838.0	280.0			True	3	3	3	1.0	HIGH	GCA_003798545.1;GCA_054883215.1;GCA_054883225.1
Axis porcinus	premature_stop|ex3|codon374	premature_stop	exon_3	3.0	622.0	1120.0	374.0			True	3	3	3	1.0	HIGH	GCA_003798545.1;GCA_054883215.1;GCA_054883225.1
Axis porcinus	premature_stop|ex3|codon430	premature_stop	exon_3	3.0	790.0	1288.0	430.0			True	3	3	3	1.0	HIGH	GCA_003798545.1;GCA_054883215.1;GCA_054883225.1
Axis porcinus	premature_stop|ex3|codon433	premature_stop	exon_3	3.0	799.0	1297.0	433.0			True	3	3	3	1.0	HIGH	GCA_003798545.1;GCA_054883215.1;GCA_054883225.1
Beatragus hunteri	candidate_large_frameshift_insertion|ex3|pos402|len139	candidate_large_frameshift_insertion	exon_3	3.0	402.0	900.0	300.0	139.0		True	1	1	1	1.0	MEDIUM	GCA_004027495.1
Beatragus hunteri	candidate_large_frameshift_insertion|ex4|pos38|len716	candidate_large_frameshift_insertion	exon_4	4.0	38.0	1373.0	458.0	716.0		True	1	1	1	1.0	MEDIUM	GCA_004027495.1
Beatragus hunteri	frameshift_deletion|ex1|pos119|len4	frameshift_deletion	exon_1	1.0	119.0	119.0	40.0	4.0		True	1	1	1	1.0	MEDIUM	GCA_004027495.1
Beatragus hunteri	frameshift_deletion|ex1|pos162|len1	frameshift_deletion	exon_1	1.0	162.0	162.0	54.0	1.0		True	1	1	1	1.0	MEDIUM	GCA_004027495.1
Beatragus hunteri	frameshift_deletion|ex3|pos167|len7	frameshift_deletion	exon_3	3.0	167.0	665.0	222.0	7.0		True	1	1	1	1.0	MEDIUM	GCA_004027495.1
Beatragus hunteri	frameshift_deletion|ex3|pos606|len1	frameshift_deletion	exon_3	3.0	606.0	1104.0	368.0	1.0		True	1	1	1	1.0	MEDIUM	GCA_004027495.1
Beatragus hunteri	frameshift_deletion|ex4|pos131|len1	frameshift_deletion	exon_4	4.0	131.0	1466.0	489.0	1.0		True	1	1	1	1.0	MEDIUM	GCA_004027495.1
Beatragus hunteri	frameshift_deletion|ex6|pos737|len5	frameshift_deletion	exon_6	6.0	737.0	2409.0	803.0	5.0		True	1	1	1	1.0	MEDIUM	GCA_004027495.1
Beatragus hunteri	frameshift_induced_stop|ex2|codon77	frameshift_induced_stop	exon_2	2.0	37.0	231.0	77.0			True	1	1	1	1.0	MEDIUM	GCA_004027495.1
Beatragus hunteri	frameshift_induced_stop|ex3|codon236	frameshift_induced_stop	exon_3	3.0	208.0	706.0	236.0			True	1	1	1	1.0	MEDIUM	GCA_004027495.1
Beatragus hunteri	frameshift_induced_stop|ex3|codon316	frameshift_induced_stop	exon_3	3.0	448.0	946.0	316.0			True	1	1	1	1.0	MEDIUM	GCA_004027495.1
Beatragus hunteri	frameshift_induced_stop|ex3|codon430	frameshift_induced_stop	exon_3	3.0	791.0	1289.0	430.0			True	1	1	1	1.0	MEDIUM	GCA_004027495.1
Beatragus hunteri	frameshift_induced_stop|ex4|codon496	frameshift_induced_stop	exon_4	4.0	153.0	1488.0	496.0			True	1	1	1	1.0	MEDIUM	GCA_004027495.1
Beatragus hunteri	frameshift_induced_stop|ex6|codon691	frameshift_induced_stop	exon_6	6.0	399.0	2071.0	691.0			True	1	1	1	1.0	MEDIUM	GCA_004027495.1
Beatragus hunteri	frameshift_induced_stop|ex6|codon821	frameshift_induced_stop	exon_6	6.0	791.0	2463.0	821.0			True	1	1	1	1.0	MEDIUM	GCA_004027495.1
Beatragus hunteri	frameshift_insertion|ex1|pos136|len1	frameshift_insertion	exon_1	1.0	136.0	136.0	46.0	1.0		True	1	1	1	1.0	MEDIUM	GCA_004027495.1
Beatragus hunteri	frameshift_insertion|ex6|pos337|len2	frameshift_insertion	exon_6	6.0	337.0	2009.0	670.0	2.0		True	1	1	1	1.0	MEDIUM	GCA_004027495.1
Beatragus hunteri	inframe_deletion|ex3|pos658|len9	inframe_deletion	exon_3	3.0	658.0	1156.0	386.0	9.0		False	1	1	1	1.0	MEDIUM	GCA_004027495.1
Beatragus hunteri	inframe_deletion|ex6|pos478|len3	inframe_deletion	exon_6	6.0	478.0	2150.0	717.0	3.0		False	1	1	1	1.0	MEDIUM	GCA_004027495.1
Beatragus hunteri	inframe_deletion|ex6|pos486|len12	inframe_deletion	exon_6	6.0	486.0	2158.0	720.0	12.0		False	1	1	1	1.0	MEDIUM	GCA_004027495.1
Beatragus hunteri	inframe_deletion|ex6|pos89|len9	inframe_deletion	exon_6	6.0	89.0	1761.0	587.0	9.0		False	1	1	1	1.0	MEDIUM	GCA_004027495.1
Beatragus hunteri	inframe_deletion|ex6|pos939|len21	inframe_deletion	exon_6	6.0	939.0	2611.0	871.0	21.0		False	1	1	1	1.0	MEDIUM	GCA_004027495.1
Beatragus hunteri	potential_splice_acceptor_disruption|ex3|GA	potential_splice_acceptor_disruption	exon_3	3.0	1.0	499.0	167.0		GA	True	1	1	1	1.0	MEDIUM	GCA_004027495.1
Beatragus hunteri	potential_splice_acceptor_disruption|ex5|GA	potential_splice_acceptor_disruption	exon_5	5.0	1.0	1549.0	517.0		GA	True	1	1	1	1.0	MEDIUM	GCA_004027495.1
Beatragus hunteri	potential_splice_donor_disruption|ex1|AG	potential_splice_donor_disruption	exon_1	1.0	194.0	194.0	65.0		AG	True	1	1	1	1.0	MEDIUM	GCA_004027495.1
Beatragus hunteri	potential_splice_donor_disruption|ex2|GG	potential_splice_donor_disruption	exon_2	2.0	304.0	498.0	166.0		GG	True	1	1	1	1.0	MEDIUM	GCA_004027495.1
Beatragus hunteri	premature_stop|ex3|codon361	premature_stop	exon_3	3.0	583.0	1081.0	361.0			True	1	1	1	1.0	MEDIUM	GCA_004027495.1
Beatragus hunteri	premature_stop|ex3|codon430	premature_stop	exon_3	3.0	790.0	1288.0	430.0			True	1	1	1	1.0	MEDIUM	GCA_004027495.1
Beatragus hunteri	premature_stop|ex3|codon433	premature_stop	exon_3	3.0	799.0	1297.0	433.0			True	1	1	1	1.0	MEDIUM	GCA_004027495.1
Beatragus hunteri	premature_stop|ex5|codon526	premature_stop	exon_5	5.0	28.0	1576.0	526.0			True	1	1	1	1.0	MEDIUM	GCA_004027495.1
Beatragus hunteri	premature_stop|ex6|codon825	premature_stop	exon_6	6.0	801.0	2473.0	825.0			True	1	1	1	1.0	MEDIUM	GCA_004027495.1
Bison bison	candidate_large_frameshift_insertion|ex4|pos38|len716	candidate_large_frameshift_insertion	exon_4	4.0	38.0	1373.0	458.0	716.0		True	2	2	2	1.0	HIGH	GCA_000754665.1;GCF_000754665.1
Bison bison	frameshift_deletion|ex1|pos162|len1	frameshift_deletion	exon_1	1.0	162.0	162.0	54.0	1.0		True	2	2	2	1.0	HIGH	GCA_000754665.1;GCF_000754665.1
Bison bison	frameshift_deletion|ex3|pos129|len1	frameshift_deletion	exon_3	3.0	129.0	627.0	209.0	1.0		True	2	2	2	1.0	HIGH	GCA_000754665.1;GCF_000754665.1
Bison bison	frameshift_deletion|ex3|pos167|len7	frameshift_deletion	exon_3	3.0	167.0	665.0	222.0	7.0		True	2	2	2	1.0	HIGH	GCA_000754665.1;GCF_000754665.1
Bison bison	frameshift_deletion|ex4|pos131|len1	frameshift_deletion	exon_4	4.0	131.0	1466.0	489.0	1.0		True	2	2	2	1.0	HIGH	GCA_000754665.1;GCF_000754665.1
Bison bison	frameshift_deletion|ex6|pos399|len4	frameshift_deletion	exon_6	6.0	399.0	2071.0	691.0	4.0		True	2	2	2	1.0	HIGH	GCA_000754665.1;GCF_000754665.1
Bison bison	frameshift_deletion|ex6|pos472|len1	frameshift_deletion	exon_6	6.0	472.0	2144.0	715.0	1.0		True	2	2	2	1.0	HIGH	GCA_000754665.1;GCF_000754665.1
Bison bison	frameshift_deletion|ex6|pos737|len5	frameshift_deletion	exon_6	6.0	737.0	2409.0	803.0	5.0		True	2	2	2	1.0	HIGH	GCA_000754665.1;GCF_000754665.1
Bison bison	frameshift_induced_stop|ex2|codon77	frameshift_induced_stop	exon_2	2.0	37.0	231.0	77.0			True	2	2	2	1.0	HIGH	GCA_000754665.1;GCF_000754665.1
Bison bison	frameshift_induced_stop|ex3|codon218	frameshift_induced_stop	exon_3	3.0	154.0	652.0	218.0			True	2	2	2	1.0	HIGH	GCA_000754665.1;GCF_000754665.1
Bison bison	frameshift_induced_stop|ex4|codon496	frameshift_induced_stop	exon_4	4.0	153.0	1488.0	496.0			True	2	2	2	1.0	HIGH	GCA_000754665.1;GCF_000754665.1
Bison bison	frameshift_induced_stop|ex6|codon698	frameshift_induced_stop	exon_6	6.0	422.0	2094.0	698.0			True	2	2	2	1.0	HIGH	GCA_000754665.1;GCF_000754665.1
Bison bison	frameshift_induced_stop|ex6|codon821	frameshift_induced_stop	exon_6	6.0	791.0	2463.0	821.0			True	2	2	2	1.0	HIGH	GCA_000754665.1;GCF_000754665.1
Bison bison	frameshift_insertion|ex6|pos325|len1	frameshift_insertion	exon_6	6.0	325.0	1997.0	666.0	1.0		True	2	2	2	1.0	HIGH	GCA_000754665.1;GCF_000754665.1
Bison bison	inframe_deletion|ex3|pos658|len9	inframe_deletion	exon_3	3.0	658.0	1156.0	386.0	9.0		False	2	2	2	1.0	HIGH	GCA_000754665.1;GCF_000754665.1
Bison bison	inframe_deletion|ex6|pos89|len9	inframe_deletion	exon_6	6.0	89.0	1761.0	587.0	9.0		False	2	2	2	1.0	HIGH	GCA_000754665.1;GCF_000754665.1
Bison bison	inframe_deletion|ex6|pos935|len21	inframe_deletion	exon_6	6.0	935.0	2607.0	869.0	21.0		False	2	2	2	1.0	HIGH	GCA_000754665.1;GCF_000754665.1
Bison bison	potential_splice_acceptor_disruption|ex5|GA	potential_splice_acceptor_disruption	exon_5	5.0	1.0	1549.0	517.0		GA	True	2	2	2	1.0	HIGH	GCA_000754665.1;GCF_000754665.1
Bison bison	potential_splice_donor_disruption|ex3|AC	potential_splice_donor_disruption	exon_3	3.0	837.0	1335.0	445.0		AC	True	2	2	2	1.0	HIGH	GCA_000754665.1;GCF_000754665.1
Bison bison	premature_stop|ex3|codon210	premature_stop	exon_3	3.0	130.0	628.0	210.0			True	2	2	2	1.0	HIGH	GCA_000754665.1;GCF_000754665.1
Bison bison	premature_stop|ex3|codon263	premature_stop	exon_3	3.0	289.0	787.0	263.0			True	2	2	2	1.0	HIGH	GCA_000754665.1;GCF_000754665.1
Bison bison	premature_stop|ex3|codon303	premature_stop	exon_3	3.0	409.0	907.0	303.0			True	2	2	2	1.0	HIGH	GCA_000754665.1;GCF_000754665.1
Bison bison	premature_stop|ex3|codon361	premature_stop	exon_3	3.0	583.0	1081.0	361.0			True	2	2	2	1.0	HIGH	GCA_000754665.1;GCF_000754665.1
Bison bison	premature_stop|ex3|codon430	premature_stop	exon_3	3.0	790.0	1288.0	430.0			True	2	2	2	1.0	HIGH	GCA_000754665.1;GCF_000754665.1
Bison bison	premature_stop|ex3|codon433	premature_stop	exon_3	3.0	799.0	1297.0	433.0			True	2	2	2	1.0	HIGH	GCA_000754665.1;GCF_000754665.1
Bison bison	premature_stop|ex6|codon722	premature_stop	exon_6	6.0	492.0	2164.0	722.0			True	2	2	2	1.0	HIGH	GCA_000754665.1;GCF_000754665.1
Bison bonasus	candidate_large_frameshift_insertion|ex4|pos38|len716	candidate_large_frameshift_insertion	exon_4	4.0	38.0	1373.0	458.0	716.0		True	1	1	1	1.0	MEDIUM	GCA_963879515.1
Bison bonasus	exon_unresolved|ex1	exon_unresolved	exon_1	1.0	1.0	1.0	1.0	194.0		False	1	0	0		LOW	
Bison bonasus	frameshift_deletion|ex3|pos129|len1	frameshift_deletion	exon_3	3.0	129.0	627.0	209.0	1.0		True	1	1	1	1.0	MEDIUM	GCA_963879515.1
Bison bonasus	frameshift_deletion|ex3|pos167|len7	frameshift_deletion	exon_3	3.0	167.0	665.0	222.0	7.0		True	1	1	1	1.0	MEDIUM	GCA_963879515.1
Bison bonasus	frameshift_deletion|ex4|pos131|len1	frameshift_deletion	exon_4	4.0	131.0	1466.0	489.0	1.0		True	1	1	1	1.0	MEDIUM	GCA_963879515.1
Bison bonasus	frameshift_deletion|ex6|pos399|len4	frameshift_deletion	exon_6	6.0	399.0	2071.0	691.0	4.0		True	1	1	1	1.0	MEDIUM	GCA_963879515.1
Bison bonasus	frameshift_deletion|ex6|pos472|len1	frameshift_deletion	exon_6	6.0	472.0	2144.0	715.0	1.0		True	1	1	1	1.0	MEDIUM	GCA_963879515.1
Bison bonasus	frameshift_deletion|ex6|pos737|len5	frameshift_deletion	exon_6	6.0	737.0	2409.0	803.0	5.0		True	1	1	1	1.0	MEDIUM	GCA_963879515.1
Bison bonasus	frameshift_deletion|ex6|pos989|len1	frameshift_deletion	exon_6	6.0	989.0	2661.0	887.0	1.0		True	1	1	1	1.0	MEDIUM	GCA_963879515.1
Bison bonasus	frameshift_induced_stop|ex3|codon214	frameshift_induced_stop	exon_3	3.0	144.0	642.0	214.0			True	1	1	1	1.0	MEDIUM	GCA_963879515.1
Bison bonasus	frameshift_induced_stop|ex3|codon236	frameshift_induced_stop	exon_3	3.0	208.0	706.0	236.0			True	1	1	1	1.0	MEDIUM	GCA_963879515.1
Bison bonasus	frameshift_induced_stop|ex6|codon786	frameshift_induced_stop	exon_6	6.0	686.0	2358.0	786.0			True	1	1	1	1.0	MEDIUM	GCA_963879515.1
Bison bonasus	frameshift_insertion|ex6|pos325|len1	frameshift_insertion	exon_6	6.0	325.0	1997.0	666.0	1.0		True	1	1	1	1.0	MEDIUM	GCA_963879515.1
Bison bonasus	inframe_deletion|ex3|pos658|len9	inframe_deletion	exon_3	3.0	658.0	1156.0	386.0	9.0		False	1	1	1	1.0	MEDIUM	GCA_963879515.1
Bison bonasus	inframe_deletion|ex6|pos89|len9	inframe_deletion	exon_6	6.0	89.0	1761.0	587.0	9.0		False	1	1	1	1.0	MEDIUM	GCA_963879515.1
Bison bonasus	inframe_deletion|ex6|pos935|len21	inframe_deletion	exon_6	6.0	935.0	2607.0	869.0	21.0		False	1	1	1	1.0	MEDIUM	GCA_963879515.1
Bison bonasus	potential_splice_acceptor_disruption|ex5|GA	potential_splice_acceptor_disruption	exon_5	5.0	1.0	1549.0	517.0		GA	True	1	1	1	1.0	MEDIUM	GCA_963879515.1
Bison bonasus	potential_splice_donor_disruption|ex3|AC	potential_splice_donor_disruption	exon_3	3.0	837.0	1335.0	445.0		AC	True	1	1	1	1.0	MEDIUM	GCA_963879515.1
Bison bonasus	premature_stop|ex3|codon210	premature_stop	exon_3	3.0	130.0	628.0	210.0			True	1	1	1	1.0	MEDIUM	GCA_963879515.1
Bison bonasus	premature_stop|ex3|codon263	premature_stop	exon_3	3.0	289.0	787.0	263.0			True	1	1	1	1.0	MEDIUM	GCA_963879515.1
Bison bonasus	premature_stop|ex3|codon303	premature_stop	exon_3	3.0	409.0	907.0	303.0			True	1	1	1	1.0	MEDIUM	GCA_963879515.1
Bison bonasus	premature_stop|ex3|codon361	premature_stop	exon_3	3.0	583.0	1081.0	361.0			True	1	1	1	1.0	MEDIUM	GCA_963879515.1
Bison bonasus	premature_stop|ex3|codon430	premature_stop	exon_3	3.0	790.0	1288.0	430.0			True	1	1	1	1.0	MEDIUM	GCA_963879515.1
Bison bonasus	premature_stop|ex3|codon433	premature_stop	exon_3	3.0	799.0	1297.0	433.0			True	1	1	1	1.0	MEDIUM	GCA_963879515.1
Bison bonasus	premature_stop|ex6|codon722	premature_stop	exon_6	6.0	492.0	2164.0	722.0			True	1	1	1	1.0	MEDIUM	GCA_963879515.1
Bos frontalis	exon_unresolved|ex1	exon_unresolved	exon_1	1.0	1.0	1.0	1.0	194.0		False	1	0	2	0.0	LOW	
Bos frontalis	exon_unresolved|ex2	exon_unresolved	exon_2	2.0	1.0	195.0	65.0	304.0		False	1	0	2	0.0	LOW	
Bos frontalis	exon_unresolved|ex3	exon_unresolved	exon_3	3.0	1.0	499.0	167.0	837.0		False	1	0	2	0.0	LOW	
Bos frontalis	frameshift_deletion|ex1|pos162|len1	frameshift_deletion	exon_1	1.0	162.0	162.0	54.0	1.0		True	2	2	2	1.0	HIGH	GCA_007844835.1;GCA_043643345.1
Bos frontalis	frameshift_deletion|ex3|pos129|len1	frameshift_deletion	exon_3	3.0	129.0	627.0	209.0	1.0		True	2	2	2	1.0	HIGH	GCA_007844835.1;GCA_043643345.1
Bos frontalis	frameshift_deletion|ex3|pos167|len7	frameshift_deletion	exon_3	3.0	167.0	665.0	222.0	7.0		True	2	2	2	1.0	HIGH	GCA_007844835.1;GCA_043643345.1
Bos frontalis	frameshift_deletion|ex3|pos324|len1	frameshift_deletion	exon_3	3.0	324.0	822.0	274.0	1.0		True	2	2	2	1.0	HIGH	GCA_007844835.1;GCA_043643345.1
Bos frontalis	frameshift_deletion|ex4|pos131|len1	frameshift_deletion	exon_4	4.0	131.0	1466.0	489.0	1.0		True	3	3	3	1.0	HIGH	GCA_007844835.1;GCA_017311355.1;GCA_043643345.1
Bos frontalis	frameshift_deletion|ex6|pos399|len4	frameshift_deletion	exon_6	6.0	399.0	2071.0	691.0	4.0		True	3	3	3	1.0	HIGH	GCA_007844835.1;GCA_017311355.1;GCA_043643345.1
Bos frontalis	frameshift_deletion|ex6|pos472|len1	frameshift_deletion	exon_6	6.0	472.0	2144.0	715.0	1.0		True	3	3	3	1.0	HIGH	GCA_007844835.1;GCA_017311355.1;GCA_043643345.1
Bos frontalis	frameshift_deletion|ex6|pos737|len5	frameshift_deletion	exon_6	6.0	737.0	2409.0	803.0	5.0		True	3	3	3	1.0	HIGH	GCA_007844835.1;GCA_017311355.1;GCA_043643345.1
Bos frontalis	frameshift_induced_stop|ex2|codon77	frameshift_induced_stop	exon_2	2.0	37.0	231.0	77.0			True	2	2	2	1.0	HIGH	GCA_007844835.1;GCA_043643345.1
Bos frontalis	frameshift_induced_stop|ex3|codon218	frameshift_induced_stop	exon_3	3.0	154.0	652.0	218.0			True	2	2	2	1.0	HIGH	GCA_007844835.1;GCA_043643345.1
Bos frontalis	frameshift_induced_stop|ex3|codon278	frameshift_induced_stop	exon_3	3.0	336.0	834.0	278.0			True	2	2	2	1.0	HIGH	GCA_007844835.1;GCA_043643345.1
Bos frontalis	frameshift_induced_stop|ex4|codon495	frameshift_induced_stop	exon_4	4.0	148.0	1483.0	495.0			True	2	2	3	0.6666666666666666	HIGH	GCA_007844835.1;GCA_043643345.1
Bos frontalis	frameshift_induced_stop|ex4|codon496	frameshift_induced_stop	exon_4	4.0	153.0	1488.0	496.0			True	1	1	3	0.3333333333333333	LOW	GCA_017311355.1
Bos frontalis	frameshift_induced_stop|ex6|codon668	frameshift_induced_stop	exon_6	6.0	332.0	2004.0	668.0			True	2	2	3	0.6666666666666666	HIGH	GCA_007844835.1;GCA_043643345.1
Bos frontalis	frameshift_induced_stop|ex6|codon698	frameshift_induced_stop	exon_6	6.0	422.0	2094.0	698.0			True	1	1	3	0.3333333333333333	LOW	GCA_017311355.1
Bos frontalis	frameshift_induced_stop|ex6|codon703	frameshift_induced_stop	exon_6	6.0	435.0	2107.0	703.0			True	2	2	3	0.6666666666666666	HIGH	GCA_007844835.1;GCA_043643345.1
Bos frontalis	frameshift_induced_stop|ex6|codon745	frameshift_induced_stop	exon_6	6.0	561.0	2233.0	745.0			True	1	1	3	0.3333333333333333	LOW	GCA_017311355.1
Bos frontalis	frameshift_induced_stop|ex6|codon821	frameshift_induced_stop	exon_6	6.0	791.0	2463.0	821.0			True	1	1	3	0.3333333333333333	LOW	GCA_017311355.1
Bos frontalis	frameshift_induced_stop|ex6|codon824	frameshift_induced_stop	exon_6	6.0	798.0	2470.0	824.0			True	2	2	3	0.6666666666666666	HIGH	GCA_007844835.1;GCA_043643345.1
Bos frontalis	frameshift_insertion|ex6|pos325|len1	frameshift_insertion	exon_6	6.0	325.0	1997.0	666.0	1.0		True	3	3	3	1.0	HIGH	GCA_007844835.1;GCA_017311355.1;GCA_043643345.1
Bos frontalis	inframe_deletion|ex3|pos658|len9	inframe_deletion	exon_3	3.0	658.0	1156.0	386.0	9.0		False	2	2	2	1.0	HIGH	GCA_007844835.1;GCA_043643345.1
Bos frontalis	inframe_deletion|ex6|pos89|len9	inframe_deletion	exon_6	6.0	89.0	1761.0	587.0	9.0		False	3	3	3	1.0	HIGH	GCA_007844835.1;GCA_017311355.1;GCA_043643345.1
Bos frontalis	inframe_deletion|ex6|pos935|len21	inframe_deletion	exon_6	6.0	935.0	2607.0	869.0	21.0		False	3	3	3	1.0	HIGH	GCA_007844835.1;GCA_017311355.1;GCA_043643345.1
Bos frontalis	potential_splice_acceptor_disruption|ex5|GA	potential_splice_acceptor_disruption	exon_5	5.0	1.0	1549.0	517.0		GA	True	3	3	3	1.0	HIGH	GCA_007844835.1;GCA_017311355.1;GCA_043643345.1
Bos frontalis	potential_splice_donor_disruption|ex3|AC	potential_splice_donor_disruption	exon_3	3.0	837.0	1335.0	445.0		AC	True	2	2	2	1.0	HIGH	GCA_007844835.1;GCA_043643345.1
Bos frontalis	premature_stop|ex3|codon210	premature_stop	exon_3	3.0	130.0	628.0	210.0			True	2	2	2	1.0	HIGH	GCA_007844835.1;GCA_043643345.1
Bos frontalis	premature_stop|ex3|codon263	premature_stop	exon_3	3.0	289.0	787.0	263.0			True	2	2	2	1.0	HIGH	GCA_007844835.1;GCA_043643345.1
Bos frontalis	premature_stop|ex3|codon303	premature_stop	exon_3	3.0	409.0	907.0	303.0			True	2	2	2	1.0	HIGH	GCA_007844835.1;GCA_043643345.1
Bos frontalis	premature_stop|ex3|codon361	premature_stop	exon_3	3.0	583.0	1081.0	361.0			True	2	2	2	1.0	HIGH	GCA_007844835.1;GCA_043643345.1
Bos frontalis	premature_stop|ex3|codon430	premature_stop	exon_3	3.0	790.0	1288.0	430.0			True	2	2	2	1.0	HIGH	GCA_007844835.1;GCA_043643345.1
Bos frontalis	premature_stop|ex3|codon433	premature_stop	exon_3	3.0	799.0	1297.0	433.0			True	2	2	2	1.0	HIGH	GCA_007844835.1;GCA_043643345.1
Bos frontalis	premature_stop|ex6|codon722	premature_stop	exon_6	6.0	492.0	2164.0	722.0			True	3	3	3	1.0	HIGH	GCA_007844835.1;GCA_017311355.1;GCA_043643345.1
Bos frontalis	premature_stop|ex6|codon903	premature_stop	exon_6	6.0	1035.0	2707.0	903.0			True	1	1	3	0.3333333333333333	LOW	GCA_017311355.1
Bos gaurus	candidate_large_frameshift_insertion|ex4|pos38|len716	candidate_large_frameshift_insertion	exon_4	4.0	38.0	1373.0	458.0	716.0		True	2	2	2	1.0	HIGH	GCA_014182915.2;GCA_965225615.1
Bos gaurus	frameshift_deletion|ex1|pos162|len1	frameshift_deletion	exon_1	1.0	162.0	162.0	54.0	1.0		True	2	2	2	1.0	HIGH	GCA_014182915.2;GCA_965225615.1
Bos gaurus	frameshift_deletion|ex3|pos129|len1	frameshift_deletion	exon_3	3.0	129.0	627.0	209.0	1.0		True	2	2	2	1.0	HIGH	GCA_014182915.2;GCA_965225615.1
Bos gaurus	frameshift_deletion|ex3|pos167|len7	frameshift_deletion	exon_3	3.0	167.0	665.0	222.0	7.0		True	2	2	2	1.0	HIGH	GCA_014182915.2;GCA_965225615.1
Bos gaurus	frameshift_deletion|ex4|pos131|len1	frameshift_deletion	exon_4	4.0	131.0	1466.0	489.0	1.0		True	2	2	2	1.0	HIGH	GCA_014182915.2;GCA_965225615.1
Bos gaurus	frameshift_deletion|ex6|pos399|len4	frameshift_deletion	exon_6	6.0	399.0	2071.0	691.0	4.0		True	2	2	2	1.0	HIGH	GCA_014182915.2;GCA_965225615.1
Bos gaurus	frameshift_deletion|ex6|pos472|len1	frameshift_deletion	exon_6	6.0	472.0	2144.0	715.0	1.0		True	1	1	2	0.5	MEDIUM	GCA_014182915.2
Bos gaurus	frameshift_deletion|ex6|pos737|len5	frameshift_deletion	exon_6	6.0	737.0	2409.0	803.0	5.0		True	2	2	2	1.0	HIGH	GCA_014182915.2;GCA_965225615.1
Bos gaurus	frameshift_induced_stop|ex2|codon77	frameshift_induced_stop	exon_2	2.0	37.0	231.0	77.0			True	2	2	2	1.0	HIGH	GCA_014182915.2;GCA_965225615.1
Bos gaurus	frameshift_induced_stop|ex3|codon218	frameshift_induced_stop	exon_3	3.0	154.0	652.0	218.0			True	2	2	2	1.0	HIGH	GCA_014182915.2;GCA_965225615.1
Bos gaurus	frameshift_induced_stop|ex4|codon496	frameshift_induced_stop	exon_4	4.0	153.0	1488.0	496.0			True	2	2	2	1.0	HIGH	GCA_014182915.2;GCA_965225615.1
Bos gaurus	frameshift_induced_stop|ex6|codon698	frameshift_induced_stop	exon_6	6.0	422.0	2094.0	698.0			True	2	2	2	1.0	HIGH	GCA_014182915.2;GCA_965225615.1
Bos gaurus	frameshift_induced_stop|ex6|codon821	frameshift_induced_stop	exon_6	6.0	791.0	2463.0	821.0			True	1	1	2	0.5	MEDIUM	GCA_014182915.2
Bos gaurus	frameshift_insertion|ex6|pos325|len1	frameshift_insertion	exon_6	6.0	325.0	1997.0	666.0	1.0		True	2	2	2	1.0	HIGH	GCA_014182915.2;GCA_965225615.1
Bos gaurus	inframe_deletion|ex3|pos658|len9	inframe_deletion	exon_3	3.0	658.0	1156.0	386.0	9.0		False	2	2	2	1.0	HIGH	GCA_014182915.2;GCA_965225615.1
Bos gaurus	inframe_deletion|ex6|pos89|len9	inframe_deletion	exon_6	6.0	89.0	1761.0	587.0	9.0		False	2	2	2	1.0	HIGH	GCA_014182915.2;GCA_965225615.1
Bos gaurus	inframe_deletion|ex6|pos935|len21	inframe_deletion	exon_6	6.0	935.0	2607.0	869.0	21.0		False	2	2	2	1.0	HIGH	GCA_014182915.2;GCA_965225615.1
Bos gaurus	potential_splice_acceptor_disruption|ex5|GA	potential_splice_acceptor_disruption	exon_5	5.0	1.0	1549.0	517.0		GA	True	2	2	2	1.0	HIGH	GCA_014182915.2;GCA_965225615.1
Bos gaurus	potential_splice_donor_disruption|ex3|AC	potential_splice_donor_disruption	exon_3	3.0	837.0	1335.0	445.0		AC	True	2	2	2	1.0	HIGH	GCA_014182915.2;GCA_965225615.1
Bos gaurus	premature_stop|ex3|codon210	premature_stop	exon_3	3.0	130.0	628.0	210.0			True	2	2	2	1.0	HIGH	GCA_014182915.2;GCA_965225615.1
Bos gaurus	premature_stop|ex3|codon263	premature_stop	exon_3	3.0	289.0	787.0	263.0			True	2	2	2	1.0	HIGH	GCA_014182915.2;GCA_965225615.1
Bos gaurus	premature_stop|ex3|codon303	premature_stop	exon_3	3.0	409.0	907.0	303.0			True	2	2	2	1.0	HIGH	GCA_014182915.2;GCA_965225615.1
Bos gaurus	premature_stop|ex3|codon361	premature_stop	exon_3	3.0	583.0	1081.0	361.0			True	2	2	2	1.0	HIGH	GCA_014182915.2;GCA_965225615.1
Bos gaurus	premature_stop|ex3|codon430	premature_stop	exon_3	3.0	790.0	1288.0	430.0			True	2	2	2	1.0	HIGH	GCA_014182915.2;GCA_965225615.1
Bos gaurus	premature_stop|ex3|codon433	premature_stop	exon_3	3.0	799.0	1297.0	433.0			True	2	2	2	1.0	HIGH	GCA_014182915.2;GCA_965225615.1
Bos gaurus	premature_stop|ex6|codon722	premature_stop	exon_6	6.0	492.0	2164.0	722.0			True	2	2	2	1.0	HIGH	GCA_014182915.2;GCA_965225615.1
Bos gaurus	premature_stop|ex6|codon903	premature_stop	exon_6	6.0	1035.0	2707.0	903.0			True	1	1	2	0.5	MEDIUM	GCA_014182915.2
Bos gaurus x Bos taurus	candidate_large_frameshift_insertion|ex4|pos38|len716	candidate_large_frameshift_insertion	exon_4	4.0	38.0	1373.0	458.0	716.0		True	1	1	1	1.0	MEDIUM	GCA_946052875.1
Bos gaurus x Bos taurus	frameshift_deletion|ex1|pos162|len1	frameshift_deletion	exon_1	1.0	162.0	162.0	54.0	1.0		True	1	1	1	1.0	MEDIUM	GCA_946052875.1
Bos gaurus x Bos taurus	frameshift_deletion|ex3|pos129|len1	frameshift_deletion	exon_3	3.0	129.0	627.0	209.0	1.0		True	1	1	1	1.0	MEDIUM	GCA_946052875.1
Bos gaurus x Bos taurus	frameshift_deletion|ex3|pos167|len7	frameshift_deletion	exon_3	3.0	167.0	665.0	222.0	7.0		True	1	1	1	1.0	MEDIUM	GCA_946052875.1
Bos gaurus x Bos taurus	frameshift_deletion|ex4|pos131|len1	frameshift_deletion	exon_4	4.0	131.0	1466.0	489.0	1.0		True	1	1	1	1.0	MEDIUM	GCA_946052875.1
Bos gaurus x Bos taurus	frameshift_deletion|ex6|pos399|len4	frameshift_deletion	exon_6	6.0	399.0	2071.0	691.0	4.0		True	1	1	1	1.0	MEDIUM	GCA_946052875.1
Bos gaurus x Bos taurus	frameshift_deletion|ex6|pos472|len1	frameshift_deletion	exon_6	6.0	472.0	2144.0	715.0	1.0		True	1	1	1	1.0	MEDIUM	GCA_946052875.1
Bos gaurus x Bos taurus	frameshift_deletion|ex6|pos737|len5	frameshift_deletion	exon_6	6.0	737.0	2409.0	803.0	5.0		True	1	1	1	1.0	MEDIUM	GCA_946052875.1
Bos gaurus x Bos taurus	frameshift_induced_stop|ex2|codon77	frameshift_induced_stop	exon_2	2.0	37.0	231.0	77.0			True	1	1	1	1.0	MEDIUM	GCA_946052875.1
Bos gaurus x Bos taurus	frameshift_induced_stop|ex3|codon218	frameshift_induced_stop	exon_3	3.0	154.0	652.0	218.0			True	1	1	1	1.0	MEDIUM	GCA_946052875.1
Bos gaurus x Bos taurus	frameshift_induced_stop|ex4|codon496	frameshift_induced_stop	exon_4	4.0	153.0	1488.0	496.0			True	1	1	1	1.0	MEDIUM	GCA_946052875.1
Bos gaurus x Bos taurus	frameshift_induced_stop|ex6|codon698	frameshift_induced_stop	exon_6	6.0	422.0	2094.0	698.0			True	1	1	1	1.0	MEDIUM	GCA_946052875.1
Bos gaurus x Bos taurus	frameshift_induced_stop|ex6|codon821	frameshift_induced_stop	exon_6	6.0	791.0	2463.0	821.0			True	1	1	1	1.0	MEDIUM	GCA_946052875.1
Bos gaurus x Bos taurus	frameshift_insertion|ex6|pos325|len1	frameshift_insertion	exon_6	6.0	325.0	1997.0	666.0	1.0		True	1	1	1	1.0	MEDIUM	GCA_946052875.1
Bos gaurus x Bos taurus	inframe_deletion|ex3|pos658|len9	inframe_deletion	exon_3	3.0	658.0	1156.0	386.0	9.0		False	1	1	1	1.0	MEDIUM	GCA_946052875.1
Bos gaurus x Bos taurus	inframe_deletion|ex6|pos89|len9	inframe_deletion	exon_6	6.0	89.0	1761.0	587.0	9.0		False	1	1	1	1.0	MEDIUM	GCA_946052875.1
Bos gaurus x Bos taurus	inframe_deletion|ex6|pos935|len21	inframe_deletion	exon_6	6.0	935.0	2607.0	869.0	21.0		False	1	1	1	1.0	MEDIUM	GCA_946052875.1
Bos gaurus x Bos taurus	potential_splice_acceptor_disruption|ex5|GA	potential_splice_acceptor_disruption	exon_5	5.0	1.0	1549.0	517.0		GA	True	1	1	1	1.0	MEDIUM	GCA_946052875.1
Bos gaurus x Bos taurus	potential_splice_donor_disruption|ex3|AC	potential_splice_donor_disruption	exon_3	3.0	837.0	1335.0	445.0		AC	True	1	1	1	1.0	MEDIUM	GCA_946052875.1
Bos gaurus x Bos taurus	premature_stop|ex3|codon210	premature_stop	exon_3	3.0	130.0	628.0	210.0			True	1	1	1	1.0	MEDIUM	GCA_946052875.1
Bos gaurus x Bos taurus	premature_stop|ex3|codon303	premature_stop	exon_3	3.0	409.0	907.0	303.0			True	1	1	1	1.0	MEDIUM	GCA_946052875.1
Bos gaurus x Bos taurus	premature_stop|ex3|codon310	premature_stop	exon_3	3.0	430.0	928.0	310.0			True	1	1	1	1.0	MEDIUM	GCA_946052875.1
Bos gaurus x Bos taurus	premature_stop|ex3|codon361	premature_stop	exon_3	3.0	583.0	1081.0	361.0			True	1	1	1	1.0	MEDIUM	GCA_946052875.1
Bos gaurus x Bos taurus	premature_stop|ex3|codon430	premature_stop	exon_3	3.0	790.0	1288.0	430.0			True	1	1	1	1.0	MEDIUM	GCA_946052875.1
Bos gaurus x Bos taurus	premature_stop|ex3|codon433	premature_stop	exon_3	3.0	799.0	1297.0	433.0			True	1	1	1	1.0	MEDIUM	GCA_946052875.1
Bos gaurus x Bos taurus	premature_stop|ex6|codon722	premature_stop	exon_6	6.0	492.0	2164.0	722.0			True	1	1	1	1.0	MEDIUM	GCA_946052875.1
Bos grunniens	frameshift_deletion|ex1|pos162|len1	frameshift_deletion	exon_1	1.0	162.0	162.0	54.0	1.0		True	5	5	5	1.0	HIGH	GCA_005887515.3;GCA_027580245.1;GCA_050059765.1;GCA_055505025.1;GCF_055505025.1
Bos grunniens	frameshift_deletion|ex3|pos129|len1	frameshift_deletion	exon_3	3.0	129.0	627.0	209.0	1.0		True	5	5	5	1.0	HIGH	GCA_005887515.3;GCA_027580245.1;GCA_050059765.1;GCA_055505025.1;GCF_055505025.1
Bos grunniens	frameshift_deletion|ex3|pos167|len7	frameshift_deletion	exon_3	3.0	167.0	665.0	222.0	7.0		True	5	5	5	1.0	HIGH	GCA_005887515.3;GCA_027580245.1;GCA_050059765.1;GCA_055505025.1;GCF_055505025.1
Bos grunniens	frameshift_deletion|ex4|pos131|len1	frameshift_deletion	exon_4	4.0	131.0	1466.0	489.0	1.0		True	5	5	5	1.0	HIGH	GCA_005887515.3;GCA_027580245.1;GCA_050059765.1;GCA_055505025.1;GCF_055505025.1
Bos grunniens	frameshift_deletion|ex6|pos399|len4	frameshift_deletion	exon_6	6.0	399.0	2071.0	691.0	4.0		True	5	5	5	1.0	HIGH	GCA_005887515.3;GCA_027580245.1;GCA_050059765.1;GCA_055505025.1;GCF_055505025.1
Bos grunniens	frameshift_deletion|ex6|pos472|len1	frameshift_deletion	exon_6	6.0	472.0	2144.0	715.0	1.0		True	5	5	5	1.0	HIGH	GCA_005887515.3;GCA_027580245.1;GCA_050059765.1;GCA_055505025.1;GCF_055505025.1
Bos grunniens	frameshift_deletion|ex6|pos737|len5	frameshift_deletion	exon_6	6.0	737.0	2409.0	803.0	5.0		True	5	5	5	1.0	HIGH	GCA_005887515.3;GCA_027580245.1;GCA_050059765.1;GCA_055505025.1;GCF_055505025.1
Bos grunniens	frameshift_induced_stop|ex2|codon69	frameshift_induced_stop	exon_2	2.0	13.0	207.0	69.0			True	3	3	5	0.6	HIGH	GCA_005887515.3;GCA_027580245.1;GCA_050059765.1
Bos grunniens	frameshift_induced_stop|ex2|codon77	frameshift_induced_stop	exon_2	2.0	37.0	231.0	77.0			True	2	2	5	0.4	LOW	GCA_055505025.1;GCF_055505025.1
Bos grunniens	frameshift_induced_stop|ex3|codon218	frameshift_induced_stop	exon_3	3.0	154.0	652.0	218.0			True	5	5	5	1.0	HIGH	GCA_005887515.3;GCA_027580245.1;GCA_050059765.1;GCA_055505025.1;GCF_055505025.1
Bos grunniens	frameshift_induced_stop|ex3|codon236	frameshift_induced_stop	exon_3	3.0	208.0	706.0	236.0			True	5	5	5	1.0	HIGH	GCA_005887515.3;GCA_027580245.1;GCA_050059765.1;GCA_055505025.1;GCF_055505025.1
Bos grunniens	frameshift_induced_stop|ex6|codon786	frameshift_induced_stop	exon_6	6.0	686.0	2358.0	786.0			True	5	5	5	1.0	HIGH	GCA_005887515.3;GCA_027580245.1;GCA_050059765.1;GCA_055505025.1;GCF_055505025.1
Bos grunniens	frameshift_insertion|ex3|pos205|len4	frameshift_insertion	exon_3	3.0	205.0	703.0	235.0	4.0		True	5	5	5	1.0	HIGH	GCA_005887515.3;GCA_027580245.1;GCA_050059765.1;GCA_055505025.1;GCF_055505025.1
Bos grunniens	frameshift_insertion|ex6|pos325|len1	frameshift_insertion	exon_6	6.0	325.0	1997.0	666.0	1.0		True	5	5	5	1.0	HIGH	GCA_005887515.3;GCA_027580245.1;GCA_050059765.1;GCA_055505025.1;GCF_055505025.1
Bos grunniens	gene_unresolved_no_hit|ex0|pos0	gene_unresolved_no_hit								False	1	0	5	0.0	LOW	
Bos grunniens	inframe_deletion|ex3|pos658|len9	inframe_deletion	exon_3	3.0	658.0	1156.0	386.0	9.0		False	5	5	5	1.0	HIGH	GCA_005887515.3;GCA_027580245.1;GCA_050059765.1;GCA_055505025.1;GCF_055505025.1
Bos grunniens	inframe_deletion|ex6|pos89|len9	inframe_deletion	exon_6	6.0	89.0	1761.0	587.0	9.0		False	5	5	5	1.0	HIGH	GCA_005887515.3;GCA_027580245.1;GCA_050059765.1;GCA_055505025.1;GCF_055505025.1
Bos grunniens	inframe_deletion|ex6|pos935|len21	inframe_deletion	exon_6	6.0	935.0	2607.0	869.0	21.0		False	5	5	5	1.0	HIGH	GCA_005887515.3;GCA_027580245.1;GCA_050059765.1;GCA_055505025.1;GCF_055505025.1
Bos grunniens	inframe_insertion|ex3|pos210|len6	inframe_insertion	exon_3	3.0	210.0	708.0	236.0	6.0		False	5	5	5	1.0	HIGH	GCA_005887515.3;GCA_027580245.1;GCA_050059765.1;GCA_055505025.1;GCF_055505025.1
Bos grunniens	potential_splice_acceptor_disruption|ex5|GA	potential_splice_acceptor_disruption	exon_5	5.0	1.0	1549.0	517.0		GA	True	5	5	5	1.0	HIGH	GCA_005887515.3;GCA_027580245.1;GCA_050059765.1;GCA_055505025.1;GCF_055505025.1
Bos grunniens	potential_splice_donor_disruption|ex3|AC	potential_splice_donor_disruption	exon_3	3.0	837.0	1335.0	445.0		AC	True	5	5	5	1.0	HIGH	GCA_005887515.3;GCA_027580245.1;GCA_050059765.1;GCA_055505025.1;GCF_055505025.1
Bos grunniens	premature_stop|ex3|codon210	premature_stop	exon_3	3.0	130.0	628.0	210.0			True	5	5	5	1.0	HIGH	GCA_005887515.3;GCA_027580245.1;GCA_050059765.1;GCA_055505025.1;GCF_055505025.1
Bos grunniens	premature_stop|ex3|codon303	premature_stop	exon_3	3.0	409.0	907.0	303.0			True	5	5	5	1.0	HIGH	GCA_005887515.3;GCA_027580245.1;GCA_050059765.1;GCA_055505025.1;GCF_055505025.1
Bos grunniens	premature_stop|ex3|codon310	premature_stop	exon_3	3.0	430.0	928.0	310.0			True	5	5	5	1.0	HIGH	GCA_005887515.3;GCA_027580245.1;GCA_050059765.1;GCA_055505025.1;GCF_055505025.1
Bos grunniens	premature_stop|ex3|codon361	premature_stop	exon_3	3.0	583.0	1081.0	361.0			True	5	5	5	1.0	HIGH	GCA_005887515.3;GCA_027580245.1;GCA_050059765.1;GCA_055505025.1;GCF_055505025.1
Bos grunniens	premature_stop|ex3|codon430	premature_stop	exon_3	3.0	790.0	1288.0	430.0			True	5	5	5	1.0	HIGH	GCA_005887515.3;GCA_027580245.1;GCA_050059765.1;GCA_055505025.1;GCF_055505025.1
Bos grunniens	premature_stop|ex3|codon433	premature_stop	exon_3	3.0	799.0	1297.0	433.0			True	5	5	5	1.0	HIGH	GCA_005887515.3;GCA_027580245.1;GCA_050059765.1;GCA_055505025.1;GCF_055505025.1
Bos grunniens	premature_stop|ex6|codon722	premature_stop	exon_6	6.0	492.0	2164.0	722.0			True	5	5	5	1.0	HIGH	GCA_005887515.3;GCA_027580245.1;GCA_050059765.1;GCA_055505025.1;GCF_055505025.1
Bos grunniens x Bos taurus	candidate_large_frameshift_insertion|ex4|pos38|len716	candidate_large_frameshift_insertion	exon_4	4.0	38.0	1373.0	458.0	716.0		True	1	1	2	0.5	MEDIUM	GCA_009493655.1
Bos grunniens x Bos taurus	frameshift_deletion|ex1|pos162|len1	frameshift_deletion	exon_1	1.0	162.0	162.0	54.0	1.0		True	2	2	2	1.0	HIGH	GCA_009493645.1;GCA_009493655.1
Bos grunniens x Bos taurus	frameshift_deletion|ex3|pos129|len1	frameshift_deletion	exon_3	3.0	129.0	627.0	209.0	1.0		True	2	2	2	1.0	HIGH	GCA_009493645.1;GCA_009493655.1
Bos grunniens x Bos taurus	frameshift_deletion|ex3|pos167|len7	frameshift_deletion	exon_3	3.0	167.0	665.0	222.0	7.0		True	2	2	2	1.0	HIGH	GCA_009493645.1;GCA_009493655.1
Bos grunniens x Bos taurus	frameshift_deletion|ex4|pos131|len1	frameshift_deletion	exon_4	4.0	131.0	1466.0	489.0	1.0		True	2	2	2	1.0	HIGH	GCA_009493645.1;GCA_009493655.1
Bos grunniens x Bos taurus	frameshift_deletion|ex6|pos399|len4	frameshift_deletion	exon_6	6.0	399.0	2071.0	691.0	4.0		True	2	2	2	1.0	HIGH	GCA_009493645.1;GCA_009493655.1
Bos grunniens x Bos taurus	frameshift_deletion|ex6|pos472|len1	frameshift_deletion	exon_6	6.0	472.0	2144.0	715.0	1.0		True	2	2	2	1.0	HIGH	GCA_009493645.1;GCA_009493655.1
Bos grunniens x Bos taurus	frameshift_deletion|ex6|pos737|len5	frameshift_deletion	exon_6	6.0	737.0	2409.0	803.0	5.0		True	2	2	2	1.0	HIGH	GCA_009493645.1;GCA_009493655.1
Bos grunniens x Bos taurus	frameshift_induced_stop|ex2|codon69	frameshift_induced_stop	exon_2	2.0	13.0	207.0	69.0			True	1	1	2	0.5	MEDIUM	GCA_009493645.1
Bos grunniens x Bos taurus	frameshift_induced_stop|ex2|codon77	frameshift_induced_stop	exon_2	2.0	37.0	231.0	77.0			True	1	1	2	0.5	MEDIUM	GCA_009493655.1
Bos grunniens x Bos taurus	frameshift_induced_stop|ex3|codon218	frameshift_induced_stop	exon_3	3.0	154.0	652.0	218.0			True	2	2	2	1.0	HIGH	GCA_009493645.1;GCA_009493655.1
Bos grunniens x Bos taurus	frameshift_induced_stop|ex3|codon236	frameshift_induced_stop	exon_3	3.0	208.0	706.0	236.0			True	1	1	2	0.5	MEDIUM	GCA_009493645.1
Bos grunniens x Bos taurus	frameshift_induced_stop|ex3|codon398	frameshift_induced_stop	exon_3	3.0	696.0	1194.0	398.0			True	1	1	2	0.5	MEDIUM	GCA_009493655.1
Bos grunniens x Bos taurus	frameshift_induced_stop|ex4|codon470	frameshift_induced_stop	exon_4	4.0	75.0	1410.0	470.0			True	1	1	2	0.5	MEDIUM	GCA_009493655.1
Bos grunniens x Bos taurus	frameshift_induced_stop|ex6|codon668	frameshift_induced_stop	exon_6	6.0	332.0	2004.0	668.0			True	1	1	2	0.5	MEDIUM	GCA_009493655.1
Bos grunniens x Bos taurus	frameshift_induced_stop|ex6|codon722	frameshift_induced_stop	exon_6	6.0	493.0	2165.0	722.0			True	1	1	2	0.5	MEDIUM	GCA_009493655.1
Bos grunniens x Bos taurus	frameshift_induced_stop|ex6|codon786	frameshift_induced_stop	exon_6	6.0	686.0	2358.0	786.0			True	1	1	2	0.5	MEDIUM	GCA_009493645.1
Bos grunniens x Bos taurus	frameshift_insertion|ex3|pos205|len4	frameshift_insertion	exon_3	3.0	205.0	703.0	235.0	4.0		True	1	1	2	0.5	MEDIUM	GCA_009493645.1
Bos grunniens x Bos taurus	frameshift_insertion|ex3|pos623|len2	frameshift_insertion	exon_3	3.0	623.0	1121.0	374.0	2.0		True	1	1	2	0.5	MEDIUM	GCA_009493655.1
Bos grunniens x Bos taurus	frameshift_insertion|ex6|pos325|len1	frameshift_insertion	exon_6	6.0	325.0	1997.0	666.0	1.0		True	2	2	2	1.0	HIGH	GCA_009493645.1;GCA_009493655.1
Bos grunniens x Bos taurus	inframe_deletion|ex3|pos628|len3	inframe_deletion	exon_3	3.0	628.0	1126.0	376.0	3.0		False	1	1	2	0.5	MEDIUM	GCA_009493655.1
Bos grunniens x Bos taurus	inframe_deletion|ex3|pos658|len9	inframe_deletion	exon_3	3.0	658.0	1156.0	386.0	9.0		False	2	2	2	1.0	HIGH	GCA_009493645.1;GCA_009493655.1
Bos grunniens x Bos taurus	inframe_deletion|ex6|pos89|len9	inframe_deletion	exon_6	6.0	89.0	1761.0	587.0	9.0		False	2	2	2	1.0	HIGH	GCA_009493645.1;GCA_009493655.1
Bos grunniens x Bos taurus	inframe_deletion|ex6|pos935|len21	inframe_deletion	exon_6	6.0	935.0	2607.0	869.0	21.0		False	2	2	2	1.0	HIGH	GCA_009493645.1;GCA_009493655.1
Bos grunniens x Bos taurus	inframe_insertion|ex3|pos210|len6	inframe_insertion	exon_3	3.0	210.0	708.0	236.0	6.0		False	1	1	2	0.5	MEDIUM	GCA_009493645.1
Bos grunniens x Bos taurus	potential_splice_acceptor_disruption|ex5|GA	potential_splice_acceptor_disruption	exon_5	5.0	1.0	1549.0	517.0		GA	True	2	2	2	1.0	HIGH	GCA_009493645.1;GCA_009493655.1
Bos grunniens x Bos taurus	potential_splice_donor_disruption|ex3|AC	potential_splice_donor_disruption	exon_3	3.0	837.0	1335.0	445.0		AC	True	2	2	2	1.0	HIGH	GCA_009493645.1;GCA_009493655.1
Bos grunniens x Bos taurus	premature_stop|ex3|codon210	premature_stop	exon_3	3.0	130.0	628.0	210.0			True	2	2	2	1.0	HIGH	GCA_009493645.1;GCA_009493655.1
Bos grunniens x Bos taurus	premature_stop|ex3|codon303	premature_stop	exon_3	3.0	409.0	907.0	303.0			True	2	2	2	1.0	HIGH	GCA_009493645.1;GCA_009493655.1
Bos grunniens x Bos taurus	premature_stop|ex3|codon310	premature_stop	exon_3	3.0	430.0	928.0	310.0			True	2	2	2	1.0	HIGH	GCA_009493645.1;GCA_009493655.1
Bos grunniens x Bos taurus	premature_stop|ex3|codon361	premature_stop	exon_3	3.0	583.0	1081.0	361.0			True	2	2	2	1.0	HIGH	GCA_009493645.1;GCA_009493655.1
Bos grunniens x Bos taurus	premature_stop|ex3|codon430	premature_stop	exon_3	3.0	790.0	1288.0	430.0			True	2	2	2	1.0	HIGH	GCA_009493645.1;GCA_009493655.1
Bos grunniens x Bos taurus	premature_stop|ex3|codon433	premature_stop	exon_3	3.0	799.0	1297.0	433.0			True	2	2	2	1.0	HIGH	GCA_009493645.1;GCA_009493655.1
Bos grunniens x Bos taurus	premature_stop|ex6|codon722	premature_stop	exon_6	6.0	492.0	2164.0	722.0			True	2	2	2	1.0	HIGH	GCA_009493645.1;GCA_009493655.1
Bos indicus	candidate_large_frameshift_insertion|ex4|pos38|len716	candidate_large_frameshift_insertion	exon_4	4.0	38.0	1373.0	458.0	716.0		True	46	46	47	0.9787234042553191	HIGH	GCA_000247795.2;GCA_002933975.1;GCA_026262375.1;GCA_026262465.1;GCA_026262515.1;GCA_026262545.1;GCA_029378735.1;GCA_029378745.1;GCA_030267345.1;GCA_030267355.1;GCA_030267375.1;GCA_030269505.1;GCA_030269805.1;GCA_030269815.1;GCA_030270685.1;GCA_030270705.1;GCA_030270715.1;GCA_030270725.1;GCA_030270805.1;GCA_030270825.1;GCA_030270845.1;GCA_030270855.1;GCA_030270865.1;GCA_030270935.1;GCA_030270945.1;GCA_030270955.1;GCA_030270995.1;GCA_030271795.1;GCA_030271805.1;GCA_030272135.1;GCA_030272235.1;GCA_030272475.1;GCA_030272495.1;GCA_030272505.1;GCA_033030755.1;GCA_039881165.1;GCA_057190485.1;GCA_057190515.1;GCA_057190595.1;GCA_963966175.1;GCA_963966215.1;GCA_963966345.1;GCA_963966355.1;GCA_963966425.1;GCF_000247795.1;GCF_029378745.1
Bos indicus	exon_unresolved|ex1	exon_unresolved	exon_1	1.0	1.0	1.0	1.0	194.0		False	1	0	46	0.0	LOW	
Bos indicus	exon_unresolved|ex2	exon_unresolved	exon_2	2.0	1.0	195.0	65.0	304.0		False	1	0	46	0.0	LOW	
Bos indicus	exon_unresolved|ex3	exon_unresolved	exon_3	3.0	1.0	499.0	167.0	837.0		False	1	0	46	0.0	LOW	
Bos indicus	frameshift_deletion|ex1|pos162|len1	frameshift_deletion	exon_1	1.0	162.0	162.0	54.0	1.0		True	46	46	46	1.0	HIGH	GCA_000247795.2;GCA_002933975.1;GCA_026262375.1;GCA_026262465.1;GCA_026262515.1;GCA_026262545.1;GCA_029378735.1;GCA_029378745.1;GCA_030267345.1;GCA_030267355.1;GCA_030267375.1;GCA_030269505.1;GCA_030269805.1;GCA_030269815.1;GCA_030270685.1;GCA_030270705.1;GCA_030270715.1;GCA_030270725.1;GCA_030270805.1;GCA_030270825.1;GCA_030270845.1;GCA_030270855.1;GCA_030270865.1;GCA_030270935.1;GCA_030270945.1;GCA_030270955.1;GCA_030270995.1;GCA_030271795.1;GCA_030271805.1;GCA_030272135.1;GCA_030272235.1;GCA_030272475.1;GCA_030272495.1;GCA_030272505.1;GCA_033030755.1;GCA_039881165.1;GCA_057190485.1;GCA_057190515.1;GCA_057190595.1;GCA_963966175.1;GCA_963966215.1;GCA_963966345.1;GCA_963966355.1;GCA_963966425.1;GCF_000247795.1;GCF_029378745.1
Bos indicus	frameshift_deletion|ex3|pos129|len1	frameshift_deletion	exon_3	3.0	129.0	627.0	209.0	1.0		True	46	46	46	1.0	HIGH	GCA_000247795.2;GCA_002933975.1;GCA_026262375.1;GCA_026262465.1;GCA_026262515.1;GCA_026262545.1;GCA_029378735.1;GCA_029378745.1;GCA_030267345.1;GCA_030267355.1;GCA_030267375.1;GCA_030269505.1;GCA_030269805.1;GCA_030269815.1;GCA_030270685.1;GCA_030270705.1;GCA_030270715.1;GCA_030270725.1;GCA_030270805.1;GCA_030270825.1;GCA_030270845.1;GCA_030270855.1;GCA_030270865.1;GCA_030270935.1;GCA_030270945.1;GCA_030270955.1;GCA_030270995.1;GCA_030271795.1;GCA_030271805.1;GCA_030272135.1;GCA_030272235.1;GCA_030272475.1;GCA_030272495.1;GCA_030272505.1;GCA_033030755.1;GCA_039881165.1;GCA_057190485.1;GCA_057190515.1;GCA_057190595.1;GCA_963966175.1;GCA_963966215.1;GCA_963966345.1;GCA_963966355.1;GCA_963966425.1;GCF_000247795.1;GCF_029378745.1
Bos indicus	frameshift_deletion|ex3|pos167|len7	frameshift_deletion	exon_3	3.0	167.0	665.0	222.0	7.0		True	46	46	46	1.0	HIGH	GCA_000247795.2;GCA_002933975.1;GCA_026262375.1;GCA_026262465.1;GCA_026262515.1;GCA_026262545.1;GCA_029378735.1;GCA_029378745.1;GCA_030267345.1;GCA_030267355.1;GCA_030267375.1;GCA_030269505.1;GCA_030269805.1;GCA_030269815.1;GCA_030270685.1;GCA_030270705.1;GCA_030270715.1;GCA_030270725.1;GCA_030270805.1;GCA_030270825.1;GCA_030270845.1;GCA_030270855.1;GCA_030270865.1;GCA_030270935.1;GCA_030270945.1;GCA_030270955.1;GCA_030270995.1;GCA_030271795.1;GCA_030271805.1;GCA_030272135.1;GCA_030272235.1;GCA_030272475.1;GCA_030272495.1;GCA_030272505.1;GCA_033030755.1;GCA_039881165.1;GCA_057190485.1;GCA_057190515.1;GCA_057190595.1;GCA_963966175.1;GCA_963966215.1;GCA_963966345.1;GCA_963966355.1;GCA_963966425.1;GCF_000247795.1;GCF_029378745.1
Bos indicus	frameshift_deletion|ex4|pos131|len1	frameshift_deletion	exon_4	4.0	131.0	1466.0	489.0	1.0		True	47	47	47	1.0	HIGH	GCA_000247795.2;GCA_002933975.1;GCA_026262375.1;GCA_026262465.1;GCA_026262515.1;GCA_026262545.1;GCA_029378735.1;GCA_029378745.1;GCA_030267345.1;GCA_030267355.1;GCA_030267375.1;GCA_030269505.1;GCA_030269805.1;GCA_030269815.1;GCA_030270685.1;GCA_030270705.1;GCA_030270715.1;GCA_030270725.1;GCA_030270805.1;GCA_030270825.1;GCA_030270845.1;GCA_030270855.1;GCA_030270865.1;GCA_030270935.1;GCA_030270945.1;GCA_030270955.1;GCA_030270995.1;GCA_030271795.1;GCA_030271805.1;GCA_030272135.1;GCA_030272235.1;GCA_030272475.1;GCA_030272495.1;GCA_030272505.1;GCA_030847515.1;GCA_033030755.1;GCA_039881165.1;GCA_057190485.1;GCA_057190515.1;GCA_057190595.1;GCA_963966175.1;GCA_963966215.1;GCA_963966345.1;GCA_963966355.1;GCA_963966425.1;GCF_000247795.1;GCF_029378745.1
Bos indicus	frameshift_deletion|ex5|pos35|len1	frameshift_deletion	exon_5	5.0	35.0	1583.0	528.0	1.0		True	4	4	47	0.0851063829787234	LOW	GCA_030270685.1;GCA_030270865.1;GCA_030272235.1;GCA_963966425.1
Bos indicus	frameshift_deletion|ex6|pos399|len4	frameshift_deletion	exon_6	6.0	399.0	2071.0	691.0	4.0		True	47	47	47	1.0	HIGH	GCA_000247795.2;GCA_002933975.1;GCA_026262375.1;GCA_026262465.1;GCA_026262515.1;GCA_026262545.1;GCA_029378735.1;GCA_029378745.1;GCA_030267345.1;GCA_030267355.1;GCA_030267375.1;GCA_030269505.1;GCA_030269805.1;GCA_030269815.1;GCA_030270685.1;GCA_030270705.1;GCA_030270715.1;GCA_030270725.1;GCA_030270805.1;GCA_030270825.1;GCA_030270845.1;GCA_030270855.1;GCA_030270865.1;GCA_030270935.1;GCA_030270945.1;GCA_030270955.1;GCA_030270995.1;GCA_030271795.1;GCA_030271805.1;GCA_030272135.1;GCA_030272235.1;GCA_030272475.1;GCA_030272495.1;GCA_030272505.1;GCA_030847515.1;GCA_033030755.1;GCA_039881165.1;GCA_057190485.1;GCA_057190515.1;GCA_057190595.1;GCA_963966175.1;GCA_963966215.1;GCA_963966345.1;GCA_963966355.1;GCA_963966425.1;GCF_000247795.1;GCF_029378745.1
Bos indicus	frameshift_deletion|ex6|pos472|len1	frameshift_deletion	exon_6	6.0	472.0	2144.0	715.0	1.0		True	45	45	47	0.9574468085106383	HIGH	GCA_000247795.2;GCA_002933975.1;GCA_026262465.1;GCA_026262515.1;GCA_026262545.1;GCA_029378735.1;GCA_029378745.1;GCA_030267345.1;GCA_030267355.1;GCA_030267375.1;GCA_030269505.1;GCA_030269805.1;GCA_030269815.1;GCA_030270685.1;GCA_030270715.1;GCA_030270725.1;GCA_030270805.1;GCA_030270825.1;GCA_030270845.1;GCA_030270855.1;GCA_030270865.1;GCA_030270935.1;GCA_030270945.1;GCA_030270955.1;GCA_030270995.1;GCA_030271795.1;GCA_030271805.1;GCA_030272135.1;GCA_030272235.1;GCA_030272475.1;GCA_030272495.1;GCA_030272505.1;GCA_030847515.1;GCA_033030755.1;GCA_039881165.1;GCA_057190485.1;GCA_057190515.1;GCA_057190595.1;GCA_963966175.1;GCA_963966215.1;GCA_963966345.1;GCA_963966355.1;GCA_963966425.1;GCF_000247795.1;GCF_029378745.1
Bos indicus	frameshift_deletion|ex6|pos737|len5	frameshift_deletion	exon_6	6.0	737.0	2409.0	803.0	5.0		True	47	47	47	1.0	HIGH	GCA_000247795.2;GCA_002933975.1;GCA_026262375.1;GCA_026262465.1;GCA_026262515.1;GCA_026262545.1;GCA_029378735.1;GCA_029378745.1;GCA_030267345.1;GCA_030267355.1;GCA_030267375.1;GCA_030269505.1;GCA_030269805.1;GCA_030269815.1;GCA_030270685.1;GCA_030270705.1;GCA_030270715.1;GCA_030270725.1;GCA_030270805.1;GCA_030270825.1;GCA_030270845.1;GCA_030270855.1;GCA_030270865.1;GCA_030270935.1;GCA_030270945.1;GCA_030270955.1;GCA_030270995.1;GCA_030271795.1;GCA_030271805.1;GCA_030272135.1;GCA_030272235.1;GCA_030272475.1;GCA_030272495.1;GCA_030272505.1;GCA_030847515.1;GCA_033030755.1;GCA_039881165.1;GCA_057190485.1;GCA_057190515.1;GCA_057190595.1;GCA_963966175.1;GCA_963966215.1;GCA_963966345.1;GCA_963966355.1;GCA_963966425.1;GCF_000247795.1;GCF_029378745.1
Bos indicus	frameshift_induced_stop|ex2|codon69	frameshift_induced_stop	exon_2	2.0	13.0	207.0	69.0			True	2	2	46	0.043478260869565216	LOW	GCA_026262375.1;GCA_030270705.1
Bos indicus	frameshift_induced_stop|ex2|codon77	frameshift_induced_stop	exon_2	2.0	37.0	231.0	77.0			True	44	44	46	0.9565217391304348	HIGH	GCA_000247795.2;GCA_002933975.1;GCA_026262465.1;GCA_026262515.1;GCA_026262545.1;GCA_029378735.1;GCA_029378745.1;GCA_030267345.1;GCA_030267355.1;GCA_030267375.1;GCA_030269505.1;GCA_030269805.1;GCA_030269815.1;GCA_030270685.1;GCA_030270715.1;GCA_030270725.1;GCA_030270805.1;GCA_030270825.1;GCA_030270845.1;GCA_030270855.1;GCA_030270865.1;GCA_030270935.1;GCA_030270945.1;GCA_030270955.1;GCA_030270995.1;GCA_030271795.1;GCA_030271805.1;GCA_030272135.1;GCA_030272235.1;GCA_030272475.1;GCA_030272495.1;GCA_030272505.1;GCA_033030755.1;GCA_039881165.1;GCA_057190485.1;GCA_057190515.1;GCA_057190595.1;GCA_963966175.1;GCA_963966215.1;GCA_963966345.1;GCA_963966355.1;GCA_963966425.1;GCF_000247795.1;GCF_029378745.1
Bos indicus	frameshift_induced_stop|ex3|codon218	frameshift_induced_stop	exon_3	3.0	154.0	652.0	218.0			True	46	46	46	1.0	HIGH	GCA_000247795.2;GCA_002933975.1;GCA_026262375.1;GCA_026262465.1;GCA_026262515.1;GCA_026262545.1;GCA_029378735.1;GCA_029378745.1;GCA_030267345.1;GCA_030267355.1;GCA_030267375.1;GCA_030269505.1;GCA_030269805.1;GCA_030269815.1;GCA_030270685.1;GCA_030270705.1;GCA_030270715.1;GCA_030270725.1;GCA_030270805.1;GCA_030270825.1;GCA_030270845.1;GCA_030270855.1;GCA_030270865.1;GCA_030270935.1;GCA_030270945.1;GCA_030270955.1;GCA_030270995.1;GCA_030271795.1;GCA_030271805.1;GCA_030272135.1;GCA_030272235.1;GCA_030272475.1;GCA_030272495.1;GCA_030272505.1;GCA_033030755.1;GCA_039881165.1;GCA_057190485.1;GCA_057190515.1;GCA_057190595.1;GCA_963966175.1;GCA_963966215.1;GCA_963966345.1;GCA_963966355.1;GCA_963966425.1;GCF_000247795.1;GCF_029378745.1
Bos indicus	frameshift_induced_stop|ex3|codon398	frameshift_induced_stop	exon_3	3.0	696.0	1194.0	398.0			True	6	6	46	0.13043478260869565	LOW	GCA_002933975.1;GCA_030270685.1;GCA_030270825.1;GCA_030270865.1;GCA_030271795.1;GCA_030272235.1
Bos indicus	frameshift_induced_stop|ex4|codon470	frameshift_induced_stop	exon_4	4.0	75.0	1410.0	470.0			True	6	6	47	0.1276595744680851	LOW	GCA_002933975.1;GCA_030270685.1;GCA_030270825.1;GCA_030270865.1;GCA_030271795.1;GCA_030272235.1
Bos indicus	frameshift_induced_stop|ex4|codon496	frameshift_induced_stop	exon_4	4.0	153.0	1488.0	496.0			True	41	41	47	0.8723404255319149	HIGH	GCA_000247795.2;GCA_026262375.1;GCA_026262465.1;GCA_026262515.1;GCA_026262545.1;GCA_029378735.1;GCA_029378745.1;GCA_030267345.1;GCA_030267355.1;GCA_030267375.1;GCA_030269505.1;GCA_030269805.1;GCA_030269815.1;GCA_030270705.1;GCA_030270715.1;GCA_030270725.1;GCA_030270805.1;GCA_030270845.1;GCA_030270855.1;GCA_030270935.1;GCA_030270945.1;GCA_030270955.1;GCA_030270995.1;GCA_030271805.1;GCA_030272135.1;GCA_030272475.1;GCA_030272495.1;GCA_030272505.1;GCA_030847515.1;GCA_033030755.1;GCA_039881165.1;GCA_057190485.1;GCA_057190515.1;GCA_057190595.1;GCA_963966175.1;GCA_963966215.1;GCA_963966345.1;GCA_963966355.1;GCA_963966425.1;GCF_000247795.1;GCF_029378745.1
Bos indicus	frameshift_induced_stop|ex6|codon668	frameshift_induced_stop	exon_6	6.0	332.0	2004.0	668.0			True	4	4	47	0.0851063829787234	LOW	GCA_002933975.1;GCA_030270825.1;GCA_030271795.1;GCA_963966425.1
Bos indicus	frameshift_induced_stop|ex6|codon698	frameshift_induced_stop	exon_6	6.0	422.0	2094.0	698.0			True	40	40	47	0.851063829787234	HIGH	GCA_000247795.2;GCA_026262375.1;GCA_026262465.1;GCA_026262515.1;GCA_026262545.1;GCA_029378735.1;GCA_029378745.1;GCA_030267345.1;GCA_030267355.1;GCA_030267375.1;GCA_030269505.1;GCA_030269805.1;GCA_030269815.1;GCA_030270705.1;GCA_030270715.1;GCA_030270725.1;GCA_030270805.1;GCA_030270845.1;GCA_030270855.1;GCA_030270935.1;GCA_030270945.1;GCA_030270955.1;GCA_030270995.1;GCA_030271805.1;GCA_030272135.1;GCA_030272475.1;GCA_030272495.1;GCA_030272505.1;GCA_030847515.1;GCA_033030755.1;GCA_039881165.1;GCA_057190485.1;GCA_057190515.1;GCA_057190595.1;GCA_963966175.1;GCA_963966215.1;GCA_963966345.1;GCA_963966355.1;GCF_000247795.1;GCF_029378745.1
Bos indicus	frameshift_induced_stop|ex6|codon715	frameshift_induced_stop	exon_6	6.0	473.0	2145.0	715.0			True	3	3	47	0.06382978723404255	LOW	GCA_030270685.1;GCA_030270865.1;GCA_030272235.1
Bos indicus	frameshift_induced_stop|ex6|codon722	frameshift_induced_stop	exon_6	6.0	493.0	2165.0	722.0			True	4	4	47	0.0851063829787234	LOW	GCA_002933975.1;GCA_030270825.1;GCA_030271795.1;GCA_963966425.1
Bos indicus	frameshift_induced_stop|ex6|codon745	frameshift_induced_stop	exon_6	6.0	561.0	2233.0	745.0			True	1	1	47	0.02127659574468085	LOW	GCA_030847515.1
Bos indicus	frameshift_induced_stop|ex6|codon821	frameshift_induced_stop	exon_6	6.0	791.0	2463.0	821.0			True	38	38	47	0.8085106382978723	HIGH	GCA_000247795.2;GCA_026262465.1;GCA_026262515.1;GCA_026262545.1;GCA_029378735.1;GCA_029378745.1;GCA_030267345.1;GCA_030267355.1;GCA_030267375.1;GCA_030269505.1;GCA_030269805.1;GCA_030269815.1;GCA_030270715.1;GCA_030270725.1;GCA_030270805.1;GCA_030270845.1;GCA_030270855.1;GCA_030270935.1;GCA_030270945.1;GCA_030270955.1;GCA_030270995.1;GCA_030271805.1;GCA_030272135.1;GCA_030272475.1;GCA_030272495.1;GCA_030272505.1;GCA_030847515.1;GCA_033030755.1;GCA_039881165.1;GCA_057190485.1;GCA_057190515.1;GCA_057190595.1;GCA_963966175.1;GCA_963966215.1;GCA_963966345.1;GCA_963966355.1;GCF_000247795.1;GCF_029378745.1
Bos indicus	frameshift_insertion|ex3|pos623|len2	frameshift_insertion	exon_3	3.0	623.0	1121.0	374.0	2.0		True	6	6	46	0.13043478260869565	LOW	GCA_002933975.1;GCA_030270685.1;GCA_030270825.1;GCA_030270865.1;GCA_030271795.1;GCA_030272235.1
Bos indicus	frameshift_insertion|ex6|pos325|len1	frameshift_insertion	exon_6	6.0	325.0	1997.0	666.0	1.0		True	47	47	47	1.0	HIGH	GCA_000247795.2;GCA_002933975.1;GCA_026262375.1;GCA_026262465.1;GCA_026262515.1;GCA_026262545.1;GCA_029378735.1;GCA_029378745.1;GCA_030267345.1;GCA_030267355.1;GCA_030267375.1;GCA_030269505.1;GCA_030269805.1;GCA_030269815.1;GCA_030270685.1;GCA_030270705.1;GCA_030270715.1;GCA_030270725.1;GCA_030270805.1;GCA_030270825.1;GCA_030270845.1;GCA_030270855.1;GCA_030270865.1;GCA_030270935.1;GCA_030270945.1;GCA_030270955.1;GCA_030270995.1;GCA_030271795.1;GCA_030271805.1;GCA_030272135.1;GCA_030272235.1;GCA_030272475.1;GCA_030272495.1;GCA_030272505.1;GCA_030847515.1;GCA_033030755.1;GCA_039881165.1;GCA_057190485.1;GCA_057190515.1;GCA_057190595.1;GCA_963966175.1;GCA_963966215.1;GCA_963966345.1;GCA_963966355.1;GCA_963966425.1;GCF_000247795.1;GCF_029378745.1
Bos indicus	inframe_deletion|ex3|pos628|len3	inframe_deletion	exon_3	3.0	628.0	1126.0	376.0	3.0		False	6	6	46	0.13043478260869565	LOW	GCA_002933975.1;GCA_030270685.1;GCA_030270825.1;GCA_030270865.1;GCA_030271795.1;GCA_030272235.1
Bos indicus	inframe_deletion|ex3|pos658|len9	inframe_deletion	exon_3	3.0	658.0	1156.0	386.0	9.0		False	46	46	46	1.0	HIGH	GCA_000247795.2;GCA_002933975.1;GCA_026262375.1;GCA_026262465.1;GCA_026262515.1;GCA_026262545.1;GCA_029378735.1;GCA_029378745.1;GCA_030267345.1;GCA_030267355.1;GCA_030267375.1;GCA_030269505.1;GCA_030269805.1;GCA_030269815.1;GCA_030270685.1;GCA_030270705.1;GCA_030270715.1;GCA_030270725.1;GCA_030270805.1;GCA_030270825.1;GCA_030270845.1;GCA_030270855.1;GCA_030270865.1;GCA_030270935.1;GCA_030270945.1;GCA_030270955.1;GCA_030270995.1;GCA_030271795.1;GCA_030271805.1;GCA_030272135.1;GCA_030272235.1;GCA_030272475.1;GCA_030272495.1;GCA_030272505.1;GCA_033030755.1;GCA_039881165.1;GCA_057190485.1;GCA_057190515.1;GCA_057190595.1;GCA_963966175.1;GCA_963966215.1;GCA_963966345.1;GCA_963966355.1;GCA_963966425.1;GCF_000247795.1;GCF_029378745.1
Bos indicus	inframe_deletion|ex6|pos89|len9	inframe_deletion	exon_6	6.0	89.0	1761.0	587.0	9.0		False	47	47	47	1.0	HIGH	GCA_000247795.2;GCA_002933975.1;GCA_026262375.1;GCA_026262465.1;GCA_026262515.1;GCA_026262545.1;GCA_029378735.1;GCA_029378745.1;GCA_030267345.1;GCA_030267355.1;GCA_030267375.1;GCA_030269505.1;GCA_030269805.1;GCA_030269815.1;GCA_030270685.1;GCA_030270705.1;GCA_030270715.1;GCA_030270725.1;GCA_030270805.1;GCA_030270825.1;GCA_030270845.1;GCA_030270855.1;GCA_030270865.1;GCA_030270935.1;GCA_030270945.1;GCA_030270955.1;GCA_030270995.1;GCA_030271795.1;GCA_030271805.1;GCA_030272135.1;GCA_030272235.1;GCA_030272475.1;GCA_030272495.1;GCA_030272505.1;GCA_030847515.1;GCA_033030755.1;GCA_039881165.1;GCA_057190485.1;GCA_057190515.1;GCA_057190595.1;GCA_963966175.1;GCA_963966215.1;GCA_963966345.1;GCA_963966355.1;GCA_963966425.1;GCF_000247795.1;GCF_029378745.1
Bos indicus	inframe_deletion|ex6|pos935|len21	inframe_deletion	exon_6	6.0	935.0	2607.0	869.0	21.0		False	47	47	47	1.0	HIGH	GCA_000247795.2;GCA_002933975.1;GCA_026262375.1;GCA_026262465.1;GCA_026262515.1;GCA_026262545.1;GCA_029378735.1;GCA_029378745.1;GCA_030267345.1;GCA_030267355.1;GCA_030267375.1;GCA_030269505.1;GCA_030269805.1;GCA_030269815.1;GCA_030270685.1;GCA_030270705.1;GCA_030270715.1;GCA_030270725.1;GCA_030270805.1;GCA_030270825.1;GCA_030270845.1;GCA_030270855.1;GCA_030270865.1;GCA_030270935.1;GCA_030270945.1;GCA_030270955.1;GCA_030270995.1;GCA_030271795.1;GCA_030271805.1;GCA_030272135.1;GCA_030272235.1;GCA_030272475.1;GCA_030272495.1;GCA_030272505.1;GCA_030847515.1;GCA_033030755.1;GCA_039881165.1;GCA_057190485.1;GCA_057190515.1;GCA_057190595.1;GCA_963966175.1;GCA_963966215.1;GCA_963966345.1;GCA_963966355.1;GCA_963966425.1;GCF_000247795.1;GCF_029378745.1
Bos indicus	potential_splice_acceptor_disruption|ex5|GA	potential_splice_acceptor_disruption	exon_5	5.0	1.0	1549.0	517.0		GA	True	47	47	47	1.0	HIGH	GCA_000247795.2;GCA_002933975.1;GCA_026262375.1;GCA_026262465.1;GCA_026262515.1;GCA_026262545.1;GCA_029378735.1;GCA_029378745.1;GCA_030267345.1;GCA_030267355.1;GCA_030267375.1;GCA_030269505.1;GCA_030269805.1;GCA_030269815.1;GCA_030270685.1;GCA_030270705.1;GCA_030270715.1;GCA_030270725.1;GCA_030270805.1;GCA_030270825.1;GCA_030270845.1;GCA_030270855.1;GCA_030270865.1;GCA_030270935.1;GCA_030270945.1;GCA_030270955.1;GCA_030270995.1;GCA_030271795.1;GCA_030271805.1;GCA_030272135.1;GCA_030272235.1;GCA_030272475.1;GCA_030272495.1;GCA_030272505.1;GCA_030847515.1;GCA_033030755.1;GCA_039881165.1;GCA_057190485.1;GCA_057190515.1;GCA_057190595.1;GCA_963966175.1;GCA_963966215.1;GCA_963966345.1;GCA_963966355.1;GCA_963966425.1;GCF_000247795.1;GCF_029378745.1
Bos indicus	potential_splice_donor_disruption|ex3|AC	potential_splice_donor_disruption	exon_3	3.0	837.0	1335.0	445.0		AC	True	46	46	46	1.0	HIGH	GCA_000247795.2;GCA_002933975.1;GCA_026262375.1;GCA_026262465.1;GCA_026262515.1;GCA_026262545.1;GCA_029378735.1;GCA_029378745.1;GCA_030267345.1;GCA_030267355.1;GCA_030267375.1;GCA_030269505.1;GCA_030269805.1;GCA_030269815.1;GCA_030270685.1;GCA_030270705.1;GCA_030270715.1;GCA_030270725.1;GCA_030270805.1;GCA_030270825.1;GCA_030270845.1;GCA_030270855.1;GCA_030270865.1;GCA_030270935.1;GCA_030270945.1;GCA_030270955.1;GCA_030270995.1;GCA_030271795.1;GCA_030271805.1;GCA_030272135.1;GCA_030272235.1;GCA_030272475.1;GCA_030272495.1;GCA_030272505.1;GCA_033030755.1;GCA_039881165.1;GCA_057190485.1;GCA_057190515.1;GCA_057190595.1;GCA_963966175.1;GCA_963966215.1;GCA_963966345.1;GCA_963966355.1;GCA_963966425.1;GCF_000247795.1;GCF_029378745.1
Bos indicus	premature_stop|ex3|codon210	premature_stop	exon_3	3.0	130.0	628.0	210.0			True	46	46	46	1.0	HIGH	GCA_000247795.2;GCA_002933975.1;GCA_026262375.1;GCA_026262465.1;GCA_026262515.1;GCA_026262545.1;GCA_029378735.1;GCA_029378745.1;GCA_030267345.1;GCA_030267355.1;GCA_030267375.1;GCA_030269505.1;GCA_030269805.1;GCA_030269815.1;GCA_030270685.1;GCA_030270705.1;GCA_030270715.1;GCA_030270725.1;GCA_030270805.1;GCA_030270825.1;GCA_030270845.1;GCA_030270855.1;GCA_030270865.1;GCA_030270935.1;GCA_030270945.1;GCA_030270955.1;GCA_030270995.1;GCA_030271795.1;GCA_030271805.1;GCA_030272135.1;GCA_030272235.1;GCA_030272475.1;GCA_030272495.1;GCA_030272505.1;GCA_033030755.1;GCA_039881165.1;GCA_057190485.1;GCA_057190515.1;GCA_057190595.1;GCA_963966175.1;GCA_963966215.1;GCA_963966345.1;GCA_963966355.1;GCA_963966425.1;GCF_000247795.1;GCF_029378745.1
Bos indicus	premature_stop|ex3|codon263	premature_stop	exon_3	3.0	289.0	787.0	263.0			True	9	9	46	0.1956521739130435	LOW	GCA_026262465.1;GCA_030267375.1;GCA_030269815.1;GCA_030270935.1;GCA_030270995.1;GCA_030271805.1;GCA_030272475.1;GCA_030272505.1;GCA_057190595.1
Bos indicus	premature_stop|ex3|codon303	premature_stop	exon_3	3.0	409.0	907.0	303.0			True	46	46	46	1.0	HIGH	GCA_000247795.2;GCA_002933975.1;GCA_026262375.1;GCA_026262465.1;GCA_026262515.1;GCA_026262545.1;GCA_029378735.1;GCA_029378745.1;GCA_030267345.1;GCA_030267355.1;GCA_030267375.1;GCA_030269505.1;GCA_030269805.1;GCA_030269815.1;GCA_030270685.1;GCA_030270705.1;GCA_030270715.1;GCA_030270725.1;GCA_030270805.1;GCA_030270825.1;GCA_030270845.1;GCA_030270855.1;GCA_030270865.1;GCA_030270935.1;GCA_030270945.1;GCA_030270955.1;GCA_030270995.1;GCA_030271795.1;GCA_030271805.1;GCA_030272135.1;GCA_030272235.1;GCA_030272475.1;GCA_030272495.1;GCA_030272505.1;GCA_033030755.1;GCA_039881165.1;GCA_057190485.1;GCA_057190515.1;GCA_057190595.1;GCA_963966175.1;GCA_963966215.1;GCA_963966345.1;GCA_963966355.1;GCA_963966425.1;GCF_000247795.1;GCF_029378745.1
Bos indicus	premature_stop|ex3|codon310	premature_stop	exon_3	3.0	430.0	928.0	310.0			True	35	35	46	0.7608695652173914	HIGH	GCA_002933975.1;GCA_026262375.1;GCA_026262515.1;GCA_026262545.1;GCA_029378735.1;GCA_029378745.1;GCA_030267345.1;GCA_030267355.1;GCA_030269505.1;GCA_030269805.1;GCA_030270685.1;GCA_030270705.1;GCA_030270715.1;GCA_030270725.1;GCA_030270805.1;GCA_030270825.1;GCA_030270845.1;GCA_030270855.1;GCA_030270865.1;GCA_030270945.1;GCA_030270955.1;GCA_030271795.1;GCA_030272135.1;GCA_030272235.1;GCA_030272495.1;GCA_033030755.1;GCA_039881165.1;GCA_057190485.1;GCA_057190515.1;GCA_963966175.1;GCA_963966215.1;GCA_963966345.1;GCA_963966355.1;GCA_963966425.1;GCF_029378745.1
Bos indicus	premature_stop|ex3|codon361	premature_stop	exon_3	3.0	583.0	1081.0	361.0			True	46	46	46	1.0	HIGH	GCA_000247795.2;GCA_002933975.1;GCA_026262375.1;GCA_026262465.1;GCA_026262515.1;GCA_026262545.1;GCA_029378735.1;GCA_029378745.1;GCA_030267345.1;GCA_030267355.1;GCA_030267375.1;GCA_030269505.1;GCA_030269805.1;GCA_030269815.1;GCA_030270685.1;GCA_030270705.1;GCA_030270715.1;GCA_030270725.1;GCA_030270805.1;GCA_030270825.1;GCA_030270845.1;GCA_030270855.1;GCA_030270865.1;GCA_030270935.1;GCA_030270945.1;GCA_030270955.1;GCA_030270995.1;GCA_030271795.1;GCA_030271805.1;GCA_030272135.1;GCA_030272235.1;GCA_030272475.1;GCA_030272495.1;GCA_030272505.1;GCA_033030755.1;GCA_039881165.1;GCA_057190485.1;GCA_057190515.1;GCA_057190595.1;GCA_963966175.1;GCA_963966215.1;GCA_963966345.1;GCA_963966355.1;GCA_963966425.1;GCF_000247795.1;GCF_029378745.1
Bos indicus	premature_stop|ex3|codon430	premature_stop	exon_3	3.0	790.0	1288.0	430.0			True	46	46	46	1.0	HIGH	GCA_000247795.2;GCA_002933975.1;GCA_026262375.1;GCA_026262465.1;GCA_026262515.1;GCA_026262545.1;GCA_029378735.1;GCA_029378745.1;GCA_030267345.1;GCA_030267355.1;GCA_030267375.1;GCA_030269505.1;GCA_030269805.1;GCA_030269815.1;GCA_030270685.1;GCA_030270705.1;GCA_030270715.1;GCA_030270725.1;GCA_030270805.1;GCA_030270825.1;GCA_030270845.1;GCA_030270855.1;GCA_030270865.1;GCA_030270935.1;GCA_030270945.1;GCA_030270955.1;GCA_030270995.1;GCA_030271795.1;GCA_030271805.1;GCA_030272135.1;GCA_030272235.1;GCA_030272475.1;GCA_030272495.1;GCA_030272505.1;GCA_033030755.1;GCA_039881165.1;GCA_057190485.1;GCA_057190515.1;GCA_057190595.1;GCA_963966175.1;GCA_963966215.1;GCA_963966345.1;GCA_963966355.1;GCA_963966425.1;GCF_000247795.1;GCF_029378745.1
Bos indicus	premature_stop|ex3|codon433	premature_stop	exon_3	3.0	799.0	1297.0	433.0			True	46	46	46	1.0	HIGH	GCA_000247795.2;GCA_002933975.1;GCA_026262375.1;GCA_026262465.1;GCA_026262515.1;GCA_026262545.1;GCA_029378735.1;GCA_029378745.1;GCA_030267345.1;GCA_030267355.1;GCA_030267375.1;GCA_030269505.1;GCA_030269805.1;GCA_030269815.1;GCA_030270685.1;GCA_030270705.1;GCA_030270715.1;GCA_030270725.1;GCA_030270805.1;GCA_030270825.1;GCA_030270845.1;GCA_030270855.1;GCA_030270865.1;GCA_030270935.1;GCA_030270945.1;GCA_030270955.1;GCA_030270995.1;GCA_030271795.1;GCA_030271805.1;GCA_030272135.1;GCA_030272235.1;GCA_030272475.1;GCA_030272495.1;GCA_030272505.1;GCA_033030755.1;GCA_039881165.1;GCA_057190485.1;GCA_057190515.1;GCA_057190595.1;GCA_963966175.1;GCA_963966215.1;GCA_963966345.1;GCA_963966355.1;GCA_963966425.1;GCF_000247795.1;GCF_029378745.1
Bos indicus	premature_stop|ex6|codon722	premature_stop	exon_6	6.0	492.0	2164.0	722.0			True	47	47	47	1.0	HIGH	GCA_000247795.2;GCA_002933975.1;GCA_026262375.1;GCA_026262465.1;GCA_026262515.1;GCA_026262545.1;GCA_029378735.1;GCA_029378745.1;GCA_030267345.1;GCA_030267355.1;GCA_030267375.1;GCA_030269505.1;GCA_030269805.1;GCA_030269815.1;GCA_030270685.1;GCA_030270705.1;GCA_030270715.1;GCA_030270725.1;GCA_030270805.1;GCA_030270825.1;GCA_030270845.1;GCA_030270855.1;GCA_030270865.1;GCA_030270935.1;GCA_030270945.1;GCA_030270955.1;GCA_030270995.1;GCA_030271795.1;GCA_030271805.1;GCA_030272135.1;GCA_030272235.1;GCA_030272475.1;GCA_030272495.1;GCA_030272505.1;GCA_030847515.1;GCA_033030755.1;GCA_039881165.1;GCA_057190485.1;GCA_057190515.1;GCA_057190595.1;GCA_963966175.1;GCA_963966215.1;GCA_963966345.1;GCA_963966355.1;GCA_963966425.1;GCF_000247795.1;GCF_029378745.1
Bos indicus	premature_stop|ex6|codon828	premature_stop	exon_6	6.0	810.0	2482.0	828.0			True	5	5	47	0.10638297872340426	LOW	GCA_029378735.1;GCA_030270945.1;GCA_057190485.1;GCA_057190515.1;GCA_963966355.1
Bos indicus	premature_stop|ex6|codon903	premature_stop	exon_6	6.0	1035.0	2707.0	903.0			True	1	1	47	0.02127659574468085	LOW	GCA_030272495.1
Bos indicus x Bos taurus	candidate_large_frameshift_insertion|ex4|pos38|len716	candidate_large_frameshift_insertion	exon_4	4.0	38.0	1373.0	458.0	716.0		True	10	10	10	1.0	HIGH	GCA_003369685.2;GCA_003369695.2;GCA_012069665.1;GCA_012070425.1;GCA_012070445.1;GCA_012070465.1;GCA_012070475.1;GCA_012070485.1;GCA_056825275.1;GCF_003369695.1
Bos indicus x Bos taurus	frameshift_deletion|ex1|pos162|len1	frameshift_deletion	exon_1	1.0	162.0	162.0	54.0	1.0		True	10	10	10	1.0	HIGH	GCA_003369685.2;GCA_003369695.2;GCA_012069665.1;GCA_012070425.1;GCA_012070445.1;GCA_012070465.1;GCA_012070475.1;GCA_012070485.1;GCA_056825275.1;GCF_003369695.1
Bos indicus x Bos taurus	frameshift_deletion|ex3|pos129|len1	frameshift_deletion	exon_3	3.0	129.0	627.0	209.0	1.0		True	10	10	10	1.0	HIGH	GCA_003369685.2;GCA_003369695.2;GCA_012069665.1;GCA_012070425.1;GCA_012070445.1;GCA_012070465.1;GCA_012070475.1;GCA_012070485.1;GCA_056825275.1;GCF_003369695.1
Bos indicus x Bos taurus	frameshift_deletion|ex3|pos167|len7	frameshift_deletion	exon_3	3.0	167.0	665.0	222.0	7.0		True	10	10	10	1.0	HIGH	GCA_003369685.2;GCA_003369695.2;GCA_012069665.1;GCA_012070425.1;GCA_012070445.1;GCA_012070465.1;GCA_012070475.1;GCA_012070485.1;GCA_056825275.1;GCF_003369695.1
Bos indicus x Bos taurus	frameshift_deletion|ex4|pos131|len1	frameshift_deletion	exon_4	4.0	131.0	1466.0	489.0	1.0		True	10	10	10	1.0	HIGH	GCA_003369685.2;GCA_003369695.2;GCA_012069665.1;GCA_012070425.1;GCA_012070445.1;GCA_012070465.1;GCA_012070475.1;GCA_012070485.1;GCA_056825275.1;GCF_003369695.1
Bos indicus x Bos taurus	frameshift_deletion|ex5|pos35|len1	frameshift_deletion	exon_5	5.0	35.0	1583.0	528.0	1.0		True	5	5	10	0.5	MEDIUM	GCA_003369695.2;GCA_012070425.1;GCA_012070445.1;GCA_012070475.1;GCF_003369695.1
Bos indicus x Bos taurus	frameshift_deletion|ex6|pos399|len4	frameshift_deletion	exon_6	6.0	399.0	2071.0	691.0	4.0		True	10	10	10	1.0	HIGH	GCA_003369685.2;GCA_003369695.2;GCA_012069665.1;GCA_012070425.1;GCA_012070445.1;GCA_012070465.1;GCA_012070475.1;GCA_012070485.1;GCA_056825275.1;GCF_003369695.1
Bos indicus x Bos taurus	frameshift_deletion|ex6|pos472|len1	frameshift_deletion	exon_6	6.0	472.0	2144.0	715.0	1.0		True	10	10	10	1.0	HIGH	GCA_003369685.2;GCA_003369695.2;GCA_012069665.1;GCA_012070425.1;GCA_012070445.1;GCA_012070465.1;GCA_012070475.1;GCA_012070485.1;GCA_056825275.1;GCF_003369695.1
Bos indicus x Bos taurus	frameshift_deletion|ex6|pos737|len5	frameshift_deletion	exon_6	6.0	737.0	2409.0	803.0	5.0		True	10	10	10	1.0	HIGH	GCA_003369685.2;GCA_003369695.2;GCA_012069665.1;GCA_012070425.1;GCA_012070445.1;GCA_012070465.1;GCA_012070475.1;GCA_012070485.1;GCA_056825275.1;GCF_003369695.1
Bos indicus x Bos taurus	frameshift_induced_stop|ex2|codon77	frameshift_induced_stop	exon_2	2.0	37.0	231.0	77.0			True	10	10	10	1.0	HIGH	GCA_003369685.2;GCA_003369695.2;GCA_012069665.1;GCA_012070425.1;GCA_012070445.1;GCA_012070465.1;GCA_012070475.1;GCA_012070485.1;GCA_056825275.1;GCF_003369695.1
Bos indicus x Bos taurus	frameshift_induced_stop|ex3|codon218	frameshift_induced_stop	exon_3	3.0	154.0	652.0	218.0			True	10	10	10	1.0	HIGH	GCA_003369685.2;GCA_003369695.2;GCA_012069665.1;GCA_012070425.1;GCA_012070445.1;GCA_012070465.1;GCA_012070475.1;GCA_012070485.1;GCA_056825275.1;GCF_003369695.1
Bos indicus x Bos taurus	frameshift_induced_stop|ex4|codon496	frameshift_induced_stop	exon_4	4.0	153.0	1488.0	496.0			True	10	10	10	1.0	HIGH	GCA_003369685.2;GCA_003369695.2;GCA_012069665.1;GCA_012070425.1;GCA_012070445.1;GCA_012070465.1;GCA_012070475.1;GCA_012070485.1;GCA_056825275.1;GCF_003369695.1
Bos indicus x Bos taurus	frameshift_induced_stop|ex6|codon668	frameshift_induced_stop	exon_6	6.0	332.0	2004.0	668.0			True	5	5	10	0.5	MEDIUM	GCA_003369695.2;GCA_012070425.1;GCA_012070445.1;GCA_012070475.1;GCF_003369695.1
Bos indicus x Bos taurus	frameshift_induced_stop|ex6|codon698	frameshift_induced_stop	exon_6	6.0	422.0	2094.0	698.0			True	5	5	10	0.5	MEDIUM	GCA_003369685.2;GCA_012069665.1;GCA_012070465.1;GCA_012070485.1;GCA_056825275.1
Bos indicus x Bos taurus	frameshift_induced_stop|ex6|codon722	frameshift_induced_stop	exon_6	6.0	493.0	2165.0	722.0			True	5	5	10	0.5	MEDIUM	GCA_003369695.2;GCA_012070425.1;GCA_012070445.1;GCA_012070475.1;GCF_003369695.1
Bos indicus x Bos taurus	frameshift_induced_stop|ex6|codon821	frameshift_induced_stop	exon_6	6.0	791.0	2463.0	821.0			True	5	5	10	0.5	MEDIUM	GCA_003369685.2;GCA_012069665.1;GCA_012070465.1;GCA_012070485.1;GCA_056825275.1
Bos indicus x Bos taurus	frameshift_insertion|ex6|pos325|len1	frameshift_insertion	exon_6	6.0	325.0	1997.0	666.0	1.0		True	10	10	10	1.0	HIGH	GCA_003369685.2;GCA_003369695.2;GCA_012069665.1;GCA_012070425.1;GCA_012070445.1;GCA_012070465.1;GCA_012070475.1;GCA_012070485.1;GCA_056825275.1;GCF_003369695.1
Bos indicus x Bos taurus	inframe_deletion|ex3|pos658|len9	inframe_deletion	exon_3	3.0	658.0	1156.0	386.0	9.0		False	10	10	10	1.0	HIGH	GCA_003369685.2;GCA_003369695.2;GCA_012069665.1;GCA_012070425.1;GCA_012070445.1;GCA_012070465.1;GCA_012070475.1;GCA_012070485.1;GCA_056825275.1;GCF_003369695.1
Bos indicus x Bos taurus	inframe_deletion|ex6|pos89|len9	inframe_deletion	exon_6	6.0	89.0	1761.0	587.0	9.0		False	10	10	10	1.0	HIGH	GCA_003369685.2;GCA_003369695.2;GCA_012069665.1;GCA_012070425.1;GCA_012070445.1;GCA_012070465.1;GCA_012070475.1;GCA_012070485.1;GCA_056825275.1;GCF_003369695.1
Bos indicus x Bos taurus	inframe_deletion|ex6|pos935|len21	inframe_deletion	exon_6	6.0	935.0	2607.0	869.0	21.0		False	10	10	10	1.0	HIGH	GCA_003369685.2;GCA_003369695.2;GCA_012069665.1;GCA_012070425.1;GCA_012070445.1;GCA_012070465.1;GCA_012070475.1;GCA_012070485.1;GCA_056825275.1;GCF_003369695.1
Bos indicus x Bos taurus	potential_splice_acceptor_disruption|ex5|GA	potential_splice_acceptor_disruption	exon_5	5.0	1.0	1549.0	517.0		GA	True	10	10	10	1.0	HIGH	GCA_003369685.2;GCA_003369695.2;GCA_012069665.1;GCA_012070425.1;GCA_012070445.1;GCA_012070465.1;GCA_012070475.1;GCA_012070485.1;GCA_056825275.1;GCF_003369695.1
Bos indicus x Bos taurus	potential_splice_donor_disruption|ex3|AC	potential_splice_donor_disruption	exon_3	3.0	837.0	1335.0	445.0		AC	True	10	10	10	1.0	HIGH	GCA_003369685.2;GCA_003369695.2;GCA_012069665.1;GCA_012070425.1;GCA_012070445.1;GCA_012070465.1;GCA_012070475.1;GCA_012070485.1;GCA_056825275.1;GCF_003369695.1
Bos indicus x Bos taurus	premature_stop|ex3|codon210	premature_stop	exon_3	3.0	130.0	628.0	210.0			True	10	10	10	1.0	HIGH	GCA_003369685.2;GCA_003369695.2;GCA_012069665.1;GCA_012070425.1;GCA_012070445.1;GCA_012070465.1;GCA_012070475.1;GCA_012070485.1;GCA_056825275.1;GCF_003369695.1
Bos indicus x Bos taurus	premature_stop|ex3|codon303	premature_stop	exon_3	3.0	409.0	907.0	303.0			True	10	10	10	1.0	HIGH	GCA_003369685.2;GCA_003369695.2;GCA_012069665.1;GCA_012070425.1;GCA_012070445.1;GCA_012070465.1;GCA_012070475.1;GCA_012070485.1;GCA_056825275.1;GCF_003369695.1
Bos indicus x Bos taurus	premature_stop|ex3|codon310	premature_stop	exon_3	3.0	430.0	928.0	310.0			True	10	10	10	1.0	HIGH	GCA_003369685.2;GCA_003369695.2;GCA_012069665.1;GCA_012070425.1;GCA_012070445.1;GCA_012070465.1;GCA_012070475.1;GCA_012070485.1;GCA_056825275.1;GCF_003369695.1
Bos indicus x Bos taurus	premature_stop|ex3|codon361	premature_stop	exon_3	3.0	583.0	1081.0	361.0			True	10	10	10	1.0	HIGH	GCA_003369685.2;GCA_003369695.2;GCA_012069665.1;GCA_012070425.1;GCA_012070445.1;GCA_012070465.1;GCA_012070475.1;GCA_012070485.1;GCA_056825275.1;GCF_003369695.1
Bos indicus x Bos taurus	premature_stop|ex3|codon430	premature_stop	exon_3	3.0	790.0	1288.0	430.0			True	10	10	10	1.0	HIGH	GCA_003369685.2;GCA_003369695.2;GCA_012069665.1;GCA_012070425.1;GCA_012070445.1;GCA_012070465.1;GCA_012070475.1;GCA_012070485.1;GCA_056825275.1;GCF_003369695.1
Bos indicus x Bos taurus	premature_stop|ex3|codon433	premature_stop	exon_3	3.0	799.0	1297.0	433.0			True	10	10	10	1.0	HIGH	GCA_003369685.2;GCA_003369695.2;GCA_012069665.1;GCA_012070425.1;GCA_012070445.1;GCA_012070465.1;GCA_012070475.1;GCA_012070485.1;GCA_056825275.1;GCF_003369695.1
Bos indicus x Bos taurus	premature_stop|ex6|codon722	premature_stop	exon_6	6.0	492.0	2164.0	722.0			True	10	10	10	1.0	HIGH	GCA_003369685.2;GCA_003369695.2;GCA_012069665.1;GCA_012070425.1;GCA_012070445.1;GCA_012070465.1;GCA_012070475.1;GCA_012070485.1;GCA_056825275.1;GCF_003369695.1
Bos javanicus	candidate_large_frameshift_insertion|ex4|pos38|len716	candidate_large_frameshift_insertion	exon_4	4.0	38.0	1373.0	458.0	716.0		True	2	2	2	1.0	HIGH	GCA_032452875.1;GCF_032452875.1
Bos javanicus	frameshift_deletion|ex1|pos162|len1	frameshift_deletion	exon_1	1.0	162.0	162.0	54.0	1.0		True	2	2	2	1.0	HIGH	GCA_032452875.1;GCF_032452875.1
Bos javanicus	frameshift_deletion|ex3|pos129|len1	frameshift_deletion	exon_3	3.0	129.0	627.0	209.0	1.0		True	2	2	2	1.0	HIGH	GCA_032452875.1;GCF_032452875.1
Bos javanicus	frameshift_deletion|ex3|pos167|len7	frameshift_deletion	exon_3	3.0	167.0	665.0	222.0	7.0		True	2	2	2	1.0	HIGH	GCA_032452875.1;GCF_032452875.1
Bos javanicus	frameshift_deletion|ex4|pos131|len1	frameshift_deletion	exon_4	4.0	131.0	1466.0	489.0	1.0		True	2	2	2	1.0	HIGH	GCA_032452875.1;GCF_032452875.1
Bos javanicus	frameshift_deletion|ex6|pos399|len4	frameshift_deletion	exon_6	6.0	399.0	2071.0	691.0	4.0		True	2	2	2	1.0	HIGH	GCA_032452875.1;GCF_032452875.1
Bos javanicus	frameshift_deletion|ex6|pos472|len1	frameshift_deletion	exon_6	6.0	472.0	2144.0	715.0	1.0		True	2	2	2	1.0	HIGH	GCA_032452875.1;GCF_032452875.1
Bos javanicus	frameshift_deletion|ex6|pos737|len5	frameshift_deletion	exon_6	6.0	737.0	2409.0	803.0	5.0		True	2	2	2	1.0	HIGH	GCA_032452875.1;GCF_032452875.1
Bos javanicus	frameshift_induced_stop|ex2|codon77	frameshift_induced_stop	exon_2	2.0	37.0	231.0	77.0			True	2	2	2	1.0	HIGH	GCA_032452875.1;GCF_032452875.1
Bos javanicus	frameshift_induced_stop|ex3|codon218	frameshift_induced_stop	exon_3	3.0	154.0	652.0	218.0			True	2	2	2	1.0	HIGH	GCA_032452875.1;GCF_032452875.1
Bos javanicus	frameshift_induced_stop|ex4|codon496	frameshift_induced_stop	exon_4	4.0	153.0	1488.0	496.0			True	2	2	2	1.0	HIGH	GCA_032452875.1;GCF_032452875.1
Bos javanicus	frameshift_induced_stop|ex6|codon698	frameshift_induced_stop	exon_6	6.0	422.0	2094.0	698.0			True	2	2	2	1.0	HIGH	GCA_032452875.1;GCF_032452875.1
Bos javanicus	frameshift_induced_stop|ex6|codon821	frameshift_induced_stop	exon_6	6.0	791.0	2463.0	821.0			True	2	2	2	1.0	HIGH	GCA_032452875.1;GCF_032452875.1
Bos javanicus	frameshift_insertion|ex6|pos325|len1	frameshift_insertion	exon_6	6.0	325.0	1997.0	666.0	1.0		True	2	2	2	1.0	HIGH	GCA_032452875.1;GCF_032452875.1
Bos javanicus	inframe_deletion|ex3|pos658|len9	inframe_deletion	exon_3	3.0	658.0	1156.0	386.0	9.0		False	2	2	2	1.0	HIGH	GCA_032452875.1;GCF_032452875.1
Bos javanicus	inframe_deletion|ex6|pos89|len9	inframe_deletion	exon_6	6.0	89.0	1761.0	587.0	9.0		False	2	2	2	1.0	HIGH	GCA_032452875.1;GCF_032452875.1
Bos javanicus	inframe_deletion|ex6|pos935|len21	inframe_deletion	exon_6	6.0	935.0	2607.0	869.0	21.0		False	2	2	2	1.0	HIGH	GCA_032452875.1;GCF_032452875.1
Bos javanicus	potential_splice_acceptor_disruption|ex5|GA	potential_splice_acceptor_disruption	exon_5	5.0	1.0	1549.0	517.0		GA	True	2	2	2	1.0	HIGH	GCA_032452875.1;GCF_032452875.1
Bos javanicus	potential_splice_donor_disruption|ex3|AC	potential_splice_donor_disruption	exon_3	3.0	837.0	1335.0	445.0		AC	True	2	2	2	1.0	HIGH	GCA_032452875.1;GCF_032452875.1
Bos javanicus	premature_stop|ex3|codon210	premature_stop	exon_3	3.0	130.0	628.0	210.0			True	2	2	2	1.0	HIGH	GCA_032452875.1;GCF_032452875.1
Bos javanicus	premature_stop|ex3|codon303	premature_stop	exon_3	3.0	409.0	907.0	303.0			True	2	2	2	1.0	HIGH	GCA_032452875.1;GCF_032452875.1
Bos javanicus	premature_stop|ex3|codon310	premature_stop	exon_3	3.0	430.0	928.0	310.0			True	2	2	2	1.0	HIGH	GCA_032452875.1;GCF_032452875.1
Bos javanicus	premature_stop|ex3|codon361	premature_stop	exon_3	3.0	583.0	1081.0	361.0			True	2	2	2	1.0	HIGH	GCA_032452875.1;GCF_032452875.1
Bos javanicus	premature_stop|ex3|codon430	premature_stop	exon_3	3.0	790.0	1288.0	430.0			True	2	2	2	1.0	HIGH	GCA_032452875.1;GCF_032452875.1
Bos javanicus	premature_stop|ex3|codon433	premature_stop	exon_3	3.0	799.0	1297.0	433.0			True	2	2	2	1.0	HIGH	GCA_032452875.1;GCF_032452875.1
Bos javanicus	premature_stop|ex6|codon722	premature_stop	exon_6	6.0	492.0	2164.0	722.0			True	2	2	2	1.0	HIGH	GCA_032452875.1;GCF_032452875.1
Bos javanicus	premature_stop|ex6|codon903	premature_stop	exon_6	6.0	1035.0	2707.0	903.0			True	2	2	2	1.0	HIGH	GCA_032452875.1;GCF_032452875.1
Bos mutus	frameshift_deletion|ex1|pos162|len1	frameshift_deletion	exon_1	1.0	162.0	162.0	54.0	1.0		True	6	6	6	1.0	HIGH	GCA_000298355.1;GCA_002968435.1;GCA_007646595.3;GCA_027580195.2;GCF_000298355.1;GCF_027580195.1
Bos mutus	frameshift_deletion|ex3|pos129|len1	frameshift_deletion	exon_3	3.0	129.0	627.0	209.0	1.0		True	6	6	6	1.0	HIGH	GCA_000298355.1;GCA_002968435.1;GCA_007646595.3;GCA_027580195.2;GCF_000298355.1;GCF_027580195.1
Bos mutus	frameshift_deletion|ex3|pos167|len7	frameshift_deletion	exon_3	3.0	167.0	665.0	222.0	7.0		True	6	6	6	1.0	HIGH	GCA_000298355.1;GCA_002968435.1;GCA_007646595.3;GCA_027580195.2;GCF_000298355.1;GCF_027580195.1
Bos mutus	frameshift_deletion|ex4|pos131|len1	frameshift_deletion	exon_4	4.0	131.0	1466.0	489.0	1.0		True	6	6	6	1.0	HIGH	GCA_000298355.1;GCA_002968435.1;GCA_007646595.3;GCA_027580195.2;GCF_000298355.1;GCF_027580195.1
Bos mutus	frameshift_deletion|ex6|pos399|len4	frameshift_deletion	exon_6	6.0	399.0	2071.0	691.0	4.0		True	6	6	6	1.0	HIGH	GCA_000298355.1;GCA_002968435.1;GCA_007646595.3;GCA_027580195.2;GCF_000298355.1;GCF_027580195.1
Bos mutus	frameshift_deletion|ex6|pos472|len1	frameshift_deletion	exon_6	6.0	472.0	2144.0	715.0	1.0		True	6	6	6	1.0	HIGH	GCA_000298355.1;GCA_002968435.1;GCA_007646595.3;GCA_027580195.2;GCF_000298355.1;GCF_027580195.1
Bos mutus	frameshift_deletion|ex6|pos737|len5	frameshift_deletion	exon_6	6.0	737.0	2409.0	803.0	5.0		True	6	6	6	1.0	HIGH	GCA_000298355.1;GCA_002968435.1;GCA_007646595.3;GCA_027580195.2;GCF_000298355.1;GCF_027580195.1
Bos mutus	frameshift_induced_stop|ex2|codon69	frameshift_induced_stop	exon_2	2.0	13.0	207.0	69.0			True	6	6	6	1.0	HIGH	GCA_000298355.1;GCA_002968435.1;GCA_007646595.3;GCA_027580195.2;GCF_000298355.1;GCF_027580195.1
Bos mutus	frameshift_induced_stop|ex3|codon218	frameshift_induced_stop	exon_3	3.0	154.0	652.0	218.0			True	6	6	6	1.0	HIGH	GCA_000298355.1;GCA_002968435.1;GCA_007646595.3;GCA_027580195.2;GCF_000298355.1;GCF_027580195.1
Bos mutus	frameshift_induced_stop|ex3|codon236	frameshift_induced_stop	exon_3	3.0	208.0	706.0	236.0			True	6	6	6	1.0	HIGH	GCA_000298355.1;GCA_002968435.1;GCA_007646595.3;GCA_027580195.2;GCF_000298355.1;GCF_027580195.1
Bos mutus	frameshift_induced_stop|ex6|codon786	frameshift_induced_stop	exon_6	6.0	686.0	2358.0	786.0			True	6	6	6	1.0	HIGH	GCA_000298355.1;GCA_002968435.1;GCA_007646595.3;GCA_027580195.2;GCF_000298355.1;GCF_027580195.1
Bos mutus	frameshift_insertion|ex3|pos205|len4	frameshift_insertion	exon_3	3.0	205.0	703.0	235.0	4.0		True	6	6	6	1.0	HIGH	GCA_000298355.1;GCA_002968435.1;GCA_007646595.3;GCA_027580195.2;GCF_000298355.1;GCF_027580195.1
Bos mutus	frameshift_insertion|ex6|pos325|len1	frameshift_insertion	exon_6	6.0	325.0	1997.0	666.0	1.0		True	6	6	6	1.0	HIGH	GCA_000298355.1;GCA_002968435.1;GCA_007646595.3;GCA_027580195.2;GCF_000298355.1;GCF_027580195.1
Bos mutus	inframe_deletion|ex3|pos658|len9	inframe_deletion	exon_3	3.0	658.0	1156.0	386.0	9.0		False	6	6	6	1.0	HIGH	GCA_000298355.1;GCA_002968435.1;GCA_007646595.3;GCA_027580195.2;GCF_000298355.1;GCF_027580195.1
Bos mutus	inframe_deletion|ex6|pos89|len9	inframe_deletion	exon_6	6.0	89.0	1761.0	587.0	9.0		False	6	6	6	1.0	HIGH	GCA_000298355.1;GCA_002968435.1;GCA_007646595.3;GCA_027580195.2;GCF_000298355.1;GCF_027580195.1
Bos mutus	inframe_deletion|ex6|pos935|len21	inframe_deletion	exon_6	6.0	935.0	2607.0	869.0	21.0		False	6	6	6	1.0	HIGH	GCA_000298355.1;GCA_002968435.1;GCA_007646595.3;GCA_027580195.2;GCF_000298355.1;GCF_027580195.1
Bos mutus	inframe_insertion|ex3|pos210|len6	inframe_insertion	exon_3	3.0	210.0	708.0	236.0	6.0		False	6	6	6	1.0	HIGH	GCA_000298355.1;GCA_002968435.1;GCA_007646595.3;GCA_027580195.2;GCF_000298355.1;GCF_027580195.1
Bos mutus	potential_splice_acceptor_disruption|ex5|GA	potential_splice_acceptor_disruption	exon_5	5.0	1.0	1549.0	517.0		GA	True	6	6	6	1.0	HIGH	GCA_000298355.1;GCA_002968435.1;GCA_007646595.3;GCA_027580195.2;GCF_000298355.1;GCF_027580195.1
Bos mutus	potential_splice_donor_disruption|ex3|AC	potential_splice_donor_disruption	exon_3	3.0	837.0	1335.0	445.0		AC	True	6	6	6	1.0	HIGH	GCA_000298355.1;GCA_002968435.1;GCA_007646595.3;GCA_027580195.2;GCF_000298355.1;GCF_027580195.1
Bos mutus	premature_stop|ex3|codon210	premature_stop	exon_3	3.0	130.0	628.0	210.0			True	6	6	6	1.0	HIGH	GCA_000298355.1;GCA_002968435.1;GCA_007646595.3;GCA_027580195.2;GCF_000298355.1;GCF_027580195.1
Bos mutus	premature_stop|ex3|codon303	premature_stop	exon_3	3.0	409.0	907.0	303.0			True	6	6	6	1.0	HIGH	GCA_000298355.1;GCA_002968435.1;GCA_007646595.3;GCA_027580195.2;GCF_000298355.1;GCF_027580195.1
Bos mutus	premature_stop|ex3|codon310	premature_stop	exon_3	3.0	430.0	928.0	310.0			True	6	6	6	1.0	HIGH	GCA_000298355.1;GCA_002968435.1;GCA_007646595.3;GCA_027580195.2;GCF_000298355.1;GCF_027580195.1
Bos mutus	premature_stop|ex3|codon361	premature_stop	exon_3	3.0	583.0	1081.0	361.0			True	6	6	6	1.0	HIGH	GCA_000298355.1;GCA_002968435.1;GCA_007646595.3;GCA_027580195.2;GCF_000298355.1;GCF_027580195.1
Bos mutus	premature_stop|ex3|codon430	premature_stop	exon_3	3.0	790.0	1288.0	430.0			True	6	6	6	1.0	HIGH	GCA_000298355.1;GCA_002968435.1;GCA_007646595.3;GCA_027580195.2;GCF_000298355.1;GCF_027580195.1
Bos mutus	premature_stop|ex3|codon433	premature_stop	exon_3	3.0	799.0	1297.0	433.0			True	6	6	6	1.0	HIGH	GCA_000298355.1;GCA_002968435.1;GCA_007646595.3;GCA_027580195.2;GCF_000298355.1;GCF_027580195.1
Bos mutus	premature_stop|ex6|codon722	premature_stop	exon_6	6.0	492.0	2164.0	722.0			True	6	6	6	1.0	HIGH	GCA_000298355.1;GCA_002968435.1;GCA_007646595.3;GCA_027580195.2;GCF_000298355.1;GCF_027580195.1
Bos taurus	candidate_large_frameshift_insertion|ex4|pos38|len712	candidate_large_frameshift_insertion	exon_4	4.0	38.0	1373.0	458.0	712.0		True	1	1	203	0.0049261083743842365	LOW	GCA_964019275.1
Bos taurus	candidate_large_frameshift_insertion|ex4|pos38|len715	candidate_large_frameshift_insertion	exon_4	4.0	38.0	1373.0	458.0	715.0		True	5	5	203	0.024630541871921183	LOW	GCA_051122635.1;GCA_963920265.1;GCA_964019205.1;GCA_965153675.2;GCA_965177725.2
Bos taurus	candidate_large_frameshift_insertion|ex4|pos38|len716	candidate_large_frameshift_insertion	exon_4	4.0	38.0	1373.0	458.0	716.0		True	195	195	203	0.9605911330049262	HIGH	GCA_000003055.5;GCA_000003205.6;GCA_002263795.4;GCA_021234555.1;GCA_021347905.1;GCA_028973685.2;GCA_033032115.1;GCA_034097375.1;GCA_039881175.1;GCA_040285425.1;GCA_040286185.1;GCA_043882115.1;GCA_047652215.1;GCA_049634445.1;GCA_049634505.1;GCA_049634545.1;GCA_049634565.1;GCA_049634675.1;GCA_049634715.1;GCA_051106085.1;GCA_054825135.1;GCA_055691375.1;GCA_055691405.1;GCA_056162995.1;GCA_056748525.1;GCA_057190615.1;GCA_059336145.1;GCA_059997585.1;GCA_905123515.1;GCA_905123885.1;GCA_914753205.1;GCA_947034695.1;GCA_963920255.1;GCA_963921495.1;GCA_964019215.2;GCA_964019225.2;GCA_964019235.2;GCA_964019245.2;GCA_964019265.2;GCA_964019295.2;GCA_965153475.2;GCA_965153485.2;GCA_965153495.2;GCA_965153505.2;GCA_965153515.2;GCA_965153525.2;GCA_965153535.2;GCA_965153545.2;GCA_965153555.2;GCA_965153565.2;GCA_965153575.2;GCA_965153585.2;GCA_965153595.2;GCA_965153605.2;GCA_965153615.2;GCA_965153625.2;GCA_965153635.2;GCA_965153645.2;GCA_965153655.2;GCA_965153665.2;GCA_965153685.2;GCA_965153695.2;GCA_965153705.2;GCA_965153715.2;GCA_965153725.2;GCA_965153735.2;GCA_965153745.2;GCA_965153755.2;GCA_965153765.2;GCA_965153775.2;GCA_965153785.2;GCA_965153795.2;GCA_965153805.2;GCA_965153815.2;GCA_965153825.2;GCA_965153835.2;GCA_965153845.2;GCA_965153855.2;GCA_965153865.2;GCA_965153875.2;GCA_965153885.2;GCA_965153895.2;GCA_965153905.2;GCA_965153915.2;GCA_965153925.2;GCA_965153935.2;GCA_965153945.2;GCA_965153955.2;GCA_965153965.2;GCA_965153975.2;GCA_965153985.2;GCA_965153995.2;GCA_965154005.2;GCA_965154015.2;GCA_965154025.2;GCA_965154035.2;GCA_965154045.2;GCA_965154055.2;GCA_965154065.2;GCA_965154075.2;GCA_965154085.2;GCA_965154095.2;GCA_965154105.2;GCA_965154155.2;GCA_965154165.2;GCA_965154175.2;GCA_965154185.2;GCA_965154195.2;GCA_965154205.2;GCA_965154215.2;GCA_965154225.2;GCA_965154235.2;GCA_965154245.2;GCA_965154255.2;GCA_965154265.2;GCA_965154275.2;GCA_965154285.2;GCA_965154295.2;GCA_965154305.2;GCA_965154315.2;GCA_965154325.2;GCA_965154335.2;GCA_965154345.2;GCA_965154355.2;GCA_965154365.2;GCA_965154375.2;GCA_965154385.2;GCA_965154395.2;GCA_965154405.2;GCA_965154415.2;GCA_965154425.2;GCA_965154435.2;GCA_965154445.2;GCA_965177315.2;GCA_965177325.2;GCA_965177335.2;GCA_965177345.2;GCA_965177355.2;GCA_965177365.2;GCA_965177375.2;GCA_965177385.2;GCA_965177395.2;GCA_965177405.2;GCA_965177415.2;GCA_965177425.2;GCA_965177435.2;GCA_965177445.2;GCA_965177455.2;GCA_965177465.2;GCA_965177475.2;GCA_965177485.2;GCA_965177495.2;GCA_965177505.2;GCA_965177515.2;GCA_965177525.2;GCA_965177535.2;GCA_965177545.2;GCA_965177555.2;GCA_965177565.2;GCA_965177575.2;GCA_965177585.2;GCA_965177605.2;GCA_965177615.2;GCA_965177625.2;GCA_965177635.2;GCA_965177645.2;GCA_965177655.2;GCA_965177665.2;GCA_965177675.2;GCA_965177685.2;GCA_965177695.2;GCA_965177705.2;GCA_965177715.2;GCA_965177735.2;GCA_965177745.2;GCA_965177755.2;GCA_965177765.2;GCA_965177775.2;GCA_965177785.2;GCA_965177795.2;GCA_965177805.2;GCA_965177825.2;GCA_974728815.1;GCA_976986615.1;GCA_976986625.1;GCA_976986635.2;GCA_977927225.1;GCA_977927245.1;GCA_977927255.1;GCA_977927265.1;GCA_977927285.1;GCA_977970235.1;GCF_000003055.6;GCF_000003205.7;GCF_002263795.3
Bos taurus	candidate_large_inframe_insertion|ex4|pos38|len714	candidate_large_inframe_insertion	exon_4	4.0	38.0	1373.0	458.0	714.0		False	1	1	203	0.0049261083743842365	LOW	GCA_963920245.1
Bos taurus	candidate_large_inframe_insertion|ex4|pos38|len882	candidate_large_inframe_insertion	exon_4	4.0	38.0	1373.0	458.0	882.0		False	1	1	203	0.0049261083743842365	LOW	GCA_024542955.1
Bos taurus	exon_unresolved|ex4	exon_unresolved	exon_4	4.0	1.0	1336.0	446.0	213.0		False	1	0	203	0.0	LOW	
Bos taurus	exon_unresolved|ex5	exon_unresolved	exon_5	5.0	1.0	1549.0	517.0	124.0		False	1	0	203	0.0	LOW	
Bos taurus	exon_unresolved|ex6	exon_unresolved	exon_6	6.0	1.0	1673.0	558.0	1115.0		False	1	0	203	0.0	LOW	
Bos taurus	frameshift_deletion|ex1|pos162|len1	frameshift_deletion	exon_1	1.0	162.0	162.0	54.0	1.0		True	204	204	204	1.0	HIGH	GCA_000003055.5;GCA_000003205.6;GCA_002263795.4;GCA_021234555.1;GCA_021347905.1;GCA_024542955.1;GCA_028973685.2;GCA_033032115.1;GCA_034097375.1;GCA_039881175.1;GCA_040285425.1;GCA_040286185.1;GCA_043882115.1;GCA_047652215.1;GCA_049634445.1;GCA_049634505.1;GCA_049634545.1;GCA_049634565.1;GCA_049634675.1;GCA_049634715.1;GCA_051106085.1;GCA_051122635.1;GCA_054825135.1;GCA_055691375.1;GCA_055691405.1;GCA_056162995.1;GCA_056748525.1;GCA_057190615.1;GCA_059336145.1;GCA_059997585.1;GCA_905123515.1;GCA_905123885.1;GCA_914753205.1;GCA_947034695.1;GCA_963920245.1;GCA_963920255.1;GCA_963920265.1;GCA_963921495.1;GCA_964019205.1;GCA_964019215.2;GCA_964019225.2;GCA_964019235.2;GCA_964019245.2;GCA_964019255.2;GCA_964019265.2;GCA_964019275.1;GCA_964019295.2;GCA_965153475.2;GCA_965153485.2;GCA_965153495.2;GCA_965153505.2;GCA_965153515.2;GCA_965153525.2;GCA_965153535.2;GCA_965153545.2;GCA_965153555.2;GCA_965153565.2;GCA_965153575.2;GCA_965153585.2;GCA_965153595.2;GCA_965153605.2;GCA_965153615.2;GCA_965153625.2;GCA_965153635.2;GCA_965153645.2;GCA_965153655.2;GCA_965153665.2;GCA_965153675.2;GCA_965153685.2;GCA_965153695.2;GCA_965153705.2;GCA_965153715.2;GCA_965153725.2;GCA_965153735.2;GCA_965153745.2;GCA_965153755.2;GCA_965153765.2;GCA_965153775.2;GCA_965153785.2;GCA_965153795.2;GCA_965153805.2;GCA_965153815.2;GCA_965153825.2;GCA_965153835.2;GCA_965153845.2;GCA_965153855.2;GCA_965153865.2;GCA_965153875.2;GCA_965153885.2;GCA_965153895.2;GCA_965153905.2;GCA_965153915.2;GCA_965153925.2;GCA_965153935.2;GCA_965153945.2;GCA_965153955.2;GCA_965153965.2;GCA_965153975.2;GCA_965153985.2;GCA_965153995.2;GCA_965154005.2;GCA_965154015.2;GCA_965154025.2;GCA_965154035.2;GCA_965154045.2;GCA_965154055.2;GCA_965154065.2;GCA_965154075.2;GCA_965154085.2;GCA_965154095.2;GCA_965154105.2;GCA_965154155.2;GCA_965154165.2;GCA_965154175.2;GCA_965154185.2;GCA_965154195.2;GCA_965154205.2;GCA_965154215.2;GCA_965154225.2;GCA_965154235.2;GCA_965154245.2;GCA_965154255.2;GCA_965154265.2;GCA_965154275.2;GCA_965154285.2;GCA_965154295.2;GCA_965154305.2;GCA_965154315.2;GCA_965154325.2;GCA_965154335.2;GCA_965154345.2;GCA_965154355.2;GCA_965154365.2;GCA_965154375.2;GCA_965154385.2;GCA_965154395.2;GCA_965154405.2;GCA_965154415.2;GCA_965154425.2;GCA_965154435.2;GCA_965154445.2;GCA_965177315.2;GCA_965177325.2;GCA_965177335.2;GCA_965177345.2;GCA_965177355.2;GCA_965177365.2;GCA_965177375.2;GCA_965177385.2;GCA_965177395.2;GCA_965177405.2;GCA_965177415.2;GCA_965177425.2;GCA_965177435.2;GCA_965177445.2;GCA_965177455.2;GCA_965177465.2;GCA_965177475.2;GCA_965177485.2;GCA_965177495.2;GCA_965177505.2;GCA_965177515.2;GCA_965177525.2;GCA_965177535.2;GCA_965177545.2;GCA_965177555.2;GCA_965177565.2;GCA_965177575.2;GCA_965177585.2;GCA_965177605.2;GCA_965177615.2;GCA_965177625.2;GCA_965177635.2;GCA_965177645.2;GCA_965177655.2;GCA_965177665.2;GCA_965177675.2;GCA_965177685.2;GCA_965177695.2;GCA_965177705.2;GCA_965177715.2;GCA_965177725.2;GCA_965177735.2;GCA_965177745.2;GCA_965177755.2;GCA_965177765.2;GCA_965177775.2;GCA_965177785.2;GCA_965177795.2;GCA_965177805.2;GCA_965177825.2;GCA_974728815.1;GCA_976986615.1;GCA_976986625.1;GCA_976986635.2;GCA_977927225.1;GCA_977927245.1;GCA_977927255.1;GCA_977927265.1;GCA_977927285.1;GCA_977970235.1;GCF_000003055.6;GCF_000003205.7;GCF_002263795.3
Bos taurus	frameshift_deletion|ex1|pos71|len1	frameshift_deletion	exon_1	1.0	71.0	71.0	24.0	1.0		True	1	1	204	0.004901960784313725	LOW	GCA_964019275.1
Bos taurus	frameshift_deletion|ex1|pos92|len1	frameshift_deletion	exon_1	1.0	92.0	92.0	31.0	1.0		True	1	1	204	0.004901960784313725	LOW	GCA_964019275.1
Bos taurus	frameshift_deletion|ex2|pos127|len1	frameshift_deletion	exon_2	2.0	127.0	321.0	107.0	1.0		True	1	1	204	0.004901960784313725	LOW	GCA_964019255.2
Bos taurus	frameshift_deletion|ex2|pos175|len1	frameshift_deletion	exon_2	2.0	175.0	369.0	123.0	1.0		True	1	1	204	0.004901960784313725	LOW	GCA_964019255.2
Bos taurus	frameshift_deletion|ex2|pos184|len1	frameshift_deletion	exon_2	2.0	184.0	378.0	126.0	1.0		True	1	1	204	0.004901960784313725	LOW	GCA_964019255.2
Bos taurus	frameshift_deletion|ex2|pos248|len1	frameshift_deletion	exon_2	2.0	248.0	442.0	148.0	1.0		True	1	1	204	0.004901960784313725	LOW	GCA_964019255.2
Bos taurus	frameshift_deletion|ex2|pos275|len1	frameshift_deletion	exon_2	2.0	275.0	469.0	157.0	1.0		True	1	1	204	0.004901960784313725	LOW	GCA_964019205.1
Bos taurus	frameshift_deletion|ex2|pos275|len2	frameshift_deletion	exon_2	2.0	275.0	469.0	157.0	2.0		True	1	1	204	0.004901960784313725	LOW	GCA_964019255.2
Bos taurus	frameshift_deletion|ex3|pos129|len1	frameshift_deletion	exon_3	3.0	129.0	627.0	209.0	1.0		True	204	204	204	1.0	HIGH	GCA_000003055.5;GCA_000003205.6;GCA_002263795.4;GCA_021234555.1;GCA_021347905.1;GCA_024542955.1;GCA_028973685.2;GCA_033032115.1;GCA_034097375.1;GCA_039881175.1;GCA_040285425.1;GCA_040286185.1;GCA_043882115.1;GCA_047652215.1;GCA_049634445.1;GCA_049634505.1;GCA_049634545.1;GCA_049634565.1;GCA_049634675.1;GCA_049634715.1;GCA_051106085.1;GCA_051122635.1;GCA_054825135.1;GCA_055691375.1;GCA_055691405.1;GCA_056162995.1;GCA_056748525.1;GCA_057190615.1;GCA_059336145.1;GCA_059997585.1;GCA_905123515.1;GCA_905123885.1;GCA_914753205.1;GCA_947034695.1;GCA_963920245.1;GCA_963920255.1;GCA_963920265.1;GCA_963921495.1;GCA_964019205.1;GCA_964019215.2;GCA_964019225.2;GCA_964019235.2;GCA_964019245.2;GCA_964019255.2;GCA_964019265.2;GCA_964019275.1;GCA_964019295.2;GCA_965153475.2;GCA_965153485.2;GCA_965153495.2;GCA_965153505.2;GCA_965153515.2;GCA_965153525.2;GCA_965153535.2;GCA_965153545.2;GCA_965153555.2;GCA_965153565.2;GCA_965153575.2;GCA_965153585.2;GCA_965153595.2;GCA_965153605.2;GCA_965153615.2;GCA_965153625.2;GCA_965153635.2;GCA_965153645.2;GCA_965153655.2;GCA_965153665.2;GCA_965153675.2;GCA_965153685.2;GCA_965153695.2;GCA_965153705.2;GCA_965153715.2;GCA_965153725.2;GCA_965153735.2;GCA_965153745.2;GCA_965153755.2;GCA_965153765.2;GCA_965153775.2;GCA_965153785.2;GCA_965153795.2;GCA_965153805.2;GCA_965153815.2;GCA_965153825.2;GCA_965153835.2;GCA_965153845.2;GCA_965153855.2;GCA_965153865.2;GCA_965153875.2;GCA_965153885.2;GCA_965153895.2;GCA_965153905.2;GCA_965153915.2;GCA_965153925.2;GCA_965153935.2;GCA_965153945.2;GCA_965153955.2;GCA_965153965.2;GCA_965153975.2;GCA_965153985.2;GCA_965153995.2;GCA_965154005.2;GCA_965154015.2;GCA_965154025.2;GCA_965154035.2;GCA_965154045.2;GCA_965154055.2;GCA_965154065.2;GCA_965154075.2;GCA_965154085.2;GCA_965154095.2;GCA_965154105.2;GCA_965154155.2;GCA_965154165.2;GCA_965154175.2;GCA_965154185.2;GCA_965154195.2;GCA_965154205.2;GCA_965154215.2;GCA_965154225.2;GCA_965154235.2;GCA_965154245.2;GCA_965154255.2;GCA_965154265.2;GCA_965154275.2;GCA_965154285.2;GCA_965154295.2;GCA_965154305.2;GCA_965154315.2;GCA_965154325.2;GCA_965154335.2;GCA_965154345.2;GCA_965154355.2;GCA_965154365.2;GCA_965154375.2;GCA_965154385.2;GCA_965154395.2;GCA_965154405.2;GCA_965154415.2;GCA_965154425.2;GCA_965154435.2;GCA_965154445.2;GCA_965177315.2;GCA_965177325.2;GCA_965177335.2;GCA_965177345.2;GCA_965177355.2;GCA_965177365.2;GCA_965177375.2;GCA_965177385.2;GCA_965177395.2;GCA_965177405.2;GCA_965177415.2;GCA_965177425.2;GCA_965177435.2;GCA_965177445.2;GCA_965177455.2;GCA_965177465.2;GCA_965177475.2;GCA_965177485.2;GCA_965177495.2;GCA_965177505.2;GCA_965177515.2;GCA_965177525.2;GCA_965177535.2;GCA_965177545.2;GCA_965177555.2;GCA_965177565.2;GCA_965177575.2;GCA_965177585.2;GCA_965177605.2;GCA_965177615.2;GCA_965177625.2;GCA_965177635.2;GCA_965177645.2;GCA_965177655.2;GCA_965177665.2;GCA_965177675.2;GCA_965177685.2;GCA_965177695.2;GCA_965177705.2;GCA_965177715.2;GCA_965177725.2;GCA_965177735.2;GCA_965177745.2;GCA_965177755.2;GCA_965177765.2;GCA_965177775.2;GCA_965177785.2;GCA_965177795.2;GCA_965177805.2;GCA_965177825.2;GCA_974728815.1;GCA_976986615.1;GCA_976986625.1;GCA_976986635.2;GCA_977927225.1;GCA_977927245.1;GCA_977927255.1;GCA_977927265.1;GCA_977927285.1;GCA_977970235.1;GCF_000003055.6;GCF_000003205.7;GCF_002263795.3
Bos taurus	frameshift_deletion|ex3|pos167|len7	frameshift_deletion	exon_3	3.0	167.0	665.0	222.0	7.0		True	204	204	204	1.0	HIGH	GCA_000003055.5;GCA_000003205.6;GCA_002263795.4;GCA_021234555.1;GCA_021347905.1;GCA_024542955.1;GCA_028973685.2;GCA_033032115.1;GCA_034097375.1;GCA_039881175.1;GCA_040285425.1;GCA_040286185.1;GCA_043882115.1;GCA_047652215.1;GCA_049634445.1;GCA_049634505.1;GCA_049634545.1;GCA_049634565.1;GCA_049634675.1;GCA_049634715.1;GCA_051106085.1;GCA_051122635.1;GCA_054825135.1;GCA_055691375.1;GCA_055691405.1;GCA_056162995.1;GCA_056748525.1;GCA_057190615.1;GCA_059336145.1;GCA_059997585.1;GCA_905123515.1;GCA_905123885.1;GCA_914753205.1;GCA_947034695.1;GCA_963920245.1;GCA_963920255.1;GCA_963920265.1;GCA_963921495.1;GCA_964019205.1;GCA_964019215.2;GCA_964019225.2;GCA_964019235.2;GCA_964019245.2;GCA_964019255.2;GCA_964019265.2;GCA_964019275.1;GCA_964019295.2;GCA_965153475.2;GCA_965153485.2;GCA_965153495.2;GCA_965153505.2;GCA_965153515.2;GCA_965153525.2;GCA_965153535.2;GCA_965153545.2;GCA_965153555.2;GCA_965153565.2;GCA_965153575.2;GCA_965153585.2;GCA_965153595.2;GCA_965153605.2;GCA_965153615.2;GCA_965153625.2;GCA_965153635.2;GCA_965153645.2;GCA_965153655.2;GCA_965153665.2;GCA_965153675.2;GCA_965153685.2;GCA_965153695.2;GCA_965153705.2;GCA_965153715.2;GCA_965153725.2;GCA_965153735.2;GCA_965153745.2;GCA_965153755.2;GCA_965153765.2;GCA_965153775.2;GCA_965153785.2;GCA_965153795.2;GCA_965153805.2;GCA_965153815.2;GCA_965153825.2;GCA_965153835.2;GCA_965153845.2;GCA_965153855.2;GCA_965153865.2;GCA_965153875.2;GCA_965153885.2;GCA_965153895.2;GCA_965153905.2;GCA_965153915.2;GCA_965153925.2;GCA_965153935.2;GCA_965153945.2;GCA_965153955.2;GCA_965153965.2;GCA_965153975.2;GCA_965153985.2;GCA_965153995.2;GCA_965154005.2;GCA_965154015.2;GCA_965154025.2;GCA_965154035.2;GCA_965154045.2;GCA_965154055.2;GCA_965154065.2;GCA_965154075.2;GCA_965154085.2;GCA_965154095.2;GCA_965154105.2;GCA_965154155.2;GCA_965154165.2;GCA_965154175.2;GCA_965154185.2;GCA_965154195.2;GCA_965154205.2;GCA_965154215.2;GCA_965154225.2;GCA_965154235.2;GCA_965154245.2;GCA_965154255.2;GCA_965154265.2;GCA_965154275.2;GCA_965154285.2;GCA_965154295.2;GCA_965154305.2;GCA_965154315.2;GCA_965154325.2;GCA_965154335.2;GCA_965154345.2;GCA_965154355.2;GCA_965154365.2;GCA_965154375.2;GCA_965154385.2;GCA_965154395.2;GCA_965154405.2;GCA_965154415.2;GCA_965154425.2;GCA_965154435.2;GCA_965154445.2;GCA_965177315.2;GCA_965177325.2;GCA_965177335.2;GCA_965177345.2;GCA_965177355.2;GCA_965177365.2;GCA_965177375.2;GCA_965177385.2;GCA_965177395.2;GCA_965177405.2;GCA_965177415.2;GCA_965177425.2;GCA_965177435.2;GCA_965177445.2;GCA_965177455.2;GCA_965177465.2;GCA_965177475.2;GCA_965177485.2;GCA_965177495.2;GCA_965177505.2;GCA_965177515.2;GCA_965177525.2;GCA_965177535.2;GCA_965177545.2;GCA_965177555.2;GCA_965177565.2;GCA_965177575.2;GCA_965177585.2;GCA_965177605.2;GCA_965177615.2;GCA_965177625.2;GCA_965177635.2;GCA_965177645.2;GCA_965177655.2;GCA_965177665.2;GCA_965177675.2;GCA_965177685.2;GCA_965177695.2;GCA_965177705.2;GCA_965177715.2;GCA_965177725.2;GCA_965177735.2;GCA_965177745.2;GCA_965177755.2;GCA_965177765.2;GCA_965177775.2;GCA_965177785.2;GCA_965177795.2;GCA_965177805.2;GCA_965177825.2;GCA_974728815.1;GCA_976986615.1;GCA_976986625.1;GCA_976986635.2;GCA_977927225.1;GCA_977927245.1;GCA_977927255.1;GCA_977927265.1;GCA_977927285.1;GCA_977970235.1;GCF_000003055.6;GCF_000003205.7;GCF_002263795.3
Bos taurus	frameshift_deletion|ex3|pos246|len1	frameshift_deletion	exon_3	3.0	246.0	744.0	248.0	1.0		True	1	1	204	0.004901960784313725	LOW	GCA_964019275.1
Bos taurus	frameshift_deletion|ex3|pos541|len1	frameshift_deletion	exon_3	3.0	541.0	1039.0	347.0	1.0		True	1	1	204	0.004901960784313725	LOW	GCA_964019205.1
Bos taurus	frameshift_deletion|ex4|pos131|len1	frameshift_deletion	exon_4	4.0	131.0	1466.0	489.0	1.0		True	202	202	203	0.9950738916256158	HIGH	GCA_000003055.5;GCA_000003205.6;GCA_002263795.4;GCA_021234555.1;GCA_021347905.1;GCA_024542955.1;GCA_028973685.2;GCA_033032115.1;GCA_034097375.1;GCA_039881175.1;GCA_040285425.1;GCA_040286185.1;GCA_043882115.1;GCA_047652215.1;GCA_049634445.1;GCA_049634505.1;GCA_049634545.1;GCA_049634565.1;GCA_049634675.1;GCA_049634715.1;GCA_051106085.1;GCA_051122635.1;GCA_054825135.1;GCA_055691375.1;GCA_055691405.1;GCA_056162995.1;GCA_056748525.1;GCA_057190615.1;GCA_059336145.1;GCA_059997585.1;GCA_905123515.1;GCA_905123885.1;GCA_914753205.1;GCA_947034695.1;GCA_963920245.1;GCA_963920255.1;GCA_963920265.1;GCA_963921495.1;GCA_964019205.1;GCA_964019215.2;GCA_964019225.2;GCA_964019235.2;GCA_964019245.2;GCA_964019265.2;GCA_964019295.2;GCA_965153475.2;GCA_965153485.2;GCA_965153495.2;GCA_965153505.2;GCA_965153515.2;GCA_965153525.2;GCA_965153535.2;GCA_965153545.2;GCA_965153555.2;GCA_965153565.2;GCA_965153575.2;GCA_965153585.2;GCA_965153595.2;GCA_965153605.2;GCA_965153615.2;GCA_965153625.2;GCA_965153635.2;GCA_965153645.2;GCA_965153655.2;GCA_965153665.2;GCA_965153675.2;GCA_965153685.2;GCA_965153695.2;GCA_965153705.2;GCA_965153715.2;GCA_965153725.2;GCA_965153735.2;GCA_965153745.2;GCA_965153755.2;GCA_965153765.2;GCA_965153775.2;GCA_965153785.2;GCA_965153795.2;GCA_965153805.2;GCA_965153815.2;GCA_965153825.2;GCA_965153835.2;GCA_965153845.2;GCA_965153855.2;GCA_965153865.2;GCA_965153875.2;GCA_965153885.2;GCA_965153895.2;GCA_965153905.2;GCA_965153915.2;GCA_965153925.2;GCA_965153935.2;GCA_965153945.2;GCA_965153955.2;GCA_965153965.2;GCA_965153975.2;GCA_965153985.2;GCA_965153995.2;GCA_965154005.2;GCA_965154015.2;GCA_965154025.2;GCA_965154035.2;GCA_965154045.2;GCA_965154055.2;GCA_965154065.2;GCA_965154075.2;GCA_965154085.2;GCA_965154095.2;GCA_965154105.2;GCA_965154155.2;GCA_965154165.2;GCA_965154175.2;GCA_965154185.2;GCA_965154195.2;GCA_965154205.2;GCA_965154215.2;GCA_965154225.2;GCA_965154235.2;GCA_965154245.2;GCA_965154255.2;GCA_965154265.2;GCA_965154275.2;GCA_965154285.2;GCA_965154295.2;GCA_965154305.2;GCA_965154315.2;GCA_965154325.2;GCA_965154335.2;GCA_965154345.2;GCA_965154355.2;GCA_965154365.2;GCA_965154375.2;GCA_965154385.2;GCA_965154395.2;GCA_965154405.2;GCA_965154415.2;GCA_965154425.2;GCA_965154435.2;GCA_965154445.2;GCA_965177315.2;GCA_965177325.2;GCA_965177335.2;GCA_965177345.2;GCA_965177355.2;GCA_965177365.2;GCA_965177375.2;GCA_965177385.2;GCA_965177395.2;GCA_965177405.2;GCA_965177415.2;GCA_965177425.2;GCA_965177435.2;GCA_965177445.2;GCA_965177455.2;GCA_965177465.2;GCA_965177475.2;GCA_965177485.2;GCA_965177495.2;GCA_965177505.2;GCA_965177515.2;GCA_965177525.2;GCA_965177535.2;GCA_965177545.2;GCA_965177555.2;GCA_965177565.2;GCA_965177575.2;GCA_965177585.2;GCA_965177605.2;GCA_965177615.2;GCA_965177625.2;GCA_965177635.2;GCA_965177645.2;GCA_965177655.2;GCA_965177665.2;GCA_965177675.2;GCA_965177685.2;GCA_965177695.2;GCA_965177705.2;GCA_965177715.2;GCA_965177725.2;GCA_965177735.2;GCA_965177745.2;GCA_965177755.2;GCA_965177765.2;GCA_965177775.2;GCA_965177785.2;GCA_965177795.2;GCA_965177805.2;GCA_965177825.2;GCA_974728815.1;GCA_976986615.1;GCA_976986625.1;GCA_976986635.2;GCA_977927225.1;GCA_977927245.1;GCA_977927255.1;GCA_977927265.1;GCA_977927285.1;GCA_977970235.1;GCF_000003055.6;GCF_000003205.7;GCF_002263795.3
Bos taurus	frameshift_deletion|ex4|pos132|len1	frameshift_deletion	exon_4	4.0	132.0	1467.0	489.0	1.0		True	1	1	203	0.0049261083743842365	LOW	GCA_964019275.1
Bos taurus	frameshift_deletion|ex4|pos51|len1	frameshift_deletion	exon_4	4.0	51.0	1386.0	462.0	1.0		True	1	1	203	0.0049261083743842365	LOW	GCA_964019275.1
Bos taurus	frameshift_deletion|ex4|pos58|len1	frameshift_deletion	exon_4	4.0	58.0	1393.0	465.0	1.0		True	1	1	203	0.0049261083743842365	LOW	GCA_964019275.1
Bos taurus	frameshift_deletion|ex5|pos35|len1	frameshift_deletion	exon_5	5.0	35.0	1583.0	528.0	1.0		True	7	7	203	0.034482758620689655	LOW	GCA_028973685.2;GCA_047652215.1;GCA_049634445.1;GCA_049634505.1;GCA_051106085.1;GCA_056162995.1;GCA_059336145.1
Bos taurus	frameshift_deletion|ex6|pos226|len1	frameshift_deletion	exon_6	6.0	226.0	1898.0	633.0	1.0		True	1	1	203	0.0049261083743842365	LOW	GCA_905123885.1
Bos taurus	frameshift_deletion|ex6|pos277|len1	frameshift_deletion	exon_6	6.0	277.0	1949.0	650.0	1.0		True	1	1	203	0.0049261083743842365	LOW	GCA_964019275.1
Bos taurus	frameshift_deletion|ex6|pos399|len4	frameshift_deletion	exon_6	6.0	399.0	2071.0	691.0	4.0		True	203	203	203	1.0	HIGH	GCA_000003055.5;GCA_000003205.6;GCA_002263795.4;GCA_021234555.1;GCA_021347905.1;GCA_024542955.1;GCA_028973685.2;GCA_033032115.1;GCA_034097375.1;GCA_039881175.1;GCA_040285425.1;GCA_040286185.1;GCA_043882115.1;GCA_047652215.1;GCA_049634445.1;GCA_049634505.1;GCA_049634545.1;GCA_049634565.1;GCA_049634675.1;GCA_049634715.1;GCA_051106085.1;GCA_051122635.1;GCA_054825135.1;GCA_055691375.1;GCA_055691405.1;GCA_056162995.1;GCA_056748525.1;GCA_057190615.1;GCA_059336145.1;GCA_059997585.1;GCA_905123515.1;GCA_905123885.1;GCA_914753205.1;GCA_947034695.1;GCA_963920245.1;GCA_963920255.1;GCA_963920265.1;GCA_963921495.1;GCA_964019205.1;GCA_964019215.2;GCA_964019225.2;GCA_964019235.2;GCA_964019245.2;GCA_964019265.2;GCA_964019275.1;GCA_964019295.2;GCA_965153475.2;GCA_965153485.2;GCA_965153495.2;GCA_965153505.2;GCA_965153515.2;GCA_965153525.2;GCA_965153535.2;GCA_965153545.2;GCA_965153555.2;GCA_965153565.2;GCA_965153575.2;GCA_965153585.2;GCA_965153595.2;GCA_965153605.2;GCA_965153615.2;GCA_965153625.2;GCA_965153635.2;GCA_965153645.2;GCA_965153655.2;GCA_965153665.2;GCA_965153675.2;GCA_965153685.2;GCA_965153695.2;GCA_965153705.2;GCA_965153715.2;GCA_965153725.2;GCA_965153735.2;GCA_965153745.2;GCA_965153755.2;GCA_965153765.2;GCA_965153775.2;GCA_965153785.2;GCA_965153795.2;GCA_965153805.2;GCA_965153815.2;GCA_965153825.2;GCA_965153835.2;GCA_965153845.2;GCA_965153855.2;GCA_965153865.2;GCA_965153875.2;GCA_965153885.2;GCA_965153895.2;GCA_965153905.2;GCA_965153915.2;GCA_965153925.2;GCA_965153935.2;GCA_965153945.2;GCA_965153955.2;GCA_965153965.2;GCA_965153975.2;GCA_965153985.2;GCA_965153995.2;GCA_965154005.2;GCA_965154015.2;GCA_965154025.2;GCA_965154035.2;GCA_965154045.2;GCA_965154055.2;GCA_965154065.2;GCA_965154075.2;GCA_965154085.2;GCA_965154095.2;GCA_965154105.2;GCA_965154155.2;GCA_965154165.2;GCA_965154175.2;GCA_965154185.2;GCA_965154195.2;GCA_965154205.2;GCA_965154215.2;GCA_965154225.2;GCA_965154235.2;GCA_965154245.2;GCA_965154255.2;GCA_965154265.2;GCA_965154275.2;GCA_965154285.2;GCA_965154295.2;GCA_965154305.2;GCA_965154315.2;GCA_965154325.2;GCA_965154335.2;GCA_965154345.2;GCA_965154355.2;GCA_965154365.2;GCA_965154375.2;GCA_965154385.2;GCA_965154395.2;GCA_965154405.2;GCA_965154415.2;GCA_965154425.2;GCA_965154435.2;GCA_965154445.2;GCA_965177315.2;GCA_965177325.2;GCA_965177335.2;GCA_965177345.2;GCA_965177355.2;GCA_965177365.2;GCA_965177375.2;GCA_965177385.2;GCA_965177395.2;GCA_965177405.2;GCA_965177415.2;GCA_965177425.2;GCA_965177435.2;GCA_965177445.2;GCA_965177455.2;GCA_965177465.2;GCA_965177475.2;GCA_965177485.2;GCA_965177495.2;GCA_965177505.2;GCA_965177515.2;GCA_965177525.2;GCA_965177535.2;GCA_965177545.2;GCA_965177555.2;GCA_965177565.2;GCA_965177575.2;GCA_965177585.2;GCA_965177605.2;GCA_965177615.2;GCA_965177625.2;GCA_965177635.2;GCA_965177645.2;GCA_965177655.2;GCA_965177665.2;GCA_965177675.2;GCA_965177685.2;GCA_965177695.2;GCA_965177705.2;GCA_965177715.2;GCA_965177725.2;GCA_965177735.2;GCA_965177745.2;GCA_965177755.2;GCA_965177765.2;GCA_965177775.2;GCA_965177785.2;GCA_965177795.2;GCA_965177805.2;GCA_965177825.2;GCA_974728815.1;GCA_976986615.1;GCA_976986625.1;GCA_976986635.2;GCA_977927225.1;GCA_977927245.1;GCA_977927255.1;GCA_977927265.1;GCA_977927285.1;GCA_977970235.1;GCF_000003055.6;GCF_000003205.7;GCF_002263795.3
Bos taurus	frameshift_deletion|ex6|pos42|len1	frameshift_deletion	exon_6	6.0	42.0	1714.0	572.0	1.0		True	1	1	203	0.0049261083743842365	LOW	GCA_905123885.1
Bos taurus	frameshift_deletion|ex6|pos46|len1	frameshift_deletion	exon_6	6.0	46.0	1718.0	573.0	1.0		True	1	1	203	0.0049261083743842365	LOW	GCA_964019275.1
Bos taurus	frameshift_deletion|ex6|pos472|len1	frameshift_deletion	exon_6	6.0	472.0	2144.0	715.0	1.0		True	203	203	203	1.0	HIGH	GCA_000003055.5;GCA_000003205.6;GCA_002263795.4;GCA_021234555.1;GCA_021347905.1;GCA_024542955.1;GCA_028973685.2;GCA_033032115.1;GCA_034097375.1;GCA_039881175.1;GCA_040285425.1;GCA_040286185.1;GCA_043882115.1;GCA_047652215.1;GCA_049634445.1;GCA_049634505.1;GCA_049634545.1;GCA_049634565.1;GCA_049634675.1;GCA_049634715.1;GCA_051106085.1;GCA_051122635.1;GCA_054825135.1;GCA_055691375.1;GCA_055691405.1;GCA_056162995.1;GCA_056748525.1;GCA_057190615.1;GCA_059336145.1;GCA_059997585.1;GCA_905123515.1;GCA_905123885.1;GCA_914753205.1;GCA_947034695.1;GCA_963920245.1;GCA_963920255.1;GCA_963920265.1;GCA_963921495.1;GCA_964019205.1;GCA_964019215.2;GCA_964019225.2;GCA_964019235.2;GCA_964019245.2;GCA_964019265.2;GCA_964019275.1;GCA_964019295.2;GCA_965153475.2;GCA_965153485.2;GCA_965153495.2;GCA_965153505.2;GCA_965153515.2;GCA_965153525.2;GCA_965153535.2;GCA_965153545.2;GCA_965153555.2;GCA_965153565.2;GCA_965153575.2;GCA_965153585.2;GCA_965153595.2;GCA_965153605.2;GCA_965153615.2;GCA_965153625.2;GCA_965153635.2;GCA_965153645.2;GCA_965153655.2;GCA_965153665.2;GCA_965153675.2;GCA_965153685.2;GCA_965153695.2;GCA_965153705.2;GCA_965153715.2;GCA_965153725.2;GCA_965153735.2;GCA_965153745.2;GCA_965153755.2;GCA_965153765.2;GCA_965153775.2;GCA_965153785.2;GCA_965153795.2;GCA_965153805.2;GCA_965153815.2;GCA_965153825.2;GCA_965153835.2;GCA_965153845.2;GCA_965153855.2;GCA_965153865.2;GCA_965153875.2;GCA_965153885.2;GCA_965153895.2;GCA_965153905.2;GCA_965153915.2;GCA_965153925.2;GCA_965153935.2;GCA_965153945.2;GCA_965153955.2;GCA_965153965.2;GCA_965153975.2;GCA_965153985.2;GCA_965153995.2;GCA_965154005.2;GCA_965154015.2;GCA_965154025.2;GCA_965154035.2;GCA_965154045.2;GCA_965154055.2;GCA_965154065.2;GCA_965154075.2;GCA_965154085.2;GCA_965154095.2;GCA_965154105.2;GCA_965154155.2;GCA_965154165.2;GCA_965154175.2;GCA_965154185.2;GCA_965154195.2;GCA_965154205.2;GCA_965154215.2;GCA_965154225.2;GCA_965154235.2;GCA_965154245.2;GCA_965154255.2;GCA_965154265.2;GCA_965154275.2;GCA_965154285.2;GCA_965154295.2;GCA_965154305.2;GCA_965154315.2;GCA_965154325.2;GCA_965154335.2;GCA_965154345.2;GCA_965154355.2;GCA_965154365.2;GCA_965154375.2;GCA_965154385.2;GCA_965154395.2;GCA_965154405.2;GCA_965154415.2;GCA_965154425.2;GCA_965154435.2;GCA_965154445.2;GCA_965177315.2;GCA_965177325.2;GCA_965177335.2;GCA_965177345.2;GCA_965177355.2;GCA_965177365.2;GCA_965177375.2;GCA_965177385.2;GCA_965177395.2;GCA_965177405.2;GCA_965177415.2;GCA_965177425.2;GCA_965177435.2;GCA_965177445.2;GCA_965177455.2;GCA_965177465.2;GCA_965177475.2;GCA_965177485.2;GCA_965177495.2;GCA_965177505.2;GCA_965177515.2;GCA_965177525.2;GCA_965177535.2;GCA_965177545.2;GCA_965177555.2;GCA_965177565.2;GCA_965177575.2;GCA_965177585.2;GCA_965177605.2;GCA_965177615.2;GCA_965177625.2;GCA_965177635.2;GCA_965177645.2;GCA_965177655.2;GCA_965177665.2;GCA_965177675.2;GCA_965177685.2;GCA_965177695.2;GCA_965177705.2;GCA_965177715.2;GCA_965177725.2;GCA_965177735.2;GCA_965177745.2;GCA_965177755.2;GCA_965177765.2;GCA_965177775.2;GCA_965177785.2;GCA_965177795.2;GCA_965177805.2;GCA_965177825.2;GCA_974728815.1;GCA_976986615.1;GCA_976986625.1;GCA_976986635.2;GCA_977927225.1;GCA_977927245.1;GCA_977927255.1;GCA_977927265.1;GCA_977927285.1;GCA_977970235.1;GCF_000003055.6;GCF_000003205.7;GCF_002263795.3
Bos taurus	frameshift_deletion|ex6|pos509|len1	frameshift_deletion	exon_6	6.0	509.0	2181.0	727.0	1.0		True	1	1	203	0.0049261083743842365	LOW	GCA_964019275.1
Bos taurus	frameshift_deletion|ex6|pos737|len5	frameshift_deletion	exon_6	6.0	737.0	2409.0	803.0	5.0		True	203	203	203	1.0	HIGH	GCA_000003055.5;GCA_000003205.6;GCA_002263795.4;GCA_021234555.1;GCA_021347905.1;GCA_024542955.1;GCA_028973685.2;GCA_033032115.1;GCA_034097375.1;GCA_039881175.1;GCA_040285425.1;GCA_040286185.1;GCA_043882115.1;GCA_047652215.1;GCA_049634445.1;GCA_049634505.1;GCA_049634545.1;GCA_049634565.1;GCA_049634675.1;GCA_049634715.1;GCA_051106085.1;GCA_051122635.1;GCA_054825135.1;GCA_055691375.1;GCA_055691405.1;GCA_056162995.1;GCA_056748525.1;GCA_057190615.1;GCA_059336145.1;GCA_059997585.1;GCA_905123515.1;GCA_905123885.1;GCA_914753205.1;GCA_947034695.1;GCA_963920245.1;GCA_963920255.1;GCA_963920265.1;GCA_963921495.1;GCA_964019205.1;GCA_964019215.2;GCA_964019225.2;GCA_964019235.2;GCA_964019245.2;GCA_964019265.2;GCA_964019275.1;GCA_964019295.2;GCA_965153475.2;GCA_965153485.2;GCA_965153495.2;GCA_965153505.2;GCA_965153515.2;GCA_965153525.2;GCA_965153535.2;GCA_965153545.2;GCA_965153555.2;GCA_965153565.2;GCA_965153575.2;GCA_965153585.2;GCA_965153595.2;GCA_965153605.2;GCA_965153615.2;GCA_965153625.2;GCA_965153635.2;GCA_965153645.2;GCA_965153655.2;GCA_965153665.2;GCA_965153675.2;GCA_965153685.2;GCA_965153695.2;GCA_965153705.2;GCA_965153715.2;GCA_965153725.2;GCA_965153735.2;GCA_965153745.2;GCA_965153755.2;GCA_965153765.2;GCA_965153775.2;GCA_965153785.2;GCA_965153795.2;GCA_965153805.2;GCA_965153815.2;GCA_965153825.2;GCA_965153835.2;GCA_965153845.2;GCA_965153855.2;GCA_965153865.2;GCA_965153875.2;GCA_965153885.2;GCA_965153895.2;GCA_965153905.2;GCA_965153915.2;GCA_965153925.2;GCA_965153935.2;GCA_965153945.2;GCA_965153955.2;GCA_965153965.2;GCA_965153975.2;GCA_965153985.2;GCA_965153995.2;GCA_965154005.2;GCA_965154015.2;GCA_965154025.2;GCA_965154035.2;GCA_965154045.2;GCA_965154055.2;GCA_965154065.2;GCA_965154075.2;GCA_965154085.2;GCA_965154095.2;GCA_965154105.2;GCA_965154155.2;GCA_965154165.2;GCA_965154175.2;GCA_965154185.2;GCA_965154195.2;GCA_965154205.2;GCA_965154215.2;GCA_965154225.2;GCA_965154235.2;GCA_965154245.2;GCA_965154255.2;GCA_965154265.2;GCA_965154275.2;GCA_965154285.2;GCA_965154295.2;GCA_965154305.2;GCA_965154315.2;GCA_965154325.2;GCA_965154335.2;GCA_965154345.2;GCA_965154355.2;GCA_965154365.2;GCA_965154375.2;GCA_965154385.2;GCA_965154395.2;GCA_965154405.2;GCA_965154415.2;GCA_965154425.2;GCA_965154435.2;GCA_965154445.2;GCA_965177315.2;GCA_965177325.2;GCA_965177335.2;GCA_965177345.2;GCA_965177355.2;GCA_965177365.2;GCA_965177375.2;GCA_965177385.2;GCA_965177395.2;GCA_965177405.2;GCA_965177415.2;GCA_965177425.2;GCA_965177435.2;GCA_965177445.2;GCA_965177455.2;GCA_965177465.2;GCA_965177475.2;GCA_965177485.2;GCA_965177495.2;GCA_965177505.2;GCA_965177515.2;GCA_965177525.2;GCA_965177535.2;GCA_965177545.2;GCA_965177555.2;GCA_965177565.2;GCA_965177575.2;GCA_965177585.2;GCA_965177605.2;GCA_965177615.2;GCA_965177625.2;GCA_965177635.2;GCA_965177645.2;GCA_965177655.2;GCA_965177665.2;GCA_965177675.2;GCA_965177685.2;GCA_965177695.2;GCA_965177705.2;GCA_965177715.2;GCA_965177725.2;GCA_965177735.2;GCA_965177745.2;GCA_965177755.2;GCA_965177765.2;GCA_965177775.2;GCA_965177785.2;GCA_965177795.2;GCA_965177805.2;GCA_965177825.2;GCA_974728815.1;GCA_976986615.1;GCA_976986625.1;GCA_976986635.2;GCA_977927225.1;GCA_977927245.1;GCA_977927255.1;GCA_977927265.1;GCA_977927285.1;GCA_977970235.1;GCF_000003055.6;GCF_000003205.7;GCF_002263795.3
Bos taurus	frameshift_deletion|ex6|pos827|len1	frameshift_deletion	exon_6	6.0	827.0	2499.0	833.0	1.0		True	2	2	203	0.009852216748768473	LOW	GCA_964019205.1;GCA_964019275.1
Bos taurus	frameshift_induced_stop|ex1|codon27	frameshift_induced_stop	exon_1	1.0	81.0	81.0	27.0			True	1	1	204	0.004901960784313725	LOW	GCA_964019275.1
Bos taurus	frameshift_induced_stop|ex1|codon46	frameshift_induced_stop	exon_1	1.0	136.0	136.0	46.0			True	1	1	204	0.004901960784313725	LOW	GCA_964019275.1
Bos taurus	frameshift_induced_stop|ex2|codon119	frameshift_induced_stop	exon_2	2.0	161.0	355.0	119.0			True	1	1	204	0.004901960784313725	LOW	GCA_964019255.2
Bos taurus	frameshift_induced_stop|ex2|codon159	frameshift_induced_stop	exon_2	2.0	283.0	477.0	159.0			True	1	1	204	0.004901960784313725	LOW	GCA_964019255.2
Bos taurus	frameshift_induced_stop|ex2|codon77	frameshift_induced_stop	exon_2	2.0	37.0	231.0	77.0			True	202	202	204	0.9901960784313726	HIGH	GCA_000003055.5;GCA_000003205.6;GCA_002263795.4;GCA_021234555.1;GCA_021347905.1;GCA_024542955.1;GCA_028973685.2;GCA_033032115.1;GCA_034097375.1;GCA_039881175.1;GCA_040285425.1;GCA_040286185.1;GCA_043882115.1;GCA_047652215.1;GCA_049634445.1;GCA_049634505.1;GCA_049634545.1;GCA_049634565.1;GCA_049634675.1;GCA_049634715.1;GCA_051106085.1;GCA_051122635.1;GCA_054825135.1;GCA_055691375.1;GCA_055691405.1;GCA_056162995.1;GCA_056748525.1;GCA_057190615.1;GCA_059336145.1;GCA_059997585.1;GCA_905123515.1;GCA_905123885.1;GCA_914753205.1;GCA_947034695.1;GCA_963920245.1;GCA_963920255.1;GCA_963920265.1;GCA_963921495.1;GCA_964019205.1;GCA_964019215.2;GCA_964019225.2;GCA_964019235.2;GCA_964019245.2;GCA_964019265.2;GCA_964019295.2;GCA_965153475.2;GCA_965153485.2;GCA_965153495.2;GCA_965153505.2;GCA_965153515.2;GCA_965153525.2;GCA_965153535.2;GCA_965153545.2;GCA_965153555.2;GCA_965153565.2;GCA_965153575.2;GCA_965153585.2;GCA_965153595.2;GCA_965153605.2;GCA_965153615.2;GCA_965153625.2;GCA_965153635.2;GCA_965153645.2;GCA_965153655.2;GCA_965153665.2;GCA_965153675.2;GCA_965153685.2;GCA_965153695.2;GCA_965153705.2;GCA_965153715.2;GCA_965153725.2;GCA_965153735.2;GCA_965153745.2;GCA_965153755.2;GCA_965153765.2;GCA_965153775.2;GCA_965153785.2;GCA_965153795.2;GCA_965153805.2;GCA_965153815.2;GCA_965153825.2;GCA_965153835.2;GCA_965153845.2;GCA_965153855.2;GCA_965153865.2;GCA_965153875.2;GCA_965153885.2;GCA_965153895.2;GCA_965153905.2;GCA_965153915.2;GCA_965153925.2;GCA_965153935.2;GCA_965153945.2;GCA_965153955.2;GCA_965153965.2;GCA_965153975.2;GCA_965153985.2;GCA_965153995.2;GCA_965154005.2;GCA_965154015.2;GCA_965154025.2;GCA_965154035.2;GCA_965154045.2;GCA_965154055.2;GCA_965154065.2;GCA_965154075.2;GCA_965154085.2;GCA_965154095.2;GCA_965154105.2;GCA_965154155.2;GCA_965154165.2;GCA_965154175.2;GCA_965154185.2;GCA_965154195.2;GCA_965154205.2;GCA_965154215.2;GCA_965154225.2;GCA_965154235.2;GCA_965154245.2;GCA_965154255.2;GCA_965154265.2;GCA_965154275.2;GCA_965154285.2;GCA_965154295.2;GCA_965154305.2;GCA_965154315.2;GCA_965154325.2;GCA_965154335.2;GCA_965154345.2;GCA_965154355.2;GCA_965154365.2;GCA_965154375.2;GCA_965154385.2;GCA_965154395.2;GCA_965154405.2;GCA_965154415.2;GCA_965154425.2;GCA_965154435.2;GCA_965154445.2;GCA_965177315.2;GCA_965177325.2;GCA_965177335.2;GCA_965177345.2;GCA_965177355.2;GCA_965177365.2;GCA_965177375.2;GCA_965177385.2;GCA_965177395.2;GCA_965177405.2;GCA_965177415.2;GCA_965177425.2;GCA_965177435.2;GCA_965177445.2;GCA_965177455.2;GCA_965177465.2;GCA_965177475.2;GCA_965177485.2;GCA_965177495.2;GCA_965177505.2;GCA_965177515.2;GCA_965177525.2;GCA_965177535.2;GCA_965177545.2;GCA_965177555.2;GCA_965177565.2;GCA_965177575.2;GCA_965177585.2;GCA_965177605.2;GCA_965177615.2;GCA_965177625.2;GCA_965177635.2;GCA_965177645.2;GCA_965177655.2;GCA_965177665.2;GCA_965177675.2;GCA_965177685.2;GCA_965177695.2;GCA_965177705.2;GCA_965177715.2;GCA_965177725.2;GCA_965177735.2;GCA_965177745.2;GCA_965177755.2;GCA_965177765.2;GCA_965177775.2;GCA_965177785.2;GCA_965177795.2;GCA_965177805.2;GCA_965177825.2;GCA_974728815.1;GCA_976986615.1;GCA_976986625.1;GCA_976986635.2;GCA_977927225.1;GCA_977927245.1;GCA_977927255.1;GCA_977927265.1;GCA_977927285.1;GCA_977970235.1;GCF_000003055.6;GCF_000003205.7;GCF_002263795.3
Bos taurus	frameshift_induced_stop|ex2|codon78	frameshift_induced_stop	exon_2	2.0	40.0	234.0	78.0			True	1	1	204	0.004901960784313725	LOW	GCA_964019255.2
Bos taurus	frameshift_induced_stop|ex2|codon86	frameshift_induced_stop	exon_2	2.0	62.0	256.0	86.0			True	1	1	204	0.004901960784313725	LOW	GCA_964019275.1
Bos taurus	frameshift_induced_stop|ex2|codon95	frameshift_induced_stop	exon_2	2.0	91.0	285.0	95.0			True	1	1	204	0.004901960784313725	LOW	GCA_964019255.2
Bos taurus	frameshift_induced_stop|ex3|codon170	frameshift_induced_stop	exon_3	3.0	10.0	508.0	170.0			True	1	1	204	0.004901960784313725	LOW	GCA_964019205.1
Bos taurus	frameshift_induced_stop|ex3|codon218	frameshift_induced_stop	exon_3	3.0	154.0	652.0	218.0			True	202	202	204	0.9901960784313726	HIGH	GCA_000003055.5;GCA_000003205.6;GCA_002263795.4;GCA_021234555.1;GCA_021347905.1;GCA_024542955.1;GCA_028973685.2;GCA_033032115.1;GCA_034097375.1;GCA_039881175.1;GCA_040285425.1;GCA_040286185.1;GCA_043882115.1;GCA_047652215.1;GCA_049634445.1;GCA_049634505.1;GCA_049634545.1;GCA_049634565.1;GCA_049634675.1;GCA_049634715.1;GCA_051106085.1;GCA_051122635.1;GCA_054825135.1;GCA_055691375.1;GCA_055691405.1;GCA_056162995.1;GCA_056748525.1;GCA_057190615.1;GCA_059336145.1;GCA_059997585.1;GCA_905123515.1;GCA_905123885.1;GCA_914753205.1;GCA_947034695.1;GCA_963920245.1;GCA_963920255.1;GCA_963920265.1;GCA_963921495.1;GCA_964019215.2;GCA_964019225.2;GCA_964019235.2;GCA_964019245.2;GCA_964019255.2;GCA_964019265.2;GCA_964019295.2;GCA_965153475.2;GCA_965153485.2;GCA_965153495.2;GCA_965153505.2;GCA_965153515.2;GCA_965153525.2;GCA_965153535.2;GCA_965153545.2;GCA_965153555.2;GCA_965153565.2;GCA_965153575.2;GCA_965153585.2;GCA_965153595.2;GCA_965153605.2;GCA_965153615.2;GCA_965153625.2;GCA_965153635.2;GCA_965153645.2;GCA_965153655.2;GCA_965153665.2;GCA_965153675.2;GCA_965153685.2;GCA_965153695.2;GCA_965153705.2;GCA_965153715.2;GCA_965153725.2;GCA_965153735.2;GCA_965153745.2;GCA_965153755.2;GCA_965153765.2;GCA_965153775.2;GCA_965153785.2;GCA_965153795.2;GCA_965153805.2;GCA_965153815.2;GCA_965153825.2;GCA_965153835.2;GCA_965153845.2;GCA_965153855.2;GCA_965153865.2;GCA_965153875.2;GCA_965153885.2;GCA_965153895.2;GCA_965153905.2;GCA_965153915.2;GCA_965153925.2;GCA_965153935.2;GCA_965153945.2;GCA_965153955.2;GCA_965153965.2;GCA_965153975.2;GCA_965153985.2;GCA_965153995.2;GCA_965154005.2;GCA_965154015.2;GCA_965154025.2;GCA_965154035.2;GCA_965154045.2;GCA_965154055.2;GCA_965154065.2;GCA_965154075.2;GCA_965154085.2;GCA_965154095.2;GCA_965154105.2;GCA_965154155.2;GCA_965154165.2;GCA_965154175.2;GCA_965154185.2;GCA_965154195.2;GCA_965154205.2;GCA_965154215.2;GCA_965154225.2;GCA_965154235.2;GCA_965154245.2;GCA_965154255.2;GCA_965154265.2;GCA_965154275.2;GCA_965154285.2;GCA_965154295.2;GCA_965154305.2;GCA_965154315.2;GCA_965154325.2;GCA_965154335.2;GCA_965154345.2;GCA_965154355.2;GCA_965154365.2;GCA_965154375.2;GCA_965154385.2;GCA_965154395.2;GCA_965154405.2;GCA_965154415.2;GCA_965154425.2;GCA_965154435.2;GCA_965154445.2;GCA_965177315.2;GCA_965177325.2;GCA_965177335.2;GCA_965177345.2;GCA_965177355.2;GCA_965177365.2;GCA_965177375.2;GCA_965177385.2;GCA_965177395.2;GCA_965177405.2;GCA_965177415.2;GCA_965177425.2;GCA_965177435.2;GCA_965177445.2;GCA_965177455.2;GCA_965177465.2;GCA_965177475.2;GCA_965177485.2;GCA_965177495.2;GCA_965177505.2;GCA_965177515.2;GCA_965177525.2;GCA_965177535.2;GCA_965177545.2;GCA_965177555.2;GCA_965177565.2;GCA_965177575.2;GCA_965177585.2;GCA_965177605.2;GCA_965177615.2;GCA_965177625.2;GCA_965177635.2;GCA_965177645.2;GCA_965177655.2;GCA_965177665.2;GCA_965177675.2;GCA_965177685.2;GCA_965177695.2;GCA_965177705.2;GCA_965177715.2;GCA_965177725.2;GCA_965177735.2;GCA_965177745.2;GCA_965177755.2;GCA_965177765.2;GCA_965177775.2;GCA_965177785.2;GCA_965177795.2;GCA_965177805.2;GCA_965177825.2;GCA_974728815.1;GCA_976986615.1;GCA_976986625.1;GCA_976986635.2;GCA_977927225.1;GCA_977927245.1;GCA_977927255.1;GCA_977927265.1;GCA_977927285.1;GCA_977970235.1;GCF_000003055.6;GCF_000003205.7;GCF_002263795.3
Bos taurus	frameshift_induced_stop|ex3|codon239	frameshift_induced_stop	exon_3	3.0	219.0	717.0	239.0			True	2	2	204	0.00980392156862745	LOW	GCA_964019205.1;GCA_964019275.1
Bos taurus	frameshift_induced_stop|ex3|codon263	frameshift_induced_stop	exon_3	3.0	289.0	787.0	263.0			True	1	1	204	0.004901960784313725	LOW	GCA_964019275.1
Bos taurus	frameshift_induced_stop|ex3|codon317	frameshift_induced_stop	exon_3	3.0	453.0	951.0	317.0			True	1	1	204	0.004901960784313725	LOW	GCA_964019275.1
Bos taurus	frameshift_induced_stop|ex3|codon349	frameshift_induced_stop	exon_3	3.0	547.0	1045.0	349.0			True	1	1	204	0.004901960784313725	LOW	GCA_964019205.1
Bos taurus	frameshift_induced_stop|ex3|codon398	frameshift_induced_stop	exon_3	3.0	696.0	1194.0	398.0			True	51	51	204	0.25	LOW	GCA_021347905.1;GCA_028973685.2;GCA_033032115.1;GCA_040285425.1;GCA_047652215.1;GCA_049634445.1;GCA_049634505.1;GCA_051106085.1;GCA_056162995.1;GCA_057190615.1;GCA_059336145.1;GCA_964019225.2;GCA_964019235.2;GCA_964019245.2;GCA_965153555.2;GCA_965153565.2;GCA_965153575.2;GCA_965153645.2;GCA_965153725.2;GCA_965153765.2;GCA_965153805.2;GCA_965153855.2;GCA_965153925.2;GCA_965153965.2;GCA_965153985.2;GCA_965154155.2;GCA_965154165.2;GCA_965154175.2;GCA_965154185.2;GCA_965154205.2;GCA_965154245.2;GCA_965154275.2;GCA_965154285.2;GCA_965154295.2;GCA_965154305.2;GCA_965154315.2;GCA_965154365.2;GCA_965154375.2;GCA_965154405.2;GCA_965154425.2;GCA_965177315.2;GCA_965177325.2;GCA_965177405.2;GCA_965177435.2;GCA_965177555.2;GCA_965177565.2;GCA_965177575.2;GCA_965177705.2;GCA_965177735.2;GCA_965177745.2;GCA_976986615.1
Bos taurus	frameshift_induced_stop|ex4|codon470	frameshift_induced_stop	exon_4	4.0	75.0	1410.0	470.0			True	51	51	203	0.2512315270935961	LOW	GCA_021347905.1;GCA_028973685.2;GCA_033032115.1;GCA_040285425.1;GCA_047652215.1;GCA_049634445.1;GCA_049634505.1;GCA_051106085.1;GCA_056162995.1;GCA_057190615.1;GCA_059336145.1;GCA_964019225.2;GCA_964019235.2;GCA_964019245.2;GCA_965153555.2;GCA_965153565.2;GCA_965153575.2;GCA_965153645.2;GCA_965153725.2;GCA_965153765.2;GCA_965153805.2;GCA_965153855.2;GCA_965153925.2;GCA_965153965.2;GCA_965153985.2;GCA_965154155.2;GCA_965154165.2;GCA_965154175.2;GCA_965154185.2;GCA_965154205.2;GCA_965154245.2;GCA_965154275.2;GCA_965154285.2;GCA_965154295.2;GCA_965154305.2;GCA_965154315.2;GCA_965154365.2;GCA_965154375.2;GCA_965154405.2;GCA_965154425.2;GCA_965177315.2;GCA_965177325.2;GCA_965177405.2;GCA_965177435.2;GCA_965177555.2;GCA_965177565.2;GCA_965177575.2;GCA_965177705.2;GCA_965177735.2;GCA_965177745.2;GCA_976986615.1
Bos taurus	frameshift_induced_stop|ex4|codon496	frameshift_induced_stop	exon_4	4.0	153.0	1488.0	496.0			True	146	146	203	0.7192118226600985	HIGH	GCA_000003055.5;GCA_000003205.6;GCA_002263795.4;GCA_021234555.1;GCA_024542955.1;GCA_034097375.1;GCA_039881175.1;GCA_040286185.1;GCA_043882115.1;GCA_049634545.1;GCA_049634565.1;GCA_049634675.1;GCA_049634715.1;GCA_054825135.1;GCA_055691375.1;GCA_055691405.1;GCA_056748525.1;GCA_059997585.1;GCA_905123515.1;GCA_905123885.1;GCA_914753205.1;GCA_947034695.1;GCA_963920245.1;GCA_963920255.1;GCA_963921495.1;GCA_964019215.2;GCA_964019265.2;GCA_964019295.2;GCA_965153475.2;GCA_965153485.2;GCA_965153495.2;GCA_965153505.2;GCA_965153515.2;GCA_965153525.2;GCA_965153535.2;GCA_965153545.2;GCA_965153585.2;GCA_965153595.2;GCA_965153605.2;GCA_965153615.2;GCA_965153625.2;GCA_965153635.2;GCA_965153655.2;GCA_965153665.2;GCA_965153685.2;GCA_965153695.2;GCA_965153705.2;GCA_965153715.2;GCA_965153735.2;GCA_965153745.2;GCA_965153755.2;GCA_965153775.2;GCA_965153785.2;GCA_965153795.2;GCA_965153815.2;GCA_965153825.2;GCA_965153835.2;GCA_965153845.2;GCA_965153865.2;GCA_965153875.2;GCA_965153885.2;GCA_965153895.2;GCA_965153905.2;GCA_965153915.2;GCA_965153935.2;GCA_965153945.2;GCA_965153955.2;GCA_965153975.2;GCA_965153995.2;GCA_965154005.2;GCA_965154015.2;GCA_965154025.2;GCA_965154035.2;GCA_965154045.2;GCA_965154055.2;GCA_965154065.2;GCA_965154075.2;GCA_965154085.2;GCA_965154095.2;GCA_965154105.2;GCA_965154195.2;GCA_965154215.2;GCA_965154225.2;GCA_965154235.2;GCA_965154255.2;GCA_965154265.2;GCA_965154325.2;GCA_965154335.2;GCA_965154345.2;GCA_965154355.2;GCA_965154385.2;GCA_965154395.2;GCA_965154415.2;GCA_965154435.2;GCA_965154445.2;GCA_965177335.2;GCA_965177345.2;GCA_965177355.2;GCA_965177365.2;GCA_965177375.2;GCA_965177385.2;GCA_965177395.2;GCA_965177415.2;GCA_965177425.2;GCA_965177445.2;GCA_965177455.2;GCA_965177465.2;GCA_965177475.2;GCA_965177485.2;GCA_965177495.2;GCA_965177505.2;GCA_965177515.2;GCA_965177525.2;GCA_965177535.2;GCA_965177545.2;GCA_965177585.2;GCA_965177605.2;GCA_965177615.2;GCA_965177625.2;GCA_965177635.2;GCA_965177645.2;GCA_965177655.2;GCA_965177665.2;GCA_965177675.2;GCA_965177685.2;GCA_965177695.2;GCA_965177715.2;GCA_965177755.2;GCA_965177765.2;GCA_965177775.2;GCA_965177785.2;GCA_965177795.2;GCA_965177805.2;GCA_965177825.2;GCA_974728815.1;GCA_976986625.1;GCA_976986635.2;GCA_977927225.1;GCA_977927245.1;GCA_977927255.1;GCA_977927265.1;GCA_977927285.1;GCA_977970235.1;GCF_000003055.6;GCF_000003205.7;GCF_002263795.3
Bos taurus	frameshift_induced_stop|ex6|codon581	frameshift_induced_stop	exon_6	6.0	69.0	1741.0	581.0			True	1	1	203	0.0049261083743842365	LOW	GCA_964019275.1
Bos taurus	frameshift_induced_stop|ex6|codon668	frameshift_induced_stop	exon_6	6.0	332.0	2004.0	668.0			True	44	44	203	0.21674876847290642	LOW	GCA_021347905.1;GCA_033032115.1;GCA_040285425.1;GCA_057190615.1;GCA_964019225.2;GCA_964019235.2;GCA_964019245.2;GCA_965153555.2;GCA_965153565.2;GCA_965153575.2;GCA_965153645.2;GCA_965153725.2;GCA_965153765.2;GCA_965153805.2;GCA_965153855.2;GCA_965153925.2;GCA_965153965.2;GCA_965153985.2;GCA_965154155.2;GCA_965154165.2;GCA_965154175.2;GCA_965154185.2;GCA_965154205.2;GCA_965154245.2;GCA_965154275.2;GCA_965154285.2;GCA_965154295.2;GCA_965154305.2;GCA_965154315.2;GCA_965154365.2;GCA_965154375.2;GCA_965154405.2;GCA_965154425.2;GCA_965177315.2;GCA_965177325.2;GCA_965177405.2;GCA_965177435.2;GCA_965177555.2;GCA_965177565.2;GCA_965177575.2;GCA_965177705.2;GCA_965177735.2;GCA_965177745.2;GCA_976986615.1
Bos taurus	frameshift_induced_stop|ex6|codon698	frameshift_induced_stop	exon_6	6.0	422.0	2094.0	698.0			True	145	145	203	0.7142857142857143	HIGH	GCA_000003055.5;GCA_000003205.6;GCA_002263795.4;GCA_021234555.1;GCA_024542955.1;GCA_034097375.1;GCA_039881175.1;GCA_040286185.1;GCA_043882115.1;GCA_049634545.1;GCA_049634565.1;GCA_049634675.1;GCA_049634715.1;GCA_054825135.1;GCA_055691375.1;GCA_055691405.1;GCA_056748525.1;GCA_059997585.1;GCA_905123515.1;GCA_914753205.1;GCA_947034695.1;GCA_963920245.1;GCA_963920255.1;GCA_963921495.1;GCA_964019215.2;GCA_964019265.2;GCA_964019295.2;GCA_965153475.2;GCA_965153485.2;GCA_965153495.2;GCA_965153505.2;GCA_965153515.2;GCA_965153525.2;GCA_965153535.2;GCA_965153545.2;GCA_965153585.2;GCA_965153595.2;GCA_965153605.2;GCA_965153615.2;GCA_965153625.2;GCA_965153635.2;GCA_965153655.2;GCA_965153665.2;GCA_965153685.2;GCA_965153695.2;GCA_965153705.2;GCA_965153715.2;GCA_965153735.2;GCA_965153745.2;GCA_965153755.2;GCA_965153775.2;GCA_965153785.2;GCA_965153795.2;GCA_965153815.2;GCA_965153825.2;GCA_965153835.2;GCA_965153845.2;GCA_965153865.2;GCA_965153875.2;GCA_965153885.2;GCA_965153895.2;GCA_965153905.2;GCA_965153915.2;GCA_965153935.2;GCA_965153945.2;GCA_965153955.2;GCA_965153975.2;GCA_965153995.2;GCA_965154005.2;GCA_965154015.2;GCA_965154025.2;GCA_965154035.2;GCA_965154045.2;GCA_965154055.2;GCA_965154065.2;GCA_965154075.2;GCA_965154085.2;GCA_965154095.2;GCA_965154105.2;GCA_965154195.2;GCA_965154215.2;GCA_965154225.2;GCA_965154235.2;GCA_965154255.2;GCA_965154265.2;GCA_965154325.2;GCA_965154335.2;GCA_965154345.2;GCA_965154355.2;GCA_965154385.2;GCA_965154395.2;GCA_965154415.2;GCA_965154435.2;GCA_965154445.2;GCA_965177335.2;GCA_965177345.2;GCA_965177355.2;GCA_965177365.2;GCA_965177375.2;GCA_965177385.2;GCA_965177395.2;GCA_965177415.2;GCA_965177425.2;GCA_965177445.2;GCA_965177455.2;GCA_965177465.2;GCA_965177475.2;GCA_965177485.2;GCA_965177495.2;GCA_965177505.2;GCA_965177515.2;GCA_965177525.2;GCA_965177535.2;GCA_965177545.2;GCA_965177585.2;GCA_965177605.2;GCA_965177615.2;GCA_965177625.2;GCA_965177635.2;GCA_965177645.2;GCA_965177655.2;GCA_965177665.2;GCA_965177675.2;GCA_965177685.2;GCA_965177695.2;GCA_965177715.2;GCA_965177755.2;GCA_965177765.2;GCA_965177775.2;GCA_965177785.2;GCA_965177795.2;GCA_965177805.2;GCA_965177825.2;GCA_974728815.1;GCA_976986625.1;GCA_976986635.2;GCA_977927225.1;GCA_977927245.1;GCA_977927255.1;GCA_977927265.1;GCA_977927285.1;GCA_977970235.1;GCF_000003055.6;GCF_000003205.7;GCF_002263795.3
Bos taurus	frameshift_induced_stop|ex6|codon715	frameshift_induced_stop	exon_6	6.0	473.0	2145.0	715.0			True	7	7	203	0.034482758620689655	LOW	GCA_028973685.2;GCA_047652215.1;GCA_049634445.1;GCA_049634505.1;GCA_051106085.1;GCA_056162995.1;GCA_059336145.1
Bos taurus	frameshift_induced_stop|ex6|codon722	frameshift_induced_stop	exon_6	6.0	493.0	2165.0	722.0			True	44	44	203	0.21674876847290642	LOW	GCA_021347905.1;GCA_033032115.1;GCA_040285425.1;GCA_057190615.1;GCA_964019225.2;GCA_964019235.2;GCA_964019245.2;GCA_965153555.2;GCA_965153565.2;GCA_965153575.2;GCA_965153645.2;GCA_965153725.2;GCA_965153765.2;GCA_965153805.2;GCA_965153855.2;GCA_965153925.2;GCA_965153965.2;GCA_965153985.2;GCA_965154155.2;GCA_965154165.2;GCA_965154175.2;GCA_965154185.2;GCA_965154205.2;GCA_965154245.2;GCA_965154275.2;GCA_965154285.2;GCA_965154295.2;GCA_965154305.2;GCA_965154315.2;GCA_965154365.2;GCA_965154375.2;GCA_965154405.2;GCA_965154425.2;GCA_965177315.2;GCA_965177325.2;GCA_965177405.2;GCA_965177435.2;GCA_965177555.2;GCA_965177565.2;GCA_965177575.2;GCA_965177705.2;GCA_965177735.2;GCA_965177745.2;GCA_976986615.1
Bos taurus	frameshift_induced_stop|ex6|codon745	frameshift_induced_stop	exon_6	6.0	561.0	2233.0	745.0			True	8	8	203	0.03940886699507389	LOW	GCA_024542955.1;GCA_051122635.1;GCA_963920245.1;GCA_963920265.1;GCA_964019205.1;GCA_964019275.1;GCA_965153675.2;GCA_965177725.2
Bos taurus	frameshift_induced_stop|ex6|codon786	frameshift_induced_stop	exon_6	6.0	686.0	2358.0	786.0			True	1	1	203	0.0049261083743842365	LOW	GCA_905123885.1
Bos taurus	frameshift_induced_stop|ex6|codon821	frameshift_induced_stop	exon_6	6.0	791.0	2463.0	821.0			True	145	145	203	0.7142857142857143	HIGH	GCA_000003055.5;GCA_000003205.6;GCA_002263795.4;GCA_021234555.1;GCA_024542955.1;GCA_034097375.1;GCA_039881175.1;GCA_040286185.1;GCA_043882115.1;GCA_049634545.1;GCA_049634565.1;GCA_049634675.1;GCA_049634715.1;GCA_054825135.1;GCA_055691375.1;GCA_055691405.1;GCA_056748525.1;GCA_059997585.1;GCA_905123515.1;GCA_914753205.1;GCA_947034695.1;GCA_963920245.1;GCA_963920255.1;GCA_963921495.1;GCA_964019215.2;GCA_964019265.2;GCA_964019295.2;GCA_965153475.2;GCA_965153485.2;GCA_965153495.2;GCA_965153505.2;GCA_965153515.2;GCA_965153525.2;GCA_965153535.2;GCA_965153545.2;GCA_965153585.2;GCA_965153595.2;GCA_965153605.2;GCA_965153615.2;GCA_965153625.2;GCA_965153635.2;GCA_965153655.2;GCA_965153665.2;GCA_965153685.2;GCA_965153695.2;GCA_965153705.2;GCA_965153715.2;GCA_965153735.2;GCA_965153745.2;GCA_965153755.2;GCA_965153775.2;GCA_965153785.2;GCA_965153795.2;GCA_965153815.2;GCA_965153825.2;GCA_965153835.2;GCA_965153845.2;GCA_965153865.2;GCA_965153875.2;GCA_965153885.2;GCA_965153895.2;GCA_965153905.2;GCA_965153915.2;GCA_965153935.2;GCA_965153945.2;GCA_965153955.2;GCA_965153975.2;GCA_965153995.2;GCA_965154005.2;GCA_965154015.2;GCA_965154025.2;GCA_965154035.2;GCA_965154045.2;GCA_965154055.2;GCA_965154065.2;GCA_965154075.2;GCA_965154085.2;GCA_965154095.2;GCA_965154105.2;GCA_965154195.2;GCA_965154215.2;GCA_965154225.2;GCA_965154235.2;GCA_965154255.2;GCA_965154265.2;GCA_965154325.2;GCA_965154335.2;GCA_965154345.2;GCA_965154355.2;GCA_965154385.2;GCA_965154395.2;GCA_965154415.2;GCA_965154435.2;GCA_965154445.2;GCA_965177335.2;GCA_965177345.2;GCA_965177355.2;GCA_965177365.2;GCA_965177375.2;GCA_965177385.2;GCA_965177395.2;GCA_965177415.2;GCA_965177425.2;GCA_965177445.2;GCA_965177455.2;GCA_965177465.2;GCA_965177475.2;GCA_965177485.2;GCA_965177495.2;GCA_965177505.2;GCA_965177515.2;GCA_965177525.2;GCA_965177535.2;GCA_965177545.2;GCA_965177585.2;GCA_965177605.2;GCA_965177615.2;GCA_965177625.2;GCA_965177635.2;GCA_965177645.2;GCA_965177655.2;GCA_965177665.2;GCA_965177675.2;GCA_965177685.2;GCA_965177695.2;GCA_965177715.2;GCA_965177755.2;GCA_965177765.2;GCA_965177775.2;GCA_965177785.2;GCA_965177795.2;GCA_965177805.2;GCA_965177825.2;GCA_974728815.1;GCA_976986625.1;GCA_976986635.2;GCA_977927225.1;GCA_977927245.1;GCA_977927255.1;GCA_977927265.1;GCA_977927285.1;GCA_977970235.1;GCF_000003055.6;GCF_000003205.7;GCF_002263795.3
Bos taurus	frameshift_induced_stop|ex6|codon842	frameshift_induced_stop	exon_6	6.0	852.0	2524.0	842.0			True	2	2	203	0.009852216748768473	LOW	GCA_964019205.1;GCA_964019275.1
Bos taurus	frameshift_insertion|ex2|pos114|len2	frameshift_insertion	exon_2	2.0	114.0	308.0	103.0	2.0		True	1	1	204	0.004901960784313725	LOW	GCA_964019255.2
Bos taurus	frameshift_insertion|ex2|pos143|len1	frameshift_insertion	exon_2	2.0	143.0	337.0	113.0	1.0		True	1	1	204	0.004901960784313725	LOW	GCA_964019255.2
Bos taurus	frameshift_insertion|ex2|pos156|len1	frameshift_insertion	exon_2	2.0	156.0	350.0	117.0	1.0		True	1	1	204	0.004901960784313725	LOW	GCA_964019255.2
Bos taurus	frameshift_insertion|ex2|pos206|len1	frameshift_insertion	exon_2	2.0	206.0	400.0	134.0	1.0		True	1	1	204	0.004901960784313725	LOW	GCA_964019255.2
Bos taurus	frameshift_insertion|ex2|pos253|len1	frameshift_insertion	exon_2	2.0	253.0	447.0	149.0	1.0		True	1	1	204	0.004901960784313725	LOW	GCA_964019255.2
Bos taurus	frameshift_insertion|ex2|pos259|len1	frameshift_insertion	exon_2	2.0	259.0	453.0	151.0	1.0		True	1	1	204	0.004901960784313725	LOW	GCA_964019255.2
Bos taurus	frameshift_insertion|ex2|pos50|len1	frameshift_insertion	exon_2	2.0	50.0	244.0	82.0	1.0		True	1	1	204	0.004901960784313725	LOW	GCA_964019275.1
Bos taurus	frameshift_insertion|ex2|pos65|len2	frameshift_insertion	exon_2	2.0	65.0	259.0	87.0	2.0		True	1	1	204	0.004901960784313725	LOW	GCA_964019255.2
Bos taurus	frameshift_insertion|ex2|pos84|len1	frameshift_insertion	exon_2	2.0	84.0	278.0	93.0	1.0		True	1	1	204	0.004901960784313725	LOW	GCA_964019255.2
Bos taurus	frameshift_insertion|ex2|pos91|len2	frameshift_insertion	exon_2	2.0	91.0	285.0	95.0	2.0		True	1	1	204	0.004901960784313725	LOW	GCA_964019255.2
Bos taurus	frameshift_insertion|ex3|pos453|len1	frameshift_insertion	exon_3	3.0	453.0	951.0	317.0	1.0		True	1	1	204	0.004901960784313725	LOW	GCA_964019275.1
Bos taurus	frameshift_insertion|ex3|pos623|len2	frameshift_insertion	exon_3	3.0	623.0	1121.0	374.0	2.0		True	52	52	204	0.2549019607843137	LOW	GCA_021347905.1;GCA_028973685.2;GCA_033032115.1;GCA_040285425.1;GCA_047652215.1;GCA_049634445.1;GCA_049634505.1;GCA_051106085.1;GCA_056162995.1;GCA_057190615.1;GCA_059336145.1;GCA_964019205.1;GCA_964019225.2;GCA_964019235.2;GCA_964019245.2;GCA_965153555.2;GCA_965153565.2;GCA_965153575.2;GCA_965153645.2;GCA_965153725.2;GCA_965153765.2;GCA_965153805.2;GCA_965153855.2;GCA_965153925.2;GCA_965153965.2;GCA_965153985.2;GCA_965154155.2;GCA_965154165.2;GCA_965154175.2;GCA_965154185.2;GCA_965154205.2;GCA_965154245.2;GCA_965154275.2;GCA_965154285.2;GCA_965154295.2;GCA_965154305.2;GCA_965154315.2;GCA_965154365.2;GCA_965154375.2;GCA_965154405.2;GCA_965154425.2;GCA_965177315.2;GCA_965177325.2;GCA_965177405.2;GCA_965177435.2;GCA_965177555.2;GCA_965177565.2;GCA_965177575.2;GCA_965177705.2;GCA_965177735.2;GCA_965177745.2;GCA_976986615.1
Bos taurus	frameshift_insertion|ex6|pos325|len1	frameshift_insertion	exon_6	6.0	325.0	1997.0	666.0	1.0		True	203	203	203	1.0	HIGH	GCA_000003055.5;GCA_000003205.6;GCA_002263795.4;GCA_021234555.1;GCA_021347905.1;GCA_024542955.1;GCA_028973685.2;GCA_033032115.1;GCA_034097375.1;GCA_039881175.1;GCA_040285425.1;GCA_040286185.1;GCA_043882115.1;GCA_047652215.1;GCA_049634445.1;GCA_049634505.1;GCA_049634545.1;GCA_049634565.1;GCA_049634675.1;GCA_049634715.1;GCA_051106085.1;GCA_051122635.1;GCA_054825135.1;GCA_055691375.1;GCA_055691405.1;GCA_056162995.1;GCA_056748525.1;GCA_057190615.1;GCA_059336145.1;GCA_059997585.1;GCA_905123515.1;GCA_905123885.1;GCA_914753205.1;GCA_947034695.1;GCA_963920245.1;GCA_963920255.1;GCA_963920265.1;GCA_963921495.1;GCA_964019205.1;GCA_964019215.2;GCA_964019225.2;GCA_964019235.2;GCA_964019245.2;GCA_964019265.2;GCA_964019275.1;GCA_964019295.2;GCA_965153475.2;GCA_965153485.2;GCA_965153495.2;GCA_965153505.2;GCA_965153515.2;GCA_965153525.2;GCA_965153535.2;GCA_965153545.2;GCA_965153555.2;GCA_965153565.2;GCA_965153575.2;GCA_965153585.2;GCA_965153595.2;GCA_965153605.2;GCA_965153615.2;GCA_965153625.2;GCA_965153635.2;GCA_965153645.2;GCA_965153655.2;GCA_965153665.2;GCA_965153675.2;GCA_965153685.2;GCA_965153695.2;GCA_965153705.2;GCA_965153715.2;GCA_965153725.2;GCA_965153735.2;GCA_965153745.2;GCA_965153755.2;GCA_965153765.2;GCA_965153775.2;GCA_965153785.2;GCA_965153795.2;GCA_965153805.2;GCA_965153815.2;GCA_965153825.2;GCA_965153835.2;GCA_965153845.2;GCA_965153855.2;GCA_965153865.2;GCA_965153875.2;GCA_965153885.2;GCA_965153895.2;GCA_965153905.2;GCA_965153915.2;GCA_965153925.2;GCA_965153935.2;GCA_965153945.2;GCA_965153955.2;GCA_965153965.2;GCA_965153975.2;GCA_965153985.2;GCA_965153995.2;GCA_965154005.2;GCA_965154015.2;GCA_965154025.2;GCA_965154035.2;GCA_965154045.2;GCA_965154055.2;GCA_965154065.2;GCA_965154075.2;GCA_965154085.2;GCA_965154095.2;GCA_965154105.2;GCA_965154155.2;GCA_965154165.2;GCA_965154175.2;GCA_965154185.2;GCA_965154195.2;GCA_965154205.2;GCA_965154215.2;GCA_965154225.2;GCA_965154235.2;GCA_965154245.2;GCA_965154255.2;GCA_965154265.2;GCA_965154275.2;GCA_965154285.2;GCA_965154295.2;GCA_965154305.2;GCA_965154315.2;GCA_965154325.2;GCA_965154335.2;GCA_965154345.2;GCA_965154355.2;GCA_965154365.2;GCA_965154375.2;GCA_965154385.2;GCA_965154395.2;GCA_965154405.2;GCA_965154415.2;GCA_965154425.2;GCA_965154435.2;GCA_965154445.2;GCA_965177315.2;GCA_965177325.2;GCA_965177335.2;GCA_965177345.2;GCA_965177355.2;GCA_965177365.2;GCA_965177375.2;GCA_965177385.2;GCA_965177395.2;GCA_965177405.2;GCA_965177415.2;GCA_965177425.2;GCA_965177435.2;GCA_965177445.2;GCA_965177455.2;GCA_965177465.2;GCA_965177475.2;GCA_965177485.2;GCA_965177495.2;GCA_965177505.2;GCA_965177515.2;GCA_965177525.2;GCA_965177535.2;GCA_965177545.2;GCA_965177555.2;GCA_965177565.2;GCA_965177575.2;GCA_965177585.2;GCA_965177605.2;GCA_965177615.2;GCA_965177625.2;GCA_965177635.2;GCA_965177645.2;GCA_965177655.2;GCA_965177665.2;GCA_965177675.2;GCA_965177685.2;GCA_965177695.2;GCA_965177705.2;GCA_965177715.2;GCA_965177725.2;GCA_965177735.2;GCA_965177745.2;GCA_965177755.2;GCA_965177765.2;GCA_965177775.2;GCA_965177785.2;GCA_965177795.2;GCA_965177805.2;GCA_965177825.2;GCA_974728815.1;GCA_976986615.1;GCA_976986625.1;GCA_976986635.2;GCA_977927225.1;GCA_977927245.1;GCA_977927255.1;GCA_977927265.1;GCA_977927285.1;GCA_977970235.1;GCF_000003055.6;GCF_000003205.7;GCF_002263795.3
Bos taurus	frameshift_insertion|ex6|pos802|len1	frameshift_insertion	exon_6	6.0	802.0	2474.0	825.0	1.0		True	1	1	203	0.0049261083743842365	LOW	GCA_905123885.1
Bos taurus	gene_unresolved_no_hit|ex0|pos0	gene_unresolved_no_hit								False	1	0	204	0.0	LOW	
Bos taurus	inframe_deletion|ex3|pos628|len3	inframe_deletion	exon_3	3.0	628.0	1126.0	376.0	3.0		False	52	52	204	0.2549019607843137	LOW	GCA_021347905.1;GCA_028973685.2;GCA_033032115.1;GCA_040285425.1;GCA_047652215.1;GCA_049634445.1;GCA_049634505.1;GCA_051106085.1;GCA_056162995.1;GCA_057190615.1;GCA_059336145.1;GCA_964019205.1;GCA_964019225.2;GCA_964019235.2;GCA_964019245.2;GCA_965153555.2;GCA_965153565.2;GCA_965153575.2;GCA_965153645.2;GCA_965153725.2;GCA_965153765.2;GCA_965153805.2;GCA_965153855.2;GCA_965153925.2;GCA_965153965.2;GCA_965153985.2;GCA_965154155.2;GCA_965154165.2;GCA_965154175.2;GCA_965154185.2;GCA_965154205.2;GCA_965154245.2;GCA_965154275.2;GCA_965154285.2;GCA_965154295.2;GCA_965154305.2;GCA_965154315.2;GCA_965154365.2;GCA_965154375.2;GCA_965154405.2;GCA_965154425.2;GCA_965177315.2;GCA_965177325.2;GCA_965177405.2;GCA_965177435.2;GCA_965177555.2;GCA_965177565.2;GCA_965177575.2;GCA_965177705.2;GCA_965177735.2;GCA_965177745.2;GCA_976986615.1
Bos taurus	inframe_deletion|ex3|pos658|len9	inframe_deletion	exon_3	3.0	658.0	1156.0	386.0	9.0		False	204	204	204	1.0	HIGH	GCA_000003055.5;GCA_000003205.6;GCA_002263795.4;GCA_021234555.1;GCA_021347905.1;GCA_024542955.1;GCA_028973685.2;GCA_033032115.1;GCA_034097375.1;GCA_039881175.1;GCA_040285425.1;GCA_040286185.1;GCA_043882115.1;GCA_047652215.1;GCA_049634445.1;GCA_049634505.1;GCA_049634545.1;GCA_049634565.1;GCA_049634675.1;GCA_049634715.1;GCA_051106085.1;GCA_051122635.1;GCA_054825135.1;GCA_055691375.1;GCA_055691405.1;GCA_056162995.1;GCA_056748525.1;GCA_057190615.1;GCA_059336145.1;GCA_059997585.1;GCA_905123515.1;GCA_905123885.1;GCA_914753205.1;GCA_947034695.1;GCA_963920245.1;GCA_963920255.1;GCA_963920265.1;GCA_963921495.1;GCA_964019205.1;GCA_964019215.2;GCA_964019225.2;GCA_964019235.2;GCA_964019245.2;GCA_964019255.2;GCA_964019265.2;GCA_964019275.1;GCA_964019295.2;GCA_965153475.2;GCA_965153485.2;GCA_965153495.2;GCA_965153505.2;GCA_965153515.2;GCA_965153525.2;GCA_965153535.2;GCA_965153545.2;GCA_965153555.2;GCA_965153565.2;GCA_965153575.2;GCA_965153585.2;GCA_965153595.2;GCA_965153605.2;GCA_965153615.2;GCA_965153625.2;GCA_965153635.2;GCA_965153645.2;GCA_965153655.2;GCA_965153665.2;GCA_965153675.2;GCA_965153685.2;GCA_965153695.2;GCA_965153705.2;GCA_965153715.2;GCA_965153725.2;GCA_965153735.2;GCA_965153745.2;GCA_965153755.2;GCA_965153765.2;GCA_965153775.2;GCA_965153785.2;GCA_965153795.2;GCA_965153805.2;GCA_965153815.2;GCA_965153825.2;GCA_965153835.2;GCA_965153845.2;GCA_965153855.2;GCA_965153865.2;GCA_965153875.2;GCA_965153885.2;GCA_965153895.2;GCA_965153905.2;GCA_965153915.2;GCA_965153925.2;GCA_965153935.2;GCA_965153945.2;GCA_965153955.2;GCA_965153965.2;GCA_965153975.2;GCA_965153985.2;GCA_965153995.2;GCA_965154005.2;GCA_965154015.2;GCA_965154025.2;GCA_965154035.2;GCA_965154045.2;GCA_965154055.2;GCA_965154065.2;GCA_965154075.2;GCA_965154085.2;GCA_965154095.2;GCA_965154105.2;GCA_965154155.2;GCA_965154165.2;GCA_965154175.2;GCA_965154185.2;GCA_965154195.2;GCA_965154205.2;GCA_965154215.2;GCA_965154225.2;GCA_965154235.2;GCA_965154245.2;GCA_965154255.2;GCA_965154265.2;GCA_965154275.2;GCA_965154285.2;GCA_965154295.2;GCA_965154305.2;GCA_965154315.2;GCA_965154325.2;GCA_965154335.2;GCA_965154345.2;GCA_965154355.2;GCA_965154365.2;GCA_965154375.2;GCA_965154385.2;GCA_965154395.2;GCA_965154405.2;GCA_965154415.2;GCA_965154425.2;GCA_965154435.2;GCA_965154445.2;GCA_965177315.2;GCA_965177325.2;GCA_965177335.2;GCA_965177345.2;GCA_965177355.2;GCA_965177365.2;GCA_965177375.2;GCA_965177385.2;GCA_965177395.2;GCA_965177405.2;GCA_965177415.2;GCA_965177425.2;GCA_965177435.2;GCA_965177445.2;GCA_965177455.2;GCA_965177465.2;GCA_965177475.2;GCA_965177485.2;GCA_965177495.2;GCA_965177505.2;GCA_965177515.2;GCA_965177525.2;GCA_965177535.2;GCA_965177545.2;GCA_965177555.2;GCA_965177565.2;GCA_965177575.2;GCA_965177585.2;GCA_965177605.2;GCA_965177615.2;GCA_965177625.2;GCA_965177635.2;GCA_965177645.2;GCA_965177655.2;GCA_965177665.2;GCA_965177675.2;GCA_965177685.2;GCA_965177695.2;GCA_965177705.2;GCA_965177715.2;GCA_965177725.2;GCA_965177735.2;GCA_965177745.2;GCA_965177755.2;GCA_965177765.2;GCA_965177775.2;GCA_965177785.2;GCA_965177795.2;GCA_965177805.2;GCA_965177825.2;GCA_974728815.1;GCA_976986615.1;GCA_976986625.1;GCA_976986635.2;GCA_977927225.1;GCA_977927245.1;GCA_977927255.1;GCA_977927265.1;GCA_977927285.1;GCA_977970235.1;GCF_000003055.6;GCF_000003205.7;GCF_002263795.3
Bos taurus	inframe_deletion|ex6|pos89|len9	inframe_deletion	exon_6	6.0	89.0	1761.0	587.0	9.0		False	203	203	203	1.0	HIGH	GCA_000003055.5;GCA_000003205.6;GCA_002263795.4;GCA_021234555.1;GCA_021347905.1;GCA_024542955.1;GCA_028973685.2;GCA_033032115.1;GCA_034097375.1;GCA_039881175.1;GCA_040285425.1;GCA_040286185.1;GCA_043882115.1;GCA_047652215.1;GCA_049634445.1;GCA_049634505.1;GCA_049634545.1;GCA_049634565.1;GCA_049634675.1;GCA_049634715.1;GCA_051106085.1;GCA_051122635.1;GCA_054825135.1;GCA_055691375.1;GCA_055691405.1;GCA_056162995.1;GCA_056748525.1;GCA_057190615.1;GCA_059336145.1;GCA_059997585.1;GCA_905123515.1;GCA_905123885.1;GCA_914753205.1;GCA_947034695.1;GCA_963920245.1;GCA_963920255.1;GCA_963920265.1;GCA_963921495.1;GCA_964019205.1;GCA_964019215.2;GCA_964019225.2;GCA_964019235.2;GCA_964019245.2;GCA_964019265.2;GCA_964019275.1;GCA_964019295.2;GCA_965153475.2;GCA_965153485.2;GCA_965153495.2;GCA_965153505.2;GCA_965153515.2;GCA_965153525.2;GCA_965153535.2;GCA_965153545.2;GCA_965153555.2;GCA_965153565.2;GCA_965153575.2;GCA_965153585.2;GCA_965153595.2;GCA_965153605.2;GCA_965153615.2;GCA_965153625.2;GCA_965153635.2;GCA_965153645.2;GCA_965153655.2;GCA_965153665.2;GCA_965153675.2;GCA_965153685.2;GCA_965153695.2;GCA_965153705.2;GCA_965153715.2;GCA_965153725.2;GCA_965153735.2;GCA_965153745.2;GCA_965153755.2;GCA_965153765.2;GCA_965153775.2;GCA_965153785.2;GCA_965153795.2;GCA_965153805.2;GCA_965153815.2;GCA_965153825.2;GCA_965153835.2;GCA_965153845.2;GCA_965153855.2;GCA_965153865.2;GCA_965153875.2;GCA_965153885.2;GCA_965153895.2;GCA_965153905.2;GCA_965153915.2;GCA_965153925.2;GCA_965153935.2;GCA_965153945.2;GCA_965153955.2;GCA_965153965.2;GCA_965153975.2;GCA_965153985.2;GCA_965153995.2;GCA_965154005.2;GCA_965154015.2;GCA_965154025.2;GCA_965154035.2;GCA_965154045.2;GCA_965154055.2;GCA_965154065.2;GCA_965154075.2;GCA_965154085.2;GCA_965154095.2;GCA_965154105.2;GCA_965154155.2;GCA_965154165.2;GCA_965154175.2;GCA_965154185.2;GCA_965154195.2;GCA_965154205.2;GCA_965154215.2;GCA_965154225.2;GCA_965154235.2;GCA_965154245.2;GCA_965154255.2;GCA_965154265.2;GCA_965154275.2;GCA_965154285.2;GCA_965154295.2;GCA_965154305.2;GCA_965154315.2;GCA_965154325.2;GCA_965154335.2;GCA_965154345.2;GCA_965154355.2;GCA_965154365.2;GCA_965154375.2;GCA_965154385.2;GCA_965154395.2;GCA_965154405.2;GCA_965154415.2;GCA_965154425.2;GCA_965154435.2;GCA_965154445.2;GCA_965177315.2;GCA_965177325.2;GCA_965177335.2;GCA_965177345.2;GCA_965177355.2;GCA_965177365.2;GCA_965177375.2;GCA_965177385.2;GCA_965177395.2;GCA_965177405.2;GCA_965177415.2;GCA_965177425.2;GCA_965177435.2;GCA_965177445.2;GCA_965177455.2;GCA_965177465.2;GCA_965177475.2;GCA_965177485.2;GCA_965177495.2;GCA_965177505.2;GCA_965177515.2;GCA_965177525.2;GCA_965177535.2;GCA_965177545.2;GCA_965177555.2;GCA_965177565.2;GCA_965177575.2;GCA_965177585.2;GCA_965177605.2;GCA_965177615.2;GCA_965177625.2;GCA_965177635.2;GCA_965177645.2;GCA_965177655.2;GCA_965177665.2;GCA_965177675.2;GCA_965177685.2;GCA_965177695.2;GCA_965177705.2;GCA_965177715.2;GCA_965177725.2;GCA_965177735.2;GCA_965177745.2;GCA_965177755.2;GCA_965177765.2;GCA_965177775.2;GCA_965177785.2;GCA_965177795.2;GCA_965177805.2;GCA_965177825.2;GCA_974728815.1;GCA_976986615.1;GCA_976986625.1;GCA_976986635.2;GCA_977927225.1;GCA_977927245.1;GCA_977927255.1;GCA_977927265.1;GCA_977927285.1;GCA_977970235.1;GCF_000003055.6;GCF_000003205.7;GCF_002263795.3
Bos taurus	inframe_deletion|ex6|pos935|len21	inframe_deletion	exon_6	6.0	935.0	2607.0	869.0	21.0		False	203	203	203	1.0	HIGH	GCA_000003055.5;GCA_000003205.6;GCA_002263795.4;GCA_021234555.1;GCA_021347905.1;GCA_024542955.1;GCA_028973685.2;GCA_033032115.1;GCA_034097375.1;GCA_039881175.1;GCA_040285425.1;GCA_040286185.1;GCA_043882115.1;GCA_047652215.1;GCA_049634445.1;GCA_049634505.1;GCA_049634545.1;GCA_049634565.1;GCA_049634675.1;GCA_049634715.1;GCA_051106085.1;GCA_051122635.1;GCA_054825135.1;GCA_055691375.1;GCA_055691405.1;GCA_056162995.1;GCA_056748525.1;GCA_057190615.1;GCA_059336145.1;GCA_059997585.1;GCA_905123515.1;GCA_905123885.1;GCA_914753205.1;GCA_947034695.1;GCA_963920245.1;GCA_963920255.1;GCA_963920265.1;GCA_963921495.1;GCA_964019205.1;GCA_964019215.2;GCA_964019225.2;GCA_964019235.2;GCA_964019245.2;GCA_964019265.2;GCA_964019275.1;GCA_964019295.2;GCA_965153475.2;GCA_965153485.2;GCA_965153495.2;GCA_965153505.2;GCA_965153515.2;GCA_965153525.2;GCA_965153535.2;GCA_965153545.2;GCA_965153555.2;GCA_965153565.2;GCA_965153575.2;GCA_965153585.2;GCA_965153595.2;GCA_965153605.2;GCA_965153615.2;GCA_965153625.2;GCA_965153635.2;GCA_965153645.2;GCA_965153655.2;GCA_965153665.2;GCA_965153675.2;GCA_965153685.2;GCA_965153695.2;GCA_965153705.2;GCA_965153715.2;GCA_965153725.2;GCA_965153735.2;GCA_965153745.2;GCA_965153755.2;GCA_965153765.2;GCA_965153775.2;GCA_965153785.2;GCA_965153795.2;GCA_965153805.2;GCA_965153815.2;GCA_965153825.2;GCA_965153835.2;GCA_965153845.2;GCA_965153855.2;GCA_965153865.2;GCA_965153875.2;GCA_965153885.2;GCA_965153895.2;GCA_965153905.2;GCA_965153915.2;GCA_965153925.2;GCA_965153935.2;GCA_965153945.2;GCA_965153955.2;GCA_965153965.2;GCA_965153975.2;GCA_965153985.2;GCA_965153995.2;GCA_965154005.2;GCA_965154015.2;GCA_965154025.2;GCA_965154035.2;GCA_965154045.2;GCA_965154055.2;GCA_965154065.2;GCA_965154075.2;GCA_965154085.2;GCA_965154095.2;GCA_965154105.2;GCA_965154155.2;GCA_965154165.2;GCA_965154175.2;GCA_965154185.2;GCA_965154195.2;GCA_965154205.2;GCA_965154215.2;GCA_965154225.2;GCA_965154235.2;GCA_965154245.2;GCA_965154255.2;GCA_965154265.2;GCA_965154275.2;GCA_965154285.2;GCA_965154295.2;GCA_965154305.2;GCA_965154315.2;GCA_965154325.2;GCA_965154335.2;GCA_965154345.2;GCA_965154355.2;GCA_965154365.2;GCA_965154375.2;GCA_965154385.2;GCA_965154395.2;GCA_965154405.2;GCA_965154415.2;GCA_965154425.2;GCA_965154435.2;GCA_965154445.2;GCA_965177315.2;GCA_965177325.2;GCA_965177335.2;GCA_965177345.2;GCA_965177355.2;GCA_965177365.2;GCA_965177375.2;GCA_965177385.2;GCA_965177395.2;GCA_965177405.2;GCA_965177415.2;GCA_965177425.2;GCA_965177435.2;GCA_965177445.2;GCA_965177455.2;GCA_965177465.2;GCA_965177475.2;GCA_965177485.2;GCA_965177495.2;GCA_965177505.2;GCA_965177515.2;GCA_965177525.2;GCA_965177535.2;GCA_965177545.2;GCA_965177555.2;GCA_965177565.2;GCA_965177575.2;GCA_965177585.2;GCA_965177605.2;GCA_965177615.2;GCA_965177625.2;GCA_965177635.2;GCA_965177645.2;GCA_965177655.2;GCA_965177665.2;GCA_965177675.2;GCA_965177685.2;GCA_965177695.2;GCA_965177705.2;GCA_965177715.2;GCA_965177725.2;GCA_965177735.2;GCA_965177745.2;GCA_965177755.2;GCA_965177765.2;GCA_965177775.2;GCA_965177785.2;GCA_965177795.2;GCA_965177805.2;GCA_965177825.2;GCA_974728815.1;GCA_976986615.1;GCA_976986625.1;GCA_976986635.2;GCA_977927225.1;GCA_977927245.1;GCA_977927255.1;GCA_977927265.1;GCA_977927285.1;GCA_977970235.1;GCF_000003055.6;GCF_000003205.7;GCF_002263795.3
Bos taurus	inframe_insertion|ex2|pos122|len3	inframe_insertion	exon_2	2.0	122.0	316.0	106.0	3.0		False	1	1	204	0.004901960784313725	LOW	GCA_964019255.2
Bos taurus	inframe_insertion|ex2|pos190|len3	inframe_insertion	exon_2	2.0	190.0	384.0	128.0	3.0		False	1	1	204	0.004901960784313725	LOW	GCA_964019255.2
Bos taurus	inframe_insertion|ex2|pos221|len3	inframe_insertion	exon_2	2.0	221.0	415.0	139.0	3.0		False	1	1	204	0.004901960784313725	LOW	GCA_964019255.2
Bos taurus	inframe_insertion|ex2|pos242|len3	inframe_insertion	exon_2	2.0	242.0	436.0	146.0	3.0		False	1	1	204	0.004901960784313725	LOW	GCA_964019255.2
Bos taurus	potential_splice_acceptor_disruption|ex4|TT	potential_splice_acceptor_disruption	exon_4	4.0	1.0	1336.0	446.0		TT	True	1	1	203	0.0049261083743842365	LOW	GCA_963920245.1
Bos taurus	potential_splice_acceptor_disruption|ex5|GA	potential_splice_acceptor_disruption	exon_5	5.0	1.0	1549.0	517.0		GA	True	203	203	203	1.0	HIGH	GCA_000003055.5;GCA_000003205.6;GCA_002263795.4;GCA_021234555.1;GCA_021347905.1;GCA_024542955.1;GCA_028973685.2;GCA_033032115.1;GCA_034097375.1;GCA_039881175.1;GCA_040285425.1;GCA_040286185.1;GCA_043882115.1;GCA_047652215.1;GCA_049634445.1;GCA_049634505.1;GCA_049634545.1;GCA_049634565.1;GCA_049634675.1;GCA_049634715.1;GCA_051106085.1;GCA_051122635.1;GCA_054825135.1;GCA_055691375.1;GCA_055691405.1;GCA_056162995.1;GCA_056748525.1;GCA_057190615.1;GCA_059336145.1;GCA_059997585.1;GCA_905123515.1;GCA_905123885.1;GCA_914753205.1;GCA_947034695.1;GCA_963920245.1;GCA_963920255.1;GCA_963920265.1;GCA_963921495.1;GCA_964019205.1;GCA_964019215.2;GCA_964019225.2;GCA_964019235.2;GCA_964019245.2;GCA_964019265.2;GCA_964019275.1;GCA_964019295.2;GCA_965153475.2;GCA_965153485.2;GCA_965153495.2;GCA_965153505.2;GCA_965153515.2;GCA_965153525.2;GCA_965153535.2;GCA_965153545.2;GCA_965153555.2;GCA_965153565.2;GCA_965153575.2;GCA_965153585.2;GCA_965153595.2;GCA_965153605.2;GCA_965153615.2;GCA_965153625.2;GCA_965153635.2;GCA_965153645.2;GCA_965153655.2;GCA_965153665.2;GCA_965153675.2;GCA_965153685.2;GCA_965153695.2;GCA_965153705.2;GCA_965153715.2;GCA_965153725.2;GCA_965153735.2;GCA_965153745.2;GCA_965153755.2;GCA_965153765.2;GCA_965153775.2;GCA_965153785.2;GCA_965153795.2;GCA_965153805.2;GCA_965153815.2;GCA_965153825.2;GCA_965153835.2;GCA_965153845.2;GCA_965153855.2;GCA_965153865.2;GCA_965153875.2;GCA_965153885.2;GCA_965153895.2;GCA_965153905.2;GCA_965153915.2;GCA_965153925.2;GCA_965153935.2;GCA_965153945.2;GCA_965153955.2;GCA_965153965.2;GCA_965153975.2;GCA_965153985.2;GCA_965153995.2;GCA_965154005.2;GCA_965154015.2;GCA_965154025.2;GCA_965154035.2;GCA_965154045.2;GCA_965154055.2;GCA_965154065.2;GCA_965154075.2;GCA_965154085.2;GCA_965154095.2;GCA_965154105.2;GCA_965154155.2;GCA_965154165.2;GCA_965154175.2;GCA_965154185.2;GCA_965154195.2;GCA_965154205.2;GCA_965154215.2;GCA_965154225.2;GCA_965154235.2;GCA_965154245.2;GCA_965154255.2;GCA_965154265.2;GCA_965154275.2;GCA_965154285.2;GCA_965154295.2;GCA_965154305.2;GCA_965154315.2;GCA_965154325.2;GCA_965154335.2;GCA_965154345.2;GCA_965154355.2;GCA_965154365.2;GCA_965154375.2;GCA_965154385.2;GCA_965154395.2;GCA_965154405.2;GCA_965154415.2;GCA_965154425.2;GCA_965154435.2;GCA_965154445.2;GCA_965177315.2;GCA_965177325.2;GCA_965177335.2;GCA_965177345.2;GCA_965177355.2;GCA_965177365.2;GCA_965177375.2;GCA_965177385.2;GCA_965177395.2;GCA_965177405.2;GCA_965177415.2;GCA_965177425.2;GCA_965177435.2;GCA_965177445.2;GCA_965177455.2;GCA_965177465.2;GCA_965177475.2;GCA_965177485.2;GCA_965177495.2;GCA_965177505.2;GCA_965177515.2;GCA_965177525.2;GCA_965177535.2;GCA_965177545.2;GCA_965177555.2;GCA_965177565.2;GCA_965177575.2;GCA_965177585.2;GCA_965177605.2;GCA_965177615.2;GCA_965177625.2;GCA_965177635.2;GCA_965177645.2;GCA_965177655.2;GCA_965177665.2;GCA_965177675.2;GCA_965177685.2;GCA_965177695.2;GCA_965177705.2;GCA_965177715.2;GCA_965177725.2;GCA_965177735.2;GCA_965177745.2;GCA_965177755.2;GCA_965177765.2;GCA_965177775.2;GCA_965177785.2;GCA_965177795.2;GCA_965177805.2;GCA_965177825.2;GCA_974728815.1;GCA_976986615.1;GCA_976986625.1;GCA_976986635.2;GCA_977927225.1;GCA_977927245.1;GCA_977927255.1;GCA_977927265.1;GCA_977927285.1;GCA_977970235.1;GCF_000003055.6;GCF_000003205.7;GCF_002263795.3
Bos taurus	potential_splice_donor_disruption|ex2|TC	potential_splice_donor_disruption	exon_2	2.0	304.0	498.0	166.0		TC	True	1	1	204	0.004901960784313725	LOW	GCA_964019255.2
Bos taurus	potential_splice_donor_disruption|ex3|AC	potential_splice_donor_disruption	exon_3	3.0	837.0	1335.0	445.0		AC	True	204	204	204	1.0	HIGH	GCA_000003055.5;GCA_000003205.6;GCA_002263795.4;GCA_021234555.1;GCA_021347905.1;GCA_024542955.1;GCA_028973685.2;GCA_033032115.1;GCA_034097375.1;GCA_039881175.1;GCA_040285425.1;GCA_040286185.1;GCA_043882115.1;GCA_047652215.1;GCA_049634445.1;GCA_049634505.1;GCA_049634545.1;GCA_049634565.1;GCA_049634675.1;GCA_049634715.1;GCA_051106085.1;GCA_051122635.1;GCA_054825135.1;GCA_055691375.1;GCA_055691405.1;GCA_056162995.1;GCA_056748525.1;GCA_057190615.1;GCA_059336145.1;GCA_059997585.1;GCA_905123515.1;GCA_905123885.1;GCA_914753205.1;GCA_947034695.1;GCA_963920245.1;GCA_963920255.1;GCA_963920265.1;GCA_963921495.1;GCA_964019205.1;GCA_964019215.2;GCA_964019225.2;GCA_964019235.2;GCA_964019245.2;GCA_964019255.2;GCA_964019265.2;GCA_964019275.1;GCA_964019295.2;GCA_965153475.2;GCA_965153485.2;GCA_965153495.2;GCA_965153505.2;GCA_965153515.2;GCA_965153525.2;GCA_965153535.2;GCA_965153545.2;GCA_965153555.2;GCA_965153565.2;GCA_965153575.2;GCA_965153585.2;GCA_965153595.2;GCA_965153605.2;GCA_965153615.2;GCA_965153625.2;GCA_965153635.2;GCA_965153645.2;GCA_965153655.2;GCA_965153665.2;GCA_965153675.2;GCA_965153685.2;GCA_965153695.2;GCA_965153705.2;GCA_965153715.2;GCA_965153725.2;GCA_965153735.2;GCA_965153745.2;GCA_965153755.2;GCA_965153765.2;GCA_965153775.2;GCA_965153785.2;GCA_965153795.2;GCA_965153805.2;GCA_965153815.2;GCA_965153825.2;GCA_965153835.2;GCA_965153845.2;GCA_965153855.2;GCA_965153865.2;GCA_965153875.2;GCA_965153885.2;GCA_965153895.2;GCA_965153905.2;GCA_965153915.2;GCA_965153925.2;GCA_965153935.2;GCA_965153945.2;GCA_965153955.2;GCA_965153965.2;GCA_965153975.2;GCA_965153985.2;GCA_965153995.2;GCA_965154005.2;GCA_965154015.2;GCA_965154025.2;GCA_965154035.2;GCA_965154045.2;GCA_965154055.2;GCA_965154065.2;GCA_965154075.2;GCA_965154085.2;GCA_965154095.2;GCA_965154105.2;GCA_965154155.2;GCA_965154165.2;GCA_965154175.2;GCA_965154185.2;GCA_965154195.2;GCA_965154205.2;GCA_965154215.2;GCA_965154225.2;GCA_965154235.2;GCA_965154245.2;GCA_965154255.2;GCA_965154265.2;GCA_965154275.2;GCA_965154285.2;GCA_965154295.2;GCA_965154305.2;GCA_965154315.2;GCA_965154325.2;GCA_965154335.2;GCA_965154345.2;GCA_965154355.2;GCA_965154365.2;GCA_965154375.2;GCA_965154385.2;GCA_965154395.2;GCA_965154405.2;GCA_965154415.2;GCA_965154425.2;GCA_965154435.2;GCA_965154445.2;GCA_965177315.2;GCA_965177325.2;GCA_965177335.2;GCA_965177345.2;GCA_965177355.2;GCA_965177365.2;GCA_965177375.2;GCA_965177385.2;GCA_965177395.2;GCA_965177405.2;GCA_965177415.2;GCA_965177425.2;GCA_965177435.2;GCA_965177445.2;GCA_965177455.2;GCA_965177465.2;GCA_965177475.2;GCA_965177485.2;GCA_965177495.2;GCA_965177505.2;GCA_965177515.2;GCA_965177525.2;GCA_965177535.2;GCA_965177545.2;GCA_965177555.2;GCA_965177565.2;GCA_965177575.2;GCA_965177585.2;GCA_965177605.2;GCA_965177615.2;GCA_965177625.2;GCA_965177635.2;GCA_965177645.2;GCA_965177655.2;GCA_965177665.2;GCA_965177675.2;GCA_965177685.2;GCA_965177695.2;GCA_965177705.2;GCA_965177715.2;GCA_965177725.2;GCA_965177735.2;GCA_965177745.2;GCA_965177755.2;GCA_965177765.2;GCA_965177775.2;GCA_965177785.2;GCA_965177795.2;GCA_965177805.2;GCA_965177825.2;GCA_974728815.1;GCA_976986615.1;GCA_976986625.1;GCA_976986635.2;GCA_977927225.1;GCA_977927245.1;GCA_977927255.1;GCA_977927265.1;GCA_977927285.1;GCA_977970235.1;GCF_000003055.6;GCF_000003205.7;GCF_002263795.3
Bos taurus	potential_splice_donor_disruption|ex5|GA	potential_splice_donor_disruption	exon_5	5.0	124.0	1672.0	558.0		GA	True	1	1	203	0.0049261083743842365	LOW	GCA_964019295.2
Bos taurus	potential_splice_donor_disruption|ex5|GG	potential_splice_donor_disruption	exon_5	5.0	124.0	1672.0	558.0		GG	True	2	2	203	0.009852216748768473	LOW	GCA_002263795.4;GCF_002263795.3
Bos taurus	potential_splice_donor_disruption|ex5|TA	potential_splice_donor_disruption	exon_5	5.0	124.0	1672.0	558.0		TA	True	1	1	203	0.0049261083743842365	LOW	GCA_965154425.2
Bos taurus	premature_stop|ex2|codon136	premature_stop	exon_2	2.0	212.0	406.0	136.0			True	1	1	204	0.004901960784313725	LOW	GCA_964019255.2
Bos taurus	premature_stop|ex3|codon210	premature_stop	exon_3	3.0	130.0	628.0	210.0			True	204	204	204	1.0	HIGH	GCA_000003055.5;GCA_000003205.6;GCA_002263795.4;GCA_021234555.1;GCA_021347905.1;GCA_024542955.1;GCA_028973685.2;GCA_033032115.1;GCA_034097375.1;GCA_039881175.1;GCA_040285425.1;GCA_040286185.1;GCA_043882115.1;GCA_047652215.1;GCA_049634445.1;GCA_049634505.1;GCA_049634545.1;GCA_049634565.1;GCA_049634675.1;GCA_049634715.1;GCA_051106085.1;GCA_051122635.1;GCA_054825135.1;GCA_055691375.1;GCA_055691405.1;GCA_056162995.1;GCA_056748525.1;GCA_057190615.1;GCA_059336145.1;GCA_059997585.1;GCA_905123515.1;GCA_905123885.1;GCA_914753205.1;GCA_947034695.1;GCA_963920245.1;GCA_963920255.1;GCA_963920265.1;GCA_963921495.1;GCA_964019205.1;GCA_964019215.2;GCA_964019225.2;GCA_964019235.2;GCA_964019245.2;GCA_964019255.2;GCA_964019265.2;GCA_964019275.1;GCA_964019295.2;GCA_965153475.2;GCA_965153485.2;GCA_965153495.2;GCA_965153505.2;GCA_965153515.2;GCA_965153525.2;GCA_965153535.2;GCA_965153545.2;GCA_965153555.2;GCA_965153565.2;GCA_965153575.2;GCA_965153585.2;GCA_965153595.2;GCA_965153605.2;GCA_965153615.2;GCA_965153625.2;GCA_965153635.2;GCA_965153645.2;GCA_965153655.2;GCA_965153665.2;GCA_965153675.2;GCA_965153685.2;GCA_965153695.2;GCA_965153705.2;GCA_965153715.2;GCA_965153725.2;GCA_965153735.2;GCA_965153745.2;GCA_965153755.2;GCA_965153765.2;GCA_965153775.2;GCA_965153785.2;GCA_965153795.2;GCA_965153805.2;GCA_965153815.2;GCA_965153825.2;GCA_965153835.2;GCA_965153845.2;GCA_965153855.2;GCA_965153865.2;GCA_965153875.2;GCA_965153885.2;GCA_965153895.2;GCA_965153905.2;GCA_965153915.2;GCA_965153925.2;GCA_965153935.2;GCA_965153945.2;GCA_965153955.2;GCA_965153965.2;GCA_965153975.2;GCA_965153985.2;GCA_965153995.2;GCA_965154005.2;GCA_965154015.2;GCA_965154025.2;GCA_965154035.2;GCA_965154045.2;GCA_965154055.2;GCA_965154065.2;GCA_965154075.2;GCA_965154085.2;GCA_965154095.2;GCA_965154105.2;GCA_965154155.2;GCA_965154165.2;GCA_965154175.2;GCA_965154185.2;GCA_965154195.2;GCA_965154205.2;GCA_965154215.2;GCA_965154225.2;GCA_965154235.2;GCA_965154245.2;GCA_965154255.2;GCA_965154265.2;GCA_965154275.2;GCA_965154285.2;GCA_965154295.2;GCA_965154305.2;GCA_965154315.2;GCA_965154325.2;GCA_965154335.2;GCA_965154345.2;GCA_965154355.2;GCA_965154365.2;GCA_965154375.2;GCA_965154385.2;GCA_965154395.2;GCA_965154405.2;GCA_965154415.2;GCA_965154425.2;GCA_965154435.2;GCA_965154445.2;GCA_965177315.2;GCA_965177325.2;GCA_965177335.2;GCA_965177345.2;GCA_965177355.2;GCA_965177365.2;GCA_965177375.2;GCA_965177385.2;GCA_965177395.2;GCA_965177405.2;GCA_965177415.2;GCA_965177425.2;GCA_965177435.2;GCA_965177445.2;GCA_965177455.2;GCA_965177465.2;GCA_965177475.2;GCA_965177485.2;GCA_965177495.2;GCA_965177505.2;GCA_965177515.2;GCA_965177525.2;GCA_965177535.2;GCA_965177545.2;GCA_965177555.2;GCA_965177565.2;GCA_965177575.2;GCA_965177585.2;GCA_965177605.2;GCA_965177615.2;GCA_965177625.2;GCA_965177635.2;GCA_965177645.2;GCA_965177655.2;GCA_965177665.2;GCA_965177675.2;GCA_965177685.2;GCA_965177695.2;GCA_965177705.2;GCA_965177715.2;GCA_965177725.2;GCA_965177735.2;GCA_965177745.2;GCA_965177755.2;GCA_965177765.2;GCA_965177775.2;GCA_965177785.2;GCA_965177795.2;GCA_965177805.2;GCA_965177825.2;GCA_974728815.1;GCA_976986615.1;GCA_976986625.1;GCA_976986635.2;GCA_977927225.1;GCA_977927245.1;GCA_977927255.1;GCA_977927265.1;GCA_977927285.1;GCA_977970235.1;GCF_000003055.6;GCF_000003205.7;GCF_002263795.3
Bos taurus	premature_stop|ex3|codon263	premature_stop	exon_3	3.0	289.0	787.0	263.0			True	1	1	204	0.004901960784313725	LOW	GCA_033032115.1
Bos taurus	premature_stop|ex3|codon303	premature_stop	exon_3	3.0	409.0	907.0	303.0			True	204	204	204	1.0	HIGH	GCA_000003055.5;GCA_000003205.6;GCA_002263795.4;GCA_021234555.1;GCA_021347905.1;GCA_024542955.1;GCA_028973685.2;GCA_033032115.1;GCA_034097375.1;GCA_039881175.1;GCA_040285425.1;GCA_040286185.1;GCA_043882115.1;GCA_047652215.1;GCA_049634445.1;GCA_049634505.1;GCA_049634545.1;GCA_049634565.1;GCA_049634675.1;GCA_049634715.1;GCA_051106085.1;GCA_051122635.1;GCA_054825135.1;GCA_055691375.1;GCA_055691405.1;GCA_056162995.1;GCA_056748525.1;GCA_057190615.1;GCA_059336145.1;GCA_059997585.1;GCA_905123515.1;GCA_905123885.1;GCA_914753205.1;GCA_947034695.1;GCA_963920245.1;GCA_963920255.1;GCA_963920265.1;GCA_963921495.1;GCA_964019205.1;GCA_964019215.2;GCA_964019225.2;GCA_964019235.2;GCA_964019245.2;GCA_964019255.2;GCA_964019265.2;GCA_964019275.1;GCA_964019295.2;GCA_965153475.2;GCA_965153485.2;GCA_965153495.2;GCA_965153505.2;GCA_965153515.2;GCA_965153525.2;GCA_965153535.2;GCA_965153545.2;GCA_965153555.2;GCA_965153565.2;GCA_965153575.2;GCA_965153585.2;GCA_965153595.2;GCA_965153605.2;GCA_965153615.2;GCA_965153625.2;GCA_965153635.2;GCA_965153645.2;GCA_965153655.2;GCA_965153665.2;GCA_965153675.2;GCA_965153685.2;GCA_965153695.2;GCA_965153705.2;GCA_965153715.2;GCA_965153725.2;GCA_965153735.2;GCA_965153745.2;GCA_965153755.2;GCA_965153765.2;GCA_965153775.2;GCA_965153785.2;GCA_965153795.2;GCA_965153805.2;GCA_965153815.2;GCA_965153825.2;GCA_965153835.2;GCA_965153845.2;GCA_965153855.2;GCA_965153865.2;GCA_965153875.2;GCA_965153885.2;GCA_965153895.2;GCA_965153905.2;GCA_965153915.2;GCA_965153925.2;GCA_965153935.2;GCA_965153945.2;GCA_965153955.2;GCA_965153965.2;GCA_965153975.2;GCA_965153985.2;GCA_965153995.2;GCA_965154005.2;GCA_965154015.2;GCA_965154025.2;GCA_965154035.2;GCA_965154045.2;GCA_965154055.2;GCA_965154065.2;GCA_965154075.2;GCA_965154085.2;GCA_965154095.2;GCA_965154105.2;GCA_965154155.2;GCA_965154165.2;GCA_965154175.2;GCA_965154185.2;GCA_965154195.2;GCA_965154205.2;GCA_965154215.2;GCA_965154225.2;GCA_965154235.2;GCA_965154245.2;GCA_965154255.2;GCA_965154265.2;GCA_965154275.2;GCA_965154285.2;GCA_965154295.2;GCA_965154305.2;GCA_965154315.2;GCA_965154325.2;GCA_965154335.2;GCA_965154345.2;GCA_965154355.2;GCA_965154365.2;GCA_965154375.2;GCA_965154385.2;GCA_965154395.2;GCA_965154405.2;GCA_965154415.2;GCA_965154425.2;GCA_965154435.2;GCA_965154445.2;GCA_965177315.2;GCA_965177325.2;GCA_965177335.2;GCA_965177345.2;GCA_965177355.2;GCA_965177365.2;GCA_965177375.2;GCA_965177385.2;GCA_965177395.2;GCA_965177405.2;GCA_965177415.2;GCA_965177425.2;GCA_965177435.2;GCA_965177445.2;GCA_965177455.2;GCA_965177465.2;GCA_965177475.2;GCA_965177485.2;GCA_965177495.2;GCA_965177505.2;GCA_965177515.2;GCA_965177525.2;GCA_965177535.2;GCA_965177545.2;GCA_965177555.2;GCA_965177565.2;GCA_965177575.2;GCA_965177585.2;GCA_965177605.2;GCA_965177615.2;GCA_965177625.2;GCA_965177635.2;GCA_965177645.2;GCA_965177655.2;GCA_965177665.2;GCA_965177675.2;GCA_965177685.2;GCA_965177695.2;GCA_965177705.2;GCA_965177715.2;GCA_965177725.2;GCA_965177735.2;GCA_965177745.2;GCA_965177755.2;GCA_965177765.2;GCA_965177775.2;GCA_965177785.2;GCA_965177795.2;GCA_965177805.2;GCA_965177825.2;GCA_974728815.1;GCA_976986615.1;GCA_976986625.1;GCA_976986635.2;GCA_977927225.1;GCA_977927245.1;GCA_977927255.1;GCA_977927265.1;GCA_977927285.1;GCA_977970235.1;GCF_000003055.6;GCF_000003205.7;GCF_002263795.3
Bos taurus	premature_stop|ex3|codon310	premature_stop	exon_3	3.0	430.0	928.0	310.0			True	204	204	204	1.0	HIGH	GCA_000003055.5;GCA_000003205.6;GCA_002263795.4;GCA_021234555.1;GCA_021347905.1;GCA_024542955.1;GCA_028973685.2;GCA_033032115.1;GCA_034097375.1;GCA_039881175.1;GCA_040285425.1;GCA_040286185.1;GCA_043882115.1;GCA_047652215.1;GCA_049634445.1;GCA_049634505.1;GCA_049634545.1;GCA_049634565.1;GCA_049634675.1;GCA_049634715.1;GCA_051106085.1;GCA_051122635.1;GCA_054825135.1;GCA_055691375.1;GCA_055691405.1;GCA_056162995.1;GCA_056748525.1;GCA_057190615.1;GCA_059336145.1;GCA_059997585.1;GCA_905123515.1;GCA_905123885.1;GCA_914753205.1;GCA_947034695.1;GCA_963920245.1;GCA_963920255.1;GCA_963920265.1;GCA_963921495.1;GCA_964019205.1;GCA_964019215.2;GCA_964019225.2;GCA_964019235.2;GCA_964019245.2;GCA_964019255.2;GCA_964019265.2;GCA_964019275.1;GCA_964019295.2;GCA_965153475.2;GCA_965153485.2;GCA_965153495.2;GCA_965153505.2;GCA_965153515.2;GCA_965153525.2;GCA_965153535.2;GCA_965153545.2;GCA_965153555.2;GCA_965153565.2;GCA_965153575.2;GCA_965153585.2;GCA_965153595.2;GCA_965153605.2;GCA_965153615.2;GCA_965153625.2;GCA_965153635.2;GCA_965153645.2;GCA_965153655.2;GCA_965153665.2;GCA_965153675.2;GCA_965153685.2;GCA_965153695.2;GCA_965153705.2;GCA_965153715.2;GCA_965153725.2;GCA_965153735.2;GCA_965153745.2;GCA_965153755.2;GCA_965153765.2;GCA_965153775.2;GCA_965153785.2;GCA_965153795.2;GCA_965153805.2;GCA_965153815.2;GCA_965153825.2;GCA_965153835.2;GCA_965153845.2;GCA_965153855.2;GCA_965153865.2;GCA_965153875.2;GCA_965153885.2;GCA_965153895.2;GCA_965153905.2;GCA_965153915.2;GCA_965153925.2;GCA_965153935.2;GCA_965153945.2;GCA_965153955.2;GCA_965153965.2;GCA_965153975.2;GCA_965153985.2;GCA_965153995.2;GCA_965154005.2;GCA_965154015.2;GCA_965154025.2;GCA_965154035.2;GCA_965154045.2;GCA_965154055.2;GCA_965154065.2;GCA_965154075.2;GCA_965154085.2;GCA_965154095.2;GCA_965154105.2;GCA_965154155.2;GCA_965154165.2;GCA_965154175.2;GCA_965154185.2;GCA_965154195.2;GCA_965154205.2;GCA_965154215.2;GCA_965154225.2;GCA_965154235.2;GCA_965154245.2;GCA_965154255.2;GCA_965154265.2;GCA_965154275.2;GCA_965154285.2;GCA_965154295.2;GCA_965154305.2;GCA_965154315.2;GCA_965154325.2;GCA_965154335.2;GCA_965154345.2;GCA_965154355.2;GCA_965154365.2;GCA_965154375.2;GCA_965154385.2;GCA_965154395.2;GCA_965154405.2;GCA_965154415.2;GCA_965154425.2;GCA_965154435.2;GCA_965154445.2;GCA_965177315.2;GCA_965177325.2;GCA_965177335.2;GCA_965177345.2;GCA_965177355.2;GCA_965177365.2;GCA_965177375.2;GCA_965177385.2;GCA_965177395.2;GCA_965177405.2;GCA_965177415.2;GCA_965177425.2;GCA_965177435.2;GCA_965177445.2;GCA_965177455.2;GCA_965177465.2;GCA_965177475.2;GCA_965177485.2;GCA_965177495.2;GCA_965177505.2;GCA_965177515.2;GCA_965177525.2;GCA_965177535.2;GCA_965177545.2;GCA_965177555.2;GCA_965177565.2;GCA_965177575.2;GCA_965177585.2;GCA_965177605.2;GCA_965177615.2;GCA_965177625.2;GCA_965177635.2;GCA_965177645.2;GCA_965177655.2;GCA_965177665.2;GCA_965177675.2;GCA_965177685.2;GCA_965177695.2;GCA_965177705.2;GCA_965177715.2;GCA_965177725.2;GCA_965177735.2;GCA_965177745.2;GCA_965177755.2;GCA_965177765.2;GCA_965177775.2;GCA_965177785.2;GCA_965177795.2;GCA_965177805.2;GCA_965177825.2;GCA_974728815.1;GCA_976986615.1;GCA_976986625.1;GCA_976986635.2;GCA_977927225.1;GCA_977927245.1;GCA_977927255.1;GCA_977927265.1;GCA_977927285.1;GCA_977970235.1;GCF_000003055.6;GCF_000003205.7;GCF_002263795.3
Bos taurus	premature_stop|ex3|codon361	premature_stop	exon_3	3.0	583.0	1081.0	361.0			True	204	204	204	1.0	HIGH	GCA_000003055.5;GCA_000003205.6;GCA_002263795.4;GCA_021234555.1;GCA_021347905.1;GCA_024542955.1;GCA_028973685.2;GCA_033032115.1;GCA_034097375.1;GCA_039881175.1;GCA_040285425.1;GCA_040286185.1;GCA_043882115.1;GCA_047652215.1;GCA_049634445.1;GCA_049634505.1;GCA_049634545.1;GCA_049634565.1;GCA_049634675.1;GCA_049634715.1;GCA_051106085.1;GCA_051122635.1;GCA_054825135.1;GCA_055691375.1;GCA_055691405.1;GCA_056162995.1;GCA_056748525.1;GCA_057190615.1;GCA_059336145.1;GCA_059997585.1;GCA_905123515.1;GCA_905123885.1;GCA_914753205.1;GCA_947034695.1;GCA_963920245.1;GCA_963920255.1;GCA_963920265.1;GCA_963921495.1;GCA_964019205.1;GCA_964019215.2;GCA_964019225.2;GCA_964019235.2;GCA_964019245.2;GCA_964019255.2;GCA_964019265.2;GCA_964019275.1;GCA_964019295.2;GCA_965153475.2;GCA_965153485.2;GCA_965153495.2;GCA_965153505.2;GCA_965153515.2;GCA_965153525.2;GCA_965153535.2;GCA_965153545.2;GCA_965153555.2;GCA_965153565.2;GCA_965153575.2;GCA_965153585.2;GCA_965153595.2;GCA_965153605.2;GCA_965153615.2;GCA_965153625.2;GCA_965153635.2;GCA_965153645.2;GCA_965153655.2;GCA_965153665.2;GCA_965153675.2;GCA_965153685.2;GCA_965153695.2;GCA_965153705.2;GCA_965153715.2;GCA_965153725.2;GCA_965153735.2;GCA_965153745.2;GCA_965153755.2;GCA_965153765.2;GCA_965153775.2;GCA_965153785.2;GCA_965153795.2;GCA_965153805.2;GCA_965153815.2;GCA_965153825.2;GCA_965153835.2;GCA_965153845.2;GCA_965153855.2;GCA_965153865.2;GCA_965153875.2;GCA_965153885.2;GCA_965153895.2;GCA_965153905.2;GCA_965153915.2;GCA_965153925.2;GCA_965153935.2;GCA_965153945.2;GCA_965153955.2;GCA_965153965.2;GCA_965153975.2;GCA_965153985.2;GCA_965153995.2;GCA_965154005.2;GCA_965154015.2;GCA_965154025.2;GCA_965154035.2;GCA_965154045.2;GCA_965154055.2;GCA_965154065.2;GCA_965154075.2;GCA_965154085.2;GCA_965154095.2;GCA_965154105.2;GCA_965154155.2;GCA_965154165.2;GCA_965154175.2;GCA_965154185.2;GCA_965154195.2;GCA_965154205.2;GCA_965154215.2;GCA_965154225.2;GCA_965154235.2;GCA_965154245.2;GCA_965154255.2;GCA_965154265.2;GCA_965154275.2;GCA_965154285.2;GCA_965154295.2;GCA_965154305.2;GCA_965154315.2;GCA_965154325.2;GCA_965154335.2;GCA_965154345.2;GCA_965154355.2;GCA_965154365.2;GCA_965154375.2;GCA_965154385.2;GCA_965154395.2;GCA_965154405.2;GCA_965154415.2;GCA_965154425.2;GCA_965154435.2;GCA_965154445.2;GCA_965177315.2;GCA_965177325.2;GCA_965177335.2;GCA_965177345.2;GCA_965177355.2;GCA_965177365.2;GCA_965177375.2;GCA_965177385.2;GCA_965177395.2;GCA_965177405.2;GCA_965177415.2;GCA_965177425.2;GCA_965177435.2;GCA_965177445.2;GCA_965177455.2;GCA_965177465.2;GCA_965177475.2;GCA_965177485.2;GCA_965177495.2;GCA_965177505.2;GCA_965177515.2;GCA_965177525.2;GCA_965177535.2;GCA_965177545.2;GCA_965177555.2;GCA_965177565.2;GCA_965177575.2;GCA_965177585.2;GCA_965177605.2;GCA_965177615.2;GCA_965177625.2;GCA_965177635.2;GCA_965177645.2;GCA_965177655.2;GCA_965177665.2;GCA_965177675.2;GCA_965177685.2;GCA_965177695.2;GCA_965177705.2;GCA_965177715.2;GCA_965177725.2;GCA_965177735.2;GCA_965177745.2;GCA_965177755.2;GCA_965177765.2;GCA_965177775.2;GCA_965177785.2;GCA_965177795.2;GCA_965177805.2;GCA_965177825.2;GCA_974728815.1;GCA_976986615.1;GCA_976986625.1;GCA_976986635.2;GCA_977927225.1;GCA_977927245.1;GCA_977927255.1;GCA_977927265.1;GCA_977927285.1;GCA_977970235.1;GCF_000003055.6;GCF_000003205.7;GCF_002263795.3
Bos taurus	premature_stop|ex3|codon430	premature_stop	exon_3	3.0	790.0	1288.0	430.0			True	204	204	204	1.0	HIGH	GCA_000003055.5;GCA_000003205.6;GCA_002263795.4;GCA_021234555.1;GCA_021347905.1;GCA_024542955.1;GCA_028973685.2;GCA_033032115.1;GCA_034097375.1;GCA_039881175.1;GCA_040285425.1;GCA_040286185.1;GCA_043882115.1;GCA_047652215.1;GCA_049634445.1;GCA_049634505.1;GCA_049634545.1;GCA_049634565.1;GCA_049634675.1;GCA_049634715.1;GCA_051106085.1;GCA_051122635.1;GCA_054825135.1;GCA_055691375.1;GCA_055691405.1;GCA_056162995.1;GCA_056748525.1;GCA_057190615.1;GCA_059336145.1;GCA_059997585.1;GCA_905123515.1;GCA_905123885.1;GCA_914753205.1;GCA_947034695.1;GCA_963920245.1;GCA_963920255.1;GCA_963920265.1;GCA_963921495.1;GCA_964019205.1;GCA_964019215.2;GCA_964019225.2;GCA_964019235.2;GCA_964019245.2;GCA_964019255.2;GCA_964019265.2;GCA_964019275.1;GCA_964019295.2;GCA_965153475.2;GCA_965153485.2;GCA_965153495.2;GCA_965153505.2;GCA_965153515.2;GCA_965153525.2;GCA_965153535.2;GCA_965153545.2;GCA_965153555.2;GCA_965153565.2;GCA_965153575.2;GCA_965153585.2;GCA_965153595.2;GCA_965153605.2;GCA_965153615.2;GCA_965153625.2;GCA_965153635.2;GCA_965153645.2;GCA_965153655.2;GCA_965153665.2;GCA_965153675.2;GCA_965153685.2;GCA_965153695.2;GCA_965153705.2;GCA_965153715.2;GCA_965153725.2;GCA_965153735.2;GCA_965153745.2;GCA_965153755.2;GCA_965153765.2;GCA_965153775.2;GCA_965153785.2;GCA_965153795.2;GCA_965153805.2;GCA_965153815.2;GCA_965153825.2;GCA_965153835.2;GCA_965153845.2;GCA_965153855.2;GCA_965153865.2;GCA_965153875.2;GCA_965153885.2;GCA_965153895.2;GCA_965153905.2;GCA_965153915.2;GCA_965153925.2;GCA_965153935.2;GCA_965153945.2;GCA_965153955.2;GCA_965153965.2;GCA_965153975.2;GCA_965153985.2;GCA_965153995.2;GCA_965154005.2;GCA_965154015.2;GCA_965154025.2;GCA_965154035.2;GCA_965154045.2;GCA_965154055.2;GCA_965154065.2;GCA_965154075.2;GCA_965154085.2;GCA_965154095.2;GCA_965154105.2;GCA_965154155.2;GCA_965154165.2;GCA_965154175.2;GCA_965154185.2;GCA_965154195.2;GCA_965154205.2;GCA_965154215.2;GCA_965154225.2;GCA_965154235.2;GCA_965154245.2;GCA_965154255.2;GCA_965154265.2;GCA_965154275.2;GCA_965154285.2;GCA_965154295.2;GCA_965154305.2;GCA_965154315.2;GCA_965154325.2;GCA_965154335.2;GCA_965154345.2;GCA_965154355.2;GCA_965154365.2;GCA_965154375.2;GCA_965154385.2;GCA_965154395.2;GCA_965154405.2;GCA_965154415.2;GCA_965154425.2;GCA_965154435.2;GCA_965154445.2;GCA_965177315.2;GCA_965177325.2;GCA_965177335.2;GCA_965177345.2;GCA_965177355.2;GCA_965177365.2;GCA_965177375.2;GCA_965177385.2;GCA_965177395.2;GCA_965177405.2;GCA_965177415.2;GCA_965177425.2;GCA_965177435.2;GCA_965177445.2;GCA_965177455.2;GCA_965177465.2;GCA_965177475.2;GCA_965177485.2;GCA_965177495.2;GCA_965177505.2;GCA_965177515.2;GCA_965177525.2;GCA_965177535.2;GCA_965177545.2;GCA_965177555.2;GCA_965177565.2;GCA_965177575.2;GCA_965177585.2;GCA_965177605.2;GCA_965177615.2;GCA_965177625.2;GCA_965177635.2;GCA_965177645.2;GCA_965177655.2;GCA_965177665.2;GCA_965177675.2;GCA_965177685.2;GCA_965177695.2;GCA_965177705.2;GCA_965177715.2;GCA_965177725.2;GCA_965177735.2;GCA_965177745.2;GCA_965177755.2;GCA_965177765.2;GCA_965177775.2;GCA_965177785.2;GCA_965177795.2;GCA_965177805.2;GCA_965177825.2;GCA_974728815.1;GCA_976986615.1;GCA_976986625.1;GCA_976986635.2;GCA_977927225.1;GCA_977927245.1;GCA_977927255.1;GCA_977927265.1;GCA_977927285.1;GCA_977970235.1;GCF_000003055.6;GCF_000003205.7;GCF_002263795.3
Bos taurus	premature_stop|ex3|codon433	premature_stop	exon_3	3.0	799.0	1297.0	433.0			True	204	204	204	1.0	HIGH	GCA_000003055.5;GCA_000003205.6;GCA_002263795.4;GCA_021234555.1;GCA_021347905.1;GCA_024542955.1;GCA_028973685.2;GCA_033032115.1;GCA_034097375.1;GCA_039881175.1;GCA_040285425.1;GCA_040286185.1;GCA_043882115.1;GCA_047652215.1;GCA_049634445.1;GCA_049634505.1;GCA_049634545.1;GCA_049634565.1;GCA_049634675.1;GCA_049634715.1;GCA_051106085.1;GCA_051122635.1;GCA_054825135.1;GCA_055691375.1;GCA_055691405.1;GCA_056162995.1;GCA_056748525.1;GCA_057190615.1;GCA_059336145.1;GCA_059997585.1;GCA_905123515.1;GCA_905123885.1;GCA_914753205.1;GCA_947034695.1;GCA_963920245.1;GCA_963920255.1;GCA_963920265.1;GCA_963921495.1;GCA_964019205.1;GCA_964019215.2;GCA_964019225.2;GCA_964019235.2;GCA_964019245.2;GCA_964019255.2;GCA_964019265.2;GCA_964019275.1;GCA_964019295.2;GCA_965153475.2;GCA_965153485.2;GCA_965153495.2;GCA_965153505.2;GCA_965153515.2;GCA_965153525.2;GCA_965153535.2;GCA_965153545.2;GCA_965153555.2;GCA_965153565.2;GCA_965153575.2;GCA_965153585.2;GCA_965153595.2;GCA_965153605.2;GCA_965153615.2;GCA_965153625.2;GCA_965153635.2;GCA_965153645.2;GCA_965153655.2;GCA_965153665.2;GCA_965153675.2;GCA_965153685.2;GCA_965153695.2;GCA_965153705.2;GCA_965153715.2;GCA_965153725.2;GCA_965153735.2;GCA_965153745.2;GCA_965153755.2;GCA_965153765.2;GCA_965153775.2;GCA_965153785.2;GCA_965153795.2;GCA_965153805.2;GCA_965153815.2;GCA_965153825.2;GCA_965153835.2;GCA_965153845.2;GCA_965153855.2;GCA_965153865.2;GCA_965153875.2;GCA_965153885.2;GCA_965153895.2;GCA_965153905.2;GCA_965153915.2;GCA_965153925.2;GCA_965153935.2;GCA_965153945.2;GCA_965153955.2;GCA_965153965.2;GCA_965153975.2;GCA_965153985.2;GCA_965153995.2;GCA_965154005.2;GCA_965154015.2;GCA_965154025.2;GCA_965154035.2;GCA_965154045.2;GCA_965154055.2;GCA_965154065.2;GCA_965154075.2;GCA_965154085.2;GCA_965154095.2;GCA_965154105.2;GCA_965154155.2;GCA_965154165.2;GCA_965154175.2;GCA_965154185.2;GCA_965154195.2;GCA_965154205.2;GCA_965154215.2;GCA_965154225.2;GCA_965154235.2;GCA_965154245.2;GCA_965154255.2;GCA_965154265.2;GCA_965154275.2;GCA_965154285.2;GCA_965154295.2;GCA_965154305.2;GCA_965154315.2;GCA_965154325.2;GCA_965154335.2;GCA_965154345.2;GCA_965154355.2;GCA_965154365.2;GCA_965154375.2;GCA_965154385.2;GCA_965154395.2;GCA_965154405.2;GCA_965154415.2;GCA_965154425.2;GCA_965154435.2;GCA_965154445.2;GCA_965177315.2;GCA_965177325.2;GCA_965177335.2;GCA_965177345.2;GCA_965177355.2;GCA_965177365.2;GCA_965177375.2;GCA_965177385.2;GCA_965177395.2;GCA_965177405.2;GCA_965177415.2;GCA_965177425.2;GCA_965177435.2;GCA_965177445.2;GCA_965177455.2;GCA_965177465.2;GCA_965177475.2;GCA_965177485.2;GCA_965177495.2;GCA_965177505.2;GCA_965177515.2;GCA_965177525.2;GCA_965177535.2;GCA_965177545.2;GCA_965177555.2;GCA_965177565.2;GCA_965177575.2;GCA_965177585.2;GCA_965177605.2;GCA_965177615.2;GCA_965177625.2;GCA_965177635.2;GCA_965177645.2;GCA_965177655.2;GCA_965177665.2;GCA_965177675.2;GCA_965177685.2;GCA_965177695.2;GCA_965177705.2;GCA_965177715.2;GCA_965177725.2;GCA_965177735.2;GCA_965177745.2;GCA_965177755.2;GCA_965177765.2;GCA_965177775.2;GCA_965177785.2;GCA_965177795.2;GCA_965177805.2;GCA_965177825.2;GCA_974728815.1;GCA_976986615.1;GCA_976986625.1;GCA_976986635.2;GCA_977927225.1;GCA_977927245.1;GCA_977927255.1;GCA_977927265.1;GCA_977927285.1;GCA_977970235.1;GCF_000003055.6;GCF_000003205.7;GCF_002263795.3
Bos taurus	premature_stop|ex6|codon722	premature_stop	exon_6	6.0	492.0	2164.0	722.0			True	203	203	203	1.0	HIGH	GCA_000003055.5;GCA_000003205.6;GCA_002263795.4;GCA_021234555.1;GCA_021347905.1;GCA_024542955.1;GCA_028973685.2;GCA_033032115.1;GCA_034097375.1;GCA_039881175.1;GCA_040285425.1;GCA_040286185.1;GCA_043882115.1;GCA_047652215.1;GCA_049634445.1;GCA_049634505.1;GCA_049634545.1;GCA_049634565.1;GCA_049634675.1;GCA_049634715.1;GCA_051106085.1;GCA_051122635.1;GCA_054825135.1;GCA_055691375.1;GCA_055691405.1;GCA_056162995.1;GCA_056748525.1;GCA_057190615.1;GCA_059336145.1;GCA_059997585.1;GCA_905123515.1;GCA_905123885.1;GCA_914753205.1;GCA_947034695.1;GCA_963920245.1;GCA_963920255.1;GCA_963920265.1;GCA_963921495.1;GCA_964019205.1;GCA_964019215.2;GCA_964019225.2;GCA_964019235.2;GCA_964019245.2;GCA_964019265.2;GCA_964019275.1;GCA_964019295.2;GCA_965153475.2;GCA_965153485.2;GCA_965153495.2;GCA_965153505.2;GCA_965153515.2;GCA_965153525.2;GCA_965153535.2;GCA_965153545.2;GCA_965153555.2;GCA_965153565.2;GCA_965153575.2;GCA_965153585.2;GCA_965153595.2;GCA_965153605.2;GCA_965153615.2;GCA_965153625.2;GCA_965153635.2;GCA_965153645.2;GCA_965153655.2;GCA_965153665.2;GCA_965153675.2;GCA_965153685.2;GCA_965153695.2;GCA_965153705.2;GCA_965153715.2;GCA_965153725.2;GCA_965153735.2;GCA_965153745.2;GCA_965153755.2;GCA_965153765.2;GCA_965153775.2;GCA_965153785.2;GCA_965153795.2;GCA_965153805.2;GCA_965153815.2;GCA_965153825.2;GCA_965153835.2;GCA_965153845.2;GCA_965153855.2;GCA_965153865.2;GCA_965153875.2;GCA_965153885.2;GCA_965153895.2;GCA_965153905.2;GCA_965153915.2;GCA_965153925.2;GCA_965153935.2;GCA_965153945.2;GCA_965153955.2;GCA_965153965.2;GCA_965153975.2;GCA_965153985.2;GCA_965153995.2;GCA_965154005.2;GCA_965154015.2;GCA_965154025.2;GCA_965154035.2;GCA_965154045.2;GCA_965154055.2;GCA_965154065.2;GCA_965154075.2;GCA_965154085.2;GCA_965154095.2;GCA_965154105.2;GCA_965154155.2;GCA_965154165.2;GCA_965154175.2;GCA_965154185.2;GCA_965154195.2;GCA_965154205.2;GCA_965154215.2;GCA_965154225.2;GCA_965154235.2;GCA_965154245.2;GCA_965154255.2;GCA_965154265.2;GCA_965154275.2;GCA_965154285.2;GCA_965154295.2;GCA_965154305.2;GCA_965154315.2;GCA_965154325.2;GCA_965154335.2;GCA_965154345.2;GCA_965154355.2;GCA_965154365.2;GCA_965154375.2;GCA_965154385.2;GCA_965154395.2;GCA_965154405.2;GCA_965154415.2;GCA_965154425.2;GCA_965154435.2;GCA_965154445.2;GCA_965177315.2;GCA_965177325.2;GCA_965177335.2;GCA_965177345.2;GCA_965177355.2;GCA_965177365.2;GCA_965177375.2;GCA_965177385.2;GCA_965177395.2;GCA_965177405.2;GCA_965177415.2;GCA_965177425.2;GCA_965177435.2;GCA_965177445.2;GCA_965177455.2;GCA_965177465.2;GCA_965177475.2;GCA_965177485.2;GCA_965177495.2;GCA_965177505.2;GCA_965177515.2;GCA_965177525.2;GCA_965177535.2;GCA_965177545.2;GCA_965177555.2;GCA_965177565.2;GCA_965177575.2;GCA_965177585.2;GCA_965177605.2;GCA_965177615.2;GCA_965177625.2;GCA_965177635.2;GCA_965177645.2;GCA_965177655.2;GCA_965177665.2;GCA_965177675.2;GCA_965177685.2;GCA_965177695.2;GCA_965177705.2;GCA_965177715.2;GCA_965177725.2;GCA_965177735.2;GCA_965177745.2;GCA_965177755.2;GCA_965177765.2;GCA_965177775.2;GCA_965177785.2;GCA_965177795.2;GCA_965177805.2;GCA_965177825.2;GCA_974728815.1;GCA_976986615.1;GCA_976986625.1;GCA_976986635.2;GCA_977927225.1;GCA_977927245.1;GCA_977927255.1;GCA_977927265.1;GCA_977927285.1;GCA_977970235.1;GCF_000003055.6;GCF_000003205.7;GCF_002263795.3
Bos taurus	premature_stop|ex6|codon828	premature_stop	exon_6	6.0	810.0	2482.0	828.0			True	52	52	203	0.2561576354679803	LOW	GCA_000003055.5;GCA_000003205.6;GCA_002263795.4;GCA_021234555.1;GCA_021347905.1;GCA_039881175.1;GCA_049634675.1;GCA_054825135.1;GCA_055691375.1;GCA_055691405.1;GCA_056748525.1;GCA_059997585.1;GCA_905123885.1;GCA_914753205.1;GCA_963920265.1;GCA_965153515.2;GCA_965153525.2;GCA_965153585.2;GCA_965153595.2;GCA_965153615.2;GCA_965153725.2;GCA_965153865.2;GCA_965153885.2;GCA_965153905.2;GCA_965153915.2;GCA_965153945.2;GCA_965153995.2;GCA_965154005.2;GCA_965154015.2;GCA_965154065.2;GCA_965154235.2;GCA_965154385.2;GCA_965154425.2;GCA_965177355.2;GCA_965177365.2;GCA_965177415.2;GCA_965177455.2;GCA_965177495.2;GCA_965177525.2;GCA_965177585.2;GCA_965177625.2;GCA_965177645.2;GCA_965177665.2;GCA_965177725.2;GCA_965177775.2;GCA_965177805.2;GCA_977927245.1;GCA_977927255.1;GCA_977927285.1;GCF_000003055.6;GCF_000003205.7;GCF_002263795.3
Bos taurus x Bison bison	candidate_large_frameshift_insertion|ex4|pos38|len716	candidate_large_frameshift_insertion	exon_4	4.0	38.0	1373.0	458.0	716.0		True	3	3	3	1.0	HIGH	GCA_018282365.1;GCA_018282465.1;GCA_030254855.1
Bos taurus x Bison bison	frameshift_deletion|ex1|pos162|len1	frameshift_deletion	exon_1	1.0	162.0	162.0	54.0	1.0		True	3	3	3	1.0	HIGH	GCA_018282365.1;GCA_018282465.1;GCA_030254855.1
Bos taurus x Bison bison	frameshift_deletion|ex3|pos129|len1	frameshift_deletion	exon_3	3.0	129.0	627.0	209.0	1.0		True	3	3	3	1.0	HIGH	GCA_018282365.1;GCA_018282465.1;GCA_030254855.1
Bos taurus x Bison bison	frameshift_deletion|ex3|pos167|len7	frameshift_deletion	exon_3	3.0	167.0	665.0	222.0	7.0		True	3	3	3	1.0	HIGH	GCA_018282365.1;GCA_018282465.1;GCA_030254855.1
Bos taurus x Bison bison	frameshift_deletion|ex4|pos131|len1	frameshift_deletion	exon_4	4.0	131.0	1466.0	489.0	1.0		True	3	3	3	1.0	HIGH	GCA_018282365.1;GCA_018282465.1;GCA_030254855.1
Bos taurus x Bison bison	frameshift_deletion|ex6|pos399|len4	frameshift_deletion	exon_6	6.0	399.0	2071.0	691.0	4.0		True	3	3	3	1.0	HIGH	GCA_018282365.1;GCA_018282465.1;GCA_030254855.1
Bos taurus x Bison bison	frameshift_deletion|ex6|pos472|len1	frameshift_deletion	exon_6	6.0	472.0	2144.0	715.0	1.0		True	3	3	3	1.0	HIGH	GCA_018282365.1;GCA_018282465.1;GCA_030254855.1
Bos taurus x Bison bison	frameshift_deletion|ex6|pos737|len5	frameshift_deletion	exon_6	6.0	737.0	2409.0	803.0	5.0		True	3	3	3	1.0	HIGH	GCA_018282365.1;GCA_018282465.1;GCA_030254855.1
Bos taurus x Bison bison	frameshift_induced_stop|ex2|codon77	frameshift_induced_stop	exon_2	2.0	37.0	231.0	77.0			True	3	3	3	1.0	HIGH	GCA_018282365.1;GCA_018282465.1;GCA_030254855.1
Bos taurus x Bison bison	frameshift_induced_stop|ex3|codon218	frameshift_induced_stop	exon_3	3.0	154.0	652.0	218.0			True	3	3	3	1.0	HIGH	GCA_018282365.1;GCA_018282465.1;GCA_030254855.1
Bos taurus x Bison bison	frameshift_induced_stop|ex3|codon398	frameshift_induced_stop	exon_3	3.0	696.0	1194.0	398.0			True	1	1	3	0.3333333333333333	LOW	GCA_018282465.1
Bos taurus x Bison bison	frameshift_induced_stop|ex4|codon470	frameshift_induced_stop	exon_4	4.0	75.0	1410.0	470.0			True	1	1	3	0.3333333333333333	LOW	GCA_018282465.1
Bos taurus x Bison bison	frameshift_induced_stop|ex4|codon496	frameshift_induced_stop	exon_4	4.0	153.0	1488.0	496.0			True	2	2	3	0.6666666666666666	HIGH	GCA_018282365.1;GCA_030254855.1
Bos taurus x Bison bison	frameshift_induced_stop|ex6|codon668	frameshift_induced_stop	exon_6	6.0	332.0	2004.0	668.0			True	1	1	3	0.3333333333333333	LOW	GCA_018282465.1
Bos taurus x Bison bison	frameshift_induced_stop|ex6|codon698	frameshift_induced_stop	exon_6	6.0	422.0	2094.0	698.0			True	2	2	3	0.6666666666666666	HIGH	GCA_018282365.1;GCA_030254855.1
Bos taurus x Bison bison	frameshift_induced_stop|ex6|codon722	frameshift_induced_stop	exon_6	6.0	493.0	2165.0	722.0			True	1	1	3	0.3333333333333333	LOW	GCA_018282465.1
Bos taurus x Bison bison	frameshift_induced_stop|ex6|codon821	frameshift_induced_stop	exon_6	6.0	791.0	2463.0	821.0			True	2	2	3	0.6666666666666666	HIGH	GCA_018282365.1;GCA_030254855.1
Bos taurus x Bison bison	frameshift_insertion|ex3|pos623|len2	frameshift_insertion	exon_3	3.0	623.0	1121.0	374.0	2.0		True	1	1	3	0.3333333333333333	LOW	GCA_018282465.1
Bos taurus x Bison bison	frameshift_insertion|ex6|pos325|len1	frameshift_insertion	exon_6	6.0	325.0	1997.0	666.0	1.0		True	3	3	3	1.0	HIGH	GCA_018282365.1;GCA_018282465.1;GCA_030254855.1
Bos taurus x Bison bison	inframe_deletion|ex3|pos628|len3	inframe_deletion	exon_3	3.0	628.0	1126.0	376.0	3.0		False	1	1	3	0.3333333333333333	LOW	GCA_018282465.1
Bos taurus x Bison bison	inframe_deletion|ex3|pos658|len9	inframe_deletion	exon_3	3.0	658.0	1156.0	386.0	9.0		False	3	3	3	1.0	HIGH	GCA_018282365.1;GCA_018282465.1;GCA_030254855.1
Bos taurus x Bison bison	inframe_deletion|ex6|pos89|len9	inframe_deletion	exon_6	6.0	89.0	1761.0	587.0	9.0		False	3	3	3	1.0	HIGH	GCA_018282365.1;GCA_018282465.1;GCA_030254855.1
Bos taurus x Bison bison	inframe_deletion|ex6|pos935|len21	inframe_deletion	exon_6	6.0	935.0	2607.0	869.0	21.0		False	3	3	3	1.0	HIGH	GCA_018282365.1;GCA_018282465.1;GCA_030254855.1
Bos taurus x Bison bison	potential_splice_acceptor_disruption|ex5|GA	potential_splice_acceptor_disruption	exon_5	5.0	1.0	1549.0	517.0		GA	True	3	3	3	1.0	HIGH	GCA_018282365.1;GCA_018282465.1;GCA_030254855.1
Bos taurus x Bison bison	potential_splice_donor_disruption|ex3|AC	potential_splice_donor_disruption	exon_3	3.0	837.0	1335.0	445.0		AC	True	3	3	3	1.0	HIGH	GCA_018282365.1;GCA_018282465.1;GCA_030254855.1
Bos taurus x Bison bison	premature_stop|ex3|codon210	premature_stop	exon_3	3.0	130.0	628.0	210.0			True	3	3	3	1.0	HIGH	GCA_018282365.1;GCA_018282465.1;GCA_030254855.1
Bos taurus x Bison bison	premature_stop|ex3|codon263	premature_stop	exon_3	3.0	289.0	787.0	263.0			True	2	2	3	0.6666666666666666	HIGH	GCA_018282365.1;GCA_030254855.1
Bos taurus x Bison bison	premature_stop|ex3|codon303	premature_stop	exon_3	3.0	409.0	907.0	303.0			True	3	3	3	1.0	HIGH	GCA_018282365.1;GCA_018282465.1;GCA_030254855.1
Bos taurus x Bison bison	premature_stop|ex3|codon310	premature_stop	exon_3	3.0	430.0	928.0	310.0			True	1	1	3	0.3333333333333333	LOW	GCA_018282465.1
Bos taurus x Bison bison	premature_stop|ex3|codon361	premature_stop	exon_3	3.0	583.0	1081.0	361.0			True	3	3	3	1.0	HIGH	GCA_018282365.1;GCA_018282465.1;GCA_030254855.1
Bos taurus x Bison bison	premature_stop|ex3|codon430	premature_stop	exon_3	3.0	790.0	1288.0	430.0			True	3	3	3	1.0	HIGH	GCA_018282365.1;GCA_018282465.1;GCA_030254855.1
Bos taurus x Bison bison	premature_stop|ex3|codon433	premature_stop	exon_3	3.0	799.0	1297.0	433.0			True	3	3	3	1.0	HIGH	GCA_018282365.1;GCA_018282465.1;GCA_030254855.1
Bos taurus x Bison bison	premature_stop|ex6|codon722	premature_stop	exon_6	6.0	492.0	2164.0	722.0			True	3	3	3	1.0	HIGH	GCA_018282365.1;GCA_018282465.1;GCA_030254855.1
Bubalus bubalis	candidate_large_frameshift_insertion|ex4|pos38|len5594	candidate_large_frameshift_insertion	exon_4	4.0	38.0	1373.0	458.0	5594.0		True	1	1	16	0.0625	LOW	GCA_000180995.3
Bubalus bubalis	candidate_large_frameshift_insertion|ex4|pos38|len716	candidate_large_frameshift_insertion	exon_4	4.0	38.0	1373.0	458.0	716.0		True	12	12	16	0.75	HIGH	GCA_003121395.1;GCA_004794615.1;GCA_019923925.1;GCA_019923935.1;GCA_965246665.2;GCA_965606195.1;GCA_965642185.1;GCA_965642195.1;GCA_965642205.1;GCF_003121395.1;GCF_019923925.1;GCF_019923935.1
Bubalus bubalis	candidate_large_inframe_insertion|ex4|pos38|len129	candidate_large_inframe_insertion	exon_4	4.0	38.0	1373.0	458.0	129.0		False	2	2	16	0.125	LOW	GCA_000471725.1;GCF_000471725.1
Bubalus bubalis	candidate_large_inframe_insertion|ex4|pos38|len765	candidate_large_inframe_insertion	exon_4	4.0	38.0	1373.0	458.0	765.0		False	1	1	16	0.0625	LOW	GCA_002993835.1
Bubalus bubalis	exon_unresolved|ex1	exon_unresolved	exon_1	1.0	1.0	1.0	1.0	194.0		False	16	0	0		LOW	
Bubalus bubalis	exon_unresolved|ex2	exon_unresolved	exon_2	2.0	1.0	195.0	65.0	304.0		False	16	0	0		LOW	
Bubalus bubalis	exon_unresolved|ex3	exon_unresolved	exon_3	3.0	1.0	499.0	167.0	837.0		False	2	0	14	0.0	LOW	
Bubalus bubalis	frameshift_deletion|ex3|pos166|len7	frameshift_deletion	exon_3	3.0	166.0	664.0	222.0	7.0		True	1	1	14	0.07142857142857142	LOW	GCA_002993835.1
Bubalus bubalis	frameshift_deletion|ex3|pos167|len7	frameshift_deletion	exon_3	3.0	167.0	665.0	222.0	7.0		True	13	13	14	0.9285714285714286	HIGH	GCA_000180995.3;GCA_003121395.1;GCA_004794615.1;GCA_019923925.1;GCA_019923935.1;GCA_965246665.2;GCA_965606195.1;GCA_965642185.1;GCA_965642195.1;GCA_965642205.1;GCF_003121395.1;GCF_019923925.1;GCF_019923935.1
Bubalus bubalis	frameshift_deletion|ex3|pos308|len1	frameshift_deletion	exon_3	3.0	308.0	806.0	269.0	1.0		True	1	1	14	0.07142857142857142	LOW	GCA_002993835.1
Bubalus bubalis	frameshift_deletion|ex3|pos596|len13	frameshift_deletion	exon_3	3.0	596.0	1094.0	365.0	13.0		True	13	13	14	0.9285714285714286	HIGH	GCA_000180995.3;GCA_003121395.1;GCA_004794615.1;GCA_019923925.1;GCA_019923935.1;GCA_965246665.2;GCA_965606195.1;GCA_965642185.1;GCA_965642195.1;GCA_965642205.1;GCF_003121395.1;GCF_019923925.1;GCF_019923935.1
Bubalus bubalis	frameshift_deletion|ex4|pos131|len1	frameshift_deletion	exon_4	4.0	131.0	1466.0	489.0	1.0		True	15	15	16	0.9375	HIGH	GCA_000180995.3;GCA_000471725.1;GCA_003121395.1;GCA_004794615.1;GCA_019923925.1;GCA_019923935.1;GCA_965246665.2;GCA_965606195.1;GCA_965642185.1;GCA_965642195.1;GCA_965642205.1;GCF_000471725.1;GCF_003121395.1;GCF_019923925.1;GCF_019923935.1
Bubalus bubalis	frameshift_deletion|ex4|pos132|len1	frameshift_deletion	exon_4	4.0	132.0	1467.0	489.0	1.0		True	1	1	16	0.0625	LOW	GCA_002993835.1
Bubalus bubalis	frameshift_deletion|ex6|pos399|len4	frameshift_deletion	exon_6	6.0	399.0	2071.0	691.0	4.0		True	16	16	16	1.0	HIGH	GCA_000180995.3;GCA_000471725.1;GCA_002993835.1;GCA_003121395.1;GCA_004794615.1;GCA_019923925.1;GCA_019923935.1;GCA_965246665.2;GCA_965606195.1;GCA_965642185.1;GCA_965642195.1;GCA_965642205.1;GCF_000471725.1;GCF_003121395.1;GCF_019923925.1;GCF_019923935.1
Bubalus bubalis	frameshift_deletion|ex6|pos464|len1	frameshift_deletion	exon_6	6.0	464.0	2136.0	712.0	1.0		True	3	3	16	0.1875	LOW	GCA_004794615.1;GCA_019923925.1;GCF_019923925.1
Bubalus bubalis	frameshift_deletion|ex6|pos470|len1	frameshift_deletion	exon_6	6.0	470.0	2142.0	714.0	1.0		True	13	13	16	0.8125	HIGH	GCA_000180995.3;GCA_000471725.1;GCA_002993835.1;GCA_003121395.1;GCA_019923935.1;GCA_965246665.2;GCA_965606195.1;GCA_965642185.1;GCA_965642195.1;GCA_965642205.1;GCF_000471725.1;GCF_003121395.1;GCF_019923935.1
Bubalus bubalis	frameshift_deletion|ex6|pos737|len5	frameshift_deletion	exon_6	6.0	737.0	2409.0	803.0	5.0		True	16	16	16	1.0	HIGH	GCA_000180995.3;GCA_000471725.1;GCA_002993835.1;GCA_003121395.1;GCA_004794615.1;GCA_019923925.1;GCA_019923935.1;GCA_965246665.2;GCA_965606195.1;GCA_965642185.1;GCA_965642195.1;GCA_965642205.1;GCF_000471725.1;GCF_003121395.1;GCF_019923925.1;GCF_019923935.1
Bubalus bubalis	frameshift_deletion|ex6|pos73|len1	frameshift_deletion	exon_6	6.0	73.0	1745.0	582.0	1.0		True	16	16	16	1.0	HIGH	GCA_000180995.3;GCA_000471725.1;GCA_002993835.1;GCA_003121395.1;GCA_004794615.1;GCA_019923925.1;GCA_019923935.1;GCA_965246665.2;GCA_965606195.1;GCA_965642185.1;GCA_965642195.1;GCA_965642205.1;GCF_000471725.1;GCF_003121395.1;GCF_019923925.1;GCF_019923935.1
Bubalus bubalis	frameshift_induced_stop|ex3|codon266	frameshift_induced_stop	exon_3	3.0	300.0	798.0	266.0			True	13	13	14	0.9285714285714286	HIGH	GCA_000180995.3;GCA_003121395.1;GCA_004794615.1;GCA_019923925.1;GCA_019923935.1;GCA_965246665.2;GCA_965606195.1;GCA_965642185.1;GCA_965642195.1;GCA_965642205.1;GCF_003121395.1;GCF_019923925.1;GCF_019923935.1
Bubalus bubalis	frameshift_induced_stop|ex3|codon278	frameshift_induced_stop	exon_3	3.0	336.0	834.0	278.0			True	1	1	14	0.07142857142857142	LOW	GCA_002993835.1
Bubalus bubalis	frameshift_induced_stop|ex3|codon371	frameshift_induced_stop	exon_3	3.0	613.0	1111.0	371.0			True	13	13	14	0.9285714285714286	HIGH	GCA_000180995.3;GCA_003121395.1;GCA_004794615.1;GCA_019923925.1;GCA_019923935.1;GCA_965246665.2;GCA_965606195.1;GCA_965642185.1;GCA_965642195.1;GCA_965642205.1;GCF_003121395.1;GCF_019923925.1;GCF_019923935.1
Bubalus bubalis	frameshift_induced_stop|ex3|codon401	frameshift_induced_stop	exon_3	3.0	703.0	1201.0	401.0			True	1	1	14	0.07142857142857142	LOW	GCA_002993835.1
Bubalus bubalis	frameshift_induced_stop|ex4|codon450	frameshift_induced_stop	exon_4	4.0	15.0	1350.0	450.0			True	1	1	16	0.0625	LOW	GCA_002993835.1
Bubalus bubalis	frameshift_induced_stop|ex4|codon495	frameshift_induced_stop	exon_4	4.0	148.0	1483.0	495.0			True	1	1	16	0.0625	LOW	GCA_002993835.1
Bubalus bubalis	frameshift_induced_stop|ex4|codon496	frameshift_induced_stop	exon_4	4.0	153.0	1488.0	496.0			True	2	2	16	0.125	LOW	GCA_000471725.1;GCF_000471725.1
Bubalus bubalis	frameshift_induced_stop|ex5|codon531	frameshift_induced_stop	exon_5	5.0	45.0	1593.0	531.0			True	1	1	16	0.0625	LOW	GCA_002993835.1
Bubalus bubalis	frameshift_induced_stop|ex6|codon591	frameshift_induced_stop	exon_6	6.0	99.0	1771.0	591.0			True	3	3	16	0.1875	LOW	GCA_000471725.1;GCA_002993835.1;GCF_000471725.1
Bubalus bubalis	frameshift_induced_stop|ex6|codon613	frameshift_induced_stop	exon_6	6.0	167.0	1839.0	613.0			True	13	13	16	0.8125	HIGH	GCA_000180995.3;GCA_003121395.1;GCA_004794615.1;GCA_019923925.1;GCA_019923935.1;GCA_965246665.2;GCA_965606195.1;GCA_965642185.1;GCA_965642195.1;GCA_965642205.1;GCF_003121395.1;GCF_019923925.1;GCF_019923935.1
Bubalus bubalis	frameshift_induced_stop|ex6|codon722	frameshift_induced_stop	exon_6	6.0	493.0	2165.0	722.0			True	13	13	16	0.8125	HIGH	GCA_000180995.3;GCA_003121395.1;GCA_004794615.1;GCA_019923925.1;GCA_019923935.1;GCA_965246665.2;GCA_965606195.1;GCA_965642185.1;GCA_965642195.1;GCA_965642205.1;GCF_003121395.1;GCF_019923925.1;GCF_019923935.1
Bubalus bubalis	frameshift_induced_stop|ex6|codon786	frameshift_induced_stop	exon_6	6.0	686.0	2358.0	786.0			True	2	2	16	0.125	LOW	GCA_000471725.1;GCF_000471725.1
Bubalus bubalis	frameshift_induced_stop|ex6|codon821	frameshift_induced_stop	exon_6	6.0	791.0	2463.0	821.0			True	1	1	16	0.0625	LOW	GCA_002993835.1
Bubalus bubalis	frameshift_insertion|ex3|pos257|len1	frameshift_insertion	exon_3	3.0	257.0	755.0	252.0	1.0		True	1	1	14	0.07142857142857142	LOW	GCA_002993835.1
Bubalus bubalis	frameshift_insertion|ex3|pos453|len4	frameshift_insertion	exon_3	3.0	453.0	951.0	317.0	4.0		True	1	1	14	0.07142857142857142	LOW	GCA_002993835.1
Bubalus bubalis	frameshift_insertion|ex3|pos675|len1	frameshift_insertion	exon_3	3.0	675.0	1173.0	391.0	1.0		True	1	1	14	0.07142857142857142	LOW	GCA_002993835.1
Bubalus bubalis	frameshift_insertion|ex3|pos758|len4	frameshift_insertion	exon_3	3.0	758.0	1256.0	419.0	4.0		True	1	1	14	0.07142857142857142	LOW	GCA_002993835.1
Bubalus bubalis	frameshift_insertion|ex4|pos31|len1	frameshift_insertion	exon_4	4.0	31.0	1366.0	456.0	1.0		True	1	1	16	0.0625	LOW	GCA_002993835.1
Bubalus bubalis	frameshift_insertion|ex4|pos90|len5	frameshift_insertion	exon_4	4.0	90.0	1425.0	475.0	5.0		True	1	1	16	0.0625	LOW	GCA_002993835.1
Bubalus bubalis	frameshift_insertion|ex5|pos33|len1	frameshift_insertion	exon_5	5.0	33.0	1581.0	527.0	1.0		True	1	1	16	0.0625	LOW	GCA_002993835.1
Bubalus bubalis	frameshift_insertion|ex6|pos134|len1	frameshift_insertion	exon_6	6.0	134.0	1806.0	602.0	1.0		True	1	1	16	0.0625	LOW	GCA_002993835.1
Bubalus bubalis	frameshift_insertion|ex6|pos139|len1	frameshift_insertion	exon_6	6.0	139.0	1811.0	604.0	1.0		True	1	1	16	0.0625	LOW	GCA_002993835.1
Bubalus bubalis	frameshift_insertion|ex6|pos387|len1	frameshift_insertion	exon_6	6.0	387.0	2059.0	687.0	1.0		True	1	1	16	0.0625	LOW	GCA_002993835.1
Bubalus bubalis	frameshift_insertion|ex6|pos449|len1	frameshift_insertion	exon_6	6.0	449.0	2121.0	707.0	1.0		True	1	1	16	0.0625	LOW	GCA_002993835.1
Bubalus bubalis	frameshift_insertion|ex6|pos693|len2	frameshift_insertion	exon_6	6.0	693.0	2365.0	789.0	2.0		True	1	1	16	0.0625	LOW	GCA_002993835.1
Bubalus bubalis	frameshift_insertion|ex6|pos783|len2	frameshift_insertion	exon_6	6.0	783.0	2455.0	819.0	2.0		True	1	1	16	0.0625	LOW	GCA_002993835.1
Bubalus bubalis	gene_unresolved_no_hit|ex0|pos0	gene_unresolved_no_hit								False	1	0	16	0.0	LOW	
Bubalus bubalis	inframe_deletion|ex3|pos606|len12	inframe_deletion	exon_3	3.0	606.0	1104.0	368.0	12.0		False	1	1	14	0.07142857142857142	LOW	GCA_002993835.1
Bubalus bubalis	inframe_deletion|ex3|pos658|len9	inframe_deletion	exon_3	3.0	658.0	1156.0	386.0	9.0		False	13	13	14	0.9285714285714286	HIGH	GCA_000180995.3;GCA_003121395.1;GCA_004794615.1;GCA_019923925.1;GCA_019923935.1;GCA_965246665.2;GCA_965606195.1;GCA_965642185.1;GCA_965642195.1;GCA_965642205.1;GCF_003121395.1;GCF_019923925.1;GCF_019923935.1
Bubalus bubalis	inframe_deletion|ex3|pos767|len3	inframe_deletion	exon_3	3.0	767.0	1265.0	422.0	3.0		False	1	1	14	0.07142857142857142	LOW	GCA_002993835.1
Bubalus bubalis	inframe_deletion|ex6|pos89|len9	inframe_deletion	exon_6	6.0	89.0	1761.0	587.0	9.0		False	16	16	16	1.0	HIGH	GCA_000180995.3;GCA_000471725.1;GCA_002993835.1;GCA_003121395.1;GCA_004794615.1;GCA_019923925.1;GCA_019923935.1;GCA_965246665.2;GCA_965606195.1;GCA_965642185.1;GCA_965642195.1;GCA_965642205.1;GCF_000471725.1;GCF_003121395.1;GCF_019923925.1;GCF_019923935.1
Bubalus bubalis	inframe_deletion|ex6|pos935|len21	inframe_deletion	exon_6	6.0	935.0	2607.0	869.0	21.0		False	16	16	16	1.0	HIGH	GCA_000180995.3;GCA_000471725.1;GCA_002993835.1;GCA_003121395.1;GCA_004794615.1;GCA_019923925.1;GCA_019923935.1;GCA_965246665.2;GCA_965606195.1;GCA_965642185.1;GCA_965642195.1;GCA_965642205.1;GCF_000471725.1;GCF_003121395.1;GCF_019923925.1;GCF_019923935.1
Bubalus bubalis	inframe_insertion|ex3|pos657|len9	inframe_insertion	exon_3	3.0	657.0	1155.0	385.0	9.0		False	1	1	14	0.07142857142857142	LOW	GCA_002993835.1
Bubalus bubalis	inframe_insertion|ex3|pos661|len6	inframe_insertion	exon_3	3.0	661.0	1159.0	387.0	6.0		False	1	1	14	0.07142857142857142	LOW	GCA_002993835.1
Bubalus bubalis	inframe_insertion|ex3|pos720|len3	inframe_insertion	exon_3	3.0	720.0	1218.0	406.0	3.0		False	1	1	14	0.07142857142857142	LOW	GCA_002993835.1
Bubalus bubalis	potential_splice_acceptor_disruption|ex5|GA	potential_splice_acceptor_disruption	exon_5	5.0	1.0	1549.0	517.0		GA	True	16	16	16	1.0	HIGH	GCA_000180995.3;GCA_000471725.1;GCA_002993835.1;GCA_003121395.1;GCA_004794615.1;GCA_019923925.1;GCA_019923935.1;GCA_965246665.2;GCA_965606195.1;GCA_965642185.1;GCA_965642195.1;GCA_965642205.1;GCF_000471725.1;GCF_003121395.1;GCF_019923925.1;GCF_019923935.1
Bubalus bubalis	potential_splice_acceptor_disruption|ex6|AC	potential_splice_acceptor_disruption	exon_6	6.0	1.0	1673.0	558.0		AC	True	15	15	16	0.9375	HIGH	GCA_000180995.3;GCA_000471725.1;GCA_003121395.1;GCA_004794615.1;GCA_019923925.1;GCA_019923935.1;GCA_965246665.2;GCA_965606195.1;GCA_965642185.1;GCA_965642195.1;GCA_965642205.1;GCF_000471725.1;GCF_003121395.1;GCF_019923925.1;GCF_019923935.1
Bubalus bubalis	potential_splice_donor_disruption|ex3|AC	potential_splice_donor_disruption	exon_3	3.0	837.0	1335.0	445.0		AC	True	14	14	14	1.0	HIGH	GCA_000180995.3;GCA_002993835.1;GCA_003121395.1;GCA_004794615.1;GCA_019923925.1;GCA_019923935.1;GCA_965246665.2;GCA_965606195.1;GCA_965642185.1;GCA_965642195.1;GCA_965642205.1;GCF_003121395.1;GCF_019923925.1;GCF_019923935.1
Bubalus bubalis	premature_stop|ex3|codon270	premature_stop	exon_3	3.0	310.0	808.0	270.0			True	1	1	14	0.07142857142857142	LOW	GCA_002993835.1
Bubalus bubalis	premature_stop|ex3|codon303	premature_stop	exon_3	3.0	409.0	907.0	303.0			True	14	14	14	1.0	HIGH	GCA_000180995.3;GCA_002993835.1;GCA_003121395.1;GCA_004794615.1;GCA_019923925.1;GCA_019923935.1;GCA_965246665.2;GCA_965606195.1;GCA_965642185.1;GCA_965642195.1;GCA_965642205.1;GCF_003121395.1;GCF_019923925.1;GCF_019923935.1
Bubalus bubalis	premature_stop|ex3|codon430	premature_stop	exon_3	3.0	790.0	1288.0	430.0			True	14	14	14	1.0	HIGH	GCA_000180995.3;GCA_002993835.1;GCA_003121395.1;GCA_004794615.1;GCA_019923925.1;GCA_019923935.1;GCA_965246665.2;GCA_965606195.1;GCA_965642185.1;GCA_965642195.1;GCA_965642205.1;GCF_003121395.1;GCF_019923925.1;GCF_019923935.1
Bubalus bubalis	premature_stop|ex3|codon433	premature_stop	exon_3	3.0	799.0	1297.0	433.0			True	14	14	14	1.0	HIGH	GCA_000180995.3;GCA_002993835.1;GCA_003121395.1;GCA_004794615.1;GCA_019923925.1;GCA_019923935.1;GCA_965246665.2;GCA_965606195.1;GCA_965642185.1;GCA_965642195.1;GCA_965642205.1;GCF_003121395.1;GCF_019923925.1;GCF_019923935.1
Bubalus bubalis	premature_stop|ex5|codon553	premature_stop	exon_5	5.0	109.0	1657.0	553.0			True	1	1	16	0.0625	LOW	GCA_002993835.1
Bubalus bubalis	premature_stop|ex6|codon722	premature_stop	exon_6	6.0	492.0	2164.0	722.0			True	16	16	16	1.0	HIGH	GCA_000180995.3;GCA_000471725.1;GCA_002993835.1;GCA_003121395.1;GCA_004794615.1;GCA_019923925.1;GCA_019923935.1;GCA_965246665.2;GCA_965606195.1;GCA_965642185.1;GCA_965642195.1;GCA_965642205.1;GCF_000471725.1;GCF_003121395.1;GCF_019923925.1;GCF_019923935.1
Bubalus depressicornis	candidate_large_frameshift_insertion|ex4|pos38|len716	candidate_large_frameshift_insertion	exon_4	4.0	38.0	1373.0	458.0	716.0		True	1	1	1	1.0	MEDIUM	GCA_025584935.1
Bubalus depressicornis	exon_unresolved|ex1	exon_unresolved	exon_1	1.0	1.0	1.0	1.0	194.0		False	1	0	0		LOW	
Bubalus depressicornis	exon_unresolved|ex2	exon_unresolved	exon_2	2.0	1.0	195.0	65.0	304.0		False	1	0	0		LOW	
Bubalus depressicornis	exon_unresolved|ex3	exon_unresolved	exon_3	3.0	1.0	499.0	167.0	837.0		False	1	0	0		LOW	
Bubalus depressicornis	frameshift_deletion|ex4|pos131|len1	frameshift_deletion	exon_4	4.0	131.0	1466.0	489.0	1.0		True	1	1	1	1.0	MEDIUM	GCA_025584935.1
Bubalus depressicornis	frameshift_deletion|ex6|pos399|len4	frameshift_deletion	exon_6	6.0	399.0	2071.0	691.0	4.0		True	1	1	1	1.0	MEDIUM	GCA_025584935.1
Bubalus depressicornis	frameshift_deletion|ex6|pos470|len1	frameshift_deletion	exon_6	6.0	470.0	2142.0	714.0	1.0		True	1	1	1	1.0	MEDIUM	GCA_025584935.1
Bubalus depressicornis	frameshift_deletion|ex6|pos737|len5	frameshift_deletion	exon_6	6.0	737.0	2409.0	803.0	5.0		True	1	1	1	1.0	MEDIUM	GCA_025584935.1
Bubalus depressicornis	frameshift_deletion|ex6|pos73|len1	frameshift_deletion	exon_6	6.0	73.0	1745.0	582.0	1.0		True	1	1	1	1.0	MEDIUM	GCA_025584935.1
Bubalus depressicornis	frameshift_induced_stop|ex4|codon496	frameshift_induced_stop	exon_4	4.0	153.0	1488.0	496.0			True	1	1	1	1.0	MEDIUM	GCA_025584935.1
Bubalus depressicornis	frameshift_induced_stop|ex6|codon786	frameshift_induced_stop	exon_6	6.0	686.0	2358.0	786.0			True	1	1	1	1.0	MEDIUM	GCA_025584935.1
Bubalus depressicornis	inframe_deletion|ex6|pos89|len9	inframe_deletion	exon_6	6.0	89.0	1761.0	587.0	9.0		False	1	1	1	1.0	MEDIUM	GCA_025584935.1
Bubalus depressicornis	inframe_deletion|ex6|pos935|len21	inframe_deletion	exon_6	6.0	935.0	2607.0	869.0	21.0		False	1	1	1	1.0	MEDIUM	GCA_025584935.1
Bubalus depressicornis	potential_splice_acceptor_disruption|ex5|GA	potential_splice_acceptor_disruption	exon_5	5.0	1.0	1549.0	517.0		GA	True	1	1	1	1.0	MEDIUM	GCA_025584935.1
Bubalus depressicornis	potential_splice_acceptor_disruption|ex6|AC	potential_splice_acceptor_disruption	exon_6	6.0	1.0	1673.0	558.0		AC	True	1	1	1	1.0	MEDIUM	GCA_025584935.1
Bubalus depressicornis	premature_stop|ex6|codon722	premature_stop	exon_6	6.0	492.0	2164.0	722.0			True	1	1	1	1.0	MEDIUM	GCA_025584935.1
Bubalus kerabau	candidate_large_frameshift_insertion|ex4|pos38|len716	candidate_large_frameshift_insertion	exon_4	4.0	38.0	1373.0	458.0	716.0		True	3	3	3	1.0	HIGH	GCA_029407905.2;GCA_051307275.1;GCF_029407905.1
Bubalus kerabau	exon_unresolved|ex1	exon_unresolved	exon_1	1.0	1.0	1.0	1.0	194.0		False	3	0	0		LOW	
Bubalus kerabau	exon_unresolved|ex2	exon_unresolved	exon_2	2.0	1.0	195.0	65.0	304.0		False	3	0	0		LOW	
Bubalus kerabau	frameshift_deletion|ex3|pos167|len7	frameshift_deletion	exon_3	3.0	167.0	665.0	222.0	7.0		True	3	3	3	1.0	HIGH	GCA_029407905.2;GCA_051307275.1;GCF_029407905.1
Bubalus kerabau	frameshift_deletion|ex3|pos596|len13	frameshift_deletion	exon_3	3.0	596.0	1094.0	365.0	13.0		True	3	3	3	1.0	HIGH	GCA_029407905.2;GCA_051307275.1;GCF_029407905.1
Bubalus kerabau	frameshift_deletion|ex4|pos131|len1	frameshift_deletion	exon_4	4.0	131.0	1466.0	489.0	1.0		True	3	3	3	1.0	HIGH	GCA_029407905.2;GCA_051307275.1;GCF_029407905.1
Bubalus kerabau	frameshift_deletion|ex6|pos399|len4	frameshift_deletion	exon_6	6.0	399.0	2071.0	691.0	4.0		True	3	3	3	1.0	HIGH	GCA_029407905.2;GCA_051307275.1;GCF_029407905.1
Bubalus kerabau	frameshift_deletion|ex6|pos470|len1	frameshift_deletion	exon_6	6.0	470.0	2142.0	714.0	1.0		True	3	3	3	1.0	HIGH	GCA_029407905.2;GCA_051307275.1;GCF_029407905.1
Bubalus kerabau	frameshift_deletion|ex6|pos737|len5	frameshift_deletion	exon_6	6.0	737.0	2409.0	803.0	5.0		True	3	3	3	1.0	HIGH	GCA_029407905.2;GCA_051307275.1;GCF_029407905.1
Bubalus kerabau	frameshift_deletion|ex6|pos73|len1	frameshift_deletion	exon_6	6.0	73.0	1745.0	582.0	1.0		True	3	3	3	1.0	HIGH	GCA_029407905.2;GCA_051307275.1;GCF_029407905.1
Bubalus kerabau	frameshift_induced_stop|ex3|codon266	frameshift_induced_stop	exon_3	3.0	300.0	798.0	266.0			True	3	3	3	1.0	HIGH	GCA_029407905.2;GCA_051307275.1;GCF_029407905.1
Bubalus kerabau	frameshift_induced_stop|ex3|codon371	frameshift_induced_stop	exon_3	3.0	613.0	1111.0	371.0			True	3	3	3	1.0	HIGH	GCA_029407905.2;GCA_051307275.1;GCF_029407905.1
Bubalus kerabau	frameshift_induced_stop|ex6|codon613	frameshift_induced_stop	exon_6	6.0	167.0	1839.0	613.0			True	3	3	3	1.0	HIGH	GCA_029407905.2;GCA_051307275.1;GCF_029407905.1
Bubalus kerabau	frameshift_induced_stop|ex6|codon722	frameshift_induced_stop	exon_6	6.0	493.0	2165.0	722.0			True	3	3	3	1.0	HIGH	GCA_029407905.2;GCA_051307275.1;GCF_029407905.1
Bubalus kerabau	inframe_deletion|ex3|pos658|len9	inframe_deletion	exon_3	3.0	658.0	1156.0	386.0	9.0		False	3	3	3	1.0	HIGH	GCA_029407905.2;GCA_051307275.1;GCF_029407905.1
Bubalus kerabau	inframe_deletion|ex6|pos89|len9	inframe_deletion	exon_6	6.0	89.0	1761.0	587.0	9.0		False	3	3	3	1.0	HIGH	GCA_029407905.2;GCA_051307275.1;GCF_029407905.1
Bubalus kerabau	inframe_deletion|ex6|pos935|len21	inframe_deletion	exon_6	6.0	935.0	2607.0	869.0	21.0		False	3	3	3	1.0	HIGH	GCA_029407905.2;GCA_051307275.1;GCF_029407905.1
Bubalus kerabau	potential_splice_acceptor_disruption|ex5|GA	potential_splice_acceptor_disruption	exon_5	5.0	1.0	1549.0	517.0		GA	True	3	3	3	1.0	HIGH	GCA_029407905.2;GCA_051307275.1;GCF_029407905.1
Bubalus kerabau	potential_splice_acceptor_disruption|ex6|AC	potential_splice_acceptor_disruption	exon_6	6.0	1.0	1673.0	558.0		AC	True	3	3	3	1.0	HIGH	GCA_029407905.2;GCA_051307275.1;GCF_029407905.1
Bubalus kerabau	potential_splice_donor_disruption|ex3|AC	potential_splice_donor_disruption	exon_3	3.0	837.0	1335.0	445.0		AC	True	3	3	3	1.0	HIGH	GCA_029407905.2;GCA_051307275.1;GCF_029407905.1
Bubalus kerabau	premature_stop|ex3|codon303	premature_stop	exon_3	3.0	409.0	907.0	303.0			True	3	3	3	1.0	HIGH	GCA_029407905.2;GCA_051307275.1;GCF_029407905.1
Bubalus kerabau	premature_stop|ex3|codon430	premature_stop	exon_3	3.0	790.0	1288.0	430.0			True	3	3	3	1.0	HIGH	GCA_029407905.2;GCA_051307275.1;GCF_029407905.1
Bubalus kerabau	premature_stop|ex3|codon433	premature_stop	exon_3	3.0	799.0	1297.0	433.0			True	3	3	3	1.0	HIGH	GCA_029407905.2;GCA_051307275.1;GCF_029407905.1
Bubalus kerabau	premature_stop|ex6|codon722	premature_stop	exon_6	6.0	492.0	2164.0	722.0			True	3	3	3	1.0	HIGH	GCA_029407905.2;GCA_051307275.1;GCF_029407905.1
Budorcas taxicolor	candidate_large_frameshift_insertion|ex4|pos38|len715	candidate_large_frameshift_insertion	exon_4	4.0	38.0	1373.0	458.0	715.0		True	2	2	2	1.0	HIGH	GCA_023091745.2;GCF_023091745.1
Budorcas taxicolor	candidate_large_inframe_insertion|ex3|pos407|len144	candidate_large_inframe_insertion	exon_3	3.0	407.0	905.0	302.0	144.0		False	2	2	2	1.0	HIGH	GCA_023091745.2;GCF_023091745.1
Budorcas taxicolor	frameshift_deletion|ex1|pos119|len4	frameshift_deletion	exon_1	1.0	119.0	119.0	40.0	4.0		True	2	2	2	1.0	HIGH	GCA_023091745.2;GCF_023091745.1
Budorcas taxicolor	frameshift_deletion|ex1|pos162|len1	frameshift_deletion	exon_1	1.0	162.0	162.0	54.0	1.0		True	2	2	2	1.0	HIGH	GCA_023091745.2;GCF_023091745.1
Budorcas taxicolor	frameshift_deletion|ex3|pos167|len7	frameshift_deletion	exon_3	3.0	167.0	665.0	222.0	7.0		True	2	2	2	1.0	HIGH	GCA_023091745.2;GCF_023091745.1
Budorcas taxicolor	frameshift_deletion|ex3|pos52|len1	frameshift_deletion	exon_3	3.0	52.0	550.0	184.0	1.0		True	2	2	2	1.0	HIGH	GCA_023091745.2;GCF_023091745.1
Budorcas taxicolor	frameshift_deletion|ex4|pos131|len1	frameshift_deletion	exon_4	4.0	131.0	1466.0	489.0	1.0		True	2	2	2	1.0	HIGH	GCA_023091745.2;GCF_023091745.1
Budorcas taxicolor	frameshift_deletion|ex6|pos737|len5	frameshift_deletion	exon_6	6.0	737.0	2409.0	803.0	5.0		True	2	2	2	1.0	HIGH	GCA_023091745.2;GCF_023091745.1
Budorcas taxicolor	frameshift_induced_stop|ex1|codon26	frameshift_induced_stop	exon_1	1.0	76.0	76.0	26.0			True	2	2	2	1.0	HIGH	GCA_023091745.2;GCF_023091745.1
Budorcas taxicolor	frameshift_induced_stop|ex3|codon178	frameshift_induced_stop	exon_3	3.0	34.0	532.0	178.0			True	2	2	2	1.0	HIGH	GCA_023091745.2;GCF_023091745.1
Budorcas taxicolor	frameshift_induced_stop|ex3|codon239	frameshift_induced_stop	exon_3	3.0	219.0	717.0	239.0			True	2	2	2	1.0	HIGH	GCA_023091745.2;GCF_023091745.1
Budorcas taxicolor	frameshift_induced_stop|ex6|codon895	frameshift_induced_stop	exon_6	6.0	1012.0	2684.0	895.0			True	2	2	2	1.0	HIGH	GCA_023091745.2;GCF_023091745.1
Budorcas taxicolor	frameshift_insertion|ex1|pos134|len1	frameshift_insertion	exon_1	1.0	134.0	134.0	45.0	1.0		True	2	2	2	1.0	HIGH	GCA_023091745.2;GCF_023091745.1
Budorcas taxicolor	frameshift_insertion|ex1|pos40|len4	frameshift_insertion	exon_1	1.0	40.0	40.0	14.0	4.0		True	2	2	2	1.0	HIGH	GCA_023091745.2;GCF_023091745.1
Budorcas taxicolor	frameshift_insertion|ex2|pos297|len1	frameshift_insertion	exon_2	2.0	297.0	491.0	164.0	1.0		True	2	2	2	1.0	HIGH	GCA_023091745.2;GCF_023091745.1
Budorcas taxicolor	frameshift_insertion|ex3|pos592|len1	frameshift_insertion	exon_3	3.0	592.0	1090.0	364.0	1.0		True	2	2	2	1.0	HIGH	GCA_023091745.2;GCF_023091745.1
Budorcas taxicolor	frameshift_insertion|ex5|pos100|len1	frameshift_insertion	exon_5	5.0	100.0	1648.0	550.0	1.0		True	2	2	2	1.0	HIGH	GCA_023091745.2;GCF_023091745.1
Budorcas taxicolor	frameshift_insertion|ex6|pos338|len2	frameshift_insertion	exon_6	6.0	338.0	2010.0	670.0	2.0		True	2	2	2	1.0	HIGH	GCA_023091745.2;GCF_023091745.1
Budorcas taxicolor	inframe_deletion|ex3|pos659|len6	inframe_deletion	exon_3	3.0	659.0	1157.0	386.0	6.0		False	2	2	2	1.0	HIGH	GCA_023091745.2;GCF_023091745.1
Budorcas taxicolor	inframe_deletion|ex3|pos669|len3	inframe_deletion	exon_3	3.0	669.0	1167.0	389.0	3.0		False	2	2	2	1.0	HIGH	GCA_023091745.2;GCF_023091745.1
Budorcas taxicolor	inframe_deletion|ex6|pos89|len9	inframe_deletion	exon_6	6.0	89.0	1761.0	587.0	9.0		False	2	2	2	1.0	HIGH	GCA_023091745.2;GCF_023091745.1
Budorcas taxicolor	inframe_deletion|ex6|pos939|len21	inframe_deletion	exon_6	6.0	939.0	2611.0	871.0	21.0		False	2	2	2	1.0	HIGH	GCA_023091745.2;GCF_023091745.1
Budorcas taxicolor	potential_splice_acceptor_disruption|ex5|GA	potential_splice_acceptor_disruption	exon_5	5.0	1.0	1549.0	517.0		GA	True	2	2	2	1.0	HIGH	GCA_023091745.2;GCF_023091745.1
Budorcas taxicolor	potential_splice_donor_disruption|ex1|CC	potential_splice_donor_disruption	exon_1	1.0	194.0	194.0	65.0		CC	True	2	2	2	1.0	HIGH	GCA_023091745.2;GCF_023091745.1
Budorcas taxicolor	premature_stop|ex3|codon361	premature_stop	exon_3	3.0	583.0	1081.0	361.0			True	2	2	2	1.0	HIGH	GCA_023091745.2;GCF_023091745.1
Budorcas taxicolor	premature_stop|ex3|codon430	premature_stop	exon_3	3.0	790.0	1288.0	430.0			True	2	2	2	1.0	HIGH	GCA_023091745.2;GCF_023091745.1
Budorcas taxicolor	premature_stop|ex3|codon433	premature_stop	exon_3	3.0	799.0	1297.0	433.0			True	2	2	2	1.0	HIGH	GCA_023091745.2;GCF_023091745.1
Budorcas taxicolor	premature_stop|ex5|codon526	premature_stop	exon_5	5.0	28.0	1576.0	526.0			True	2	2	2	1.0	HIGH	GCA_023091745.2;GCF_023091745.1
Budorcas taxicolor	premature_stop|ex6|codon722	premature_stop	exon_6	6.0	492.0	2164.0	722.0			True	2	2	2	1.0	HIGH	GCA_023091745.2;GCF_023091745.1
Budorcas taxicolor	premature_stop|ex6|codon895	premature_stop	exon_6	6.0	1011.0	2683.0	895.0			True	2	2	2	1.0	HIGH	GCA_023091745.2;GCF_023091745.1
Capra aegagrus	candidate_large_frameshift_insertion|ex4|pos38|len716	candidate_large_frameshift_insertion	exon_4	4.0	38.0	1373.0	458.0	716.0		True	2	2	2	1.0	HIGH	GCA_000765075.1;GCA_000978405.1
Capra aegagrus	candidate_large_inframe_insertion|ex3|pos407|len144	candidate_large_inframe_insertion	exon_3	3.0	407.0	905.0	302.0	144.0		False	1	1	2	0.5	MEDIUM	GCA_000765075.1
Capra aegagrus	candidate_large_inframe_insertion|ex3|pos407|len147	candidate_large_inframe_insertion	exon_3	3.0	407.0	905.0	302.0	147.0		False	1	1	2	0.5	MEDIUM	GCA_000978405.1
Capra aegagrus	frameshift_deletion|ex1|pos119|len4	frameshift_deletion	exon_1	1.0	119.0	119.0	40.0	4.0		True	2	2	2	1.0	HIGH	GCA_000765075.1;GCA_000978405.1
Capra aegagrus	frameshift_deletion|ex1|pos162|len1	frameshift_deletion	exon_1	1.0	162.0	162.0	54.0	1.0		True	2	2	2	1.0	HIGH	GCA_000765075.1;GCA_000978405.1
Capra aegagrus	frameshift_deletion|ex3|pos167|len7	frameshift_deletion	exon_3	3.0	167.0	665.0	222.0	7.0		True	2	2	2	1.0	HIGH	GCA_000765075.1;GCA_000978405.1
Capra aegagrus	frameshift_deletion|ex3|pos661|len17	frameshift_deletion	exon_3	3.0	661.0	1159.0	387.0	17.0		True	2	2	2	1.0	HIGH	GCA_000765075.1;GCA_000978405.1
Capra aegagrus	frameshift_deletion|ex4|pos131|len1	frameshift_deletion	exon_4	4.0	131.0	1466.0	489.0	1.0		True	2	2	2	1.0	HIGH	GCA_000765075.1;GCA_000978405.1
Capra aegagrus	frameshift_deletion|ex6|pos737|len5	frameshift_deletion	exon_6	6.0	737.0	2409.0	803.0	5.0		True	2	2	2	1.0	HIGH	GCA_000765075.1;GCA_000978405.1
Capra aegagrus	frameshift_induced_stop|ex1|codon26	frameshift_induced_stop	exon_1	1.0	76.0	76.0	26.0			True	2	2	2	1.0	HIGH	GCA_000765075.1;GCA_000978405.1
Capra aegagrus	frameshift_induced_stop|ex2|codon77	frameshift_induced_stop	exon_2	2.0	37.0	231.0	77.0			True	2	2	2	1.0	HIGH	GCA_000765075.1;GCA_000978405.1
Capra aegagrus	frameshift_induced_stop|ex3|codon239	frameshift_induced_stop	exon_3	3.0	219.0	717.0	239.0			True	2	2	2	1.0	HIGH	GCA_000765075.1;GCA_000978405.1
Capra aegagrus	frameshift_induced_stop|ex4|codon496	frameshift_induced_stop	exon_4	4.0	153.0	1488.0	496.0			True	2	2	2	1.0	HIGH	GCA_000765075.1;GCA_000978405.1
Capra aegagrus	frameshift_induced_stop|ex6|codon821	frameshift_induced_stop	exon_6	6.0	791.0	2463.0	821.0			True	2	2	2	1.0	HIGH	GCA_000765075.1;GCA_000978405.1
Capra aegagrus	frameshift_insertion|ex1|pos40|len4	frameshift_insertion	exon_1	1.0	40.0	40.0	14.0	4.0		True	2	2	2	1.0	HIGH	GCA_000765075.1;GCA_000978405.1
Capra aegagrus	frameshift_insertion|ex2|pos298|len1	frameshift_insertion	exon_2	2.0	298.0	492.0	164.0	1.0		True	2	2	2	1.0	HIGH	GCA_000765075.1;GCA_000978405.1
Capra aegagrus	frameshift_insertion|ex6|pos338|len2	frameshift_insertion	exon_6	6.0	338.0	2010.0	670.0	2.0		True	2	2	2	1.0	HIGH	GCA_000765075.1;GCA_000978405.1
Capra aegagrus	inframe_deletion|ex6|pos89|len9	inframe_deletion	exon_6	6.0	89.0	1761.0	587.0	9.0		False	2	2	2	1.0	HIGH	GCA_000765075.1;GCA_000978405.1
Capra aegagrus	inframe_deletion|ex6|pos939|len21	inframe_deletion	exon_6	6.0	939.0	2611.0	871.0	21.0		False	2	2	2	1.0	HIGH	GCA_000765075.1;GCA_000978405.1
Capra aegagrus	potential_splice_acceptor_disruption|ex5|GA	potential_splice_acceptor_disruption	exon_5	5.0	1.0	1549.0	517.0		GA	True	2	2	2	1.0	HIGH	GCA_000765075.1;GCA_000978405.1
Capra aegagrus	potential_splice_donor_disruption|ex1|CC	potential_splice_donor_disruption	exon_1	1.0	194.0	194.0	65.0		CC	True	2	2	2	1.0	HIGH	GCA_000765075.1;GCA_000978405.1
Capra aegagrus	premature_stop|ex3|codon194	premature_stop	exon_3	3.0	82.0	580.0	194.0			True	1	1	2	0.5	MEDIUM	GCA_000765075.1
Capra aegagrus	premature_stop|ex3|codon361	premature_stop	exon_3	3.0	583.0	1081.0	361.0			True	2	2	2	1.0	HIGH	GCA_000765075.1;GCA_000978405.1
Capra aegagrus	premature_stop|ex3|codon430	premature_stop	exon_3	3.0	790.0	1288.0	430.0			True	2	2	2	1.0	HIGH	GCA_000765075.1;GCA_000978405.1
Capra aegagrus	premature_stop|ex3|codon433	premature_stop	exon_3	3.0	799.0	1297.0	433.0			True	2	2	2	1.0	HIGH	GCA_000765075.1;GCA_000978405.1
Capra aegagrus	premature_stop|ex5|codon526	premature_stop	exon_5	5.0	28.0	1576.0	526.0			True	2	2	2	1.0	HIGH	GCA_000765075.1;GCA_000978405.1
Capra aegagrus	premature_stop|ex6|codon722	premature_stop	exon_6	6.0	492.0	2164.0	722.0			True	2	2	2	1.0	HIGH	GCA_000765075.1;GCA_000978405.1
Capra falconeri	candidate_large_inframe_insertion|ex3|pos407|len180	candidate_large_inframe_insertion	exon_3	3.0	407.0	905.0	302.0	180.0		False	1	1	1	1.0	MEDIUM	GCA_038502695.1
Capra falconeri	exon_unresolved|ex4	exon_unresolved	exon_4	4.0	1.0	1336.0	446.0	213.0		False	1	0	0		LOW	
Capra falconeri	exon_unresolved|ex5	exon_unresolved	exon_5	5.0	1.0	1549.0	517.0	124.0		False	1	0	0		LOW	
Capra falconeri	exon_unresolved|ex6	exon_unresolved	exon_6	6.0	1.0	1673.0	558.0	1115.0		False	1	0	0		LOW	
Capra falconeri	frameshift_deletion|ex1|pos119|len4	frameshift_deletion	exon_1	1.0	119.0	119.0	40.0	4.0		True	1	1	1	1.0	MEDIUM	GCA_038502695.1
Capra falconeri	frameshift_deletion|ex1|pos162|len1	frameshift_deletion	exon_1	1.0	162.0	162.0	54.0	1.0		True	1	1	1	1.0	MEDIUM	GCA_038502695.1
Capra falconeri	frameshift_deletion|ex3|pos167|len7	frameshift_deletion	exon_3	3.0	167.0	665.0	222.0	7.0		True	1	1	1	1.0	MEDIUM	GCA_038502695.1
Capra falconeri	frameshift_deletion|ex3|pos661|len17	frameshift_deletion	exon_3	3.0	661.0	1159.0	387.0	17.0		True	1	1	1	1.0	MEDIUM	GCA_038502695.1
Capra falconeri	frameshift_induced_stop|ex1|codon26	frameshift_induced_stop	exon_1	1.0	76.0	76.0	26.0			True	1	1	1	1.0	MEDIUM	GCA_038502695.1
Capra falconeri	frameshift_induced_stop|ex2|codon77	frameshift_induced_stop	exon_2	2.0	37.0	231.0	77.0			True	1	1	1	1.0	MEDIUM	GCA_038502695.1
Capra falconeri	frameshift_induced_stop|ex3|codon239	frameshift_induced_stop	exon_3	3.0	219.0	717.0	239.0			True	1	1	1	1.0	MEDIUM	GCA_038502695.1
Capra falconeri	frameshift_insertion|ex1|pos40|len4	frameshift_insertion	exon_1	1.0	40.0	40.0	14.0	4.0		True	1	1	1	1.0	MEDIUM	GCA_038502695.1
Capra falconeri	frameshift_insertion|ex2|pos298|len1	frameshift_insertion	exon_2	2.0	298.0	492.0	164.0	1.0		True	1	1	1	1.0	MEDIUM	GCA_038502695.1
Capra falconeri	potential_splice_donor_disruption|ex1|CC	potential_splice_donor_disruption	exon_1	1.0	194.0	194.0	65.0		CC	True	1	1	1	1.0	MEDIUM	GCA_038502695.1
Capra falconeri	premature_stop|ex3|codon194	premature_stop	exon_3	3.0	82.0	580.0	194.0			True	1	1	1	1.0	MEDIUM	GCA_038502695.1
Capra falconeri	premature_stop|ex3|codon361	premature_stop	exon_3	3.0	583.0	1081.0	361.0			True	1	1	1	1.0	MEDIUM	GCA_038502695.1
Capra falconeri	premature_stop|ex3|codon430	premature_stop	exon_3	3.0	790.0	1288.0	430.0			True	1	1	1	1.0	MEDIUM	GCA_038502695.1
Capra falconeri	premature_stop|ex3|codon433	premature_stop	exon_3	3.0	799.0	1297.0	433.0			True	1	1	1	1.0	MEDIUM	GCA_038502695.1
Capra hircus	candidate_large_frameshift_insertion|ex4|pos38|len716	candidate_large_frameshift_insertion	exon_4	4.0	38.0	1373.0	458.0	716.0		True	64	64	68	0.9411764705882353	HIGH	GCA_000317765.2;GCA_001704415.2;GCA_004361675.1;GCA_009823495.1;GCA_015443085.1;GCA_026652205.1;GCA_040806595.1;GCA_040822015.1;GCA_040970035.1;GCA_041053135.1;GCA_041735815.1;GCA_041736475.1;GCA_041920685.1;GCA_042835985.1;GCA_044509215.1;GCA_044587905.1;GCA_044587935.1;GCA_044587945.1;GCA_044588015.1;GCA_046464075.1;GCA_047671635.1;GCA_047671655.1;GCA_048593975.1;GCA_048594055.1;GCA_048594065.1;GCA_048594125.1;GCA_048594135.1;GCA_048594165.1;GCA_048598025.1;GCA_048598055.1;GCA_048598065.1;GCA_048598825.1;GCA_049004405.1;GCA_049004495.1;GCA_049004535.1;GCA_049004595.1;GCA_054126965.1;GCA_055691435.1;GCA_057428545.1;GCA_057428595.1;GCA_057556445.1;GCA_057557635.1;GCA_057557695.1;GCA_057557715.1;GCA_057557795.1;GCA_057557815.1;GCA_059055555.1;GCA_059055625.1;GCA_059335595.1;GCA_965363395.1;GCA_965363845.1;GCA_965363885.1;GCA_965364655.1;GCA_965365845.1;GCA_965365925.1;GCA_977879435.1;GCA_977879805.1;GCA_977880105.2;GCA_984506425.1;GCA_984506515.1;GCA_984506535.1;GCA_984506825.1;GCA_984513855.1;GCF_001704415.2
Capra hircus	candidate_large_inframe_insertion|ex2|pos195|len99	candidate_large_inframe_insertion	exon_2	2.0	195.0	389.0	130.0	99.0		False	1	1	68	0.014705882352941176	LOW	GCA_004361675.1
Capra hircus	candidate_large_inframe_insertion|ex3|pos407|len144	candidate_large_inframe_insertion	exon_3	3.0	407.0	905.0	302.0	144.0		False	68	68	68	1.0	HIGH	GCA_000317765.2;GCA_001704415.2;GCA_004361675.1;GCA_009823495.1;GCA_015443085.1;GCA_026652205.1;GCA_040806595.1;GCA_040822015.1;GCA_040970035.1;GCA_041053135.1;GCA_041735815.1;GCA_041736475.1;GCA_041920685.1;GCA_042835985.1;GCA_044509215.1;GCA_044587905.1;GCA_044587935.1;GCA_044587945.1;GCA_044588015.1;GCA_046464075.1;GCA_047671635.1;GCA_047671655.1;GCA_048593975.1;GCA_048594055.1;GCA_048594065.1;GCA_048594125.1;GCA_048594135.1;GCA_048594165.1;GCA_048598025.1;GCA_048598055.1;GCA_048598065.1;GCA_048598825.1;GCA_049004405.1;GCA_049004455.1;GCA_049004495.1;GCA_049004535.1;GCA_049004595.1;GCA_049004675.1;GCA_054126965.1;GCA_055691435.1;GCA_057428545.1;GCA_057428595.1;GCA_057556445.1;GCA_057557635.1;GCA_057557695.1;GCA_057557715.1;GCA_057557795.1;GCA_057557815.1;GCA_059055555.1;GCA_059055625.1;GCA_059335595.1;GCA_965363395.1;GCA_965363845.1;GCA_965363855.1;GCA_965363885.1;GCA_965364655.1;GCA_965365845.1;GCA_965365925.1;GCA_977879435.1;GCA_977879805.1;GCA_977880105.2;GCA_984506425.1;GCA_984506515.1;GCA_984506535.1;GCA_984506825.1;GCA_984513515.1;GCA_984513855.1;GCF_001704415.2
Capra hircus	candidate_large_inframe_insertion|ex3|pos70|len99	candidate_large_inframe_insertion	exon_3	3.0	70.0	568.0	190.0	99.0		False	1	1	68	0.014705882352941176	LOW	GCA_004361675.1
Capra hircus	candidate_large_inframe_insertion|ex4|pos38|len717	candidate_large_inframe_insertion	exon_4	4.0	38.0	1373.0	458.0	717.0		False	2	2	68	0.029411764705882353	LOW	GCA_965363855.1;GCA_984513515.1
Capra hircus	frameshift_deletion|ex1|pos119|len4	frameshift_deletion	exon_1	1.0	119.0	119.0	40.0	4.0		True	68	68	68	1.0	HIGH	GCA_000317765.2;GCA_001704415.2;GCA_004361675.1;GCA_009823495.1;GCA_015443085.1;GCA_026652205.1;GCA_040806595.1;GCA_040822015.1;GCA_040970035.1;GCA_041053135.1;GCA_041735815.1;GCA_041736475.1;GCA_041920685.1;GCA_042835985.1;GCA_044509215.1;GCA_044587905.1;GCA_044587935.1;GCA_044587945.1;GCA_044588015.1;GCA_046464075.1;GCA_047671635.1;GCA_047671655.1;GCA_048593975.1;GCA_048594055.1;GCA_048594065.1;GCA_048594125.1;GCA_048594135.1;GCA_048594165.1;GCA_048598025.1;GCA_048598055.1;GCA_048598065.1;GCA_048598825.1;GCA_049004405.1;GCA_049004455.1;GCA_049004495.1;GCA_049004535.1;GCA_049004595.1;GCA_049004675.1;GCA_054126965.1;GCA_055691435.1;GCA_057428545.1;GCA_057428595.1;GCA_057556445.1;GCA_057557635.1;GCA_057557695.1;GCA_057557715.1;GCA_057557795.1;GCA_057557815.1;GCA_059055555.1;GCA_059055625.1;GCA_059335595.1;GCA_965363395.1;GCA_965363845.1;GCA_965363855.1;GCA_965363885.1;GCA_965364655.1;GCA_965365845.1;GCA_965365925.1;GCA_977879435.1;GCA_977879805.1;GCA_977880105.2;GCA_984506425.1;GCA_984506515.1;GCA_984506535.1;GCA_984506825.1;GCA_984513515.1;GCA_984513855.1;GCF_001704415.2
Capra hircus	frameshift_deletion|ex1|pos162|len1	frameshift_deletion	exon_1	1.0	162.0	162.0	54.0	1.0		True	68	68	68	1.0	HIGH	GCA_000317765.2;GCA_001704415.2;GCA_004361675.1;GCA_009823495.1;GCA_015443085.1;GCA_026652205.1;GCA_040806595.1;GCA_040822015.1;GCA_040970035.1;GCA_041053135.1;GCA_041735815.1;GCA_041736475.1;GCA_041920685.1;GCA_042835985.1;GCA_044509215.1;GCA_044587905.1;GCA_044587935.1;GCA_044587945.1;GCA_044588015.1;GCA_046464075.1;GCA_047671635.1;GCA_047671655.1;GCA_048593975.1;GCA_048594055.1;GCA_048594065.1;GCA_048594125.1;GCA_048594135.1;GCA_048594165.1;GCA_048598025.1;GCA_048598055.1;GCA_048598065.1;GCA_048598825.1;GCA_049004405.1;GCA_049004455.1;GCA_049004495.1;GCA_049004535.1;GCA_049004595.1;GCA_049004675.1;GCA_054126965.1;GCA_055691435.1;GCA_057428545.1;GCA_057428595.1;GCA_057556445.1;GCA_057557635.1;GCA_057557695.1;GCA_057557715.1;GCA_057557795.1;GCA_057557815.1;GCA_059055555.1;GCA_059055625.1;GCA_059335595.1;GCA_965363395.1;GCA_965363845.1;GCA_965363855.1;GCA_965363885.1;GCA_965364655.1;GCA_965365845.1;GCA_965365925.1;GCA_977879435.1;GCA_977879805.1;GCA_977880105.2;GCA_984506425.1;GCA_984506515.1;GCA_984506535.1;GCA_984506825.1;GCA_984513515.1;GCA_984513855.1;GCF_001704415.2
Capra hircus	frameshift_deletion|ex3|pos167|len7	frameshift_deletion	exon_3	3.0	167.0	665.0	222.0	7.0		True	68	68	68	1.0	HIGH	GCA_000317765.2;GCA_001704415.2;GCA_004361675.1;GCA_009823495.1;GCA_015443085.1;GCA_026652205.1;GCA_040806595.1;GCA_040822015.1;GCA_040970035.1;GCA_041053135.1;GCA_041735815.1;GCA_041736475.1;GCA_041920685.1;GCA_042835985.1;GCA_044509215.1;GCA_044587905.1;GCA_044587935.1;GCA_044587945.1;GCA_044588015.1;GCA_046464075.1;GCA_047671635.1;GCA_047671655.1;GCA_048593975.1;GCA_048594055.1;GCA_048594065.1;GCA_048594125.1;GCA_048594135.1;GCA_048594165.1;GCA_048598025.1;GCA_048598055.1;GCA_048598065.1;GCA_048598825.1;GCA_049004405.1;GCA_049004455.1;GCA_049004495.1;GCA_049004535.1;GCA_049004595.1;GCA_049004675.1;GCA_054126965.1;GCA_055691435.1;GCA_057428545.1;GCA_057428595.1;GCA_057556445.1;GCA_057557635.1;GCA_057557695.1;GCA_057557715.1;GCA_057557795.1;GCA_057557815.1;GCA_059055555.1;GCA_059055625.1;GCA_059335595.1;GCA_965363395.1;GCA_965363845.1;GCA_965363855.1;GCA_965363885.1;GCA_965364655.1;GCA_965365845.1;GCA_965365925.1;GCA_977879435.1;GCA_977879805.1;GCA_977880105.2;GCA_984506425.1;GCA_984506515.1;GCA_984506535.1;GCA_984506825.1;GCA_984513515.1;GCA_984513855.1;GCF_001704415.2
Capra hircus	frameshift_deletion|ex3|pos472|len1	frameshift_deletion	exon_3	3.0	472.0	970.0	324.0	1.0		True	11	11	68	0.16176470588235295	LOW	GCA_044587905.1;GCA_049004495.1;GCA_055691435.1;GCA_057428595.1;GCA_057557635.1;GCA_057557715.1;GCA_057557815.1;GCA_059055625.1;GCA_059335595.1;GCA_965363395.1;GCA_984506515.1
Capra hircus	frameshift_deletion|ex3|pos661|len17	frameshift_deletion	exon_3	3.0	661.0	1159.0	387.0	17.0		True	67	67	68	0.9852941176470589	HIGH	GCA_000317765.2;GCA_001704415.2;GCA_009823495.1;GCA_015443085.1;GCA_026652205.1;GCA_040806595.1;GCA_040822015.1;GCA_040970035.1;GCA_041053135.1;GCA_041735815.1;GCA_041736475.1;GCA_041920685.1;GCA_042835985.1;GCA_044509215.1;GCA_044587905.1;GCA_044587935.1;GCA_044587945.1;GCA_044588015.1;GCA_046464075.1;GCA_047671635.1;GCA_047671655.1;GCA_048593975.1;GCA_048594055.1;GCA_048594065.1;GCA_048594125.1;GCA_048594135.1;GCA_048594165.1;GCA_048598025.1;GCA_048598055.1;GCA_048598065.1;GCA_048598825.1;GCA_049004405.1;GCA_049004455.1;GCA_049004495.1;GCA_049004535.1;GCA_049004595.1;GCA_049004675.1;GCA_054126965.1;GCA_055691435.1;GCA_057428545.1;GCA_057428595.1;GCA_057556445.1;GCA_057557635.1;GCA_057557695.1;GCA_057557715.1;GCA_057557795.1;GCA_057557815.1;GCA_059055555.1;GCA_059055625.1;GCA_059335595.1;GCA_965363395.1;GCA_965363845.1;GCA_965363855.1;GCA_965363885.1;GCA_965364655.1;GCA_965365845.1;GCA_965365925.1;GCA_977879435.1;GCA_977879805.1;GCA_977880105.2;GCA_984506425.1;GCA_984506515.1;GCA_984506535.1;GCA_984506825.1;GCA_984513515.1;GCA_984513855.1;GCF_001704415.2
Capra hircus	frameshift_deletion|ex3|pos662|len17	frameshift_deletion	exon_3	3.0	662.0	1160.0	387.0	17.0		True	1	1	68	0.014705882352941176	LOW	GCA_004361675.1
Capra hircus	frameshift_deletion|ex3|pos823|len1	frameshift_deletion	exon_3	3.0	823.0	1321.0	441.0	1.0		True	1	1	68	0.014705882352941176	LOW	GCA_015443085.1
Capra hircus	frameshift_deletion|ex4|pos131|len1	frameshift_deletion	exon_4	4.0	131.0	1466.0	489.0	1.0		True	68	68	68	1.0	HIGH	GCA_000317765.2;GCA_001704415.2;GCA_004361675.1;GCA_009823495.1;GCA_015443085.1;GCA_026652205.1;GCA_040806595.1;GCA_040822015.1;GCA_040970035.1;GCA_041053135.1;GCA_041735815.1;GCA_041736475.1;GCA_041920685.1;GCA_042835985.1;GCA_044509215.1;GCA_044587905.1;GCA_044587935.1;GCA_044587945.1;GCA_044588015.1;GCA_046464075.1;GCA_047671635.1;GCA_047671655.1;GCA_048593975.1;GCA_048594055.1;GCA_048594065.1;GCA_048594125.1;GCA_048594135.1;GCA_048594165.1;GCA_048598025.1;GCA_048598055.1;GCA_048598065.1;GCA_048598825.1;GCA_049004405.1;GCA_049004455.1;GCA_049004495.1;GCA_049004535.1;GCA_049004595.1;GCA_049004675.1;GCA_054126965.1;GCA_055691435.1;GCA_057428545.1;GCA_057428595.1;GCA_057556445.1;GCA_057557635.1;GCA_057557695.1;GCA_057557715.1;GCA_057557795.1;GCA_057557815.1;GCA_059055555.1;GCA_059055625.1;GCA_059335595.1;GCA_965363395.1;GCA_965363845.1;GCA_965363855.1;GCA_965363885.1;GCA_965364655.1;GCA_965365845.1;GCA_965365925.1;GCA_977879435.1;GCA_977879805.1;GCA_977880105.2;GCA_984506425.1;GCA_984506515.1;GCA_984506535.1;GCA_984506825.1;GCA_984513515.1;GCA_984513855.1;GCF_001704415.2
Capra hircus	frameshift_deletion|ex6|pos530|len1	frameshift_deletion	exon_6	6.0	530.0	2202.0	734.0	1.0		True	1	1	68	0.014705882352941176	LOW	GCA_015443085.1
Capra hircus	frameshift_deletion|ex6|pos737|len5	frameshift_deletion	exon_6	6.0	737.0	2409.0	803.0	5.0		True	68	68	68	1.0	HIGH	GCA_000317765.2;GCA_001704415.2;GCA_004361675.1;GCA_009823495.1;GCA_015443085.1;GCA_026652205.1;GCA_040806595.1;GCA_040822015.1;GCA_040970035.1;GCA_041053135.1;GCA_041735815.1;GCA_041736475.1;GCA_041920685.1;GCA_042835985.1;GCA_044509215.1;GCA_044587905.1;GCA_044587935.1;GCA_044587945.1;GCA_044588015.1;GCA_046464075.1;GCA_047671635.1;GCA_047671655.1;GCA_048593975.1;GCA_048594055.1;GCA_048594065.1;GCA_048594125.1;GCA_048594135.1;GCA_048594165.1;GCA_048598025.1;GCA_048598055.1;GCA_048598065.1;GCA_048598825.1;GCA_049004405.1;GCA_049004455.1;GCA_049004495.1;GCA_049004535.1;GCA_049004595.1;GCA_049004675.1;GCA_054126965.1;GCA_055691435.1;GCA_057428545.1;GCA_057428595.1;GCA_057556445.1;GCA_057557635.1;GCA_057557695.1;GCA_057557715.1;GCA_057557795.1;GCA_057557815.1;GCA_059055555.1;GCA_059055625.1;GCA_059335595.1;GCA_965363395.1;GCA_965363845.1;GCA_965363855.1;GCA_965363885.1;GCA_965364655.1;GCA_965365845.1;GCA_965365925.1;GCA_977879435.1;GCA_977879805.1;GCA_977880105.2;GCA_984506425.1;GCA_984506515.1;GCA_984506535.1;GCA_984506825.1;GCA_984513515.1;GCA_984513855.1;GCF_001704415.2
Capra hircus	frameshift_induced_stop|ex1|codon26	frameshift_induced_stop	exon_1	1.0	76.0	76.0	26.0			True	68	68	68	1.0	HIGH	GCA_000317765.2;GCA_001704415.2;GCA_004361675.1;GCA_009823495.1;GCA_015443085.1;GCA_026652205.1;GCA_040806595.1;GCA_040822015.1;GCA_040970035.1;GCA_041053135.1;GCA_041735815.1;GCA_041736475.1;GCA_041920685.1;GCA_042835985.1;GCA_044509215.1;GCA_044587905.1;GCA_044587935.1;GCA_044587945.1;GCA_044588015.1;GCA_046464075.1;GCA_047671635.1;GCA_047671655.1;GCA_048593975.1;GCA_048594055.1;GCA_048594065.1;GCA_048594125.1;GCA_048594135.1;GCA_048594165.1;GCA_048598025.1;GCA_048598055.1;GCA_048598065.1;GCA_048598825.1;GCA_049004405.1;GCA_049004455.1;GCA_049004495.1;GCA_049004535.1;GCA_049004595.1;GCA_049004675.1;GCA_054126965.1;GCA_055691435.1;GCA_057428545.1;GCA_057428595.1;GCA_057556445.1;GCA_057557635.1;GCA_057557695.1;GCA_057557715.1;GCA_057557795.1;GCA_057557815.1;GCA_059055555.1;GCA_059055625.1;GCA_059335595.1;GCA_965363395.1;GCA_965363845.1;GCA_965363855.1;GCA_965363885.1;GCA_965364655.1;GCA_965365845.1;GCA_965365925.1;GCA_977879435.1;GCA_977879805.1;GCA_977880105.2;GCA_984506425.1;GCA_984506515.1;GCA_984506535.1;GCA_984506825.1;GCA_984513515.1;GCA_984513855.1;GCF_001704415.2
Capra hircus	frameshift_induced_stop|ex2|codon77	frameshift_induced_stop	exon_2	2.0	37.0	231.0	77.0			True	68	68	68	1.0	HIGH	GCA_000317765.2;GCA_001704415.2;GCA_004361675.1;GCA_009823495.1;GCA_015443085.1;GCA_026652205.1;GCA_040806595.1;GCA_040822015.1;GCA_040970035.1;GCA_041053135.1;GCA_041735815.1;GCA_041736475.1;GCA_041920685.1;GCA_042835985.1;GCA_044509215.1;GCA_044587905.1;GCA_044587935.1;GCA_044587945.1;GCA_044588015.1;GCA_046464075.1;GCA_047671635.1;GCA_047671655.1;GCA_048593975.1;GCA_048594055.1;GCA_048594065.1;GCA_048594125.1;GCA_048594135.1;GCA_048594165.1;GCA_048598025.1;GCA_048598055.1;GCA_048598065.1;GCA_048598825.1;GCA_049004405.1;GCA_049004455.1;GCA_049004495.1;GCA_049004535.1;GCA_049004595.1;GCA_049004675.1;GCA_054126965.1;GCA_055691435.1;GCA_057428545.1;GCA_057428595.1;GCA_057556445.1;GCA_057557635.1;GCA_057557695.1;GCA_057557715.1;GCA_057557795.1;GCA_057557815.1;GCA_059055555.1;GCA_059055625.1;GCA_059335595.1;GCA_965363395.1;GCA_965363845.1;GCA_965363855.1;GCA_965363885.1;GCA_965364655.1;GCA_965365845.1;GCA_965365925.1;GCA_977879435.1;GCA_977879805.1;GCA_977880105.2;GCA_984506425.1;GCA_984506515.1;GCA_984506535.1;GCA_984506825.1;GCA_984513515.1;GCA_984513855.1;GCF_001704415.2
Capra hircus	frameshift_induced_stop|ex3|codon232	frameshift_induced_stop	exon_3	3.0	198.0	696.0	232.0			True	1	1	68	0.014705882352941176	LOW	GCA_004361675.1
Capra hircus	frameshift_induced_stop|ex3|codon239	frameshift_induced_stop	exon_3	3.0	219.0	717.0	239.0			True	67	67	68	0.9852941176470589	HIGH	GCA_000317765.2;GCA_001704415.2;GCA_009823495.1;GCA_015443085.1;GCA_026652205.1;GCA_040806595.1;GCA_040822015.1;GCA_040970035.1;GCA_041053135.1;GCA_041735815.1;GCA_041736475.1;GCA_041920685.1;GCA_042835985.1;GCA_044509215.1;GCA_044587905.1;GCA_044587935.1;GCA_044587945.1;GCA_044588015.1;GCA_046464075.1;GCA_047671635.1;GCA_047671655.1;GCA_048593975.1;GCA_048594055.1;GCA_048594065.1;GCA_048594125.1;GCA_048594135.1;GCA_048594165.1;GCA_048598025.1;GCA_048598055.1;GCA_048598065.1;GCA_048598825.1;GCA_049004405.1;GCA_049004455.1;GCA_049004495.1;GCA_049004535.1;GCA_049004595.1;GCA_049004675.1;GCA_054126965.1;GCA_055691435.1;GCA_057428545.1;GCA_057428595.1;GCA_057556445.1;GCA_057557635.1;GCA_057557695.1;GCA_057557715.1;GCA_057557795.1;GCA_057557815.1;GCA_059055555.1;GCA_059055625.1;GCA_059335595.1;GCA_965363395.1;GCA_965363845.1;GCA_965363855.1;GCA_965363885.1;GCA_965364655.1;GCA_965365845.1;GCA_965365925.1;GCA_977879435.1;GCA_977879805.1;GCA_977880105.2;GCA_984506425.1;GCA_984506515.1;GCA_984506535.1;GCA_984506825.1;GCA_984513515.1;GCA_984513855.1;GCF_001704415.2
Capra hircus	frameshift_induced_stop|ex3|codon329	frameshift_induced_stop	exon_3	3.0	487.0	985.0	329.0			True	11	11	68	0.16176470588235295	LOW	GCA_044587905.1;GCA_049004495.1;GCA_055691435.1;GCA_057428595.1;GCA_057557635.1;GCA_057557715.1;GCA_057557815.1;GCA_059055625.1;GCA_059335595.1;GCA_965363395.1;GCA_984506515.1
Capra hircus	frameshift_induced_stop|ex3|codon398	frameshift_induced_stop	exon_3	3.0	696.0	1194.0	398.0			True	11	11	68	0.16176470588235295	LOW	GCA_044587905.1;GCA_049004495.1;GCA_055691435.1;GCA_057428595.1;GCA_057557635.1;GCA_057557715.1;GCA_057557815.1;GCA_059055625.1;GCA_059335595.1;GCA_965363395.1;GCA_984506515.1
Capra hircus	frameshift_induced_stop|ex4|codon450	frameshift_induced_stop	exon_4	4.0	15.0	1350.0	450.0			True	1	1	68	0.014705882352941176	LOW	GCA_015443085.1
Capra hircus	frameshift_induced_stop|ex4|codon465	frameshift_induced_stop	exon_4	4.0	58.0	1393.0	465.0			True	2	2	68	0.029411764705882353	LOW	GCA_965363855.1;GCA_984513515.1
Capra hircus	frameshift_induced_stop|ex4|codon470	frameshift_induced_stop	exon_4	4.0	75.0	1410.0	470.0			True	12	12	68	0.17647058823529413	LOW	GCA_015443085.1;GCA_044587905.1;GCA_049004495.1;GCA_055691435.1;GCA_057428595.1;GCA_057557635.1;GCA_057557715.1;GCA_057557815.1;GCA_059055625.1;GCA_059335595.1;GCA_965363395.1;GCA_984506515.1
Capra hircus	frameshift_induced_stop|ex4|codon496	frameshift_induced_stop	exon_4	4.0	153.0	1488.0	496.0			True	54	54	68	0.7941176470588235	HIGH	GCA_000317765.2;GCA_001704415.2;GCA_004361675.1;GCA_009823495.1;GCA_026652205.1;GCA_040806595.1;GCA_040822015.1;GCA_040970035.1;GCA_041053135.1;GCA_041735815.1;GCA_041736475.1;GCA_041920685.1;GCA_042835985.1;GCA_044509215.1;GCA_044587935.1;GCA_044587945.1;GCA_044588015.1;GCA_046464075.1;GCA_047671635.1;GCA_047671655.1;GCA_048593975.1;GCA_048594055.1;GCA_048594065.1;GCA_048594125.1;GCA_048594135.1;GCA_048594165.1;GCA_048598025.1;GCA_048598055.1;GCA_048598065.1;GCA_048598825.1;GCA_049004405.1;GCA_049004455.1;GCA_049004535.1;GCA_049004595.1;GCA_049004675.1;GCA_054126965.1;GCA_057428545.1;GCA_057556445.1;GCA_057557695.1;GCA_057557795.1;GCA_059055555.1;GCA_965363845.1;GCA_965363885.1;GCA_965364655.1;GCA_965365845.1;GCA_965365925.1;GCA_977879435.1;GCA_977879805.1;GCA_977880105.2;GCA_984506425.1;GCA_984506535.1;GCA_984506825.1;GCA_984513855.1;GCF_001704415.2
Capra hircus	frameshift_induced_stop|ex6|codon678	frameshift_induced_stop	exon_6	6.0	362.0	2034.0	678.0			True	2	2	68	0.029411764705882353	LOW	GCA_965363855.1;GCA_984513515.1
Capra hircus	frameshift_induced_stop|ex6|codon691	frameshift_induced_stop	exon_6	6.0	399.0	2071.0	691.0			True	2	2	68	0.029411764705882353	LOW	GCA_049004455.1;GCA_049004675.1
Capra hircus	frameshift_induced_stop|ex6|codon722	frameshift_induced_stop	exon_6	6.0	493.0	2165.0	722.0			True	12	12	68	0.17647058823529413	LOW	GCA_015443085.1;GCA_044587905.1;GCA_049004495.1;GCA_055691435.1;GCA_057428595.1;GCA_057557635.1;GCA_057557715.1;GCA_057557815.1;GCA_059055625.1;GCA_059335595.1;GCA_965363395.1;GCA_984506515.1
Capra hircus	frameshift_induced_stop|ex6|codon786	frameshift_induced_stop	exon_6	6.0	686.0	2358.0	786.0			True	1	1	68	0.014705882352941176	LOW	GCA_015443085.1
Capra hircus	frameshift_induced_stop|ex6|codon821	frameshift_induced_stop	exon_6	6.0	791.0	2463.0	821.0			True	54	54	68	0.7941176470588235	HIGH	GCA_000317765.2;GCA_001704415.2;GCA_004361675.1;GCA_009823495.1;GCA_026652205.1;GCA_040806595.1;GCA_040822015.1;GCA_040970035.1;GCA_041053135.1;GCA_041735815.1;GCA_041736475.1;GCA_041920685.1;GCA_042835985.1;GCA_044509215.1;GCA_044587935.1;GCA_044587945.1;GCA_044588015.1;GCA_046464075.1;GCA_047671635.1;GCA_047671655.1;GCA_048593975.1;GCA_048594055.1;GCA_048594065.1;GCA_048594125.1;GCA_048594135.1;GCA_048594165.1;GCA_048598025.1;GCA_048598055.1;GCA_048598065.1;GCA_048598825.1;GCA_049004405.1;GCA_049004455.1;GCA_049004535.1;GCA_049004595.1;GCA_049004675.1;GCA_054126965.1;GCA_057428545.1;GCA_057556445.1;GCA_057557695.1;GCA_057557795.1;GCA_059055555.1;GCA_965363845.1;GCA_965363885.1;GCA_965364655.1;GCA_965365845.1;GCA_965365925.1;GCA_977879435.1;GCA_977879805.1;GCA_977880105.2;GCA_984506425.1;GCA_984506535.1;GCA_984506825.1;GCA_984513855.1;GCF_001704415.2
Capra hircus	frameshift_insertion|ex1|pos40|len4	frameshift_insertion	exon_1	1.0	40.0	40.0	14.0	4.0		True	68	68	68	1.0	HIGH	GCA_000317765.2;GCA_001704415.2;GCA_004361675.1;GCA_009823495.1;GCA_015443085.1;GCA_026652205.1;GCA_040806595.1;GCA_040822015.1;GCA_040970035.1;GCA_041053135.1;GCA_041735815.1;GCA_041736475.1;GCA_041920685.1;GCA_042835985.1;GCA_044509215.1;GCA_044587905.1;GCA_044587935.1;GCA_044587945.1;GCA_044588015.1;GCA_046464075.1;GCA_047671635.1;GCA_047671655.1;GCA_048593975.1;GCA_048594055.1;GCA_048594065.1;GCA_048594125.1;GCA_048594135.1;GCA_048594165.1;GCA_048598025.1;GCA_048598055.1;GCA_048598065.1;GCA_048598825.1;GCA_049004405.1;GCA_049004455.1;GCA_049004495.1;GCA_049004535.1;GCA_049004595.1;GCA_049004675.1;GCA_054126965.1;GCA_055691435.1;GCA_057428545.1;GCA_057428595.1;GCA_057556445.1;GCA_057557635.1;GCA_057557695.1;GCA_057557715.1;GCA_057557795.1;GCA_057557815.1;GCA_059055555.1;GCA_059055625.1;GCA_059335595.1;GCA_965363395.1;GCA_965363845.1;GCA_965363855.1;GCA_965363885.1;GCA_965364655.1;GCA_965365845.1;GCA_965365925.1;GCA_977879435.1;GCA_977879805.1;GCA_977880105.2;GCA_984506425.1;GCA_984506515.1;GCA_984506535.1;GCA_984506825.1;GCA_984513515.1;GCA_984513855.1;GCF_001704415.2
Capra hircus	frameshift_insertion|ex2|pos298|len1	frameshift_insertion	exon_2	2.0	298.0	492.0	164.0	1.0		True	68	68	68	1.0	HIGH	GCA_000317765.2;GCA_001704415.2;GCA_004361675.1;GCA_009823495.1;GCA_015443085.1;GCA_026652205.1;GCA_040806595.1;GCA_040822015.1;GCA_040970035.1;GCA_041053135.1;GCA_041735815.1;GCA_041736475.1;GCA_041920685.1;GCA_042835985.1;GCA_044509215.1;GCA_044587905.1;GCA_044587935.1;GCA_044587945.1;GCA_044588015.1;GCA_046464075.1;GCA_047671635.1;GCA_047671655.1;GCA_048593975.1;GCA_048594055.1;GCA_048594065.1;GCA_048594125.1;GCA_048594135.1;GCA_048594165.1;GCA_048598025.1;GCA_048598055.1;GCA_048598065.1;GCA_048598825.1;GCA_049004405.1;GCA_049004455.1;GCA_049004495.1;GCA_049004535.1;GCA_049004595.1;GCA_049004675.1;GCA_054126965.1;GCA_055691435.1;GCA_057428545.1;GCA_057428595.1;GCA_057556445.1;GCA_057557635.1;GCA_057557695.1;GCA_057557715.1;GCA_057557795.1;GCA_057557815.1;GCA_059055555.1;GCA_059055625.1;GCA_059335595.1;GCA_965363395.1;GCA_965363845.1;GCA_965363855.1;GCA_965363885.1;GCA_965364655.1;GCA_965365845.1;GCA_965365925.1;GCA_977879435.1;GCA_977879805.1;GCA_977880105.2;GCA_984506425.1;GCA_984506515.1;GCA_984506535.1;GCA_984506825.1;GCA_984513515.1;GCA_984513855.1;GCF_001704415.2
Capra hircus	frameshift_insertion|ex3|pos820|len1	frameshift_insertion	exon_3	3.0	820.0	1318.0	440.0	1.0		True	2	2	68	0.029411764705882353	LOW	GCA_965363855.1;GCA_984513515.1
Capra hircus	frameshift_insertion|ex6|pos335|len2	frameshift_insertion	exon_6	6.0	335.0	2007.0	669.0	2.0		True	1	1	68	0.014705882352941176	LOW	GCA_015443085.1
Capra hircus	frameshift_insertion|ex6|pos338|len2	frameshift_insertion	exon_6	6.0	338.0	2010.0	670.0	2.0		True	67	67	68	0.9852941176470589	HIGH	GCA_000317765.2;GCA_001704415.2;GCA_004361675.1;GCA_009823495.1;GCA_026652205.1;GCA_040806595.1;GCA_040822015.1;GCA_040970035.1;GCA_041053135.1;GCA_041735815.1;GCA_041736475.1;GCA_041920685.1;GCA_042835985.1;GCA_044509215.1;GCA_044587905.1;GCA_044587935.1;GCA_044587945.1;GCA_044588015.1;GCA_046464075.1;GCA_047671635.1;GCA_047671655.1;GCA_048593975.1;GCA_048594055.1;GCA_048594065.1;GCA_048594125.1;GCA_048594135.1;GCA_048594165.1;GCA_048598025.1;GCA_048598055.1;GCA_048598065.1;GCA_048598825.1;GCA_049004405.1;GCA_049004455.1;GCA_049004495.1;GCA_049004535.1;GCA_049004595.1;GCA_049004675.1;GCA_054126965.1;GCA_055691435.1;GCA_057428545.1;GCA_057428595.1;GCA_057556445.1;GCA_057557635.1;GCA_057557695.1;GCA_057557715.1;GCA_057557795.1;GCA_057557815.1;GCA_059055555.1;GCA_059055625.1;GCA_059335595.1;GCA_965363395.1;GCA_965363845.1;GCA_965363855.1;GCA_965363885.1;GCA_965364655.1;GCA_965365845.1;GCA_965365925.1;GCA_977879435.1;GCA_977879805.1;GCA_977880105.2;GCA_984506425.1;GCA_984506515.1;GCA_984506535.1;GCA_984506825.1;GCA_984513515.1;GCA_984513855.1;GCF_001704415.2
Capra hircus	gene_unresolved_no_hit|ex0|pos0	gene_unresolved_no_hit								False	2	0	68	0.0	LOW	
Capra hircus	inframe_deletion|ex6|pos89|len9	inframe_deletion	exon_6	6.0	89.0	1761.0	587.0	9.0		False	68	68	68	1.0	HIGH	GCA_000317765.2;GCA_001704415.2;GCA_004361675.1;GCA_009823495.1;GCA_015443085.1;GCA_026652205.1;GCA_040806595.1;GCA_040822015.1;GCA_040970035.1;GCA_041053135.1;GCA_041735815.1;GCA_041736475.1;GCA_041920685.1;GCA_042835985.1;GCA_044509215.1;GCA_044587905.1;GCA_044587935.1;GCA_044587945.1;GCA_044588015.1;GCA_046464075.1;GCA_047671635.1;GCA_047671655.1;GCA_048593975.1;GCA_048594055.1;GCA_048594065.1;GCA_048594125.1;GCA_048594135.1;GCA_048594165.1;GCA_048598025.1;GCA_048598055.1;GCA_048598065.1;GCA_048598825.1;GCA_049004405.1;GCA_049004455.1;GCA_049004495.1;GCA_049004535.1;GCA_049004595.1;GCA_049004675.1;GCA_054126965.1;GCA_055691435.1;GCA_057428545.1;GCA_057428595.1;GCA_057556445.1;GCA_057557635.1;GCA_057557695.1;GCA_057557715.1;GCA_057557795.1;GCA_057557815.1;GCA_059055555.1;GCA_059055625.1;GCA_059335595.1;GCA_965363395.1;GCA_965363845.1;GCA_965363855.1;GCA_965363885.1;GCA_965364655.1;GCA_965365845.1;GCA_965365925.1;GCA_977879435.1;GCA_977879805.1;GCA_977880105.2;GCA_984506425.1;GCA_984506515.1;GCA_984506535.1;GCA_984506825.1;GCA_984513515.1;GCA_984513855.1;GCF_001704415.2
Capra hircus	inframe_deletion|ex6|pos939|len21	inframe_deletion	exon_6	6.0	939.0	2611.0	871.0	21.0		False	68	68	68	1.0	HIGH	GCA_000317765.2;GCA_001704415.2;GCA_004361675.1;GCA_009823495.1;GCA_015443085.1;GCA_026652205.1;GCA_040806595.1;GCA_040822015.1;GCA_040970035.1;GCA_041053135.1;GCA_041735815.1;GCA_041736475.1;GCA_041920685.1;GCA_042835985.1;GCA_044509215.1;GCA_044587905.1;GCA_044587935.1;GCA_044587945.1;GCA_044588015.1;GCA_046464075.1;GCA_047671635.1;GCA_047671655.1;GCA_048593975.1;GCA_048594055.1;GCA_048594065.1;GCA_048594125.1;GCA_048594135.1;GCA_048594165.1;GCA_048598025.1;GCA_048598055.1;GCA_048598065.1;GCA_048598825.1;GCA_049004405.1;GCA_049004455.1;GCA_049004495.1;GCA_049004535.1;GCA_049004595.1;GCA_049004675.1;GCA_054126965.1;GCA_055691435.1;GCA_057428545.1;GCA_057428595.1;GCA_057556445.1;GCA_057557635.1;GCA_057557695.1;GCA_057557715.1;GCA_057557795.1;GCA_057557815.1;GCA_059055555.1;GCA_059055625.1;GCA_059335595.1;GCA_965363395.1;GCA_965363845.1;GCA_965363855.1;GCA_965363885.1;GCA_965364655.1;GCA_965365845.1;GCA_965365925.1;GCA_977879435.1;GCA_977879805.1;GCA_977880105.2;GCA_984506425.1;GCA_984506515.1;GCA_984506535.1;GCA_984506825.1;GCA_984513515.1;GCA_984513855.1;GCF_001704415.2
Capra hircus	potential_splice_acceptor_disruption|ex5|GA	potential_splice_acceptor_disruption	exon_5	5.0	1.0	1549.0	517.0		GA	True	68	68	68	1.0	HIGH	GCA_000317765.2;GCA_001704415.2;GCA_004361675.1;GCA_009823495.1;GCA_015443085.1;GCA_026652205.1;GCA_040806595.1;GCA_040822015.1;GCA_040970035.1;GCA_041053135.1;GCA_041735815.1;GCA_041736475.1;GCA_041920685.1;GCA_042835985.1;GCA_044509215.1;GCA_044587905.1;GCA_044587935.1;GCA_044587945.1;GCA_044588015.1;GCA_046464075.1;GCA_047671635.1;GCA_047671655.1;GCA_048593975.1;GCA_048594055.1;GCA_048594065.1;GCA_048594125.1;GCA_048594135.1;GCA_048594165.1;GCA_048598025.1;GCA_048598055.1;GCA_048598065.1;GCA_048598825.1;GCA_049004405.1;GCA_049004455.1;GCA_049004495.1;GCA_049004535.1;GCA_049004595.1;GCA_049004675.1;GCA_054126965.1;GCA_055691435.1;GCA_057428545.1;GCA_057428595.1;GCA_057556445.1;GCA_057557635.1;GCA_057557695.1;GCA_057557715.1;GCA_057557795.1;GCA_057557815.1;GCA_059055555.1;GCA_059055625.1;GCA_059335595.1;GCA_965363395.1;GCA_965363845.1;GCA_965363855.1;GCA_965363885.1;GCA_965364655.1;GCA_965365845.1;GCA_965365925.1;GCA_977879435.1;GCA_977879805.1;GCA_977880105.2;GCA_984506425.1;GCA_984506515.1;GCA_984506535.1;GCA_984506825.1;GCA_984513515.1;GCA_984513855.1;GCF_001704415.2
Capra hircus	potential_splice_donor_disruption|ex1|CC	potential_splice_donor_disruption	exon_1	1.0	194.0	194.0	65.0		CC	True	68	68	68	1.0	HIGH	GCA_000317765.2;GCA_001704415.2;GCA_004361675.1;GCA_009823495.1;GCA_015443085.1;GCA_026652205.1;GCA_040806595.1;GCA_040822015.1;GCA_040970035.1;GCA_041053135.1;GCA_041735815.1;GCA_041736475.1;GCA_041920685.1;GCA_042835985.1;GCA_044509215.1;GCA_044587905.1;GCA_044587935.1;GCA_044587945.1;GCA_044588015.1;GCA_046464075.1;GCA_047671635.1;GCA_047671655.1;GCA_048593975.1;GCA_048594055.1;GCA_048594065.1;GCA_048594125.1;GCA_048594135.1;GCA_048594165.1;GCA_048598025.1;GCA_048598055.1;GCA_048598065.1;GCA_048598825.1;GCA_049004405.1;GCA_049004455.1;GCA_049004495.1;GCA_049004535.1;GCA_049004595.1;GCA_049004675.1;GCA_054126965.1;GCA_055691435.1;GCA_057428545.1;GCA_057428595.1;GCA_057556445.1;GCA_057557635.1;GCA_057557695.1;GCA_057557715.1;GCA_057557795.1;GCA_057557815.1;GCA_059055555.1;GCA_059055625.1;GCA_059335595.1;GCA_965363395.1;GCA_965363845.1;GCA_965363855.1;GCA_965363885.1;GCA_965364655.1;GCA_965365845.1;GCA_965365925.1;GCA_977879435.1;GCA_977879805.1;GCA_977880105.2;GCA_984506425.1;GCA_984506515.1;GCA_984506535.1;GCA_984506825.1;GCA_984513515.1;GCA_984513855.1;GCF_001704415.2
Capra hircus	potential_splice_donor_disruption|ex4|GG	potential_splice_donor_disruption	exon_4	4.0	213.0	1548.0	516.0		GG	True	2	2	68	0.029411764705882353	LOW	GCA_048598055.1;GCA_984506425.1
Capra hircus	premature_stop|ex3|codon187	premature_stop	exon_3	3.0	61.0	559.0	187.0			True	5	5	68	0.07352941176470588	LOW	GCA_054126965.1;GCA_965363845.1;GCA_965365845.1;GCA_977879435.1;GCA_984513855.1
Capra hircus	premature_stop|ex3|codon194	premature_stop	exon_3	3.0	82.0	580.0	194.0			True	68	68	68	1.0	HIGH	GCA_000317765.2;GCA_001704415.2;GCA_004361675.1;GCA_009823495.1;GCA_015443085.1;GCA_026652205.1;GCA_040806595.1;GCA_040822015.1;GCA_040970035.1;GCA_041053135.1;GCA_041735815.1;GCA_041736475.1;GCA_041920685.1;GCA_042835985.1;GCA_044509215.1;GCA_044587905.1;GCA_044587935.1;GCA_044587945.1;GCA_044588015.1;GCA_046464075.1;GCA_047671635.1;GCA_047671655.1;GCA_048593975.1;GCA_048594055.1;GCA_048594065.1;GCA_048594125.1;GCA_048594135.1;GCA_048594165.1;GCA_048598025.1;GCA_048598055.1;GCA_048598065.1;GCA_048598825.1;GCA_049004405.1;GCA_049004455.1;GCA_049004495.1;GCA_049004535.1;GCA_049004595.1;GCA_049004675.1;GCA_054126965.1;GCA_055691435.1;GCA_057428545.1;GCA_057428595.1;GCA_057556445.1;GCA_057557635.1;GCA_057557695.1;GCA_057557715.1;GCA_057557795.1;GCA_057557815.1;GCA_059055555.1;GCA_059055625.1;GCA_059335595.1;GCA_965363395.1;GCA_965363845.1;GCA_965363855.1;GCA_965363885.1;GCA_965364655.1;GCA_965365845.1;GCA_965365925.1;GCA_977879435.1;GCA_977879805.1;GCA_977880105.2;GCA_984506425.1;GCA_984506515.1;GCA_984506535.1;GCA_984506825.1;GCA_984513515.1;GCA_984513855.1;GCF_001704415.2
Capra hircus	premature_stop|ex3|codon361	premature_stop	exon_3	3.0	583.0	1081.0	361.0			True	68	68	68	1.0	HIGH	GCA_000317765.2;GCA_001704415.2;GCA_004361675.1;GCA_009823495.1;GCA_015443085.1;GCA_026652205.1;GCA_040806595.1;GCA_040822015.1;GCA_040970035.1;GCA_041053135.1;GCA_041735815.1;GCA_041736475.1;GCA_041920685.1;GCA_042835985.1;GCA_044509215.1;GCA_044587905.1;GCA_044587935.1;GCA_044587945.1;GCA_044588015.1;GCA_046464075.1;GCA_047671635.1;GCA_047671655.1;GCA_048593975.1;GCA_048594055.1;GCA_048594065.1;GCA_048594125.1;GCA_048594135.1;GCA_048594165.1;GCA_048598025.1;GCA_048598055.1;GCA_048598065.1;GCA_048598825.1;GCA_049004405.1;GCA_049004455.1;GCA_049004495.1;GCA_049004535.1;GCA_049004595.1;GCA_049004675.1;GCA_054126965.1;GCA_055691435.1;GCA_057428545.1;GCA_057428595.1;GCA_057556445.1;GCA_057557635.1;GCA_057557695.1;GCA_057557715.1;GCA_057557795.1;GCA_057557815.1;GCA_059055555.1;GCA_059055625.1;GCA_059335595.1;GCA_965363395.1;GCA_965363845.1;GCA_965363855.1;GCA_965363885.1;GCA_965364655.1;GCA_965365845.1;GCA_965365925.1;GCA_977879435.1;GCA_977879805.1;GCA_977880105.2;GCA_984506425.1;GCA_984506515.1;GCA_984506535.1;GCA_984506825.1;GCA_984513515.1;GCA_984513855.1;GCF_001704415.2
Capra hircus	premature_stop|ex3|codon430	premature_stop	exon_3	3.0	790.0	1288.0	430.0			True	68	68	68	1.0	HIGH	GCA_000317765.2;GCA_001704415.2;GCA_004361675.1;GCA_009823495.1;GCA_015443085.1;GCA_026652205.1;GCA_040806595.1;GCA_040822015.1;GCA_040970035.1;GCA_041053135.1;GCA_041735815.1;GCA_041736475.1;GCA_041920685.1;GCA_042835985.1;GCA_044509215.1;GCA_044587905.1;GCA_044587935.1;GCA_044587945.1;GCA_044588015.1;GCA_046464075.1;GCA_047671635.1;GCA_047671655.1;GCA_048593975.1;GCA_048594055.1;GCA_048594065.1;GCA_048594125.1;GCA_048594135.1;GCA_048594165.1;GCA_048598025.1;GCA_048598055.1;GCA_048598065.1;GCA_048598825.1;GCA_049004405.1;GCA_049004455.1;GCA_049004495.1;GCA_049004535.1;GCA_049004595.1;GCA_049004675.1;GCA_054126965.1;GCA_055691435.1;GCA_057428545.1;GCA_057428595.1;GCA_057556445.1;GCA_057557635.1;GCA_057557695.1;GCA_057557715.1;GCA_057557795.1;GCA_057557815.1;GCA_059055555.1;GCA_059055625.1;GCA_059335595.1;GCA_965363395.1;GCA_965363845.1;GCA_965363855.1;GCA_965363885.1;GCA_965364655.1;GCA_965365845.1;GCA_965365925.1;GCA_977879435.1;GCA_977879805.1;GCA_977880105.2;GCA_984506425.1;GCA_984506515.1;GCA_984506535.1;GCA_984506825.1;GCA_984513515.1;GCA_984513855.1;GCF_001704415.2
Capra hircus	premature_stop|ex3|codon433	premature_stop	exon_3	3.0	799.0	1297.0	433.0			True	68	68	68	1.0	HIGH	GCA_000317765.2;GCA_001704415.2;GCA_004361675.1;GCA_009823495.1;GCA_015443085.1;GCA_026652205.1;GCA_040806595.1;GCA_040822015.1;GCA_040970035.1;GCA_041053135.1;GCA_041735815.1;GCA_041736475.1;GCA_041920685.1;GCA_042835985.1;GCA_044509215.1;GCA_044587905.1;GCA_044587935.1;GCA_044587945.1;GCA_044588015.1;GCA_046464075.1;GCA_047671635.1;GCA_047671655.1;GCA_048593975.1;GCA_048594055.1;GCA_048594065.1;GCA_048594125.1;GCA_048594135.1;GCA_048594165.1;GCA_048598025.1;GCA_048598055.1;GCA_048598065.1;GCA_048598825.1;GCA_049004405.1;GCA_049004455.1;GCA_049004495.1;GCA_049004535.1;GCA_049004595.1;GCA_049004675.1;GCA_054126965.1;GCA_055691435.1;GCA_057428545.1;GCA_057428595.1;GCA_057556445.1;GCA_057557635.1;GCA_057557695.1;GCA_057557715.1;GCA_057557795.1;GCA_057557815.1;GCA_059055555.1;GCA_059055625.1;GCA_059335595.1;GCA_965363395.1;GCA_965363845.1;GCA_965363855.1;GCA_965363885.1;GCA_965364655.1;GCA_965365845.1;GCA_965365925.1;GCA_977879435.1;GCA_977879805.1;GCA_977880105.2;GCA_984506425.1;GCA_984506515.1;GCA_984506535.1;GCA_984506825.1;GCA_984513515.1;GCA_984513855.1;GCF_001704415.2
Capra hircus	premature_stop|ex5|codon526	premature_stop	exon_5	5.0	28.0	1576.0	526.0			True	68	68	68	1.0	HIGH	GCA_000317765.2;GCA_001704415.2;GCA_004361675.1;GCA_009823495.1;GCA_015443085.1;GCA_026652205.1;GCA_040806595.1;GCA_040822015.1;GCA_040970035.1;GCA_041053135.1;GCA_041735815.1;GCA_041736475.1;GCA_041920685.1;GCA_042835985.1;GCA_044509215.1;GCA_044587905.1;GCA_044587935.1;GCA_044587945.1;GCA_044588015.1;GCA_046464075.1;GCA_047671635.1;GCA_047671655.1;GCA_048593975.1;GCA_048594055.1;GCA_048594065.1;GCA_048594125.1;GCA_048594135.1;GCA_048594165.1;GCA_048598025.1;GCA_048598055.1;GCA_048598065.1;GCA_048598825.1;GCA_049004405.1;GCA_049004455.1;GCA_049004495.1;GCA_049004535.1;GCA_049004595.1;GCA_049004675.1;GCA_054126965.1;GCA_055691435.1;GCA_057428545.1;GCA_057428595.1;GCA_057556445.1;GCA_057557635.1;GCA_057557695.1;GCA_057557715.1;GCA_057557795.1;GCA_057557815.1;GCA_059055555.1;GCA_059055625.1;GCA_059335595.1;GCA_965363395.1;GCA_965363845.1;GCA_965363855.1;GCA_965363885.1;GCA_965364655.1;GCA_965365845.1;GCA_965365925.1;GCA_977879435.1;GCA_977879805.1;GCA_977880105.2;GCA_984506425.1;GCA_984506515.1;GCA_984506535.1;GCA_984506825.1;GCA_984513515.1;GCA_984513855.1;GCF_001704415.2
Capra hircus	premature_stop|ex6|codon722	premature_stop	exon_6	6.0	492.0	2164.0	722.0			True	68	68	68	1.0	HIGH	GCA_000317765.2;GCA_001704415.2;GCA_004361675.1;GCA_009823495.1;GCA_015443085.1;GCA_026652205.1;GCA_040806595.1;GCA_040822015.1;GCA_040970035.1;GCA_041053135.1;GCA_041735815.1;GCA_041736475.1;GCA_041920685.1;GCA_042835985.1;GCA_044509215.1;GCA_044587905.1;GCA_044587935.1;GCA_044587945.1;GCA_044588015.1;GCA_046464075.1;GCA_047671635.1;GCA_047671655.1;GCA_048593975.1;GCA_048594055.1;GCA_048594065.1;GCA_048594125.1;GCA_048594135.1;GCA_048594165.1;GCA_048598025.1;GCA_048598055.1;GCA_048598065.1;GCA_048598825.1;GCA_049004405.1;GCA_049004455.1;GCA_049004495.1;GCA_049004535.1;GCA_049004595.1;GCA_049004675.1;GCA_054126965.1;GCA_055691435.1;GCA_057428545.1;GCA_057428595.1;GCA_057556445.1;GCA_057557635.1;GCA_057557695.1;GCA_057557715.1;GCA_057557795.1;GCA_057557815.1;GCA_059055555.1;GCA_059055625.1;GCA_059335595.1;GCA_965363395.1;GCA_965363845.1;GCA_965363855.1;GCA_965363885.1;GCA_965364655.1;GCA_965365845.1;GCA_965365925.1;GCA_977879435.1;GCA_977879805.1;GCA_977880105.2;GCA_984506425.1;GCA_984506515.1;GCA_984506535.1;GCA_984506825.1;GCA_984513515.1;GCA_984513855.1;GCF_001704415.2
Capra ibex	candidate_large_frameshift_insertion|ex4|pos38|len716	candidate_large_frameshift_insertion	exon_4	4.0	38.0	1373.0	458.0	716.0		True	2	2	2	1.0	HIGH	GCA_006410555.1;GCA_054642885.1
Capra ibex	candidate_large_inframe_insertion|ex3|pos407|len144	candidate_large_inframe_insertion	exon_3	3.0	407.0	905.0	302.0	144.0		False	1	1	2	0.5	MEDIUM	GCA_054642885.1
Capra ibex	candidate_large_inframe_insertion|ex3|pos407|len150	candidate_large_inframe_insertion	exon_3	3.0	407.0	905.0	302.0	150.0		False	1	1	2	0.5	MEDIUM	GCA_006410555.1
Capra ibex	frameshift_deletion|ex1|pos119|len4	frameshift_deletion	exon_1	1.0	119.0	119.0	40.0	4.0		True	2	2	2	1.0	HIGH	GCA_006410555.1;GCA_054642885.1
Capra ibex	frameshift_deletion|ex1|pos162|len1	frameshift_deletion	exon_1	1.0	162.0	162.0	54.0	1.0		True	2	2	2	1.0	HIGH	GCA_006410555.1;GCA_054642885.1
Capra ibex	frameshift_deletion|ex3|pos167|len7	frameshift_deletion	exon_3	3.0	167.0	665.0	222.0	7.0		True	2	2	2	1.0	HIGH	GCA_006410555.1;GCA_054642885.1
Capra ibex	frameshift_deletion|ex3|pos661|len17	frameshift_deletion	exon_3	3.0	661.0	1159.0	387.0	17.0		True	2	2	2	1.0	HIGH	GCA_006410555.1;GCA_054642885.1
Capra ibex	frameshift_deletion|ex4|pos131|len1	frameshift_deletion	exon_4	4.0	131.0	1466.0	489.0	1.0		True	2	2	2	1.0	HIGH	GCA_006410555.1;GCA_054642885.1
Capra ibex	frameshift_deletion|ex6|pos737|len5	frameshift_deletion	exon_6	6.0	737.0	2409.0	803.0	5.0		True	2	2	2	1.0	HIGH	GCA_006410555.1;GCA_054642885.1
Capra ibex	frameshift_induced_stop|ex1|codon26	frameshift_induced_stop	exon_1	1.0	76.0	76.0	26.0			True	2	2	2	1.0	HIGH	GCA_006410555.1;GCA_054642885.1
Capra ibex	frameshift_induced_stop|ex3|codon178	frameshift_induced_stop	exon_3	3.0	34.0	532.0	178.0			True	2	2	2	1.0	HIGH	GCA_006410555.1;GCA_054642885.1
Capra ibex	frameshift_induced_stop|ex3|codon401	frameshift_induced_stop	exon_3	3.0	703.0	1201.0	401.0			True	2	2	2	1.0	HIGH	GCA_006410555.1;GCA_054642885.1
Capra ibex	frameshift_induced_stop|ex5|codon526	frameshift_induced_stop	exon_5	5.0	29.0	1577.0	526.0			True	2	2	2	1.0	HIGH	GCA_006410555.1;GCA_054642885.1
Capra ibex	frameshift_induced_stop|ex6|codon678	frameshift_induced_stop	exon_6	6.0	362.0	2034.0	678.0			True	2	2	2	1.0	HIGH	GCA_006410555.1;GCA_054642885.1
Capra ibex	frameshift_insertion|ex1|pos134|len1	frameshift_insertion	exon_1	1.0	134.0	134.0	45.0	1.0		True	2	2	2	1.0	HIGH	GCA_006410555.1;GCA_054642885.1
Capra ibex	frameshift_insertion|ex1|pos40|len4	frameshift_insertion	exon_1	1.0	40.0	40.0	14.0	4.0		True	2	2	2	1.0	HIGH	GCA_006410555.1;GCA_054642885.1
Capra ibex	frameshift_insertion|ex2|pos298|len1	frameshift_insertion	exon_2	2.0	298.0	492.0	164.0	1.0		True	2	2	2	1.0	HIGH	GCA_006410555.1;GCA_054642885.1
Capra ibex	frameshift_insertion|ex6|pos338|len2	frameshift_insertion	exon_6	6.0	338.0	2010.0	670.0	2.0		True	2	2	2	1.0	HIGH	GCA_006410555.1;GCA_054642885.1
Capra ibex	inframe_deletion|ex6|pos89|len9	inframe_deletion	exon_6	6.0	89.0	1761.0	587.0	9.0		False	2	2	2	1.0	HIGH	GCA_006410555.1;GCA_054642885.1
Capra ibex	inframe_deletion|ex6|pos939|len21	inframe_deletion	exon_6	6.0	939.0	2611.0	871.0	21.0		False	2	2	2	1.0	HIGH	GCA_006410555.1;GCA_054642885.1
Capra ibex	potential_splice_acceptor_disruption|ex5|GA	potential_splice_acceptor_disruption	exon_5	5.0	1.0	1549.0	517.0		GA	True	2	2	2	1.0	HIGH	GCA_006410555.1;GCA_054642885.1
Capra ibex	potential_splice_donor_disruption|ex1|CC	potential_splice_donor_disruption	exon_1	1.0	194.0	194.0	65.0		CC	True	2	2	2	1.0	HIGH	GCA_006410555.1;GCA_054642885.1
Capra ibex	potential_splice_donor_disruption|ex4|GG	potential_splice_donor_disruption	exon_4	4.0	213.0	1548.0	516.0		GG	True	1	1	2	0.5	MEDIUM	GCA_006410555.1
Capra ibex	premature_stop|ex3|codon361	premature_stop	exon_3	3.0	583.0	1081.0	361.0			True	2	2	2	1.0	HIGH	GCA_006410555.1;GCA_054642885.1
Capra ibex	premature_stop|ex3|codon430	premature_stop	exon_3	3.0	790.0	1288.0	430.0			True	2	2	2	1.0	HIGH	GCA_006410555.1;GCA_054642885.1
Capra ibex	premature_stop|ex3|codon433	premature_stop	exon_3	3.0	799.0	1297.0	433.0			True	2	2	2	1.0	HIGH	GCA_006410555.1;GCA_054642885.1
Capra ibex	premature_stop|ex5|codon526	premature_stop	exon_5	5.0	28.0	1576.0	526.0			True	2	2	2	1.0	HIGH	GCA_006410555.1;GCA_054642885.1
Capra ibex	premature_stop|ex6|codon722	premature_stop	exon_6	6.0	492.0	2164.0	722.0			True	2	2	2	1.0	HIGH	GCA_006410555.1;GCA_054642885.1
Capra nubiana	candidate_large_frameshift_insertion|ex4|pos38|len716	candidate_large_frameshift_insertion	exon_4	4.0	38.0	1373.0	458.0	716.0		True	2	2	2	1.0	HIGH	GCA_054855995.1;GCA_054856215.1
Capra nubiana	candidate_large_inframe_insertion|ex3|pos407|len144	candidate_large_inframe_insertion	exon_3	3.0	407.0	905.0	302.0	144.0		False	2	2	2	1.0	HIGH	GCA_054855995.1;GCA_054856215.1
Capra nubiana	frameshift_deletion|ex1|pos119|len4	frameshift_deletion	exon_1	1.0	119.0	119.0	40.0	4.0		True	2	2	2	1.0	HIGH	GCA_054855995.1;GCA_054856215.1
Capra nubiana	frameshift_deletion|ex1|pos162|len1	frameshift_deletion	exon_1	1.0	162.0	162.0	54.0	1.0		True	2	2	2	1.0	HIGH	GCA_054855995.1;GCA_054856215.1
Capra nubiana	frameshift_deletion|ex3|pos167|len7	frameshift_deletion	exon_3	3.0	167.0	665.0	222.0	7.0		True	2	2	2	1.0	HIGH	GCA_054855995.1;GCA_054856215.1
Capra nubiana	frameshift_deletion|ex3|pos661|len17	frameshift_deletion	exon_3	3.0	661.0	1159.0	387.0	17.0		True	2	2	2	1.0	HIGH	GCA_054855995.1;GCA_054856215.1
Capra nubiana	frameshift_deletion|ex4|pos131|len1	frameshift_deletion	exon_4	4.0	131.0	1466.0	489.0	1.0		True	2	2	2	1.0	HIGH	GCA_054855995.1;GCA_054856215.1
Capra nubiana	frameshift_deletion|ex6|pos737|len5	frameshift_deletion	exon_6	6.0	737.0	2409.0	803.0	5.0		True	2	2	2	1.0	HIGH	GCA_054855995.1;GCA_054856215.1
Capra nubiana	frameshift_induced_stop|ex1|codon26	frameshift_induced_stop	exon_1	1.0	76.0	76.0	26.0			True	2	2	2	1.0	HIGH	GCA_054855995.1;GCA_054856215.1
Capra nubiana	frameshift_induced_stop|ex2|codon77	frameshift_induced_stop	exon_2	2.0	37.0	231.0	77.0			True	2	2	2	1.0	HIGH	GCA_054855995.1;GCA_054856215.1
Capra nubiana	frameshift_induced_stop|ex3|codon239	frameshift_induced_stop	exon_3	3.0	219.0	717.0	239.0			True	2	2	2	1.0	HIGH	GCA_054855995.1;GCA_054856215.1
Capra nubiana	frameshift_induced_stop|ex4|codon496	frameshift_induced_stop	exon_4	4.0	153.0	1488.0	496.0			True	2	2	2	1.0	HIGH	GCA_054855995.1;GCA_054856215.1
Capra nubiana	frameshift_induced_stop|ex6|codon821	frameshift_induced_stop	exon_6	6.0	791.0	2463.0	821.0			True	2	2	2	1.0	HIGH	GCA_054855995.1;GCA_054856215.1
Capra nubiana	frameshift_insertion|ex1|pos40|len4	frameshift_insertion	exon_1	1.0	40.0	40.0	14.0	4.0		True	2	2	2	1.0	HIGH	GCA_054855995.1;GCA_054856215.1
Capra nubiana	frameshift_insertion|ex2|pos298|len1	frameshift_insertion	exon_2	2.0	298.0	492.0	164.0	1.0		True	2	2	2	1.0	HIGH	GCA_054855995.1;GCA_054856215.1
Capra nubiana	frameshift_insertion|ex6|pos338|len2	frameshift_insertion	exon_6	6.0	338.0	2010.0	670.0	2.0		True	2	2	2	1.0	HIGH	GCA_054855995.1;GCA_054856215.1
Capra nubiana	inframe_deletion|ex6|pos89|len9	inframe_deletion	exon_6	6.0	89.0	1761.0	587.0	9.0		False	2	2	2	1.0	HIGH	GCA_054855995.1;GCA_054856215.1
Capra nubiana	inframe_deletion|ex6|pos939|len21	inframe_deletion	exon_6	6.0	939.0	2611.0	871.0	21.0		False	2	2	2	1.0	HIGH	GCA_054855995.1;GCA_054856215.1
Capra nubiana	potential_splice_acceptor_disruption|ex5|GA	potential_splice_acceptor_disruption	exon_5	5.0	1.0	1549.0	517.0		GA	True	2	2	2	1.0	HIGH	GCA_054855995.1;GCA_054856215.1
Capra nubiana	potential_splice_donor_disruption|ex1|CC	potential_splice_donor_disruption	exon_1	1.0	194.0	194.0	65.0		CC	True	2	2	2	1.0	HIGH	GCA_054855995.1;GCA_054856215.1
Capra nubiana	premature_stop|ex3|codon194	premature_stop	exon_3	3.0	82.0	580.0	194.0			True	2	2	2	1.0	HIGH	GCA_054855995.1;GCA_054856215.1
Capra nubiana	premature_stop|ex3|codon361	premature_stop	exon_3	3.0	583.0	1081.0	361.0			True	2	2	2	1.0	HIGH	GCA_054855995.1;GCA_054856215.1
Capra nubiana	premature_stop|ex3|codon430	premature_stop	exon_3	3.0	790.0	1288.0	430.0			True	2	2	2	1.0	HIGH	GCA_054855995.1;GCA_054856215.1
Capra nubiana	premature_stop|ex3|codon433	premature_stop	exon_3	3.0	799.0	1297.0	433.0			True	2	2	2	1.0	HIGH	GCA_054855995.1;GCA_054856215.1
Capra nubiana	premature_stop|ex5|codon526	premature_stop	exon_5	5.0	28.0	1576.0	526.0			True	2	2	2	1.0	HIGH	GCA_054855995.1;GCA_054856215.1
Capra nubiana	premature_stop|ex6|codon722	premature_stop	exon_6	6.0	492.0	2164.0	722.0			True	2	2	2	1.0	HIGH	GCA_054855995.1;GCA_054856215.1
Capra sibirica	candidate_large_frameshift_insertion|ex4|pos38|len716	candidate_large_frameshift_insertion	exon_4	4.0	38.0	1373.0	458.0	716.0		True	1	1	1	1.0	MEDIUM	GCA_003182615.2
Capra sibirica	candidate_large_inframe_insertion|ex3|pos407|len150	candidate_large_inframe_insertion	exon_3	3.0	407.0	905.0	302.0	150.0		False	1	1	1	1.0	MEDIUM	GCA_003182615.2
Capra sibirica	frameshift_deletion|ex1|pos119|len4	frameshift_deletion	exon_1	1.0	119.0	119.0	40.0	4.0		True	1	1	1	1.0	MEDIUM	GCA_003182615.2
Capra sibirica	frameshift_deletion|ex1|pos162|len1	frameshift_deletion	exon_1	1.0	162.0	162.0	54.0	1.0		True	1	1	1	1.0	MEDIUM	GCA_003182615.2
Capra sibirica	frameshift_deletion|ex3|pos167|len7	frameshift_deletion	exon_3	3.0	167.0	665.0	222.0	7.0		True	1	1	1	1.0	MEDIUM	GCA_003182615.2
Capra sibirica	frameshift_deletion|ex3|pos661|len17	frameshift_deletion	exon_3	3.0	661.0	1159.0	387.0	17.0		True	1	1	1	1.0	MEDIUM	GCA_003182615.2
Capra sibirica	frameshift_deletion|ex4|pos131|len1	frameshift_deletion	exon_4	4.0	131.0	1466.0	489.0	1.0		True	1	1	1	1.0	MEDIUM	GCA_003182615.2
Capra sibirica	frameshift_deletion|ex6|pos737|len5	frameshift_deletion	exon_6	6.0	737.0	2409.0	803.0	5.0		True	1	1	1	1.0	MEDIUM	GCA_003182615.2
Capra sibirica	frameshift_induced_stop|ex1|codon26	frameshift_induced_stop	exon_1	1.0	76.0	76.0	26.0			True	1	1	1	1.0	MEDIUM	GCA_003182615.2
Capra sibirica	frameshift_induced_stop|ex3|codon178	frameshift_induced_stop	exon_3	3.0	34.0	532.0	178.0			True	1	1	1	1.0	MEDIUM	GCA_003182615.2
Capra sibirica	frameshift_induced_stop|ex3|codon401	frameshift_induced_stop	exon_3	3.0	703.0	1201.0	401.0			True	1	1	1	1.0	MEDIUM	GCA_003182615.2
Capra sibirica	frameshift_induced_stop|ex5|codon526	frameshift_induced_stop	exon_5	5.0	29.0	1577.0	526.0			True	1	1	1	1.0	MEDIUM	GCA_003182615.2
Capra sibirica	frameshift_induced_stop|ex6|codon678	frameshift_induced_stop	exon_6	6.0	362.0	2034.0	678.0			True	1	1	1	1.0	MEDIUM	GCA_003182615.2
Capra sibirica	frameshift_insertion|ex1|pos134|len1	frameshift_insertion	exon_1	1.0	134.0	134.0	45.0	1.0		True	1	1	1	1.0	MEDIUM	GCA_003182615.2
Capra sibirica	frameshift_insertion|ex1|pos40|len4	frameshift_insertion	exon_1	1.0	40.0	40.0	14.0	4.0		True	1	1	1	1.0	MEDIUM	GCA_003182615.2
Capra sibirica	frameshift_insertion|ex2|pos298|len1	frameshift_insertion	exon_2	2.0	298.0	492.0	164.0	1.0		True	1	1	1	1.0	MEDIUM	GCA_003182615.2
Capra sibirica	frameshift_insertion|ex6|pos338|len2	frameshift_insertion	exon_6	6.0	338.0	2010.0	670.0	2.0		True	1	1	1	1.0	MEDIUM	GCA_003182615.2
Capra sibirica	inframe_deletion|ex6|pos89|len9	inframe_deletion	exon_6	6.0	89.0	1761.0	587.0	9.0		False	1	1	1	1.0	MEDIUM	GCA_003182615.2
Capra sibirica	inframe_deletion|ex6|pos939|len21	inframe_deletion	exon_6	6.0	939.0	2611.0	871.0	21.0		False	1	1	1	1.0	MEDIUM	GCA_003182615.2
Capra sibirica	potential_splice_acceptor_disruption|ex5|GA	potential_splice_acceptor_disruption	exon_5	5.0	1.0	1549.0	517.0		GA	True	1	1	1	1.0	MEDIUM	GCA_003182615.2
Capra sibirica	potential_splice_donor_disruption|ex1|CC	potential_splice_donor_disruption	exon_1	1.0	194.0	194.0	65.0		CC	True	1	1	1	1.0	MEDIUM	GCA_003182615.2
Capra sibirica	potential_splice_donor_disruption|ex4|GG	potential_splice_donor_disruption	exon_4	4.0	213.0	1548.0	516.0		GG	True	1	1	1	1.0	MEDIUM	GCA_003182615.2
Capra sibirica	premature_stop|ex3|codon361	premature_stop	exon_3	3.0	583.0	1081.0	361.0			True	1	1	1	1.0	MEDIUM	GCA_003182615.2
Capra sibirica	premature_stop|ex3|codon430	premature_stop	exon_3	3.0	790.0	1288.0	430.0			True	1	1	1	1.0	MEDIUM	GCA_003182615.2
Capra sibirica	premature_stop|ex3|codon433	premature_stop	exon_3	3.0	799.0	1297.0	433.0			True	1	1	1	1.0	MEDIUM	GCA_003182615.2
Capra sibirica	premature_stop|ex5|codon526	premature_stop	exon_5	5.0	28.0	1576.0	526.0			True	1	1	1	1.0	MEDIUM	GCA_003182615.2
Capra sibirica	premature_stop|ex6|codon722	premature_stop	exon_6	6.0	492.0	2164.0	722.0			True	1	1	1	1.0	MEDIUM	GCA_003182615.2
Capreolus capreolus	candidate_large_frameshift_insertion|ex2|pos237|len776	candidate_large_frameshift_insertion	exon_2	2.0	237.0	431.0	144.0	776.0		True	1	1	1	1.0	MEDIUM	GCA_951849835.1
Capreolus capreolus	candidate_large_frameshift_insertion|ex3|pos195|len251	candidate_large_frameshift_insertion	exon_3	3.0	195.0	693.0	231.0	251.0		True	1	1	2	0.5	MEDIUM	GCA_951849835.1
Capreolus capreolus	candidate_large_frameshift_insertion|ex3|pos195|len299	candidate_large_frameshift_insertion	exon_3	3.0	195.0	693.0	231.0	299.0		True	1	1	2	0.5	MEDIUM	GCA_000751575.1
Capreolus capreolus	exon_unresolved|ex1	exon_unresolved	exon_1	1.0	1.0	1.0	1.0	194.0		False	1	0	1	0.0	LOW	
Capreolus capreolus	frameshift_deletion|ex2|pos152|len2	frameshift_deletion	exon_2	2.0	152.0	346.0	116.0	2.0		True	1	1	1	1.0	MEDIUM	GCA_951849835.1
Capreolus capreolus	frameshift_deletion|ex2|pos265|len1	frameshift_deletion	exon_2	2.0	265.0	459.0	153.0	1.0		True	2	1	1	1.0	MEDIUM	GCA_951849835.1
Capreolus capreolus	frameshift_deletion|ex2|pos33|len5	frameshift_deletion	exon_2	2.0	33.0	227.0	76.0	5.0		True	1	1	1	1.0	MEDIUM	GCA_951849835.1
Capreolus capreolus	frameshift_deletion|ex3|pos168|len7	frameshift_deletion	exon_3	3.0	168.0	666.0	222.0	7.0		True	2	2	2	1.0	HIGH	GCA_000751575.1;GCA_951849835.1
Capreolus capreolus	frameshift_deletion|ex3|pos417|len1	frameshift_deletion	exon_3	3.0	417.0	915.0	305.0	1.0		True	1	1	2	0.5	MEDIUM	GCA_000751575.1
Capreolus capreolus	frameshift_deletion|ex4|pos131|len1	frameshift_deletion	exon_4	4.0	131.0	1466.0	489.0	1.0		True	2	2	2	1.0	HIGH	GCA_000751575.1;GCA_951849835.1
Capreolus capreolus	frameshift_deletion|ex6|pos737|len5	frameshift_deletion	exon_6	6.0	737.0	2409.0	803.0	5.0		True	2	2	2	1.0	HIGH	GCA_000751575.1;GCA_951849835.1
Capreolus capreolus	frameshift_induced_stop|ex2|codon144	frameshift_induced_stop	exon_2	2.0	238.0	432.0	144.0			True	1	1	1	1.0	MEDIUM	GCA_951849835.1
Capreolus capreolus	frameshift_induced_stop|ex2|codon159	frameshift_induced_stop	exon_2	2.0	283.0	477.0	159.0			True	1	1	1	1.0	MEDIUM	GCA_000751575.1
Capreolus capreolus	frameshift_induced_stop|ex2|codon82	frameshift_induced_stop	exon_2	2.0	50.0	244.0	82.0			True	1	1	1	1.0	MEDIUM	GCA_951849835.1
Capreolus capreolus	frameshift_induced_stop|ex3|codon374	frameshift_induced_stop	exon_3	3.0	623.0	1121.0	374.0			True	2	2	2	1.0	HIGH	GCA_000751575.1;GCA_951849835.1
Capreolus capreolus	frameshift_induced_stop|ex4|codon496	frameshift_induced_stop	exon_4	4.0	153.0	1488.0	496.0			True	1	1	2	0.5	MEDIUM	GCA_000751575.1
Capreolus capreolus	inframe_deletion|ex3|pos659|len6	inframe_deletion	exon_3	3.0	659.0	1157.0	386.0	6.0		False	2	2	2	1.0	HIGH	GCA_000751575.1;GCA_951849835.1
Capreolus capreolus	inframe_deletion|ex3|pos667|len3	inframe_deletion	exon_3	3.0	667.0	1165.0	389.0	3.0		False	2	2	2	1.0	HIGH	GCA_000751575.1;GCA_951849835.1
Capreolus capreolus	inframe_deletion|ex6|pos387|len6	inframe_deletion	exon_6	6.0	387.0	2059.0	687.0	6.0		False	2	2	2	1.0	HIGH	GCA_000751575.1;GCA_951849835.1
Capreolus capreolus	inframe_deletion|ex6|pos459|len24	inframe_deletion	exon_6	6.0	459.0	2131.0	711.0	24.0		False	2	2	2	1.0	HIGH	GCA_000751575.1;GCA_951849835.1
Capreolus capreolus	inframe_deletion|ex6|pos935|len21	inframe_deletion	exon_6	6.0	935.0	2607.0	869.0	21.0		False	2	2	2	1.0	HIGH	GCA_000751575.1;GCA_951849835.1
Capreolus capreolus	inframe_insertion|ex3|pos267|len15	inframe_insertion	exon_3	3.0	267.0	765.0	255.0	15.0		False	2	2	2	1.0	HIGH	GCA_000751575.1;GCA_951849835.1
Capreolus capreolus	potential_splice_acceptor_disruption|ex5|GA	potential_splice_acceptor_disruption	exon_5	5.0	1.0	1549.0	517.0		GA	True	2	2	2	1.0	HIGH	GCA_000751575.1;GCA_951849835.1
Capreolus capreolus	potential_splice_donor_disruption|ex1|CA	potential_splice_donor_disruption	exon_1	1.0	194.0	194.0	65.0		CA	True	1	1	1	1.0	MEDIUM	GCA_951849835.1
Capreolus capreolus	premature_stop|ex1|codon51	premature_stop	exon_1	1.0	151.0	151.0	51.0			True	1	1	1	1.0	MEDIUM	GCA_951849835.1
Capreolus capreolus	premature_stop|ex3|codon374	premature_stop	exon_3	3.0	622.0	1120.0	374.0			True	2	2	2	1.0	HIGH	GCA_000751575.1;GCA_951849835.1
Capreolus capreolus	premature_stop|ex3|codon375	premature_stop	exon_3	3.0	625.0	1123.0	375.0			True	1	1	2	0.5	MEDIUM	GCA_000751575.1
Capreolus capreolus	premature_stop|ex3|codon430	premature_stop	exon_3	3.0	790.0	1288.0	430.0			True	2	2	2	1.0	HIGH	GCA_000751575.1;GCA_951849835.1
Capreolus capreolus	premature_stop|ex3|codon433	premature_stop	exon_3	3.0	799.0	1297.0	433.0			True	2	2	2	1.0	HIGH	GCA_000751575.1;GCA_951849835.1
Capreolus pygargus	candidate_large_frameshift_insertion|ex3|pos195|len251	candidate_large_frameshift_insertion	exon_3	3.0	195.0	693.0	231.0	251.0		True	1	1	1	1.0	MEDIUM	GCA_012922965.1
Capreolus pygargus	candidate_large_inframe_insertion|ex2|pos237|len810	candidate_large_inframe_insertion	exon_2	2.0	237.0	431.0	144.0	810.0		False	1	1	1	1.0	MEDIUM	GCA_012922965.1
Capreolus pygargus	frameshift_deletion|ex2|pos152|len2	frameshift_deletion	exon_2	2.0	152.0	346.0	116.0	2.0		True	1	1	1	1.0	MEDIUM	GCA_012922965.1
Capreolus pygargus	frameshift_deletion|ex2|pos265|len1	frameshift_deletion	exon_2	2.0	265.0	459.0	153.0	1.0		True	1	1	1	1.0	MEDIUM	GCA_012922965.1
Capreolus pygargus	frameshift_deletion|ex2|pos33|len5	frameshift_deletion	exon_2	2.0	33.0	227.0	76.0	5.0		True	1	1	1	1.0	MEDIUM	GCA_012922965.1
Capreolus pygargus	frameshift_deletion|ex3|pos166|len7	frameshift_deletion	exon_3	3.0	166.0	664.0	222.0	7.0		True	1	1	1	1.0	MEDIUM	GCA_012922965.1
Capreolus pygargus	frameshift_deletion|ex4|pos131|len1	frameshift_deletion	exon_4	4.0	131.0	1466.0	489.0	1.0		True	1	1	1	1.0	MEDIUM	GCA_012922965.1
Capreolus pygargus	frameshift_deletion|ex6|pos310|len1	frameshift_deletion	exon_6	6.0	310.0	1982.0	661.0	1.0		True	1	1	1	1.0	MEDIUM	GCA_012922965.1
Capreolus pygargus	frameshift_deletion|ex6|pos737|len5	frameshift_deletion	exon_6	6.0	737.0	2409.0	803.0	5.0		True	1	1	1	1.0	MEDIUM	GCA_012922965.1
Capreolus pygargus	frameshift_induced_stop|ex2|codon144	frameshift_induced_stop	exon_2	2.0	238.0	432.0	144.0			True	1	1	1	1.0	MEDIUM	GCA_012922965.1
Capreolus pygargus	frameshift_induced_stop|ex2|codon82	frameshift_induced_stop	exon_2	2.0	50.0	244.0	82.0			True	1	1	1	1.0	MEDIUM	GCA_012922965.1
Capreolus pygargus	frameshift_induced_stop|ex3|codon170	frameshift_induced_stop	exon_3	3.0	10.0	508.0	170.0			True	1	1	1	1.0	MEDIUM	GCA_012922965.1
Capreolus pygargus	frameshift_induced_stop|ex3|codon374	frameshift_induced_stop	exon_3	3.0	623.0	1121.0	374.0			True	1	1	1	1.0	MEDIUM	GCA_012922965.1
Capreolus pygargus	frameshift_induced_stop|ex4|codon496	frameshift_induced_stop	exon_4	4.0	153.0	1488.0	496.0			True	1	1	1	1.0	MEDIUM	GCA_012922965.1
Capreolus pygargus	frameshift_induced_stop|ex6|codon818	frameshift_induced_stop	exon_6	6.0	782.0	2454.0	818.0			True	1	1	1	1.0	MEDIUM	GCA_012922965.1
Capreolus pygargus	inframe_deletion|ex3|pos659|len6	inframe_deletion	exon_3	3.0	659.0	1157.0	386.0	6.0		False	1	1	1	1.0	MEDIUM	GCA_012922965.1
Capreolus pygargus	inframe_deletion|ex3|pos667|len3	inframe_deletion	exon_3	3.0	667.0	1165.0	389.0	3.0		False	1	1	1	1.0	MEDIUM	GCA_012922965.1
Capreolus pygargus	inframe_deletion|ex6|pos459|len24	inframe_deletion	exon_6	6.0	459.0	2131.0	711.0	24.0		False	1	1	1	1.0	MEDIUM	GCA_012922965.1
Capreolus pygargus	inframe_deletion|ex6|pos935|len21	inframe_deletion	exon_6	6.0	935.0	2607.0	869.0	21.0		False	1	1	1	1.0	MEDIUM	GCA_012922965.1
Capreolus pygargus	inframe_insertion|ex3|pos267|len15	inframe_insertion	exon_3	3.0	267.0	765.0	255.0	15.0		False	1	1	1	1.0	MEDIUM	GCA_012922965.1
Capreolus pygargus	potential_splice_acceptor_disruption|ex5|GA	potential_splice_acceptor_disruption	exon_5	5.0	1.0	1549.0	517.0		GA	True	1	1	1	1.0	MEDIUM	GCA_012922965.1
Capreolus pygargus	potential_splice_donor_disruption|ex1|CA	potential_splice_donor_disruption	exon_1	1.0	194.0	194.0	65.0		CA	True	1	1	1	1.0	MEDIUM	GCA_012922965.1
Capreolus pygargus	premature_stop|ex1|codon51	premature_stop	exon_1	1.0	151.0	151.0	51.0			True	1	1	1	1.0	MEDIUM	GCA_012922965.1
Capreolus pygargus	premature_stop|ex3|codon374	premature_stop	exon_3	3.0	622.0	1120.0	374.0			True	1	1	1	1.0	MEDIUM	GCA_012922965.1
Capreolus pygargus	premature_stop|ex3|codon430	premature_stop	exon_3	3.0	790.0	1288.0	430.0			True	1	1	1	1.0	MEDIUM	GCA_012922965.1
Capreolus pygargus	premature_stop|ex3|codon433	premature_stop	exon_3	3.0	799.0	1297.0	433.0			True	1	1	1	1.0	MEDIUM	GCA_012922965.1
Capricornis sumatraensis	candidate_large_frameshift_insertion|ex3|pos407|len143	candidate_large_frameshift_insertion	exon_3	3.0	407.0	905.0	302.0	143.0		True	2	2	2	1.0	HIGH	GCA_032405125.2;GCF_032405125.1
Capricornis sumatraensis	candidate_large_frameshift_insertion|ex4|pos38|len716	candidate_large_frameshift_insertion	exon_4	4.0	38.0	1373.0	458.0	716.0		True	2	2	2	1.0	HIGH	GCA_032405125.2;GCF_032405125.1
Capricornis sumatraensis	frameshift_deletion|ex1|pos119|len4	frameshift_deletion	exon_1	1.0	119.0	119.0	40.0	4.0		True	2	2	2	1.0	HIGH	GCA_032405125.2;GCF_032405125.1
Capricornis sumatraensis	frameshift_deletion|ex1|pos162|len1	frameshift_deletion	exon_1	1.0	162.0	162.0	54.0	1.0		True	2	2	2	1.0	HIGH	GCA_032405125.2;GCF_032405125.1
Capricornis sumatraensis	frameshift_deletion|ex3|pos167|len7	frameshift_deletion	exon_3	3.0	167.0	665.0	222.0	7.0		True	2	2	2	1.0	HIGH	GCA_032405125.2;GCF_032405125.1
Capricornis sumatraensis	frameshift_deletion|ex3|pos612|len5	frameshift_deletion	exon_3	3.0	612.0	1110.0	370.0	5.0		True	2	2	2	1.0	HIGH	GCA_032405125.2;GCF_032405125.1
Capricornis sumatraensis	frameshift_deletion|ex4|pos131|len1	frameshift_deletion	exon_4	4.0	131.0	1466.0	489.0	1.0		True	2	2	2	1.0	HIGH	GCA_032405125.2;GCF_032405125.1
Capricornis sumatraensis	frameshift_deletion|ex6|pos737|len5	frameshift_deletion	exon_6	6.0	737.0	2409.0	803.0	5.0		True	2	2	2	1.0	HIGH	GCA_032405125.2;GCF_032405125.1
Capricornis sumatraensis	frameshift_induced_stop|ex1|codon26	frameshift_induced_stop	exon_1	1.0	76.0	76.0	26.0			True	2	2	2	1.0	HIGH	GCA_032405125.2;GCF_032405125.1
Capricornis sumatraensis	frameshift_induced_stop|ex3|codon178	frameshift_induced_stop	exon_3	3.0	34.0	532.0	178.0			True	2	2	2	1.0	HIGH	GCA_032405125.2;GCF_032405125.1
Capricornis sumatraensis	frameshift_induced_stop|ex3|codon361	frameshift_induced_stop	exon_3	3.0	584.0	1082.0	361.0			True	2	2	2	1.0	HIGH	GCA_032405125.2;GCF_032405125.1
Capricornis sumatraensis	frameshift_induced_stop|ex3|codon372	frameshift_induced_stop	exon_3	3.0	618.0	1116.0	372.0			True	2	2	2	1.0	HIGH	GCA_032405125.2;GCF_032405125.1
Capricornis sumatraensis	frameshift_induced_stop|ex4|codon495	frameshift_induced_stop	exon_4	4.0	148.0	1483.0	495.0			True	2	2	2	1.0	HIGH	GCA_032405125.2;GCF_032405125.1
Capricornis sumatraensis	frameshift_induced_stop|ex6|codon722	frameshift_induced_stop	exon_6	6.0	493.0	2165.0	722.0			True	2	2	2	1.0	HIGH	GCA_032405125.2;GCF_032405125.1
Capricornis sumatraensis	frameshift_induced_stop|ex6|codon824	frameshift_induced_stop	exon_6	6.0	798.0	2470.0	824.0			True	2	2	2	1.0	HIGH	GCA_032405125.2;GCF_032405125.1
Capricornis sumatraensis	frameshift_insertion|ex1|pos136|len1	frameshift_insertion	exon_1	1.0	136.0	136.0	46.0	1.0		True	2	2	2	1.0	HIGH	GCA_032405125.2;GCF_032405125.1
Capricornis sumatraensis	frameshift_insertion|ex1|pos40|len4	frameshift_insertion	exon_1	1.0	40.0	40.0	14.0	4.0		True	2	2	2	1.0	HIGH	GCA_032405125.2;GCF_032405125.1
Capricornis sumatraensis	frameshift_insertion|ex2|pos297|len1	frameshift_insertion	exon_2	2.0	297.0	491.0	164.0	1.0		True	2	2	2	1.0	HIGH	GCA_032405125.2;GCF_032405125.1
Capricornis sumatraensis	frameshift_insertion|ex3|pos590|len1	frameshift_insertion	exon_3	3.0	590.0	1088.0	363.0	1.0		True	2	2	2	1.0	HIGH	GCA_032405125.2;GCF_032405125.1
Capricornis sumatraensis	frameshift_insertion|ex6|pos338|len2	frameshift_insertion	exon_6	6.0	338.0	2010.0	670.0	2.0		True	2	2	2	1.0	HIGH	GCA_032405125.2;GCF_032405125.1
Capricornis sumatraensis	frameshift_insertion|ex6|pos900|len1	frameshift_insertion	exon_6	6.0	900.0	2572.0	858.0	1.0		True	2	2	2	1.0	HIGH	GCA_032405125.2;GCF_032405125.1
Capricornis sumatraensis	inframe_deletion|ex3|pos658|len9	inframe_deletion	exon_3	3.0	658.0	1156.0	386.0	9.0		False	2	2	2	1.0	HIGH	GCA_032405125.2;GCF_032405125.1
Capricornis sumatraensis	inframe_deletion|ex6|pos89|len9	inframe_deletion	exon_6	6.0	89.0	1761.0	587.0	9.0		False	2	2	2	1.0	HIGH	GCA_032405125.2;GCF_032405125.1
Capricornis sumatraensis	inframe_deletion|ex6|pos939|len21	inframe_deletion	exon_6	6.0	939.0	2611.0	871.0	21.0		False	2	2	2	1.0	HIGH	GCA_032405125.2;GCF_032405125.1
Capricornis sumatraensis	potential_splice_acceptor_disruption|ex5|GA	potential_splice_acceptor_disruption	exon_5	5.0	1.0	1549.0	517.0		GA	True	2	2	2	1.0	HIGH	GCA_032405125.2;GCF_032405125.1
Capricornis sumatraensis	potential_splice_donor_disruption|ex1|CC	potential_splice_donor_disruption	exon_1	1.0	194.0	194.0	65.0		CC	True	2	2	2	1.0	HIGH	GCA_032405125.2;GCF_032405125.1
Capricornis sumatraensis	premature_stop|ex2|codon149	premature_stop	exon_2	2.0	251.0	445.0	149.0			True	2	2	2	1.0	HIGH	GCA_032405125.2;GCF_032405125.1
Capricornis sumatraensis	premature_stop|ex3|codon361	premature_stop	exon_3	3.0	583.0	1081.0	361.0			True	2	2	2	1.0	HIGH	GCA_032405125.2;GCF_032405125.1
Capricornis sumatraensis	premature_stop|ex3|codon430	premature_stop	exon_3	3.0	790.0	1288.0	430.0			True	2	2	2	1.0	HIGH	GCA_032405125.2;GCF_032405125.1
Capricornis sumatraensis	premature_stop|ex3|codon433	premature_stop	exon_3	3.0	799.0	1297.0	433.0			True	2	2	2	1.0	HIGH	GCA_032405125.2;GCF_032405125.1
Capricornis sumatraensis	premature_stop|ex5|codon526	premature_stop	exon_5	5.0	28.0	1576.0	526.0			True	2	2	2	1.0	HIGH	GCA_032405125.2;GCF_032405125.1
Capricornis sumatraensis	premature_stop|ex6|codon722	premature_stop	exon_6	6.0	492.0	2164.0	722.0			True	2	2	2	1.0	HIGH	GCA_032405125.2;GCF_032405125.1
Cephalophula zebra	candidate_large_frameshift_insertion|ex4|pos38|len716	candidate_large_frameshift_insertion	exon_4	4.0	38.0	1373.0	458.0	716.0		True	2	2	2	1.0	HIGH	GCA_054099735.1;GCA_054099755.1
Cephalophula zebra	candidate_large_inframe_insertion|ex3|pos407|len132	candidate_large_inframe_insertion	exon_3	3.0	407.0	905.0	302.0	132.0		False	2	2	2	1.0	HIGH	GCA_054099735.1;GCA_054099755.1
Cephalophula zebra	frameshift_deletion|ex1|pos120|len4	frameshift_deletion	exon_1	1.0	120.0	120.0	40.0	4.0		True	2	2	2	1.0	HIGH	GCA_054099735.1;GCA_054099755.1
Cephalophula zebra	frameshift_deletion|ex1|pos162|len1	frameshift_deletion	exon_1	1.0	162.0	162.0	54.0	1.0		True	2	2	2	1.0	HIGH	GCA_054099735.1;GCA_054099755.1
Cephalophula zebra	frameshift_deletion|ex1|pos45|len1	frameshift_deletion	exon_1	1.0	45.0	45.0	15.0	1.0		True	2	2	2	1.0	HIGH	GCA_054099735.1;GCA_054099755.1
Cephalophula zebra	frameshift_deletion|ex3|pos166|len7	frameshift_deletion	exon_3	3.0	166.0	664.0	222.0	7.0		True	1	1	2	0.5	MEDIUM	GCA_054099735.1
Cephalophula zebra	frameshift_deletion|ex3|pos167|len7	frameshift_deletion	exon_3	3.0	167.0	665.0	222.0	7.0		True	1	1	2	0.5	MEDIUM	GCA_054099755.1
Cephalophula zebra	frameshift_deletion|ex3|pos606|len1	frameshift_deletion	exon_3	3.0	606.0	1104.0	368.0	1.0		True	2	2	2	1.0	HIGH	GCA_054099735.1;GCA_054099755.1
Cephalophula zebra	frameshift_deletion|ex4|pos131|len1	frameshift_deletion	exon_4	4.0	131.0	1466.0	489.0	1.0		True	2	2	2	1.0	HIGH	GCA_054099735.1;GCA_054099755.1
Cephalophula zebra	frameshift_deletion|ex6|pos230|len1	frameshift_deletion	exon_6	6.0	230.0	1902.0	634.0	1.0		True	2	2	2	1.0	HIGH	GCA_054099735.1;GCA_054099755.1
Cephalophula zebra	frameshift_deletion|ex6|pos737|len5	frameshift_deletion	exon_6	6.0	737.0	2409.0	803.0	5.0		True	2	2	2	1.0	HIGH	GCA_054099735.1;GCA_054099755.1
Cephalophula zebra	frameshift_induced_stop|ex1|codon37	frameshift_induced_stop	exon_1	1.0	111.0	111.0	37.0			True	2	2	2	1.0	HIGH	GCA_054099735.1;GCA_054099755.1
Cephalophula zebra	frameshift_induced_stop|ex1|codon46	frameshift_induced_stop	exon_1	1.0	136.0	136.0	46.0			True	2	2	2	1.0	HIGH	GCA_054099735.1;GCA_054099755.1
Cephalophula zebra	frameshift_induced_stop|ex3|codon239	frameshift_induced_stop	exon_3	3.0	219.0	717.0	239.0			True	2	2	2	1.0	HIGH	GCA_054099735.1;GCA_054099755.1
Cephalophula zebra	frameshift_induced_stop|ex3|codon371	frameshift_induced_stop	exon_3	3.0	613.0	1111.0	371.0			True	1	1	2	0.5	MEDIUM	GCA_054099755.1
Cephalophula zebra	frameshift_induced_stop|ex3|codon372	frameshift_induced_stop	exon_3	3.0	618.0	1116.0	372.0			True	1	1	2	0.5	MEDIUM	GCA_054099735.1
Cephalophula zebra	frameshift_induced_stop|ex3|codon390	frameshift_induced_stop	exon_3	3.0	670.0	1168.0	390.0			True	1	1	2	0.5	MEDIUM	GCA_054099735.1
Cephalophula zebra	frameshift_induced_stop|ex4|codon496	frameshift_induced_stop	exon_4	4.0	153.0	1488.0	496.0			True	1	1	2	0.5	MEDIUM	GCA_054099755.1
Cephalophula zebra	frameshift_induced_stop|ex5|codon526	frameshift_induced_stop	exon_5	5.0	29.0	1577.0	526.0			True	1	1	2	0.5	MEDIUM	GCA_054099735.1
Cephalophula zebra	frameshift_induced_stop|ex6|codon635	frameshift_induced_stop	exon_6	6.0	233.0	1905.0	635.0			True	1	1	2	0.5	MEDIUM	GCA_054099735.1
Cephalophula zebra	frameshift_induced_stop|ex6|codon821	frameshift_induced_stop	exon_6	6.0	791.0	2463.0	821.0			True	1	1	2	0.5	MEDIUM	GCA_054099755.1
Cephalophula zebra	frameshift_insertion|ex3|pos292|len1	frameshift_insertion	exon_3	3.0	292.0	790.0	264.0	1.0		True	1	1	2	0.5	MEDIUM	GCA_054099735.1
Cephalophula zebra	frameshift_insertion|ex3|pos631|len2	frameshift_insertion	exon_3	3.0	631.0	1129.0	377.0	2.0		True	2	2	2	1.0	HIGH	GCA_054099735.1;GCA_054099755.1
Cephalophula zebra	frameshift_insertion|ex6|pos796|len4	frameshift_insertion	exon_6	6.0	796.0	2468.0	823.0	4.0		True	2	2	2	1.0	HIGH	GCA_054099735.1;GCA_054099755.1
Cephalophula zebra	inframe_deletion|ex3|pos658|len9	inframe_deletion	exon_3	3.0	658.0	1156.0	386.0	9.0		False	2	2	2	1.0	HIGH	GCA_054099735.1;GCA_054099755.1
Cephalophula zebra	inframe_deletion|ex6|pos89|len9	inframe_deletion	exon_6	6.0	89.0	1761.0	587.0	9.0		False	2	2	2	1.0	HIGH	GCA_054099735.1;GCA_054099755.1
Cephalophula zebra	inframe_deletion|ex6|pos939|len21	inframe_deletion	exon_6	6.0	939.0	2611.0	871.0	21.0		False	2	2	2	1.0	HIGH	GCA_054099735.1;GCA_054099755.1
Cephalophula zebra	potential_splice_acceptor_disruption|ex2|AA	potential_splice_acceptor_disruption	exon_2	2.0	1.0	195.0	65.0		AA	True	2	2	2	1.0	HIGH	GCA_054099735.1;GCA_054099755.1
Cephalophula zebra	potential_splice_acceptor_disruption|ex5|GA	potential_splice_acceptor_disruption	exon_5	5.0	1.0	1549.0	517.0		GA	True	2	2	2	1.0	HIGH	GCA_054099735.1;GCA_054099755.1
Cephalophula zebra	potential_splice_donor_disruption|ex4|TC	potential_splice_donor_disruption	exon_4	4.0	213.0	1548.0	516.0		TC	True	2	2	2	1.0	HIGH	GCA_054099735.1;GCA_054099755.1
Cephalophula zebra	premature_stop|ex3|codon361	premature_stop	exon_3	3.0	583.0	1081.0	361.0			True	2	2	2	1.0	HIGH	GCA_054099735.1;GCA_054099755.1
Cephalophula zebra	premature_stop|ex3|codon430	premature_stop	exon_3	3.0	790.0	1288.0	430.0			True	2	2	2	1.0	HIGH	GCA_054099735.1;GCA_054099755.1
Cephalophula zebra	premature_stop|ex3|codon433	premature_stop	exon_3	3.0	799.0	1297.0	433.0			True	2	2	2	1.0	HIGH	GCA_054099735.1;GCA_054099755.1
Cephalophula zebra	premature_stop|ex5|codon526	premature_stop	exon_5	5.0	28.0	1576.0	526.0			True	2	2	2	1.0	HIGH	GCA_054099735.1;GCA_054099755.1
Cephalophula zebra	premature_stop|ex6|codon722	premature_stop	exon_6	6.0	492.0	2164.0	722.0			True	2	2	2	1.0	HIGH	GCA_054099735.1;GCA_054099755.1
Cephalophus harveyi	candidate_large_inframe_insertion|ex3|pos407|len132	candidate_large_inframe_insertion	exon_3	3.0	407.0	905.0	302.0	132.0		False	1	1	1	1.0	MEDIUM	GCA_006410635.1
Cephalophus harveyi	frameshift_deletion|ex1|pos120|len4	frameshift_deletion	exon_1	1.0	120.0	120.0	40.0	4.0		True	1	1	1	1.0	MEDIUM	GCA_006410635.1
Cephalophus harveyi	frameshift_deletion|ex1|pos162|len1	frameshift_deletion	exon_1	1.0	162.0	162.0	54.0	1.0		True	1	1	1	1.0	MEDIUM	GCA_006410635.1
Cephalophus harveyi	frameshift_deletion|ex1|pos45|len1	frameshift_deletion	exon_1	1.0	45.0	45.0	15.0	1.0		True	1	1	1	1.0	MEDIUM	GCA_006410635.1
Cephalophus harveyi	frameshift_deletion|ex1|pos6|len1	frameshift_deletion	exon_1	1.0	6.0	6.0	2.0	1.0		True	1	1	1	1.0	MEDIUM	GCA_006410635.1
Cephalophus harveyi	frameshift_deletion|ex2|pos255|len1	frameshift_deletion	exon_2	2.0	255.0	449.0	150.0	1.0		True	1	1	1	1.0	MEDIUM	GCA_006410635.1
Cephalophus harveyi	frameshift_deletion|ex2|pos284|len2	frameshift_deletion	exon_2	2.0	284.0	478.0	160.0	2.0		True	1	1	1	1.0	MEDIUM	GCA_006410635.1
Cephalophus harveyi	frameshift_deletion|ex2|pos98|len1	frameshift_deletion	exon_2	2.0	98.0	292.0	98.0	1.0		True	1	1	1	1.0	MEDIUM	GCA_006410635.1
Cephalophus harveyi	frameshift_deletion|ex3|pos167|len7	frameshift_deletion	exon_3	3.0	167.0	665.0	222.0	7.0		True	1	1	1	1.0	MEDIUM	GCA_006410635.1
Cephalophus harveyi	frameshift_deletion|ex3|pos606|len1	frameshift_deletion	exon_3	3.0	606.0	1104.0	368.0	1.0		True	1	1	1	1.0	MEDIUM	GCA_006410635.1
Cephalophus harveyi	frameshift_deletion|ex4|pos131|len1	frameshift_deletion	exon_4	4.0	131.0	1466.0	489.0	1.0		True	1	1	1	1.0	MEDIUM	GCA_006410635.1
Cephalophus harveyi	frameshift_deletion|ex6|pos737|len5	frameshift_deletion	exon_6	6.0	737.0	2409.0	803.0	5.0		True	1	1	1	1.0	MEDIUM	GCA_006410635.1
Cephalophus harveyi	frameshift_induced_stop|ex1|codon25	frameshift_induced_stop	exon_1	1.0	73.0	73.0	25.0			True	1	1	1	1.0	MEDIUM	GCA_006410635.1
Cephalophus harveyi	frameshift_induced_stop|ex1|codon4	frameshift_induced_stop	exon_1	1.0	12.0	12.0	4.0			True	1	1	1	1.0	MEDIUM	GCA_006410635.1
Cephalophus harveyi	frameshift_induced_stop|ex2|codon101	frameshift_induced_stop	exon_2	2.0	107.0	301.0	101.0			True	1	1	1	1.0	MEDIUM	GCA_006410635.1
Cephalophus harveyi	frameshift_induced_stop|ex2|codon77	frameshift_induced_stop	exon_2	2.0	37.0	231.0	77.0			True	1	1	1	1.0	MEDIUM	GCA_006410635.1
Cephalophus harveyi	frameshift_induced_stop|ex3|codon170	frameshift_induced_stop	exon_3	3.0	10.0	508.0	170.0			True	1	1	1	1.0	MEDIUM	GCA_006410635.1
Cephalophus harveyi	frameshift_induced_stop|ex3|codon372	frameshift_induced_stop	exon_3	3.0	618.0	1116.0	372.0			True	1	1	1	1.0	MEDIUM	GCA_006410635.1
Cephalophus harveyi	frameshift_induced_stop|ex3|codon390	frameshift_induced_stop	exon_3	3.0	670.0	1168.0	390.0			True	1	1	1	1.0	MEDIUM	GCA_006410635.1
Cephalophus harveyi	frameshift_induced_stop|ex6|codon824	frameshift_induced_stop	exon_6	6.0	798.0	2470.0	824.0			True	1	1	1	1.0	MEDIUM	GCA_006410635.1
Cephalophus harveyi	frameshift_insertion|ex3|pos631|len2	frameshift_insertion	exon_3	3.0	631.0	1129.0	377.0	2.0		True	1	1	1	1.0	MEDIUM	GCA_006410635.1
Cephalophus harveyi	inframe_deletion|ex3|pos658|len9	inframe_deletion	exon_3	3.0	658.0	1156.0	386.0	9.0		False	1	1	1	1.0	MEDIUM	GCA_006410635.1
Cephalophus harveyi	inframe_deletion|ex6|pos89|len9	inframe_deletion	exon_6	6.0	89.0	1761.0	587.0	9.0		False	1	1	1	1.0	MEDIUM	GCA_006410635.1
Cephalophus harveyi	inframe_deletion|ex6|pos939|len21	inframe_deletion	exon_6	6.0	939.0	2611.0	871.0	21.0		False	1	1	1	1.0	MEDIUM	GCA_006410635.1
Cephalophus harveyi	potential_splice_acceptor_disruption|ex5|GA	potential_splice_acceptor_disruption	exon_5	5.0	1.0	1549.0	517.0		GA	True	1	1	1	1.0	MEDIUM	GCA_006410635.1
Cephalophus harveyi	potential_splice_donor_disruption|ex1|CC	potential_splice_donor_disruption	exon_1	1.0	194.0	194.0	65.0		CC	True	1	1	1	1.0	MEDIUM	GCA_006410635.1
Cephalophus harveyi	premature_stop|ex3|codon361	premature_stop	exon_3	3.0	583.0	1081.0	361.0			True	1	1	1	1.0	MEDIUM	GCA_006410635.1
Cephalophus harveyi	premature_stop|ex3|codon430	premature_stop	exon_3	3.0	790.0	1288.0	430.0			True	1	1	1	1.0	MEDIUM	GCA_006410635.1
Cephalophus harveyi	premature_stop|ex3|codon433	premature_stop	exon_3	3.0	799.0	1297.0	433.0			True	1	1	1	1.0	MEDIUM	GCA_006410635.1
Cephalophus harveyi	premature_stop|ex5|codon526	premature_stop	exon_5	5.0	28.0	1576.0	526.0			True	1	1	1	1.0	MEDIUM	GCA_006410635.1
Cephalophus harveyi	premature_stop|ex6|codon722	premature_stop	exon_6	6.0	492.0	2164.0	722.0			True	1	1	1	1.0	MEDIUM	GCA_006410635.1
Cervus albirostris	candidate_large_frameshift_insertion|ex3|pos195|len251	candidate_large_frameshift_insertion	exon_3	3.0	195.0	693.0	231.0	251.0		True	2	2	2	1.0	HIGH	GCA_006408465.1;GCA_046563475.2
Cervus albirostris	candidate_large_inframe_insertion|ex2|pos235|len813	candidate_large_inframe_insertion	exon_2	2.0	235.0	429.0	143.0	813.0		False	2	2	2	1.0	HIGH	GCA_006408465.1;GCA_046563475.2
Cervus albirostris	frameshift_deletion|ex2|pos152|len2	frameshift_deletion	exon_2	2.0	152.0	346.0	116.0	2.0		True	2	2	2	1.0	HIGH	GCA_006408465.1;GCA_046563475.2
Cervus albirostris	frameshift_deletion|ex2|pos265|len1	frameshift_deletion	exon_2	2.0	265.0	459.0	153.0	1.0		True	2	2	2	1.0	HIGH	GCA_006408465.1;GCA_046563475.2
Cervus albirostris	frameshift_deletion|ex2|pos33|len5	frameshift_deletion	exon_2	2.0	33.0	227.0	76.0	5.0		True	2	2	2	1.0	HIGH	GCA_006408465.1;GCA_046563475.2
Cervus albirostris	frameshift_deletion|ex3|pos166|len7	frameshift_deletion	exon_3	3.0	166.0	664.0	222.0	7.0		True	2	2	2	1.0	HIGH	GCA_006408465.1;GCA_046563475.2
Cervus albirostris	frameshift_deletion|ex6|pos738|len2	frameshift_deletion	exon_6	6.0	738.0	2410.0	804.0	2.0		True	2	2	2	1.0	HIGH	GCA_006408465.1;GCA_046563475.2
Cervus albirostris	frameshift_induced_stop|ex2|codon144	frameshift_induced_stop	exon_2	2.0	238.0	432.0	144.0			True	2	2	2	1.0	HIGH	GCA_006408465.1;GCA_046563475.2
Cervus albirostris	frameshift_induced_stop|ex2|codon82	frameshift_induced_stop	exon_2	2.0	50.0	244.0	82.0			True	2	2	2	1.0	HIGH	GCA_006408465.1;GCA_046563475.2
Cervus albirostris	frameshift_induced_stop|ex3|codon170	frameshift_induced_stop	exon_3	3.0	10.0	508.0	170.0			True	2	2	2	1.0	HIGH	GCA_006408465.1;GCA_046563475.2
Cervus albirostris	frameshift_induced_stop|ex3|codon374	frameshift_induced_stop	exon_3	3.0	623.0	1121.0	374.0			True	2	2	2	1.0	HIGH	GCA_006408465.1;GCA_046563475.2
Cervus albirostris	inframe_deletion|ex3|pos659|len6	inframe_deletion	exon_3	3.0	659.0	1157.0	386.0	6.0		False	2	2	2	1.0	HIGH	GCA_006408465.1;GCA_046563475.2
Cervus albirostris	inframe_deletion|ex3|pos667|len3	inframe_deletion	exon_3	3.0	667.0	1165.0	389.0	3.0		False	2	2	2	1.0	HIGH	GCA_006408465.1;GCA_046563475.2
Cervus albirostris	inframe_deletion|ex6|pos460|len24	inframe_deletion	exon_6	6.0	460.0	2132.0	711.0	24.0		False	2	2	2	1.0	HIGH	GCA_006408465.1;GCA_046563475.2
Cervus albirostris	inframe_deletion|ex6|pos744|len3	inframe_deletion	exon_6	6.0	744.0	2416.0	806.0	3.0		False	2	2	2	1.0	HIGH	GCA_006408465.1;GCA_046563475.2
Cervus albirostris	inframe_deletion|ex6|pos929|len21	inframe_deletion	exon_6	6.0	929.0	2601.0	867.0	21.0		False	1	1	2	0.5	MEDIUM	GCA_046563475.2
Cervus albirostris	inframe_deletion|ex6|pos935|len21	inframe_deletion	exon_6	6.0	935.0	2607.0	869.0	21.0		False	1	1	2	0.5	MEDIUM	GCA_006408465.1
Cervus albirostris	inframe_insertion|ex3|pos267|len15	inframe_insertion	exon_3	3.0	267.0	765.0	255.0	15.0		False	2	2	2	1.0	HIGH	GCA_006408465.1;GCA_046563475.2
Cervus albirostris	potential_splice_acceptor_disruption|ex5|GA	potential_splice_acceptor_disruption	exon_5	5.0	1.0	1549.0	517.0		GA	True	2	2	2	1.0	HIGH	GCA_006408465.1;GCA_046563475.2
Cervus albirostris	potential_splice_donor_disruption|ex1|CC	potential_splice_donor_disruption	exon_1	1.0	194.0	194.0	65.0		CC	True	2	2	2	1.0	HIGH	GCA_006408465.1;GCA_046563475.2
Cervus albirostris	potential_splice_donor_disruption|ex2|AG	potential_splice_donor_disruption	exon_2	2.0	304.0	498.0	166.0		AG	True	2	2	2	1.0	HIGH	GCA_006408465.1;GCA_046563475.2
Cervus albirostris	premature_stop|ex3|codon374	premature_stop	exon_3	3.0	622.0	1120.0	374.0			True	2	2	2	1.0	HIGH	GCA_006408465.1;GCA_046563475.2
Cervus albirostris	premature_stop|ex3|codon430	premature_stop	exon_3	3.0	790.0	1288.0	430.0			True	2	2	2	1.0	HIGH	GCA_006408465.1;GCA_046563475.2
Cervus albirostris	premature_stop|ex3|codon433	premature_stop	exon_3	3.0	799.0	1297.0	433.0			True	2	2	2	1.0	HIGH	GCA_006408465.1;GCA_046563475.2
Cervus albirostris	premature_stop|ex6|codon821	premature_stop	exon_6	6.0	789.0	2461.0	821.0			True	1	1	2	0.5	MEDIUM	GCA_046563475.2
Cervus albirostris	probable_exon_deletion|ex4|pos1|len213	probable_exon_deletion	exon_4	4.0	1.0	1336.0	446.0	213.0		True	2	2	0		MEDIUM	GCA_006408465.1;GCA_046563475.2
Cervus canadensis	candidate_large_frameshift_insertion|ex3|pos195|len251	candidate_large_frameshift_insertion	exon_3	3.0	195.0	693.0	231.0	251.0		True	2	2	2	1.0	HIGH	GCA_019320065.1;GCF_019320065.1
Cervus canadensis	candidate_large_inframe_insertion|ex2|pos235|len813	candidate_large_inframe_insertion	exon_2	2.0	235.0	429.0	143.0	813.0		False	2	2	2	1.0	HIGH	GCA_019320065.1;GCF_019320065.1
Cervus canadensis	frameshift_deletion|ex1|pos137|len1	frameshift_deletion	exon_1	1.0	137.0	137.0	46.0	1.0		True	2	2	2	1.0	HIGH	GCA_019320065.1;GCF_019320065.1
Cervus canadensis	frameshift_deletion|ex2|pos152|len2	frameshift_deletion	exon_2	2.0	152.0	346.0	116.0	2.0		True	2	2	2	1.0	HIGH	GCA_019320065.1;GCF_019320065.1
Cervus canadensis	frameshift_deletion|ex2|pos265|len1	frameshift_deletion	exon_2	2.0	265.0	459.0	153.0	1.0		True	2	2	2	1.0	HIGH	GCA_019320065.1;GCF_019320065.1
Cervus canadensis	frameshift_deletion|ex2|pos33|len5	frameshift_deletion	exon_2	2.0	33.0	227.0	76.0	5.0		True	2	2	2	1.0	HIGH	GCA_019320065.1;GCF_019320065.1
Cervus canadensis	frameshift_deletion|ex3|pos166|len7	frameshift_deletion	exon_3	3.0	166.0	664.0	222.0	7.0		True	2	2	2	1.0	HIGH	GCA_019320065.1;GCF_019320065.1
Cervus canadensis	frameshift_deletion|ex6|pos738|len2	frameshift_deletion	exon_6	6.0	738.0	2410.0	804.0	2.0		True	2	2	2	1.0	HIGH	GCA_019320065.1;GCF_019320065.1
Cervus canadensis	frameshift_induced_stop|ex2|codon119	frameshift_induced_stop	exon_2	2.0	161.0	355.0	119.0			True	2	2	2	1.0	HIGH	GCA_019320065.1;GCF_019320065.1
Cervus canadensis	frameshift_induced_stop|ex3|codon239	frameshift_induced_stop	exon_3	3.0	219.0	717.0	239.0			True	2	2	2	1.0	HIGH	GCA_019320065.1;GCF_019320065.1
Cervus canadensis	inframe_deletion|ex3|pos659|len6	inframe_deletion	exon_3	3.0	659.0	1157.0	386.0	6.0		False	2	2	2	1.0	HIGH	GCA_019320065.1;GCF_019320065.1
Cervus canadensis	inframe_deletion|ex3|pos667|len3	inframe_deletion	exon_3	3.0	667.0	1165.0	389.0	3.0		False	2	2	2	1.0	HIGH	GCA_019320065.1;GCF_019320065.1
Cervus canadensis	inframe_deletion|ex6|pos459|len24	inframe_deletion	exon_6	6.0	459.0	2131.0	711.0	24.0		False	2	2	2	1.0	HIGH	GCA_019320065.1;GCF_019320065.1
Cervus canadensis	inframe_deletion|ex6|pos744|len3	inframe_deletion	exon_6	6.0	744.0	2416.0	806.0	3.0		False	2	2	2	1.0	HIGH	GCA_019320065.1;GCF_019320065.1
Cervus canadensis	inframe_deletion|ex6|pos935|len21	inframe_deletion	exon_6	6.0	935.0	2607.0	869.0	21.0		False	2	2	2	1.0	HIGH	GCA_019320065.1;GCF_019320065.1
Cervus canadensis	inframe_insertion|ex3|pos267|len15	inframe_insertion	exon_3	3.0	267.0	765.0	255.0	15.0		False	2	2	2	1.0	HIGH	GCA_019320065.1;GCF_019320065.1
Cervus canadensis	potential_splice_acceptor_disruption|ex5|GA	potential_splice_acceptor_disruption	exon_5	5.0	1.0	1549.0	517.0		GA	True	2	2	2	1.0	HIGH	GCA_019320065.1;GCF_019320065.1
Cervus canadensis	potential_splice_donor_disruption|ex1|CC	potential_splice_donor_disruption	exon_1	1.0	194.0	194.0	65.0		CC	True	2	2	2	1.0	HIGH	GCA_019320065.1;GCF_019320065.1
Cervus canadensis	potential_splice_donor_disruption|ex2|AG	potential_splice_donor_disruption	exon_2	2.0	304.0	498.0	166.0		AG	True	2	2	2	1.0	HIGH	GCA_019320065.1;GCF_019320065.1
Cervus canadensis	premature_stop|ex3|codon374	premature_stop	exon_3	3.0	622.0	1120.0	374.0			True	2	2	2	1.0	HIGH	GCA_019320065.1;GCF_019320065.1
Cervus canadensis	premature_stop|ex3|codon430	premature_stop	exon_3	3.0	790.0	1288.0	430.0			True	2	2	2	1.0	HIGH	GCA_019320065.1;GCF_019320065.1
Cervus canadensis	premature_stop|ex3|codon433	premature_stop	exon_3	3.0	799.0	1297.0	433.0			True	2	2	2	1.0	HIGH	GCA_019320065.1;GCF_019320065.1
Cervus canadensis	probable_exon_deletion|ex4|pos1|len213	probable_exon_deletion	exon_4	4.0	1.0	1336.0	446.0	213.0		True	2	2	0		MEDIUM	GCA_019320065.1;GCF_019320065.1
Cervus elaphus	candidate_large_frameshift_insertion|ex3|pos195|len179	candidate_large_frameshift_insertion	exon_3	3.0	195.0	693.0	231.0	179.0		True	1	1	5	0.2	LOW	GCA_002197005.1
Cervus elaphus	candidate_large_frameshift_insertion|ex3|pos195|len251	candidate_large_frameshift_insertion	exon_3	3.0	195.0	693.0	231.0	251.0		True	4	4	5	0.8	HIGH	GCA_910593805.2;GCA_910594005.1;GCA_910594005.2;GCF_910594005.1
Cervus elaphus	candidate_large_inframe_insertion|ex2|pos235|len2742	candidate_large_inframe_insertion	exon_2	2.0	235.0	429.0	143.0	2742.0		False	1	1	5	0.2	LOW	GCA_002197005.1
Cervus elaphus	candidate_large_inframe_insertion|ex2|pos235|len813	candidate_large_inframe_insertion	exon_2	2.0	235.0	429.0	143.0	813.0		False	4	4	5	0.8	HIGH	GCA_910593805.2;GCA_910594005.1;GCA_910594005.2;GCF_910594005.1
Cervus elaphus	exon_unresolved|ex4	exon_unresolved	exon_4	4.0	1.0	1336.0	446.0	213.0		False	1	0	0		LOW	
Cervus elaphus	frameshift_deletion|ex2|pos152|len2	frameshift_deletion	exon_2	2.0	152.0	346.0	116.0	2.0		True	5	5	5	1.0	HIGH	GCA_002197005.1;GCA_910593805.2;GCA_910594005.1;GCA_910594005.2;GCF_910594005.1
Cervus elaphus	frameshift_deletion|ex2|pos264|len1	frameshift_deletion	exon_2	2.0	264.0	458.0	153.0	1.0		True	3	3	5	0.6	HIGH	GCA_910594005.1;GCA_910594005.2;GCF_910594005.1
Cervus elaphus	frameshift_deletion|ex2|pos265|len1	frameshift_deletion	exon_2	2.0	265.0	459.0	153.0	1.0		True	2	2	5	0.4	LOW	GCA_002197005.1;GCA_910593805.2
Cervus elaphus	frameshift_deletion|ex2|pos33|len5	frameshift_deletion	exon_2	2.0	33.0	227.0	76.0	5.0		True	5	5	5	1.0	HIGH	GCA_002197005.1;GCA_910593805.2;GCA_910594005.1;GCA_910594005.2;GCF_910594005.1
Cervus elaphus	frameshift_deletion|ex3|pos166|len7	frameshift_deletion	exon_3	3.0	166.0	664.0	222.0	7.0		True	5	5	5	1.0	HIGH	GCA_002197005.1;GCA_910593805.2;GCA_910594005.1;GCA_910594005.2;GCF_910594005.1
Cervus elaphus	frameshift_deletion|ex6|pos738|len2	frameshift_deletion	exon_6	6.0	738.0	2410.0	804.0	2.0		True	5	5	5	1.0	HIGH	GCA_002197005.1;GCA_910593805.2;GCA_910594005.1;GCA_910594005.2;GCF_910594005.1
Cervus elaphus	frameshift_induced_stop|ex2|codon144	frameshift_induced_stop	exon_2	2.0	238.0	432.0	144.0			True	5	5	5	1.0	HIGH	GCA_002197005.1;GCA_910593805.2;GCA_910594005.1;GCA_910594005.2;GCF_910594005.1
Cervus elaphus	frameshift_induced_stop|ex2|codon82	frameshift_induced_stop	exon_2	2.0	50.0	244.0	82.0			True	5	5	5	1.0	HIGH	GCA_002197005.1;GCA_910593805.2;GCA_910594005.1;GCA_910594005.2;GCF_910594005.1
Cervus elaphus	frameshift_induced_stop|ex3|codon170	frameshift_induced_stop	exon_3	3.0	10.0	508.0	170.0			True	5	5	5	1.0	HIGH	GCA_002197005.1;GCA_910593805.2;GCA_910594005.1;GCA_910594005.2;GCF_910594005.1
Cervus elaphus	frameshift_induced_stop|ex3|codon374	frameshift_induced_stop	exon_3	3.0	623.0	1121.0	374.0			True	4	4	5	0.8	HIGH	GCA_910593805.2;GCA_910594005.1;GCA_910594005.2;GCF_910594005.1
Cervus elaphus	frameshift_induced_stop|ex3|codon430	frameshift_induced_stop	exon_3	3.0	791.0	1289.0	430.0			True	1	1	5	0.2	LOW	GCA_002197005.1
Cervus elaphus	inframe_deletion|ex3|pos659|len6	inframe_deletion	exon_3	3.0	659.0	1157.0	386.0	6.0		False	4	4	5	0.8	HIGH	GCA_910593805.2;GCA_910594005.1;GCA_910594005.2;GCF_910594005.1
Cervus elaphus	inframe_deletion|ex3|pos667|len3	inframe_deletion	exon_3	3.0	667.0	1165.0	389.0	3.0		False	4	4	5	0.8	HIGH	GCA_910593805.2;GCA_910594005.1;GCA_910594005.2;GCF_910594005.1
Cervus elaphus	inframe_deletion|ex6|pos459|len24	inframe_deletion	exon_6	6.0	459.0	2131.0	711.0	24.0		False	5	5	5	1.0	HIGH	GCA_002197005.1;GCA_910593805.2;GCA_910594005.1;GCA_910594005.2;GCF_910594005.1
Cervus elaphus	inframe_deletion|ex6|pos744|len3	inframe_deletion	exon_6	6.0	744.0	2416.0	806.0	3.0		False	5	5	5	1.0	HIGH	GCA_002197005.1;GCA_910593805.2;GCA_910594005.1;GCA_910594005.2;GCF_910594005.1
Cervus elaphus	inframe_deletion|ex6|pos935|len21	inframe_deletion	exon_6	6.0	935.0	2607.0	869.0	21.0		False	5	5	5	1.0	HIGH	GCA_002197005.1;GCA_910593805.2;GCA_910594005.1;GCA_910594005.2;GCF_910594005.1
Cervus elaphus	inframe_insertion|ex3|pos267|len15	inframe_insertion	exon_3	3.0	267.0	765.0	255.0	15.0		False	4	4	5	0.8	HIGH	GCA_910593805.2;GCA_910594005.1;GCA_910594005.2;GCF_910594005.1
Cervus elaphus	potential_splice_acceptor_disruption|ex5|GA	potential_splice_acceptor_disruption	exon_5	5.0	1.0	1549.0	517.0		GA	True	5	5	5	1.0	HIGH	GCA_002197005.1;GCA_910593805.2;GCA_910594005.1;GCA_910594005.2;GCF_910594005.1
Cervus elaphus	potential_splice_donor_disruption|ex1|CC	potential_splice_donor_disruption	exon_1	1.0	194.0	194.0	65.0		CC	True	5	5	5	1.0	HIGH	GCA_002197005.1;GCA_910593805.2;GCA_910594005.1;GCA_910594005.2;GCF_910594005.1
Cervus elaphus	potential_splice_donor_disruption|ex2|AG	potential_splice_donor_disruption	exon_2	2.0	304.0	498.0	166.0		AG	True	5	5	5	1.0	HIGH	GCA_002197005.1;GCA_910593805.2;GCA_910594005.1;GCA_910594005.2;GCF_910594005.1
Cervus elaphus	premature_stop|ex3|codon374	premature_stop	exon_3	3.0	622.0	1120.0	374.0			True	4	4	5	0.8	HIGH	GCA_910593805.2;GCA_910594005.1;GCA_910594005.2;GCF_910594005.1
Cervus elaphus	premature_stop|ex3|codon430	premature_stop	exon_3	3.0	790.0	1288.0	430.0			True	5	5	5	1.0	HIGH	GCA_002197005.1;GCA_910593805.2;GCA_910594005.1;GCA_910594005.2;GCF_910594005.1
Cervus elaphus	premature_stop|ex3|codon433	premature_stop	exon_3	3.0	799.0	1297.0	433.0			True	5	5	5	1.0	HIGH	GCA_002197005.1;GCA_910593805.2;GCA_910594005.1;GCA_910594005.2;GCF_910594005.1
Cervus elaphus	probable_exon_deletion|ex4|pos1|len213	probable_exon_deletion	exon_4	4.0	1.0	1336.0	446.0	213.0		True	4	4	0		MEDIUM	GCA_910593805.2;GCA_910594005.1;GCA_910594005.2;GCF_910594005.1
Cervus hanglu	candidate_large_frameshift_insertion|ex3|pos195|len251	candidate_large_frameshift_insertion	exon_3	3.0	195.0	693.0	231.0	251.0		True	1	1	1	1.0	MEDIUM	GCA_010411085.1
Cervus hanglu	candidate_large_inframe_insertion|ex2|pos235|len813	candidate_large_inframe_insertion	exon_2	2.0	235.0	429.0	143.0	813.0		False	1	1	1	1.0	MEDIUM	GCA_010411085.1
Cervus hanglu	frameshift_deletion|ex2|pos152|len2	frameshift_deletion	exon_2	2.0	152.0	346.0	116.0	2.0		True	1	1	1	1.0	MEDIUM	GCA_010411085.1
Cervus hanglu	frameshift_deletion|ex2|pos265|len1	frameshift_deletion	exon_2	2.0	265.0	459.0	153.0	1.0		True	1	1	1	1.0	MEDIUM	GCA_010411085.1
Cervus hanglu	frameshift_deletion|ex2|pos33|len5	frameshift_deletion	exon_2	2.0	33.0	227.0	76.0	5.0		True	1	1	1	1.0	MEDIUM	GCA_010411085.1
Cervus hanglu	frameshift_deletion|ex3|pos166|len7	frameshift_deletion	exon_3	3.0	166.0	664.0	222.0	7.0		True	1	1	1	1.0	MEDIUM	GCA_010411085.1
Cervus hanglu	frameshift_deletion|ex6|pos738|len2	frameshift_deletion	exon_6	6.0	738.0	2410.0	804.0	2.0		True	1	1	1	1.0	MEDIUM	GCA_010411085.1
Cervus hanglu	frameshift_induced_stop|ex2|codon144	frameshift_induced_stop	exon_2	2.0	238.0	432.0	144.0			True	1	1	1	1.0	MEDIUM	GCA_010411085.1
Cervus hanglu	frameshift_induced_stop|ex2|codon82	frameshift_induced_stop	exon_2	2.0	50.0	244.0	82.0			True	1	1	1	1.0	MEDIUM	GCA_010411085.1
Cervus hanglu	frameshift_induced_stop|ex3|codon170	frameshift_induced_stop	exon_3	3.0	10.0	508.0	170.0			True	1	1	1	1.0	MEDIUM	GCA_010411085.1
Cervus hanglu	frameshift_induced_stop|ex3|codon374	frameshift_induced_stop	exon_3	3.0	623.0	1121.0	374.0			True	1	1	1	1.0	MEDIUM	GCA_010411085.1
Cervus hanglu	inframe_deletion|ex3|pos659|len6	inframe_deletion	exon_3	3.0	659.0	1157.0	386.0	6.0		False	1	1	1	1.0	MEDIUM	GCA_010411085.1
Cervus hanglu	inframe_deletion|ex3|pos667|len3	inframe_deletion	exon_3	3.0	667.0	1165.0	389.0	3.0		False	1	1	1	1.0	MEDIUM	GCA_010411085.1
Cervus hanglu	inframe_deletion|ex6|pos459|len24	inframe_deletion	exon_6	6.0	459.0	2131.0	711.0	24.0		False	1	1	1	1.0	MEDIUM	GCA_010411085.1
Cervus hanglu	inframe_deletion|ex6|pos744|len3	inframe_deletion	exon_6	6.0	744.0	2416.0	806.0	3.0		False	1	1	1	1.0	MEDIUM	GCA_010411085.1
Cervus hanglu	inframe_deletion|ex6|pos935|len21	inframe_deletion	exon_6	6.0	935.0	2607.0	869.0	21.0		False	1	1	1	1.0	MEDIUM	GCA_010411085.1
Cervus hanglu	inframe_insertion|ex3|pos267|len15	inframe_insertion	exon_3	3.0	267.0	765.0	255.0	15.0		False	1	1	1	1.0	MEDIUM	GCA_010411085.1
Cervus hanglu	potential_splice_acceptor_disruption|ex5|GA	potential_splice_acceptor_disruption	exon_5	5.0	1.0	1549.0	517.0		GA	True	1	1	1	1.0	MEDIUM	GCA_010411085.1
Cervus hanglu	potential_splice_donor_disruption|ex1|CC	potential_splice_donor_disruption	exon_1	1.0	194.0	194.0	65.0		CC	True	1	1	1	1.0	MEDIUM	GCA_010411085.1
Cervus hanglu	potential_splice_donor_disruption|ex2|AG	potential_splice_donor_disruption	exon_2	2.0	304.0	498.0	166.0		AG	True	1	1	1	1.0	MEDIUM	GCA_010411085.1
Cervus hanglu	premature_stop|ex1|codon19	premature_stop	exon_1	1.0	55.0	55.0	19.0			True	1	1	1	1.0	MEDIUM	GCA_010411085.1
Cervus hanglu	premature_stop|ex3|codon374	premature_stop	exon_3	3.0	622.0	1120.0	374.0			True	1	1	1	1.0	MEDIUM	GCA_010411085.1
Cervus hanglu	premature_stop|ex3|codon430	premature_stop	exon_3	3.0	790.0	1288.0	430.0			True	1	1	1	1.0	MEDIUM	GCA_010411085.1
Cervus hanglu	premature_stop|ex3|codon433	premature_stop	exon_3	3.0	799.0	1297.0	433.0			True	1	1	1	1.0	MEDIUM	GCA_010411085.1
Cervus hanglu	probable_exon_deletion|ex4|pos1|len213	probable_exon_deletion	exon_4	4.0	1.0	1336.0	446.0	213.0		True	1	1	0		MEDIUM	GCA_010411085.1
Cervus nippon	candidate_large_frameshift_insertion|ex2|pos237|len805	candidate_large_frameshift_insertion	exon_2	2.0	237.0	431.0	144.0	805.0		True	1	1	5	0.2	LOW	GCA_054829135.1
Cervus nippon	candidate_large_frameshift_insertion|ex3|pos195|len251	candidate_large_frameshift_insertion	exon_3	3.0	195.0	693.0	231.0	251.0		True	5	5	5	1.0	HIGH	GCA_034195675.1;GCA_038088365.1;GCA_040085125.1;GCA_052324755.1;GCA_054829135.1
Cervus nippon	candidate_large_inframe_insertion|ex2|pos235|len807	candidate_large_inframe_insertion	exon_2	2.0	235.0	429.0	143.0	807.0		False	3	3	5	0.6	HIGH	GCA_038088365.1;GCA_040085125.1;GCA_052324755.1
Cervus nippon	candidate_large_inframe_insertion|ex2|pos235|len813	candidate_large_inframe_insertion	exon_2	2.0	235.0	429.0	143.0	813.0		False	1	1	5	0.2	LOW	GCA_034195675.1
Cervus nippon	frameshift_deletion|ex2|pos152|len2	frameshift_deletion	exon_2	2.0	152.0	346.0	116.0	2.0		True	5	5	5	1.0	HIGH	GCA_034195675.1;GCA_038088365.1;GCA_040085125.1;GCA_052324755.1;GCA_054829135.1
Cervus nippon	frameshift_deletion|ex2|pos265|len1	frameshift_deletion	exon_2	2.0	265.0	459.0	153.0	1.0		True	5	5	5	1.0	HIGH	GCA_034195675.1;GCA_038088365.1;GCA_040085125.1;GCA_052324755.1;GCA_054829135.1
Cervus nippon	frameshift_deletion|ex2|pos33|len5	frameshift_deletion	exon_2	2.0	33.0	227.0	76.0	5.0		True	5	5	5	1.0	HIGH	GCA_034195675.1;GCA_038088365.1;GCA_040085125.1;GCA_052324755.1;GCA_054829135.1
Cervus nippon	frameshift_deletion|ex3|pos166|len7	frameshift_deletion	exon_3	3.0	166.0	664.0	222.0	7.0		True	5	5	5	1.0	HIGH	GCA_034195675.1;GCA_038088365.1;GCA_040085125.1;GCA_052324755.1;GCA_054829135.1
Cervus nippon	frameshift_deletion|ex3|pos811|len1	frameshift_deletion	exon_3	3.0	811.0	1309.0	437.0	1.0		True	4	4	5	0.8	HIGH	GCA_034195675.1;GCA_040085125.1;GCA_052324755.1;GCA_054829135.1
Cervus nippon	frameshift_deletion|ex6|pos738|len2	frameshift_deletion	exon_6	6.0	738.0	2410.0	804.0	2.0		True	5	5	5	1.0	HIGH	GCA_034195675.1;GCA_038088365.1;GCA_040085125.1;GCA_052324755.1;GCA_054829135.1
Cervus nippon	frameshift_induced_stop|ex2|codon144	frameshift_induced_stop	exon_2	2.0	238.0	432.0	144.0			True	4	4	5	0.8	HIGH	GCA_034195675.1;GCA_038088365.1;GCA_040085125.1;GCA_052324755.1
Cervus nippon	frameshift_induced_stop|ex2|codon82	frameshift_induced_stop	exon_2	2.0	50.0	244.0	82.0			True	5	5	5	1.0	HIGH	GCA_034195675.1;GCA_038088365.1;GCA_040085125.1;GCA_052324755.1;GCA_054829135.1
Cervus nippon	frameshift_induced_stop|ex3|codon170	frameshift_induced_stop	exon_3	3.0	10.0	508.0	170.0			True	5	5	5	1.0	HIGH	GCA_034195675.1;GCA_038088365.1;GCA_040085125.1;GCA_052324755.1;GCA_054829135.1
Cervus nippon	frameshift_induced_stop|ex3|codon280	frameshift_induced_stop	exon_3	3.0	341.0	839.0	280.0			True	4	4	5	0.8	HIGH	GCA_034195675.1;GCA_038088365.1;GCA_040085125.1;GCA_052324755.1
Cervus nippon	frameshift_induced_stop|ex3|codon298	frameshift_induced_stop	exon_3	3.0	394.0	892.0	298.0			True	1	1	5	0.2	LOW	GCA_054829135.1
Cervus nippon	frameshift_induced_stop|ex6|codon821	frameshift_induced_stop	exon_6	6.0	791.0	2463.0	821.0			True	1	1	5	0.2	LOW	GCA_038088365.1
Cervus nippon	frameshift_induced_stop|ex6|codon824	frameshift_induced_stop	exon_6	6.0	798.0	2470.0	824.0			True	1	1	5	0.2	LOW	GCA_054829135.1
Cervus nippon	frameshift_insertion|ex3|pos393|len13	frameshift_insertion	exon_3	3.0	393.0	891.0	297.0	13.0		True	5	5	5	1.0	HIGH	GCA_034195675.1;GCA_038088365.1;GCA_040085125.1;GCA_052324755.1;GCA_054829135.1
Cervus nippon	inframe_deletion|ex3|pos659|len6	inframe_deletion	exon_3	3.0	659.0	1157.0	386.0	6.0		False	5	5	5	1.0	HIGH	GCA_034195675.1;GCA_038088365.1;GCA_040085125.1;GCA_052324755.1;GCA_054829135.1
Cervus nippon	inframe_deletion|ex3|pos667|len3	inframe_deletion	exon_3	3.0	667.0	1165.0	389.0	3.0		False	5	5	5	1.0	HIGH	GCA_034195675.1;GCA_038088365.1;GCA_040085125.1;GCA_052324755.1;GCA_054829135.1
Cervus nippon	inframe_deletion|ex6|pos459|len24	inframe_deletion	exon_6	6.0	459.0	2131.0	711.0	24.0		False	4	4	5	0.8	HIGH	GCA_038088365.1;GCA_040085125.1;GCA_052324755.1;GCA_054829135.1
Cervus nippon	inframe_deletion|ex6|pos460|len24	inframe_deletion	exon_6	6.0	460.0	2132.0	711.0	24.0		False	1	1	5	0.2	LOW	GCA_034195675.1
Cervus nippon	inframe_deletion|ex6|pos744|len3	inframe_deletion	exon_6	6.0	744.0	2416.0	806.0	3.0		False	5	5	5	1.0	HIGH	GCA_034195675.1;GCA_038088365.1;GCA_040085125.1;GCA_052324755.1;GCA_054829135.1
Cervus nippon	inframe_deletion|ex6|pos935|len21	inframe_deletion	exon_6	6.0	935.0	2607.0	869.0	21.0		False	5	5	5	1.0	HIGH	GCA_034195675.1;GCA_038088365.1;GCA_040085125.1;GCA_052324755.1;GCA_054829135.1
Cervus nippon	inframe_insertion|ex3|pos267|len15	inframe_insertion	exon_3	3.0	267.0	765.0	255.0	15.0		False	5	5	5	1.0	HIGH	GCA_034195675.1;GCA_038088365.1;GCA_040085125.1;GCA_052324755.1;GCA_054829135.1
Cervus nippon	inframe_insertion|ex3|pos388|len12	inframe_insertion	exon_3	3.0	388.0	886.0	296.0	12.0		False	5	5	5	1.0	HIGH	GCA_034195675.1;GCA_038088365.1;GCA_040085125.1;GCA_052324755.1;GCA_054829135.1
Cervus nippon	potential_splice_acceptor_disruption|ex5|GA	potential_splice_acceptor_disruption	exon_5	5.0	1.0	1549.0	517.0		GA	True	5	5	5	1.0	HIGH	GCA_034195675.1;GCA_038088365.1;GCA_040085125.1;GCA_052324755.1;GCA_054829135.1
Cervus nippon	potential_splice_donor_disruption|ex1|CC	potential_splice_donor_disruption	exon_1	1.0	194.0	194.0	65.0		CC	True	5	5	5	1.0	HIGH	GCA_034195675.1;GCA_038088365.1;GCA_040085125.1;GCA_052324755.1;GCA_054829135.1
Cervus nippon	potential_splice_donor_disruption|ex2|AG	potential_splice_donor_disruption	exon_2	2.0	304.0	498.0	166.0		AG	True	1	1	5	0.2	LOW	GCA_034195675.1
Cervus nippon	premature_stop|ex3|codon187	premature_stop	exon_3	3.0	61.0	559.0	187.0			True	3	3	5	0.6	HIGH	GCA_038088365.1;GCA_040085125.1;GCA_052324755.1
Cervus nippon	premature_stop|ex3|codon280	premature_stop	exon_3	3.0	340.0	838.0	280.0			True	5	5	5	1.0	HIGH	GCA_034195675.1;GCA_038088365.1;GCA_040085125.1;GCA_052324755.1;GCA_054829135.1
Cervus nippon	premature_stop|ex3|codon374	premature_stop	exon_3	3.0	622.0	1120.0	374.0			True	5	5	5	1.0	HIGH	GCA_034195675.1;GCA_038088365.1;GCA_040085125.1;GCA_052324755.1;GCA_054829135.1
Cervus nippon	premature_stop|ex3|codon430	premature_stop	exon_3	3.0	790.0	1288.0	430.0			True	5	5	5	1.0	HIGH	GCA_034195675.1;GCA_038088365.1;GCA_040085125.1;GCA_052324755.1;GCA_054829135.1
Cervus nippon	premature_stop|ex3|codon433	premature_stop	exon_3	3.0	799.0	1297.0	433.0			True	5	5	5	1.0	HIGH	GCA_034195675.1;GCA_038088365.1;GCA_040085125.1;GCA_052324755.1;GCA_054829135.1
Cervus nippon	probable_exon_deletion|ex4|pos1|len213	probable_exon_deletion	exon_4	4.0	1.0	1336.0	446.0	213.0		True	5	5	0		MEDIUM	GCA_034195675.1;GCA_038088365.1;GCA_040085125.1;GCA_052324755.1;GCA_054829135.1
Connochaetes taurinus	candidate_large_frameshift_insertion|ex4|pos38|len715	candidate_large_frameshift_insertion	exon_4	4.0	38.0	1373.0	458.0	715.0		True	1	1	1	1.0	MEDIUM	GCA_006408615.1
Connochaetes taurinus	candidate_large_inframe_insertion|ex3|pos402|len135	candidate_large_inframe_insertion	exon_3	3.0	402.0	900.0	300.0	135.0		False	1	1	1	1.0	MEDIUM	GCA_006408615.1
Connochaetes taurinus	frameshift_deletion|ex1|pos119|len4	frameshift_deletion	exon_1	1.0	119.0	119.0	40.0	4.0		True	1	1	1	1.0	MEDIUM	GCA_006408615.1
Connochaetes taurinus	frameshift_deletion|ex1|pos162|len1	frameshift_deletion	exon_1	1.0	162.0	162.0	54.0	1.0		True	1	1	1	1.0	MEDIUM	GCA_006408615.1
Connochaetes taurinus	frameshift_deletion|ex3|pos167|len7	frameshift_deletion	exon_3	3.0	167.0	665.0	222.0	7.0		True	1	1	1	1.0	MEDIUM	GCA_006408615.1
Connochaetes taurinus	frameshift_deletion|ex3|pos606|len1	frameshift_deletion	exon_3	3.0	606.0	1104.0	368.0	1.0		True	1	1	1	1.0	MEDIUM	GCA_006408615.1
Connochaetes taurinus	frameshift_deletion|ex4|pos131|len1	frameshift_deletion	exon_4	4.0	131.0	1466.0	489.0	1.0		True	1	1	1	1.0	MEDIUM	GCA_006408615.1
Connochaetes taurinus	frameshift_deletion|ex6|pos737|len5	frameshift_deletion	exon_6	6.0	737.0	2409.0	803.0	5.0		True	1	1	1	1.0	MEDIUM	GCA_006408615.1
Connochaetes taurinus	frameshift_induced_stop|ex2|codon77	frameshift_induced_stop	exon_2	2.0	37.0	231.0	77.0			True	1	1	1	1.0	MEDIUM	GCA_006408615.1
Connochaetes taurinus	frameshift_induced_stop|ex3|codon236	frameshift_induced_stop	exon_3	3.0	208.0	706.0	236.0			True	1	1	1	1.0	MEDIUM	GCA_006408615.1
Connochaetes taurinus	frameshift_induced_stop|ex6|codon683	frameshift_induced_stop	exon_6	6.0	375.0	2047.0	683.0			True	1	1	1	1.0	MEDIUM	GCA_006408615.1
Connochaetes taurinus	frameshift_insertion|ex1|pos134|len1	frameshift_insertion	exon_1	1.0	134.0	134.0	45.0	1.0		True	1	1	1	1.0	MEDIUM	GCA_006408615.1
Connochaetes taurinus	frameshift_insertion|ex6|pos337|len2	frameshift_insertion	exon_6	6.0	337.0	2009.0	670.0	2.0		True	1	1	1	1.0	MEDIUM	GCA_006408615.1
Connochaetes taurinus	inframe_deletion|ex3|pos658|len9	inframe_deletion	exon_3	3.0	658.0	1156.0	386.0	9.0		False	1	1	1	1.0	MEDIUM	GCA_006408615.1
Connochaetes taurinus	inframe_deletion|ex6|pos478|len3	inframe_deletion	exon_6	6.0	478.0	2150.0	717.0	3.0		False	1	1	1	1.0	MEDIUM	GCA_006408615.1
Connochaetes taurinus	inframe_deletion|ex6|pos486|len12	inframe_deletion	exon_6	6.0	486.0	2158.0	720.0	12.0		False	1	1	1	1.0	MEDIUM	GCA_006408615.1
Connochaetes taurinus	inframe_deletion|ex6|pos89|len9	inframe_deletion	exon_6	6.0	89.0	1761.0	587.0	9.0		False	1	1	1	1.0	MEDIUM	GCA_006408615.1
Connochaetes taurinus	inframe_deletion|ex6|pos939|len21	inframe_deletion	exon_6	6.0	939.0	2611.0	871.0	21.0		False	1	1	1	1.0	MEDIUM	GCA_006408615.1
Connochaetes taurinus	potential_splice_acceptor_disruption|ex5|GA	potential_splice_acceptor_disruption	exon_5	5.0	1.0	1549.0	517.0		GA	True	1	1	1	1.0	MEDIUM	GCA_006408615.1
Connochaetes taurinus	potential_splice_donor_disruption|ex1|AC	potential_splice_donor_disruption	exon_1	1.0	194.0	194.0	65.0		AC	True	1	1	1	1.0	MEDIUM	GCA_006408615.1
Connochaetes taurinus	potential_splice_donor_disruption|ex2|GG	potential_splice_donor_disruption	exon_2	2.0	304.0	498.0	166.0		GG	True	1	1	1	1.0	MEDIUM	GCA_006408615.1
Connochaetes taurinus	premature_stop|ex3|codon361	premature_stop	exon_3	3.0	583.0	1081.0	361.0			True	1	1	1	1.0	MEDIUM	GCA_006408615.1
Connochaetes taurinus	premature_stop|ex3|codon430	premature_stop	exon_3	3.0	790.0	1288.0	430.0			True	1	1	1	1.0	MEDIUM	GCA_006408615.1
Connochaetes taurinus	premature_stop|ex3|codon433	premature_stop	exon_3	3.0	799.0	1297.0	433.0			True	1	1	1	1.0	MEDIUM	GCA_006408615.1
Connochaetes taurinus	premature_stop|ex5|codon526	premature_stop	exon_5	5.0	28.0	1576.0	526.0			True	1	1	1	1.0	MEDIUM	GCA_006408615.1
Connochaetes taurinus	premature_stop|ex6|codon922	premature_stop	exon_6	6.0	1092.0	2764.0	922.0			True	1	1	1	1.0	MEDIUM	GCA_006408615.1
Dama dama	candidate_large_frameshift_insertion|ex3|pos195|len251	candidate_large_frameshift_insertion	exon_3	3.0	195.0	693.0	231.0	251.0		True	4	4	4	1.0	HIGH	GCA_033118175.2;GCA_048126745.1;GCA_048127045.1;GCF_033118175.1
Dama dama	candidate_large_inframe_insertion|ex2|pos237|len813	candidate_large_inframe_insertion	exon_2	2.0	237.0	431.0	144.0	813.0		False	4	4	4	1.0	HIGH	GCA_033118175.2;GCA_048126745.1;GCA_048127045.1;GCF_033118175.1
Dama dama	frameshift_deletion|ex2|pos152|len2	frameshift_deletion	exon_2	2.0	152.0	346.0	116.0	2.0		True	4	4	4	1.0	HIGH	GCA_033118175.2;GCA_048126745.1;GCA_048127045.1;GCF_033118175.1
Dama dama	frameshift_deletion|ex2|pos265|len1	frameshift_deletion	exon_2	2.0	265.0	459.0	153.0	1.0		True	4	4	4	1.0	HIGH	GCA_033118175.2;GCA_048126745.1;GCA_048127045.1;GCF_033118175.1
Dama dama	frameshift_deletion|ex2|pos33|len5	frameshift_deletion	exon_2	2.0	33.0	227.0	76.0	5.0		True	4	4	4	1.0	HIGH	GCA_033118175.2;GCA_048126745.1;GCA_048127045.1;GCF_033118175.1
Dama dama	frameshift_deletion|ex3|pos166|len7	frameshift_deletion	exon_3	3.0	166.0	664.0	222.0	7.0		True	4	4	4	1.0	HIGH	GCA_033118175.2;GCA_048126745.1;GCA_048127045.1;GCF_033118175.1
Dama dama	frameshift_deletion|ex3|pos254|len1	frameshift_deletion	exon_3	3.0	254.0	752.0	251.0	1.0		True	4	4	4	1.0	HIGH	GCA_033118175.2;GCA_048126745.1;GCA_048127045.1;GCF_033118175.1
Dama dama	frameshift_deletion|ex4|pos131|len1	frameshift_deletion	exon_4	4.0	131.0	1466.0	489.0	1.0		True	4	4	4	1.0	HIGH	GCA_033118175.2;GCA_048126745.1;GCA_048127045.1;GCF_033118175.1
Dama dama	frameshift_deletion|ex6|pos738|len2	frameshift_deletion	exon_6	6.0	738.0	2410.0	804.0	2.0		True	4	4	4	1.0	HIGH	GCA_033118175.2;GCA_048126745.1;GCA_048127045.1;GCF_033118175.1
Dama dama	frameshift_induced_stop|ex2|codon144	frameshift_induced_stop	exon_2	2.0	238.0	432.0	144.0			True	4	4	4	1.0	HIGH	GCA_033118175.2;GCA_048126745.1;GCA_048127045.1;GCF_033118175.1
Dama dama	frameshift_induced_stop|ex2|codon82	frameshift_induced_stop	exon_2	2.0	50.0	244.0	82.0			True	4	4	4	1.0	HIGH	GCA_033118175.2;GCA_048126745.1;GCA_048127045.1;GCF_033118175.1
Dama dama	frameshift_induced_stop|ex3|codon170	frameshift_induced_stop	exon_3	3.0	10.0	508.0	170.0			True	4	4	4	1.0	HIGH	GCA_033118175.2;GCA_048126745.1;GCA_048127045.1;GCF_033118175.1
Dama dama	frameshift_induced_stop|ex3|codon266	frameshift_induced_stop	exon_3	3.0	300.0	798.0	266.0			True	4	4	4	1.0	HIGH	GCA_033118175.2;GCA_048126745.1;GCA_048127045.1;GCF_033118175.1
Dama dama	frameshift_induced_stop|ex6|codon821	frameshift_induced_stop	exon_6	6.0	791.0	2463.0	821.0			True	4	4	4	1.0	HIGH	GCA_033118175.2;GCA_048126745.1;GCA_048127045.1;GCF_033118175.1
Dama dama	inframe_deletion|ex3|pos659|len6	inframe_deletion	exon_3	3.0	659.0	1157.0	386.0	6.0		False	4	4	4	1.0	HIGH	GCA_033118175.2;GCA_048126745.1;GCA_048127045.1;GCF_033118175.1
Dama dama	inframe_deletion|ex3|pos667|len3	inframe_deletion	exon_3	3.0	667.0	1165.0	389.0	3.0		False	4	4	4	1.0	HIGH	GCA_033118175.2;GCA_048126745.1;GCA_048127045.1;GCF_033118175.1
Dama dama	inframe_deletion|ex6|pos459|len24	inframe_deletion	exon_6	6.0	459.0	2131.0	711.0	24.0		False	4	4	4	1.0	HIGH	GCA_033118175.2;GCA_048126745.1;GCA_048127045.1;GCF_033118175.1
Dama dama	inframe_deletion|ex6|pos744|len3	inframe_deletion	exon_6	6.0	744.0	2416.0	806.0	3.0		False	4	4	4	1.0	HIGH	GCA_033118175.2;GCA_048126745.1;GCA_048127045.1;GCF_033118175.1
Dama dama	inframe_deletion|ex6|pos938|len15	inframe_deletion	exon_6	6.0	938.0	2610.0	870.0	15.0		False	4	4	4	1.0	HIGH	GCA_033118175.2;GCA_048126745.1;GCA_048127045.1;GCF_033118175.1
Dama dama	inframe_insertion|ex3|pos267|len15	inframe_insertion	exon_3	3.0	267.0	765.0	255.0	15.0		False	4	4	4	1.0	HIGH	GCA_033118175.2;GCA_048126745.1;GCA_048127045.1;GCF_033118175.1
Dama dama	potential_splice_acceptor_disruption|ex5|GA	potential_splice_acceptor_disruption	exon_5	5.0	1.0	1549.0	517.0		GA	True	4	4	4	1.0	HIGH	GCA_033118175.2;GCA_048126745.1;GCA_048127045.1;GCF_033118175.1
Dama dama	potential_splice_donor_disruption|ex1|CC	potential_splice_donor_disruption	exon_1	1.0	194.0	194.0	65.0		CC	True	4	4	4	1.0	HIGH	GCA_033118175.2;GCA_048126745.1;GCA_048127045.1;GCF_033118175.1
Dama dama	premature_stop|ex3|codon305	premature_stop	exon_3	3.0	415.0	913.0	305.0			True	4	4	4	1.0	HIGH	GCA_033118175.2;GCA_048126745.1;GCA_048127045.1;GCF_033118175.1
Dama dama	premature_stop|ex3|codon374	premature_stop	exon_3	3.0	622.0	1120.0	374.0			True	4	4	4	1.0	HIGH	GCA_033118175.2;GCA_048126745.1;GCA_048127045.1;GCF_033118175.1
Dama dama	premature_stop|ex3|codon430	premature_stop	exon_3	3.0	790.0	1288.0	430.0			True	4	4	4	1.0	HIGH	GCA_033118175.2;GCA_048126745.1;GCA_048127045.1;GCF_033118175.1
Dama dama	premature_stop|ex3|codon433	premature_stop	exon_3	3.0	799.0	1297.0	433.0			True	4	4	4	1.0	HIGH	GCA_033118175.2;GCA_048126745.1;GCA_048127045.1;GCF_033118175.1
Damaliscus lunatus	candidate_large_frameshift_insertion|ex4|pos38|len716	candidate_large_frameshift_insertion	exon_4	4.0	38.0	1373.0	458.0	716.0		True	1	1	1	1.0	MEDIUM	GCA_006408505.1
Damaliscus lunatus	candidate_large_inframe_insertion|ex3|pos402|len135	candidate_large_inframe_insertion	exon_3	3.0	402.0	900.0	300.0	135.0		False	1	1	1	1.0	MEDIUM	GCA_006408505.1
Damaliscus lunatus	frameshift_deletion|ex1|pos119|len4	frameshift_deletion	exon_1	1.0	119.0	119.0	40.0	4.0		True	1	1	1	1.0	MEDIUM	GCA_006408505.1
Damaliscus lunatus	frameshift_deletion|ex1|pos162|len1	frameshift_deletion	exon_1	1.0	162.0	162.0	54.0	1.0		True	1	1	1	1.0	MEDIUM	GCA_006408505.1
Damaliscus lunatus	frameshift_deletion|ex3|pos167|len7	frameshift_deletion	exon_3	3.0	167.0	665.0	222.0	7.0		True	1	1	1	1.0	MEDIUM	GCA_006408505.1
Damaliscus lunatus	frameshift_deletion|ex3|pos606|len1	frameshift_deletion	exon_3	3.0	606.0	1104.0	368.0	1.0		True	1	1	1	1.0	MEDIUM	GCA_006408505.1
Damaliscus lunatus	frameshift_deletion|ex4|pos131|len1	frameshift_deletion	exon_4	4.0	131.0	1466.0	489.0	1.0		True	1	1	1	1.0	MEDIUM	GCA_006408505.1
Damaliscus lunatus	frameshift_deletion|ex6|pos737|len5	frameshift_deletion	exon_6	6.0	737.0	2409.0	803.0	5.0		True	1	1	1	1.0	MEDIUM	GCA_006408505.1
Damaliscus lunatus	frameshift_induced_stop|ex2|codon77	frameshift_induced_stop	exon_2	2.0	37.0	231.0	77.0			True	1	1	1	1.0	MEDIUM	GCA_006408505.1
Damaliscus lunatus	frameshift_induced_stop|ex3|codon236	frameshift_induced_stop	exon_3	3.0	208.0	706.0	236.0			True	1	1	1	1.0	MEDIUM	GCA_006408505.1
Damaliscus lunatus	frameshift_induced_stop|ex4|codon496	frameshift_induced_stop	exon_4	4.0	153.0	1488.0	496.0			True	1	1	1	1.0	MEDIUM	GCA_006408505.1
Damaliscus lunatus	frameshift_induced_stop|ex6|codon922	frameshift_induced_stop	exon_6	6.0	1093.0	2765.0	922.0			True	1	1	1	1.0	MEDIUM	GCA_006408505.1
Damaliscus lunatus	frameshift_insertion|ex1|pos136|len1	frameshift_insertion	exon_1	1.0	136.0	136.0	46.0	1.0		True	1	1	1	1.0	MEDIUM	GCA_006408505.1
Damaliscus lunatus	frameshift_insertion|ex6|pos337|len2	frameshift_insertion	exon_6	6.0	337.0	2009.0	670.0	2.0		True	1	1	1	1.0	MEDIUM	GCA_006408505.1
Damaliscus lunatus	frameshift_insertion|ex6|pos786|len1	frameshift_insertion	exon_6	6.0	786.0	2458.0	820.0	1.0		True	1	1	1	1.0	MEDIUM	GCA_006408505.1
Damaliscus lunatus	inframe_deletion|ex3|pos658|len9	inframe_deletion	exon_3	3.0	658.0	1156.0	386.0	9.0		False	1	1	1	1.0	MEDIUM	GCA_006408505.1
Damaliscus lunatus	inframe_deletion|ex6|pos478|len3	inframe_deletion	exon_6	6.0	478.0	2150.0	717.0	3.0		False	1	1	1	1.0	MEDIUM	GCA_006408505.1
Damaliscus lunatus	inframe_deletion|ex6|pos486|len12	inframe_deletion	exon_6	6.0	486.0	2158.0	720.0	12.0		False	1	1	1	1.0	MEDIUM	GCA_006408505.1
Damaliscus lunatus	inframe_deletion|ex6|pos89|len9	inframe_deletion	exon_6	6.0	89.0	1761.0	587.0	9.0		False	1	1	1	1.0	MEDIUM	GCA_006408505.1
Damaliscus lunatus	inframe_deletion|ex6|pos939|len21	inframe_deletion	exon_6	6.0	939.0	2611.0	871.0	21.0		False	1	1	1	1.0	MEDIUM	GCA_006408505.1
Damaliscus lunatus	potential_splice_acceptor_disruption|ex5|GA	potential_splice_acceptor_disruption	exon_5	5.0	1.0	1549.0	517.0		GA	True	1	1	1	1.0	MEDIUM	GCA_006408505.1
Damaliscus lunatus	potential_splice_donor_disruption|ex1|AG	potential_splice_donor_disruption	exon_1	1.0	194.0	194.0	65.0		AG	True	1	1	1	1.0	MEDIUM	GCA_006408505.1
Damaliscus lunatus	potential_splice_donor_disruption|ex2|GG	potential_splice_donor_disruption	exon_2	2.0	304.0	498.0	166.0		GG	True	1	1	1	1.0	MEDIUM	GCA_006408505.1
Damaliscus lunatus	premature_stop|ex3|codon361	premature_stop	exon_3	3.0	583.0	1081.0	361.0			True	1	1	1	1.0	MEDIUM	GCA_006408505.1
Damaliscus lunatus	premature_stop|ex3|codon430	premature_stop	exon_3	3.0	790.0	1288.0	430.0			True	1	1	1	1.0	MEDIUM	GCA_006408505.1
Damaliscus lunatus	premature_stop|ex3|codon433	premature_stop	exon_3	3.0	799.0	1297.0	433.0			True	1	1	1	1.0	MEDIUM	GCA_006408505.1
Damaliscus lunatus	premature_stop|ex5|codon526	premature_stop	exon_5	5.0	28.0	1576.0	526.0			True	1	1	1	1.0	MEDIUM	GCA_006408505.1
Damaliscus lunatus	premature_stop|ex6|codon922	premature_stop	exon_6	6.0	1092.0	2764.0	922.0			True	1	1	1	1.0	MEDIUM	GCA_006408505.1
Elaphurus davidianus	candidate_large_frameshift_insertion|ex2|pos237|len811	candidate_large_frameshift_insertion	exon_2	2.0	237.0	431.0	144.0	811.0		True	2	2	2	1.0	HIGH	GCA_002443075.1;GCA_021018665.1
Elaphurus davidianus	candidate_large_frameshift_insertion|ex3|pos195|len251	candidate_large_frameshift_insertion	exon_3	3.0	195.0	693.0	231.0	251.0		True	2	2	2	1.0	HIGH	GCA_002443075.1;GCA_021018665.1
Elaphurus davidianus	frameshift_deletion|ex2|pos152|len2	frameshift_deletion	exon_2	2.0	152.0	346.0	116.0	2.0		True	2	2	2	1.0	HIGH	GCA_002443075.1;GCA_021018665.1
Elaphurus davidianus	frameshift_deletion|ex2|pos265|len1	frameshift_deletion	exon_2	2.0	265.0	459.0	153.0	1.0		True	2	2	2	1.0	HIGH	GCA_002443075.1;GCA_021018665.1
Elaphurus davidianus	frameshift_deletion|ex2|pos33|len5	frameshift_deletion	exon_2	2.0	33.0	227.0	76.0	5.0		True	2	2	2	1.0	HIGH	GCA_002443075.1;GCA_021018665.1
Elaphurus davidianus	frameshift_deletion|ex3|pos166|len7	frameshift_deletion	exon_3	3.0	166.0	664.0	222.0	7.0		True	2	2	2	1.0	HIGH	GCA_002443075.1;GCA_021018665.1
Elaphurus davidianus	frameshift_deletion|ex3|pos811|len1	frameshift_deletion	exon_3	3.0	811.0	1309.0	437.0	1.0		True	1	1	2	0.5	MEDIUM	GCA_021018665.1
Elaphurus davidianus	frameshift_deletion|ex6|pos738|len2	frameshift_deletion	exon_6	6.0	738.0	2410.0	804.0	2.0		True	2	2	2	1.0	HIGH	GCA_002443075.1;GCA_021018665.1
Elaphurus davidianus	frameshift_induced_stop|ex2|codon82	frameshift_induced_stop	exon_2	2.0	50.0	244.0	82.0			True	2	2	2	1.0	HIGH	GCA_002443075.1;GCA_021018665.1
Elaphurus davidianus	frameshift_induced_stop|ex3|codon170	frameshift_induced_stop	exon_3	3.0	10.0	508.0	170.0			True	2	2	2	1.0	HIGH	GCA_002443075.1;GCA_021018665.1
Elaphurus davidianus	frameshift_induced_stop|ex3|codon298	frameshift_induced_stop	exon_3	3.0	394.0	892.0	298.0			True	1	1	2	0.5	MEDIUM	GCA_002443075.1
Elaphurus davidianus	frameshift_induced_stop|ex5|codon531	frameshift_induced_stop	exon_5	5.0	45.0	1593.0	531.0			True	1	1	2	0.5	MEDIUM	GCA_021018665.1
Elaphurus davidianus	frameshift_induced_stop|ex6|codon821	frameshift_induced_stop	exon_6	6.0	791.0	2463.0	821.0			True	1	1	2	0.5	MEDIUM	GCA_002443075.1
Elaphurus davidianus	frameshift_insertion|ex3|pos393|len13	frameshift_insertion	exon_3	3.0	393.0	891.0	297.0	13.0		True	1	1	2	0.5	MEDIUM	GCA_002443075.1
Elaphurus davidianus	inframe_deletion|ex3|pos659|len6	inframe_deletion	exon_3	3.0	659.0	1157.0	386.0	6.0		False	2	2	2	1.0	HIGH	GCA_002443075.1;GCA_021018665.1
Elaphurus davidianus	inframe_deletion|ex3|pos667|len3	inframe_deletion	exon_3	3.0	667.0	1165.0	389.0	3.0		False	2	2	2	1.0	HIGH	GCA_002443075.1;GCA_021018665.1
Elaphurus davidianus	inframe_deletion|ex6|pos459|len24	inframe_deletion	exon_6	6.0	459.0	2131.0	711.0	24.0		False	2	2	2	1.0	HIGH	GCA_002443075.1;GCA_021018665.1
Elaphurus davidianus	inframe_deletion|ex6|pos744|len3	inframe_deletion	exon_6	6.0	744.0	2416.0	806.0	3.0		False	2	2	2	1.0	HIGH	GCA_002443075.1;GCA_021018665.1
Elaphurus davidianus	inframe_deletion|ex6|pos935|len21	inframe_deletion	exon_6	6.0	935.0	2607.0	869.0	21.0		False	2	2	2	1.0	HIGH	GCA_002443075.1;GCA_021018665.1
Elaphurus davidianus	inframe_insertion|ex3|pos267|len15	inframe_insertion	exon_3	3.0	267.0	765.0	255.0	15.0		False	2	2	2	1.0	HIGH	GCA_002443075.1;GCA_021018665.1
Elaphurus davidianus	inframe_insertion|ex3|pos388|len12	inframe_insertion	exon_3	3.0	388.0	886.0	296.0	12.0		False	1	1	2	0.5	MEDIUM	GCA_002443075.1
Elaphurus davidianus	potential_splice_acceptor_disruption|ex5|GA	potential_splice_acceptor_disruption	exon_5	5.0	1.0	1549.0	517.0		GA	True	2	2	2	1.0	HIGH	GCA_002443075.1;GCA_021018665.1
Elaphurus davidianus	potential_splice_donor_disruption|ex1|CC	potential_splice_donor_disruption	exon_1	1.0	194.0	194.0	65.0		CC	True	2	2	2	1.0	HIGH	GCA_002443075.1;GCA_021018665.1
Elaphurus davidianus	potential_splice_donor_disruption|ex2|AG	potential_splice_donor_disruption	exon_2	2.0	304.0	498.0	166.0		AG	True	2	2	2	1.0	HIGH	GCA_002443075.1;GCA_021018665.1
Elaphurus davidianus	premature_stop|ex3|codon280	premature_stop	exon_3	3.0	340.0	838.0	280.0			True	1	1	2	0.5	MEDIUM	GCA_021018665.1
Elaphurus davidianus	premature_stop|ex3|codon374	premature_stop	exon_3	3.0	622.0	1120.0	374.0			True	2	2	2	1.0	HIGH	GCA_002443075.1;GCA_021018665.1
Elaphurus davidianus	premature_stop|ex3|codon430	premature_stop	exon_3	3.0	790.0	1288.0	430.0			True	2	2	2	1.0	HIGH	GCA_002443075.1;GCA_021018665.1
Elaphurus davidianus	premature_stop|ex3|codon433	premature_stop	exon_3	3.0	799.0	1297.0	433.0			True	2	2	2	1.0	HIGH	GCA_002443075.1;GCA_021018665.1
Elaphurus davidianus	probable_exon_deletion|ex4|pos1|len213	probable_exon_deletion	exon_4	4.0	1.0	1336.0	446.0	213.0		True	2	2	0		MEDIUM	GCA_002443075.1;GCA_021018665.1
Eudorcas thomsonii	exon_unresolved|ex1	exon_unresolved	exon_1	1.0	1.0	1.0	1.0	194.0		False	1	0	0		LOW	
Eudorcas thomsonii	frameshift_deletion|ex3|pos167|len7	frameshift_deletion	exon_3	3.0	167.0	665.0	222.0	7.0		True	1	1	1	1.0	MEDIUM	GCA_006408755.1
Eudorcas thomsonii	frameshift_deletion|ex3|pos507|len1	frameshift_deletion	exon_3	3.0	507.0	1005.0	335.0	1.0		True	1	1	1	1.0	MEDIUM	GCA_006408755.1
Eudorcas thomsonii	frameshift_deletion|ex3|pos776|len1	frameshift_deletion	exon_3	3.0	776.0	1274.0	425.0	1.0		True	1	1	1	1.0	MEDIUM	GCA_006408755.1
Eudorcas thomsonii	frameshift_deletion|ex4|pos131|len1	frameshift_deletion	exon_4	4.0	131.0	1466.0	489.0	1.0		True	1	1	1	1.0	MEDIUM	GCA_006408755.1
Eudorcas thomsonii	frameshift_deletion|ex5|pos94|len2	frameshift_deletion	exon_5	5.0	94.0	1642.0	548.0	2.0		True	1	1	1	1.0	MEDIUM	GCA_006408755.1
Eudorcas thomsonii	frameshift_deletion|ex6|pos1070|len2	frameshift_deletion	exon_6	6.0	1070.0	2742.0	914.0	2.0		True	1	1	1	1.0	MEDIUM	GCA_006408755.1
Eudorcas thomsonii	frameshift_deletion|ex6|pos737|len5	frameshift_deletion	exon_6	6.0	737.0	2409.0	803.0	5.0		True	1	1	1	1.0	MEDIUM	GCA_006408755.1
Eudorcas thomsonii	frameshift_induced_stop|ex3|codon239	frameshift_induced_stop	exon_3	3.0	219.0	717.0	239.0			True	1	1	1	1.0	MEDIUM	GCA_006408755.1
Eudorcas thomsonii	frameshift_induced_stop|ex3|codon349	frameshift_induced_stop	exon_3	3.0	547.0	1045.0	349.0			True	1	1	1	1.0	MEDIUM	GCA_006408755.1
Eudorcas thomsonii	frameshift_induced_stop|ex4|codon496	frameshift_induced_stop	exon_4	4.0	153.0	1488.0	496.0			True	1	1	1	1.0	MEDIUM	GCA_006408755.1
Eudorcas thomsonii	frameshift_induced_stop|ex6|codon824	frameshift_induced_stop	exon_6	6.0	798.0	2470.0	824.0			True	1	1	1	1.0	MEDIUM	GCA_006408755.1
Eudorcas thomsonii	inframe_deletion|ex3|pos658|len9	inframe_deletion	exon_3	3.0	658.0	1156.0	386.0	9.0		False	1	1	1	1.0	MEDIUM	GCA_006408755.1
Eudorcas thomsonii	inframe_deletion|ex6|pos1077|len6	inframe_deletion	exon_6	6.0	1077.0	2749.0	917.0	6.0		False	1	1	1	1.0	MEDIUM	GCA_006408755.1
Eudorcas thomsonii	inframe_deletion|ex6|pos89|len9	inframe_deletion	exon_6	6.0	89.0	1761.0	587.0	9.0		False	1	1	1	1.0	MEDIUM	GCA_006408755.1
Eudorcas thomsonii	inframe_deletion|ex6|pos939|len21	inframe_deletion	exon_6	6.0	939.0	2611.0	871.0	21.0		False	1	1	1	1.0	MEDIUM	GCA_006408755.1
Eudorcas thomsonii	inframe_insertion|ex4|pos183|len3	inframe_insertion	exon_4	4.0	183.0	1518.0	506.0	3.0		False	1	1	1	1.0	MEDIUM	GCA_006408755.1
Eudorcas thomsonii	potential_splice_acceptor_disruption|ex5|GA	potential_splice_acceptor_disruption	exon_5	5.0	1.0	1549.0	517.0		GA	True	1	1	1	1.0	MEDIUM	GCA_006408755.1
Eudorcas thomsonii	potential_splice_acceptor_disruption|ex6|CA	potential_splice_acceptor_disruption	exon_6	6.0	1.0	1673.0	558.0		CA	True	1	1	1	1.0	MEDIUM	GCA_006408755.1
Eudorcas thomsonii	premature_stop|ex3|codon303	premature_stop	exon_3	3.0	409.0	907.0	303.0			True	1	1	1	1.0	MEDIUM	GCA_006408755.1
Eudorcas thomsonii	premature_stop|ex3|codon361	premature_stop	exon_3	3.0	583.0	1081.0	361.0			True	1	1	1	1.0	MEDIUM	GCA_006408755.1
Eudorcas thomsonii	premature_stop|ex3|codon430	premature_stop	exon_3	3.0	790.0	1288.0	430.0			True	1	1	1	1.0	MEDIUM	GCA_006408755.1
Eudorcas thomsonii	premature_stop|ex3|codon433	premature_stop	exon_3	3.0	799.0	1297.0	433.0			True	1	1	1	1.0	MEDIUM	GCA_006408755.1
Eudorcas thomsonii	premature_stop|ex5|codon526	premature_stop	exon_5	5.0	28.0	1576.0	526.0			True	1	1	1	1.0	MEDIUM	GCA_006408755.1
Eudorcas thomsonii	premature_stop|ex6|codon722	premature_stop	exon_6	6.0	492.0	2164.0	722.0			True	1	1	1	1.0	MEDIUM	GCA_006408755.1
Eudorcas thomsonii	premature_stop|ex6|codon825	premature_stop	exon_6	6.0	801.0	2473.0	825.0			True	1	1	1	1.0	MEDIUM	GCA_006408755.1
Giraffa camelopardalis	frameshift_deletion|ex1|pos162|len1	frameshift_deletion	exon_1	1.0	162.0	162.0	54.0	1.0		True	3	3	3	1.0	HIGH	GCA_006408565.1;GCA_017591445.1;GCA_018282235.1
Giraffa camelopardalis	frameshift_deletion|ex2|pos265|len1	frameshift_deletion	exon_2	2.0	265.0	459.0	153.0	1.0		True	3	3	3	1.0	HIGH	GCA_006408565.1;GCA_017591445.1;GCA_018282235.1
Giraffa camelopardalis	frameshift_deletion|ex3|pos167|len7	frameshift_deletion	exon_3	3.0	167.0	665.0	222.0	7.0		True	3	3	3	1.0	HIGH	GCA_006408565.1;GCA_017591445.1;GCA_018282235.1
Giraffa camelopardalis	frameshift_deletion|ex3|pos532|len4	frameshift_deletion	exon_3	3.0	532.0	1030.0	344.0	4.0		True	3	3	3	1.0	HIGH	GCA_006408565.1;GCA_017591445.1;GCA_018282235.1
Giraffa camelopardalis	frameshift_deletion|ex4|pos131|len1	frameshift_deletion	exon_4	4.0	131.0	1466.0	489.0	1.0		True	3	3	3	1.0	HIGH	GCA_006408565.1;GCA_017591445.1;GCA_018282235.1
Giraffa camelopardalis	frameshift_deletion|ex6|pos51|len1	frameshift_deletion	exon_6	6.0	51.0	1723.0	575.0	1.0		True	3	3	3	1.0	HIGH	GCA_006408565.1;GCA_017591445.1;GCA_018282235.1
Giraffa camelopardalis	frameshift_deletion|ex6|pos954|len4	frameshift_deletion	exon_6	6.0	954.0	2626.0	876.0	4.0		True	3	3	3	1.0	HIGH	GCA_006408565.1;GCA_017591445.1;GCA_018282235.1
Giraffa camelopardalis	frameshift_induced_stop|ex2|codon69	frameshift_induced_stop	exon_2	2.0	13.0	207.0	69.0			True	3	3	3	1.0	HIGH	GCA_006408565.1;GCA_017591445.1;GCA_018282235.1
Giraffa camelopardalis	frameshift_induced_stop|ex3|codon170	frameshift_induced_stop	exon_3	3.0	10.0	508.0	170.0			True	3	3	3	1.0	HIGH	GCA_006408565.1;GCA_017591445.1;GCA_018282235.1
Giraffa camelopardalis	frameshift_induced_stop|ex3|codon316	frameshift_induced_stop	exon_3	3.0	448.0	946.0	316.0			True	3	3	3	1.0	HIGH	GCA_006408565.1;GCA_017591445.1;GCA_018282235.1
Giraffa camelopardalis	frameshift_induced_stop|ex5|codon531	frameshift_induced_stop	exon_5	5.0	45.0	1593.0	531.0			True	3	3	3	1.0	HIGH	GCA_006408565.1;GCA_017591445.1;GCA_018282235.1
Giraffa camelopardalis	frameshift_induced_stop|ex6|codon581	frameshift_induced_stop	exon_6	6.0	69.0	1741.0	581.0			True	3	3	3	1.0	HIGH	GCA_006408565.1;GCA_017591445.1;GCA_018282235.1
Giraffa camelopardalis	frameshift_insertion|ex3|pos429|len1	frameshift_insertion	exon_3	3.0	429.0	927.0	309.0	1.0		True	3	3	3	1.0	HIGH	GCA_006408565.1;GCA_017591445.1;GCA_018282235.1
Giraffa camelopardalis	inframe_deletion|ex3|pos659|len6	inframe_deletion	exon_3	3.0	659.0	1157.0	386.0	6.0		False	3	3	3	1.0	HIGH	GCA_006408565.1;GCA_017591445.1;GCA_018282235.1
Giraffa camelopardalis	inframe_deletion|ex3|pos667|len3	inframe_deletion	exon_3	3.0	667.0	1165.0	389.0	3.0		False	3	3	3	1.0	HIGH	GCA_006408565.1;GCA_017591445.1;GCA_018282235.1
Giraffa camelopardalis	potential_splice_acceptor_disruption|ex5|GA	potential_splice_acceptor_disruption	exon_5	5.0	1.0	1549.0	517.0		GA	True	3	3	3	1.0	HIGH	GCA_006408565.1;GCA_017591445.1;GCA_018282235.1
Giraffa camelopardalis	potential_splice_donor_disruption|ex1|CC	potential_splice_donor_disruption	exon_1	1.0	194.0	194.0	65.0		CC	True	3	3	3	1.0	HIGH	GCA_006408565.1;GCA_017591445.1;GCA_018282235.1
Giraffa camelopardalis	premature_stop|ex1|codon61	premature_stop	exon_1	1.0	181.0	181.0	61.0			True	3	3	3	1.0	HIGH	GCA_006408565.1;GCA_017591445.1;GCA_018282235.1
Giraffa camelopardalis	premature_stop|ex3|codon195	premature_stop	exon_3	3.0	85.0	583.0	195.0			True	3	3	3	1.0	HIGH	GCA_006408565.1;GCA_017591445.1;GCA_018282235.1
Giraffa camelopardalis	premature_stop|ex3|codon208	premature_stop	exon_3	3.0	124.0	622.0	208.0			True	3	3	3	1.0	HIGH	GCA_006408565.1;GCA_017591445.1;GCA_018282235.1
Giraffa camelopardalis	premature_stop|ex3|codon374	premature_stop	exon_3	3.0	622.0	1120.0	374.0			True	3	3	3	1.0	HIGH	GCA_006408565.1;GCA_017591445.1;GCA_018282235.1
Giraffa camelopardalis	premature_stop|ex3|codon433	premature_stop	exon_3	3.0	799.0	1297.0	433.0			True	3	3	3	1.0	HIGH	GCA_006408565.1;GCA_017591445.1;GCA_018282235.1
Giraffa camelopardalis	premature_stop|ex6|codon693	premature_stop	exon_6	6.0	405.0	2077.0	693.0			True	3	3	3	1.0	HIGH	GCA_006408565.1;GCA_017591445.1;GCA_018282235.1
Giraffa camelopardalis	premature_stop|ex6|codon922	premature_stop	exon_6	6.0	1092.0	2764.0	922.0			True	1	1	3	0.3333333333333333	LOW	GCA_017591445.1
Giraffa tippelskirchi	frameshift_deletion|ex1|pos162|len1	frameshift_deletion	exon_1	1.0	162.0	162.0	54.0	1.0		True	7	7	7	1.0	HIGH	GCA_001651235.1;GCA_013496395.1;GCA_054371575.1;GCA_054371585.1;GCA_054371615.1;GCA_054371825.1;GCF_054371585.1
Giraffa tippelskirchi	frameshift_deletion|ex2|pos265|len1	frameshift_deletion	exon_2	2.0	265.0	459.0	153.0	1.0		True	7	7	7	1.0	HIGH	GCA_001651235.1;GCA_013496395.1;GCA_054371575.1;GCA_054371585.1;GCA_054371615.1;GCA_054371825.1;GCF_054371585.1
Giraffa tippelskirchi	frameshift_deletion|ex3|pos167|len7	frameshift_deletion	exon_3	3.0	167.0	665.0	222.0	7.0		True	7	7	7	1.0	HIGH	GCA_001651235.1;GCA_013496395.1;GCA_054371575.1;GCA_054371585.1;GCA_054371615.1;GCA_054371825.1;GCF_054371585.1
Giraffa tippelskirchi	frameshift_deletion|ex3|pos532|len4	frameshift_deletion	exon_3	3.0	532.0	1030.0	344.0	4.0		True	7	7	7	1.0	HIGH	GCA_001651235.1;GCA_013496395.1;GCA_054371575.1;GCA_054371585.1;GCA_054371615.1;GCA_054371825.1;GCF_054371585.1
Giraffa tippelskirchi	frameshift_deletion|ex4|pos131|len1	frameshift_deletion	exon_4	4.0	131.0	1466.0	489.0	1.0		True	7	7	7	1.0	HIGH	GCA_001651235.1;GCA_013496395.1;GCA_054371575.1;GCA_054371585.1;GCA_054371615.1;GCA_054371825.1;GCF_054371585.1
Giraffa tippelskirchi	frameshift_deletion|ex6|pos51|len1	frameshift_deletion	exon_6	6.0	51.0	1723.0	575.0	1.0		True	7	7	7	1.0	HIGH	GCA_001651235.1;GCA_013496395.1;GCA_054371575.1;GCA_054371585.1;GCA_054371615.1;GCA_054371825.1;GCF_054371585.1
Giraffa tippelskirchi	frameshift_deletion|ex6|pos575|len1	frameshift_deletion	exon_6	6.0	575.0	2247.0	749.0	1.0		True	1	1	7	0.14285714285714285	LOW	GCA_001651235.1
Giraffa tippelskirchi	frameshift_deletion|ex6|pos954|len4	frameshift_deletion	exon_6	6.0	954.0	2626.0	876.0	4.0		True	7	7	7	1.0	HIGH	GCA_001651235.1;GCA_013496395.1;GCA_054371575.1;GCA_054371585.1;GCA_054371615.1;GCA_054371825.1;GCF_054371585.1
Giraffa tippelskirchi	frameshift_induced_stop|ex2|codon69	frameshift_induced_stop	exon_2	2.0	13.0	207.0	69.0			True	7	7	7	1.0	HIGH	GCA_001651235.1;GCA_013496395.1;GCA_054371575.1;GCA_054371585.1;GCA_054371615.1;GCA_054371825.1;GCF_054371585.1
Giraffa tippelskirchi	frameshift_induced_stop|ex3|codon170	frameshift_induced_stop	exon_3	3.0	10.0	508.0	170.0			True	7	7	7	1.0	HIGH	GCA_001651235.1;GCA_013496395.1;GCA_054371575.1;GCA_054371585.1;GCA_054371615.1;GCA_054371825.1;GCF_054371585.1
Giraffa tippelskirchi	frameshift_induced_stop|ex3|codon316	frameshift_induced_stop	exon_3	3.0	448.0	946.0	316.0			True	7	7	7	1.0	HIGH	GCA_001651235.1;GCA_013496395.1;GCA_054371575.1;GCA_054371585.1;GCA_054371615.1;GCA_054371825.1;GCF_054371585.1
Giraffa tippelskirchi	frameshift_induced_stop|ex5|codon531	frameshift_induced_stop	exon_5	5.0	45.0	1593.0	531.0			True	7	7	7	1.0	HIGH	GCA_001651235.1;GCA_013496395.1;GCA_054371575.1;GCA_054371585.1;GCA_054371615.1;GCA_054371825.1;GCF_054371585.1
Giraffa tippelskirchi	frameshift_induced_stop|ex6|codon581	frameshift_induced_stop	exon_6	6.0	69.0	1741.0	581.0			True	7	7	7	1.0	HIGH	GCA_001651235.1;GCA_013496395.1;GCA_054371575.1;GCA_054371585.1;GCA_054371615.1;GCA_054371825.1;GCF_054371585.1
Giraffa tippelskirchi	frameshift_insertion|ex3|pos429|len1	frameshift_insertion	exon_3	3.0	429.0	927.0	309.0	1.0		True	7	7	7	1.0	HIGH	GCA_001651235.1;GCA_013496395.1;GCA_054371575.1;GCA_054371585.1;GCA_054371615.1;GCA_054371825.1;GCF_054371585.1
Giraffa tippelskirchi	inframe_deletion|ex3|pos659|len6	inframe_deletion	exon_3	3.0	659.0	1157.0	386.0	6.0		False	7	7	7	1.0	HIGH	GCA_001651235.1;GCA_013496395.1;GCA_054371575.1;GCA_054371585.1;GCA_054371615.1;GCA_054371825.1;GCF_054371585.1
Giraffa tippelskirchi	inframe_deletion|ex3|pos667|len3	inframe_deletion	exon_3	3.0	667.0	1165.0	389.0	3.0		False	7	7	7	1.0	HIGH	GCA_001651235.1;GCA_013496395.1;GCA_054371575.1;GCA_054371585.1;GCA_054371615.1;GCA_054371825.1;GCF_054371585.1
Giraffa tippelskirchi	potential_splice_acceptor_disruption|ex5|GA	potential_splice_acceptor_disruption	exon_5	5.0	1.0	1549.0	517.0		GA	True	7	7	7	1.0	HIGH	GCA_001651235.1;GCA_013496395.1;GCA_054371575.1;GCA_054371585.1;GCA_054371615.1;GCA_054371825.1;GCF_054371585.1
Giraffa tippelskirchi	potential_splice_donor_disruption|ex1|CC	potential_splice_donor_disruption	exon_1	1.0	194.0	194.0	65.0		CC	True	7	7	7	1.0	HIGH	GCA_001651235.1;GCA_013496395.1;GCA_054371575.1;GCA_054371585.1;GCA_054371615.1;GCA_054371825.1;GCF_054371585.1
Giraffa tippelskirchi	premature_stop|ex1|codon61	premature_stop	exon_1	1.0	181.0	181.0	61.0			True	2	2	7	0.2857142857142857	LOW	GCA_001651235.1;GCA_013496395.1
Giraffa tippelskirchi	premature_stop|ex3|codon195	premature_stop	exon_3	3.0	85.0	583.0	195.0			True	7	7	7	1.0	HIGH	GCA_001651235.1;GCA_013496395.1;GCA_054371575.1;GCA_054371585.1;GCA_054371615.1;GCA_054371825.1;GCF_054371585.1
Giraffa tippelskirchi	premature_stop|ex3|codon208	premature_stop	exon_3	3.0	124.0	622.0	208.0			True	7	7	7	1.0	HIGH	GCA_001651235.1;GCA_013496395.1;GCA_054371575.1;GCA_054371585.1;GCA_054371615.1;GCA_054371825.1;GCF_054371585.1
Giraffa tippelskirchi	premature_stop|ex3|codon374	premature_stop	exon_3	3.0	622.0	1120.0	374.0			True	7	7	7	1.0	HIGH	GCA_001651235.1;GCA_013496395.1;GCA_054371575.1;GCA_054371585.1;GCA_054371615.1;GCA_054371825.1;GCF_054371585.1
Giraffa tippelskirchi	premature_stop|ex3|codon433	premature_stop	exon_3	3.0	799.0	1297.0	433.0			True	7	7	7	1.0	HIGH	GCA_001651235.1;GCA_013496395.1;GCA_054371575.1;GCA_054371585.1;GCA_054371615.1;GCA_054371825.1;GCF_054371585.1
Giraffa tippelskirchi	premature_stop|ex6|codon693	premature_stop	exon_6	6.0	405.0	2077.0	693.0			True	7	7	7	1.0	HIGH	GCA_001651235.1;GCA_013496395.1;GCA_054371575.1;GCA_054371585.1;GCA_054371615.1;GCA_054371825.1;GCF_054371585.1
Hippotragus equinus	candidate_large_frameshift_insertion|ex4|pos38|len716	candidate_large_frameshift_insertion	exon_4	4.0	38.0	1373.0	458.0	716.0		True	1	1	1	1.0	MEDIUM	GCA_016433095.1
Hippotragus equinus	candidate_large_inframe_insertion|ex3|pos407|len138	candidate_large_inframe_insertion	exon_3	3.0	407.0	905.0	302.0	138.0		False	1	1	1	1.0	MEDIUM	GCA_016433095.1
Hippotragus equinus	frameshift_deletion|ex1|pos120|len4	frameshift_deletion	exon_1	1.0	120.0	120.0	40.0	4.0		True	1	1	1	1.0	MEDIUM	GCA_016433095.1
Hippotragus equinus	frameshift_deletion|ex1|pos162|len1	frameshift_deletion	exon_1	1.0	162.0	162.0	54.0	1.0		True	1	1	1	1.0	MEDIUM	GCA_016433095.1
Hippotragus equinus	frameshift_deletion|ex3|pos167|len7	frameshift_deletion	exon_3	3.0	167.0	665.0	222.0	7.0		True	1	1	1	1.0	MEDIUM	GCA_016433095.1
Hippotragus equinus	frameshift_deletion|ex3|pos606|len1	frameshift_deletion	exon_3	3.0	606.0	1104.0	368.0	1.0		True	1	1	1	1.0	MEDIUM	GCA_016433095.1
Hippotragus equinus	frameshift_deletion|ex4|pos131|len1	frameshift_deletion	exon_4	4.0	131.0	1466.0	489.0	1.0		True	1	1	1	1.0	MEDIUM	GCA_016433095.1
Hippotragus equinus	frameshift_deletion|ex4|pos191|len1	frameshift_deletion	exon_4	4.0	191.0	1526.0	509.0	1.0		True	1	1	1	1.0	MEDIUM	GCA_016433095.1
Hippotragus equinus	frameshift_deletion|ex6|pos737|len5	frameshift_deletion	exon_6	6.0	737.0	2409.0	803.0	5.0		True	1	1	1	1.0	MEDIUM	GCA_016433095.1
Hippotragus equinus	frameshift_induced_stop|ex2|codon77	frameshift_induced_stop	exon_2	2.0	37.0	231.0	77.0			True	1	1	1	1.0	MEDIUM	GCA_016433095.1
Hippotragus equinus	frameshift_induced_stop|ex3|codon239	frameshift_induced_stop	exon_3	3.0	219.0	717.0	239.0			True	1	1	1	1.0	MEDIUM	GCA_016433095.1
Hippotragus equinus	frameshift_induced_stop|ex3|codon371	frameshift_induced_stop	exon_3	3.0	613.0	1111.0	371.0			True	1	1	1	1.0	MEDIUM	GCA_016433095.1
Hippotragus equinus	frameshift_induced_stop|ex5|codon526	frameshift_induced_stop	exon_5	5.0	29.0	1577.0	526.0			True	1	1	1	1.0	MEDIUM	GCA_016433095.1
Hippotragus equinus	frameshift_induced_stop|ex6|codon722	frameshift_induced_stop	exon_6	6.0	493.0	2165.0	722.0			True	1	1	1	1.0	MEDIUM	GCA_016433095.1
Hippotragus equinus	frameshift_insertion|ex1|pos136|len1	frameshift_insertion	exon_1	1.0	136.0	136.0	46.0	1.0		True	1	1	1	1.0	MEDIUM	GCA_016433095.1
Hippotragus equinus	frameshift_insertion|ex2|pos297|len1	frameshift_insertion	exon_2	2.0	297.0	491.0	164.0	1.0		True	1	1	1	1.0	MEDIUM	GCA_016433095.1
Hippotragus equinus	frameshift_insertion|ex4|pos169|len1	frameshift_insertion	exon_4	4.0	169.0	1504.0	502.0	1.0		True	1	1	1	1.0	MEDIUM	GCA_016433095.1
Hippotragus equinus	frameshift_insertion|ex6|pos338|len2	frameshift_insertion	exon_6	6.0	338.0	2010.0	670.0	2.0		True	1	1	1	1.0	MEDIUM	GCA_016433095.1
Hippotragus equinus	frameshift_insertion|ex6|pos33|len1	frameshift_insertion	exon_6	6.0	33.0	1705.0	569.0	1.0		True	1	1	1	1.0	MEDIUM	GCA_016433095.1
Hippotragus equinus	inframe_deletion|ex3|pos658|len9	inframe_deletion	exon_3	3.0	658.0	1156.0	386.0	9.0		False	1	1	1	1.0	MEDIUM	GCA_016433095.1
Hippotragus equinus	inframe_deletion|ex6|pos89|len9	inframe_deletion	exon_6	6.0	89.0	1761.0	587.0	9.0		False	1	1	1	1.0	MEDIUM	GCA_016433095.1
Hippotragus equinus	inframe_deletion|ex6|pos939|len21	inframe_deletion	exon_6	6.0	939.0	2611.0	871.0	21.0		False	1	1	1	1.0	MEDIUM	GCA_016433095.1
Hippotragus equinus	potential_splice_acceptor_disruption|ex5|GA	potential_splice_acceptor_disruption	exon_5	5.0	1.0	1549.0	517.0		GA	True	1	1	1	1.0	MEDIUM	GCA_016433095.1
Hippotragus equinus	potential_splice_donor_disruption|ex1|CC	potential_splice_donor_disruption	exon_1	1.0	194.0	194.0	65.0		CC	True	1	1	1	1.0	MEDIUM	GCA_016433095.1
Hippotragus equinus	premature_stop|ex3|codon361	premature_stop	exon_3	3.0	583.0	1081.0	361.0			True	1	1	1	1.0	MEDIUM	GCA_016433095.1
Hippotragus equinus	premature_stop|ex3|codon430	premature_stop	exon_3	3.0	790.0	1288.0	430.0			True	1	1	1	1.0	MEDIUM	GCA_016433095.1
Hippotragus equinus	premature_stop|ex3|codon433	premature_stop	exon_3	3.0	799.0	1297.0	433.0			True	1	1	1	1.0	MEDIUM	GCA_016433095.1
Hippotragus equinus	premature_stop|ex5|codon526	premature_stop	exon_5	5.0	28.0	1576.0	526.0			True	1	1	1	1.0	MEDIUM	GCA_016433095.1
Hippotragus equinus	premature_stop|ex5|codon530	premature_stop	exon_5	5.0	40.0	1588.0	530.0			True	1	1	1	1.0	MEDIUM	GCA_016433095.1
Hippotragus equinus	premature_stop|ex6|codon722	premature_stop	exon_6	6.0	492.0	2164.0	722.0			True	1	1	1	1.0	MEDIUM	GCA_016433095.1
Hippotragus niger	candidate_large_frameshift_insertion|ex4|pos38|len716	candidate_large_frameshift_insertion	exon_4	4.0	38.0	1373.0	458.0	716.0		True	1	1	1	1.0	MEDIUM	GCA_006942125.1
Hippotragus niger	candidate_large_inframe_insertion|ex3|pos407|len138	candidate_large_inframe_insertion	exon_3	3.0	407.0	905.0	302.0	138.0		False	1	1	1	1.0	MEDIUM	GCA_006942125.1
Hippotragus niger	frameshift_deletion|ex1|pos119|len4	frameshift_deletion	exon_1	1.0	119.0	119.0	40.0	4.0		True	1	1	1	1.0	MEDIUM	GCA_006942125.1
Hippotragus niger	frameshift_deletion|ex1|pos162|len1	frameshift_deletion	exon_1	1.0	162.0	162.0	54.0	1.0		True	1	1	1	1.0	MEDIUM	GCA_006942125.1
Hippotragus niger	frameshift_deletion|ex3|pos167|len7	frameshift_deletion	exon_3	3.0	167.0	665.0	222.0	7.0		True	1	1	1	1.0	MEDIUM	GCA_006942125.1
Hippotragus niger	frameshift_deletion|ex3|pos606|len1	frameshift_deletion	exon_3	3.0	606.0	1104.0	368.0	1.0		True	1	1	1	1.0	MEDIUM	GCA_006942125.1
Hippotragus niger	frameshift_deletion|ex4|pos131|len1	frameshift_deletion	exon_4	4.0	131.0	1466.0	489.0	1.0		True	1	1	1	1.0	MEDIUM	GCA_006942125.1
Hippotragus niger	frameshift_deletion|ex6|pos237|len1	frameshift_deletion	exon_6	6.0	237.0	1909.0	637.0	1.0		True	1	1	1	1.0	MEDIUM	GCA_006942125.1
Hippotragus niger	frameshift_deletion|ex6|pos737|len5	frameshift_deletion	exon_6	6.0	737.0	2409.0	803.0	5.0		True	1	1	1	1.0	MEDIUM	GCA_006942125.1
Hippotragus niger	frameshift_induced_stop|ex2|codon77	frameshift_induced_stop	exon_2	2.0	37.0	231.0	77.0			True	1	1	1	1.0	MEDIUM	GCA_006942125.1
Hippotragus niger	frameshift_induced_stop|ex3|codon239	frameshift_induced_stop	exon_3	3.0	219.0	717.0	239.0			True	1	1	1	1.0	MEDIUM	GCA_006942125.1
Hippotragus niger	frameshift_induced_stop|ex3|codon371	frameshift_induced_stop	exon_3	3.0	613.0	1111.0	371.0			True	1	1	1	1.0	MEDIUM	GCA_006942125.1
Hippotragus niger	frameshift_induced_stop|ex6|codon574	frameshift_induced_stop	exon_6	6.0	50.0	1722.0	574.0			True	1	1	1	1.0	MEDIUM	GCA_006942125.1
Hippotragus niger	frameshift_induced_stop|ex6|codon722	frameshift_induced_stop	exon_6	6.0	493.0	2165.0	722.0			True	1	1	1	1.0	MEDIUM	GCA_006942125.1
Hippotragus niger	frameshift_insertion|ex1|pos136|len1	frameshift_insertion	exon_1	1.0	136.0	136.0	46.0	1.0		True	1	1	1	1.0	MEDIUM	GCA_006942125.1
Hippotragus niger	frameshift_insertion|ex2|pos297|len1	frameshift_insertion	exon_2	2.0	297.0	491.0	164.0	1.0		True	1	1	1	1.0	MEDIUM	GCA_006942125.1
Hippotragus niger	frameshift_insertion|ex4|pos169|len1	frameshift_insertion	exon_4	4.0	169.0	1504.0	502.0	1.0		True	1	1	1	1.0	MEDIUM	GCA_006942125.1
Hippotragus niger	frameshift_insertion|ex6|pos338|len2	frameshift_insertion	exon_6	6.0	338.0	2010.0	670.0	2.0		True	1	1	1	1.0	MEDIUM	GCA_006942125.1
Hippotragus niger	frameshift_insertion|ex6|pos33|len1	frameshift_insertion	exon_6	6.0	33.0	1705.0	569.0	1.0		True	1	1	1	1.0	MEDIUM	GCA_006942125.1
Hippotragus niger	inframe_deletion|ex3|pos658|len9	inframe_deletion	exon_3	3.0	658.0	1156.0	386.0	9.0		False	1	1	1	1.0	MEDIUM	GCA_006942125.1
Hippotragus niger	inframe_deletion|ex6|pos465|len24	inframe_deletion	exon_6	6.0	465.0	2137.0	713.0	24.0		False	1	1	1	1.0	MEDIUM	GCA_006942125.1
Hippotragus niger	inframe_deletion|ex6|pos89|len9	inframe_deletion	exon_6	6.0	89.0	1761.0	587.0	9.0		False	1	1	1	1.0	MEDIUM	GCA_006942125.1
Hippotragus niger	inframe_deletion|ex6|pos939|len21	inframe_deletion	exon_6	6.0	939.0	2611.0	871.0	21.0		False	1	1	1	1.0	MEDIUM	GCA_006942125.1
Hippotragus niger	potential_splice_acceptor_disruption|ex5|GA	potential_splice_acceptor_disruption	exon_5	5.0	1.0	1549.0	517.0		GA	True	1	1	1	1.0	MEDIUM	GCA_006942125.1
Hippotragus niger	potential_splice_donor_disruption|ex1|CC	potential_splice_donor_disruption	exon_1	1.0	194.0	194.0	65.0		CC	True	1	1	1	1.0	MEDIUM	GCA_006942125.1
Hippotragus niger	premature_stop|ex3|codon361	premature_stop	exon_3	3.0	583.0	1081.0	361.0			True	1	1	1	1.0	MEDIUM	GCA_006942125.1
Hippotragus niger	premature_stop|ex3|codon430	premature_stop	exon_3	3.0	790.0	1288.0	430.0			True	1	1	1	1.0	MEDIUM	GCA_006942125.1
Hippotragus niger	premature_stop|ex3|codon433	premature_stop	exon_3	3.0	799.0	1297.0	433.0			True	1	1	1	1.0	MEDIUM	GCA_006942125.1
Hippotragus niger	premature_stop|ex5|codon526	premature_stop	exon_5	5.0	28.0	1576.0	526.0			True	1	1	1	1.0	MEDIUM	GCA_006942125.1
Hippotragus niger	premature_stop|ex5|codon530	premature_stop	exon_5	5.0	40.0	1588.0	530.0			True	1	1	1	1.0	MEDIUM	GCA_006942125.1
Hippotragus niger	premature_stop|ex6|codon722	premature_stop	exon_6	6.0	492.0	2164.0	722.0			True	1	1	1	1.0	MEDIUM	GCA_006942125.1
Hydropotes inermis	candidate_large_frameshift_insertion|ex2|pos237|len812	candidate_large_frameshift_insertion	exon_2	2.0	237.0	431.0	144.0	812.0		True	3	3	3	1.0	HIGH	GCA_006459105.1;GCA_020226075.1;GCA_056247825.1
Hydropotes inermis	candidate_large_frameshift_insertion|ex3|pos195|len244	candidate_large_frameshift_insertion	exon_3	3.0	195.0	693.0	231.0	244.0		True	2	2	3	0.6666666666666666	HIGH	GCA_006459105.1;GCA_020226075.1
Hydropotes inermis	candidate_large_inframe_insertion|ex3|pos195|len261	candidate_large_inframe_insertion	exon_3	3.0	195.0	693.0	231.0	261.0		False	1	1	3	0.3333333333333333	LOW	GCA_056247825.1
Hydropotes inermis	frameshift_deletion|ex2|pos130|len1	frameshift_deletion	exon_2	2.0	130.0	324.0	108.0	1.0		True	3	3	3	1.0	HIGH	GCA_006459105.1;GCA_020226075.1;GCA_056247825.1
Hydropotes inermis	frameshift_deletion|ex2|pos152|len2	frameshift_deletion	exon_2	2.0	152.0	346.0	116.0	2.0		True	3	3	3	1.0	HIGH	GCA_006459105.1;GCA_020226075.1;GCA_056247825.1
Hydropotes inermis	frameshift_deletion|ex2|pos265|len1	frameshift_deletion	exon_2	2.0	265.0	459.0	153.0	1.0		True	3	3	3	1.0	HIGH	GCA_006459105.1;GCA_020226075.1;GCA_056247825.1
Hydropotes inermis	frameshift_deletion|ex2|pos33|len5	frameshift_deletion	exon_2	2.0	33.0	227.0	76.0	5.0		True	3	3	3	1.0	HIGH	GCA_006459105.1;GCA_020226075.1;GCA_056247825.1
Hydropotes inermis	frameshift_deletion|ex3|pos166|len7	frameshift_deletion	exon_3	3.0	166.0	664.0	222.0	7.0		True	3	3	3	1.0	HIGH	GCA_006459105.1;GCA_020226075.1;GCA_056247825.1
Hydropotes inermis	frameshift_deletion|ex4|pos131|len1	frameshift_deletion	exon_4	4.0	131.0	1466.0	489.0	1.0		True	3	3	3	1.0	HIGH	GCA_006459105.1;GCA_020226075.1;GCA_056247825.1
Hydropotes inermis	frameshift_deletion|ex6|pos464|len17	frameshift_deletion	exon_6	6.0	464.0	2136.0	712.0	17.0		True	3	3	3	1.0	HIGH	GCA_006459105.1;GCA_020226075.1;GCA_056247825.1
Hydropotes inermis	frameshift_deletion|ex6|pos487|len7	frameshift_deletion	exon_6	6.0	487.0	2159.0	720.0	7.0		True	3	3	3	1.0	HIGH	GCA_006459105.1;GCA_020226075.1;GCA_056247825.1
Hydropotes inermis	frameshift_deletion|ex6|pos737|len5	frameshift_deletion	exon_6	6.0	737.0	2409.0	803.0	5.0		True	3	3	3	1.0	HIGH	GCA_006459105.1;GCA_020226075.1;GCA_056247825.1
Hydropotes inermis	frameshift_induced_stop|ex1|codon56	frameshift_induced_stop	exon_1	1.0	166.0	166.0	56.0			True	3	3	3	1.0	HIGH	GCA_006459105.1;GCA_020226075.1;GCA_056247825.1
Hydropotes inermis	frameshift_induced_stop|ex2|codon144	frameshift_induced_stop	exon_2	2.0	238.0	432.0	144.0			True	3	3	3	1.0	HIGH	GCA_006459105.1;GCA_020226075.1;GCA_056247825.1
Hydropotes inermis	frameshift_induced_stop|ex2|codon83	frameshift_induced_stop	exon_2	2.0	55.0	249.0	83.0			True	3	3	3	1.0	HIGH	GCA_006459105.1;GCA_020226075.1;GCA_056247825.1
Hydropotes inermis	frameshift_induced_stop|ex3|codon374	frameshift_induced_stop	exon_3	3.0	623.0	1121.0	374.0			True	1	1	3	0.3333333333333333	LOW	GCA_056247825.1
Hydropotes inermis	frameshift_induced_stop|ex4|codon496	frameshift_induced_stop	exon_4	4.0	153.0	1488.0	496.0			True	3	3	3	1.0	HIGH	GCA_006459105.1;GCA_020226075.1;GCA_056247825.1
Hydropotes inermis	frameshift_induced_stop|ex6|codon736	frameshift_induced_stop	exon_6	6.0	536.0	2208.0	736.0			True	3	3	3	1.0	HIGH	GCA_006459105.1;GCA_020226075.1;GCA_056247825.1
Hydropotes inermis	frameshift_induced_stop|ex6|codon824	frameshift_induced_stop	exon_6	6.0	798.0	2470.0	824.0			True	2	2	3	0.6666666666666666	HIGH	GCA_006459105.1;GCA_020226075.1
Hydropotes inermis	frameshift_insertion|ex1|pos136|len1	frameshift_insertion	exon_1	1.0	136.0	136.0	46.0	1.0		True	2	2	3	0.6666666666666666	HIGH	GCA_020226075.1;GCA_056247825.1
Hydropotes inermis	frameshift_insertion|ex1|pos138|len1	frameshift_insertion	exon_1	1.0	138.0	138.0	46.0	1.0		True	1	1	3	0.3333333333333333	LOW	GCA_006459105.1
Hydropotes inermis	frameshift_insertion|ex6|pos634|len1	frameshift_insertion	exon_6	6.0	634.0	2306.0	769.0	1.0		True	3	3	3	1.0	HIGH	GCA_006459105.1;GCA_020226075.1;GCA_056247825.1
Hydropotes inermis	inframe_deletion|ex3|pos659|len6	inframe_deletion	exon_3	3.0	659.0	1157.0	386.0	6.0		False	3	3	3	1.0	HIGH	GCA_006459105.1;GCA_020226075.1;GCA_056247825.1
Hydropotes inermis	inframe_deletion|ex3|pos667|len3	inframe_deletion	exon_3	3.0	667.0	1165.0	389.0	3.0		False	3	3	3	1.0	HIGH	GCA_006459105.1;GCA_020226075.1;GCA_056247825.1
Hydropotes inermis	inframe_deletion|ex6|pos935|len21	inframe_deletion	exon_6	6.0	935.0	2607.0	869.0	21.0		False	3	3	3	1.0	HIGH	GCA_006459105.1;GCA_020226075.1;GCA_056247825.1
Hydropotes inermis	inframe_insertion|ex3|pos267|len15	inframe_insertion	exon_3	3.0	267.0	765.0	255.0	15.0		False	3	3	3	1.0	HIGH	GCA_006459105.1;GCA_020226075.1;GCA_056247825.1
Hydropotes inermis	potential_splice_acceptor_disruption|ex5|GA	potential_splice_acceptor_disruption	exon_5	5.0	1.0	1549.0	517.0		GA	True	3	3	3	1.0	HIGH	GCA_006459105.1;GCA_020226075.1;GCA_056247825.1
Hydropotes inermis	potential_splice_donor_disruption|ex1|CA	potential_splice_donor_disruption	exon_1	1.0	194.0	194.0	65.0		CA	True	3	3	3	1.0	HIGH	GCA_006459105.1;GCA_020226075.1;GCA_056247825.1
Hydropotes inermis	premature_stop|ex1|codon51	premature_stop	exon_1	1.0	151.0	151.0	51.0			True	3	3	3	1.0	HIGH	GCA_006459105.1;GCA_020226075.1;GCA_056247825.1
Hydropotes inermis	premature_stop|ex3|codon374	premature_stop	exon_3	3.0	622.0	1120.0	374.0			True	3	3	3	1.0	HIGH	GCA_006459105.1;GCA_020226075.1;GCA_056247825.1
Hydropotes inermis	premature_stop|ex3|codon430	premature_stop	exon_3	3.0	790.0	1288.0	430.0			True	3	3	3	1.0	HIGH	GCA_006459105.1;GCA_020226075.1;GCA_056247825.1
Hydropotes inermis	premature_stop|ex3|codon433	premature_stop	exon_3	3.0	799.0	1297.0	433.0			True	3	3	3	1.0	HIGH	GCA_006459105.1;GCA_020226075.1;GCA_056247825.1
Kobus ellipsiprymnus	candidate_large_inframe_insertion|ex3|pos407|len135	candidate_large_inframe_insertion	exon_3	3.0	407.0	905.0	302.0	135.0		False	1	1	1	1.0	MEDIUM	GCA_006410655.1
Kobus ellipsiprymnus	frameshift_deletion|ex1|pos119|len4	frameshift_deletion	exon_1	1.0	119.0	119.0	40.0	4.0		True	1	1	1	1.0	MEDIUM	GCA_006410655.1
Kobus ellipsiprymnus	frameshift_deletion|ex1|pos162|len1	frameshift_deletion	exon_1	1.0	162.0	162.0	54.0	1.0		True	1	1	1	1.0	MEDIUM	GCA_006410655.1
Kobus ellipsiprymnus	frameshift_deletion|ex3|pos167|len7	frameshift_deletion	exon_3	3.0	167.0	665.0	222.0	7.0		True	1	1	1	1.0	MEDIUM	GCA_006410655.1
Kobus ellipsiprymnus	frameshift_deletion|ex3|pos532|len2	frameshift_deletion	exon_3	3.0	532.0	1030.0	344.0	2.0		True	1	1	1	1.0	MEDIUM	GCA_006410655.1
Kobus ellipsiprymnus	frameshift_deletion|ex3|pos607|len1	frameshift_deletion	exon_3	3.0	607.0	1105.0	369.0	1.0		True	1	1	1	1.0	MEDIUM	GCA_006410655.1
Kobus ellipsiprymnus	frameshift_deletion|ex4|pos133|len1	frameshift_deletion	exon_4	4.0	133.0	1468.0	490.0	1.0		True	1	1	1	1.0	MEDIUM	GCA_006410655.1
Kobus ellipsiprymnus	frameshift_deletion|ex6|pos467|len1	frameshift_deletion	exon_6	6.0	467.0	2139.0	713.0	1.0		True	1	1	1	1.0	MEDIUM	GCA_006410655.1
Kobus ellipsiprymnus	frameshift_deletion|ex6|pos737|len5	frameshift_deletion	exon_6	6.0	737.0	2409.0	803.0	5.0		True	1	1	1	1.0	MEDIUM	GCA_006410655.1
Kobus ellipsiprymnus	frameshift_induced_stop|ex2|codon68	frameshift_induced_stop	exon_2	2.0	10.0	204.0	68.0			True	1	1	1	1.0	MEDIUM	GCA_006410655.1
Kobus ellipsiprymnus	frameshift_induced_stop|ex3|codon236	frameshift_induced_stop	exon_3	3.0	208.0	706.0	236.0			True	1	1	1	1.0	MEDIUM	GCA_006410655.1
Kobus ellipsiprymnus	frameshift_induced_stop|ex3|codon354	frameshift_induced_stop	exon_3	3.0	564.0	1062.0	354.0			True	1	1	1	1.0	MEDIUM	GCA_006410655.1
Kobus ellipsiprymnus	frameshift_induced_stop|ex3|codon371	frameshift_induced_stop	exon_3	3.0	613.0	1111.0	371.0			True	1	1	1	1.0	MEDIUM	GCA_006410655.1
Kobus ellipsiprymnus	frameshift_induced_stop|ex6|codon678	frameshift_induced_stop	exon_6	6.0	362.0	2034.0	678.0			True	1	1	1	1.0	MEDIUM	GCA_006410655.1
Kobus ellipsiprymnus	frameshift_induced_stop|ex6|codon743	frameshift_induced_stop	exon_6	6.0	555.0	2227.0	743.0			True	1	1	1	1.0	MEDIUM	GCA_006410655.1
Kobus ellipsiprymnus	frameshift_induced_stop|ex6|codon821	frameshift_induced_stop	exon_6	6.0	791.0	2463.0	821.0			True	1	1	1	1.0	MEDIUM	GCA_006410655.1
Kobus ellipsiprymnus	frameshift_insertion|ex1|pos136|len1	frameshift_insertion	exon_1	1.0	136.0	136.0	46.0	1.0		True	1	1	1	1.0	MEDIUM	GCA_006410655.1
Kobus ellipsiprymnus	frameshift_insertion|ex6|pos338|len2	frameshift_insertion	exon_6	6.0	338.0	2010.0	670.0	2.0		True	1	1	1	1.0	MEDIUM	GCA_006410655.1
Kobus ellipsiprymnus	inframe_deletion|ex3|pos222|len12	inframe_deletion	exon_3	3.0	222.0	720.0	240.0	12.0		False	1	1	1	1.0	MEDIUM	GCA_006410655.1
Kobus ellipsiprymnus	inframe_deletion|ex3|pos659|len6	inframe_deletion	exon_3	3.0	659.0	1157.0	386.0	6.0		False	1	1	1	1.0	MEDIUM	GCA_006410655.1
Kobus ellipsiprymnus	inframe_deletion|ex3|pos669|len3	inframe_deletion	exon_3	3.0	669.0	1167.0	389.0	3.0		False	1	1	1	1.0	MEDIUM	GCA_006410655.1
Kobus ellipsiprymnus	inframe_deletion|ex3|pos691|len3	inframe_deletion	exon_3	3.0	691.0	1189.0	397.0	3.0		False	1	1	1	1.0	MEDIUM	GCA_006410655.1
Kobus ellipsiprymnus	inframe_deletion|ex6|pos89|len9	inframe_deletion	exon_6	6.0	89.0	1761.0	587.0	9.0		False	1	1	1	1.0	MEDIUM	GCA_006410655.1
Kobus ellipsiprymnus	inframe_deletion|ex6|pos939|len21	inframe_deletion	exon_6	6.0	939.0	2611.0	871.0	21.0		False	1	1	1	1.0	MEDIUM	GCA_006410655.1
Kobus ellipsiprymnus	potential_splice_acceptor_disruption|ex3|AA	potential_splice_acceptor_disruption	exon_3	3.0	1.0	499.0	167.0		AA	True	1	1	1	1.0	MEDIUM	GCA_006410655.1
Kobus ellipsiprymnus	potential_splice_acceptor_disruption|ex5|GA	potential_splice_acceptor_disruption	exon_5	5.0	1.0	1549.0	517.0		GA	True	1	1	1	1.0	MEDIUM	GCA_006410655.1
Kobus ellipsiprymnus	potential_splice_donor_disruption|ex1|CC	potential_splice_donor_disruption	exon_1	1.0	194.0	194.0	65.0		CC	True	1	1	1	1.0	MEDIUM	GCA_006410655.1
Kobus ellipsiprymnus	premature_stop|ex2|codon73	premature_stop	exon_2	2.0	23.0	217.0	73.0			True	1	1	1	1.0	MEDIUM	GCA_006410655.1
Kobus ellipsiprymnus	premature_stop|ex3|codon361	premature_stop	exon_3	3.0	583.0	1081.0	361.0			True	1	1	1	1.0	MEDIUM	GCA_006410655.1
Kobus ellipsiprymnus	premature_stop|ex3|codon430	premature_stop	exon_3	3.0	790.0	1288.0	430.0			True	1	1	1	1.0	MEDIUM	GCA_006410655.1
Kobus ellipsiprymnus	premature_stop|ex3|codon433	premature_stop	exon_3	3.0	799.0	1297.0	433.0			True	1	1	1	1.0	MEDIUM	GCA_006410655.1
Kobus ellipsiprymnus	premature_stop|ex5|codon526	premature_stop	exon_5	5.0	28.0	1576.0	526.0			True	1	1	1	1.0	MEDIUM	GCA_006410655.1
Kobus ellipsiprymnus	premature_stop|ex6|codon722	premature_stop	exon_6	6.0	492.0	2164.0	722.0			True	1	1	1	1.0	MEDIUM	GCA_006410655.1
Kobus leche	candidate_large_inframe_insertion|ex3|pos407|len135	candidate_large_inframe_insertion	exon_3	3.0	407.0	905.0	302.0	135.0		False	1	1	1	1.0	MEDIUM	GCA_014926565.1
Kobus leche	frameshift_deletion|ex1|pos119|len4	frameshift_deletion	exon_1	1.0	119.0	119.0	40.0	4.0		True	1	1	1	1.0	MEDIUM	GCA_014926565.1
Kobus leche	frameshift_deletion|ex1|pos162|len1	frameshift_deletion	exon_1	1.0	162.0	162.0	54.0	1.0		True	1	1	1	1.0	MEDIUM	GCA_014926565.1
Kobus leche	frameshift_deletion|ex3|pos167|len7	frameshift_deletion	exon_3	3.0	167.0	665.0	222.0	7.0		True	1	1	1	1.0	MEDIUM	GCA_014926565.1
Kobus leche	frameshift_deletion|ex3|pos532|len2	frameshift_deletion	exon_3	3.0	532.0	1030.0	344.0	2.0		True	1	1	1	1.0	MEDIUM	GCA_014926565.1
Kobus leche	frameshift_deletion|ex3|pos607|len1	frameshift_deletion	exon_3	3.0	607.0	1105.0	369.0	1.0		True	1	1	1	1.0	MEDIUM	GCA_014926565.1
Kobus leche	frameshift_deletion|ex4|pos133|len1	frameshift_deletion	exon_4	4.0	133.0	1468.0	490.0	1.0		True	1	1	1	1.0	MEDIUM	GCA_014926565.1
Kobus leche	frameshift_deletion|ex6|pos467|len1	frameshift_deletion	exon_6	6.0	467.0	2139.0	713.0	1.0		True	1	1	1	1.0	MEDIUM	GCA_014926565.1
Kobus leche	frameshift_deletion|ex6|pos737|len5	frameshift_deletion	exon_6	6.0	737.0	2409.0	803.0	5.0		True	1	1	1	1.0	MEDIUM	GCA_014926565.1
Kobus leche	frameshift_induced_stop|ex2|codon68	frameshift_induced_stop	exon_2	2.0	10.0	204.0	68.0			True	1	1	1	1.0	MEDIUM	GCA_014926565.1
Kobus leche	frameshift_induced_stop|ex3|codon236	frameshift_induced_stop	exon_3	3.0	208.0	706.0	236.0			True	1	1	1	1.0	MEDIUM	GCA_014926565.1
Kobus leche	frameshift_induced_stop|ex3|codon354	frameshift_induced_stop	exon_3	3.0	564.0	1062.0	354.0			True	1	1	1	1.0	MEDIUM	GCA_014926565.1
Kobus leche	frameshift_induced_stop|ex3|codon371	frameshift_induced_stop	exon_3	3.0	613.0	1111.0	371.0			True	1	1	1	1.0	MEDIUM	GCA_014926565.1
Kobus leche	frameshift_induced_stop|ex6|codon678	frameshift_induced_stop	exon_6	6.0	362.0	2034.0	678.0			True	1	1	1	1.0	MEDIUM	GCA_014926565.1
Kobus leche	frameshift_induced_stop|ex6|codon743	frameshift_induced_stop	exon_6	6.0	555.0	2227.0	743.0			True	1	1	1	1.0	MEDIUM	GCA_014926565.1
Kobus leche	frameshift_induced_stop|ex6|codon821	frameshift_induced_stop	exon_6	6.0	791.0	2463.0	821.0			True	1	1	1	1.0	MEDIUM	GCA_014926565.1
Kobus leche	frameshift_insertion|ex1|pos136|len1	frameshift_insertion	exon_1	1.0	136.0	136.0	46.0	1.0		True	1	1	1	1.0	MEDIUM	GCA_014926565.1
Kobus leche	frameshift_insertion|ex6|pos338|len2	frameshift_insertion	exon_6	6.0	338.0	2010.0	670.0	2.0		True	1	1	1	1.0	MEDIUM	GCA_014926565.1
Kobus leche	inframe_deletion|ex3|pos222|len12	inframe_deletion	exon_3	3.0	222.0	720.0	240.0	12.0		False	1	1	1	1.0	MEDIUM	GCA_014926565.1
Kobus leche	inframe_deletion|ex3|pos659|len6	inframe_deletion	exon_3	3.0	659.0	1157.0	386.0	6.0		False	1	1	1	1.0	MEDIUM	GCA_014926565.1
Kobus leche	inframe_deletion|ex3|pos669|len3	inframe_deletion	exon_3	3.0	669.0	1167.0	389.0	3.0		False	1	1	1	1.0	MEDIUM	GCA_014926565.1
Kobus leche	inframe_deletion|ex3|pos691|len3	inframe_deletion	exon_3	3.0	691.0	1189.0	397.0	3.0		False	1	1	1	1.0	MEDIUM	GCA_014926565.1
Kobus leche	inframe_deletion|ex6|pos89|len9	inframe_deletion	exon_6	6.0	89.0	1761.0	587.0	9.0		False	1	1	1	1.0	MEDIUM	GCA_014926565.1
Kobus leche	inframe_deletion|ex6|pos939|len21	inframe_deletion	exon_6	6.0	939.0	2611.0	871.0	21.0		False	1	1	1	1.0	MEDIUM	GCA_014926565.1
Kobus leche	potential_splice_acceptor_disruption|ex3|AA	potential_splice_acceptor_disruption	exon_3	3.0	1.0	499.0	167.0		AA	True	1	1	1	1.0	MEDIUM	GCA_014926565.1
Kobus leche	potential_splice_acceptor_disruption|ex5|GA	potential_splice_acceptor_disruption	exon_5	5.0	1.0	1549.0	517.0		GA	True	1	1	1	1.0	MEDIUM	GCA_014926565.1
Kobus leche	potential_splice_donor_disruption|ex1|CC	potential_splice_donor_disruption	exon_1	1.0	194.0	194.0	65.0		CC	True	1	1	1	1.0	MEDIUM	GCA_014926565.1
Kobus leche	potential_splice_donor_disruption|ex2|AG	potential_splice_donor_disruption	exon_2	2.0	304.0	498.0	166.0		AG	True	1	1	1	1.0	MEDIUM	GCA_014926565.1
Kobus leche	premature_stop|ex2|codon73	premature_stop	exon_2	2.0	23.0	217.0	73.0			True	1	1	1	1.0	MEDIUM	GCA_014926565.1
Kobus leche	premature_stop|ex3|codon361	premature_stop	exon_3	3.0	583.0	1081.0	361.0			True	1	1	1	1.0	MEDIUM	GCA_014926565.1
Kobus leche	premature_stop|ex3|codon430	premature_stop	exon_3	3.0	790.0	1288.0	430.0			True	1	1	1	1.0	MEDIUM	GCA_014926565.1
Kobus leche	premature_stop|ex3|codon433	premature_stop	exon_3	3.0	799.0	1297.0	433.0			True	1	1	1	1.0	MEDIUM	GCA_014926565.1
Kobus leche	premature_stop|ex5|codon526	premature_stop	exon_5	5.0	28.0	1576.0	526.0			True	1	1	1	1.0	MEDIUM	GCA_014926565.1
Kobus leche	premature_stop|ex6|codon722	premature_stop	exon_6	6.0	492.0	2164.0	722.0			True	1	1	1	1.0	MEDIUM	GCA_014926565.1
Litocranius walleri	candidate_large_frameshift_insertion|ex4|pos38|len1057	candidate_large_frameshift_insertion	exon_4	4.0	38.0	1373.0	458.0	1057.0		True	1	1	1	1.0	MEDIUM	GCA_006410535.1
Litocranius walleri	frameshift_deletion|ex1|pos119|len4	frameshift_deletion	exon_1	1.0	119.0	119.0	40.0	4.0		True	1	1	1	1.0	MEDIUM	GCA_006410535.1
Litocranius walleri	frameshift_deletion|ex1|pos162|len1	frameshift_deletion	exon_1	1.0	162.0	162.0	54.0	1.0		True	1	1	1	1.0	MEDIUM	GCA_006410535.1
Litocranius walleri	frameshift_deletion|ex3|pos167|len7	frameshift_deletion	exon_3	3.0	167.0	665.0	222.0	7.0		True	1	1	1	1.0	MEDIUM	GCA_006410535.1
Litocranius walleri	frameshift_deletion|ex3|pos507|len1	frameshift_deletion	exon_3	3.0	507.0	1005.0	335.0	1.0		True	1	1	1	1.0	MEDIUM	GCA_006410535.1
Litocranius walleri	frameshift_deletion|ex4|pos131|len1	frameshift_deletion	exon_4	4.0	131.0	1466.0	489.0	1.0		True	1	1	1	1.0	MEDIUM	GCA_006410535.1
Litocranius walleri	frameshift_deletion|ex6|pos493|len13	frameshift_deletion	exon_6	6.0	493.0	2165.0	722.0	13.0		True	1	1	1	1.0	MEDIUM	GCA_006410535.1
Litocranius walleri	frameshift_deletion|ex6|pos737|len5	frameshift_deletion	exon_6	6.0	737.0	2409.0	803.0	5.0		True	1	1	1	1.0	MEDIUM	GCA_006410535.1
Litocranius walleri	frameshift_induced_stop|ex2|codon67	frameshift_induced_stop	exon_2	2.0	5.0	199.0	67.0			True	1	1	1	1.0	MEDIUM	GCA_006410535.1
Litocranius walleri	frameshift_induced_stop|ex3|codon354	frameshift_induced_stop	exon_3	3.0	564.0	1062.0	354.0			True	1	1	1	1.0	MEDIUM	GCA_006410535.1
Litocranius walleri	frameshift_induced_stop|ex4|codon495	frameshift_induced_stop	exon_4	4.0	148.0	1483.0	495.0			True	1	1	1	1.0	MEDIUM	GCA_006410535.1
Litocranius walleri	frameshift_induced_stop|ex6|codon824	frameshift_induced_stop	exon_6	6.0	798.0	2470.0	824.0			True	1	1	1	1.0	MEDIUM	GCA_006410535.1
Litocranius walleri	inframe_deletion|ex3|pos658|len9	inframe_deletion	exon_3	3.0	658.0	1156.0	386.0	9.0		False	1	1	1	1.0	MEDIUM	GCA_006410535.1
Litocranius walleri	inframe_deletion|ex6|pos89|len9	inframe_deletion	exon_6	6.0	89.0	1761.0	587.0	9.0		False	1	1	1	1.0	MEDIUM	GCA_006410535.1
Litocranius walleri	inframe_deletion|ex6|pos939|len21	inframe_deletion	exon_6	6.0	939.0	2611.0	871.0	21.0		False	1	1	1	1.0	MEDIUM	GCA_006410535.1
Litocranius walleri	potential_splice_acceptor_disruption|ex5|GA	potential_splice_acceptor_disruption	exon_5	5.0	1.0	1549.0	517.0		GA	True	1	1	1	1.0	MEDIUM	GCA_006410535.1
Litocranius walleri	premature_stop|ex3|codon303	premature_stop	exon_3	3.0	409.0	907.0	303.0			True	1	1	1	1.0	MEDIUM	GCA_006410535.1
Litocranius walleri	premature_stop|ex3|codon361	premature_stop	exon_3	3.0	583.0	1081.0	361.0			True	1	1	1	1.0	MEDIUM	GCA_006410535.1
Litocranius walleri	premature_stop|ex3|codon430	premature_stop	exon_3	3.0	790.0	1288.0	430.0			True	1	1	1	1.0	MEDIUM	GCA_006410535.1
Litocranius walleri	premature_stop|ex3|codon433	premature_stop	exon_3	3.0	799.0	1297.0	433.0			True	1	1	1	1.0	MEDIUM	GCA_006410535.1
Litocranius walleri	premature_stop|ex5|codon526	premature_stop	exon_5	5.0	28.0	1576.0	526.0			True	1	1	1	1.0	MEDIUM	GCA_006410535.1
Madoqua kirkii	candidate_large_frameshift_insertion|ex4|pos38|len713	candidate_large_frameshift_insertion	exon_4	4.0	38.0	1373.0	458.0	713.0		True	1	1	1	1.0	MEDIUM	GCA_006408675.1
Madoqua kirkii	exon_unresolved|ex5	exon_unresolved	exon_5	5.0	1.0	1549.0	517.0	124.0		False	1	0	0		LOW	
Madoqua kirkii	exon_unresolved|ex6	exon_unresolved	exon_6	6.0	1.0	1673.0	558.0	1115.0		False	1	0	0		LOW	
Madoqua kirkii	frameshift_deletion|ex1|pos119|len4	frameshift_deletion	exon_1	1.0	119.0	119.0	40.0	4.0		True	1	1	1	1.0	MEDIUM	GCA_006408675.1
Madoqua kirkii	frameshift_deletion|ex1|pos162|len1	frameshift_deletion	exon_1	1.0	162.0	162.0	54.0	1.0		True	1	1	1	1.0	MEDIUM	GCA_006408675.1
Madoqua kirkii	frameshift_deletion|ex3|pos167|len7	frameshift_deletion	exon_3	3.0	167.0	665.0	222.0	7.0		True	1	1	1	1.0	MEDIUM	GCA_006408675.1
Madoqua kirkii	frameshift_deletion|ex3|pos532|len2	frameshift_deletion	exon_3	3.0	532.0	1030.0	344.0	2.0		True	1	1	1	1.0	MEDIUM	GCA_006408675.1
Madoqua kirkii	frameshift_deletion|ex3|pos72|len1	frameshift_deletion	exon_3	3.0	72.0	570.0	190.0	1.0		True	1	1	1	1.0	MEDIUM	GCA_006408675.1
Madoqua kirkii	frameshift_deletion|ex3|pos80|len1	frameshift_deletion	exon_3	3.0	80.0	578.0	193.0	1.0		True	1	1	1	1.0	MEDIUM	GCA_006408675.1
Madoqua kirkii	frameshift_deletion|ex4|pos131|len1	frameshift_deletion	exon_4	4.0	131.0	1466.0	489.0	1.0		True	1	1	1	1.0	MEDIUM	GCA_006408675.1
Madoqua kirkii	frameshift_induced_stop|ex1|codon51	frameshift_induced_stop	exon_1	1.0	153.0	153.0	51.0			True	1	1	1	1.0	MEDIUM	GCA_006408675.1
Madoqua kirkii	frameshift_induced_stop|ex2|codon67	frameshift_induced_stop	exon_2	2.0	5.0	199.0	67.0			True	1	1	1	1.0	MEDIUM	GCA_006408675.1
Madoqua kirkii	frameshift_induced_stop|ex3|codon202	frameshift_induced_stop	exon_3	3.0	108.0	606.0	202.0			True	1	1	1	1.0	MEDIUM	GCA_006408675.1
Madoqua kirkii	frameshift_induced_stop|ex3|codon236	frameshift_induced_stop	exon_3	3.0	208.0	706.0	236.0			True	1	1	1	1.0	MEDIUM	GCA_006408675.1
Madoqua kirkii	frameshift_induced_stop|ex3|codon354	frameshift_induced_stop	exon_3	3.0	564.0	1062.0	354.0			True	1	1	1	1.0	MEDIUM	GCA_006408675.1
Madoqua kirkii	frameshift_induced_stop|ex4|codon496	frameshift_induced_stop	exon_4	4.0	153.0	1488.0	496.0			True	1	1	1	1.0	MEDIUM	GCA_006408675.1
Madoqua kirkii	frameshift_insertion|ex3|pos752|len1	frameshift_insertion	exon_3	3.0	752.0	1250.0	417.0	1.0		True	1	1	1	1.0	MEDIUM	GCA_006408675.1
Madoqua kirkii	inframe_deletion|ex3|pos234|len9	inframe_deletion	exon_3	3.0	234.0	732.0	244.0	9.0		False	1	1	1	1.0	MEDIUM	GCA_006408675.1
Madoqua kirkii	inframe_deletion|ex3|pos658|len9	inframe_deletion	exon_3	3.0	658.0	1156.0	386.0	9.0		False	1	1	1	1.0	MEDIUM	GCA_006408675.1
Madoqua kirkii	premature_stop|ex3|codon303	premature_stop	exon_3	3.0	409.0	907.0	303.0			True	1	1	1	1.0	MEDIUM	GCA_006408675.1
Madoqua kirkii	premature_stop|ex3|codon361	premature_stop	exon_3	3.0	583.0	1081.0	361.0			True	1	1	1	1.0	MEDIUM	GCA_006408675.1
Madoqua kirkii	premature_stop|ex3|codon430	premature_stop	exon_3	3.0	790.0	1288.0	430.0			True	1	1	1	1.0	MEDIUM	GCA_006408675.1
Madoqua kirkii	premature_stop|ex3|codon433	premature_stop	exon_3	3.0	799.0	1297.0	433.0			True	1	1	1	1.0	MEDIUM	GCA_006408675.1
Megaloceros giganteus	gene_unresolved_no_hit|ex0|pos0	gene_unresolved_no_hit								False	2	0	0		LOW	
Moschus berezovskii	frameshift_deletion|ex1|pos162|len1	frameshift_deletion	exon_1	1.0	162.0	162.0	54.0	1.0		True	5	5	5	1.0	HIGH	GCA_006459085.1;GCA_006461545.1;GCA_022376915.1;GCA_049115385.1;GCF_022376915.1
Moschus berezovskii	frameshift_deletion|ex1|pos34|len11	frameshift_deletion	exon_1	1.0	34.0	34.0	12.0	11.0		True	5	5	5	1.0	HIGH	GCA_006459085.1;GCA_006461545.1;GCA_022376915.1;GCA_049115385.1;GCF_022376915.1
Moschus berezovskii	frameshift_deletion|ex3|pos167|len7	frameshift_deletion	exon_3	3.0	167.0	665.0	222.0	7.0		True	5	5	5	1.0	HIGH	GCA_006459085.1;GCA_006461545.1;GCA_022376915.1;GCA_049115385.1;GCF_022376915.1
Moschus berezovskii	frameshift_deletion|ex4|pos131|len1	frameshift_deletion	exon_4	4.0	131.0	1466.0	489.0	1.0		True	5	5	5	1.0	HIGH	GCA_006459085.1;GCA_006461545.1;GCA_022376915.1;GCA_049115385.1;GCF_022376915.1
Moschus berezovskii	frameshift_deletion|ex6|pos737|len5	frameshift_deletion	exon_6	6.0	737.0	2409.0	803.0	5.0		True	5	5	5	1.0	HIGH	GCA_006459085.1;GCA_006461545.1;GCA_022376915.1;GCA_049115385.1;GCF_022376915.1
Moschus berezovskii	frameshift_deletion|ex6|pos95|len1	frameshift_deletion	exon_6	6.0	95.0	1767.0	589.0	1.0		True	5	5	5	1.0	HIGH	GCA_006459085.1;GCA_006461545.1;GCA_022376915.1;GCA_049115385.1;GCF_022376915.1
Moschus berezovskii	frameshift_induced_stop|ex1|codon25	frameshift_induced_stop	exon_1	1.0	73.0	73.0	25.0			True	5	5	5	1.0	HIGH	GCA_006459085.1;GCA_006461545.1;GCA_022376915.1;GCA_049115385.1;GCF_022376915.1
Moschus berezovskii	frameshift_induced_stop|ex3|codon239	frameshift_induced_stop	exon_3	3.0	219.0	717.0	239.0			True	5	5	5	1.0	HIGH	GCA_006459085.1;GCA_006461545.1;GCA_022376915.1;GCA_049115385.1;GCF_022376915.1
Moschus berezovskii	frameshift_induced_stop|ex4|codon495	frameshift_induced_stop	exon_4	4.0	148.0	1483.0	495.0			True	5	5	5	1.0	HIGH	GCA_006459085.1;GCA_006461545.1;GCA_022376915.1;GCA_049115385.1;GCF_022376915.1
Moschus berezovskii	frameshift_induced_stop|ex6|codon652	frameshift_induced_stop	exon_6	6.0	282.0	1954.0	652.0			True	5	5	5	1.0	HIGH	GCA_006459085.1;GCA_006461545.1;GCA_022376915.1;GCA_049115385.1;GCF_022376915.1
Moschus berezovskii	frameshift_induced_stop|ex6|codon821	frameshift_induced_stop	exon_6	6.0	791.0	2463.0	821.0			True	5	5	5	1.0	HIGH	GCA_006459085.1;GCA_006461545.1;GCA_022376915.1;GCA_049115385.1;GCF_022376915.1
Moschus berezovskii	frameshift_insertion|ex6|pos161|len1	frameshift_insertion	exon_6	6.0	161.0	1833.0	611.0	1.0		True	5	5	5	1.0	HIGH	GCA_006459085.1;GCA_006461545.1;GCA_022376915.1;GCA_049115385.1;GCF_022376915.1
Moschus berezovskii	inframe_deletion|ex3|pos658|len9	inframe_deletion	exon_3	3.0	658.0	1156.0	386.0	9.0		False	5	5	5	1.0	HIGH	GCA_006459085.1;GCA_006461545.1;GCA_022376915.1;GCA_049115385.1;GCF_022376915.1
Moschus berezovskii	inframe_deletion|ex6|pos938|len15	inframe_deletion	exon_6	6.0	938.0	2610.0	870.0	15.0		False	5	5	5	1.0	HIGH	GCA_006459085.1;GCA_006461545.1;GCA_022376915.1;GCA_049115385.1;GCF_022376915.1
Moschus berezovskii	inframe_deletion|ex6|pos960|len6	inframe_deletion	exon_6	6.0	960.0	2632.0	878.0	6.0		False	5	5	5	1.0	HIGH	GCA_006459085.1;GCA_006461545.1;GCA_022376915.1;GCA_049115385.1;GCF_022376915.1
Moschus berezovskii	potential_splice_acceptor_disruption|ex3|AC	potential_splice_acceptor_disruption	exon_3	3.0	1.0	499.0	167.0		AC	True	3	3	5	0.6	HIGH	GCA_006459085.1;GCA_022376915.1;GCF_022376915.1
Moschus berezovskii	potential_splice_acceptor_disruption|ex5|GA	potential_splice_acceptor_disruption	exon_5	5.0	1.0	1549.0	517.0		GA	True	5	5	5	1.0	HIGH	GCA_006459085.1;GCA_006461545.1;GCA_022376915.1;GCA_049115385.1;GCF_022376915.1
Moschus berezovskii	potential_splice_donor_disruption|ex1|CC	potential_splice_donor_disruption	exon_1	1.0	194.0	194.0	65.0		CC	True	5	5	5	1.0	HIGH	GCA_006459085.1;GCA_006461545.1;GCA_022376915.1;GCA_049115385.1;GCF_022376915.1
Moschus berezovskii	premature_stop|ex3|codon195	premature_stop	exon_3	3.0	85.0	583.0	195.0			True	5	5	5	1.0	HIGH	GCA_006459085.1;GCA_006461545.1;GCA_022376915.1;GCA_049115385.1;GCF_022376915.1
Moschus berezovskii	premature_stop|ex3|codon204	premature_stop	exon_3	3.0	112.0	610.0	204.0			True	5	5	5	1.0	HIGH	GCA_006459085.1;GCA_006461545.1;GCA_022376915.1;GCA_049115385.1;GCF_022376915.1
Moschus berezovskii	premature_stop|ex3|codon220	premature_stop	exon_3	3.0	160.0	658.0	220.0			True	5	5	5	1.0	HIGH	GCA_006459085.1;GCA_006461545.1;GCA_022376915.1;GCA_049115385.1;GCF_022376915.1
Moschus berezovskii	premature_stop|ex3|codon303	premature_stop	exon_3	3.0	409.0	907.0	303.0			True	5	5	5	1.0	HIGH	GCA_006459085.1;GCA_006461545.1;GCA_022376915.1;GCA_049115385.1;GCF_022376915.1
Moschus berezovskii	premature_stop|ex3|codon375	premature_stop	exon_3	3.0	625.0	1123.0	375.0			True	5	5	5	1.0	HIGH	GCA_006459085.1;GCA_006461545.1;GCA_022376915.1;GCA_049115385.1;GCF_022376915.1
Moschus berezovskii	premature_stop|ex3|codon430	premature_stop	exon_3	3.0	790.0	1288.0	430.0			True	5	5	5	1.0	HIGH	GCA_006459085.1;GCA_006461545.1;GCA_022376915.1;GCA_049115385.1;GCF_022376915.1
Moschus berezovskii	premature_stop|ex3|codon433	premature_stop	exon_3	3.0	799.0	1297.0	433.0			True	5	5	5	1.0	HIGH	GCA_006459085.1;GCA_006461545.1;GCA_022376915.1;GCA_049115385.1;GCF_022376915.1
Moschus chrysogaster	candidate_large_frameshift_insertion|ex6|pos612|len1039	candidate_large_frameshift_insertion	exon_6	6.0	612.0	2284.0	762.0	1039.0		True	1	1	1	1.0	MEDIUM	GCA_006461725.1
Moschus chrysogaster	exon_unresolved|ex2	exon_unresolved	exon_2	2.0	1.0	195.0	65.0	304.0		False	1	0	0		LOW	
Moschus chrysogaster	frameshift_deletion|ex1|pos162|len1	frameshift_deletion	exon_1	1.0	162.0	162.0	54.0	1.0		True	1	1	1	1.0	MEDIUM	GCA_006461725.1
Moschus chrysogaster	frameshift_deletion|ex3|pos166|len7	frameshift_deletion	exon_3	3.0	166.0	664.0	222.0	7.0		True	1	1	1	1.0	MEDIUM	GCA_006461725.1
Moschus chrysogaster	frameshift_deletion|ex4|pos131|len1	frameshift_deletion	exon_4	4.0	131.0	1466.0	489.0	1.0		True	1	1	1	1.0	MEDIUM	GCA_006461725.1
Moschus chrysogaster	frameshift_deletion|ex6|pos95|len1	frameshift_deletion	exon_6	6.0	95.0	1767.0	589.0	1.0		True	1	1	1	1.0	MEDIUM	GCA_006461725.1
Moschus chrysogaster	frameshift_induced_stop|ex3|codon167	frameshift_induced_stop	exon_3	3.0	3.0	501.0	167.0			True	1	1	1	1.0	MEDIUM	GCA_006461725.1
Moschus chrysogaster	frameshift_induced_stop|ex3|codon252	frameshift_induced_stop	exon_3	3.0	256.0	754.0	252.0			True	1	1	1	1.0	MEDIUM	GCA_006461725.1
Moschus chrysogaster	frameshift_insertion|ex6|pos161|len1	frameshift_insertion	exon_6	6.0	161.0	1833.0	611.0	1.0		True	1	1	1	1.0	MEDIUM	GCA_006461725.1
Moschus chrysogaster	inframe_deletion|ex6|pos938|len15	inframe_deletion	exon_6	6.0	938.0	2610.0	870.0	15.0		False	1	1	1	1.0	MEDIUM	GCA_006461725.1
Moschus chrysogaster	inframe_deletion|ex6|pos960|len6	inframe_deletion	exon_6	6.0	960.0	2632.0	878.0	6.0		False	1	1	1	1.0	MEDIUM	GCA_006461725.1
Moschus chrysogaster	potential_splice_acceptor_disruption|ex5|GA	potential_splice_acceptor_disruption	exon_5	5.0	1.0	1549.0	517.0		GA	True	1	1	1	1.0	MEDIUM	GCA_006461725.1
Moschus chrysogaster	premature_stop|ex3|codon195	premature_stop	exon_3	3.0	85.0	583.0	195.0			True	1	1	1	1.0	MEDIUM	GCA_006461725.1
Moschus chrysogaster	premature_stop|ex3|codon204	premature_stop	exon_3	3.0	112.0	610.0	204.0			True	1	1	1	1.0	MEDIUM	GCA_006461725.1
Moschus chrysogaster	premature_stop|ex3|codon220	premature_stop	exon_3	3.0	160.0	658.0	220.0			True	1	1	1	1.0	MEDIUM	GCA_006461725.1
Moschus moschiferus	candidate_large_frameshift_insertion|ex2|pos237|len512	candidate_large_frameshift_insertion	exon_2	2.0	237.0	431.0	144.0	512.0		True	1	1	1	1.0	MEDIUM	GCA_011751665.1
Moschus moschiferus	candidate_large_frameshift_insertion|ex4|pos38|len719	candidate_large_frameshift_insertion	exon_4	4.0	38.0	1373.0	458.0	719.0		True	2	2	2	1.0	HIGH	GCA_004024705.2;GCA_011751665.1
Moschus moschiferus	frameshift_deletion|ex1|pos162|len1	frameshift_deletion	exon_1	1.0	162.0	162.0	54.0	1.0		True	2	2	2	1.0	HIGH	GCA_004024705.2;GCA_011751665.1
Moschus moschiferus	frameshift_deletion|ex3|pos167|len7	frameshift_deletion	exon_3	3.0	167.0	665.0	222.0	7.0		True	2	2	2	1.0	HIGH	GCA_004024705.2;GCA_011751665.1
Moschus moschiferus	frameshift_deletion|ex4|pos131|len1	frameshift_deletion	exon_4	4.0	131.0	1466.0	489.0	1.0		True	2	2	2	1.0	HIGH	GCA_004024705.2;GCA_011751665.1
Moschus moschiferus	frameshift_deletion|ex6|pos737|len5	frameshift_deletion	exon_6	6.0	737.0	2409.0	803.0	5.0		True	2	2	2	1.0	HIGH	GCA_004024705.2;GCA_011751665.1
Moschus moschiferus	frameshift_deletion|ex6|pos95|len1	frameshift_deletion	exon_6	6.0	95.0	1767.0	589.0	1.0		True	2	2	2	1.0	HIGH	GCA_004024705.2;GCA_011751665.1
Moschus moschiferus	frameshift_induced_stop|ex2|codon77	frameshift_induced_stop	exon_2	2.0	37.0	231.0	77.0			True	1	1	1	1.0	MEDIUM	GCA_011751665.1
Moschus moschiferus	frameshift_induced_stop|ex3|codon239	frameshift_induced_stop	exon_3	3.0	219.0	717.0	239.0			True	2	2	2	1.0	HIGH	GCA_004024705.2;GCA_011751665.1
Moschus moschiferus	frameshift_induced_stop|ex4|codon470	frameshift_induced_stop	exon_4	4.0	75.0	1410.0	470.0			True	1	1	2	0.5	MEDIUM	GCA_004024705.2
Moschus moschiferus	frameshift_induced_stop|ex4|codon495	frameshift_induced_stop	exon_4	4.0	148.0	1483.0	495.0			True	1	1	2	0.5	MEDIUM	GCA_011751665.1
Moschus moschiferus	frameshift_induced_stop|ex6|codon652	frameshift_induced_stop	exon_6	6.0	282.0	1954.0	652.0			True	1	1	2	0.5	MEDIUM	GCA_011751665.1
Moschus moschiferus	frameshift_induced_stop|ex6|codon821	frameshift_induced_stop	exon_6	6.0	791.0	2463.0	821.0			True	1	1	2	0.5	MEDIUM	GCA_004024705.2
Moschus moschiferus	frameshift_insertion|ex2|pos231|len1	frameshift_insertion	exon_2	2.0	231.0	425.0	142.0	1.0		True	2	2	1	2.0	HIGH	GCA_004024705.2;GCA_011751665.1
Moschus moschiferus	frameshift_insertion|ex6|pos161|len1	frameshift_insertion	exon_6	6.0	161.0	1833.0	611.0	1.0		True	2	2	2	1.0	HIGH	GCA_004024705.2;GCA_011751665.1
Moschus moschiferus	inframe_deletion|ex3|pos658|len9	inframe_deletion	exon_3	3.0	658.0	1156.0	386.0	9.0		False	2	2	2	1.0	HIGH	GCA_004024705.2;GCA_011751665.1
Moschus moschiferus	inframe_deletion|ex6|pos938|len15	inframe_deletion	exon_6	6.0	938.0	2610.0	870.0	15.0		False	2	2	2	1.0	HIGH	GCA_004024705.2;GCA_011751665.1
Moschus moschiferus	inframe_deletion|ex6|pos960|len6	inframe_deletion	exon_6	6.0	960.0	2632.0	878.0	6.0		False	2	2	2	1.0	HIGH	GCA_004024705.2;GCA_011751665.1
Moschus moschiferus	potential_splice_acceptor_disruption|ex5|GA	potential_splice_acceptor_disruption	exon_5	5.0	1.0	1549.0	517.0		GA	True	2	2	2	1.0	HIGH	GCA_004024705.2;GCA_011751665.1
Moschus moschiferus	potential_splice_donor_disruption|ex1|CC	potential_splice_donor_disruption	exon_1	1.0	194.0	194.0	65.0		CC	True	2	2	2	1.0	HIGH	GCA_004024705.2;GCA_011751665.1
Moschus moschiferus	potential_splice_donor_disruption|ex2|TG	potential_splice_donor_disruption	exon_2	2.0	304.0	498.0	166.0		TG	True	1	1	1	1.0	MEDIUM	GCA_011751665.1
Moschus moschiferus	premature_stop|ex3|codon375	premature_stop	exon_3	3.0	625.0	1123.0	375.0			True	2	2	2	1.0	HIGH	GCA_004024705.2;GCA_011751665.1
Moschus moschiferus	premature_stop|ex3|codon430	premature_stop	exon_3	3.0	790.0	1288.0	430.0			True	2	2	2	1.0	HIGH	GCA_004024705.2;GCA_011751665.1
Moschus moschiferus	premature_stop|ex3|codon433	premature_stop	exon_3	3.0	799.0	1297.0	433.0			True	2	2	2	1.0	HIGH	GCA_004024705.2;GCA_011751665.1
Muntiacus crinifrons	candidate_large_frameshift_insertion|ex2|pos237|len811	candidate_large_frameshift_insertion	exon_2	2.0	237.0	431.0	144.0	811.0		True	3	3	3	1.0	HIGH	GCA_006408485.1;GCA_020226055.1;GCA_020276665.1
Muntiacus crinifrons	candidate_large_frameshift_insertion|ex3|pos195|len251	candidate_large_frameshift_insertion	exon_3	3.0	195.0	693.0	231.0	251.0		True	3	3	3	1.0	HIGH	GCA_006408485.1;GCA_020226055.1;GCA_020276665.1
Muntiacus crinifrons	frameshift_deletion|ex2|pos152|len2	frameshift_deletion	exon_2	2.0	152.0	346.0	116.0	2.0		True	3	3	3	1.0	HIGH	GCA_006408485.1;GCA_020226055.1;GCA_020276665.1
Muntiacus crinifrons	frameshift_deletion|ex2|pos265|len1	frameshift_deletion	exon_2	2.0	265.0	459.0	153.0	1.0		True	3	3	3	1.0	HIGH	GCA_006408485.1;GCA_020226055.1;GCA_020276665.1
Muntiacus crinifrons	frameshift_deletion|ex2|pos33|len5	frameshift_deletion	exon_2	2.0	33.0	227.0	76.0	5.0		True	3	3	3	1.0	HIGH	GCA_006408485.1;GCA_020226055.1;GCA_020276665.1
Muntiacus crinifrons	frameshift_deletion|ex3|pos166|len7	frameshift_deletion	exon_3	3.0	166.0	664.0	222.0	7.0		True	3	3	3	1.0	HIGH	GCA_006408485.1;GCA_020226055.1;GCA_020276665.1
Muntiacus crinifrons	frameshift_deletion|ex4|pos131|len1	frameshift_deletion	exon_4	4.0	131.0	1466.0	489.0	1.0		True	3	3	3	1.0	HIGH	GCA_006408485.1;GCA_020226055.1;GCA_020276665.1
Muntiacus crinifrons	frameshift_deletion|ex6|pos452|len1	frameshift_deletion	exon_6	6.0	452.0	2124.0	708.0	1.0		True	1	1	3	0.3333333333333333	LOW	GCA_006408485.1
Muntiacus crinifrons	frameshift_deletion|ex6|pos509|len1	frameshift_deletion	exon_6	6.0	509.0	2181.0	727.0	1.0		True	1	1	3	0.3333333333333333	LOW	GCA_006408485.1
Muntiacus crinifrons	frameshift_deletion|ex6|pos737|len5	frameshift_deletion	exon_6	6.0	737.0	2409.0	803.0	5.0		True	3	3	3	1.0	HIGH	GCA_006408485.1;GCA_020226055.1;GCA_020276665.1
Muntiacus crinifrons	frameshift_deletion|ex6|pos876|len2	frameshift_deletion	exon_6	6.0	876.0	2548.0	850.0	2.0		True	2	2	3	0.6666666666666666	HIGH	GCA_006408485.1;GCA_020276665.1
Muntiacus crinifrons	frameshift_induced_stop|ex2|codon82	frameshift_induced_stop	exon_2	2.0	50.0	244.0	82.0			True	3	3	3	1.0	HIGH	GCA_006408485.1;GCA_020226055.1;GCA_020276665.1
Muntiacus crinifrons	frameshift_induced_stop|ex3|codon170	frameshift_induced_stop	exon_3	3.0	10.0	508.0	170.0			True	3	3	3	1.0	HIGH	GCA_006408485.1;GCA_020226055.1;GCA_020276665.1
Muntiacus crinifrons	frameshift_induced_stop|ex4|codon496	frameshift_induced_stop	exon_4	4.0	153.0	1488.0	496.0			True	3	3	3	1.0	HIGH	GCA_006408485.1;GCA_020226055.1;GCA_020276665.1
Muntiacus crinifrons	frameshift_induced_stop|ex6|codon824	frameshift_induced_stop	exon_6	6.0	798.0	2470.0	824.0			True	1	1	3	0.3333333333333333	LOW	GCA_006408485.1
Muntiacus crinifrons	frameshift_induced_stop|ex6|codon868	frameshift_induced_stop	exon_6	6.0	932.0	2604.0	868.0			True	1	1	3	0.3333333333333333	LOW	GCA_006408485.1
Muntiacus crinifrons	frameshift_induced_stop|ex6|codon890	frameshift_induced_stop	exon_6	6.0	996.0	2668.0	890.0			True	1	1	3	0.3333333333333333	LOW	GCA_020276665.1
Muntiacus crinifrons	frameshift_insertion|ex6|pos1018|len1	frameshift_insertion	exon_6	6.0	1018.0	2690.0	897.0	1.0		True	1	1	3	0.3333333333333333	LOW	GCA_006408485.1
Muntiacus crinifrons	inframe_deletion|ex3|pos659|len6	inframe_deletion	exon_3	3.0	659.0	1157.0	386.0	6.0		False	3	3	3	1.0	HIGH	GCA_006408485.1;GCA_020226055.1;GCA_020276665.1
Muntiacus crinifrons	inframe_deletion|ex3|pos667|len3	inframe_deletion	exon_3	3.0	667.0	1165.0	389.0	3.0		False	3	3	3	1.0	HIGH	GCA_006408485.1;GCA_020226055.1;GCA_020276665.1
Muntiacus crinifrons	inframe_deletion|ex6|pos464|len3	inframe_deletion	exon_6	6.0	464.0	2136.0	712.0	3.0		False	3	3	3	1.0	HIGH	GCA_006408485.1;GCA_020226055.1;GCA_020276665.1
Muntiacus crinifrons	inframe_deletion|ex6|pos473|len21	inframe_deletion	exon_6	6.0	473.0	2145.0	715.0	21.0		False	3	3	3	1.0	HIGH	GCA_006408485.1;GCA_020226055.1;GCA_020276665.1
Muntiacus crinifrons	inframe_deletion|ex6|pos935|len21	inframe_deletion	exon_6	6.0	935.0	2607.0	869.0	21.0		False	3	3	3	1.0	HIGH	GCA_006408485.1;GCA_020226055.1;GCA_020276665.1
Muntiacus crinifrons	inframe_insertion|ex3|pos267|len15	inframe_insertion	exon_3	3.0	267.0	765.0	255.0	15.0		False	3	3	3	1.0	HIGH	GCA_006408485.1;GCA_020226055.1;GCA_020276665.1
Muntiacus crinifrons	inframe_insertion|ex6|pos1021|len3	inframe_insertion	exon_6	6.0	1021.0	2693.0	898.0	3.0		False	1	1	3	0.3333333333333333	LOW	GCA_006408485.1
Muntiacus crinifrons	potential_splice_acceptor_disruption|ex5|AA	potential_splice_acceptor_disruption	exon_5	5.0	1.0	1549.0	517.0		AA	True	1	1	3	0.3333333333333333	LOW	GCA_020276665.1
Muntiacus crinifrons	potential_splice_acceptor_disruption|ex5|GA	potential_splice_acceptor_disruption	exon_5	5.0	1.0	1549.0	517.0		GA	True	2	2	3	0.6666666666666666	HIGH	GCA_006408485.1;GCA_020226055.1
Muntiacus crinifrons	potential_splice_donor_disruption|ex1|CC	potential_splice_donor_disruption	exon_1	1.0	194.0	194.0	65.0		CC	True	3	3	3	1.0	HIGH	GCA_006408485.1;GCA_020226055.1;GCA_020276665.1
Muntiacus crinifrons	premature_stop|ex3|codon374	premature_stop	exon_3	3.0	622.0	1120.0	374.0			True	3	3	3	1.0	HIGH	GCA_006408485.1;GCA_020226055.1;GCA_020276665.1
Muntiacus crinifrons	premature_stop|ex3|codon430	premature_stop	exon_3	3.0	790.0	1288.0	430.0			True	3	3	3	1.0	HIGH	GCA_006408485.1;GCA_020226055.1;GCA_020276665.1
Muntiacus crinifrons	premature_stop|ex3|codon433	premature_stop	exon_3	3.0	799.0	1297.0	433.0			True	3	3	3	1.0	HIGH	GCA_006408485.1;GCA_020226055.1;GCA_020276665.1
Muntiacus feae	candidate_large_frameshift_insertion|ex2|pos237|len811	candidate_large_frameshift_insertion	exon_2	2.0	237.0	431.0	144.0	811.0		True	1	1	1	1.0	MEDIUM	GCA_059698765.1
Muntiacus feae	candidate_large_frameshift_insertion|ex3|pos195|len251	candidate_large_frameshift_insertion	exon_3	3.0	195.0	693.0	231.0	251.0		True	1	1	1	1.0	MEDIUM	GCA_059698765.1
Muntiacus feae	frameshift_deletion|ex2|pos152|len2	frameshift_deletion	exon_2	2.0	152.0	346.0	116.0	2.0		True	1	1	1	1.0	MEDIUM	GCA_059698765.1
Muntiacus feae	frameshift_deletion|ex2|pos221|len2	frameshift_deletion	exon_2	2.0	221.0	415.0	139.0	2.0		True	1	1	1	1.0	MEDIUM	GCA_059698765.1
Muntiacus feae	frameshift_deletion|ex2|pos265|len1	frameshift_deletion	exon_2	2.0	265.0	459.0	153.0	1.0		True	1	1	1	1.0	MEDIUM	GCA_059698765.1
Muntiacus feae	frameshift_deletion|ex2|pos33|len5	frameshift_deletion	exon_2	2.0	33.0	227.0	76.0	5.0		True	1	1	1	1.0	MEDIUM	GCA_059698765.1
Muntiacus feae	frameshift_deletion|ex3|pos166|len7	frameshift_deletion	exon_3	3.0	166.0	664.0	222.0	7.0		True	1	1	1	1.0	MEDIUM	GCA_059698765.1
Muntiacus feae	frameshift_deletion|ex4|pos131|len1	frameshift_deletion	exon_4	4.0	131.0	1466.0	489.0	1.0		True	1	1	1	1.0	MEDIUM	GCA_059698765.1
Muntiacus feae	frameshift_deletion|ex6|pos737|len5	frameshift_deletion	exon_6	6.0	737.0	2409.0	803.0	5.0		True	1	1	1	1.0	MEDIUM	GCA_059698765.1
Muntiacus feae	frameshift_induced_stop|ex2|codon82	frameshift_induced_stop	exon_2	2.0	50.0	244.0	82.0			True	1	1	1	1.0	MEDIUM	GCA_059698765.1
Muntiacus feae	frameshift_induced_stop|ex3|codon236	frameshift_induced_stop	exon_3	3.0	208.0	706.0	236.0			True	1	1	1	1.0	MEDIUM	GCA_059698765.1
Muntiacus feae	frameshift_induced_stop|ex6|codon824	frameshift_induced_stop	exon_6	6.0	798.0	2470.0	824.0			True	1	1	1	1.0	MEDIUM	GCA_059698765.1
Muntiacus feae	inframe_deletion|ex3|pos659|len6	inframe_deletion	exon_3	3.0	659.0	1157.0	386.0	6.0		False	1	1	1	1.0	MEDIUM	GCA_059698765.1
Muntiacus feae	inframe_deletion|ex3|pos667|len3	inframe_deletion	exon_3	3.0	667.0	1165.0	389.0	3.0		False	1	1	1	1.0	MEDIUM	GCA_059698765.1
Muntiacus feae	inframe_deletion|ex6|pos459|len24	inframe_deletion	exon_6	6.0	459.0	2131.0	711.0	24.0		False	1	1	1	1.0	MEDIUM	GCA_059698765.1
Muntiacus feae	inframe_deletion|ex6|pos935|len21	inframe_deletion	exon_6	6.0	935.0	2607.0	869.0	21.0		False	1	1	1	1.0	MEDIUM	GCA_059698765.1
Muntiacus feae	inframe_insertion|ex3|pos267|len15	inframe_insertion	exon_3	3.0	267.0	765.0	255.0	15.0		False	1	1	1	1.0	MEDIUM	GCA_059698765.1
Muntiacus feae	potential_splice_acceptor_disruption|ex5|GA	potential_splice_acceptor_disruption	exon_5	5.0	1.0	1549.0	517.0		GA	True	1	1	1	1.0	MEDIUM	GCA_059698765.1
Muntiacus feae	potential_splice_donor_disruption|ex1|CC	potential_splice_donor_disruption	exon_1	1.0	194.0	194.0	65.0		CC	True	1	1	1	1.0	MEDIUM	GCA_059698765.1
Muntiacus feae	premature_stop|ex3|codon374	premature_stop	exon_3	3.0	622.0	1120.0	374.0			True	1	1	1	1.0	MEDIUM	GCA_059698765.1
Muntiacus feae	premature_stop|ex3|codon430	premature_stop	exon_3	3.0	790.0	1288.0	430.0			True	1	1	1	1.0	MEDIUM	GCA_059698765.1
Muntiacus feae	premature_stop|ex3|codon433	premature_stop	exon_3	3.0	799.0	1297.0	433.0			True	1	1	1	1.0	MEDIUM	GCA_059698765.1
Muntiacus gongshanensis	candidate_large_frameshift_insertion|ex3|pos195|len251	candidate_large_frameshift_insertion	exon_3	3.0	195.0	693.0	231.0	251.0		True	1	1	1	1.0	MEDIUM	GCA_020226025.1
Muntiacus gongshanensis	candidate_large_inframe_insertion|ex2|pos237|len810	candidate_large_inframe_insertion	exon_2	2.0	237.0	431.0	144.0	810.0		False	1	1	1	1.0	MEDIUM	GCA_020226025.1
Muntiacus gongshanensis	frameshift_deletion|ex2|pos152|len2	frameshift_deletion	exon_2	2.0	152.0	346.0	116.0	2.0		True	1	1	1	1.0	MEDIUM	GCA_020226025.1
Muntiacus gongshanensis	frameshift_deletion|ex2|pos265|len1	frameshift_deletion	exon_2	2.0	265.0	459.0	153.0	1.0		True	1	1	1	1.0	MEDIUM	GCA_020226025.1
Muntiacus gongshanensis	frameshift_deletion|ex2|pos33|len5	frameshift_deletion	exon_2	2.0	33.0	227.0	76.0	5.0		True	1	1	1	1.0	MEDIUM	GCA_020226025.1
Muntiacus gongshanensis	frameshift_deletion|ex3|pos166|len7	frameshift_deletion	exon_3	3.0	166.0	664.0	222.0	7.0		True	1	1	1	1.0	MEDIUM	GCA_020226025.1
Muntiacus gongshanensis	frameshift_deletion|ex4|pos131|len1	frameshift_deletion	exon_4	4.0	131.0	1466.0	489.0	1.0		True	1	1	1	1.0	MEDIUM	GCA_020226025.1
Muntiacus gongshanensis	frameshift_deletion|ex6|pos737|len5	frameshift_deletion	exon_6	6.0	737.0	2409.0	803.0	5.0		True	1	1	1	1.0	MEDIUM	GCA_020226025.1
Muntiacus gongshanensis	frameshift_induced_stop|ex2|codon144	frameshift_induced_stop	exon_2	2.0	238.0	432.0	144.0			True	1	1	1	1.0	MEDIUM	GCA_020226025.1
Muntiacus gongshanensis	frameshift_induced_stop|ex2|codon82	frameshift_induced_stop	exon_2	2.0	50.0	244.0	82.0			True	1	1	1	1.0	MEDIUM	GCA_020226025.1
Muntiacus gongshanensis	frameshift_induced_stop|ex3|codon170	frameshift_induced_stop	exon_3	3.0	10.0	508.0	170.0			True	1	1	1	1.0	MEDIUM	GCA_020226025.1
Muntiacus gongshanensis	frameshift_induced_stop|ex3|codon374	frameshift_induced_stop	exon_3	3.0	623.0	1121.0	374.0			True	1	1	1	1.0	MEDIUM	GCA_020226025.1
Muntiacus gongshanensis	frameshift_induced_stop|ex4|codon496	frameshift_induced_stop	exon_4	4.0	153.0	1488.0	496.0			True	1	1	1	1.0	MEDIUM	GCA_020226025.1
Muntiacus gongshanensis	inframe_deletion|ex3|pos659|len6	inframe_deletion	exon_3	3.0	659.0	1157.0	386.0	6.0		False	1	1	1	1.0	MEDIUM	GCA_020226025.1
Muntiacus gongshanensis	inframe_deletion|ex3|pos667|len3	inframe_deletion	exon_3	3.0	667.0	1165.0	389.0	3.0		False	1	1	1	1.0	MEDIUM	GCA_020226025.1
Muntiacus gongshanensis	inframe_deletion|ex6|pos459|len24	inframe_deletion	exon_6	6.0	459.0	2131.0	711.0	24.0		False	1	1	1	1.0	MEDIUM	GCA_020226025.1
Muntiacus gongshanensis	inframe_deletion|ex6|pos935|len21	inframe_deletion	exon_6	6.0	935.0	2607.0	869.0	21.0		False	1	1	1	1.0	MEDIUM	GCA_020226025.1
Muntiacus gongshanensis	inframe_insertion|ex3|pos267|len15	inframe_insertion	exon_3	3.0	267.0	765.0	255.0	15.0		False	1	1	1	1.0	MEDIUM	GCA_020226025.1
Muntiacus gongshanensis	potential_splice_acceptor_disruption|ex5|GA	potential_splice_acceptor_disruption	exon_5	5.0	1.0	1549.0	517.0		GA	True	1	1	1	1.0	MEDIUM	GCA_020226025.1
Muntiacus gongshanensis	potential_splice_donor_disruption|ex1|CC	potential_splice_donor_disruption	exon_1	1.0	194.0	194.0	65.0		CC	True	1	1	1	1.0	MEDIUM	GCA_020226025.1
Muntiacus gongshanensis	premature_stop|ex3|codon374	premature_stop	exon_3	3.0	622.0	1120.0	374.0			True	1	1	1	1.0	MEDIUM	GCA_020226025.1
Muntiacus gongshanensis	premature_stop|ex3|codon430	premature_stop	exon_3	3.0	790.0	1288.0	430.0			True	1	1	1	1.0	MEDIUM	GCA_020226025.1
Muntiacus gongshanensis	premature_stop|ex3|codon433	premature_stop	exon_3	3.0	799.0	1297.0	433.0			True	1	1	1	1.0	MEDIUM	GCA_020226025.1
Muntiacus muntjak	candidate_large_frameshift_insertion|ex2|pos237|len811	candidate_large_frameshift_insertion	exon_2	2.0	237.0	431.0	144.0	811.0		True	1	1	1	1.0	MEDIUM	GCA_008782695.1
Muntiacus muntjak	candidate_large_frameshift_insertion|ex3|pos195|len251	candidate_large_frameshift_insertion	exon_3	3.0	195.0	693.0	231.0	251.0		True	3	3	3	1.0	HIGH	GCA_006409035.1;GCA_008782695.1;GCA_008931205.1
Muntiacus muntjak	frameshift_deletion|ex2|pos152|len2	frameshift_deletion	exon_2	2.0	152.0	346.0	116.0	2.0		True	1	1	1	1.0	MEDIUM	GCA_008782695.1
Muntiacus muntjak	frameshift_deletion|ex2|pos265|len1	frameshift_deletion	exon_2	2.0	265.0	459.0	153.0	1.0		True	1	1	1	1.0	MEDIUM	GCA_008782695.1
Muntiacus muntjak	frameshift_deletion|ex2|pos33|len5	frameshift_deletion	exon_2	2.0	33.0	227.0	76.0	5.0		True	1	1	1	1.0	MEDIUM	GCA_008782695.1
Muntiacus muntjak	frameshift_deletion|ex3|pos166|len7	frameshift_deletion	exon_3	3.0	166.0	664.0	222.0	7.0		True	3	3	3	1.0	HIGH	GCA_006409035.1;GCA_008782695.1;GCA_008931205.1
Muntiacus muntjak	frameshift_deletion|ex3|pos506|len10	frameshift_deletion	exon_3	3.0	506.0	1004.0	335.0	10.0		True	3	3	3	1.0	HIGH	GCA_006409035.1;GCA_008782695.1;GCA_008931205.1
Muntiacus muntjak	frameshift_deletion|ex4|pos132|len1	frameshift_deletion	exon_4	4.0	132.0	1467.0	489.0	1.0		True	3	3	3	1.0	HIGH	GCA_006409035.1;GCA_008782695.1;GCA_008931205.1
Muntiacus muntjak	frameshift_deletion|ex4|pos64|len1	frameshift_deletion	exon_4	4.0	64.0	1399.0	467.0	1.0		True	3	3	3	1.0	HIGH	GCA_006409035.1;GCA_008782695.1;GCA_008931205.1
Muntiacus muntjak	frameshift_deletion|ex6|pos737|len5	frameshift_deletion	exon_6	6.0	737.0	2409.0	803.0	5.0		True	3	3	3	1.0	HIGH	GCA_006409035.1;GCA_008782695.1;GCA_008931205.1
Muntiacus muntjak	frameshift_induced_stop|ex2|codon82	frameshift_induced_stop	exon_2	2.0	50.0	244.0	82.0			True	1	1	1	1.0	MEDIUM	GCA_008782695.1
Muntiacus muntjak	frameshift_induced_stop|ex3|codon170	frameshift_induced_stop	exon_3	3.0	10.0	508.0	170.0			True	1	1	3	0.3333333333333333	LOW	GCA_008782695.1
Muntiacus muntjak	frameshift_induced_stop|ex3|codon236	frameshift_induced_stop	exon_3	3.0	208.0	706.0	236.0			True	1	1	3	0.3333333333333333	LOW	GCA_008782695.1
Muntiacus muntjak	frameshift_induced_stop|ex3|codon239	frameshift_induced_stop	exon_3	3.0	219.0	717.0	239.0			True	2	2	3	0.6666666666666666	HIGH	GCA_006409035.1;GCA_008931205.1
Muntiacus muntjak	frameshift_induced_stop|ex3|codon315	frameshift_induced_stop	exon_3	3.0	447.0	945.0	315.0			True	1	1	3	0.3333333333333333	LOW	GCA_008782695.1
Muntiacus muntjak	frameshift_induced_stop|ex3|codon350	frameshift_induced_stop	exon_3	3.0	550.0	1048.0	350.0			True	1	1	3	0.3333333333333333	LOW	GCA_008782695.1
Muntiacus muntjak	frameshift_induced_stop|ex3|codon354	frameshift_induced_stop	exon_3	3.0	564.0	1062.0	354.0			True	2	2	3	0.6666666666666666	HIGH	GCA_006409035.1;GCA_008931205.1
Muntiacus muntjak	frameshift_induced_stop|ex4|codon496	frameshift_induced_stop	exon_4	4.0	153.0	1488.0	496.0			True	1	1	3	0.3333333333333333	LOW	GCA_008782695.1
Muntiacus muntjak	frameshift_insertion|ex3|pos447|len1	frameshift_insertion	exon_3	3.0	447.0	945.0	315.0	1.0		True	3	3	3	1.0	HIGH	GCA_006409035.1;GCA_008782695.1;GCA_008931205.1
Muntiacus muntjak	frameshift_insertion|ex3|pos91|len4	frameshift_insertion	exon_3	3.0	91.0	589.0	197.0	4.0		True	1	1	3	0.3333333333333333	LOW	GCA_008782695.1
Muntiacus muntjak	inframe_deletion|ex3|pos659|len6	inframe_deletion	exon_3	3.0	659.0	1157.0	386.0	6.0		False	3	3	3	1.0	HIGH	GCA_006409035.1;GCA_008782695.1;GCA_008931205.1
Muntiacus muntjak	inframe_deletion|ex3|pos667|len3	inframe_deletion	exon_3	3.0	667.0	1165.0	389.0	3.0		False	3	3	3	1.0	HIGH	GCA_006409035.1;GCA_008782695.1;GCA_008931205.1
Muntiacus muntjak	inframe_deletion|ex6|pos459|len24	inframe_deletion	exon_6	6.0	459.0	2131.0	711.0	24.0		False	2	2	3	0.6666666666666666	HIGH	GCA_006409035.1;GCA_008931205.1
Muntiacus muntjak	inframe_deletion|ex6|pos460|len24	inframe_deletion	exon_6	6.0	460.0	2132.0	711.0	24.0		False	1	1	3	0.3333333333333333	LOW	GCA_008782695.1
Muntiacus muntjak	inframe_deletion|ex6|pos935|len21	inframe_deletion	exon_6	6.0	935.0	2607.0	869.0	21.0		False	3	3	3	1.0	HIGH	GCA_006409035.1;GCA_008782695.1;GCA_008931205.1
Muntiacus muntjak	inframe_insertion|ex3|pos267|len15	inframe_insertion	exon_3	3.0	267.0	765.0	255.0	15.0		False	3	3	3	1.0	HIGH	GCA_006409035.1;GCA_008782695.1;GCA_008931205.1
Muntiacus muntjak	potential_splice_acceptor_disruption|ex5|GA	potential_splice_acceptor_disruption	exon_5	5.0	1.0	1549.0	517.0		GA	True	3	3	3	1.0	HIGH	GCA_006409035.1;GCA_008782695.1;GCA_008931205.1
Muntiacus muntjak	potential_splice_donor_disruption|ex1|CC	potential_splice_donor_disruption	exon_1	1.0	194.0	194.0	65.0		CC	True	3	3	3	1.0	HIGH	GCA_006409035.1;GCA_008782695.1;GCA_008931205.1
Muntiacus muntjak	premature_stop|ex3|codon374	premature_stop	exon_3	3.0	622.0	1120.0	374.0			True	3	3	3	1.0	HIGH	GCA_006409035.1;GCA_008782695.1;GCA_008931205.1
Muntiacus muntjak	premature_stop|ex3|codon430	premature_stop	exon_3	3.0	790.0	1288.0	430.0			True	3	3	3	1.0	HIGH	GCA_006409035.1;GCA_008782695.1;GCA_008931205.1
Muntiacus muntjak	premature_stop|ex3|codon433	premature_stop	exon_3	3.0	799.0	1297.0	433.0			True	3	3	3	1.0	HIGH	GCA_006409035.1;GCA_008782695.1;GCA_008931205.1
Muntiacus muntjak	probable_exon_deletion|ex2|pos1|len304	probable_exon_deletion	exon_2	2.0	1.0	195.0	65.0	304.0		True	2	2	1	2.0	HIGH	GCA_006409035.1;GCA_008931205.1
Muntiacus reevesi	candidate_large_frameshift_insertion|ex2|pos237|len811	candidate_large_frameshift_insertion	exon_2	2.0	237.0	431.0	144.0	811.0		True	6	6	6	1.0	HIGH	GCA_006408525.1;GCA_008787405.2;GCA_020226045.1;GCA_963930625.1;GCA_963930625.2;GCF_963930625.1
Muntiacus reevesi	candidate_large_frameshift_insertion|ex3|pos195|len251	candidate_large_frameshift_insertion	exon_3	3.0	195.0	693.0	231.0	251.0		True	6	6	6	1.0	HIGH	GCA_006408525.1;GCA_008787405.2;GCA_020226045.1;GCA_963930625.1;GCA_963930625.2;GCF_963930625.1
Muntiacus reevesi	exon_unresolved|ex1	exon_unresolved	exon_1	1.0	1.0	1.0	1.0	194.0		False	1	0	6	0.0	LOW	
Muntiacus reevesi	exon_unresolved|ex2	exon_unresolved	exon_2	2.0	1.0	195.0	65.0	304.0		False	1	0	6	0.0	LOW	
Muntiacus reevesi	exon_unresolved|ex3	exon_unresolved	exon_3	3.0	1.0	499.0	167.0	837.0		False	1	0	6	0.0	LOW	
Muntiacus reevesi	exon_unresolved|ex4	exon_unresolved	exon_4	4.0	1.0	1336.0	446.0	213.0		False	1	0	6	0.0	LOW	
Muntiacus reevesi	exon_unresolved|ex5	exon_unresolved	exon_5	5.0	1.0	1549.0	517.0	124.0		False	1	0	6	0.0	LOW	
Muntiacus reevesi	exon_unresolved|ex6	exon_unresolved	exon_6	6.0	1.0	1673.0	558.0	1115.0		False	1	0	6	0.0	LOW	
Muntiacus reevesi	frameshift_deletion|ex2|pos152|len2	frameshift_deletion	exon_2	2.0	152.0	346.0	116.0	2.0		True	6	6	6	1.0	HIGH	GCA_006408525.1;GCA_008787405.2;GCA_020226045.1;GCA_963930625.1;GCA_963930625.2;GCF_963930625.1
Muntiacus reevesi	frameshift_deletion|ex2|pos265|len1	frameshift_deletion	exon_2	2.0	265.0	459.0	153.0	1.0		True	6	6	6	1.0	HIGH	GCA_006408525.1;GCA_008787405.2;GCA_020226045.1;GCA_963930625.1;GCA_963930625.2;GCF_963930625.1
Muntiacus reevesi	frameshift_deletion|ex2|pos33|len5	frameshift_deletion	exon_2	2.0	33.0	227.0	76.0	5.0		True	6	6	6	1.0	HIGH	GCA_006408525.1;GCA_008787405.2;GCA_020226045.1;GCA_963930625.1;GCA_963930625.2;GCF_963930625.1
Muntiacus reevesi	frameshift_deletion|ex3|pos166|len7	frameshift_deletion	exon_3	3.0	166.0	664.0	222.0	7.0		True	6	6	6	1.0	HIGH	GCA_006408525.1;GCA_008787405.2;GCA_020226045.1;GCA_963930625.1;GCA_963930625.2;GCF_963930625.1
Muntiacus reevesi	frameshift_deletion|ex4|pos131|len1	frameshift_deletion	exon_4	4.0	131.0	1466.0	489.0	1.0		True	6	6	6	1.0	HIGH	GCA_006408525.1;GCA_008787405.2;GCA_020226045.1;GCA_963930625.1;GCA_963930625.2;GCF_963930625.1
Muntiacus reevesi	frameshift_deletion|ex6|pos737|len5	frameshift_deletion	exon_6	6.0	737.0	2409.0	803.0	5.0		True	6	6	6	1.0	HIGH	GCA_006408525.1;GCA_008787405.2;GCA_020226045.1;GCA_963930625.1;GCA_963930625.2;GCF_963930625.1
Muntiacus reevesi	frameshift_deletion|ex6|pos792|len1	frameshift_deletion	exon_6	6.0	792.0	2464.0	822.0	1.0		True	1	0	6	0.0	LOW	
Muntiacus reevesi	frameshift_deletion|ex6|pos824|len1	frameshift_deletion	exon_6	6.0	824.0	2496.0	832.0	1.0		True	1	0	6	0.0	LOW	
Muntiacus reevesi	frameshift_induced_stop|ex2|codon82	frameshift_induced_stop	exon_2	2.0	50.0	244.0	82.0			True	6	6	6	1.0	HIGH	GCA_006408525.1;GCA_008787405.2;GCA_020226045.1;GCA_963930625.1;GCA_963930625.2;GCF_963930625.1
Muntiacus reevesi	frameshift_induced_stop|ex3|codon170	frameshift_induced_stop	exon_3	3.0	10.0	508.0	170.0			True	2	2	6	0.3333333333333333	LOW	GCA_006408525.1;GCA_008787405.2
Muntiacus reevesi	frameshift_induced_stop|ex3|codon236	frameshift_induced_stop	exon_3	3.0	208.0	706.0	236.0			True	4	4	6	0.6666666666666666	HIGH	GCA_020226045.1;GCA_963930625.1;GCA_963930625.2;GCF_963930625.1
Muntiacus reevesi	frameshift_induced_stop|ex3|codon315	frameshift_induced_stop	exon_3	3.0	447.0	945.0	315.0			True	4	4	6	0.6666666666666666	HIGH	GCA_020226045.1;GCA_963930625.1;GCA_963930625.2;GCF_963930625.1
Muntiacus reevesi	frameshift_induced_stop|ex3|codon318	frameshift_induced_stop	exon_3	3.0	454.0	952.0	318.0			True	2	2	6	0.3333333333333333	LOW	GCA_006408525.1;GCA_008787405.2
Muntiacus reevesi	frameshift_induced_stop|ex4|codon490	frameshift_induced_stop	exon_4	4.0	133.0	1468.0	490.0			True	1	1	6	0.16666666666666666	LOW	GCA_020226045.1
Muntiacus reevesi	frameshift_induced_stop|ex4|codon495	frameshift_induced_stop	exon_4	4.0	148.0	1483.0	495.0			True	3	3	6	0.5	MEDIUM	GCA_963930625.1;GCA_963930625.2;GCF_963930625.1
Muntiacus reevesi	frameshift_induced_stop|ex6|codon821	frameshift_induced_stop	exon_6	6.0	791.0	2463.0	821.0			True	4	4	6	0.6666666666666666	HIGH	GCA_020226045.1;GCA_963930625.1;GCA_963930625.2;GCF_963930625.1
Muntiacus reevesi	frameshift_induced_stop|ex6|codon824	frameshift_induced_stop	exon_6	6.0	798.0	2470.0	824.0			True	2	2	6	0.3333333333333333	LOW	GCA_006408525.1;GCA_008787405.2
Muntiacus reevesi	frameshift_induced_stop|ex6|codon828	frameshift_induced_stop	exon_6	6.0	812.0	2484.0	828.0			True	1	1	6	0.16666666666666666	LOW	GCA_963930665.2
Muntiacus reevesi	frameshift_induced_stop|ex6|codon918	frameshift_induced_stop	exon_6	6.0	1080.0	2752.0	918.0			True	1	1	6	0.16666666666666666	LOW	GCA_020226045.1
Muntiacus reevesi	frameshift_insertion|ex2|pos198|len4	frameshift_insertion	exon_2	2.0	198.0	392.0	131.0	4.0		True	4	4	6	0.6666666666666666	HIGH	GCA_020226045.1;GCA_963930625.1;GCA_963930625.2;GCF_963930625.1
Muntiacus reevesi	frameshift_insertion|ex3|pos447|len1	frameshift_insertion	exon_3	3.0	447.0	945.0	315.0	1.0		True	6	6	6	1.0	HIGH	GCA_006408525.1;GCA_008787405.2;GCA_020226045.1;GCA_963930625.1;GCA_963930625.2;GCF_963930625.1
Muntiacus reevesi	frameshift_insertion|ex6|pos1044|len2	frameshift_insertion	exon_6	6.0	1044.0	2716.0	906.0	2.0		True	1	1	6	0.16666666666666666	LOW	GCA_020226045.1
Muntiacus reevesi	frameshift_insertion|ex6|pos833|len1	frameshift_insertion	exon_6	6.0	833.0	2505.0	835.0	1.0		True	1	1	6	0.16666666666666666	LOW	GCA_963930665.2
Muntiacus reevesi	inframe_deletion|ex3|pos659|len6	inframe_deletion	exon_3	3.0	659.0	1157.0	386.0	6.0		False	6	6	6	1.0	HIGH	GCA_006408525.1;GCA_008787405.2;GCA_020226045.1;GCA_963930625.1;GCA_963930625.2;GCF_963930625.1
Muntiacus reevesi	inframe_deletion|ex3|pos667|len3	inframe_deletion	exon_3	3.0	667.0	1165.0	389.0	3.0		False	6	6	6	1.0	HIGH	GCA_006408525.1;GCA_008787405.2;GCA_020226045.1;GCA_963930625.1;GCA_963930625.2;GCF_963930625.1
Muntiacus reevesi	inframe_deletion|ex6|pos464|len3	inframe_deletion	exon_6	6.0	464.0	2136.0	712.0	3.0		False	6	6	6	1.0	HIGH	GCA_006408525.1;GCA_008787405.2;GCA_020226045.1;GCA_963930625.1;GCA_963930625.2;GCF_963930625.1
Muntiacus reevesi	inframe_deletion|ex6|pos473|len21	inframe_deletion	exon_6	6.0	473.0	2145.0	715.0	21.0		False	6	6	6	1.0	HIGH	GCA_006408525.1;GCA_008787405.2;GCA_020226045.1;GCA_963930625.1;GCA_963930625.2;GCF_963930625.1
Muntiacus reevesi	inframe_deletion|ex6|pos935|len21	inframe_deletion	exon_6	6.0	935.0	2607.0	869.0	21.0		False	6	6	6	1.0	HIGH	GCA_006408525.1;GCA_008787405.2;GCA_020226045.1;GCA_963930625.1;GCA_963930625.2;GCF_963930625.1
Muntiacus reevesi	inframe_insertion|ex3|pos267|len15	inframe_insertion	exon_3	3.0	267.0	765.0	255.0	15.0		False	6	6	6	1.0	HIGH	GCA_006408525.1;GCA_008787405.2;GCA_020226045.1;GCA_963930625.1;GCA_963930625.2;GCF_963930625.1
Muntiacus reevesi	potential_splice_acceptor_disruption|ex5|GA	potential_splice_acceptor_disruption	exon_5	5.0	1.0	1549.0	517.0		GA	True	6	6	6	1.0	HIGH	GCA_006408525.1;GCA_008787405.2;GCA_020226045.1;GCA_963930625.1;GCA_963930625.2;GCF_963930625.1
Muntiacus reevesi	potential_splice_donor_disruption|ex1|CC	potential_splice_donor_disruption	exon_1	1.0	194.0	194.0	65.0		CC	True	6	6	6	1.0	HIGH	GCA_006408525.1;GCA_008787405.2;GCA_020226045.1;GCA_963930625.1;GCA_963930625.2;GCF_963930625.1
Muntiacus reevesi	premature_stop|ex3|codon357	premature_stop	exon_3	3.0	571.0	1069.0	357.0			True	6	6	6	1.0	HIGH	GCA_006408525.1;GCA_008787405.2;GCA_020226045.1;GCA_963930625.1;GCA_963930625.2;GCF_963930625.1
Muntiacus reevesi	premature_stop|ex3|codon374	premature_stop	exon_3	3.0	622.0	1120.0	374.0			True	6	6	6	1.0	HIGH	GCA_006408525.1;GCA_008787405.2;GCA_020226045.1;GCA_963930625.1;GCA_963930625.2;GCF_963930625.1
Muntiacus reevesi	premature_stop|ex3|codon430	premature_stop	exon_3	3.0	790.0	1288.0	430.0			True	6	6	6	1.0	HIGH	GCA_006408525.1;GCA_008787405.2;GCA_020226045.1;GCA_963930625.1;GCA_963930625.2;GCF_963930625.1
Muntiacus reevesi	premature_stop|ex3|codon433	premature_stop	exon_3	3.0	799.0	1297.0	433.0			True	6	6	6	1.0	HIGH	GCA_006408525.1;GCA_008787405.2;GCA_020226045.1;GCA_963930625.1;GCA_963930625.2;GCF_963930625.1
Muntiacus reevesi	premature_stop|ex6|codon797	premature_stop	exon_6	6.0	717.0	2389.0	797.0			True	1	0	6	0.0	LOW	
Muntiacus vaginalis	candidate_large_frameshift_insertion|ex2|pos237|len811	candidate_large_frameshift_insertion	exon_2	2.0	237.0	431.0	144.0	811.0		True	1	1	1	1.0	MEDIUM	GCA_039877825.1
Muntiacus vaginalis	candidate_large_frameshift_insertion|ex3|pos195|len251	candidate_large_frameshift_insertion	exon_3	3.0	195.0	693.0	231.0	251.0		True	1	1	1	1.0	MEDIUM	GCA_039877825.1
Muntiacus vaginalis	frameshift_deletion|ex2|pos152|len2	frameshift_deletion	exon_2	2.0	152.0	346.0	116.0	2.0		True	1	1	1	1.0	MEDIUM	GCA_039877825.1
Muntiacus vaginalis	frameshift_deletion|ex2|pos265|len1	frameshift_deletion	exon_2	2.0	265.0	459.0	153.0	1.0		True	1	1	1	1.0	MEDIUM	GCA_039877825.1
Muntiacus vaginalis	frameshift_deletion|ex2|pos33|len5	frameshift_deletion	exon_2	2.0	33.0	227.0	76.0	5.0		True	1	1	1	1.0	MEDIUM	GCA_039877825.1
Muntiacus vaginalis	frameshift_deletion|ex3|pos166|len7	frameshift_deletion	exon_3	3.0	166.0	664.0	222.0	7.0		True	1	1	1	1.0	MEDIUM	GCA_039877825.1
Muntiacus vaginalis	frameshift_deletion|ex3|pos506|len10	frameshift_deletion	exon_3	3.0	506.0	1004.0	335.0	10.0		True	1	1	1	1.0	MEDIUM	GCA_039877825.1
Muntiacus vaginalis	frameshift_deletion|ex4|pos131|len1	frameshift_deletion	exon_4	4.0	131.0	1466.0	489.0	1.0		True	1	1	1	1.0	MEDIUM	GCA_039877825.1
Muntiacus vaginalis	frameshift_deletion|ex6|pos737|len5	frameshift_deletion	exon_6	6.0	737.0	2409.0	803.0	5.0		True	1	1	1	1.0	MEDIUM	GCA_039877825.1
Muntiacus vaginalis	frameshift_induced_stop|ex2|codon82	frameshift_induced_stop	exon_2	2.0	50.0	244.0	82.0			True	1	1	1	1.0	MEDIUM	GCA_039877825.1
Muntiacus vaginalis	frameshift_induced_stop|ex3|codon170	frameshift_induced_stop	exon_3	3.0	10.0	508.0	170.0			True	1	1	1	1.0	MEDIUM	GCA_039877825.1
Muntiacus vaginalis	frameshift_induced_stop|ex3|codon318	frameshift_induced_stop	exon_3	3.0	454.0	952.0	318.0			True	1	1	1	1.0	MEDIUM	GCA_039877825.1
Muntiacus vaginalis	frameshift_induced_stop|ex4|codon496	frameshift_induced_stop	exon_4	4.0	153.0	1488.0	496.0			True	1	1	1	1.0	MEDIUM	GCA_039877825.1
Muntiacus vaginalis	frameshift_insertion|ex3|pos447|len1	frameshift_insertion	exon_3	3.0	447.0	945.0	315.0	1.0		True	1	1	1	1.0	MEDIUM	GCA_039877825.1
Muntiacus vaginalis	inframe_deletion|ex3|pos659|len6	inframe_deletion	exon_3	3.0	659.0	1157.0	386.0	6.0		False	1	1	1	1.0	MEDIUM	GCA_039877825.1
Muntiacus vaginalis	inframe_deletion|ex3|pos667|len3	inframe_deletion	exon_3	3.0	667.0	1165.0	389.0	3.0		False	1	1	1	1.0	MEDIUM	GCA_039877825.1
Muntiacus vaginalis	inframe_deletion|ex6|pos460|len24	inframe_deletion	exon_6	6.0	460.0	2132.0	711.0	24.0		False	1	1	1	1.0	MEDIUM	GCA_039877825.1
Muntiacus vaginalis	inframe_deletion|ex6|pos935|len21	inframe_deletion	exon_6	6.0	935.0	2607.0	869.0	21.0		False	1	1	1	1.0	MEDIUM	GCA_039877825.1
Muntiacus vaginalis	inframe_insertion|ex3|pos267|len15	inframe_insertion	exon_3	3.0	267.0	765.0	255.0	15.0		False	1	1	1	1.0	MEDIUM	GCA_039877825.1
Muntiacus vaginalis	potential_splice_acceptor_disruption|ex5|GA	potential_splice_acceptor_disruption	exon_5	5.0	1.0	1549.0	517.0		GA	True	1	1	1	1.0	MEDIUM	GCA_039877825.1
Muntiacus vaginalis	potential_splice_donor_disruption|ex1|CC	potential_splice_donor_disruption	exon_1	1.0	194.0	194.0	65.0		CC	True	1	1	1	1.0	MEDIUM	GCA_039877825.1
Muntiacus vaginalis	premature_stop|ex3|codon374	premature_stop	exon_3	3.0	622.0	1120.0	374.0			True	1	1	1	1.0	MEDIUM	GCA_039877825.1
Muntiacus vaginalis	premature_stop|ex3|codon430	premature_stop	exon_3	3.0	790.0	1288.0	430.0			True	1	1	1	1.0	MEDIUM	GCA_039877825.1
Muntiacus vaginalis	premature_stop|ex3|codon433	premature_stop	exon_3	3.0	799.0	1297.0	433.0			True	1	1	1	1.0	MEDIUM	GCA_039877825.1
Muntiacus vaginalis	premature_stop|ex4|codon490	premature_stop	exon_4	4.0	133.0	1468.0	490.0			True	1	1	1	1.0	MEDIUM	GCA_039877825.1
Nanger dama	candidate_large_frameshift_insertion|ex4|pos38|len692	candidate_large_frameshift_insertion	exon_4	4.0	38.0	1373.0	458.0	692.0		True	1	1	2	0.5	MEDIUM	GCA_917880005.1
Nanger dama	candidate_large_inframe_insertion|ex4|pos38|len693	candidate_large_inframe_insertion	exon_4	4.0	38.0	1373.0	458.0	693.0		False	1	1	2	0.5	MEDIUM	GCA_019969365.1
Nanger dama	exon_unresolved|ex1	exon_unresolved	exon_1	1.0	1.0	1.0	1.0	194.0		False	2	0	0		LOW	
Nanger dama	frameshift_deletion|ex2|pos110|len1	frameshift_deletion	exon_2	2.0	110.0	304.0	102.0	1.0		True	2	2	2	1.0	HIGH	GCA_019969365.1;GCA_917880005.1
Nanger dama	frameshift_deletion|ex3|pos167|len7	frameshift_deletion	exon_3	3.0	167.0	665.0	222.0	7.0		True	2	2	2	1.0	HIGH	GCA_019969365.1;GCA_917880005.1
Nanger dama	frameshift_deletion|ex3|pos278|len4	frameshift_deletion	exon_3	3.0	278.0	776.0	259.0	4.0		True	2	2	2	1.0	HIGH	GCA_019969365.1;GCA_917880005.1
Nanger dama	frameshift_deletion|ex3|pos507|len1	frameshift_deletion	exon_3	3.0	507.0	1005.0	335.0	1.0		True	2	2	2	1.0	HIGH	GCA_019969365.1;GCA_917880005.1
Nanger dama	frameshift_deletion|ex4|pos131|len1	frameshift_deletion	exon_4	4.0	131.0	1466.0	489.0	1.0		True	2	2	2	1.0	HIGH	GCA_019969365.1;GCA_917880005.1
Nanger dama	frameshift_deletion|ex6|pos737|len5	frameshift_deletion	exon_6	6.0	737.0	2409.0	803.0	5.0		True	2	2	2	1.0	HIGH	GCA_019969365.1;GCA_917880005.1
Nanger dama	frameshift_deletion|ex6|pos765|len1	frameshift_deletion	exon_6	6.0	765.0	2437.0	813.0	1.0		True	1	1	2	0.5	MEDIUM	GCA_019969365.1
Nanger dama	frameshift_induced_stop|ex2|codon114	frameshift_induced_stop	exon_2	2.0	148.0	342.0	114.0			True	2	2	2	1.0	HIGH	GCA_019969365.1;GCA_917880005.1
Nanger dama	frameshift_induced_stop|ex3|codon236	frameshift_induced_stop	exon_3	3.0	208.0	706.0	236.0			True	2	2	2	1.0	HIGH	GCA_019969365.1;GCA_917880005.1
Nanger dama	frameshift_induced_stop|ex3|codon354	frameshift_induced_stop	exon_3	3.0	564.0	1062.0	354.0			True	2	2	2	1.0	HIGH	GCA_019969365.1;GCA_917880005.1
Nanger dama	frameshift_induced_stop|ex4|codon470	frameshift_induced_stop	exon_4	4.0	75.0	1410.0	470.0			True	1	1	2	0.5	MEDIUM	GCA_917880005.1
Nanger dama	frameshift_induced_stop|ex4|codon495	frameshift_induced_stop	exon_4	4.0	148.0	1483.0	495.0			True	1	1	2	0.5	MEDIUM	GCA_019969365.1
Nanger dama	frameshift_induced_stop|ex6|codon818	frameshift_induced_stop	exon_6	6.0	782.0	2454.0	818.0			True	1	1	2	0.5	MEDIUM	GCA_917880005.1
Nanger dama	frameshift_induced_stop|ex6|codon824	frameshift_induced_stop	exon_6	6.0	798.0	2470.0	824.0			True	1	1	2	0.5	MEDIUM	GCA_019969365.1
Nanger dama	frameshift_insertion|ex6|pos1092|len1	frameshift_insertion	exon_6	6.0	1092.0	2764.0	922.0	1.0		True	1	1	2	0.5	MEDIUM	GCA_917880005.1
Nanger dama	inframe_deletion|ex3|pos658|len9	inframe_deletion	exon_3	3.0	658.0	1156.0	386.0	9.0		False	2	2	2	1.0	HIGH	GCA_019969365.1;GCA_917880005.1
Nanger dama	inframe_deletion|ex6|pos89|len9	inframe_deletion	exon_6	6.0	89.0	1761.0	587.0	9.0		False	2	2	2	1.0	HIGH	GCA_019969365.1;GCA_917880005.1
Nanger dama	inframe_deletion|ex6|pos939|len21	inframe_deletion	exon_6	6.0	939.0	2611.0	871.0	21.0		False	2	2	2	1.0	HIGH	GCA_019969365.1;GCA_917880005.1
Nanger dama	inframe_insertion|ex4|pos183|len3	inframe_insertion	exon_4	4.0	183.0	1518.0	506.0	3.0		False	2	2	2	1.0	HIGH	GCA_019969365.1;GCA_917880005.1
Nanger dama	potential_splice_acceptor_disruption|ex5|GA	potential_splice_acceptor_disruption	exon_5	5.0	1.0	1549.0	517.0		GA	True	2	2	2	1.0	HIGH	GCA_019969365.1;GCA_917880005.1
Nanger dama	premature_stop|ex3|codon303	premature_stop	exon_3	3.0	409.0	907.0	303.0			True	2	2	2	1.0	HIGH	GCA_019969365.1;GCA_917880005.1
Nanger dama	premature_stop|ex3|codon361	premature_stop	exon_3	3.0	583.0	1081.0	361.0			True	2	2	2	1.0	HIGH	GCA_019969365.1;GCA_917880005.1
Nanger dama	premature_stop|ex3|codon374	premature_stop	exon_3	3.0	622.0	1120.0	374.0			True	1	1	2	0.5	MEDIUM	GCA_019969365.1
Nanger dama	premature_stop|ex3|codon430	premature_stop	exon_3	3.0	790.0	1288.0	430.0			True	2	2	2	1.0	HIGH	GCA_019969365.1;GCA_917880005.1
Nanger dama	premature_stop|ex3|codon433	premature_stop	exon_3	3.0	799.0	1297.0	433.0			True	2	2	2	1.0	HIGH	GCA_019969365.1;GCA_917880005.1
Nanger dama	premature_stop|ex5|codon526	premature_stop	exon_5	5.0	28.0	1576.0	526.0			True	2	2	2	1.0	HIGH	GCA_019969365.1;GCA_917880005.1
Nanger dama	premature_stop|ex6|codon722	premature_stop	exon_6	6.0	492.0	2164.0	722.0			True	2	2	2	1.0	HIGH	GCA_019969365.1;GCA_917880005.1
Nanger dama	premature_stop|ex6|codon825	premature_stop	exon_6	6.0	801.0	2473.0	825.0			True	2	2	2	1.0	HIGH	GCA_019969365.1;GCA_917880005.1
Nanger granti	candidate_large_inframe_insertion|ex4|pos38|len693	candidate_large_inframe_insertion	exon_4	4.0	38.0	1373.0	458.0	693.0		False	1	1	1	1.0	MEDIUM	GCA_006408635.1
Nanger granti	exon_unresolved|ex1	exon_unresolved	exon_1	1.0	1.0	1.0	1.0	194.0		False	1	0	0		LOW	
Nanger granti	exon_unresolved|ex5	exon_unresolved	exon_5	5.0	1.0	1549.0	517.0	124.0		False	1	0	0		LOW	
Nanger granti	frameshift_deletion|ex2|pos110|len1	frameshift_deletion	exon_2	2.0	110.0	304.0	102.0	1.0		True	1	1	1	1.0	MEDIUM	GCA_006408635.1
Nanger granti	frameshift_deletion|ex3|pos167|len7	frameshift_deletion	exon_3	3.0	167.0	665.0	222.0	7.0		True	1	1	1	1.0	MEDIUM	GCA_006408635.1
Nanger granti	frameshift_deletion|ex3|pos278|len4	frameshift_deletion	exon_3	3.0	278.0	776.0	259.0	4.0		True	1	1	1	1.0	MEDIUM	GCA_006408635.1
Nanger granti	frameshift_deletion|ex3|pos507|len1	frameshift_deletion	exon_3	3.0	507.0	1005.0	335.0	1.0		True	1	1	1	1.0	MEDIUM	GCA_006408635.1
Nanger granti	frameshift_deletion|ex4|pos131|len1	frameshift_deletion	exon_4	4.0	131.0	1466.0	489.0	1.0		True	1	1	1	1.0	MEDIUM	GCA_006408635.1
Nanger granti	frameshift_deletion|ex6|pos737|len5	frameshift_deletion	exon_6	6.0	737.0	2409.0	803.0	5.0		True	1	1	1	1.0	MEDIUM	GCA_006408635.1
Nanger granti	frameshift_induced_stop|ex2|codon114	frameshift_induced_stop	exon_2	2.0	148.0	342.0	114.0			True	1	1	1	1.0	MEDIUM	GCA_006408635.1
Nanger granti	frameshift_induced_stop|ex3|codon236	frameshift_induced_stop	exon_3	3.0	208.0	706.0	236.0			True	1	1	1	1.0	MEDIUM	GCA_006408635.1
Nanger granti	frameshift_induced_stop|ex3|codon354	frameshift_induced_stop	exon_3	3.0	564.0	1062.0	354.0			True	1	1	1	1.0	MEDIUM	GCA_006408635.1
Nanger granti	frameshift_induced_stop|ex4|codon495	frameshift_induced_stop	exon_4	4.0	148.0	1483.0	495.0			True	1	1	1	1.0	MEDIUM	GCA_006408635.1
Nanger granti	frameshift_induced_stop|ex6|codon818	frameshift_induced_stop	exon_6	6.0	782.0	2454.0	818.0			True	1	1	1	1.0	MEDIUM	GCA_006408635.1
Nanger granti	inframe_deletion|ex3|pos658|len9	inframe_deletion	exon_3	3.0	658.0	1156.0	386.0	9.0		False	1	1	1	1.0	MEDIUM	GCA_006408635.1
Nanger granti	inframe_deletion|ex6|pos89|len9	inframe_deletion	exon_6	6.0	89.0	1761.0	587.0	9.0		False	1	1	1	1.0	MEDIUM	GCA_006408635.1
Nanger granti	inframe_deletion|ex6|pos939|len21	inframe_deletion	exon_6	6.0	939.0	2611.0	871.0	21.0		False	1	1	1	1.0	MEDIUM	GCA_006408635.1
Nanger granti	inframe_insertion|ex4|pos183|len3	inframe_insertion	exon_4	4.0	183.0	1518.0	506.0	3.0		False	1	1	1	1.0	MEDIUM	GCA_006408635.1
Nanger granti	premature_stop|ex3|codon303	premature_stop	exon_3	3.0	409.0	907.0	303.0			True	1	1	1	1.0	MEDIUM	GCA_006408635.1
Nanger granti	premature_stop|ex3|codon361	premature_stop	exon_3	3.0	583.0	1081.0	361.0			True	1	1	1	1.0	MEDIUM	GCA_006408635.1
Nanger granti	premature_stop|ex3|codon430	premature_stop	exon_3	3.0	790.0	1288.0	430.0			True	1	1	1	1.0	MEDIUM	GCA_006408635.1
Nanger granti	premature_stop|ex3|codon433	premature_stop	exon_3	3.0	799.0	1297.0	433.0			True	1	1	1	1.0	MEDIUM	GCA_006408635.1
Nanger granti	premature_stop|ex6|codon722	premature_stop	exon_6	6.0	492.0	2164.0	722.0			True	1	1	1	1.0	MEDIUM	GCA_006408635.1
Nanger granti	premature_stop|ex6|codon825	premature_stop	exon_6	6.0	801.0	2473.0	825.0			True	1	1	1	1.0	MEDIUM	GCA_006408635.1
Neotragus moschatus	candidate_large_inframe_insertion|ex4|pos38|len879	candidate_large_inframe_insertion	exon_4	4.0	38.0	1373.0	458.0	879.0		False	1	1	1	1.0	MEDIUM	GCA_006410615.1
Neotragus moschatus	frameshift_deletion|ex1|pos119|len4	frameshift_deletion	exon_1	1.0	119.0	119.0	40.0	4.0		True	1	1	1	1.0	MEDIUM	GCA_006410615.1
Neotragus moschatus	frameshift_deletion|ex1|pos162|len1	frameshift_deletion	exon_1	1.0	162.0	162.0	54.0	1.0		True	1	1	1	1.0	MEDIUM	GCA_006410615.1
Neotragus moschatus	frameshift_deletion|ex3|pos167|len7	frameshift_deletion	exon_3	3.0	167.0	665.0	222.0	7.0		True	1	1	1	1.0	MEDIUM	GCA_006410615.1
Neotragus moschatus	frameshift_deletion|ex4|pos131|len1	frameshift_deletion	exon_4	4.0	131.0	1466.0	489.0	1.0		True	1	1	1	1.0	MEDIUM	GCA_006410615.1
Neotragus moschatus	frameshift_deletion|ex6|pos737|len5	frameshift_deletion	exon_6	6.0	737.0	2409.0	803.0	5.0		True	1	1	1	1.0	MEDIUM	GCA_006410615.1
Neotragus moschatus	frameshift_deletion|ex6|pos860|len4	frameshift_deletion	exon_6	6.0	860.0	2532.0	844.0	4.0		True	1	1	1	1.0	MEDIUM	GCA_006410615.1
Neotragus moschatus	frameshift_induced_stop|ex2|codon67	frameshift_induced_stop	exon_2	2.0	5.0	199.0	67.0			True	1	1	1	1.0	MEDIUM	GCA_006410615.1
Neotragus moschatus	frameshift_induced_stop|ex3|codon176	frameshift_induced_stop	exon_3	3.0	30.0	528.0	176.0			True	1	1	1	1.0	MEDIUM	GCA_006410615.1
Neotragus moschatus	frameshift_induced_stop|ex3|codon236	frameshift_induced_stop	exon_3	3.0	208.0	706.0	236.0			True	1	1	1	1.0	MEDIUM	GCA_006410615.1
Neotragus moschatus	frameshift_induced_stop|ex3|codon354	frameshift_induced_stop	exon_3	3.0	564.0	1062.0	354.0			True	1	1	1	1.0	MEDIUM	GCA_006410615.1
Neotragus moschatus	frameshift_induced_stop|ex4|codon495	frameshift_induced_stop	exon_4	4.0	148.0	1483.0	495.0			True	1	1	1	1.0	MEDIUM	GCA_006410615.1
Neotragus moschatus	frameshift_induced_stop|ex5|codon550	frameshift_induced_stop	exon_5	5.0	100.0	1648.0	550.0			True	1	1	1	1.0	MEDIUM	GCA_006410615.1
Neotragus moschatus	frameshift_induced_stop|ex6|codon691	frameshift_induced_stop	exon_6	6.0	399.0	2071.0	691.0			True	1	1	1	1.0	MEDIUM	GCA_006410615.1
Neotragus moschatus	frameshift_induced_stop|ex6|codon786	frameshift_induced_stop	exon_6	6.0	686.0	2358.0	786.0			True	1	1	1	1.0	MEDIUM	GCA_006410615.1
Neotragus moschatus	frameshift_induced_stop|ex6|codon854	frameshift_induced_stop	exon_6	6.0	890.0	2562.0	854.0			True	1	1	1	1.0	MEDIUM	GCA_006410615.1
Neotragus moschatus	frameshift_insertion|ex2|pos297|len1	frameshift_insertion	exon_2	2.0	297.0	491.0	164.0	1.0		True	1	1	1	1.0	MEDIUM	GCA_006410615.1
Neotragus moschatus	frameshift_insertion|ex3|pos439|len1	frameshift_insertion	exon_3	3.0	439.0	937.0	313.0	1.0		True	1	1	1	1.0	MEDIUM	GCA_006410615.1
Neotragus moschatus	frameshift_insertion|ex5|pos100|len1	frameshift_insertion	exon_5	5.0	100.0	1648.0	550.0	1.0		True	1	1	1	1.0	MEDIUM	GCA_006410615.1
Neotragus moschatus	frameshift_insertion|ex6|pos1021|len1	frameshift_insertion	exon_6	6.0	1021.0	2693.0	898.0	1.0		True	1	1	1	1.0	MEDIUM	GCA_006410615.1
Neotragus moschatus	frameshift_insertion|ex6|pos338|len2	frameshift_insertion	exon_6	6.0	338.0	2010.0	670.0	2.0		True	1	1	1	1.0	MEDIUM	GCA_006410615.1
Neotragus moschatus	frameshift_insertion|ex6|pos642|len1	frameshift_insertion	exon_6	6.0	642.0	2314.0	772.0	1.0		True	1	1	1	1.0	MEDIUM	GCA_006410615.1
Neotragus moschatus	inframe_deletion|ex3|pos658|len9	inframe_deletion	exon_3	3.0	658.0	1156.0	386.0	9.0		False	1	1	1	1.0	MEDIUM	GCA_006410615.1
Neotragus moschatus	inframe_deletion|ex6|pos363|len9	inframe_deletion	exon_6	6.0	363.0	2035.0	679.0	9.0		False	1	1	1	1.0	MEDIUM	GCA_006410615.1
Neotragus moschatus	inframe_deletion|ex6|pos90|len9	inframe_deletion	exon_6	6.0	90.0	1762.0	588.0	9.0		False	1	1	1	1.0	MEDIUM	GCA_006410615.1
Neotragus moschatus	inframe_deletion|ex6|pos939|len21	inframe_deletion	exon_6	6.0	939.0	2611.0	871.0	21.0		False	1	1	1	1.0	MEDIUM	GCA_006410615.1
Neotragus moschatus	potential_splice_acceptor_disruption|ex5|AA	potential_splice_acceptor_disruption	exon_5	5.0	1.0	1549.0	517.0		AA	True	1	1	1	1.0	MEDIUM	GCA_006410615.1
Neotragus moschatus	premature_stop|ex2|codon82	premature_stop	exon_2	2.0	50.0	244.0	82.0			True	1	1	1	1.0	MEDIUM	GCA_006410615.1
Neotragus moschatus	premature_stop|ex3|codon297	premature_stop	exon_3	3.0	391.0	889.0	297.0			True	1	1	1	1.0	MEDIUM	GCA_006410615.1
Neotragus moschatus	premature_stop|ex3|codon303	premature_stop	exon_3	3.0	409.0	907.0	303.0			True	1	1	1	1.0	MEDIUM	GCA_006410615.1
Neotragus moschatus	premature_stop|ex3|codon361	premature_stop	exon_3	3.0	583.0	1081.0	361.0			True	1	1	1	1.0	MEDIUM	GCA_006410615.1
Neotragus moschatus	premature_stop|ex3|codon427	premature_stop	exon_3	3.0	781.0	1279.0	427.0			True	1	1	1	1.0	MEDIUM	GCA_006410615.1
Neotragus moschatus	premature_stop|ex3|codon430	premature_stop	exon_3	3.0	790.0	1288.0	430.0			True	1	1	1	1.0	MEDIUM	GCA_006410615.1
Neotragus moschatus	premature_stop|ex3|codon433	premature_stop	exon_3	3.0	799.0	1297.0	433.0			True	1	1	1	1.0	MEDIUM	GCA_006410615.1
Neotragus moschatus	premature_stop|ex5|codon526	premature_stop	exon_5	5.0	28.0	1576.0	526.0			True	1	1	1	1.0	MEDIUM	GCA_006410615.1
Neotragus moschatus	premature_stop|ex6|codon722	premature_stop	exon_6	6.0	492.0	2164.0	722.0			True	1	1	1	1.0	MEDIUM	GCA_006410615.1
Neotragus pygmaeus	candidate_large_frameshift_insertion|ex4|pos38|len1373	candidate_large_frameshift_insertion	exon_4	4.0	38.0	1373.0	458.0	1373.0		True	1	1	1	1.0	MEDIUM	GCA_006410875.1
Neotragus pygmaeus	exon_unresolved|ex1	exon_unresolved	exon_1	1.0	1.0	1.0	1.0	194.0		False	1	0	0		LOW	
Neotragus pygmaeus	frameshift_deletion|ex3|pos167|len7	frameshift_deletion	exon_3	3.0	167.0	665.0	222.0	7.0		True	1	1	1	1.0	MEDIUM	GCA_006410875.1
Neotragus pygmaeus	frameshift_deletion|ex3|pos330|len4	frameshift_deletion	exon_3	3.0	330.0	828.0	276.0	4.0		True	1	1	1	1.0	MEDIUM	GCA_006410875.1
Neotragus pygmaeus	frameshift_deletion|ex3|pos606|len1	frameshift_deletion	exon_3	3.0	606.0	1104.0	368.0	1.0		True	1	1	1	1.0	MEDIUM	GCA_006410875.1
Neotragus pygmaeus	frameshift_deletion|ex3|pos72|len1	frameshift_deletion	exon_3	3.0	72.0	570.0	190.0	1.0		True	1	1	1	1.0	MEDIUM	GCA_006410875.1
Neotragus pygmaeus	frameshift_deletion|ex4|pos132|len1	frameshift_deletion	exon_4	4.0	132.0	1467.0	489.0	1.0		True	1	1	1	1.0	MEDIUM	GCA_006410875.1
Neotragus pygmaeus	frameshift_deletion|ex6|pos737|len5	frameshift_deletion	exon_6	6.0	737.0	2409.0	803.0	5.0		True	1	1	1	1.0	MEDIUM	GCA_006410875.1
Neotragus pygmaeus	frameshift_deletion|ex6|pos921|len1	frameshift_deletion	exon_6	6.0	921.0	2593.0	865.0	1.0		True	1	1	1	1.0	MEDIUM	GCA_006410875.1
Neotragus pygmaeus	frameshift_induced_stop|ex3|codon214	frameshift_induced_stop	exon_3	3.0	144.0	642.0	214.0			True	1	1	1	1.0	MEDIUM	GCA_006410875.1
Neotragus pygmaeus	frameshift_induced_stop|ex3|codon236	frameshift_induced_stop	exon_3	3.0	208.0	706.0	236.0			True	1	1	1	1.0	MEDIUM	GCA_006410875.1
Neotragus pygmaeus	frameshift_induced_stop|ex3|codon372	frameshift_induced_stop	exon_3	3.0	618.0	1116.0	372.0			True	1	1	1	1.0	MEDIUM	GCA_006410875.1
Neotragus pygmaeus	frameshift_induced_stop|ex4|codon496	frameshift_induced_stop	exon_4	4.0	153.0	1488.0	496.0			True	1	1	1	1.0	MEDIUM	GCA_006410875.1
Neotragus pygmaeus	frameshift_induced_stop|ex6|codon722	frameshift_induced_stop	exon_6	6.0	493.0	2165.0	722.0			True	1	1	1	1.0	MEDIUM	GCA_006410875.1
Neotragus pygmaeus	frameshift_insertion|ex4|pos65|len1	frameshift_insertion	exon_4	4.0	65.0	1400.0	467.0	1.0		True	1	1	1	1.0	MEDIUM	GCA_006410875.1
Neotragus pygmaeus	frameshift_insertion|ex5|pos62|len1	frameshift_insertion	exon_5	5.0	62.0	1610.0	537.0	1.0		True	1	1	1	1.0	MEDIUM	GCA_006410875.1
Neotragus pygmaeus	frameshift_insertion|ex6|pos1034|len4	frameshift_insertion	exon_6	6.0	1034.0	2706.0	902.0	4.0		True	1	1	1	1.0	MEDIUM	GCA_006410875.1
Neotragus pygmaeus	inframe_deletion|ex3|pos658|len9	inframe_deletion	exon_3	3.0	658.0	1156.0	386.0	9.0		False	1	1	1	1.0	MEDIUM	GCA_006410875.1
Neotragus pygmaeus	inframe_deletion|ex6|pos168|len3	inframe_deletion	exon_6	6.0	168.0	1840.0	614.0	3.0		False	1	1	1	1.0	MEDIUM	GCA_006410875.1
Neotragus pygmaeus	inframe_deletion|ex6|pos89|len9	inframe_deletion	exon_6	6.0	89.0	1761.0	587.0	9.0		False	1	1	1	1.0	MEDIUM	GCA_006410875.1
Neotragus pygmaeus	inframe_deletion|ex6|pos939|len15	inframe_deletion	exon_6	6.0	939.0	2611.0	871.0	15.0		False	1	1	1	1.0	MEDIUM	GCA_006410875.1
Neotragus pygmaeus	inframe_deletion|ex6|pos961|len6	inframe_deletion	exon_6	6.0	961.0	2633.0	878.0	6.0		False	1	1	1	1.0	MEDIUM	GCA_006410875.1
Neotragus pygmaeus	inframe_insertion|ex6|pos1036|len3	inframe_insertion	exon_6	6.0	1036.0	2708.0	903.0	3.0		False	1	1	1	1.0	MEDIUM	GCA_006410875.1
Neotragus pygmaeus	potential_splice_acceptor_disruption|ex5|GA	potential_splice_acceptor_disruption	exon_5	5.0	1.0	1549.0	517.0		GA	True	1	1	1	1.0	MEDIUM	GCA_006410875.1
Neotragus pygmaeus	premature_stop|ex3|codon303	premature_stop	exon_3	3.0	409.0	907.0	303.0			True	1	1	1	1.0	MEDIUM	GCA_006410875.1
Neotragus pygmaeus	premature_stop|ex3|codon361	premature_stop	exon_3	3.0	583.0	1081.0	361.0			True	1	1	1	1.0	MEDIUM	GCA_006410875.1
Neotragus pygmaeus	premature_stop|ex3|codon430	premature_stop	exon_3	3.0	790.0	1288.0	430.0			True	1	1	1	1.0	MEDIUM	GCA_006410875.1
Neotragus pygmaeus	premature_stop|ex3|codon433	premature_stop	exon_3	3.0	799.0	1297.0	433.0			True	1	1	1	1.0	MEDIUM	GCA_006410875.1
Neotragus pygmaeus	premature_stop|ex5|codon526	premature_stop	exon_5	5.0	28.0	1576.0	526.0			True	1	1	1	1.0	MEDIUM	GCA_006410875.1
Neotragus pygmaeus	premature_stop|ex6|codon722	premature_stop	exon_6	6.0	492.0	2164.0	722.0			True	1	1	1	1.0	MEDIUM	GCA_006410875.1
Neotragus pygmaeus	premature_stop|ex6|codon922	premature_stop	exon_6	6.0	1092.0	2764.0	922.0			True	1	1	1	1.0	MEDIUM	GCA_006410875.1
Nilgiritragus hylocrius	candidate_large_inframe_insertion|ex3|pos407|len138	candidate_large_inframe_insertion	exon_3	3.0	407.0	905.0	302.0	138.0		False	1	1	1	1.0	MEDIUM	GCA_004026825.1
Nilgiritragus hylocrius	frameshift_deletion|ex1|pos120|len4	frameshift_deletion	exon_1	1.0	120.0	120.0	40.0	4.0		True	1	1	1	1.0	MEDIUM	GCA_004026825.1
Nilgiritragus hylocrius	frameshift_deletion|ex1|pos162|len1	frameshift_deletion	exon_1	1.0	162.0	162.0	54.0	1.0		True	1	1	1	1.0	MEDIUM	GCA_004026825.1
Nilgiritragus hylocrius	frameshift_deletion|ex3|pos167|len7	frameshift_deletion	exon_3	3.0	167.0	665.0	222.0	7.0		True	1	1	1	1.0	MEDIUM	GCA_004026825.1
Nilgiritragus hylocrius	frameshift_deletion|ex3|pos661|len17	frameshift_deletion	exon_3	3.0	661.0	1159.0	387.0	17.0		True	1	1	1	1.0	MEDIUM	GCA_004026825.1
Nilgiritragus hylocrius	frameshift_deletion|ex4|pos131|len1	frameshift_deletion	exon_4	4.0	131.0	1466.0	489.0	1.0		True	1	1	1	1.0	MEDIUM	GCA_004026825.1
Nilgiritragus hylocrius	frameshift_deletion|ex6|pos209|len1	frameshift_deletion	exon_6	6.0	209.0	1881.0	627.0	1.0		True	1	1	1	1.0	MEDIUM	GCA_004026825.1
Nilgiritragus hylocrius	frameshift_deletion|ex6|pos737|len5	frameshift_deletion	exon_6	6.0	737.0	2409.0	803.0	5.0		True	1	1	1	1.0	MEDIUM	GCA_004026825.1
Nilgiritragus hylocrius	frameshift_induced_stop|ex1|codon26	frameshift_induced_stop	exon_1	1.0	76.0	76.0	26.0			True	1	1	1	1.0	MEDIUM	GCA_004026825.1
Nilgiritragus hylocrius	frameshift_induced_stop|ex2|codon77	frameshift_induced_stop	exon_2	2.0	37.0	231.0	77.0			True	1	1	1	1.0	MEDIUM	GCA_004026825.1
Nilgiritragus hylocrius	frameshift_induced_stop|ex3|codon239	frameshift_induced_stop	exon_3	3.0	219.0	717.0	239.0			True	1	1	1	1.0	MEDIUM	GCA_004026825.1
Nilgiritragus hylocrius	frameshift_induced_stop|ex4|codon491	frameshift_induced_stop	exon_4	4.0	138.0	1473.0	491.0			True	1	1	1	1.0	MEDIUM	GCA_004026825.1
Nilgiritragus hylocrius	frameshift_induced_stop|ex6|codon652	frameshift_induced_stop	exon_6	6.0	282.0	1954.0	652.0			True	1	1	1	1.0	MEDIUM	GCA_004026825.1
Nilgiritragus hylocrius	frameshift_induced_stop|ex6|codon824	frameshift_induced_stop	exon_6	6.0	798.0	2470.0	824.0			True	1	1	1	1.0	MEDIUM	GCA_004026825.1
Nilgiritragus hylocrius	frameshift_insertion|ex1|pos40|len4	frameshift_insertion	exon_1	1.0	40.0	40.0	14.0	4.0		True	1	1	1	1.0	MEDIUM	GCA_004026825.1
Nilgiritragus hylocrius	frameshift_insertion|ex2|pos297|len1	frameshift_insertion	exon_2	2.0	297.0	491.0	164.0	1.0		True	1	1	1	1.0	MEDIUM	GCA_004026825.1
Nilgiritragus hylocrius	frameshift_insertion|ex6|pos338|len2	frameshift_insertion	exon_6	6.0	338.0	2010.0	670.0	2.0		True	1	1	1	1.0	MEDIUM	GCA_004026825.1
Nilgiritragus hylocrius	inframe_deletion|ex6|pos89|len9	inframe_deletion	exon_6	6.0	89.0	1761.0	587.0	9.0		False	1	1	1	1.0	MEDIUM	GCA_004026825.1
Nilgiritragus hylocrius	inframe_deletion|ex6|pos939|len21	inframe_deletion	exon_6	6.0	939.0	2611.0	871.0	21.0		False	1	1	1	1.0	MEDIUM	GCA_004026825.1
Nilgiritragus hylocrius	potential_splice_acceptor_disruption|ex5|GA	potential_splice_acceptor_disruption	exon_5	5.0	1.0	1549.0	517.0		GA	True	1	1	1	1.0	MEDIUM	GCA_004026825.1
Nilgiritragus hylocrius	potential_splice_donor_disruption|ex1|CC	potential_splice_donor_disruption	exon_1	1.0	194.0	194.0	65.0		CC	True	1	1	1	1.0	MEDIUM	GCA_004026825.1
Nilgiritragus hylocrius	premature_stop|ex3|codon299	premature_stop	exon_3	3.0	397.0	895.0	299.0			True	1	1	1	1.0	MEDIUM	GCA_004026825.1
Nilgiritragus hylocrius	premature_stop|ex3|codon361	premature_stop	exon_3	3.0	583.0	1081.0	361.0			True	1	1	1	1.0	MEDIUM	GCA_004026825.1
Nilgiritragus hylocrius	premature_stop|ex3|codon430	premature_stop	exon_3	3.0	790.0	1288.0	430.0			True	1	1	1	1.0	MEDIUM	GCA_004026825.1
Nilgiritragus hylocrius	premature_stop|ex3|codon433	premature_stop	exon_3	3.0	799.0	1297.0	433.0			True	1	1	1	1.0	MEDIUM	GCA_004026825.1
Nilgiritragus hylocrius	premature_stop|ex5|codon526	premature_stop	exon_5	5.0	28.0	1576.0	526.0			True	1	1	1	1.0	MEDIUM	GCA_004026825.1
Nilgiritragus hylocrius	premature_stop|ex6|codon722	premature_stop	exon_6	6.0	492.0	2164.0	722.0			True	1	1	1	1.0	MEDIUM	GCA_004026825.1
Odocoileus hemionus	candidate_large_frameshift_insertion|ex2|pos237|len812	candidate_large_frameshift_insertion	exon_2	2.0	237.0	431.0	144.0	812.0		True	3	3	4	0.75	HIGH	GCA_003697985.1;GCA_042767535.1;GCA_042768445.1
Odocoileus hemionus	candidate_large_frameshift_insertion|ex3|pos195|len251	candidate_large_frameshift_insertion	exon_3	3.0	195.0	693.0	231.0	251.0		True	4	4	4	1.0	HIGH	GCA_003697985.1;GCA_004115125.1;GCA_042767535.1;GCA_042768445.1
Odocoileus hemionus	candidate_large_inframe_insertion|ex2|pos237|len810	candidate_large_inframe_insertion	exon_2	2.0	237.0	431.0	144.0	810.0		False	1	1	4	0.25	LOW	GCA_004115125.1
Odocoileus hemionus	exon_unresolved|ex1	exon_unresolved	exon_1	1.0	1.0	1.0	1.0	194.0		False	1	0	4	0.0	LOW	
Odocoileus hemionus	exon_unresolved|ex2	exon_unresolved	exon_2	2.0	1.0	195.0	65.0	304.0		False	1	0	4	0.0	LOW	
Odocoileus hemionus	exon_unresolved|ex3	exon_unresolved	exon_3	3.0	1.0	499.0	167.0	837.0		False	1	0	4	0.0	LOW	
Odocoileus hemionus	exon_unresolved|ex4	exon_unresolved	exon_4	4.0	1.0	1336.0	446.0	213.0		False	1	0	4	0.0	LOW	
Odocoileus hemionus	exon_unresolved|ex5	exon_unresolved	exon_5	5.0	1.0	1549.0	517.0	124.0		False	2	0	3	0.0	LOW	
Odocoileus hemionus	exon_unresolved|ex6	exon_unresolved	exon_6	6.0	1.0	1673.0	558.0	1115.0		False	2	0	3	0.0	LOW	
Odocoileus hemionus	frameshift_deletion|ex2|pos152|len2	frameshift_deletion	exon_2	2.0	152.0	346.0	116.0	2.0		True	4	4	4	1.0	HIGH	GCA_003697985.1;GCA_004115125.1;GCA_042767535.1;GCA_042768445.1
Odocoileus hemionus	frameshift_deletion|ex2|pos265|len1	frameshift_deletion	exon_2	2.0	265.0	459.0	153.0	1.0		True	4	4	4	1.0	HIGH	GCA_003697985.1;GCA_004115125.1;GCA_042767535.1;GCA_042768445.1
Odocoileus hemionus	frameshift_deletion|ex2|pos33|len5	frameshift_deletion	exon_2	2.0	33.0	227.0	76.0	5.0		True	4	4	4	1.0	HIGH	GCA_003697985.1;GCA_004115125.1;GCA_042767535.1;GCA_042768445.1
Odocoileus hemionus	frameshift_deletion|ex3|pos166|len7	frameshift_deletion	exon_3	3.0	166.0	664.0	222.0	7.0		True	4	4	4	1.0	HIGH	GCA_003697985.1;GCA_004115125.1;GCA_042767535.1;GCA_042768445.1
Odocoileus hemionus	frameshift_deletion|ex4|pos131|len1	frameshift_deletion	exon_4	4.0	131.0	1466.0	489.0	1.0		True	4	4	4	1.0	HIGH	GCA_003697985.1;GCA_004115125.1;GCA_042767535.1;GCA_042768445.1
Odocoileus hemionus	frameshift_deletion|ex6|pos340|len2	frameshift_deletion	exon_6	6.0	340.0	2012.0	671.0	2.0		True	3	3	3	1.0	HIGH	GCA_004115125.1;GCA_042767535.1;GCA_042768445.1
Odocoileus hemionus	frameshift_deletion|ex6|pos484|len23	frameshift_deletion	exon_6	6.0	484.0	2156.0	719.0	23.0		True	1	1	3	0.3333333333333333	LOW	GCA_042768445.1
Odocoileus hemionus	frameshift_deletion|ex6|pos488|len17	frameshift_deletion	exon_6	6.0	488.0	2160.0	720.0	17.0		True	2	2	3	0.6666666666666666	HIGH	GCA_004115125.1;GCA_042767535.1
Odocoileus hemionus	frameshift_deletion|ex6|pos737|len5	frameshift_deletion	exon_6	6.0	737.0	2409.0	803.0	5.0		True	3	3	3	1.0	HIGH	GCA_004115125.1;GCA_042767535.1;GCA_042768445.1
Odocoileus hemionus	frameshift_deletion|ex6|pos824|len1	frameshift_deletion	exon_6	6.0	824.0	2496.0	832.0	1.0		True	1	0	3	0.0	LOW	
Odocoileus hemionus	frameshift_deletion|ex6|pos82|len1	frameshift_deletion	exon_6	6.0	82.0	1754.0	585.0	1.0		True	3	3	3	1.0	HIGH	GCA_004115125.1;GCA_042767535.1;GCA_042768445.1
Odocoileus hemionus	frameshift_deletion|ex6|pos834|len4	frameshift_deletion	exon_6	6.0	834.0	2506.0	836.0	4.0		True	1	0	3	0.0	LOW	
Odocoileus hemionus	frameshift_induced_stop|ex2|codon144	frameshift_induced_stop	exon_2	2.0	238.0	432.0	144.0			True	4	4	4	1.0	HIGH	GCA_003697985.1;GCA_004115125.1;GCA_042767535.1;GCA_042768445.1
Odocoileus hemionus	frameshift_induced_stop|ex2|codon82	frameshift_induced_stop	exon_2	2.0	50.0	244.0	82.0			True	4	4	4	1.0	HIGH	GCA_003697985.1;GCA_004115125.1;GCA_042767535.1;GCA_042768445.1
Odocoileus hemionus	frameshift_induced_stop|ex3|codon170	frameshift_induced_stop	exon_3	3.0	10.0	508.0	170.0			True	1	1	4	0.25	LOW	GCA_004115125.1
Odocoileus hemionus	frameshift_induced_stop|ex3|codon374	frameshift_induced_stop	exon_3	3.0	623.0	1121.0	374.0			True	4	4	4	1.0	HIGH	GCA_003697985.1;GCA_004115125.1;GCA_042767535.1;GCA_042768445.1
Odocoileus hemionus	frameshift_induced_stop|ex4|codon504	frameshift_induced_stop	exon_4	4.0	177.0	1512.0	504.0			True	1	1	4	0.25	LOW	GCA_004115125.1
Odocoileus hemionus	frameshift_induced_stop|ex6|codon588	frameshift_induced_stop	exon_6	6.0	90.0	1762.0	588.0			True	2	2	3	0.6666666666666666	HIGH	GCA_042767535.1;GCA_042768445.1
Odocoileus hemionus	frameshift_induced_stop|ex6|codon678	frameshift_induced_stop	exon_6	6.0	362.0	2034.0	678.0			True	1	1	3	0.3333333333333333	LOW	GCA_004115125.1
Odocoileus hemionus	frameshift_induced_stop|ex6|codon782	frameshift_induced_stop	exon_6	6.0	672.0	2344.0	782.0			True	1	1	3	0.3333333333333333	LOW	GCA_020976825.1
Odocoileus hemionus	frameshift_induced_stop|ex6|codon824	frameshift_induced_stop	exon_6	6.0	798.0	2470.0	824.0			True	2	2	3	0.6666666666666666	HIGH	GCA_042767535.1;GCA_042768445.1
Odocoileus hemionus	frameshift_insertion|ex6|pos665|len1	frameshift_insertion	exon_6	6.0	665.0	2337.0	779.0	1.0		True	1	1	3	0.3333333333333333	LOW	GCA_020976825.1
Odocoileus hemionus	inframe_deletion|ex3|pos659|len6	inframe_deletion	exon_3	3.0	659.0	1157.0	386.0	6.0		False	4	4	4	1.0	HIGH	GCA_003697985.1;GCA_004115125.1;GCA_042767535.1;GCA_042768445.1
Odocoileus hemionus	inframe_deletion|ex3|pos667|len3	inframe_deletion	exon_3	3.0	667.0	1165.0	389.0	3.0		False	4	4	4	1.0	HIGH	GCA_003697985.1;GCA_004115125.1;GCA_042767535.1;GCA_042768445.1
Odocoileus hemionus	inframe_deletion|ex6|pos464|len3	inframe_deletion	exon_6	6.0	464.0	2136.0	712.0	3.0		False	3	3	3	1.0	HIGH	GCA_004115125.1;GCA_042767535.1;GCA_042768445.1
Odocoileus hemionus	inframe_deletion|ex6|pos474|len3	inframe_deletion	exon_6	6.0	474.0	2146.0	716.0	3.0		False	1	1	3	0.3333333333333333	LOW	GCA_042768445.1
Odocoileus hemionus	inframe_deletion|ex6|pos476|len9	inframe_deletion	exon_6	6.0	476.0	2148.0	716.0	9.0		False	2	2	3	0.6666666666666666	HIGH	GCA_004115125.1;GCA_042767535.1
Odocoileus hemionus	inframe_deletion|ex6|pos935|len21	inframe_deletion	exon_6	6.0	935.0	2607.0	869.0	21.0		False	3	3	3	1.0	HIGH	GCA_004115125.1;GCA_042767535.1;GCA_042768445.1
Odocoileus hemionus	inframe_insertion|ex3|pos267|len15	inframe_insertion	exon_3	3.0	267.0	765.0	255.0	15.0		False	4	4	4	1.0	HIGH	GCA_003697985.1;GCA_004115125.1;GCA_042767535.1;GCA_042768445.1
Odocoileus hemionus	potential_splice_acceptor_disruption|ex5|GA	potential_splice_acceptor_disruption	exon_5	5.0	1.0	1549.0	517.0		GA	True	3	3	3	1.0	HIGH	GCA_004115125.1;GCA_042767535.1;GCA_042768445.1
Odocoileus hemionus	potential_splice_donor_disruption|ex1|CC	potential_splice_donor_disruption	exon_1	1.0	194.0	194.0	65.0		CC	True	4	4	4	1.0	HIGH	GCA_003697985.1;GCA_004115125.1;GCA_042767535.1;GCA_042768445.1
Odocoileus hemionus	premature_stop|ex3|codon374	premature_stop	exon_3	3.0	622.0	1120.0	374.0			True	4	4	4	1.0	HIGH	GCA_003697985.1;GCA_004115125.1;GCA_042767535.1;GCA_042768445.1
Odocoileus hemionus	premature_stop|ex3|codon430	premature_stop	exon_3	3.0	790.0	1288.0	430.0			True	4	4	4	1.0	HIGH	GCA_003697985.1;GCA_004115125.1;GCA_042767535.1;GCA_042768445.1
Odocoileus hemionus	premature_stop|ex3|codon433	premature_stop	exon_3	3.0	799.0	1297.0	433.0			True	4	4	4	1.0	HIGH	GCA_003697985.1;GCA_004115125.1;GCA_042767535.1;GCA_042768445.1
Odocoileus virginianus	candidate_large_frameshift_insertion|ex2|pos237|len806	candidate_large_frameshift_insertion	exon_2	2.0	237.0	431.0	144.0	806.0		True	1	1	5	0.2	LOW	GCA_014726795.1
Odocoileus virginianus	candidate_large_frameshift_insertion|ex2|pos237|len809	candidate_large_frameshift_insertion	exon_2	2.0	237.0	431.0	144.0	809.0		True	2	2	5	0.4	LOW	GCA_023699985.4;GCF_023699985.2
Odocoileus virginianus	candidate_large_frameshift_insertion|ex3|pos195|len251	candidate_large_frameshift_insertion	exon_3	3.0	195.0	693.0	231.0	251.0		True	4	4	5	0.8	HIGH	GCA_002102435.1;GCA_023699985.4;GCF_002102435.1;GCF_023699985.2
Odocoileus virginianus	candidate_large_inframe_insertion|ex2|pos237|len810	candidate_large_inframe_insertion	exon_2	2.0	237.0	431.0	144.0	810.0		False	2	2	5	0.4	LOW	GCA_002102435.1;GCF_002102435.1
Odocoileus virginianus	candidate_large_inframe_insertion|ex3|pos195|len249	candidate_large_inframe_insertion	exon_3	3.0	195.0	693.0	231.0	249.0		False	1	1	5	0.2	LOW	GCA_014726795.1
Odocoileus virginianus	frameshift_deletion|ex2|pos152|len2	frameshift_deletion	exon_2	2.0	152.0	346.0	116.0	2.0		True	5	5	5	1.0	HIGH	GCA_002102435.1;GCA_014726795.1;GCA_023699985.4;GCF_002102435.1;GCF_023699985.2
Odocoileus virginianus	frameshift_deletion|ex2|pos265|len1	frameshift_deletion	exon_2	2.0	265.0	459.0	153.0	1.0		True	5	5	5	1.0	HIGH	GCA_002102435.1;GCA_014726795.1;GCA_023699985.4;GCF_002102435.1;GCF_023699985.2
Odocoileus virginianus	frameshift_deletion|ex2|pos26|len1	frameshift_deletion	exon_2	2.0	26.0	220.0	74.0	1.0		True	1	1	5	0.2	LOW	GCA_014726795.1
Odocoileus virginianus	frameshift_deletion|ex2|pos33|len5	frameshift_deletion	exon_2	2.0	33.0	227.0	76.0	5.0		True	5	5	5	1.0	HIGH	GCA_002102435.1;GCA_014726795.1;GCA_023699985.4;GCF_002102435.1;GCF_023699985.2
Odocoileus virginianus	frameshift_deletion|ex3|pos166|len7	frameshift_deletion	exon_3	3.0	166.0	664.0	222.0	7.0		True	5	5	5	1.0	HIGH	GCA_002102435.1;GCA_014726795.1;GCA_023699985.4;GCF_002102435.1;GCF_023699985.2
Odocoileus virginianus	frameshift_deletion|ex4|pos131|len1	frameshift_deletion	exon_4	4.0	131.0	1466.0	489.0	1.0		True	4	4	5	0.8	HIGH	GCA_002102435.1;GCA_023699985.4;GCF_002102435.1;GCF_023699985.2
Odocoileus virginianus	frameshift_deletion|ex4|pos137|len1	frameshift_deletion	exon_4	4.0	137.0	1472.0	491.0	1.0		True	1	1	5	0.2	LOW	GCA_014726795.1
Odocoileus virginianus	frameshift_deletion|ex4|pos202|len1	frameshift_deletion	exon_4	4.0	202.0	1537.0	513.0	1.0		True	1	1	5	0.2	LOW	GCA_014726795.1
Odocoileus virginianus	frameshift_deletion|ex4|pos81|len1	frameshift_deletion	exon_4	4.0	81.0	1416.0	472.0	1.0		True	1	1	5	0.2	LOW	GCA_014726795.1
Odocoileus virginianus	frameshift_deletion|ex6|pos340|len2	frameshift_deletion	exon_6	6.0	340.0	2012.0	671.0	2.0		True	5	5	5	1.0	HIGH	GCA_002102435.1;GCA_014726795.1;GCA_023699985.4;GCF_002102435.1;GCF_023699985.2
Odocoileus virginianus	frameshift_deletion|ex6|pos484|len23	frameshift_deletion	exon_6	6.0	484.0	2156.0	719.0	23.0		True	5	5	5	1.0	HIGH	GCA_002102435.1;GCA_014726795.1;GCA_023699985.4;GCF_002102435.1;GCF_023699985.2
Odocoileus virginianus	frameshift_deletion|ex6|pos737|len5	frameshift_deletion	exon_6	6.0	737.0	2409.0	803.0	5.0		True	5	5	5	1.0	HIGH	GCA_002102435.1;GCA_014726795.1;GCA_023699985.4;GCF_002102435.1;GCF_023699985.2
Odocoileus virginianus	frameshift_deletion|ex6|pos82|len1	frameshift_deletion	exon_6	6.0	82.0	1754.0	585.0	1.0		True	5	5	5	1.0	HIGH	GCA_002102435.1;GCA_014726795.1;GCA_023699985.4;GCF_002102435.1;GCF_023699985.2
Odocoileus virginianus	frameshift_induced_stop|ex2|codon119	frameshift_induced_stop	exon_2	2.0	161.0	355.0	119.0			True	1	1	5	0.2	LOW	GCA_014726795.1
Odocoileus virginianus	frameshift_induced_stop|ex2|codon144	frameshift_induced_stop	exon_2	2.0	238.0	432.0	144.0			True	4	4	5	0.8	HIGH	GCA_002102435.1;GCA_023699985.4;GCF_002102435.1;GCF_023699985.2
Odocoileus virginianus	frameshift_induced_stop|ex2|codon82	frameshift_induced_stop	exon_2	2.0	50.0	244.0	82.0			True	4	4	5	0.8	HIGH	GCA_002102435.1;GCA_023699985.4;GCF_002102435.1;GCF_023699985.2
Odocoileus virginianus	frameshift_induced_stop|ex3|codon170	frameshift_induced_stop	exon_3	3.0	10.0	508.0	170.0			True	2	2	5	0.4	LOW	GCA_002102435.1;GCF_002102435.1
Odocoileus virginianus	frameshift_induced_stop|ex3|codon239	frameshift_induced_stop	exon_3	3.0	219.0	717.0	239.0			True	1	1	5	0.2	LOW	GCA_014726795.1
Odocoileus virginianus	frameshift_induced_stop|ex3|codon374	frameshift_induced_stop	exon_3	3.0	623.0	1121.0	374.0			True	4	4	5	0.8	HIGH	GCA_002102435.1;GCA_023699985.4;GCF_002102435.1;GCF_023699985.2
Odocoileus virginianus	frameshift_induced_stop|ex5|codon531	frameshift_induced_stop	exon_5	5.0	45.0	1593.0	531.0			True	3	3	5	0.6	HIGH	GCA_002102435.1;GCA_014726795.1;GCF_002102435.1
Odocoileus virginianus	frameshift_induced_stop|ex6|codon588	frameshift_induced_stop	exon_6	6.0	90.0	1762.0	588.0			True	2	2	5	0.4	LOW	GCA_023699985.4;GCF_023699985.2
Odocoileus virginianus	frameshift_induced_stop|ex6|codon678	frameshift_induced_stop	exon_6	6.0	362.0	2034.0	678.0			True	3	3	5	0.6	HIGH	GCA_002102435.1;GCA_014726795.1;GCF_002102435.1
Odocoileus virginianus	frameshift_induced_stop|ex6|codon824	frameshift_induced_stop	exon_6	6.0	798.0	2470.0	824.0			True	2	2	5	0.4	LOW	GCA_023699985.4;GCF_023699985.2
Odocoileus virginianus	gene_unresolved_no_hit|ex0|pos0	gene_unresolved_no_hit								False	2	0	5	0.0	LOW	
Odocoileus virginianus	inframe_deletion|ex3|pos659|len6	inframe_deletion	exon_3	3.0	659.0	1157.0	386.0	6.0		False	5	5	5	1.0	HIGH	GCA_002102435.1;GCA_014726795.1;GCA_023699985.4;GCF_002102435.1;GCF_023699985.2
Odocoileus virginianus	inframe_deletion|ex3|pos667|len3	inframe_deletion	exon_3	3.0	667.0	1165.0	389.0	3.0		False	5	5	5	1.0	HIGH	GCA_002102435.1;GCA_014726795.1;GCA_023699985.4;GCF_002102435.1;GCF_023699985.2
Odocoileus virginianus	inframe_deletion|ex6|pos462|len3	inframe_deletion	exon_6	6.0	462.0	2134.0	712.0	3.0		False	4	4	5	0.8	HIGH	GCA_002102435.1;GCA_023699985.4;GCF_002102435.1;GCF_023699985.2
Odocoileus virginianus	inframe_deletion|ex6|pos464|len3	inframe_deletion	exon_6	6.0	464.0	2136.0	712.0	3.0		False	1	1	5	0.2	LOW	GCA_014726795.1
Odocoileus virginianus	inframe_deletion|ex6|pos474|len3	inframe_deletion	exon_6	6.0	474.0	2146.0	716.0	3.0		False	5	5	5	1.0	HIGH	GCA_002102435.1;GCA_014726795.1;GCA_023699985.4;GCF_002102435.1;GCF_023699985.2
Odocoileus virginianus	inframe_deletion|ex6|pos935|len21	inframe_deletion	exon_6	6.0	935.0	2607.0	869.0	21.0		False	5	5	5	1.0	HIGH	GCA_002102435.1;GCA_014726795.1;GCA_023699985.4;GCF_002102435.1;GCF_023699985.2
Odocoileus virginianus	inframe_insertion|ex3|pos267|len15	inframe_insertion	exon_3	3.0	267.0	765.0	255.0	15.0		False	5	5	5	1.0	HIGH	GCA_002102435.1;GCA_014726795.1;GCA_023699985.4;GCF_002102435.1;GCF_023699985.2
Odocoileus virginianus	potential_splice_acceptor_disruption|ex5|GA	potential_splice_acceptor_disruption	exon_5	5.0	1.0	1549.0	517.0		GA	True	5	5	5	1.0	HIGH	GCA_002102435.1;GCA_014726795.1;GCA_023699985.4;GCF_002102435.1;GCF_023699985.2
Odocoileus virginianus	potential_splice_donor_disruption|ex1|CC	potential_splice_donor_disruption	exon_1	1.0	194.0	194.0	65.0		CC	True	5	5	5	1.0	HIGH	GCA_002102435.1;GCA_014726795.1;GCA_023699985.4;GCF_002102435.1;GCF_023699985.2
Odocoileus virginianus	premature_stop|ex2|codon100	premature_stop	exon_2	2.0	104.0	298.0	100.0			True	5	5	5	1.0	HIGH	GCA_002102435.1;GCA_014726795.1;GCA_023699985.4;GCF_002102435.1;GCF_023699985.2
Odocoileus virginianus	premature_stop|ex3|codon374	premature_stop	exon_3	3.0	622.0	1120.0	374.0			True	5	5	5	1.0	HIGH	GCA_002102435.1;GCA_014726795.1;GCA_023699985.4;GCF_002102435.1;GCF_023699985.2
Odocoileus virginianus	premature_stop|ex3|codon430	premature_stop	exon_3	3.0	790.0	1288.0	430.0			True	5	5	5	1.0	HIGH	GCA_002102435.1;GCA_014726795.1;GCA_023699985.4;GCF_002102435.1;GCF_023699985.2
Odocoileus virginianus	premature_stop|ex3|codon433	premature_stop	exon_3	3.0	799.0	1297.0	433.0			True	5	5	5	1.0	HIGH	GCA_002102435.1;GCA_014726795.1;GCA_023699985.4;GCF_002102435.1;GCF_023699985.2
Okapia johnstoni	frameshift_deletion|ex1|pos162|len1	frameshift_deletion	exon_1	1.0	162.0	162.0	54.0	1.0		True	3	3	3	1.0	HIGH	GCA_001660835.1;GCA_021018685.1;GCA_024291935.2
Okapia johnstoni	frameshift_deletion|ex2|pos265|len1	frameshift_deletion	exon_2	2.0	265.0	459.0	153.0	1.0		True	3	3	3	1.0	HIGH	GCA_001660835.1;GCA_021018685.1;GCA_024291935.2
Okapia johnstoni	frameshift_deletion|ex3|pos167|len7	frameshift_deletion	exon_3	3.0	167.0	665.0	222.0	7.0		True	3	3	3	1.0	HIGH	GCA_001660835.1;GCA_021018685.1;GCA_024291935.2
Okapia johnstoni	frameshift_deletion|ex3|pos532|len4	frameshift_deletion	exon_3	3.0	532.0	1030.0	344.0	4.0		True	3	3	3	1.0	HIGH	GCA_001660835.1;GCA_021018685.1;GCA_024291935.2
Okapia johnstoni	frameshift_deletion|ex4|pos131|len1	frameshift_deletion	exon_4	4.0	131.0	1466.0	489.0	1.0		True	3	3	3	1.0	HIGH	GCA_001660835.1;GCA_021018685.1;GCA_024291935.2
Okapia johnstoni	frameshift_deletion|ex6|pos954|len4	frameshift_deletion	exon_6	6.0	954.0	2626.0	876.0	4.0		True	3	3	3	1.0	HIGH	GCA_001660835.1;GCA_021018685.1;GCA_024291935.2
Okapia johnstoni	frameshift_induced_stop|ex2|codon69	frameshift_induced_stop	exon_2	2.0	13.0	207.0	69.0			True	3	3	3	1.0	HIGH	GCA_001660835.1;GCA_021018685.1;GCA_024291935.2
Okapia johnstoni	frameshift_induced_stop|ex3|codon192	frameshift_induced_stop	exon_3	3.0	76.0	574.0	192.0			True	3	3	3	1.0	HIGH	GCA_001660835.1;GCA_021018685.1;GCA_024291935.2
Okapia johnstoni	frameshift_induced_stop|ex3|codon354	frameshift_induced_stop	exon_3	3.0	564.0	1062.0	354.0			True	3	3	3	1.0	HIGH	GCA_001660835.1;GCA_021018685.1;GCA_024291935.2
Okapia johnstoni	frameshift_induced_stop|ex4|codon495	frameshift_induced_stop	exon_4	4.0	148.0	1483.0	495.0			True	3	3	3	1.0	HIGH	GCA_001660835.1;GCA_021018685.1;GCA_024291935.2
Okapia johnstoni	inframe_deletion|ex3|pos659|len6	inframe_deletion	exon_3	3.0	659.0	1157.0	386.0	6.0		False	3	3	3	1.0	HIGH	GCA_001660835.1;GCA_021018685.1;GCA_024291935.2
Okapia johnstoni	inframe_deletion|ex3|pos667|len3	inframe_deletion	exon_3	3.0	667.0	1165.0	389.0	3.0		False	3	3	3	1.0	HIGH	GCA_001660835.1;GCA_021018685.1;GCA_024291935.2
Okapia johnstoni	inframe_deletion|ex6|pos168|len3	inframe_deletion	exon_6	6.0	168.0	1840.0	614.0	3.0		False	3	3	3	1.0	HIGH	GCA_001660835.1;GCA_021018685.1;GCA_024291935.2
Okapia johnstoni	potential_splice_acceptor_disruption|ex3|AA	potential_splice_acceptor_disruption	exon_3	3.0	1.0	499.0	167.0		AA	True	3	3	3	1.0	HIGH	GCA_001660835.1;GCA_021018685.1;GCA_024291935.2
Okapia johnstoni	potential_splice_acceptor_disruption|ex5|GA	potential_splice_acceptor_disruption	exon_5	5.0	1.0	1549.0	517.0		GA	True	3	3	3	1.0	HIGH	GCA_001660835.1;GCA_021018685.1;GCA_024291935.2
Okapia johnstoni	potential_splice_donor_disruption|ex1|CC	potential_splice_donor_disruption	exon_1	1.0	194.0	194.0	65.0		CC	True	3	3	3	1.0	HIGH	GCA_001660835.1;GCA_021018685.1;GCA_024291935.2
Okapia johnstoni	premature_stop|ex2|codon166	premature_stop	exon_2	2.0	302.0	496.0	166.0			True	3	3	3	1.0	HIGH	GCA_001660835.1;GCA_021018685.1;GCA_024291935.2
Okapia johnstoni	premature_stop|ex3|codon195	premature_stop	exon_3	3.0	85.0	583.0	195.0			True	3	3	3	1.0	HIGH	GCA_001660835.1;GCA_021018685.1;GCA_024291935.2
Okapia johnstoni	premature_stop|ex3|codon374	premature_stop	exon_3	3.0	622.0	1120.0	374.0			True	3	3	3	1.0	HIGH	GCA_001660835.1;GCA_021018685.1;GCA_024291935.2
Okapia johnstoni	premature_stop|ex3|codon433	premature_stop	exon_3	3.0	799.0	1297.0	433.0			True	3	3	3	1.0	HIGH	GCA_001660835.1;GCA_021018685.1;GCA_024291935.2
Oreamnos americanus	candidate_large_frameshift_insertion|ex4|pos38|len716	candidate_large_frameshift_insertion	exon_4	4.0	38.0	1373.0	458.0	716.0		True	1	1	1	1.0	MEDIUM	GCA_009758055.1
Oreamnos americanus	candidate_large_inframe_insertion|ex3|pos407|len147	candidate_large_inframe_insertion	exon_3	3.0	407.0	905.0	302.0	147.0		False	1	1	1	1.0	MEDIUM	GCA_009758055.1
Oreamnos americanus	frameshift_deletion|ex1|pos119|len4	frameshift_deletion	exon_1	1.0	119.0	119.0	40.0	4.0		True	1	1	1	1.0	MEDIUM	GCA_009758055.1
Oreamnos americanus	frameshift_deletion|ex1|pos162|len1	frameshift_deletion	exon_1	1.0	162.0	162.0	54.0	1.0		True	1	1	1	1.0	MEDIUM	GCA_009758055.1
Oreamnos americanus	frameshift_deletion|ex3|pos167|len7	frameshift_deletion	exon_3	3.0	167.0	665.0	222.0	7.0		True	1	1	1	1.0	MEDIUM	GCA_009758055.1
Oreamnos americanus	frameshift_deletion|ex3|pos661|len17	frameshift_deletion	exon_3	3.0	661.0	1159.0	387.0	17.0		True	1	1	1	1.0	MEDIUM	GCA_009758055.1
Oreamnos americanus	frameshift_deletion|ex4|pos131|len1	frameshift_deletion	exon_4	4.0	131.0	1466.0	489.0	1.0		True	1	1	1	1.0	MEDIUM	GCA_009758055.1
Oreamnos americanus	frameshift_deletion|ex6|pos627|len1	frameshift_deletion	exon_6	6.0	627.0	2299.0	767.0	1.0		True	1	1	1	1.0	MEDIUM	GCA_009758055.1
Oreamnos americanus	frameshift_deletion|ex6|pos737|len5	frameshift_deletion	exon_6	6.0	737.0	2409.0	803.0	5.0		True	1	1	1	1.0	MEDIUM	GCA_009758055.1
Oreamnos americanus	frameshift_induced_stop|ex1|codon26	frameshift_induced_stop	exon_1	1.0	76.0	76.0	26.0			True	1	1	1	1.0	MEDIUM	GCA_009758055.1
Oreamnos americanus	frameshift_induced_stop|ex3|codon178	frameshift_induced_stop	exon_3	3.0	34.0	532.0	178.0			True	1	1	1	1.0	MEDIUM	GCA_009758055.1
Oreamnos americanus	frameshift_induced_stop|ex3|codon401	frameshift_induced_stop	exon_3	3.0	703.0	1201.0	401.0			True	1	1	1	1.0	MEDIUM	GCA_009758055.1
Oreamnos americanus	frameshift_induced_stop|ex5|codon526	frameshift_induced_stop	exon_5	5.0	29.0	1577.0	526.0			True	1	1	1	1.0	MEDIUM	GCA_009758055.1
Oreamnos americanus	frameshift_induced_stop|ex6|codon678	frameshift_induced_stop	exon_6	6.0	362.0	2034.0	678.0			True	1	1	1	1.0	MEDIUM	GCA_009758055.1
Oreamnos americanus	frameshift_induced_stop|ex6|codon821	frameshift_induced_stop	exon_6	6.0	791.0	2463.0	821.0			True	1	1	1	1.0	MEDIUM	GCA_009758055.1
Oreamnos americanus	frameshift_insertion|ex1|pos134|len1	frameshift_insertion	exon_1	1.0	134.0	134.0	45.0	1.0		True	1	1	1	1.0	MEDIUM	GCA_009758055.1
Oreamnos americanus	frameshift_insertion|ex1|pos40|len4	frameshift_insertion	exon_1	1.0	40.0	40.0	14.0	4.0		True	1	1	1	1.0	MEDIUM	GCA_009758055.1
Oreamnos americanus	frameshift_insertion|ex2|pos297|len1	frameshift_insertion	exon_2	2.0	297.0	491.0	164.0	1.0		True	1	1	1	1.0	MEDIUM	GCA_009758055.1
Oreamnos americanus	frameshift_insertion|ex6|pos338|len2	frameshift_insertion	exon_6	6.0	338.0	2010.0	670.0	2.0		True	1	1	1	1.0	MEDIUM	GCA_009758055.1
Oreamnos americanus	inframe_deletion|ex6|pos781|len3	inframe_deletion	exon_6	6.0	781.0	2453.0	818.0	3.0		False	1	1	1	1.0	MEDIUM	GCA_009758055.1
Oreamnos americanus	inframe_deletion|ex6|pos89|len9	inframe_deletion	exon_6	6.0	89.0	1761.0	587.0	9.0		False	1	1	1	1.0	MEDIUM	GCA_009758055.1
Oreamnos americanus	inframe_deletion|ex6|pos939|len21	inframe_deletion	exon_6	6.0	939.0	2611.0	871.0	21.0		False	1	1	1	1.0	MEDIUM	GCA_009758055.1
Oreamnos americanus	potential_splice_acceptor_disruption|ex5|GA	potential_splice_acceptor_disruption	exon_5	5.0	1.0	1549.0	517.0		GA	True	1	1	1	1.0	MEDIUM	GCA_009758055.1
Oreamnos americanus	potential_splice_donor_disruption|ex1|CC	potential_splice_donor_disruption	exon_1	1.0	194.0	194.0	65.0		CC	True	1	1	1	1.0	MEDIUM	GCA_009758055.1
Oreamnos americanus	premature_stop|ex3|codon260	premature_stop	exon_3	3.0	280.0	778.0	260.0			True	1	1	1	1.0	MEDIUM	GCA_009758055.1
Oreamnos americanus	premature_stop|ex3|codon361	premature_stop	exon_3	3.0	583.0	1081.0	361.0			True	1	1	1	1.0	MEDIUM	GCA_009758055.1
Oreamnos americanus	premature_stop|ex3|codon430	premature_stop	exon_3	3.0	790.0	1288.0	430.0			True	1	1	1	1.0	MEDIUM	GCA_009758055.1
Oreamnos americanus	premature_stop|ex3|codon433	premature_stop	exon_3	3.0	799.0	1297.0	433.0			True	1	1	1	1.0	MEDIUM	GCA_009758055.1
Oreamnos americanus	premature_stop|ex5|codon526	premature_stop	exon_5	5.0	28.0	1576.0	526.0			True	1	1	1	1.0	MEDIUM	GCA_009758055.1
Oreamnos americanus	premature_stop|ex6|codon722	premature_stop	exon_6	6.0	492.0	2164.0	722.0			True	1	1	1	1.0	MEDIUM	GCA_009758055.1
Oreamnos americanus	premature_stop|ex6|codon895	premature_stop	exon_6	6.0	1011.0	2683.0	895.0			True	1	1	1	1.0	MEDIUM	GCA_009758055.1
Oreotragus oreotragus	candidate_large_frameshift_insertion|ex3|pos584|len1208	candidate_large_frameshift_insertion	exon_3	3.0	584.0	1082.0	361.0	1208.0		True	1	1	1	1.0	MEDIUM	GCA_006410675.1
Oreotragus oreotragus	candidate_large_frameshift_insertion|ex4|pos35|len719	candidate_large_frameshift_insertion	exon_4	4.0	35.0	1370.0	457.0	719.0		True	1	1	1	1.0	MEDIUM	GCA_006410675.1
Oreotragus oreotragus	exon_unresolved|ex1	exon_unresolved	exon_1	1.0	1.0	1.0	1.0	194.0		False	1	0	0		LOW	
Oreotragus oreotragus	exon_unresolved|ex2	exon_unresolved	exon_2	2.0	1.0	195.0	65.0	304.0		False	1	0	0		LOW	
Oreotragus oreotragus	frameshift_deletion|ex3|pos167|len7	frameshift_deletion	exon_3	3.0	167.0	665.0	222.0	7.0		True	1	1	1	1.0	MEDIUM	GCA_006410675.1
Oreotragus oreotragus	frameshift_deletion|ex3|pos454|len1	frameshift_deletion	exon_3	3.0	454.0	952.0	318.0	1.0		True	1	1	1	1.0	MEDIUM	GCA_006410675.1
Oreotragus oreotragus	frameshift_deletion|ex4|pos137|len1	frameshift_deletion	exon_4	4.0	137.0	1472.0	491.0	1.0		True	1	1	1	1.0	MEDIUM	GCA_006410675.1
Oreotragus oreotragus	frameshift_deletion|ex6|pos543|len2	frameshift_deletion	exon_6	6.0	543.0	2215.0	739.0	2.0		True	1	1	1	1.0	MEDIUM	GCA_006410675.1
Oreotragus oreotragus	frameshift_deletion|ex6|pos737|len5	frameshift_deletion	exon_6	6.0	737.0	2409.0	803.0	5.0		True	1	1	1	1.0	MEDIUM	GCA_006410675.1
Oreotragus oreotragus	frameshift_deletion|ex6|pos802|len1	frameshift_deletion	exon_6	6.0	802.0	2474.0	825.0	1.0		True	1	1	1	1.0	MEDIUM	GCA_006410675.1
Oreotragus oreotragus	frameshift_deletion|ex6|pos831|len1	frameshift_deletion	exon_6	6.0	831.0	2503.0	835.0	1.0		True	1	1	1	1.0	MEDIUM	GCA_006410675.1
Oreotragus oreotragus	frameshift_induced_stop|ex3|codon239	frameshift_induced_stop	exon_3	3.0	219.0	717.0	239.0			True	1	1	1	1.0	MEDIUM	GCA_006410675.1
Oreotragus oreotragus	frameshift_induced_stop|ex3|codon329	frameshift_induced_stop	exon_3	3.0	487.0	985.0	329.0			True	1	1	1	1.0	MEDIUM	GCA_006410675.1
Oreotragus oreotragus	frameshift_induced_stop|ex4|codon465	frameshift_induced_stop	exon_4	4.0	58.0	1393.0	465.0			True	1	1	1	1.0	MEDIUM	GCA_006410675.1
Oreotragus oreotragus	frameshift_induced_stop|ex5|codon526	frameshift_induced_stop	exon_5	5.0	29.0	1577.0	526.0			True	1	1	1	1.0	MEDIUM	GCA_006410675.1
Oreotragus oreotragus	frameshift_induced_stop|ex6|codon824	frameshift_induced_stop	exon_6	6.0	798.0	2470.0	824.0			True	1	1	1	1.0	MEDIUM	GCA_006410675.1
Oreotragus oreotragus	frameshift_insertion|ex6|pos335|len2	frameshift_insertion	exon_6	6.0	335.0	2007.0	669.0	2.0		True	1	1	1	1.0	MEDIUM	GCA_006410675.1
Oreotragus oreotragus	inframe_deletion|ex3|pos659|len6	inframe_deletion	exon_3	3.0	659.0	1157.0	386.0	6.0		False	1	1	1	1.0	MEDIUM	GCA_006410675.1
Oreotragus oreotragus	inframe_deletion|ex3|pos670|len3	inframe_deletion	exon_3	3.0	670.0	1168.0	390.0	3.0		False	1	1	1	1.0	MEDIUM	GCA_006410675.1
Oreotragus oreotragus	inframe_deletion|ex6|pos89|len9	inframe_deletion	exon_6	6.0	89.0	1761.0	587.0	9.0		False	1	1	1	1.0	MEDIUM	GCA_006410675.1
Oreotragus oreotragus	inframe_deletion|ex6|pos939|len21	inframe_deletion	exon_6	6.0	939.0	2611.0	871.0	21.0		False	1	1	1	1.0	MEDIUM	GCA_006410675.1
Oreotragus oreotragus	potential_splice_acceptor_disruption|ex5|GA	potential_splice_acceptor_disruption	exon_5	5.0	1.0	1549.0	517.0		GA	True	1	1	1	1.0	MEDIUM	GCA_006410675.1
Oreotragus oreotragus	premature_stop|ex3|codon303	premature_stop	exon_3	3.0	409.0	907.0	303.0			True	1	1	1	1.0	MEDIUM	GCA_006410675.1
Oreotragus oreotragus	premature_stop|ex3|codon305	premature_stop	exon_3	3.0	415.0	913.0	305.0			True	1	1	1	1.0	MEDIUM	GCA_006410675.1
Oreotragus oreotragus	premature_stop|ex3|codon430	premature_stop	exon_3	3.0	790.0	1288.0	430.0			True	1	1	1	1.0	MEDIUM	GCA_006410675.1
Oreotragus oreotragus	premature_stop|ex3|codon433	premature_stop	exon_3	3.0	799.0	1297.0	433.0			True	1	1	1	1.0	MEDIUM	GCA_006410675.1
Oreotragus oreotragus	premature_stop|ex5|codon526	premature_stop	exon_5	5.0	28.0	1576.0	526.0			True	1	1	1	1.0	MEDIUM	GCA_006410675.1
Oreotragus oreotragus	premature_stop|ex6|codon722	premature_stop	exon_6	6.0	492.0	2164.0	722.0			True	1	1	1	1.0	MEDIUM	GCA_006410675.1
Oryx dammah	candidate_large_inframe_insertion|ex3|pos407|len138	candidate_large_inframe_insertion	exon_3	3.0	407.0	905.0	302.0	138.0		False	2	2	2	1.0	HIGH	GCA_014754425.2;GCF_014754425.2
Oryx dammah	frameshift_deletion|ex1|pos119|len4	frameshift_deletion	exon_1	1.0	119.0	119.0	40.0	4.0		True	2	2	2	1.0	HIGH	GCA_014754425.2;GCF_014754425.2
Oryx dammah	frameshift_deletion|ex1|pos162|len1	frameshift_deletion	exon_1	1.0	162.0	162.0	54.0	1.0		True	2	2	2	1.0	HIGH	GCA_014754425.2;GCF_014754425.2
Oryx dammah	frameshift_deletion|ex3|pos135|len1	frameshift_deletion	exon_3	3.0	135.0	633.0	211.0	1.0		True	2	2	2	1.0	HIGH	GCA_014754425.2;GCF_014754425.2
Oryx dammah	frameshift_deletion|ex3|pos167|len7	frameshift_deletion	exon_3	3.0	167.0	665.0	222.0	7.0		True	2	2	2	1.0	HIGH	GCA_014754425.2;GCF_014754425.2
Oryx dammah	frameshift_deletion|ex3|pos606|len1	frameshift_deletion	exon_3	3.0	606.0	1104.0	368.0	1.0		True	2	2	2	1.0	HIGH	GCA_014754425.2;GCF_014754425.2
Oryx dammah	frameshift_deletion|ex3|pos808|len1	frameshift_deletion	exon_3	3.0	808.0	1306.0	436.0	1.0		True	2	2	2	1.0	HIGH	GCA_014754425.2;GCF_014754425.2
Oryx dammah	frameshift_deletion|ex4|pos131|len1	frameshift_deletion	exon_4	4.0	131.0	1466.0	489.0	1.0		True	2	2	2	1.0	HIGH	GCA_014754425.2;GCF_014754425.2
Oryx dammah	frameshift_deletion|ex6|pos737|len5	frameshift_deletion	exon_6	6.0	737.0	2409.0	803.0	5.0		True	2	2	2	1.0	HIGH	GCA_014754425.2;GCF_014754425.2
Oryx dammah	frameshift_induced_stop|ex1|codon26	frameshift_induced_stop	exon_1	1.0	76.0	76.0	26.0			True	2	2	2	1.0	HIGH	GCA_014754425.2;GCF_014754425.2
Oryx dammah	frameshift_induced_stop|ex3|codon170	frameshift_induced_stop	exon_3	3.0	10.0	508.0	170.0			True	2	2	2	1.0	HIGH	GCA_014754425.2;GCF_014754425.2
Oryx dammah	frameshift_induced_stop|ex3|codon239	frameshift_induced_stop	exon_3	3.0	219.0	717.0	239.0			True	2	2	2	1.0	HIGH	GCA_014754425.2;GCF_014754425.2
Oryx dammah	frameshift_induced_stop|ex3|codon371	frameshift_induced_stop	exon_3	3.0	613.0	1111.0	371.0			True	2	2	2	1.0	HIGH	GCA_014754425.2;GCF_014754425.2
Oryx dammah	frameshift_induced_stop|ex4|codon496	frameshift_induced_stop	exon_4	4.0	153.0	1488.0	496.0			True	2	2	2	1.0	HIGH	GCA_014754425.2;GCF_014754425.2
Oryx dammah	frameshift_induced_stop|ex6|codon581	frameshift_induced_stop	exon_6	6.0	69.0	1741.0	581.0			True	2	2	2	1.0	HIGH	GCA_014754425.2;GCF_014754425.2
Oryx dammah	frameshift_induced_stop|ex6|codon824	frameshift_induced_stop	exon_6	6.0	798.0	2470.0	824.0			True	2	2	2	1.0	HIGH	GCA_014754425.2;GCF_014754425.2
Oryx dammah	frameshift_insertion|ex1|pos136|len1	frameshift_insertion	exon_1	1.0	136.0	136.0	46.0	1.0		True	2	2	2	1.0	HIGH	GCA_014754425.2;GCF_014754425.2
Oryx dammah	frameshift_insertion|ex1|pos45|len1	frameshift_insertion	exon_1	1.0	45.0	45.0	15.0	1.0		True	2	2	2	1.0	HIGH	GCA_014754425.2;GCF_014754425.2
Oryx dammah	frameshift_insertion|ex2|pos297|len1	frameshift_insertion	exon_2	2.0	297.0	491.0	164.0	1.0		True	2	2	2	1.0	HIGH	GCA_014754425.2;GCF_014754425.2
Oryx dammah	frameshift_insertion|ex4|pos169|len1	frameshift_insertion	exon_4	4.0	169.0	1504.0	502.0	1.0		True	2	2	2	1.0	HIGH	GCA_014754425.2;GCF_014754425.2
Oryx dammah	frameshift_insertion|ex6|pos338|len2	frameshift_insertion	exon_6	6.0	338.0	2010.0	670.0	2.0		True	2	2	2	1.0	HIGH	GCA_014754425.2;GCF_014754425.2
Oryx dammah	frameshift_insertion|ex6|pos33|len1	frameshift_insertion	exon_6	6.0	33.0	1705.0	569.0	1.0		True	2	2	2	1.0	HIGH	GCA_014754425.2;GCF_014754425.2
Oryx dammah	inframe_deletion|ex3|pos658|len9	inframe_deletion	exon_3	3.0	658.0	1156.0	386.0	9.0		False	2	2	2	1.0	HIGH	GCA_014754425.2;GCF_014754425.2
Oryx dammah	inframe_deletion|ex6|pos89|len9	inframe_deletion	exon_6	6.0	89.0	1761.0	587.0	9.0		False	2	2	2	1.0	HIGH	GCA_014754425.2;GCF_014754425.2
Oryx dammah	inframe_deletion|ex6|pos939|len21	inframe_deletion	exon_6	6.0	939.0	2611.0	871.0	21.0		False	2	2	2	1.0	HIGH	GCA_014754425.2;GCF_014754425.2
Oryx dammah	potential_splice_acceptor_disruption|ex5|GA	potential_splice_acceptor_disruption	exon_5	5.0	1.0	1549.0	517.0		GA	True	2	2	2	1.0	HIGH	GCA_014754425.2;GCF_014754425.2
Oryx dammah	potential_splice_donor_disruption|ex1|CC	potential_splice_donor_disruption	exon_1	1.0	194.0	194.0	65.0		CC	True	2	2	2	1.0	HIGH	GCA_014754425.2;GCF_014754425.2
Oryx dammah	premature_stop|ex3|codon361	premature_stop	exon_3	3.0	583.0	1081.0	361.0			True	2	2	2	1.0	HIGH	GCA_014754425.2;GCF_014754425.2
Oryx dammah	premature_stop|ex3|codon430	premature_stop	exon_3	3.0	790.0	1288.0	430.0			True	2	2	2	1.0	HIGH	GCA_014754425.2;GCF_014754425.2
Oryx dammah	premature_stop|ex5|codon526	premature_stop	exon_5	5.0	28.0	1576.0	526.0			True	2	2	2	1.0	HIGH	GCA_014754425.2;GCF_014754425.2
Oryx dammah	premature_stop|ex5|codon530	premature_stop	exon_5	5.0	40.0	1588.0	530.0			True	2	2	2	1.0	HIGH	GCA_014754425.2;GCF_014754425.2
Oryx dammah	premature_stop|ex6|codon571	premature_stop	exon_6	6.0	39.0	1711.0	571.0			True	2	2	2	1.0	HIGH	GCA_014754425.2;GCF_014754425.2
Oryx dammah	premature_stop|ex6|codon722	premature_stop	exon_6	6.0	492.0	2164.0	722.0			True	2	2	2	1.0	HIGH	GCA_014754425.2;GCF_014754425.2
Oryx gazella	candidate_large_frameshift_insertion|ex3|pos407|len1394	candidate_large_frameshift_insertion	exon_3	3.0	407.0	905.0	302.0	1394.0		True	2	2	2	1.0	HIGH	GCA_003945745.1;GCA_006410575.1
Oryx gazella	candidate_large_frameshift_insertion|ex4|pos38|len716	candidate_large_frameshift_insertion	exon_4	4.0	38.0	1373.0	458.0	716.0		True	2	2	2	1.0	HIGH	GCA_003945745.1;GCA_006410575.1
Oryx gazella	frameshift_deletion|ex1|pos119|len4	frameshift_deletion	exon_1	1.0	119.0	119.0	40.0	4.0		True	2	2	2	1.0	HIGH	GCA_003945745.1;GCA_006410575.1
Oryx gazella	frameshift_deletion|ex1|pos162|len1	frameshift_deletion	exon_1	1.0	162.0	162.0	54.0	1.0		True	2	2	2	1.0	HIGH	GCA_003945745.1;GCA_006410575.1
Oryx gazella	frameshift_deletion|ex3|pos135|len1	frameshift_deletion	exon_3	3.0	135.0	633.0	211.0	1.0		True	2	2	2	1.0	HIGH	GCA_003945745.1;GCA_006410575.1
Oryx gazella	frameshift_deletion|ex3|pos167|len7	frameshift_deletion	exon_3	3.0	167.0	665.0	222.0	7.0		True	2	2	2	1.0	HIGH	GCA_003945745.1;GCA_006410575.1
Oryx gazella	frameshift_deletion|ex3|pos606|len1	frameshift_deletion	exon_3	3.0	606.0	1104.0	368.0	1.0		True	2	2	2	1.0	HIGH	GCA_003945745.1;GCA_006410575.1
Oryx gazella	frameshift_deletion|ex3|pos808|len1	frameshift_deletion	exon_3	3.0	808.0	1306.0	436.0	1.0		True	2	2	2	1.0	HIGH	GCA_003945745.1;GCA_006410575.1
Oryx gazella	frameshift_deletion|ex4|pos131|len1	frameshift_deletion	exon_4	4.0	131.0	1466.0	489.0	1.0		True	2	2	2	1.0	HIGH	GCA_003945745.1;GCA_006410575.1
Oryx gazella	frameshift_deletion|ex6|pos209|len1	frameshift_deletion	exon_6	6.0	209.0	1881.0	627.0	1.0		True	2	2	2	1.0	HIGH	GCA_003945745.1;GCA_006410575.1
Oryx gazella	frameshift_deletion|ex6|pos737|len5	frameshift_deletion	exon_6	6.0	737.0	2409.0	803.0	5.0		True	2	2	2	1.0	HIGH	GCA_003945745.1;GCA_006410575.1
Oryx gazella	frameshift_induced_stop|ex2|codon77	frameshift_induced_stop	exon_2	2.0	37.0	231.0	77.0			True	2	2	2	1.0	HIGH	GCA_003945745.1;GCA_006410575.1
Oryx gazella	frameshift_induced_stop|ex3|codon214	frameshift_induced_stop	exon_3	3.0	144.0	642.0	214.0			True	2	2	2	1.0	HIGH	GCA_003945745.1;GCA_006410575.1
Oryx gazella	frameshift_induced_stop|ex3|codon236	frameshift_induced_stop	exon_3	3.0	208.0	706.0	236.0			True	2	2	2	1.0	HIGH	GCA_003945745.1;GCA_006410575.1
Oryx gazella	frameshift_induced_stop|ex3|codon430	frameshift_induced_stop	exon_3	3.0	791.0	1289.0	430.0			True	2	2	2	1.0	HIGH	GCA_003945745.1;GCA_006410575.1
Oryx gazella	frameshift_induced_stop|ex4|codon450	frameshift_induced_stop	exon_4	4.0	15.0	1350.0	450.0			True	2	2	2	1.0	HIGH	GCA_003945745.1;GCA_006410575.1
Oryx gazella	frameshift_induced_stop|ex4|codon495	frameshift_induced_stop	exon_4	4.0	148.0	1483.0	495.0			True	2	2	2	1.0	HIGH	GCA_003945745.1;GCA_006410575.1
Oryx gazella	frameshift_induced_stop|ex6|codon691	frameshift_induced_stop	exon_6	6.0	399.0	2071.0	691.0			True	2	2	2	1.0	HIGH	GCA_003945745.1;GCA_006410575.1
Oryx gazella	frameshift_insertion|ex1|pos136|len1	frameshift_insertion	exon_1	1.0	136.0	136.0	46.0	1.0		True	2	2	2	1.0	HIGH	GCA_003945745.1;GCA_006410575.1
Oryx gazella	frameshift_insertion|ex2|pos297|len1	frameshift_insertion	exon_2	2.0	297.0	491.0	164.0	1.0		True	2	2	2	1.0	HIGH	GCA_003945745.1;GCA_006410575.1
Oryx gazella	frameshift_insertion|ex4|pos169|len1	frameshift_insertion	exon_4	4.0	169.0	1504.0	502.0	1.0		True	2	2	2	1.0	HIGH	GCA_003945745.1;GCA_006410575.1
Oryx gazella	frameshift_insertion|ex6|pos338|len2	frameshift_insertion	exon_6	6.0	338.0	2010.0	670.0	2.0		True	2	2	2	1.0	HIGH	GCA_003945745.1;GCA_006410575.1
Oryx gazella	frameshift_insertion|ex6|pos33|len1	frameshift_insertion	exon_6	6.0	33.0	1705.0	569.0	1.0		True	2	2	2	1.0	HIGH	GCA_003945745.1;GCA_006410575.1
Oryx gazella	inframe_deletion|ex3|pos658|len9	inframe_deletion	exon_3	3.0	658.0	1156.0	386.0	9.0		False	2	2	2	1.0	HIGH	GCA_003945745.1;GCA_006410575.1
Oryx gazella	inframe_deletion|ex6|pos89|len9	inframe_deletion	exon_6	6.0	89.0	1761.0	587.0	9.0		False	2	2	2	1.0	HIGH	GCA_003945745.1;GCA_006410575.1
Oryx gazella	inframe_deletion|ex6|pos939|len21	inframe_deletion	exon_6	6.0	939.0	2611.0	871.0	21.0		False	2	2	2	1.0	HIGH	GCA_003945745.1;GCA_006410575.1
Oryx gazella	potential_splice_acceptor_disruption|ex5|GA	potential_splice_acceptor_disruption	exon_5	5.0	1.0	1549.0	517.0		GA	True	2	2	2	1.0	HIGH	GCA_003945745.1;GCA_006410575.1
Oryx gazella	potential_splice_donor_disruption|ex1|CC	potential_splice_donor_disruption	exon_1	1.0	194.0	194.0	65.0		CC	True	2	2	2	1.0	HIGH	GCA_003945745.1;GCA_006410575.1
Oryx gazella	premature_stop|ex3|codon361	premature_stop	exon_3	3.0	583.0	1081.0	361.0			True	2	2	2	1.0	HIGH	GCA_003945745.1;GCA_006410575.1
Oryx gazella	premature_stop|ex3|codon430	premature_stop	exon_3	3.0	790.0	1288.0	430.0			True	2	2	2	1.0	HIGH	GCA_003945745.1;GCA_006410575.1
Oryx gazella	premature_stop|ex5|codon526	premature_stop	exon_5	5.0	28.0	1576.0	526.0			True	2	2	2	1.0	HIGH	GCA_003945745.1;GCA_006410575.1
Oryx gazella	premature_stop|ex5|codon530	premature_stop	exon_5	5.0	40.0	1588.0	530.0			True	2	2	2	1.0	HIGH	GCA_003945745.1;GCA_006410575.1
Oryx gazella	premature_stop|ex6|codon722	premature_stop	exon_6	6.0	492.0	2164.0	722.0			True	2	2	2	1.0	HIGH	GCA_003945745.1;GCA_006410575.1
Ourebia ourebi	exon_unresolved|ex1	exon_unresolved	exon_1	1.0	1.0	1.0	1.0	194.0		False	1	0	0		LOW	
Ourebia ourebi	exon_unresolved|ex2	exon_unresolved	exon_2	2.0	1.0	195.0	65.0	304.0		False	1	0	0		LOW	
Ourebia ourebi	exon_unresolved|ex3	exon_unresolved	exon_3	3.0	1.0	499.0	167.0	837.0		False	1	0	0		LOW	
Ourebia ourebi	exon_unresolved|ex4	exon_unresolved	exon_4	4.0	1.0	1336.0	446.0	213.0		False	1	0	0		LOW	
Ourebia ourebi	exon_unresolved|ex5	exon_unresolved	exon_5	5.0	1.0	1549.0	517.0	124.0		False	1	0	0		LOW	
Ourebia ourebi	frameshift_deletion|ex6|pos737|len5	frameshift_deletion	exon_6	6.0	737.0	2409.0	803.0	5.0		True	1	1	1	1.0	MEDIUM	GCA_006417275.1
Ourebia ourebi	frameshift_induced_stop|ex6|codon824	frameshift_induced_stop	exon_6	6.0	798.0	2470.0	824.0			True	1	1	1	1.0	MEDIUM	GCA_006417275.1
Ourebia ourebi	inframe_deletion|ex6|pos89|len9	inframe_deletion	exon_6	6.0	89.0	1761.0	587.0	9.0		False	1	1	1	1.0	MEDIUM	GCA_006417275.1
Ourebia ourebi	inframe_deletion|ex6|pos939|len21	inframe_deletion	exon_6	6.0	939.0	2611.0	871.0	21.0		False	1	1	1	1.0	MEDIUM	GCA_006417275.1
Ourebia ourebi	premature_stop|ex6|codon722	premature_stop	exon_6	6.0	492.0	2164.0	722.0			True	1	1	1	1.0	MEDIUM	GCA_006417275.1
Ourebia ourebi	premature_stop|ex6|codon825	premature_stop	exon_6	6.0	801.0	2473.0	825.0			True	1	1	1	1.0	MEDIUM	GCA_006417275.1
Ovibos moschatus	candidate_large_frameshift_insertion|ex3|pos407|len146	candidate_large_frameshift_insertion	exon_3	3.0	407.0	905.0	302.0	146.0		True	2	2	3	0.6666666666666666	HIGH	GCA_021462335.1;GCA_041156055.1
Ovibos moschatus	candidate_large_frameshift_insertion|ex4|pos38|len632	candidate_large_frameshift_insertion	exon_4	4.0	38.0	1373.0	458.0	632.0		True	1	1	3	0.3333333333333333	LOW	GCA_022533635.2
Ovibos moschatus	candidate_large_inframe_insertion|ex3|pos407|len144	candidate_large_inframe_insertion	exon_3	3.0	407.0	905.0	302.0	144.0		False	1	1	3	0.3333333333333333	LOW	GCA_022533635.2
Ovibos moschatus	candidate_large_inframe_insertion|ex4|pos38|len711	candidate_large_inframe_insertion	exon_4	4.0	38.0	1373.0	458.0	711.0		False	2	2	3	0.6666666666666666	HIGH	GCA_021462335.1;GCA_041156055.1
Ovibos moschatus	frameshift_deletion|ex1|pos119|len4	frameshift_deletion	exon_1	1.0	119.0	119.0	40.0	4.0		True	2	2	3	0.6666666666666666	HIGH	GCA_021462335.1;GCA_041156055.1
Ovibos moschatus	frameshift_deletion|ex1|pos120|len4	frameshift_deletion	exon_1	1.0	120.0	120.0	40.0	4.0		True	1	1	3	0.3333333333333333	LOW	GCA_022533635.2
Ovibos moschatus	frameshift_deletion|ex1|pos162|len1	frameshift_deletion	exon_1	1.0	162.0	162.0	54.0	1.0		True	3	3	3	1.0	HIGH	GCA_021462335.1;GCA_022533635.2;GCA_041156055.1
Ovibos moschatus	frameshift_deletion|ex3|pos167|len7	frameshift_deletion	exon_3	3.0	167.0	665.0	222.0	7.0		True	3	3	3	1.0	HIGH	GCA_021462335.1;GCA_022533635.2;GCA_041156055.1
Ovibos moschatus	frameshift_deletion|ex3|pos688|len1	frameshift_deletion	exon_3	3.0	688.0	1186.0	396.0	1.0		True	2	2	3	0.6666666666666666	HIGH	GCA_021462335.1;GCA_041156055.1
Ovibos moschatus	frameshift_deletion|ex4|pos131|len1	frameshift_deletion	exon_4	4.0	131.0	1466.0	489.0	1.0		True	3	3	3	1.0	HIGH	GCA_021462335.1;GCA_022533635.2;GCA_041156055.1
Ovibos moschatus	frameshift_deletion|ex6|pos737|len5	frameshift_deletion	exon_6	6.0	737.0	2409.0	803.0	5.0		True	3	3	3	1.0	HIGH	GCA_021462335.1;GCA_022533635.2;GCA_041156055.1
Ovibos moschatus	frameshift_induced_stop|ex1|codon26	frameshift_induced_stop	exon_1	1.0	76.0	76.0	26.0			True	3	3	3	1.0	HIGH	GCA_021462335.1;GCA_022533635.2;GCA_041156055.1
Ovibos moschatus	frameshift_induced_stop|ex3|codon170	frameshift_induced_stop	exon_3	3.0	10.0	508.0	170.0			True	3	3	3	1.0	HIGH	GCA_021462335.1;GCA_022533635.2;GCA_041156055.1
Ovibos moschatus	frameshift_induced_stop|ex3|codon361	frameshift_induced_stop	exon_3	3.0	584.0	1082.0	361.0			True	2	2	3	0.6666666666666666	HIGH	GCA_021462335.1;GCA_041156055.1
Ovibos moschatus	frameshift_induced_stop|ex3|codon368	frameshift_induced_stop	exon_3	3.0	604.0	1102.0	368.0			True	1	1	3	0.3333333333333333	LOW	GCA_022533635.2
Ovibos moschatus	frameshift_induced_stop|ex3|codon430	frameshift_induced_stop	exon_3	3.0	791.0	1289.0	430.0			True	2	2	3	0.6666666666666666	HIGH	GCA_021462335.1;GCA_041156055.1
Ovibos moschatus	frameshift_induced_stop|ex4|codon491	frameshift_induced_stop	exon_4	4.0	138.0	1473.0	491.0			True	2	2	3	0.6666666666666666	HIGH	GCA_021462335.1;GCA_041156055.1
Ovibos moschatus	frameshift_induced_stop|ex5|codon526	frameshift_induced_stop	exon_5	5.0	29.0	1577.0	526.0			True	1	1	3	0.3333333333333333	LOW	GCA_022533635.2
Ovibos moschatus	frameshift_induced_stop|ex6|codon678	frameshift_induced_stop	exon_6	6.0	362.0	2034.0	678.0			True	1	1	3	0.3333333333333333	LOW	GCA_022533635.2
Ovibos moschatus	frameshift_induced_stop|ex6|codon821	frameshift_induced_stop	exon_6	6.0	791.0	2463.0	821.0			True	2	2	3	0.6666666666666666	HIGH	GCA_021462335.1;GCA_041156055.1
Ovibos moschatus	frameshift_insertion|ex1|pos136|len1	frameshift_insertion	exon_1	1.0	136.0	136.0	46.0	1.0		True	3	3	3	1.0	HIGH	GCA_021462335.1;GCA_022533635.2;GCA_041156055.1
Ovibos moschatus	frameshift_insertion|ex1|pos40|len4	frameshift_insertion	exon_1	1.0	40.0	40.0	14.0	4.0		True	3	3	3	1.0	HIGH	GCA_021462335.1;GCA_022533635.2;GCA_041156055.1
Ovibos moschatus	frameshift_insertion|ex2|pos298|len1	frameshift_insertion	exon_2	2.0	298.0	492.0	164.0	1.0		True	3	3	3	1.0	HIGH	GCA_021462335.1;GCA_022533635.2;GCA_041156055.1
Ovibos moschatus	frameshift_insertion|ex3|pos590|len1	frameshift_insertion	exon_3	3.0	590.0	1088.0	363.0	1.0		True	3	3	3	1.0	HIGH	GCA_021462335.1;GCA_022533635.2;GCA_041156055.1
Ovibos moschatus	frameshift_insertion|ex6|pos338|len2	frameshift_insertion	exon_6	6.0	338.0	2010.0	670.0	2.0		True	3	3	3	1.0	HIGH	GCA_021462335.1;GCA_022533635.2;GCA_041156055.1
Ovibos moschatus	frameshift_insertion|ex6|pos900|len1	frameshift_insertion	exon_6	6.0	900.0	2572.0	858.0	1.0		True	3	3	3	1.0	HIGH	GCA_021462335.1;GCA_022533635.2;GCA_041156055.1
Ovibos moschatus	inframe_deletion|ex3|pos658|len9	inframe_deletion	exon_3	3.0	658.0	1156.0	386.0	9.0		False	3	3	3	1.0	HIGH	GCA_021462335.1;GCA_022533635.2;GCA_041156055.1
Ovibos moschatus	inframe_deletion|ex6|pos89|len9	inframe_deletion	exon_6	6.0	89.0	1761.0	587.0	9.0		False	3	3	3	1.0	HIGH	GCA_021462335.1;GCA_022533635.2;GCA_041156055.1
Ovibos moschatus	inframe_deletion|ex6|pos939|len21	inframe_deletion	exon_6	6.0	939.0	2611.0	871.0	21.0		False	3	3	3	1.0	HIGH	GCA_021462335.1;GCA_022533635.2;GCA_041156055.1
Ovibos moschatus	potential_splice_acceptor_disruption|ex5|GA	potential_splice_acceptor_disruption	exon_5	5.0	1.0	1549.0	517.0		GA	True	3	3	3	1.0	HIGH	GCA_021462335.1;GCA_022533635.2;GCA_041156055.1
Ovibos moschatus	potential_splice_donor_disruption|ex1|CC	potential_splice_donor_disruption	exon_1	1.0	194.0	194.0	65.0		CC	True	3	3	3	1.0	HIGH	GCA_021462335.1;GCA_022533635.2;GCA_041156055.1
Ovibos moschatus	premature_stop|ex3|codon361	premature_stop	exon_3	3.0	583.0	1081.0	361.0			True	3	3	3	1.0	HIGH	GCA_021462335.1;GCA_022533635.2;GCA_041156055.1
Ovibos moschatus	premature_stop|ex3|codon430	premature_stop	exon_3	3.0	790.0	1288.0	430.0			True	3	3	3	1.0	HIGH	GCA_021462335.1;GCA_022533635.2;GCA_041156055.1
Ovibos moschatus	premature_stop|ex3|codon433	premature_stop	exon_3	3.0	799.0	1297.0	433.0			True	3	3	3	1.0	HIGH	GCA_021462335.1;GCA_022533635.2;GCA_041156055.1
Ovibos moschatus	premature_stop|ex5|codon526	premature_stop	exon_5	5.0	28.0	1576.0	526.0			True	3	3	3	1.0	HIGH	GCA_021462335.1;GCA_022533635.2;GCA_041156055.1
Ovibos moschatus	premature_stop|ex6|codon722	premature_stop	exon_6	6.0	492.0	2164.0	722.0			True	3	3	3	1.0	HIGH	GCA_021462335.1;GCA_022533635.2;GCA_041156055.1
Ovis ammon	candidate_large_inframe_insertion|ex3|pos407|len168	candidate_large_inframe_insertion	exon_3	3.0	407.0	905.0	302.0	168.0		False	1	1	3	0.3333333333333333	LOW	GCA_045269445.1
Ovis ammon	candidate_large_inframe_insertion|ex3|pos407|len174	candidate_large_inframe_insertion	exon_3	3.0	407.0	905.0	302.0	174.0		False	1	1	3	0.3333333333333333	LOW	GCA_028583565.1
Ovis ammon	candidate_large_inframe_insertion|ex3|pos407|len180	candidate_large_inframe_insertion	exon_3	3.0	407.0	905.0	302.0	180.0		False	1	1	3	0.3333333333333333	LOW	GCA_006410595.1
Ovis ammon	exon_unresolved|ex1	exon_unresolved	exon_1	1.0	1.0	1.0	1.0	194.0		False	1	0	3	0.0	LOW	
Ovis ammon	exon_unresolved|ex2	exon_unresolved	exon_2	2.0	1.0	195.0	65.0	304.0		False	1	0	3	0.0	LOW	
Ovis ammon	exon_unresolved|ex3	exon_unresolved	exon_3	3.0	1.0	499.0	167.0	837.0		False	1	0	3	0.0	LOW	
Ovis ammon	exon_unresolved|ex4	exon_unresolved	exon_4	4.0	1.0	1336.0	446.0	213.0		False	1	0	3	0.0	LOW	
Ovis ammon	exon_unresolved|ex5	exon_unresolved	exon_5	5.0	1.0	1549.0	517.0	124.0		False	1	0	3	0.0	LOW	
Ovis ammon	exon_unresolved|ex6	exon_unresolved	exon_6	6.0	1.0	1673.0	558.0	1115.0		False	1	0	3	0.0	LOW	
Ovis ammon	frameshift_deletion|ex1|pos119|len4	frameshift_deletion	exon_1	1.0	119.0	119.0	40.0	4.0		True	1	1	3	0.3333333333333333	LOW	GCA_006410595.1
Ovis ammon	frameshift_deletion|ex1|pos120|len4	frameshift_deletion	exon_1	1.0	120.0	120.0	40.0	4.0		True	2	2	3	0.6666666666666666	HIGH	GCA_028583565.1;GCA_045269445.1
Ovis ammon	frameshift_deletion|ex1|pos162|len1	frameshift_deletion	exon_1	1.0	162.0	162.0	54.0	1.0		True	3	3	3	1.0	HIGH	GCA_006410595.1;GCA_028583565.1;GCA_045269445.1
Ovis ammon	frameshift_deletion|ex3|pos167|len7	frameshift_deletion	exon_3	3.0	167.0	665.0	222.0	7.0		True	3	3	3	1.0	HIGH	GCA_006410595.1;GCA_028583565.1;GCA_045269445.1
Ovis ammon	frameshift_deletion|ex3|pos532|len2	frameshift_deletion	exon_3	3.0	532.0	1030.0	344.0	2.0		True	3	3	3	1.0	HIGH	GCA_006410595.1;GCA_028583565.1;GCA_045269445.1
Ovis ammon	frameshift_deletion|ex4|pos131|len1	frameshift_deletion	exon_4	4.0	131.0	1466.0	489.0	1.0		True	3	3	3	1.0	HIGH	GCA_006410595.1;GCA_028583565.1;GCA_045269445.1
Ovis ammon	frameshift_deletion|ex6|pos737|len5	frameshift_deletion	exon_6	6.0	737.0	2409.0	803.0	5.0		True	3	3	3	1.0	HIGH	GCA_006410595.1;GCA_028583565.1;GCA_045269445.1
Ovis ammon	frameshift_deletion|ex6|pos979|len1	frameshift_deletion	exon_6	6.0	979.0	2651.0	884.0	1.0		True	3	3	3	1.0	HIGH	GCA_006410595.1;GCA_028583565.1;GCA_045269445.1
Ovis ammon	frameshift_induced_stop|ex1|codon26	frameshift_induced_stop	exon_1	1.0	76.0	76.0	26.0			True	3	3	3	1.0	HIGH	GCA_006410595.1;GCA_028583565.1;GCA_045269445.1
Ovis ammon	frameshift_induced_stop|ex2|codon77	frameshift_induced_stop	exon_2	2.0	37.0	231.0	77.0			True	3	3	3	1.0	HIGH	GCA_006410595.1;GCA_028583565.1;GCA_045269445.1
Ovis ammon	frameshift_induced_stop|ex3|codon239	frameshift_induced_stop	exon_3	3.0	219.0	717.0	239.0			True	3	3	3	1.0	HIGH	GCA_006410595.1;GCA_028583565.1;GCA_045269445.1
Ovis ammon	frameshift_induced_stop|ex3|codon368	frameshift_induced_stop	exon_3	3.0	604.0	1102.0	368.0			True	3	3	3	1.0	HIGH	GCA_006410595.1;GCA_028583565.1;GCA_045269445.1
Ovis ammon	frameshift_induced_stop|ex6|codon678	frameshift_induced_stop	exon_6	6.0	362.0	2034.0	678.0			True	3	3	3	1.0	HIGH	GCA_006410595.1;GCA_028583565.1;GCA_045269445.1
Ovis ammon	frameshift_insertion|ex1|pos40|len4	frameshift_insertion	exon_1	1.0	40.0	40.0	14.0	4.0		True	3	3	3	1.0	HIGH	GCA_006410595.1;GCA_028583565.1;GCA_045269445.1
Ovis ammon	frameshift_insertion|ex2|pos297|len1	frameshift_insertion	exon_2	2.0	297.0	491.0	164.0	1.0		True	3	3	3	1.0	HIGH	GCA_006410595.1;GCA_028583565.1;GCA_045269445.1
Ovis ammon	frameshift_insertion|ex3|pos591|len1	frameshift_insertion	exon_3	3.0	591.0	1089.0	363.0	1.0		True	3	3	3	1.0	HIGH	GCA_006410595.1;GCA_028583565.1;GCA_045269445.1
Ovis ammon	frameshift_insertion|ex6|pos338|len2	frameshift_insertion	exon_6	6.0	338.0	2010.0	670.0	2.0		True	3	3	3	1.0	HIGH	GCA_006410595.1;GCA_028583565.1;GCA_045269445.1
Ovis ammon	inframe_deletion|ex3|pos659|len6	inframe_deletion	exon_3	3.0	659.0	1157.0	386.0	6.0		False	3	3	3	1.0	HIGH	GCA_006410595.1;GCA_028583565.1;GCA_045269445.1
Ovis ammon	inframe_deletion|ex3|pos669|len3	inframe_deletion	exon_3	3.0	669.0	1167.0	389.0	3.0		False	3	3	3	1.0	HIGH	GCA_006410595.1;GCA_028583565.1;GCA_045269445.1
Ovis ammon	inframe_deletion|ex6|pos89|len9	inframe_deletion	exon_6	6.0	89.0	1761.0	587.0	9.0		False	3	3	3	1.0	HIGH	GCA_006410595.1;GCA_028583565.1;GCA_045269445.1
Ovis ammon	inframe_deletion|ex6|pos939|len21	inframe_deletion	exon_6	6.0	939.0	2611.0	871.0	21.0		False	3	3	3	1.0	HIGH	GCA_006410595.1;GCA_028583565.1;GCA_045269445.1
Ovis ammon	potential_splice_acceptor_disruption|ex5|GA	potential_splice_acceptor_disruption	exon_5	5.0	1.0	1549.0	517.0		GA	True	3	3	3	1.0	HIGH	GCA_006410595.1;GCA_028583565.1;GCA_045269445.1
Ovis ammon	potential_splice_donor_disruption|ex1|CC	potential_splice_donor_disruption	exon_1	1.0	194.0	194.0	65.0		CC	True	3	3	3	1.0	HIGH	GCA_006410595.1;GCA_028583565.1;GCA_045269445.1
Ovis ammon	premature_stop|ex3|codon361	premature_stop	exon_3	3.0	583.0	1081.0	361.0			True	3	3	3	1.0	HIGH	GCA_006410595.1;GCA_028583565.1;GCA_045269445.1
Ovis ammon	premature_stop|ex3|codon430	premature_stop	exon_3	3.0	790.0	1288.0	430.0			True	3	3	3	1.0	HIGH	GCA_006410595.1;GCA_028583565.1;GCA_045269445.1
Ovis ammon	premature_stop|ex3|codon433	premature_stop	exon_3	3.0	799.0	1297.0	433.0			True	3	3	3	1.0	HIGH	GCA_006410595.1;GCA_028583565.1;GCA_045269445.1
Ovis ammon	premature_stop|ex5|codon526	premature_stop	exon_5	5.0	28.0	1576.0	526.0			True	3	3	3	1.0	HIGH	GCA_006410595.1;GCA_028583565.1;GCA_045269445.1
Ovis ammon	premature_stop|ex5|codon541	premature_stop	exon_5	5.0	73.0	1621.0	541.0			True	3	3	3	1.0	HIGH	GCA_006410595.1;GCA_028583565.1;GCA_045269445.1
Ovis ammon	premature_stop|ex6|codon722	premature_stop	exon_6	6.0	492.0	2164.0	722.0			True	3	3	3	1.0	HIGH	GCA_006410595.1;GCA_028583565.1;GCA_045269445.1
Ovis ammon polii x Ovis aries	candidate_large_inframe_insertion|ex3|pos407|len177	candidate_large_inframe_insertion	exon_3	3.0	407.0	905.0	302.0	177.0		False	2	2	2	1.0	HIGH	GCA_023701655.1;GCA_023701675.1
Ovis ammon polii x Ovis aries	frameshift_deletion|ex1|pos119|len4	frameshift_deletion	exon_1	1.0	119.0	119.0	40.0	4.0		True	2	2	2	1.0	HIGH	GCA_023701655.1;GCA_023701675.1
Ovis ammon polii x Ovis aries	frameshift_deletion|ex1|pos162|len1	frameshift_deletion	exon_1	1.0	162.0	162.0	54.0	1.0		True	2	2	2	1.0	HIGH	GCA_023701655.1;GCA_023701675.1
Ovis ammon polii x Ovis aries	frameshift_deletion|ex3|pos167|len7	frameshift_deletion	exon_3	3.0	167.0	665.0	222.0	7.0		True	2	2	2	1.0	HIGH	GCA_023701655.1;GCA_023701675.1
Ovis ammon polii x Ovis aries	frameshift_deletion|ex3|pos532|len2	frameshift_deletion	exon_3	3.0	532.0	1030.0	344.0	2.0		True	2	2	2	1.0	HIGH	GCA_023701655.1;GCA_023701675.1
Ovis ammon polii x Ovis aries	frameshift_deletion|ex4|pos131|len1	frameshift_deletion	exon_4	4.0	131.0	1466.0	489.0	1.0		True	2	2	2	1.0	HIGH	GCA_023701655.1;GCA_023701675.1
Ovis ammon polii x Ovis aries	frameshift_deletion|ex6|pos737|len5	frameshift_deletion	exon_6	6.0	737.0	2409.0	803.0	5.0		True	2	2	2	1.0	HIGH	GCA_023701655.1;GCA_023701675.1
Ovis ammon polii x Ovis aries	frameshift_deletion|ex6|pos979|len1	frameshift_deletion	exon_6	6.0	979.0	2651.0	884.0	1.0		True	2	2	2	1.0	HIGH	GCA_023701655.1;GCA_023701675.1
Ovis ammon polii x Ovis aries	frameshift_induced_stop|ex1|codon26	frameshift_induced_stop	exon_1	1.0	76.0	76.0	26.0			True	2	2	2	1.0	HIGH	GCA_023701655.1;GCA_023701675.1
Ovis ammon polii x Ovis aries	frameshift_induced_stop|ex2|codon77	frameshift_induced_stop	exon_2	2.0	37.0	231.0	77.0			True	2	2	2	1.0	HIGH	GCA_023701655.1;GCA_023701675.1
Ovis ammon polii x Ovis aries	frameshift_induced_stop|ex3|codon239	frameshift_induced_stop	exon_3	3.0	219.0	717.0	239.0			True	2	2	2	1.0	HIGH	GCA_023701655.1;GCA_023701675.1
Ovis ammon polii x Ovis aries	frameshift_induced_stop|ex3|codon368	frameshift_induced_stop	exon_3	3.0	604.0	1102.0	368.0			True	2	2	2	1.0	HIGH	GCA_023701655.1;GCA_023701675.1
Ovis ammon polii x Ovis aries	frameshift_induced_stop|ex6|codon678	frameshift_induced_stop	exon_6	6.0	362.0	2034.0	678.0			True	2	2	2	1.0	HIGH	GCA_023701655.1;GCA_023701675.1
Ovis ammon polii x Ovis aries	frameshift_insertion|ex1|pos40|len4	frameshift_insertion	exon_1	1.0	40.0	40.0	14.0	4.0		True	2	2	2	1.0	HIGH	GCA_023701655.1;GCA_023701675.1
Ovis ammon polii x Ovis aries	frameshift_insertion|ex2|pos297|len1	frameshift_insertion	exon_2	2.0	297.0	491.0	164.0	1.0		True	2	2	2	1.0	HIGH	GCA_023701655.1;GCA_023701675.1
Ovis ammon polii x Ovis aries	frameshift_insertion|ex3|pos591|len1	frameshift_insertion	exon_3	3.0	591.0	1089.0	363.0	1.0		True	2	2	2	1.0	HIGH	GCA_023701655.1;GCA_023701675.1
Ovis ammon polii x Ovis aries	frameshift_insertion|ex6|pos338|len2	frameshift_insertion	exon_6	6.0	338.0	2010.0	670.0	2.0		True	2	2	2	1.0	HIGH	GCA_023701655.1;GCA_023701675.1
Ovis ammon polii x Ovis aries	inframe_deletion|ex3|pos659|len6	inframe_deletion	exon_3	3.0	659.0	1157.0	386.0	6.0		False	2	2	2	1.0	HIGH	GCA_023701655.1;GCA_023701675.1
Ovis ammon polii x Ovis aries	inframe_deletion|ex3|pos669|len3	inframe_deletion	exon_3	3.0	669.0	1167.0	389.0	3.0		False	2	2	2	1.0	HIGH	GCA_023701655.1;GCA_023701675.1
Ovis ammon polii x Ovis aries	inframe_deletion|ex6|pos89|len9	inframe_deletion	exon_6	6.0	89.0	1761.0	587.0	9.0		False	2	2	2	1.0	HIGH	GCA_023701655.1;GCA_023701675.1
Ovis ammon polii x Ovis aries	inframe_deletion|ex6|pos939|len21	inframe_deletion	exon_6	6.0	939.0	2611.0	871.0	21.0		False	2	2	2	1.0	HIGH	GCA_023701655.1;GCA_023701675.1
Ovis ammon polii x Ovis aries	potential_splice_acceptor_disruption|ex5|GA	potential_splice_acceptor_disruption	exon_5	5.0	1.0	1549.0	517.0		GA	True	2	2	2	1.0	HIGH	GCA_023701655.1;GCA_023701675.1
Ovis ammon polii x Ovis aries	potential_splice_donor_disruption|ex1|CC	potential_splice_donor_disruption	exon_1	1.0	194.0	194.0	65.0		CC	True	2	2	2	1.0	HIGH	GCA_023701655.1;GCA_023701675.1
Ovis ammon polii x Ovis aries	premature_stop|ex3|codon361	premature_stop	exon_3	3.0	583.0	1081.0	361.0			True	2	2	2	1.0	HIGH	GCA_023701655.1;GCA_023701675.1
Ovis ammon polii x Ovis aries	premature_stop|ex3|codon430	premature_stop	exon_3	3.0	790.0	1288.0	430.0			True	2	2	2	1.0	HIGH	GCA_023701655.1;GCA_023701675.1
Ovis ammon polii x Ovis aries	premature_stop|ex3|codon433	premature_stop	exon_3	3.0	799.0	1297.0	433.0			True	2	2	2	1.0	HIGH	GCA_023701655.1;GCA_023701675.1
Ovis ammon polii x Ovis aries	premature_stop|ex5|codon526	premature_stop	exon_5	5.0	28.0	1576.0	526.0			True	2	2	2	1.0	HIGH	GCA_023701655.1;GCA_023701675.1
Ovis ammon polii x Ovis aries	premature_stop|ex5|codon541	premature_stop	exon_5	5.0	73.0	1621.0	541.0			True	2	2	2	1.0	HIGH	GCA_023701655.1;GCA_023701675.1
Ovis ammon polii x Ovis aries	premature_stop|ex6|codon722	premature_stop	exon_6	6.0	492.0	2164.0	722.0			True	2	2	2	1.0	HIGH	GCA_023701655.1;GCA_023701675.1
Ovis aries	candidate_large_frameshift_insertion|ex3|pos407|len154	candidate_large_frameshift_insertion	exon_3	3.0	407.0	905.0	302.0	154.0		True	1	1	94	0.010638297872340425	LOW	GCA_965637775.1
Ovis aries	candidate_large_frameshift_insertion|ex3|pos407|len169	candidate_large_frameshift_insertion	exon_3	3.0	407.0	905.0	302.0	169.0		True	2	2	94	0.02127659574468085	LOW	GCA_965363445.1;GCA_984514235.1
Ovis aries	candidate_large_inframe_insertion|ex3|pos403|len150	candidate_large_inframe_insertion	exon_3	3.0	403.0	901.0	301.0	150.0		False	32	32	94	0.3404255319148936	LOW	GCA_000298735.2;GCA_011170295.1;GCA_018804185.1;GCA_019145175.1;GCA_021325875.1;GCA_021326705.1;GCA_021327145.1;GCA_021327285.1;GCA_021327305.1;GCA_021327335.1;GCA_021327355.1;GCA_021327375.1;GCA_021328955.1;GCA_022244695.1;GCA_022416685.1;GCA_022416695.1;GCA_022416725.1;GCA_022416785.1;GCA_022432825.1;GCA_022702505.1;GCA_040259355.1;GCA_040805955.1;GCA_040836155.1;GCA_041121725.1;GCA_050084895.1;GCA_050916685.1;GCA_965365915.1;GCA_984506435.1;GCA_984506445.1;GCA_984506465.1;GCA_984506805.1;GCF_000298735.2
Ovis aries	candidate_large_inframe_insertion|ex3|pos407|len135	candidate_large_inframe_insertion	exon_3	3.0	407.0	905.0	302.0	135.0		False	18	18	94	0.19148936170212766	LOW	GCA_021325935.1;GCA_021327315.1;GCA_021327395.1;GCA_021328945.1;GCA_022244705.1;GCA_022416755.1;GCA_022432835.1;GCA_024222135.1;GCA_024222185.1;GCA_024222265.1;GCA_033439445.1;GCA_040543055.1;GCA_965363435.1;GCA_965363785.1;GCA_984506415.1;GCA_984506635.1;GCA_984506965.1;GCA_984538235.1
Ovis aries	candidate_large_inframe_insertion|ex3|pos407|len162	candidate_large_inframe_insertion	exon_3	3.0	407.0	905.0	302.0	162.0		False	2	2	94	0.02127659574468085	LOW	GCA_965363385.1;GCA_984514685.1
Ovis aries	candidate_large_inframe_insertion|ex3|pos407|len165	candidate_large_inframe_insertion	exon_3	3.0	407.0	905.0	302.0	165.0		False	2	2	94	0.02127659574468085	LOW	GCA_000765115.1;GCF_000765115.1
Ovis aries	candidate_large_inframe_insertion|ex3|pos407|len171	candidate_large_inframe_insertion	exon_3	3.0	407.0	905.0	302.0	171.0		False	3	3	94	0.031914893617021274	LOW	GCA_021325815.1;GCA_021325905.1;GCA_022416745.1
Ovis aries	candidate_large_inframe_insertion|ex3|pos407|len174	candidate_large_inframe_insertion	exon_3	3.0	407.0	905.0	302.0	174.0		False	5	5	94	0.05319148936170213	LOW	GCA_017524585.1;GCA_024256485.1;GCA_965364855.1;GCA_984506455.1;GCA_984513465.1
Ovis aries	candidate_large_inframe_insertion|ex3|pos407|len177	candidate_large_inframe_insertion	exon_3	3.0	407.0	905.0	302.0	177.0		False	2	2	94	0.02127659574468085	LOW	GCA_016772045.2;GCF_016772045.2
Ovis aries	candidate_large_inframe_insertion|ex3|pos407|len180	candidate_large_inframe_insertion	exon_3	3.0	407.0	905.0	302.0	180.0		False	2	2	94	0.02127659574468085	LOW	GCA_965363425.1;GCA_984514435.1
Ovis aries	candidate_large_inframe_insertion|ex3|pos407|len183	candidate_large_inframe_insertion	exon_3	3.0	407.0	905.0	302.0	183.0		False	16	16	94	0.1702127659574468	LOW	GCA_002742125.1;GCA_021325835.1;GCA_021325855.1;GCA_021326975.1;GCA_021328995.1;GCA_022416775.1;GCA_022416915.1;GCA_022538005.1;GCA_022702665.1;GCA_024222175.1;GCA_024256505.1;GCA_965363705.1;GCA_965364765.1;GCA_984506815.1;GCA_984507005.1;GCF_002742125.1
Ovis aries	candidate_large_inframe_insertion|ex3|pos407|len186	candidate_large_inframe_insertion	exon_3	3.0	407.0	905.0	302.0	186.0		False	2	2	94	0.02127659574468085	LOW	GCA_021327245.1;GCA_021327435.1
Ovis aries	candidate_large_inframe_insertion|ex3|pos407|len195	candidate_large_inframe_insertion	exon_3	3.0	407.0	905.0	302.0	195.0		False	2	2	94	0.02127659574468085	LOW	GCA_057332215.1;GCA_057332225.1
Ovis aries	candidate_large_inframe_insertion|ex3|pos407|len201	candidate_large_inframe_insertion	exon_3	3.0	407.0	905.0	302.0	201.0		False	3	3	94	0.031914893617021274	LOW	GCA_021326735.1;GCA_021328935.1;GCA_022432845.1
Ovis aries	candidate_large_inframe_insertion|ex3|pos407|len204	candidate_large_inframe_insertion	exon_3	3.0	407.0	905.0	302.0	204.0		False	1	1	94	0.010638297872340425	LOW	GCA_021325865.1
Ovis aries	exon_unresolved|ex1	exon_unresolved	exon_1	1.0	1.0	1.0	1.0	194.0		False	1	0	94	0.0	LOW	
Ovis aries	exon_unresolved|ex2	exon_unresolved	exon_2	2.0	1.0	195.0	65.0	304.0		False	1	0	94	0.0	LOW	
Ovis aries	exon_unresolved|ex3	exon_unresolved	exon_3	3.0	1.0	499.0	167.0	837.0		False	1	0	94	0.0	LOW	
Ovis aries	exon_unresolved|ex4	exon_unresolved	exon_4	4.0	1.0	1336.0	446.0	213.0		False	2	0	93	0.0	LOW	
Ovis aries	frameshift_deletion|ex1|pos119|len4	frameshift_deletion	exon_1	1.0	119.0	119.0	40.0	4.0		True	72	72	94	0.7659574468085106	HIGH	GCA_000005525.1;GCA_000298735.2;GCA_000765115.1;GCA_002742125.1;GCA_011170295.1;GCA_016772045.2;GCA_017524585.1;GCA_018804185.1;GCA_021325815.1;GCA_021325835.1;GCA_021325865.1;GCA_021326975.1;GCA_021327285.1;GCA_021327305.1;GCA_021327315.1;GCA_021327355.1;GCA_021327375.1;GCA_021327395.1;GCA_021327435.1;GCA_021328945.1;GCA_022244695.1;GCA_022244705.1;GCA_022416685.1;GCA_022416695.1;GCA_022416725.1;GCA_022416745.1;GCA_022416755.1;GCA_022416775.1;GCA_022416785.1;GCA_022416915.1;GCA_022432825.1;GCA_022432835.1;GCA_022432845.1;GCA_022538005.1;GCA_022702505.1;GCA_024222135.1;GCA_024222175.1;GCA_024222185.1;GCA_024222265.1;GCA_033439445.1;GCA_040259355.1;GCA_040805955.1;GCA_040836155.1;GCA_041121725.1;GCA_050916685.1;GCA_057332215.1;GCA_965363385.1;GCA_965363425.1;GCA_965363435.1;GCA_965363445.1;GCA_965363705.1;GCA_965363785.1;GCA_965364765.1;GCA_965364855.1;GCA_965365915.1;GCA_984506415.1;GCA_984506455.1;GCA_984506465.1;GCA_984506635.1;GCA_984506805.1;GCA_984506815.1;GCA_984506965.1;GCA_984507005.1;GCA_984513465.1;GCA_984514235.1;GCA_984514435.1;GCA_984514685.1;GCA_984538235.1;GCF_000298735.2;GCF_000765115.1;GCF_002742125.1;GCF_016772045.2
Ovis aries	frameshift_deletion|ex1|pos120|len4	frameshift_deletion	exon_1	1.0	120.0	120.0	40.0	4.0		True	22	22	94	0.23404255319148937	LOW	GCA_019145175.1;GCA_021325855.1;GCA_021325875.1;GCA_021325905.1;GCA_021325935.1;GCA_021326705.1;GCA_021326735.1;GCA_021327145.1;GCA_021327245.1;GCA_021327335.1;GCA_021328935.1;GCA_021328955.1;GCA_021328995.1;GCA_022702665.1;GCA_024256485.1;GCA_024256505.1;GCA_040543055.1;GCA_050084895.1;GCA_057332225.1;GCA_965637775.1;GCA_984506435.1;GCA_984506445.1
Ovis aries	frameshift_deletion|ex1|pos162|len1	frameshift_deletion	exon_1	1.0	162.0	162.0	54.0	1.0		True	94	94	94	1.0	HIGH	GCA_000005525.1;GCA_000298735.2;GCA_000765115.1;GCA_002742125.1;GCA_011170295.1;GCA_016772045.2;GCA_017524585.1;GCA_018804185.1;GCA_019145175.1;GCA_021325815.1;GCA_021325835.1;GCA_021325855.1;GCA_021325865.1;GCA_021325875.1;GCA_021325905.1;GCA_021325935.1;GCA_021326705.1;GCA_021326735.1;GCA_021326975.1;GCA_021327145.1;GCA_021327245.1;GCA_021327285.1;GCA_021327305.1;GCA_021327315.1;GCA_021327335.1;GCA_021327355.1;GCA_021327375.1;GCA_021327395.1;GCA_021327435.1;GCA_021328935.1;GCA_021328945.1;GCA_021328955.1;GCA_021328995.1;GCA_022244695.1;GCA_022244705.1;GCA_022416685.1;GCA_022416695.1;GCA_022416725.1;GCA_022416745.1;GCA_022416755.1;GCA_022416775.1;GCA_022416785.1;GCA_022416915.1;GCA_022432825.1;GCA_022432835.1;GCA_022432845.1;GCA_022538005.1;GCA_022702505.1;GCA_022702665.1;GCA_024222135.1;GCA_024222175.1;GCA_024222185.1;GCA_024222265.1;GCA_024256485.1;GCA_024256505.1;GCA_033439445.1;GCA_040259355.1;GCA_040543055.1;GCA_040805955.1;GCA_040836155.1;GCA_041121725.1;GCA_050084895.1;GCA_050916685.1;GCA_057332215.1;GCA_057332225.1;GCA_965363385.1;GCA_965363425.1;GCA_965363435.1;GCA_965363445.1;GCA_965363705.1;GCA_965363785.1;GCA_965364765.1;GCA_965364855.1;GCA_965365915.1;GCA_965637775.1;GCA_984506415.1;GCA_984506435.1;GCA_984506445.1;GCA_984506455.1;GCA_984506465.1;GCA_984506635.1;GCA_984506805.1;GCA_984506815.1;GCA_984506965.1;GCA_984507005.1;GCA_984513465.1;GCA_984514235.1;GCA_984514435.1;GCA_984514685.1;GCA_984538235.1;GCF_000298735.2;GCF_000765115.1;GCF_002742125.1;GCF_016772045.2
Ovis aries	frameshift_deletion|ex1|pos72|len1	frameshift_deletion	exon_1	1.0	72.0	72.0	24.0	1.0		True	1	1	94	0.010638297872340425	LOW	GCA_965637775.1
Ovis aries	frameshift_deletion|ex2|pos218|len1	frameshift_deletion	exon_2	2.0	218.0	412.0	138.0	1.0		True	4	4	94	0.0425531914893617	LOW	GCA_965363425.1;GCA_965363445.1;GCA_984514235.1;GCA_984514435.1
Ovis aries	frameshift_deletion|ex2|pos219|len2	frameshift_deletion	exon_2	2.0	219.0	413.0	138.0	2.0		True	30	30	94	0.3191489361702128	LOW	GCA_011170295.1;GCA_017524585.1;GCA_018804185.1;GCA_021325875.1;GCA_021326705.1;GCA_021327145.1;GCA_021327285.1;GCA_021327305.1;GCA_021327335.1;GCA_021327355.1;GCA_021327375.1;GCA_021328955.1;GCA_022244695.1;GCA_022416685.1;GCA_022416695.1;GCA_022416725.1;GCA_022416785.1;GCA_022432825.1;GCA_022702505.1;GCA_040259355.1;GCA_040805955.1;GCA_040836155.1;GCA_041121725.1;GCA_050084895.1;GCA_050916685.1;GCA_965365915.1;GCA_984506435.1;GCA_984506445.1;GCA_984506465.1;GCA_984506805.1
Ovis aries	frameshift_deletion|ex2|pos220|len1	frameshift_deletion	exon_2	2.0	220.0	414.0	138.0	1.0		True	1	1	94	0.010638297872340425	LOW	GCA_984506965.1
Ovis aries	frameshift_deletion|ex3|pos166|len7	frameshift_deletion	exon_3	3.0	166.0	664.0	222.0	7.0		True	1	1	94	0.010638297872340425	LOW	GCA_000005525.1
Ovis aries	frameshift_deletion|ex3|pos167|len7	frameshift_deletion	exon_3	3.0	167.0	665.0	222.0	7.0		True	93	93	94	0.9893617021276596	HIGH	GCA_000298735.2;GCA_000765115.1;GCA_002742125.1;GCA_011170295.1;GCA_016772045.2;GCA_017524585.1;GCA_018804185.1;GCA_019145175.1;GCA_021325815.1;GCA_021325835.1;GCA_021325855.1;GCA_021325865.1;GCA_021325875.1;GCA_021325905.1;GCA_021325935.1;GCA_021326705.1;GCA_021326735.1;GCA_021326975.1;GCA_021327145.1;GCA_021327245.1;GCA_021327285.1;GCA_021327305.1;GCA_021327315.1;GCA_021327335.1;GCA_021327355.1;GCA_021327375.1;GCA_021327395.1;GCA_021327435.1;GCA_021328935.1;GCA_021328945.1;GCA_021328955.1;GCA_021328995.1;GCA_022244695.1;GCA_022244705.1;GCA_022416685.1;GCA_022416695.1;GCA_022416725.1;GCA_022416745.1;GCA_022416755.1;GCA_022416775.1;GCA_022416785.1;GCA_022416915.1;GCA_022432825.1;GCA_022432835.1;GCA_022432845.1;GCA_022538005.1;GCA_022702505.1;GCA_022702665.1;GCA_024222135.1;GCA_024222175.1;GCA_024222185.1;GCA_024222265.1;GCA_024256485.1;GCA_024256505.1;GCA_033439445.1;GCA_040259355.1;GCA_040543055.1;GCA_040805955.1;GCA_040836155.1;GCA_041121725.1;GCA_050084895.1;GCA_050916685.1;GCA_057332215.1;GCA_057332225.1;GCA_965363385.1;GCA_965363425.1;GCA_965363435.1;GCA_965363445.1;GCA_965363705.1;GCA_965363785.1;GCA_965364765.1;GCA_965364855.1;GCA_965365915.1;GCA_965637775.1;GCA_984506415.1;GCA_984506435.1;GCA_984506445.1;GCA_984506455.1;GCA_984506465.1;GCA_984506635.1;GCA_984506805.1;GCA_984506815.1;GCA_984506965.1;GCA_984507005.1;GCA_984513465.1;GCA_984514235.1;GCA_984514435.1;GCA_984514685.1;GCA_984538235.1;GCF_000298735.2;GCF_000765115.1;GCF_002742125.1;GCF_016772045.2
Ovis aries	frameshift_deletion|ex3|pos532|len2	frameshift_deletion	exon_3	3.0	532.0	1030.0	344.0	2.0		True	58	58	94	0.6170212765957447	HIGH	GCA_000765115.1;GCA_002742125.1;GCA_016772045.2;GCA_017524585.1;GCA_021325815.1;GCA_021325835.1;GCA_021325855.1;GCA_021325865.1;GCA_021325905.1;GCA_021325935.1;GCA_021326735.1;GCA_021326975.1;GCA_021327245.1;GCA_021327395.1;GCA_021327435.1;GCA_021328935.1;GCA_021328945.1;GCA_021328995.1;GCA_022244705.1;GCA_022416745.1;GCA_022416775.1;GCA_022416915.1;GCA_022432835.1;GCA_022432845.1;GCA_022538005.1;GCA_022702665.1;GCA_024222135.1;GCA_024222175.1;GCA_024222185.1;GCA_024222265.1;GCA_024256485.1;GCA_024256505.1;GCA_033439445.1;GCA_040543055.1;GCA_057332215.1;GCA_057332225.1;GCA_965363385.1;GCA_965363425.1;GCA_965363435.1;GCA_965363445.1;GCA_965363705.1;GCA_965363785.1;GCA_965364765.1;GCA_965364855.1;GCA_965637775.1;GCA_984506415.1;GCA_984506455.1;GCA_984506635.1;GCA_984506815.1;GCA_984507005.1;GCA_984513465.1;GCA_984514235.1;GCA_984514435.1;GCA_984514685.1;GCA_984538235.1;GCF_000765115.1;GCF_002742125.1;GCF_016772045.2
Ovis aries	frameshift_deletion|ex3|pos533|len1	frameshift_deletion	exon_3	3.0	533.0	1031.0	344.0	1.0		True	1	1	94	0.010638297872340425	LOW	GCA_984506965.1
Ovis aries	frameshift_deletion|ex3|pos537|len2	frameshift_deletion	exon_3	3.0	537.0	1035.0	345.0	2.0		True	2	2	94	0.02127659574468085	LOW	GCA_021327315.1;GCA_022416755.1
Ovis aries	frameshift_deletion|ex3|pos658|len1	frameshift_deletion	exon_3	3.0	658.0	1156.0	386.0	1.0		True	1	1	94	0.010638297872340425	LOW	GCA_000005525.1
Ovis aries	frameshift_deletion|ex3|pos661|len17	frameshift_deletion	exon_3	3.0	661.0	1159.0	387.0	17.0		True	32	32	94	0.3404255319148936	LOW	GCA_000765115.1;GCA_011170295.1;GCA_018804185.1;GCA_019145175.1;GCA_021325875.1;GCA_021326705.1;GCA_021327145.1;GCA_021327285.1;GCA_021327305.1;GCA_021327335.1;GCA_021327355.1;GCA_021327375.1;GCA_021328955.1;GCA_022244695.1;GCA_022416685.1;GCA_022416695.1;GCA_022416725.1;GCA_022416785.1;GCA_022432825.1;GCA_022702505.1;GCA_040259355.1;GCA_040805955.1;GCA_040836155.1;GCA_041121725.1;GCA_050084895.1;GCA_050916685.1;GCA_965365915.1;GCA_984506435.1;GCA_984506445.1;GCA_984506465.1;GCA_984506805.1;GCF_000765115.1
Ovis aries	frameshift_deletion|ex3|pos664|len5	frameshift_deletion	exon_3	3.0	664.0	1162.0	388.0	5.0		True	1	1	94	0.010638297872340425	LOW	GCA_000005525.1
Ovis aries	frameshift_deletion|ex3|pos671|len7	frameshift_deletion	exon_3	3.0	671.0	1169.0	390.0	7.0		True	1	1	94	0.010638297872340425	LOW	GCA_000005525.1
Ovis aries	frameshift_deletion|ex4|pos131|len1	frameshift_deletion	exon_4	4.0	131.0	1466.0	489.0	1.0		True	93	93	93	1.0	HIGH	GCA_000298735.2;GCA_000765115.1;GCA_002742125.1;GCA_011170295.1;GCA_016772045.2;GCA_017524585.1;GCA_018804185.1;GCA_019145175.1;GCA_021325815.1;GCA_021325835.1;GCA_021325855.1;GCA_021325865.1;GCA_021325875.1;GCA_021325905.1;GCA_021325935.1;GCA_021326705.1;GCA_021326735.1;GCA_021326975.1;GCA_021327145.1;GCA_021327245.1;GCA_021327285.1;GCA_021327305.1;GCA_021327315.1;GCA_021327335.1;GCA_021327355.1;GCA_021327375.1;GCA_021327395.1;GCA_021327435.1;GCA_021328935.1;GCA_021328945.1;GCA_021328955.1;GCA_021328995.1;GCA_022244695.1;GCA_022244705.1;GCA_022416685.1;GCA_022416695.1;GCA_022416725.1;GCA_022416745.1;GCA_022416755.1;GCA_022416775.1;GCA_022416785.1;GCA_022416915.1;GCA_022432825.1;GCA_022432835.1;GCA_022432845.1;GCA_022538005.1;GCA_022702505.1;GCA_022702665.1;GCA_024222135.1;GCA_024222175.1;GCA_024222185.1;GCA_024222265.1;GCA_024256485.1;GCA_024256505.1;GCA_033439445.1;GCA_040259355.1;GCA_040543055.1;GCA_040805955.1;GCA_040836155.1;GCA_041121725.1;GCA_050084895.1;GCA_050916685.1;GCA_057332215.1;GCA_057332225.1;GCA_965363385.1;GCA_965363425.1;GCA_965363435.1;GCA_965363445.1;GCA_965363705.1;GCA_965363785.1;GCA_965364765.1;GCA_965364855.1;GCA_965365915.1;GCA_965637775.1;GCA_984506415.1;GCA_984506435.1;GCA_984506445.1;GCA_984506455.1;GCA_984506465.1;GCA_984506635.1;GCA_984506805.1;GCA_984506815.1;GCA_984506965.1;GCA_984507005.1;GCA_984513465.1;GCA_984514235.1;GCA_984514435.1;GCA_984514685.1;GCA_984538235.1;GCF_000298735.2;GCF_000765115.1;GCF_002742125.1;GCF_016772045.2
Ovis aries	frameshift_deletion|ex5|pos97|len1	frameshift_deletion	exon_5	5.0	97.0	1645.0	549.0	1.0		True	1	1	95	0.010526315789473684	LOW	GCA_965363785.1
Ovis aries	frameshift_deletion|ex6|pos221|len1	frameshift_deletion	exon_6	6.0	221.0	1893.0	631.0	1.0		True	1	1	95	0.010526315789473684	LOW	GCA_965637775.1
Ovis aries	frameshift_deletion|ex6|pos737|len5	frameshift_deletion	exon_6	6.0	737.0	2409.0	803.0	5.0		True	95	95	95	1.0	HIGH	GCA_000005525.1;GCA_000298735.2;GCA_000765115.1;GCA_002742125.1;GCA_011170295.1;GCA_016772045.2;GCA_017524585.1;GCA_018804185.1;GCA_019145175.1;GCA_021325815.1;GCA_021325835.1;GCA_021325855.1;GCA_021325865.1;GCA_021325875.1;GCA_021325905.1;GCA_021325935.1;GCA_021326705.1;GCA_021326735.1;GCA_021326975.1;GCA_021327145.1;GCA_021327245.1;GCA_021327285.1;GCA_021327305.1;GCA_021327315.1;GCA_021327335.1;GCA_021327355.1;GCA_021327375.1;GCA_021327395.1;GCA_021327435.1;GCA_021328935.1;GCA_021328945.1;GCA_021328955.1;GCA_021328995.1;GCA_022244695.1;GCA_022244705.1;GCA_022416685.1;GCA_022416695.1;GCA_022416725.1;GCA_022416745.1;GCA_022416755.1;GCA_022416775.1;GCA_022416785.1;GCA_022416915.1;GCA_022432825.1;GCA_022432835.1;GCA_022432845.1;GCA_022538005.1;GCA_022702505.1;GCA_022702665.1;GCA_024222135.1;GCA_024222175.1;GCA_024222185.1;GCA_024222265.1;GCA_024256485.1;GCA_024256505.1;GCA_032433645.1;GCA_033439445.1;GCA_040259355.1;GCA_040543055.1;GCA_040805955.1;GCA_040836155.1;GCA_041121725.1;GCA_050084895.1;GCA_050916685.1;GCA_057332215.1;GCA_057332225.1;GCA_965363385.1;GCA_965363425.1;GCA_965363435.1;GCA_965363445.1;GCA_965363705.1;GCA_965363785.1;GCA_965364765.1;GCA_965364855.1;GCA_965365915.1;GCA_965637775.1;GCA_984506415.1;GCA_984506435.1;GCA_984506445.1;GCA_984506455.1;GCA_984506465.1;GCA_984506635.1;GCA_984506805.1;GCA_984506815.1;GCA_984506965.1;GCA_984507005.1;GCA_984513465.1;GCA_984514235.1;GCA_984514435.1;GCA_984514685.1;GCA_984538235.1;GCF_000298735.2;GCF_000765115.1;GCF_002742125.1;GCF_016772045.2
Ovis aries	frameshift_deletion|ex6|pos979|len1	frameshift_deletion	exon_6	6.0	979.0	2651.0	884.0	1.0		True	95	95	95	1.0	HIGH	GCA_000005525.1;GCA_000298735.2;GCA_000765115.1;GCA_002742125.1;GCA_011170295.1;GCA_016772045.2;GCA_017524585.1;GCA_018804185.1;GCA_019145175.1;GCA_021325815.1;GCA_021325835.1;GCA_021325855.1;GCA_021325865.1;GCA_021325875.1;GCA_021325905.1;GCA_021325935.1;GCA_021326705.1;GCA_021326735.1;GCA_021326975.1;GCA_021327145.1;GCA_021327245.1;GCA_021327285.1;GCA_021327305.1;GCA_021327315.1;GCA_021327335.1;GCA_021327355.1;GCA_021327375.1;GCA_021327395.1;GCA_021327435.1;GCA_021328935.1;GCA_021328945.1;GCA_021328955.1;GCA_021328995.1;GCA_022244695.1;GCA_022244705.1;GCA_022416685.1;GCA_022416695.1;GCA_022416725.1;GCA_022416745.1;GCA_022416755.1;GCA_022416775.1;GCA_022416785.1;GCA_022416915.1;GCA_022432825.1;GCA_022432835.1;GCA_022432845.1;GCA_022538005.1;GCA_022702505.1;GCA_022702665.1;GCA_024222135.1;GCA_024222175.1;GCA_024222185.1;GCA_024222265.1;GCA_024256485.1;GCA_024256505.1;GCA_032433645.1;GCA_033439445.1;GCA_040259355.1;GCA_040543055.1;GCA_040805955.1;GCA_040836155.1;GCA_041121725.1;GCA_050084895.1;GCA_050916685.1;GCA_057332215.1;GCA_057332225.1;GCA_965363385.1;GCA_965363425.1;GCA_965363435.1;GCA_965363445.1;GCA_965363705.1;GCA_965363785.1;GCA_965364765.1;GCA_965364855.1;GCA_965365915.1;GCA_965637775.1;GCA_984506415.1;GCA_984506435.1;GCA_984506445.1;GCA_984506455.1;GCA_984506465.1;GCA_984506635.1;GCA_984506805.1;GCA_984506815.1;GCA_984506965.1;GCA_984507005.1;GCA_984513465.1;GCA_984514235.1;GCA_984514435.1;GCA_984514685.1;GCA_984538235.1;GCF_000298735.2;GCF_000765115.1;GCF_002742125.1;GCF_016772045.2
Ovis aries	frameshift_induced_stop|ex1|codon26	frameshift_induced_stop	exon_1	1.0	76.0	76.0	26.0			True	93	93	94	0.9893617021276596	HIGH	GCA_000005525.1;GCA_000298735.2;GCA_000765115.1;GCA_002742125.1;GCA_011170295.1;GCA_016772045.2;GCA_017524585.1;GCA_018804185.1;GCA_019145175.1;GCA_021325815.1;GCA_021325835.1;GCA_021325855.1;GCA_021325865.1;GCA_021325875.1;GCA_021325905.1;GCA_021325935.1;GCA_021326705.1;GCA_021326735.1;GCA_021326975.1;GCA_021327145.1;GCA_021327245.1;GCA_021327285.1;GCA_021327305.1;GCA_021327315.1;GCA_021327335.1;GCA_021327355.1;GCA_021327375.1;GCA_021327395.1;GCA_021327435.1;GCA_021328935.1;GCA_021328945.1;GCA_021328955.1;GCA_021328995.1;GCA_022244695.1;GCA_022244705.1;GCA_022416685.1;GCA_022416695.1;GCA_022416725.1;GCA_022416745.1;GCA_022416755.1;GCA_022416775.1;GCA_022416785.1;GCA_022416915.1;GCA_022432825.1;GCA_022432835.1;GCA_022432845.1;GCA_022538005.1;GCA_022702505.1;GCA_022702665.1;GCA_024222135.1;GCA_024222175.1;GCA_024222185.1;GCA_024222265.1;GCA_024256485.1;GCA_024256505.1;GCA_033439445.1;GCA_040259355.1;GCA_040543055.1;GCA_040805955.1;GCA_040836155.1;GCA_041121725.1;GCA_050084895.1;GCA_050916685.1;GCA_057332215.1;GCA_057332225.1;GCA_965363385.1;GCA_965363425.1;GCA_965363435.1;GCA_965363445.1;GCA_965363705.1;GCA_965363785.1;GCA_965364765.1;GCA_965364855.1;GCA_965365915.1;GCA_984506415.1;GCA_984506435.1;GCA_984506445.1;GCA_984506455.1;GCA_984506465.1;GCA_984506635.1;GCA_984506805.1;GCA_984506815.1;GCA_984506965.1;GCA_984507005.1;GCA_984513465.1;GCA_984514235.1;GCA_984514435.1;GCA_984514685.1;GCA_984538235.1;GCF_000298735.2;GCF_000765115.1;GCF_002742125.1;GCF_016772045.2
Ovis aries	frameshift_induced_stop|ex2|codon141	frameshift_induced_stop	exon_2	2.0	227.0	421.0	141.0			True	3	3	94	0.031914893617021274	LOW	GCA_965363445.1;GCA_984506965.1;GCA_984514235.1
Ovis aries	frameshift_induced_stop|ex2|codon144	frameshift_induced_stop	exon_2	2.0	238.0	432.0	144.0			True	2	2	94	0.02127659574468085	LOW	GCA_965363425.1;GCA_984514435.1
Ovis aries	frameshift_induced_stop|ex2|codon164	frameshift_induced_stop	exon_2	2.0	298.0	492.0	164.0			True	2	2	94	0.02127659574468085	LOW	GCA_965363425.1;GCA_984514435.1
Ovis aries	frameshift_induced_stop|ex2|codon67	frameshift_induced_stop	exon_2	2.0	5.0	199.0	67.0			True	1	1	94	0.010638297872340425	LOW	GCA_965637775.1
Ovis aries	frameshift_induced_stop|ex2|codon77	frameshift_induced_stop	exon_2	2.0	37.0	231.0	77.0			True	93	93	94	0.9893617021276596	HIGH	GCA_000005525.1;GCA_000298735.2;GCA_000765115.1;GCA_002742125.1;GCA_011170295.1;GCA_016772045.2;GCA_017524585.1;GCA_018804185.1;GCA_019145175.1;GCA_021325815.1;GCA_021325835.1;GCA_021325855.1;GCA_021325865.1;GCA_021325875.1;GCA_021325905.1;GCA_021325935.1;GCA_021326705.1;GCA_021326735.1;GCA_021326975.1;GCA_021327145.1;GCA_021327245.1;GCA_021327285.1;GCA_021327305.1;GCA_021327315.1;GCA_021327335.1;GCA_021327355.1;GCA_021327375.1;GCA_021327395.1;GCA_021327435.1;GCA_021328935.1;GCA_021328945.1;GCA_021328955.1;GCA_021328995.1;GCA_022244695.1;GCA_022244705.1;GCA_022416685.1;GCA_022416695.1;GCA_022416725.1;GCA_022416745.1;GCA_022416755.1;GCA_022416775.1;GCA_022416785.1;GCA_022416915.1;GCA_022432825.1;GCA_022432835.1;GCA_022432845.1;GCA_022538005.1;GCA_022702505.1;GCA_022702665.1;GCA_024222135.1;GCA_024222175.1;GCA_024222185.1;GCA_024222265.1;GCA_024256485.1;GCA_024256505.1;GCA_033439445.1;GCA_040259355.1;GCA_040543055.1;GCA_040805955.1;GCA_040836155.1;GCA_041121725.1;GCA_050084895.1;GCA_050916685.1;GCA_057332215.1;GCA_057332225.1;GCA_965363385.1;GCA_965363425.1;GCA_965363435.1;GCA_965363445.1;GCA_965363705.1;GCA_965363785.1;GCA_965364765.1;GCA_965364855.1;GCA_965365915.1;GCA_984506415.1;GCA_984506435.1;GCA_984506445.1;GCA_984506455.1;GCA_984506465.1;GCA_984506635.1;GCA_984506805.1;GCA_984506815.1;GCA_984506965.1;GCA_984507005.1;GCA_984513465.1;GCA_984514235.1;GCA_984514435.1;GCA_984514685.1;GCA_984538235.1;GCF_000298735.2;GCF_000765115.1;GCF_002742125.1;GCF_016772045.2
Ovis aries	frameshift_induced_stop|ex3|codon167	frameshift_induced_stop	exon_3	3.0	3.0	501.0	167.0			True	1	1	94	0.010638297872340425	LOW	GCA_965637775.1
Ovis aries	frameshift_induced_stop|ex3|codon178	frameshift_induced_stop	exon_3	3.0	34.0	532.0	178.0			True	30	30	94	0.3191489361702128	LOW	GCA_011170295.1;GCA_017524585.1;GCA_018804185.1;GCA_021325875.1;GCA_021326705.1;GCA_021327145.1;GCA_021327285.1;GCA_021327305.1;GCA_021327335.1;GCA_021327355.1;GCA_021327375.1;GCA_021328955.1;GCA_022244695.1;GCA_022416685.1;GCA_022416695.1;GCA_022416725.1;GCA_022416785.1;GCA_022432825.1;GCA_022702505.1;GCA_040259355.1;GCA_040805955.1;GCA_040836155.1;GCA_041121725.1;GCA_050084895.1;GCA_050916685.1;GCA_965365915.1;GCA_984506435.1;GCA_984506445.1;GCA_984506465.1;GCA_984506805.1
Ovis aries	frameshift_induced_stop|ex3|codon197	frameshift_induced_stop	exon_3	3.0	91.0	589.0	197.0			True	2	2	94	0.02127659574468085	LOW	GCA_965363445.1;GCA_984514235.1
Ovis aries	frameshift_induced_stop|ex3|codon236	frameshift_induced_stop	exon_3	3.0	208.0	706.0	236.0			True	2	2	94	0.02127659574468085	LOW	GCA_000005525.1;GCA_965637775.1
Ovis aries	frameshift_induced_stop|ex3|codon239	frameshift_induced_stop	exon_3	3.0	219.0	717.0	239.0			True	58	58	94	0.6170212765957447	HIGH	GCA_000298735.2;GCA_000765115.1;GCA_002742125.1;GCA_016772045.2;GCA_019145175.1;GCA_021325815.1;GCA_021325835.1;GCA_021325855.1;GCA_021325865.1;GCA_021325905.1;GCA_021325935.1;GCA_021326735.1;GCA_021326975.1;GCA_021327245.1;GCA_021327315.1;GCA_021327395.1;GCA_021327435.1;GCA_021328935.1;GCA_021328945.1;GCA_021328995.1;GCA_022244705.1;GCA_022416745.1;GCA_022416755.1;GCA_022416775.1;GCA_022416915.1;GCA_022432835.1;GCA_022432845.1;GCA_022538005.1;GCA_022702665.1;GCA_024222135.1;GCA_024222175.1;GCA_024222185.1;GCA_024222265.1;GCA_024256485.1;GCA_024256505.1;GCA_033439445.1;GCA_040543055.1;GCA_057332215.1;GCA_057332225.1;GCA_965363385.1;GCA_965363435.1;GCA_965363705.1;GCA_965363785.1;GCA_965364765.1;GCA_965364855.1;GCA_984506415.1;GCA_984506455.1;GCA_984506635.1;GCA_984506815.1;GCA_984506965.1;GCA_984507005.1;GCA_984513465.1;GCA_984514685.1;GCA_984538235.1;GCF_000298735.2;GCF_000765115.1;GCF_002742125.1;GCF_016772045.2
Ovis aries	frameshift_induced_stop|ex3|codon316	frameshift_induced_stop	exon_3	3.0	448.0	946.0	316.0			True	1	1	94	0.010638297872340425	LOW	GCA_965637775.1
Ovis aries	frameshift_induced_stop|ex3|codon349	frameshift_induced_stop	exon_3	3.0	547.0	1045.0	349.0			True	6	6	94	0.06382978723404255	LOW	GCA_017524585.1;GCA_965363425.1;GCA_965363445.1;GCA_984506965.1;GCA_984514235.1;GCA_984514435.1
Ovis aries	frameshift_induced_stop|ex3|codon368	frameshift_induced_stop	exon_3	3.0	604.0	1102.0	368.0			True	54	54	94	0.574468085106383	MEDIUM	GCA_000765115.1;GCA_002742125.1;GCA_016772045.2;GCA_021325815.1;GCA_021325835.1;GCA_021325855.1;GCA_021325865.1;GCA_021325905.1;GCA_021325935.1;GCA_021326735.1;GCA_021326975.1;GCA_021327245.1;GCA_021327315.1;GCA_021327395.1;GCA_021327435.1;GCA_021328935.1;GCA_021328945.1;GCA_021328995.1;GCA_022244705.1;GCA_022416745.1;GCA_022416755.1;GCA_022416775.1;GCA_022416915.1;GCA_022432835.1;GCA_022432845.1;GCA_022538005.1;GCA_022702665.1;GCA_024222135.1;GCA_024222175.1;GCA_024222185.1;GCA_024222265.1;GCA_024256485.1;GCA_024256505.1;GCA_033439445.1;GCA_040543055.1;GCA_057332215.1;GCA_057332225.1;GCA_965363385.1;GCA_965363435.1;GCA_965363705.1;GCA_965363785.1;GCA_965364765.1;GCA_965364855.1;GCA_984506415.1;GCA_984506455.1;GCA_984506635.1;GCA_984506815.1;GCA_984507005.1;GCA_984513465.1;GCA_984514685.1;GCA_984538235.1;GCF_000765115.1;GCF_002742125.1;GCF_016772045.2
Ovis aries	frameshift_induced_stop|ex3|codon372	frameshift_induced_stop	exon_3	3.0	618.0	1116.0	372.0			True	4	4	94	0.0425531914893617	LOW	GCA_017524585.1;GCA_965363425.1;GCA_984506965.1;GCA_984514435.1
Ovis aries	frameshift_induced_stop|ex3|codon398	frameshift_induced_stop	exon_3	3.0	696.0	1194.0	398.0			True	2	2	94	0.02127659574468085	LOW	GCA_000765115.1;GCF_000765115.1
Ovis aries	frameshift_induced_stop|ex3|codon401	frameshift_induced_stop	exon_3	3.0	703.0	1201.0	401.0			True	30	30	94	0.3191489361702128	LOW	GCA_011170295.1;GCA_018804185.1;GCA_019145175.1;GCA_021325875.1;GCA_021326705.1;GCA_021327145.1;GCA_021327285.1;GCA_021327305.1;GCA_021327335.1;GCA_021327355.1;GCA_021327375.1;GCA_021328955.1;GCA_022244695.1;GCA_022416685.1;GCA_022416695.1;GCA_022416725.1;GCA_022416785.1;GCA_022432825.1;GCA_022702505.1;GCA_040259355.1;GCA_040805955.1;GCA_040836155.1;GCA_041121725.1;GCA_050084895.1;GCA_050916685.1;GCA_965365915.1;GCA_984506435.1;GCA_984506445.1;GCA_984506465.1;GCA_984506805.1
Ovis aries	frameshift_induced_stop|ex3|codon430	frameshift_induced_stop	exon_3	3.0	791.0	1289.0	430.0			True	1	1	94	0.010638297872340425	LOW	GCA_965637775.1
Ovis aries	frameshift_induced_stop|ex4|codon495	frameshift_induced_stop	exon_4	4.0	148.0	1483.0	495.0			True	9	9	93	0.0967741935483871	LOW	GCA_000298735.2;GCA_000765115.1;GCA_017524585.1;GCA_965363425.1;GCA_965363445.1;GCA_984514235.1;GCA_984514435.1;GCF_000298735.2;GCF_000765115.1
Ovis aries	frameshift_induced_stop|ex4|codon496	frameshift_induced_stop	exon_4	4.0	153.0	1488.0	496.0			True	1	1	93	0.010752688172043012	LOW	GCA_984506965.1
Ovis aries	frameshift_induced_stop|ex6|codon574	frameshift_induced_stop	exon_6	6.0	50.0	1722.0	574.0			True	1	1	95	0.010526315789473684	LOW	GCA_965363785.1
Ovis aries	frameshift_induced_stop|ex6|codon652	frameshift_induced_stop	exon_6	6.0	282.0	1954.0	652.0			True	1	1	95	0.010526315789473684	LOW	GCA_965637775.1
Ovis aries	frameshift_induced_stop|ex6|codon678	frameshift_induced_stop	exon_6	6.0	362.0	2034.0	678.0			True	83	83	95	0.8736842105263158	HIGH	GCA_000005525.1;GCA_002742125.1;GCA_011170295.1;GCA_016772045.2;GCA_018804185.1;GCA_019145175.1;GCA_021325815.1;GCA_021325835.1;GCA_021325855.1;GCA_021325865.1;GCA_021325875.1;GCA_021325905.1;GCA_021325935.1;GCA_021326705.1;GCA_021326735.1;GCA_021326975.1;GCA_021327145.1;GCA_021327245.1;GCA_021327285.1;GCA_021327305.1;GCA_021327315.1;GCA_021327335.1;GCA_021327355.1;GCA_021327375.1;GCA_021327395.1;GCA_021327435.1;GCA_021328935.1;GCA_021328945.1;GCA_021328955.1;GCA_021328995.1;GCA_022244695.1;GCA_022244705.1;GCA_022416685.1;GCA_022416695.1;GCA_022416725.1;GCA_022416745.1;GCA_022416755.1;GCA_022416775.1;GCA_022416785.1;GCA_022416915.1;GCA_022432825.1;GCA_022432835.1;GCA_022432845.1;GCA_022538005.1;GCA_022702505.1;GCA_022702665.1;GCA_024222135.1;GCA_024222175.1;GCA_024222185.1;GCA_024222265.1;GCA_024256485.1;GCA_024256505.1;GCA_032433645.1;GCA_033439445.1;GCA_040259355.1;GCA_040543055.1;GCA_040805955.1;GCA_040836155.1;GCA_041121725.1;GCA_050084895.1;GCA_050916685.1;GCA_057332215.1;GCA_057332225.1;GCA_965363385.1;GCA_965363435.1;GCA_965363705.1;GCA_965363785.1;GCA_965364765.1;GCA_965364855.1;GCA_965365915.1;GCA_984506415.1;GCA_984506435.1;GCA_984506445.1;GCA_984506465.1;GCA_984506635.1;GCA_984506805.1;GCA_984506815.1;GCA_984507005.1;GCA_984513465.1;GCA_984514685.1;GCA_984538235.1;GCF_002742125.1;GCF_016772045.2
Ovis aries	frameshift_induced_stop|ex6|codon691	frameshift_induced_stop	exon_6	6.0	399.0	2071.0	691.0			True	1	1	95	0.010526315789473684	LOW	GCA_984506965.1
Ovis aries	frameshift_induced_stop|ex6|codon722	frameshift_induced_stop	exon_6	6.0	493.0	2165.0	722.0			True	3	3	95	0.031578947368421054	LOW	GCA_965363445.1;GCA_965637775.1;GCA_984514235.1
Ovis aries	frameshift_induced_stop|ex6|codon815	frameshift_induced_stop	exon_6	6.0	773.0	2445.0	815.0			True	1	1	95	0.010526315789473684	LOW	GCA_984506965.1
Ovis aries	frameshift_induced_stop|ex6|codon824	frameshift_induced_stop	exon_6	6.0	798.0	2470.0	824.0			True	11	11	95	0.11578947368421053	LOW	GCA_000298735.2;GCA_000765115.1;GCA_017524585.1;GCA_965363425.1;GCA_965363445.1;GCA_965637775.1;GCA_984506455.1;GCA_984514235.1;GCA_984514435.1;GCF_000298735.2;GCF_000765115.1
Ovis aries	frameshift_induced_stop|ex6|codon842	frameshift_induced_stop	exon_6	6.0	852.0	2524.0	842.0			True	14	14	95	0.14736842105263157	LOW	GCA_021325815.1;GCA_021325835.1;GCA_021325855.1;GCA_021326975.1;GCA_021327245.1;GCA_021327435.1;GCA_022416745.1;GCA_022416775.1;GCA_022538005.1;GCA_022702665.1;GCA_024222175.1;GCA_024256505.1;GCA_965363705.1;GCA_984507005.1
Ovis aries	frameshift_induced_stop|ex6|codon918	frameshift_induced_stop	exon_6	6.0	1080.0	2752.0	918.0			True	1	1	95	0.010526315789473684	LOW	GCA_984506965.1
Ovis aries	frameshift_insertion|ex1|pos40|len4	frameshift_insertion	exon_1	1.0	40.0	40.0	14.0	4.0		True	94	94	94	1.0	HIGH	GCA_000005525.1;GCA_000298735.2;GCA_000765115.1;GCA_002742125.1;GCA_011170295.1;GCA_016772045.2;GCA_017524585.1;GCA_018804185.1;GCA_019145175.1;GCA_021325815.1;GCA_021325835.1;GCA_021325855.1;GCA_021325865.1;GCA_021325875.1;GCA_021325905.1;GCA_021325935.1;GCA_021326705.1;GCA_021326735.1;GCA_021326975.1;GCA_021327145.1;GCA_021327245.1;GCA_021327285.1;GCA_021327305.1;GCA_021327315.1;GCA_021327335.1;GCA_021327355.1;GCA_021327375.1;GCA_021327395.1;GCA_021327435.1;GCA_021328935.1;GCA_021328945.1;GCA_021328955.1;GCA_021328995.1;GCA_022244695.1;GCA_022244705.1;GCA_022416685.1;GCA_022416695.1;GCA_022416725.1;GCA_022416745.1;GCA_022416755.1;GCA_022416775.1;GCA_022416785.1;GCA_022416915.1;GCA_022432825.1;GCA_022432835.1;GCA_022432845.1;GCA_022538005.1;GCA_022702505.1;GCA_022702665.1;GCA_024222135.1;GCA_024222175.1;GCA_024222185.1;GCA_024222265.1;GCA_024256485.1;GCA_024256505.1;GCA_033439445.1;GCA_040259355.1;GCA_040543055.1;GCA_040805955.1;GCA_040836155.1;GCA_041121725.1;GCA_050084895.1;GCA_050916685.1;GCA_057332215.1;GCA_057332225.1;GCA_965363385.1;GCA_965363425.1;GCA_965363435.1;GCA_965363445.1;GCA_965363705.1;GCA_965363785.1;GCA_965364765.1;GCA_965364855.1;GCA_965365915.1;GCA_965637775.1;GCA_984506415.1;GCA_984506435.1;GCA_984506445.1;GCA_984506455.1;GCA_984506465.1;GCA_984506635.1;GCA_984506805.1;GCA_984506815.1;GCA_984506965.1;GCA_984507005.1;GCA_984513465.1;GCA_984514235.1;GCA_984514435.1;GCA_984514685.1;GCA_984538235.1;GCF_000298735.2;GCF_000765115.1;GCF_002742125.1;GCF_016772045.2
Ovis aries	frameshift_insertion|ex2|pos186|len1	frameshift_insertion	exon_2	2.0	186.0	380.0	127.0	1.0		True	2	2	94	0.02127659574468085	LOW	GCA_965363425.1;GCA_984514435.1
Ovis aries	frameshift_insertion|ex2|pos297|len1	frameshift_insertion	exon_2	2.0	297.0	491.0	164.0	1.0		True	56	56	94	0.5957446808510638	MEDIUM	GCA_000765115.1;GCA_002742125.1;GCA_016772045.2;GCA_019145175.1;GCA_021325815.1;GCA_021325835.1;GCA_021325855.1;GCA_021325865.1;GCA_021325905.1;GCA_021325935.1;GCA_021326735.1;GCA_021326975.1;GCA_021327245.1;GCA_021327315.1;GCA_021327395.1;GCA_021327435.1;GCA_021328935.1;GCA_021328945.1;GCA_021328995.1;GCA_022244705.1;GCA_022416745.1;GCA_022416755.1;GCA_022416775.1;GCA_022416915.1;GCA_022432835.1;GCA_022432845.1;GCA_022538005.1;GCA_022702665.1;GCA_024222135.1;GCA_024222175.1;GCA_024222185.1;GCA_024222265.1;GCA_024256485.1;GCA_024256505.1;GCA_033439445.1;GCA_040543055.1;GCA_057332215.1;GCA_057332225.1;GCA_965363385.1;GCA_965363435.1;GCA_965363705.1;GCA_965363785.1;GCA_965364765.1;GCA_965364855.1;GCA_965637775.1;GCA_984506415.1;GCA_984506455.1;GCA_984506635.1;GCA_984506815.1;GCA_984507005.1;GCA_984513465.1;GCA_984514685.1;GCA_984538235.1;GCF_000765115.1;GCF_002742125.1;GCF_016772045.2
Ovis aries	frameshift_insertion|ex2|pos298|len1	frameshift_insertion	exon_2	2.0	298.0	492.0	164.0	1.0		True	32	32	94	0.3404255319148936	LOW	GCA_000298735.2;GCA_011170295.1;GCA_017524585.1;GCA_018804185.1;GCA_021325875.1;GCA_021326705.1;GCA_021327145.1;GCA_021327285.1;GCA_021327305.1;GCA_021327335.1;GCA_021327355.1;GCA_021327375.1;GCA_021328955.1;GCA_022244695.1;GCA_022416685.1;GCA_022416695.1;GCA_022416725.1;GCA_022416785.1;GCA_022432825.1;GCA_022702505.1;GCA_040259355.1;GCA_040805955.1;GCA_040836155.1;GCA_041121725.1;GCA_050084895.1;GCA_050916685.1;GCA_965365915.1;GCA_984506435.1;GCA_984506445.1;GCA_984506465.1;GCA_984506805.1;GCF_000298735.2
Ovis aries	frameshift_insertion|ex2|pos298|len2	frameshift_insertion	exon_2	2.0	298.0	492.0	164.0	2.0		True	5	5	94	0.05319148936170213	LOW	GCA_965363425.1;GCA_965363445.1;GCA_984506965.1;GCA_984514235.1;GCA_984514435.1
Ovis aries	frameshift_insertion|ex3|pos590|len1	frameshift_insertion	exon_3	3.0	590.0	1088.0	363.0	1.0		True	4	4	94	0.0425531914893617	LOW	GCA_000765115.1;GCA_019145175.1;GCA_057332225.1;GCF_000765115.1
Ovis aries	frameshift_insertion|ex3|pos591|len1	frameshift_insertion	exon_3	3.0	591.0	1089.0	363.0	1.0		True	58	58	94	0.6170212765957447	HIGH	GCA_002742125.1;GCA_016772045.2;GCA_017524585.1;GCA_021325815.1;GCA_021325835.1;GCA_021325855.1;GCA_021325865.1;GCA_021325905.1;GCA_021325935.1;GCA_021326735.1;GCA_021326975.1;GCA_021327245.1;GCA_021327315.1;GCA_021327395.1;GCA_021327435.1;GCA_021328935.1;GCA_021328945.1;GCA_021328995.1;GCA_022244705.1;GCA_022416745.1;GCA_022416755.1;GCA_022416775.1;GCA_022416915.1;GCA_022432835.1;GCA_022432845.1;GCA_022538005.1;GCA_022702665.1;GCA_024222135.1;GCA_024222175.1;GCA_024222185.1;GCA_024222265.1;GCA_024256485.1;GCA_024256505.1;GCA_033439445.1;GCA_040543055.1;GCA_057332215.1;GCA_965363385.1;GCA_965363425.1;GCA_965363435.1;GCA_965363445.1;GCA_965363705.1;GCA_965363785.1;GCA_965364765.1;GCA_965364855.1;GCA_965637775.1;GCA_984506415.1;GCA_984506455.1;GCA_984506635.1;GCA_984506815.1;GCA_984506965.1;GCA_984507005.1;GCA_984513465.1;GCA_984514235.1;GCA_984514435.1;GCA_984514685.1;GCA_984538235.1;GCF_002742125.1;GCF_016772045.2
Ovis aries	frameshift_insertion|ex3|pos812|len1	frameshift_insertion	exon_3	3.0	812.0	1310.0	437.0	1.0		True	1	1	94	0.010638297872340425	LOW	GCA_984506965.1
Ovis aries	frameshift_insertion|ex3|pos83|len1	frameshift_insertion	exon_3	3.0	83.0	581.0	194.0	1.0		True	2	2	94	0.02127659574468085	LOW	GCA_965363445.1;GCA_984514235.1
Ovis aries	frameshift_insertion|ex6|pos222|len1	frameshift_insertion	exon_6	6.0	222.0	1894.0	632.0	1.0		True	1	1	95	0.010526315789473684	LOW	GCA_965363785.1
Ovis aries	frameshift_insertion|ex6|pos338|len2	frameshift_insertion	exon_6	6.0	338.0	2010.0	670.0	2.0		True	94	94	95	0.9894736842105263	HIGH	GCA_000005525.1;GCA_000298735.2;GCA_000765115.1;GCA_002742125.1;GCA_011170295.1;GCA_016772045.2;GCA_017524585.1;GCA_018804185.1;GCA_019145175.1;GCA_021325815.1;GCA_021325835.1;GCA_021325855.1;GCA_021325865.1;GCA_021325875.1;GCA_021325905.1;GCA_021325935.1;GCA_021326705.1;GCA_021326735.1;GCA_021326975.1;GCA_021327145.1;GCA_021327245.1;GCA_021327285.1;GCA_021327305.1;GCA_021327315.1;GCA_021327335.1;GCA_021327355.1;GCA_021327375.1;GCA_021327395.1;GCA_021327435.1;GCA_021328935.1;GCA_021328945.1;GCA_021328955.1;GCA_021328995.1;GCA_022244695.1;GCA_022244705.1;GCA_022416685.1;GCA_022416695.1;GCA_022416725.1;GCA_022416745.1;GCA_022416755.1;GCA_022416775.1;GCA_022416785.1;GCA_022416915.1;GCA_022432825.1;GCA_022432835.1;GCA_022432845.1;GCA_022538005.1;GCA_022702505.1;GCA_022702665.1;GCA_024222135.1;GCA_024222175.1;GCA_024222185.1;GCA_024222265.1;GCA_024256485.1;GCA_024256505.1;GCA_032433645.1;GCA_033439445.1;GCA_040259355.1;GCA_040543055.1;GCA_040805955.1;GCA_040836155.1;GCA_041121725.1;GCA_050084895.1;GCA_050916685.1;GCA_057332215.1;GCA_057332225.1;GCA_965363385.1;GCA_965363425.1;GCA_965363435.1;GCA_965363445.1;GCA_965363705.1;GCA_965363785.1;GCA_965364765.1;GCA_965364855.1;GCA_965365915.1;GCA_965637775.1;GCA_984506415.1;GCA_984506435.1;GCA_984506445.1;GCA_984506465.1;GCA_984506635.1;GCA_984506805.1;GCA_984506815.1;GCA_984506965.1;GCA_984507005.1;GCA_984513465.1;GCA_984514235.1;GCA_984514435.1;GCA_984514685.1;GCA_984538235.1;GCF_000298735.2;GCF_000765115.1;GCF_002742125.1;GCF_016772045.2
Ovis aries	frameshift_insertion|ex6|pos834|len1	frameshift_insertion	exon_6	6.0	834.0	2506.0	836.0	1.0		True	14	14	95	0.14736842105263157	LOW	GCA_021325815.1;GCA_021325835.1;GCA_021325855.1;GCA_021326975.1;GCA_021327245.1;GCA_021327435.1;GCA_022416745.1;GCA_022416775.1;GCA_022538005.1;GCA_022702665.1;GCA_024222175.1;GCA_024256505.1;GCA_965363705.1;GCA_984507005.1
Ovis aries	gene_unresolved_no_hit|ex0|pos0	gene_unresolved_no_hit								False	1	0	95	0.0	LOW	
Ovis aries	inframe_deletion|ex3|pos658|len15	inframe_deletion	exon_3	3.0	658.0	1156.0	386.0	15.0		False	1	1	94	0.010638297872340425	LOW	GCA_057332225.1
Ovis aries	inframe_deletion|ex3|pos658|len9	inframe_deletion	exon_3	3.0	658.0	1156.0	386.0	9.0		False	2	2	94	0.02127659574468085	LOW	GCA_000298735.2;GCF_000298735.2
Ovis aries	inframe_deletion|ex3|pos659|len6	inframe_deletion	exon_3	3.0	659.0	1157.0	386.0	6.0		False	58	58	94	0.6170212765957447	HIGH	GCA_002742125.1;GCA_016772045.2;GCA_017524585.1;GCA_021325815.1;GCA_021325835.1;GCA_021325855.1;GCA_021325865.1;GCA_021325905.1;GCA_021325935.1;GCA_021326735.1;GCA_021326975.1;GCA_021327245.1;GCA_021327315.1;GCA_021327395.1;GCA_021327435.1;GCA_021328935.1;GCA_021328945.1;GCA_021328995.1;GCA_022244705.1;GCA_022416745.1;GCA_022416755.1;GCA_022416775.1;GCA_022416915.1;GCA_022432835.1;GCA_022432845.1;GCA_022538005.1;GCA_022702665.1;GCA_024222135.1;GCA_024222175.1;GCA_024222185.1;GCA_024222265.1;GCA_024256485.1;GCA_024256505.1;GCA_033439445.1;GCA_040543055.1;GCA_057332215.1;GCA_965363385.1;GCA_965363425.1;GCA_965363435.1;GCA_965363445.1;GCA_965363705.1;GCA_965363785.1;GCA_965364765.1;GCA_965364855.1;GCA_965637775.1;GCA_984506415.1;GCA_984506455.1;GCA_984506635.1;GCA_984506815.1;GCA_984506965.1;GCA_984507005.1;GCA_984513465.1;GCA_984514235.1;GCA_984514435.1;GCA_984514685.1;GCA_984538235.1;GCF_002742125.1;GCF_016772045.2
Ovis aries	inframe_deletion|ex3|pos669|len3	inframe_deletion	exon_3	3.0	669.0	1167.0	389.0	3.0		False	58	58	94	0.6170212765957447	HIGH	GCA_002742125.1;GCA_016772045.2;GCA_017524585.1;GCA_021325815.1;GCA_021325835.1;GCA_021325855.1;GCA_021325865.1;GCA_021325905.1;GCA_021325935.1;GCA_021326735.1;GCA_021326975.1;GCA_021327245.1;GCA_021327315.1;GCA_021327395.1;GCA_021327435.1;GCA_021328935.1;GCA_021328945.1;GCA_021328995.1;GCA_022244705.1;GCA_022416745.1;GCA_022416755.1;GCA_022416775.1;GCA_022416915.1;GCA_022432835.1;GCA_022432845.1;GCA_022538005.1;GCA_022702665.1;GCA_024222135.1;GCA_024222175.1;GCA_024222185.1;GCA_024222265.1;GCA_024256485.1;GCA_024256505.1;GCA_033439445.1;GCA_040543055.1;GCA_057332215.1;GCA_965363385.1;GCA_965363425.1;GCA_965363435.1;GCA_965363445.1;GCA_965363705.1;GCA_965363785.1;GCA_965364765.1;GCA_965364855.1;GCA_965637775.1;GCA_984506415.1;GCA_984506455.1;GCA_984506635.1;GCA_984506815.1;GCA_984506965.1;GCA_984507005.1;GCA_984513465.1;GCA_984514235.1;GCA_984514435.1;GCA_984514685.1;GCA_984538235.1;GCF_002742125.1;GCF_016772045.2
Ovis aries	inframe_deletion|ex6|pos89|len9	inframe_deletion	exon_6	6.0	89.0	1761.0	587.0	9.0		False	94	94	95	0.9894736842105263	HIGH	GCA_000298735.2;GCA_000765115.1;GCA_002742125.1;GCA_011170295.1;GCA_016772045.2;GCA_017524585.1;GCA_018804185.1;GCA_019145175.1;GCA_021325815.1;GCA_021325835.1;GCA_021325855.1;GCA_021325865.1;GCA_021325875.1;GCA_021325905.1;GCA_021325935.1;GCA_021326705.1;GCA_021326735.1;GCA_021326975.1;GCA_021327145.1;GCA_021327245.1;GCA_021327285.1;GCA_021327305.1;GCA_021327315.1;GCA_021327335.1;GCA_021327355.1;GCA_021327375.1;GCA_021327395.1;GCA_021327435.1;GCA_021328935.1;GCA_021328945.1;GCA_021328955.1;GCA_021328995.1;GCA_022244695.1;GCA_022244705.1;GCA_022416685.1;GCA_022416695.1;GCA_022416725.1;GCA_022416745.1;GCA_022416755.1;GCA_022416775.1;GCA_022416785.1;GCA_022416915.1;GCA_022432825.1;GCA_022432835.1;GCA_022432845.1;GCA_022538005.1;GCA_022702505.1;GCA_022702665.1;GCA_024222135.1;GCA_024222175.1;GCA_024222185.1;GCA_024222265.1;GCA_024256485.1;GCA_024256505.1;GCA_032433645.1;GCA_033439445.1;GCA_040259355.1;GCA_040543055.1;GCA_040805955.1;GCA_040836155.1;GCA_041121725.1;GCA_050084895.1;GCA_050916685.1;GCA_057332215.1;GCA_057332225.1;GCA_965363385.1;GCA_965363425.1;GCA_965363435.1;GCA_965363445.1;GCA_965363705.1;GCA_965363785.1;GCA_965364765.1;GCA_965364855.1;GCA_965365915.1;GCA_965637775.1;GCA_984506415.1;GCA_984506435.1;GCA_984506445.1;GCA_984506455.1;GCA_984506465.1;GCA_984506635.1;GCA_984506805.1;GCA_984506815.1;GCA_984506965.1;GCA_984507005.1;GCA_984513465.1;GCA_984514235.1;GCA_984514435.1;GCA_984514685.1;GCA_984538235.1;GCF_000298735.2;GCF_000765115.1;GCF_002742125.1;GCF_016772045.2
Ovis aries	inframe_deletion|ex6|pos939|len21	inframe_deletion	exon_6	6.0	939.0	2611.0	871.0	21.0		False	95	95	95	1.0	HIGH	GCA_000005525.1;GCA_000298735.2;GCA_000765115.1;GCA_002742125.1;GCA_011170295.1;GCA_016772045.2;GCA_017524585.1;GCA_018804185.1;GCA_019145175.1;GCA_021325815.1;GCA_021325835.1;GCA_021325855.1;GCA_021325865.1;GCA_021325875.1;GCA_021325905.1;GCA_021325935.1;GCA_021326705.1;GCA_021326735.1;GCA_021326975.1;GCA_021327145.1;GCA_021327245.1;GCA_021327285.1;GCA_021327305.1;GCA_021327315.1;GCA_021327335.1;GCA_021327355.1;GCA_021327375.1;GCA_021327395.1;GCA_021327435.1;GCA_021328935.1;GCA_021328945.1;GCA_021328955.1;GCA_021328995.1;GCA_022244695.1;GCA_022244705.1;GCA_022416685.1;GCA_022416695.1;GCA_022416725.1;GCA_022416745.1;GCA_022416755.1;GCA_022416775.1;GCA_022416785.1;GCA_022416915.1;GCA_022432825.1;GCA_022432835.1;GCA_022432845.1;GCA_022538005.1;GCA_022702505.1;GCA_022702665.1;GCA_024222135.1;GCA_024222175.1;GCA_024222185.1;GCA_024222265.1;GCA_024256485.1;GCA_024256505.1;GCA_032433645.1;GCA_033439445.1;GCA_040259355.1;GCA_040543055.1;GCA_040805955.1;GCA_040836155.1;GCA_041121725.1;GCA_050084895.1;GCA_050916685.1;GCA_057332215.1;GCA_057332225.1;GCA_965363385.1;GCA_965363425.1;GCA_965363435.1;GCA_965363445.1;GCA_965363705.1;GCA_965363785.1;GCA_965364765.1;GCA_965364855.1;GCA_965365915.1;GCA_965637775.1;GCA_984506415.1;GCA_984506435.1;GCA_984506445.1;GCA_984506455.1;GCA_984506465.1;GCA_984506635.1;GCA_984506805.1;GCA_984506815.1;GCA_984506965.1;GCA_984507005.1;GCA_984513465.1;GCA_984514235.1;GCA_984514435.1;GCA_984514685.1;GCA_984538235.1;GCF_000298735.2;GCF_000765115.1;GCF_002742125.1;GCF_016772045.2
Ovis aries	inframe_insertion|ex6|pos338|len3	inframe_insertion	exon_6	6.0	338.0	2010.0	670.0	3.0		False	1	1	95	0.010526315789473684	LOW	GCA_984506455.1
Ovis aries	potential_splice_acceptor_disruption|ex5|GA	potential_splice_acceptor_disruption	exon_5	5.0	1.0	1549.0	517.0		GA	True	94	94	95	0.9894736842105263	HIGH	GCA_000298735.2;GCA_000765115.1;GCA_002742125.1;GCA_011170295.1;GCA_016772045.2;GCA_017524585.1;GCA_018804185.1;GCA_019145175.1;GCA_021325815.1;GCA_021325835.1;GCA_021325855.1;GCA_021325865.1;GCA_021325875.1;GCA_021325905.1;GCA_021325935.1;GCA_021326705.1;GCA_021326735.1;GCA_021326975.1;GCA_021327145.1;GCA_021327245.1;GCA_021327285.1;GCA_021327305.1;GCA_021327315.1;GCA_021327335.1;GCA_021327355.1;GCA_021327375.1;GCA_021327395.1;GCA_021327435.1;GCA_021328935.1;GCA_021328945.1;GCA_021328955.1;GCA_021328995.1;GCA_022244695.1;GCA_022244705.1;GCA_022416685.1;GCA_022416695.1;GCA_022416725.1;GCA_022416745.1;GCA_022416755.1;GCA_022416775.1;GCA_022416785.1;GCA_022416915.1;GCA_022432825.1;GCA_022432835.1;GCA_022432845.1;GCA_022538005.1;GCA_022702505.1;GCA_022702665.1;GCA_024222135.1;GCA_024222175.1;GCA_024222185.1;GCA_024222265.1;GCA_024256485.1;GCA_024256505.1;GCA_032433645.1;GCA_033439445.1;GCA_040259355.1;GCA_040543055.1;GCA_040805955.1;GCA_040836155.1;GCA_041121725.1;GCA_050084895.1;GCA_050916685.1;GCA_057332215.1;GCA_057332225.1;GCA_965363385.1;GCA_965363425.1;GCA_965363435.1;GCA_965363445.1;GCA_965363705.1;GCA_965363785.1;GCA_965364765.1;GCA_965364855.1;GCA_965365915.1;GCA_965637775.1;GCA_984506415.1;GCA_984506435.1;GCA_984506445.1;GCA_984506455.1;GCA_984506465.1;GCA_984506635.1;GCA_984506805.1;GCA_984506815.1;GCA_984506965.1;GCA_984507005.1;GCA_984513465.1;GCA_984514235.1;GCA_984514435.1;GCA_984514685.1;GCA_984538235.1;GCF_000298735.2;GCF_000765115.1;GCF_002742125.1;GCF_016772045.2
Ovis aries	potential_splice_donor_disruption|ex1|CC	potential_splice_donor_disruption	exon_1	1.0	194.0	194.0	65.0		CC	True	94	94	94	1.0	HIGH	GCA_000005525.1;GCA_000298735.2;GCA_000765115.1;GCA_002742125.1;GCA_011170295.1;GCA_016772045.2;GCA_017524585.1;GCA_018804185.1;GCA_019145175.1;GCA_021325815.1;GCA_021325835.1;GCA_021325855.1;GCA_021325865.1;GCA_021325875.1;GCA_021325905.1;GCA_021325935.1;GCA_021326705.1;GCA_021326735.1;GCA_021326975.1;GCA_021327145.1;GCA_021327245.1;GCA_021327285.1;GCA_021327305.1;GCA_021327315.1;GCA_021327335.1;GCA_021327355.1;GCA_021327375.1;GCA_021327395.1;GCA_021327435.1;GCA_021328935.1;GCA_021328945.1;GCA_021328955.1;GCA_021328995.1;GCA_022244695.1;GCA_022244705.1;GCA_022416685.1;GCA_022416695.1;GCA_022416725.1;GCA_022416745.1;GCA_022416755.1;GCA_022416775.1;GCA_022416785.1;GCA_022416915.1;GCA_022432825.1;GCA_022432835.1;GCA_022432845.1;GCA_022538005.1;GCA_022702505.1;GCA_022702665.1;GCA_024222135.1;GCA_024222175.1;GCA_024222185.1;GCA_024222265.1;GCA_024256485.1;GCA_024256505.1;GCA_033439445.1;GCA_040259355.1;GCA_040543055.1;GCA_040805955.1;GCA_040836155.1;GCA_041121725.1;GCA_050084895.1;GCA_050916685.1;GCA_057332215.1;GCA_057332225.1;GCA_965363385.1;GCA_965363425.1;GCA_965363435.1;GCA_965363445.1;GCA_965363705.1;GCA_965363785.1;GCA_965364765.1;GCA_965364855.1;GCA_965365915.1;GCA_965637775.1;GCA_984506415.1;GCA_984506435.1;GCA_984506445.1;GCA_984506455.1;GCA_984506465.1;GCA_984506635.1;GCA_984506805.1;GCA_984506815.1;GCA_984506965.1;GCA_984507005.1;GCA_984513465.1;GCA_984514235.1;GCA_984514435.1;GCA_984514685.1;GCA_984538235.1;GCF_000298735.2;GCF_000765115.1;GCF_002742125.1;GCF_016772045.2
Ovis aries	premature_stop|ex3|codon361	premature_stop	exon_3	3.0	583.0	1081.0	361.0			True	94	94	94	1.0	HIGH	GCA_000005525.1;GCA_000298735.2;GCA_000765115.1;GCA_002742125.1;GCA_011170295.1;GCA_016772045.2;GCA_017524585.1;GCA_018804185.1;GCA_019145175.1;GCA_021325815.1;GCA_021325835.1;GCA_021325855.1;GCA_021325865.1;GCA_021325875.1;GCA_021325905.1;GCA_021325935.1;GCA_021326705.1;GCA_021326735.1;GCA_021326975.1;GCA_021327145.1;GCA_021327245.1;GCA_021327285.1;GCA_021327305.1;GCA_021327315.1;GCA_021327335.1;GCA_021327355.1;GCA_021327375.1;GCA_021327395.1;GCA_021327435.1;GCA_021328935.1;GCA_021328945.1;GCA_021328955.1;GCA_021328995.1;GCA_022244695.1;GCA_022244705.1;GCA_022416685.1;GCA_022416695.1;GCA_022416725.1;GCA_022416745.1;GCA_022416755.1;GCA_022416775.1;GCA_022416785.1;GCA_022416915.1;GCA_022432825.1;GCA_022432835.1;GCA_022432845.1;GCA_022538005.1;GCA_022702505.1;GCA_022702665.1;GCA_024222135.1;GCA_024222175.1;GCA_024222185.1;GCA_024222265.1;GCA_024256485.1;GCA_024256505.1;GCA_033439445.1;GCA_040259355.1;GCA_040543055.1;GCA_040805955.1;GCA_040836155.1;GCA_041121725.1;GCA_050084895.1;GCA_050916685.1;GCA_057332215.1;GCA_057332225.1;GCA_965363385.1;GCA_965363425.1;GCA_965363435.1;GCA_965363445.1;GCA_965363705.1;GCA_965363785.1;GCA_965364765.1;GCA_965364855.1;GCA_965365915.1;GCA_965637775.1;GCA_984506415.1;GCA_984506435.1;GCA_984506445.1;GCA_984506455.1;GCA_984506465.1;GCA_984506635.1;GCA_984506805.1;GCA_984506815.1;GCA_984506965.1;GCA_984507005.1;GCA_984513465.1;GCA_984514235.1;GCA_984514435.1;GCA_984514685.1;GCA_984538235.1;GCF_000298735.2;GCF_000765115.1;GCF_002742125.1;GCF_016772045.2
Ovis aries	premature_stop|ex3|codon430	premature_stop	exon_3	3.0	790.0	1288.0	430.0			True	94	94	94	1.0	HIGH	GCA_000005525.1;GCA_000298735.2;GCA_000765115.1;GCA_002742125.1;GCA_011170295.1;GCA_016772045.2;GCA_017524585.1;GCA_018804185.1;GCA_019145175.1;GCA_021325815.1;GCA_021325835.1;GCA_021325855.1;GCA_021325865.1;GCA_021325875.1;GCA_021325905.1;GCA_021325935.1;GCA_021326705.1;GCA_021326735.1;GCA_021326975.1;GCA_021327145.1;GCA_021327245.1;GCA_021327285.1;GCA_021327305.1;GCA_021327315.1;GCA_021327335.1;GCA_021327355.1;GCA_021327375.1;GCA_021327395.1;GCA_021327435.1;GCA_021328935.1;GCA_021328945.1;GCA_021328955.1;GCA_021328995.1;GCA_022244695.1;GCA_022244705.1;GCA_022416685.1;GCA_022416695.1;GCA_022416725.1;GCA_022416745.1;GCA_022416755.1;GCA_022416775.1;GCA_022416785.1;GCA_022416915.1;GCA_022432825.1;GCA_022432835.1;GCA_022432845.1;GCA_022538005.1;GCA_022702505.1;GCA_022702665.1;GCA_024222135.1;GCA_024222175.1;GCA_024222185.1;GCA_024222265.1;GCA_024256485.1;GCA_024256505.1;GCA_033439445.1;GCA_040259355.1;GCA_040543055.1;GCA_040805955.1;GCA_040836155.1;GCA_041121725.1;GCA_050084895.1;GCA_050916685.1;GCA_057332215.1;GCA_057332225.1;GCA_965363385.1;GCA_965363425.1;GCA_965363435.1;GCA_965363445.1;GCA_965363705.1;GCA_965363785.1;GCA_965364765.1;GCA_965364855.1;GCA_965365915.1;GCA_965637775.1;GCA_984506415.1;GCA_984506435.1;GCA_984506445.1;GCA_984506455.1;GCA_984506465.1;GCA_984506635.1;GCA_984506805.1;GCA_984506815.1;GCA_984506965.1;GCA_984507005.1;GCA_984513465.1;GCA_984514235.1;GCA_984514435.1;GCA_984514685.1;GCA_984538235.1;GCF_000298735.2;GCF_000765115.1;GCF_002742125.1;GCF_016772045.2
Ovis aries	premature_stop|ex3|codon433	premature_stop	exon_3	3.0	799.0	1297.0	433.0			True	94	94	94	1.0	HIGH	GCA_000005525.1;GCA_000298735.2;GCA_000765115.1;GCA_002742125.1;GCA_011170295.1;GCA_016772045.2;GCA_017524585.1;GCA_018804185.1;GCA_019145175.1;GCA_021325815.1;GCA_021325835.1;GCA_021325855.1;GCA_021325865.1;GCA_021325875.1;GCA_021325905.1;GCA_021325935.1;GCA_021326705.1;GCA_021326735.1;GCA_021326975.1;GCA_021327145.1;GCA_021327245.1;GCA_021327285.1;GCA_021327305.1;GCA_021327315.1;GCA_021327335.1;GCA_021327355.1;GCA_021327375.1;GCA_021327395.1;GCA_021327435.1;GCA_021328935.1;GCA_021328945.1;GCA_021328955.1;GCA_021328995.1;GCA_022244695.1;GCA_022244705.1;GCA_022416685.1;GCA_022416695.1;GCA_022416725.1;GCA_022416745.1;GCA_022416755.1;GCA_022416775.1;GCA_022416785.1;GCA_022416915.1;GCA_022432825.1;GCA_022432835.1;GCA_022432845.1;GCA_022538005.1;GCA_022702505.1;GCA_022702665.1;GCA_024222135.1;GCA_024222175.1;GCA_024222185.1;GCA_024222265.1;GCA_024256485.1;GCA_024256505.1;GCA_033439445.1;GCA_040259355.1;GCA_040543055.1;GCA_040805955.1;GCA_040836155.1;GCA_041121725.1;GCA_050084895.1;GCA_050916685.1;GCA_057332215.1;GCA_057332225.1;GCA_965363385.1;GCA_965363425.1;GCA_965363435.1;GCA_965363445.1;GCA_965363705.1;GCA_965363785.1;GCA_965364765.1;GCA_965364855.1;GCA_965365915.1;GCA_965637775.1;GCA_984506415.1;GCA_984506435.1;GCA_984506445.1;GCA_984506455.1;GCA_984506465.1;GCA_984506635.1;GCA_984506805.1;GCA_984506815.1;GCA_984506965.1;GCA_984507005.1;GCA_984513465.1;GCA_984514235.1;GCA_984514435.1;GCA_984514685.1;GCA_984538235.1;GCF_000298735.2;GCF_000765115.1;GCF_002742125.1;GCF_016772045.2
Ovis aries	premature_stop|ex5|codon526	premature_stop	exon_5	5.0	28.0	1576.0	526.0			True	94	94	95	0.9894736842105263	HIGH	GCA_000298735.2;GCA_000765115.1;GCA_002742125.1;GCA_011170295.1;GCA_016772045.2;GCA_017524585.1;GCA_018804185.1;GCA_019145175.1;GCA_021325815.1;GCA_021325835.1;GCA_021325855.1;GCA_021325865.1;GCA_021325875.1;GCA_021325905.1;GCA_021325935.1;GCA_021326705.1;GCA_021326735.1;GCA_021326975.1;GCA_021327145.1;GCA_021327245.1;GCA_021327285.1;GCA_021327305.1;GCA_021327315.1;GCA_021327335.1;GCA_021327355.1;GCA_021327375.1;GCA_021327395.1;GCA_021327435.1;GCA_021328935.1;GCA_021328945.1;GCA_021328955.1;GCA_021328995.1;GCA_022244695.1;GCA_022244705.1;GCA_022416685.1;GCA_022416695.1;GCA_022416725.1;GCA_022416745.1;GCA_022416755.1;GCA_022416775.1;GCA_022416785.1;GCA_022416915.1;GCA_022432825.1;GCA_022432835.1;GCA_022432845.1;GCA_022538005.1;GCA_022702505.1;GCA_022702665.1;GCA_024222135.1;GCA_024222175.1;GCA_024222185.1;GCA_024222265.1;GCA_024256485.1;GCA_024256505.1;GCA_032433645.1;GCA_033439445.1;GCA_040259355.1;GCA_040543055.1;GCA_040805955.1;GCA_040836155.1;GCA_041121725.1;GCA_050084895.1;GCA_050916685.1;GCA_057332215.1;GCA_057332225.1;GCA_965363385.1;GCA_965363425.1;GCA_965363435.1;GCA_965363445.1;GCA_965363705.1;GCA_965363785.1;GCA_965364765.1;GCA_965364855.1;GCA_965365915.1;GCA_965637775.1;GCA_984506415.1;GCA_984506435.1;GCA_984506445.1;GCA_984506455.1;GCA_984506465.1;GCA_984506635.1;GCA_984506805.1;GCA_984506815.1;GCA_984506965.1;GCA_984507005.1;GCA_984513465.1;GCA_984514235.1;GCA_984514435.1;GCA_984514685.1;GCA_984538235.1;GCF_000298735.2;GCF_000765115.1;GCF_002742125.1;GCF_016772045.2
Ovis aries	premature_stop|ex5|codon541	premature_stop	exon_5	5.0	73.0	1621.0	541.0			True	95	95	95	1.0	HIGH	GCA_000005525.1;GCA_000298735.2;GCA_000765115.1;GCA_002742125.1;GCA_011170295.1;GCA_016772045.2;GCA_017524585.1;GCA_018804185.1;GCA_019145175.1;GCA_021325815.1;GCA_021325835.1;GCA_021325855.1;GCA_021325865.1;GCA_021325875.1;GCA_021325905.1;GCA_021325935.1;GCA_021326705.1;GCA_021326735.1;GCA_021326975.1;GCA_021327145.1;GCA_021327245.1;GCA_021327285.1;GCA_021327305.1;GCA_021327315.1;GCA_021327335.1;GCA_021327355.1;GCA_021327375.1;GCA_021327395.1;GCA_021327435.1;GCA_021328935.1;GCA_021328945.1;GCA_021328955.1;GCA_021328995.1;GCA_022244695.1;GCA_022244705.1;GCA_022416685.1;GCA_022416695.1;GCA_022416725.1;GCA_022416745.1;GCA_022416755.1;GCA_022416775.1;GCA_022416785.1;GCA_022416915.1;GCA_022432825.1;GCA_022432835.1;GCA_022432845.1;GCA_022538005.1;GCA_022702505.1;GCA_022702665.1;GCA_024222135.1;GCA_024222175.1;GCA_024222185.1;GCA_024222265.1;GCA_024256485.1;GCA_024256505.1;GCA_032433645.1;GCA_033439445.1;GCA_040259355.1;GCA_040543055.1;GCA_040805955.1;GCA_040836155.1;GCA_041121725.1;GCA_050084895.1;GCA_050916685.1;GCA_057332215.1;GCA_057332225.1;GCA_965363385.1;GCA_965363425.1;GCA_965363435.1;GCA_965363445.1;GCA_965363705.1;GCA_965363785.1;GCA_965364765.1;GCA_965364855.1;GCA_965365915.1;GCA_965637775.1;GCA_984506415.1;GCA_984506435.1;GCA_984506445.1;GCA_984506455.1;GCA_984506465.1;GCA_984506635.1;GCA_984506805.1;GCA_984506815.1;GCA_984506965.1;GCA_984507005.1;GCA_984513465.1;GCA_984514235.1;GCA_984514435.1;GCA_984514685.1;GCA_984538235.1;GCF_000298735.2;GCF_000765115.1;GCF_002742125.1;GCF_016772045.2
Ovis aries	premature_stop|ex6|codon722	premature_stop	exon_6	6.0	492.0	2164.0	722.0			True	95	95	95	1.0	HIGH	GCA_000005525.1;GCA_000298735.2;GCA_000765115.1;GCA_002742125.1;GCA_011170295.1;GCA_016772045.2;GCA_017524585.1;GCA_018804185.1;GCA_019145175.1;GCA_021325815.1;GCA_021325835.1;GCA_021325855.1;GCA_021325865.1;GCA_021325875.1;GCA_021325905.1;GCA_021325935.1;GCA_021326705.1;GCA_021326735.1;GCA_021326975.1;GCA_021327145.1;GCA_021327245.1;GCA_021327285.1;GCA_021327305.1;GCA_021327315.1;GCA_021327335.1;GCA_021327355.1;GCA_021327375.1;GCA_021327395.1;GCA_021327435.1;GCA_021328935.1;GCA_021328945.1;GCA_021328955.1;GCA_021328995.1;GCA_022244695.1;GCA_022244705.1;GCA_022416685.1;GCA_022416695.1;GCA_022416725.1;GCA_022416745.1;GCA_022416755.1;GCA_022416775.1;GCA_022416785.1;GCA_022416915.1;GCA_022432825.1;GCA_022432835.1;GCA_022432845.1;GCA_022538005.1;GCA_022702505.1;GCA_022702665.1;GCA_024222135.1;GCA_024222175.1;GCA_024222185.1;GCA_024222265.1;GCA_024256485.1;GCA_024256505.1;GCA_032433645.1;GCA_033439445.1;GCA_040259355.1;GCA_040543055.1;GCA_040805955.1;GCA_040836155.1;GCA_041121725.1;GCA_050084895.1;GCA_050916685.1;GCA_057332215.1;GCA_057332225.1;GCA_965363385.1;GCA_965363425.1;GCA_965363435.1;GCA_965363445.1;GCA_965363705.1;GCA_965363785.1;GCA_965364765.1;GCA_965364855.1;GCA_965365915.1;GCA_965637775.1;GCA_984506415.1;GCA_984506435.1;GCA_984506445.1;GCA_984506455.1;GCA_984506465.1;GCA_984506635.1;GCA_984506805.1;GCA_984506815.1;GCA_984506965.1;GCA_984507005.1;GCA_984513465.1;GCA_984514235.1;GCA_984514435.1;GCA_984514685.1;GCA_984538235.1;GCF_000298735.2;GCF_000765115.1;GCF_002742125.1;GCF_016772045.2
Ovis canadensis	candidate_large_inframe_insertion|ex3|pos403|len150	candidate_large_inframe_insertion	exon_3	3.0	403.0	901.0	301.0	150.0		False	4	4	4	1.0	HIGH	GCA_001039535.1;GCA_004026945.1;GCA_042477335.2;GCF_042477335.2
Ovis canadensis	frameshift_deletion|ex1|pos119|len4	frameshift_deletion	exon_1	1.0	119.0	119.0	40.0	4.0		True	4	4	4	1.0	HIGH	GCA_001039535.1;GCA_004026945.1;GCA_042477335.2;GCF_042477335.2
Ovis canadensis	frameshift_deletion|ex1|pos162|len1	frameshift_deletion	exon_1	1.0	162.0	162.0	54.0	1.0		True	4	4	4	1.0	HIGH	GCA_001039535.1;GCA_004026945.1;GCA_042477335.2;GCF_042477335.2
Ovis canadensis	frameshift_deletion|ex2|pos219|len2	frameshift_deletion	exon_2	2.0	219.0	413.0	138.0	2.0		True	4	4	4	1.0	HIGH	GCA_001039535.1;GCA_004026945.1;GCA_042477335.2;GCF_042477335.2
Ovis canadensis	frameshift_deletion|ex3|pos167|len7	frameshift_deletion	exon_3	3.0	167.0	665.0	222.0	7.0		True	4	4	4	1.0	HIGH	GCA_001039535.1;GCA_004026945.1;GCA_042477335.2;GCF_042477335.2
Ovis canadensis	frameshift_deletion|ex3|pos658|len16	frameshift_deletion	exon_3	3.0	658.0	1156.0	386.0	16.0		True	1	1	4	0.25	LOW	GCA_001039535.1
Ovis canadensis	frameshift_deletion|ex3|pos661|len17	frameshift_deletion	exon_3	3.0	661.0	1159.0	387.0	17.0		True	3	3	4	0.75	HIGH	GCA_004026945.1;GCA_042477335.2;GCF_042477335.2
Ovis canadensis	frameshift_deletion|ex4|pos131|len1	frameshift_deletion	exon_4	4.0	131.0	1466.0	489.0	1.0		True	4	4	4	1.0	HIGH	GCA_001039535.1;GCA_004026945.1;GCA_042477335.2;GCF_042477335.2
Ovis canadensis	frameshift_deletion|ex6|pos737|len5	frameshift_deletion	exon_6	6.0	737.0	2409.0	803.0	5.0		True	4	4	4	1.0	HIGH	GCA_001039535.1;GCA_004026945.1;GCA_042477335.2;GCF_042477335.2
Ovis canadensis	frameshift_deletion|ex6|pos868|len2	frameshift_deletion	exon_6	6.0	868.0	2540.0	847.0	2.0		True	3	3	4	0.75	HIGH	GCA_004026945.1;GCA_042477335.2;GCF_042477335.2
Ovis canadensis	frameshift_induced_stop|ex1|codon26	frameshift_induced_stop	exon_1	1.0	76.0	76.0	26.0			True	4	4	4	1.0	HIGH	GCA_001039535.1;GCA_004026945.1;GCA_042477335.2;GCF_042477335.2
Ovis canadensis	frameshift_induced_stop|ex2|codon77	frameshift_induced_stop	exon_2	2.0	37.0	231.0	77.0			True	4	4	4	1.0	HIGH	GCA_001039535.1;GCA_004026945.1;GCA_042477335.2;GCF_042477335.2
Ovis canadensis	frameshift_induced_stop|ex3|codon178	frameshift_induced_stop	exon_3	3.0	34.0	532.0	178.0			True	4	4	4	1.0	HIGH	GCA_001039535.1;GCA_004026945.1;GCA_042477335.2;GCF_042477335.2
Ovis canadensis	frameshift_induced_stop|ex3|codon289	frameshift_induced_stop	exon_3	3.0	367.0	865.0	289.0			True	1	1	4	0.25	LOW	GCA_001039535.1
Ovis canadensis	frameshift_induced_stop|ex3|codon401	frameshift_induced_stop	exon_3	3.0	703.0	1201.0	401.0			True	3	3	4	0.75	HIGH	GCA_004026945.1;GCA_042477335.2;GCF_042477335.2
Ovis canadensis	frameshift_induced_stop|ex4|codon496	frameshift_induced_stop	exon_4	4.0	153.0	1488.0	496.0			True	1	1	4	0.25	LOW	GCA_001039535.1
Ovis canadensis	frameshift_induced_stop|ex6|codon678	frameshift_induced_stop	exon_6	6.0	362.0	2034.0	678.0			True	3	3	4	0.75	HIGH	GCA_004026945.1;GCA_042477335.2;GCF_042477335.2
Ovis canadensis	frameshift_induced_stop|ex6|codon691	frameshift_induced_stop	exon_6	6.0	399.0	2071.0	691.0			True	1	1	4	0.25	LOW	GCA_001039535.1
Ovis canadensis	frameshift_induced_stop|ex6|codon815	frameshift_induced_stop	exon_6	6.0	773.0	2445.0	815.0			True	1	1	4	0.25	LOW	GCA_001039535.1
Ovis canadensis	frameshift_induced_stop|ex6|codon878	frameshift_induced_stop	exon_6	6.0	960.0	2632.0	878.0			True	3	3	4	0.75	HIGH	GCA_004026945.1;GCA_042477335.2;GCF_042477335.2
Ovis canadensis	frameshift_insertion|ex1|pos40|len4	frameshift_insertion	exon_1	1.0	40.0	40.0	14.0	4.0		True	4	4	4	1.0	HIGH	GCA_001039535.1;GCA_004026945.1;GCA_042477335.2;GCF_042477335.2
Ovis canadensis	frameshift_insertion|ex2|pos298|len1	frameshift_insertion	exon_2	2.0	298.0	492.0	164.0	1.0		True	4	4	4	1.0	HIGH	GCA_001039535.1;GCA_004026945.1;GCA_042477335.2;GCF_042477335.2
Ovis canadensis	frameshift_insertion|ex3|pos344|len1	frameshift_insertion	exon_3	3.0	344.0	842.0	281.0	1.0		True	1	1	4	0.25	LOW	GCA_001039535.1
Ovis canadensis	frameshift_insertion|ex6|pos338|len2	frameshift_insertion	exon_6	6.0	338.0	2010.0	670.0	2.0		True	4	4	4	1.0	HIGH	GCA_001039535.1;GCA_004026945.1;GCA_042477335.2;GCF_042477335.2
Ovis canadensis	gene_unresolved_no_hit|ex0|pos0	gene_unresolved_no_hit								False	1	0	4	0.0	LOW	
Ovis canadensis	inframe_deletion|ex6|pos89|len9	inframe_deletion	exon_6	6.0	89.0	1761.0	587.0	9.0		False	4	4	4	1.0	HIGH	GCA_001039535.1;GCA_004026945.1;GCA_042477335.2;GCF_042477335.2
Ovis canadensis	inframe_deletion|ex6|pos939|len21	inframe_deletion	exon_6	6.0	939.0	2611.0	871.0	21.0		False	4	4	4	1.0	HIGH	GCA_001039535.1;GCA_004026945.1;GCA_042477335.2;GCF_042477335.2
Ovis canadensis	potential_splice_acceptor_disruption|ex5|GA	potential_splice_acceptor_disruption	exon_5	5.0	1.0	1549.0	517.0		GA	True	4	4	4	1.0	HIGH	GCA_001039535.1;GCA_004026945.1;GCA_042477335.2;GCF_042477335.2
Ovis canadensis	potential_splice_donor_disruption|ex1|CC	potential_splice_donor_disruption	exon_1	1.0	194.0	194.0	65.0		CC	True	4	4	4	1.0	HIGH	GCA_001039535.1;GCA_004026945.1;GCA_042477335.2;GCF_042477335.2
Ovis canadensis	premature_stop|ex3|codon361	premature_stop	exon_3	3.0	583.0	1081.0	361.0			True	4	4	4	1.0	HIGH	GCA_001039535.1;GCA_004026945.1;GCA_042477335.2;GCF_042477335.2
Ovis canadensis	premature_stop|ex3|codon430	premature_stop	exon_3	3.0	790.0	1288.0	430.0			True	4	4	4	1.0	HIGH	GCA_001039535.1;GCA_004026945.1;GCA_042477335.2;GCF_042477335.2
Ovis canadensis	premature_stop|ex3|codon433	premature_stop	exon_3	3.0	799.0	1297.0	433.0			True	4	4	4	1.0	HIGH	GCA_001039535.1;GCA_004026945.1;GCA_042477335.2;GCF_042477335.2
Ovis canadensis	premature_stop|ex5|codon526	premature_stop	exon_5	5.0	28.0	1576.0	526.0			True	4	4	4	1.0	HIGH	GCA_001039535.1;GCA_004026945.1;GCA_042477335.2;GCF_042477335.2
Ovis canadensis	premature_stop|ex5|codon541	premature_stop	exon_5	5.0	73.0	1621.0	541.0			True	4	4	4	1.0	HIGH	GCA_001039535.1;GCA_004026945.1;GCA_042477335.2;GCF_042477335.2
Ovis canadensis	premature_stop|ex6|codon722	premature_stop	exon_6	6.0	492.0	2164.0	722.0			True	4	4	4	1.0	HIGH	GCA_001039535.1;GCA_004026945.1;GCA_042477335.2;GCF_042477335.2
Ovis nivicola	candidate_large_inframe_insertion|ex3|pos403|len150	candidate_large_inframe_insertion	exon_3	3.0	403.0	901.0	301.0	150.0		False	1	1	1	1.0	MEDIUM	GCA_903231385.1
Ovis nivicola	frameshift_deletion|ex1|pos119|len4	frameshift_deletion	exon_1	1.0	119.0	119.0	40.0	4.0		True	1	1	1	1.0	MEDIUM	GCA_903231385.1
Ovis nivicola	frameshift_deletion|ex1|pos162|len1	frameshift_deletion	exon_1	1.0	162.0	162.0	54.0	1.0		True	1	1	1	1.0	MEDIUM	GCA_903231385.1
Ovis nivicola	frameshift_deletion|ex2|pos219|len2	frameshift_deletion	exon_2	2.0	219.0	413.0	138.0	2.0		True	1	1	1	1.0	MEDIUM	GCA_903231385.1
Ovis nivicola	frameshift_deletion|ex3|pos167|len7	frameshift_deletion	exon_3	3.0	167.0	665.0	222.0	7.0		True	1	1	1	1.0	MEDIUM	GCA_903231385.1
Ovis nivicola	frameshift_deletion|ex3|pos661|len17	frameshift_deletion	exon_3	3.0	661.0	1159.0	387.0	17.0		True	1	1	1	1.0	MEDIUM	GCA_903231385.1
Ovis nivicola	frameshift_deletion|ex4|pos131|len1	frameshift_deletion	exon_4	4.0	131.0	1466.0	489.0	1.0		True	1	1	1	1.0	MEDIUM	GCA_903231385.1
Ovis nivicola	frameshift_deletion|ex6|pos737|len5	frameshift_deletion	exon_6	6.0	737.0	2409.0	803.0	5.0		True	1	1	1	1.0	MEDIUM	GCA_903231385.1
Ovis nivicola	frameshift_deletion|ex6|pos868|len2	frameshift_deletion	exon_6	6.0	868.0	2540.0	847.0	2.0		True	1	1	1	1.0	MEDIUM	GCA_903231385.1
Ovis nivicola	frameshift_induced_stop|ex1|codon26	frameshift_induced_stop	exon_1	1.0	76.0	76.0	26.0			True	1	1	1	1.0	MEDIUM	GCA_903231385.1
Ovis nivicola	frameshift_induced_stop|ex2|codon77	frameshift_induced_stop	exon_2	2.0	37.0	231.0	77.0			True	1	1	1	1.0	MEDIUM	GCA_903231385.1
Ovis nivicola	frameshift_induced_stop|ex3|codon178	frameshift_induced_stop	exon_3	3.0	34.0	532.0	178.0			True	1	1	1	1.0	MEDIUM	GCA_903231385.1
Ovis nivicola	frameshift_induced_stop|ex3|codon401	frameshift_induced_stop	exon_3	3.0	703.0	1201.0	401.0			True	1	1	1	1.0	MEDIUM	GCA_903231385.1
Ovis nivicola	frameshift_induced_stop|ex6|codon678	frameshift_induced_stop	exon_6	6.0	362.0	2034.0	678.0			True	1	1	1	1.0	MEDIUM	GCA_903231385.1
Ovis nivicola	frameshift_induced_stop|ex6|codon878	frameshift_induced_stop	exon_6	6.0	960.0	2632.0	878.0			True	1	1	1	1.0	MEDIUM	GCA_903231385.1
Ovis nivicola	frameshift_insertion|ex1|pos40|len4	frameshift_insertion	exon_1	1.0	40.0	40.0	14.0	4.0		True	1	1	1	1.0	MEDIUM	GCA_903231385.1
Ovis nivicola	frameshift_insertion|ex2|pos298|len1	frameshift_insertion	exon_2	2.0	298.0	492.0	164.0	1.0		True	1	1	1	1.0	MEDIUM	GCA_903231385.1
Ovis nivicola	frameshift_insertion|ex6|pos338|len2	frameshift_insertion	exon_6	6.0	338.0	2010.0	670.0	2.0		True	1	1	1	1.0	MEDIUM	GCA_903231385.1
Ovis nivicola	inframe_deletion|ex6|pos89|len9	inframe_deletion	exon_6	6.0	89.0	1761.0	587.0	9.0		False	1	1	1	1.0	MEDIUM	GCA_903231385.1
Ovis nivicola	inframe_deletion|ex6|pos939|len21	inframe_deletion	exon_6	6.0	939.0	2611.0	871.0	21.0		False	1	1	1	1.0	MEDIUM	GCA_903231385.1
Ovis nivicola	potential_splice_acceptor_disruption|ex5|GA	potential_splice_acceptor_disruption	exon_5	5.0	1.0	1549.0	517.0		GA	True	1	1	1	1.0	MEDIUM	GCA_903231385.1
Ovis nivicola	potential_splice_donor_disruption|ex1|CC	potential_splice_donor_disruption	exon_1	1.0	194.0	194.0	65.0		CC	True	1	1	1	1.0	MEDIUM	GCA_903231385.1
Ovis nivicola	premature_stop|ex3|codon361	premature_stop	exon_3	3.0	583.0	1081.0	361.0			True	1	1	1	1.0	MEDIUM	GCA_903231385.1
Ovis nivicola	premature_stop|ex3|codon430	premature_stop	exon_3	3.0	790.0	1288.0	430.0			True	1	1	1	1.0	MEDIUM	GCA_903231385.1
Ovis nivicola	premature_stop|ex3|codon433	premature_stop	exon_3	3.0	799.0	1297.0	433.0			True	1	1	1	1.0	MEDIUM	GCA_903231385.1
Ovis nivicola	premature_stop|ex5|codon526	premature_stop	exon_5	5.0	28.0	1576.0	526.0			True	1	1	1	1.0	MEDIUM	GCA_903231385.1
Ovis nivicola	premature_stop|ex5|codon541	premature_stop	exon_5	5.0	73.0	1621.0	541.0			True	1	1	1	1.0	MEDIUM	GCA_903231385.1
Ovis nivicola	premature_stop|ex6|codon722	premature_stop	exon_6	6.0	492.0	2164.0	722.0			True	1	1	1	1.0	MEDIUM	GCA_903231385.1
Ovis orientalis	candidate_large_inframe_insertion|ex3|pos403|len150	candidate_large_inframe_insertion	exon_3	3.0	403.0	901.0	301.0	150.0		False	1	1	1	1.0	MEDIUM	GCA_014523465.1
Ovis orientalis	frameshift_deletion|ex1|pos120|len4	frameshift_deletion	exon_1	1.0	120.0	120.0	40.0	4.0		True	1	1	1	1.0	MEDIUM	GCA_014523465.1
Ovis orientalis	frameshift_deletion|ex1|pos162|len1	frameshift_deletion	exon_1	1.0	162.0	162.0	54.0	1.0		True	1	1	1	1.0	MEDIUM	GCA_014523465.1
Ovis orientalis	frameshift_deletion|ex2|pos219|len2	frameshift_deletion	exon_2	2.0	219.0	413.0	138.0	2.0		True	1	1	1	1.0	MEDIUM	GCA_014523465.1
Ovis orientalis	frameshift_deletion|ex3|pos167|len7	frameshift_deletion	exon_3	3.0	167.0	665.0	222.0	7.0		True	1	1	1	1.0	MEDIUM	GCA_014523465.1
Ovis orientalis	frameshift_deletion|ex3|pos661|len17	frameshift_deletion	exon_3	3.0	661.0	1159.0	387.0	17.0		True	1	1	1	1.0	MEDIUM	GCA_014523465.1
Ovis orientalis	frameshift_deletion|ex4|pos131|len1	frameshift_deletion	exon_4	4.0	131.0	1466.0	489.0	1.0		True	1	1	1	1.0	MEDIUM	GCA_014523465.1
Ovis orientalis	frameshift_deletion|ex6|pos737|len5	frameshift_deletion	exon_6	6.0	737.0	2409.0	803.0	5.0		True	1	1	1	1.0	MEDIUM	GCA_014523465.1
Ovis orientalis	frameshift_deletion|ex6|pos979|len1	frameshift_deletion	exon_6	6.0	979.0	2651.0	884.0	1.0		True	1	1	1	1.0	MEDIUM	GCA_014523465.1
Ovis orientalis	frameshift_induced_stop|ex1|codon26	frameshift_induced_stop	exon_1	1.0	76.0	76.0	26.0			True	1	1	1	1.0	MEDIUM	GCA_014523465.1
Ovis orientalis	frameshift_induced_stop|ex2|codon77	frameshift_induced_stop	exon_2	2.0	37.0	231.0	77.0			True	1	1	1	1.0	MEDIUM	GCA_014523465.1
Ovis orientalis	frameshift_induced_stop|ex3|codon178	frameshift_induced_stop	exon_3	3.0	34.0	532.0	178.0			True	1	1	1	1.0	MEDIUM	GCA_014523465.1
Ovis orientalis	frameshift_induced_stop|ex3|codon401	frameshift_induced_stop	exon_3	3.0	703.0	1201.0	401.0			True	1	1	1	1.0	MEDIUM	GCA_014523465.1
Ovis orientalis	frameshift_induced_stop|ex6|codon678	frameshift_induced_stop	exon_6	6.0	362.0	2034.0	678.0			True	1	1	1	1.0	MEDIUM	GCA_014523465.1
Ovis orientalis	frameshift_insertion|ex1|pos40|len4	frameshift_insertion	exon_1	1.0	40.0	40.0	14.0	4.0		True	1	1	1	1.0	MEDIUM	GCA_014523465.1
Ovis orientalis	frameshift_insertion|ex2|pos298|len1	frameshift_insertion	exon_2	2.0	298.0	492.0	164.0	1.0		True	1	1	1	1.0	MEDIUM	GCA_014523465.1
Ovis orientalis	frameshift_insertion|ex6|pos338|len2	frameshift_insertion	exon_6	6.0	338.0	2010.0	670.0	2.0		True	1	1	1	1.0	MEDIUM	GCA_014523465.1
Ovis orientalis	inframe_deletion|ex6|pos89|len9	inframe_deletion	exon_6	6.0	89.0	1761.0	587.0	9.0		False	1	1	1	1.0	MEDIUM	GCA_014523465.1
Ovis orientalis	inframe_deletion|ex6|pos939|len21	inframe_deletion	exon_6	6.0	939.0	2611.0	871.0	21.0		False	1	1	1	1.0	MEDIUM	GCA_014523465.1
Ovis orientalis	potential_splice_acceptor_disruption|ex5|GA	potential_splice_acceptor_disruption	exon_5	5.0	1.0	1549.0	517.0		GA	True	1	1	1	1.0	MEDIUM	GCA_014523465.1
Ovis orientalis	potential_splice_donor_disruption|ex1|CC	potential_splice_donor_disruption	exon_1	1.0	194.0	194.0	65.0		CC	True	1	1	1	1.0	MEDIUM	GCA_014523465.1
Ovis orientalis	premature_stop|ex3|codon361	premature_stop	exon_3	3.0	583.0	1081.0	361.0			True	1	1	1	1.0	MEDIUM	GCA_014523465.1
Ovis orientalis	premature_stop|ex3|codon430	premature_stop	exon_3	3.0	790.0	1288.0	430.0			True	1	1	1	1.0	MEDIUM	GCA_014523465.1
Ovis orientalis	premature_stop|ex3|codon433	premature_stop	exon_3	3.0	799.0	1297.0	433.0			True	1	1	1	1.0	MEDIUM	GCA_014523465.1
Ovis orientalis	premature_stop|ex5|codon526	premature_stop	exon_5	5.0	28.0	1576.0	526.0			True	1	1	1	1.0	MEDIUM	GCA_014523465.1
Ovis orientalis	premature_stop|ex5|codon541	premature_stop	exon_5	5.0	73.0	1621.0	541.0			True	1	1	1	1.0	MEDIUM	GCA_014523465.1
Ovis orientalis	premature_stop|ex6|codon722	premature_stop	exon_6	6.0	492.0	2164.0	722.0			True	1	1	1	1.0	MEDIUM	GCA_014523465.1
Ovis vignei	candidate_large_inframe_insertion|ex3|pos403|len150	candidate_large_inframe_insertion	exon_3	3.0	403.0	901.0	301.0	150.0		False	1	1	2	0.5	MEDIUM	GCA_050084595.1
Ovis vignei	candidate_large_inframe_insertion|ex3|pos407|len135	candidate_large_inframe_insertion	exon_3	3.0	407.0	905.0	302.0	135.0		False	1	1	2	0.5	MEDIUM	GCA_053525375.1
Ovis vignei	frameshift_deletion|ex1|pos119|len4	frameshift_deletion	exon_1	1.0	119.0	119.0	40.0	4.0		True	2	2	2	1.0	HIGH	GCA_050084595.1;GCA_053525375.1
Ovis vignei	frameshift_deletion|ex1|pos162|len1	frameshift_deletion	exon_1	1.0	162.0	162.0	54.0	1.0		True	2	2	2	1.0	HIGH	GCA_050084595.1;GCA_053525375.1
Ovis vignei	frameshift_deletion|ex3|pos167|len7	frameshift_deletion	exon_3	3.0	167.0	665.0	222.0	7.0		True	2	2	2	1.0	HIGH	GCA_050084595.1;GCA_053525375.1
Ovis vignei	frameshift_deletion|ex3|pos532|len2	frameshift_deletion	exon_3	3.0	532.0	1030.0	344.0	2.0		True	1	1	2	0.5	MEDIUM	GCA_053525375.1
Ovis vignei	frameshift_deletion|ex3|pos661|len17	frameshift_deletion	exon_3	3.0	661.0	1159.0	387.0	17.0		True	1	1	2	0.5	MEDIUM	GCA_050084595.1
Ovis vignei	frameshift_deletion|ex4|pos131|len1	frameshift_deletion	exon_4	4.0	131.0	1466.0	489.0	1.0		True	2	2	2	1.0	HIGH	GCA_050084595.1;GCA_053525375.1
Ovis vignei	frameshift_deletion|ex6|pos737|len5	frameshift_deletion	exon_6	6.0	737.0	2409.0	803.0	5.0		True	2	2	2	1.0	HIGH	GCA_050084595.1;GCA_053525375.1
Ovis vignei	frameshift_deletion|ex6|pos979|len1	frameshift_deletion	exon_6	6.0	979.0	2651.0	884.0	1.0		True	2	2	2	1.0	HIGH	GCA_050084595.1;GCA_053525375.1
Ovis vignei	frameshift_induced_stop|ex1|codon26	frameshift_induced_stop	exon_1	1.0	76.0	76.0	26.0			True	2	2	2	1.0	HIGH	GCA_050084595.1;GCA_053525375.1
Ovis vignei	frameshift_induced_stop|ex2|codon77	frameshift_induced_stop	exon_2	2.0	37.0	231.0	77.0			True	2	2	2	1.0	HIGH	GCA_050084595.1;GCA_053525375.1
Ovis vignei	frameshift_induced_stop|ex3|codon239	frameshift_induced_stop	exon_3	3.0	219.0	717.0	239.0			True	2	2	2	1.0	HIGH	GCA_050084595.1;GCA_053525375.1
Ovis vignei	frameshift_induced_stop|ex3|codon368	frameshift_induced_stop	exon_3	3.0	604.0	1102.0	368.0			True	1	1	2	0.5	MEDIUM	GCA_053525375.1
Ovis vignei	frameshift_induced_stop|ex4|codon496	frameshift_induced_stop	exon_4	4.0	153.0	1488.0	496.0			True	1	1	2	0.5	MEDIUM	GCA_050084595.1
Ovis vignei	frameshift_induced_stop|ex6|codon678	frameshift_induced_stop	exon_6	6.0	362.0	2034.0	678.0			True	1	1	2	0.5	MEDIUM	GCA_053525375.1
Ovis vignei	frameshift_induced_stop|ex6|codon691	frameshift_induced_stop	exon_6	6.0	399.0	2071.0	691.0			True	1	1	2	0.5	MEDIUM	GCA_050084595.1
Ovis vignei	frameshift_induced_stop|ex6|codon815	frameshift_induced_stop	exon_6	6.0	773.0	2445.0	815.0			True	1	1	2	0.5	MEDIUM	GCA_050084595.1
Ovis vignei	frameshift_induced_stop|ex6|codon918	frameshift_induced_stop	exon_6	6.0	1080.0	2752.0	918.0			True	1	1	2	0.5	MEDIUM	GCA_050084595.1
Ovis vignei	frameshift_insertion|ex1|pos40|len4	frameshift_insertion	exon_1	1.0	40.0	40.0	14.0	4.0		True	2	2	2	1.0	HIGH	GCA_050084595.1;GCA_053525375.1
Ovis vignei	frameshift_insertion|ex2|pos297|len1	frameshift_insertion	exon_2	2.0	297.0	491.0	164.0	1.0		True	2	2	2	1.0	HIGH	GCA_050084595.1;GCA_053525375.1
Ovis vignei	frameshift_insertion|ex3|pos591|len1	frameshift_insertion	exon_3	3.0	591.0	1089.0	363.0	1.0		True	1	1	2	0.5	MEDIUM	GCA_053525375.1
Ovis vignei	frameshift_insertion|ex6|pos338|len2	frameshift_insertion	exon_6	6.0	338.0	2010.0	670.0	2.0		True	2	2	2	1.0	HIGH	GCA_050084595.1;GCA_053525375.1
Ovis vignei	inframe_deletion|ex3|pos659|len6	inframe_deletion	exon_3	3.0	659.0	1157.0	386.0	6.0		False	1	1	2	0.5	MEDIUM	GCA_053525375.1
Ovis vignei	inframe_deletion|ex3|pos669|len3	inframe_deletion	exon_3	3.0	669.0	1167.0	389.0	3.0		False	1	1	2	0.5	MEDIUM	GCA_053525375.1
Ovis vignei	inframe_deletion|ex6|pos89|len9	inframe_deletion	exon_6	6.0	89.0	1761.0	587.0	9.0		False	2	2	2	1.0	HIGH	GCA_050084595.1;GCA_053525375.1
Ovis vignei	inframe_deletion|ex6|pos939|len21	inframe_deletion	exon_6	6.0	939.0	2611.0	871.0	21.0		False	2	2	2	1.0	HIGH	GCA_050084595.1;GCA_053525375.1
Ovis vignei	potential_splice_acceptor_disruption|ex5|GA	potential_splice_acceptor_disruption	exon_5	5.0	1.0	1549.0	517.0		GA	True	2	2	2	1.0	HIGH	GCA_050084595.1;GCA_053525375.1
Ovis vignei	potential_splice_donor_disruption|ex1|CC	potential_splice_donor_disruption	exon_1	1.0	194.0	194.0	65.0		CC	True	2	2	2	1.0	HIGH	GCA_050084595.1;GCA_053525375.1
Ovis vignei	premature_stop|ex3|codon361	premature_stop	exon_3	3.0	583.0	1081.0	361.0			True	2	2	2	1.0	HIGH	GCA_050084595.1;GCA_053525375.1
Ovis vignei	premature_stop|ex3|codon430	premature_stop	exon_3	3.0	790.0	1288.0	430.0			True	2	2	2	1.0	HIGH	GCA_050084595.1;GCA_053525375.1
Ovis vignei	premature_stop|ex3|codon433	premature_stop	exon_3	3.0	799.0	1297.0	433.0			True	2	2	2	1.0	HIGH	GCA_050084595.1;GCA_053525375.1
Ovis vignei	premature_stop|ex5|codon526	premature_stop	exon_5	5.0	28.0	1576.0	526.0			True	2	2	2	1.0	HIGH	GCA_050084595.1;GCA_053525375.1
Ovis vignei	premature_stop|ex5|codon541	premature_stop	exon_5	5.0	73.0	1621.0	541.0			True	2	2	2	1.0	HIGH	GCA_050084595.1;GCA_053525375.1
Ovis vignei	premature_stop|ex6|codon722	premature_stop	exon_6	6.0	492.0	2164.0	722.0			True	2	2	2	1.0	HIGH	GCA_050084595.1;GCA_053525375.1
Pantholops hodgsonii	candidate_large_inframe_insertion|ex3|pos407|len135	candidate_large_inframe_insertion	exon_3	3.0	407.0	905.0	302.0	135.0		False	3	3	3	1.0	HIGH	GCA_000400835.1;GCA_040182635.1;GCF_000400835.1
Pantholops hodgsonii	frameshift_deletion|ex1|pos119|len4	frameshift_deletion	exon_1	1.0	119.0	119.0	40.0	4.0		True	2	2	3	0.6666666666666666	HIGH	GCA_000400835.1;GCF_000400835.1
Pantholops hodgsonii	frameshift_deletion|ex1|pos120|len4	frameshift_deletion	exon_1	1.0	120.0	120.0	40.0	4.0		True	1	1	3	0.3333333333333333	LOW	GCA_040182635.1
Pantholops hodgsonii	frameshift_deletion|ex1|pos162|len1	frameshift_deletion	exon_1	1.0	162.0	162.0	54.0	1.0		True	3	3	3	1.0	HIGH	GCA_000400835.1;GCA_040182635.1;GCF_000400835.1
Pantholops hodgsonii	frameshift_deletion|ex3|pos167|len7	frameshift_deletion	exon_3	3.0	167.0	665.0	222.0	7.0		True	3	3	3	1.0	HIGH	GCA_000400835.1;GCA_040182635.1;GCF_000400835.1
Pantholops hodgsonii	frameshift_deletion|ex4|pos131|len1	frameshift_deletion	exon_4	4.0	131.0	1466.0	489.0	1.0		True	3	3	3	1.0	HIGH	GCA_000400835.1;GCA_040182635.1;GCF_000400835.1
Pantholops hodgsonii	frameshift_deletion|ex6|pos737|len5	frameshift_deletion	exon_6	6.0	737.0	2409.0	803.0	5.0		True	3	3	3	1.0	HIGH	GCA_000400835.1;GCA_040182635.1;GCF_000400835.1
Pantholops hodgsonii	frameshift_induced_stop|ex2|codon77	frameshift_induced_stop	exon_2	2.0	37.0	231.0	77.0			True	3	3	3	1.0	HIGH	GCA_000400835.1;GCA_040182635.1;GCF_000400835.1
Pantholops hodgsonii	frameshift_induced_stop|ex3|codon239	frameshift_induced_stop	exon_3	3.0	219.0	717.0	239.0			True	3	3	3	1.0	HIGH	GCA_000400835.1;GCA_040182635.1;GCF_000400835.1
Pantholops hodgsonii	frameshift_induced_stop|ex4|codon495	frameshift_induced_stop	exon_4	4.0	148.0	1483.0	495.0			True	3	3	3	1.0	HIGH	GCA_000400835.1;GCA_040182635.1;GCF_000400835.1
Pantholops hodgsonii	frameshift_induced_stop|ex6|codon824	frameshift_induced_stop	exon_6	6.0	798.0	2470.0	824.0			True	3	3	3	1.0	HIGH	GCA_000400835.1;GCA_040182635.1;GCF_000400835.1
Pantholops hodgsonii	frameshift_insertion|ex1|pos134|len1	frameshift_insertion	exon_1	1.0	134.0	134.0	45.0	1.0		True	3	3	3	1.0	HIGH	GCA_000400835.1;GCA_040182635.1;GCF_000400835.1
Pantholops hodgsonii	frameshift_insertion|ex2|pos298|len1	frameshift_insertion	exon_2	2.0	298.0	492.0	164.0	1.0		True	3	3	3	1.0	HIGH	GCA_000400835.1;GCA_040182635.1;GCF_000400835.1
Pantholops hodgsonii	frameshift_insertion|ex6|pos338|len2	frameshift_insertion	exon_6	6.0	338.0	2010.0	670.0	2.0		True	3	3	3	1.0	HIGH	GCA_000400835.1;GCA_040182635.1;GCF_000400835.1
Pantholops hodgsonii	inframe_deletion|ex3|pos658|len9	inframe_deletion	exon_3	3.0	658.0	1156.0	386.0	9.0		False	3	3	3	1.0	HIGH	GCA_000400835.1;GCA_040182635.1;GCF_000400835.1
Pantholops hodgsonii	inframe_deletion|ex6|pos89|len9	inframe_deletion	exon_6	6.0	89.0	1761.0	587.0	9.0		False	3	3	3	1.0	HIGH	GCA_000400835.1;GCA_040182635.1;GCF_000400835.1
Pantholops hodgsonii	inframe_deletion|ex6|pos939|len21	inframe_deletion	exon_6	6.0	939.0	2611.0	871.0	21.0		False	3	3	3	1.0	HIGH	GCA_000400835.1;GCA_040182635.1;GCF_000400835.1
Pantholops hodgsonii	potential_splice_acceptor_disruption|ex5|GA	potential_splice_acceptor_disruption	exon_5	5.0	1.0	1549.0	517.0		GA	True	3	3	3	1.0	HIGH	GCA_000400835.1;GCA_040182635.1;GCF_000400835.1
Pantholops hodgsonii	potential_splice_donor_disruption|ex1|CC	potential_splice_donor_disruption	exon_1	1.0	194.0	194.0	65.0		CC	True	3	3	3	1.0	HIGH	GCA_000400835.1;GCA_040182635.1;GCF_000400835.1
Pantholops hodgsonii	premature_stop|ex3|codon361	premature_stop	exon_3	3.0	583.0	1081.0	361.0			True	3	3	3	1.0	HIGH	GCA_000400835.1;GCA_040182635.1;GCF_000400835.1
Pantholops hodgsonii	premature_stop|ex3|codon430	premature_stop	exon_3	3.0	790.0	1288.0	430.0			True	3	3	3	1.0	HIGH	GCA_000400835.1;GCA_040182635.1;GCF_000400835.1
Pantholops hodgsonii	premature_stop|ex3|codon433	premature_stop	exon_3	3.0	799.0	1297.0	433.0			True	3	3	3	1.0	HIGH	GCA_000400835.1;GCA_040182635.1;GCF_000400835.1
Pantholops hodgsonii	premature_stop|ex5|codon526	premature_stop	exon_5	5.0	28.0	1576.0	526.0			True	3	3	3	1.0	HIGH	GCA_000400835.1;GCA_040182635.1;GCF_000400835.1
Pantholops hodgsonii	premature_stop|ex6|codon722	premature_stop	exon_6	6.0	492.0	2164.0	722.0			True	3	3	3	1.0	HIGH	GCA_000400835.1;GCA_040182635.1;GCF_000400835.1
Philantomba maxwellii	candidate_large_frameshift_insertion|ex4|pos38|len853	candidate_large_frameshift_insertion	exon_4	4.0	38.0	1373.0	458.0	853.0		True	1	1	1	1.0	MEDIUM	GCA_006410695.1
Philantomba maxwellii	candidate_large_inframe_insertion|ex3|pos407|len132	candidate_large_inframe_insertion	exon_3	3.0	407.0	905.0	302.0	132.0		False	1	1	1	1.0	MEDIUM	GCA_006410695.1
Philantomba maxwellii	frameshift_deletion|ex1|pos120|len4	frameshift_deletion	exon_1	1.0	120.0	120.0	40.0	4.0		True	1	1	1	1.0	MEDIUM	GCA_006410695.1
Philantomba maxwellii	frameshift_deletion|ex1|pos162|len1	frameshift_deletion	exon_1	1.0	162.0	162.0	54.0	1.0		True	1	1	1	1.0	MEDIUM	GCA_006410695.1
Philantomba maxwellii	frameshift_deletion|ex1|pos45|len1	frameshift_deletion	exon_1	1.0	45.0	45.0	15.0	1.0		True	1	1	1	1.0	MEDIUM	GCA_006410695.1
Philantomba maxwellii	frameshift_deletion|ex3|pos166|len7	frameshift_deletion	exon_3	3.0	166.0	664.0	222.0	7.0		True	1	1	1	1.0	MEDIUM	GCA_006410695.1
Philantomba maxwellii	frameshift_deletion|ex3|pos287|len2	frameshift_deletion	exon_3	3.0	287.0	785.0	262.0	2.0		True	1	1	1	1.0	MEDIUM	GCA_006410695.1
Philantomba maxwellii	frameshift_deletion|ex3|pos361|len2	frameshift_deletion	exon_3	3.0	361.0	859.0	287.0	2.0		True	1	1	1	1.0	MEDIUM	GCA_006410695.1
Philantomba maxwellii	frameshift_deletion|ex3|pos602|len1	frameshift_deletion	exon_3	3.0	602.0	1100.0	367.0	1.0		True	1	1	1	1.0	MEDIUM	GCA_006410695.1
Philantomba maxwellii	frameshift_deletion|ex3|pos606|len1	frameshift_deletion	exon_3	3.0	606.0	1104.0	368.0	1.0		True	1	1	1	1.0	MEDIUM	GCA_006410695.1
Philantomba maxwellii	frameshift_deletion|ex4|pos131|len1	frameshift_deletion	exon_4	4.0	131.0	1466.0	489.0	1.0		True	1	1	1	1.0	MEDIUM	GCA_006410695.1
Philantomba maxwellii	frameshift_deletion|ex6|pos277|len1	frameshift_deletion	exon_6	6.0	277.0	1949.0	650.0	1.0		True	1	1	1	1.0	MEDIUM	GCA_006410695.1
Philantomba maxwellii	frameshift_deletion|ex6|pos737|len5	frameshift_deletion	exon_6	6.0	737.0	2409.0	803.0	5.0		True	1	1	1	1.0	MEDIUM	GCA_006410695.1
Philantomba maxwellii	frameshift_induced_stop|ex1|codon37	frameshift_induced_stop	exon_1	1.0	111.0	111.0	37.0			True	1	1	1	1.0	MEDIUM	GCA_006410695.1
Philantomba maxwellii	frameshift_induced_stop|ex1|codon46	frameshift_induced_stop	exon_1	1.0	136.0	136.0	46.0			True	1	1	1	1.0	MEDIUM	GCA_006410695.1
Philantomba maxwellii	frameshift_induced_stop|ex2|codon82	frameshift_induced_stop	exon_2	2.0	50.0	244.0	82.0			True	1	1	1	1.0	MEDIUM	GCA_006410695.1
Philantomba maxwellii	frameshift_induced_stop|ex3|codon270	frameshift_induced_stop	exon_3	3.0	310.0	808.0	270.0			True	1	1	1	1.0	MEDIUM	GCA_006410695.1
Philantomba maxwellii	frameshift_induced_stop|ex3|codon295	frameshift_induced_stop	exon_3	3.0	387.0	885.0	295.0			True	1	1	1	1.0	MEDIUM	GCA_006410695.1
Philantomba maxwellii	frameshift_induced_stop|ex3|codon368	frameshift_induced_stop	exon_3	3.0	604.0	1102.0	368.0			True	1	1	1	1.0	MEDIUM	GCA_006410695.1
Philantomba maxwellii	frameshift_induced_stop|ex6|codon691	frameshift_induced_stop	exon_6	6.0	399.0	2071.0	691.0			True	1	1	1	1.0	MEDIUM	GCA_006410695.1
Philantomba maxwellii	frameshift_insertion|ex2|pos40|len1	frameshift_insertion	exon_2	2.0	40.0	234.0	78.0	1.0		True	1	1	1	1.0	MEDIUM	GCA_006410695.1
Philantomba maxwellii	frameshift_insertion|ex6|pos29|len1	frameshift_insertion	exon_6	6.0	29.0	1701.0	567.0	1.0		True	1	1	1	1.0	MEDIUM	GCA_006410695.1
Philantomba maxwellii	frameshift_insertion|ex6|pos338|len2	frameshift_insertion	exon_6	6.0	338.0	2010.0	670.0	2.0		True	1	1	1	1.0	MEDIUM	GCA_006410695.1
Philantomba maxwellii	inframe_deletion|ex3|pos658|len9	inframe_deletion	exon_3	3.0	658.0	1156.0	386.0	9.0		False	1	1	1	1.0	MEDIUM	GCA_006410695.1
Philantomba maxwellii	inframe_deletion|ex6|pos89|len9	inframe_deletion	exon_6	6.0	89.0	1761.0	587.0	9.0		False	1	1	1	1.0	MEDIUM	GCA_006410695.1
Philantomba maxwellii	inframe_deletion|ex6|pos939|len21	inframe_deletion	exon_6	6.0	939.0	2611.0	871.0	21.0		False	1	1	1	1.0	MEDIUM	GCA_006410695.1
Philantomba maxwellii	inframe_insertion|ex6|pos203|len9	inframe_insertion	exon_6	6.0	203.0	1875.0	625.0	9.0		False	1	1	1	1.0	MEDIUM	GCA_006410695.1
Philantomba maxwellii	potential_splice_acceptor_disruption|ex2|AA	potential_splice_acceptor_disruption	exon_2	2.0	1.0	195.0	65.0		AA	True	1	1	1	1.0	MEDIUM	GCA_006410695.1
Philantomba maxwellii	potential_splice_donor_disruption|ex1|AG	potential_splice_donor_disruption	exon_1	1.0	194.0	194.0	65.0		AG	True	1	1	1	1.0	MEDIUM	GCA_006410695.1
Philantomba maxwellii	premature_stop|ex3|codon361	premature_stop	exon_3	3.0	583.0	1081.0	361.0			True	1	1	1	1.0	MEDIUM	GCA_006410695.1
Philantomba maxwellii	premature_stop|ex3|codon430	premature_stop	exon_3	3.0	790.0	1288.0	430.0			True	1	1	1	1.0	MEDIUM	GCA_006410695.1
Philantomba maxwellii	premature_stop|ex3|codon433	premature_stop	exon_3	3.0	799.0	1297.0	433.0			True	1	1	1	1.0	MEDIUM	GCA_006410695.1
Philantomba maxwellii	premature_stop|ex6|codon722	premature_stop	exon_6	6.0	492.0	2164.0	722.0			True	1	1	1	1.0	MEDIUM	GCA_006410695.1
Procapra przewalskii	frameshift_deletion|ex1|pos120|len4	frameshift_deletion	exon_1	1.0	120.0	120.0	40.0	4.0		True	1	1	1	1.0	MEDIUM	GCA_006410515.1
Procapra przewalskii	frameshift_deletion|ex1|pos162|len1	frameshift_deletion	exon_1	1.0	162.0	162.0	54.0	1.0		True	1	1	1	1.0	MEDIUM	GCA_006410515.1
Procapra przewalskii	frameshift_deletion|ex3|pos167|len7	frameshift_deletion	exon_3	3.0	167.0	665.0	222.0	7.0		True	1	1	1	1.0	MEDIUM	GCA_006410515.1
Procapra przewalskii	frameshift_deletion|ex3|pos278|len4	frameshift_deletion	exon_3	3.0	278.0	776.0	259.0	4.0		True	1	1	1	1.0	MEDIUM	GCA_006410515.1
Procapra przewalskii	frameshift_deletion|ex3|pos59|len1	frameshift_deletion	exon_3	3.0	59.0	557.0	186.0	1.0		True	1	1	1	1.0	MEDIUM	GCA_006410515.1
Procapra przewalskii	frameshift_deletion|ex4|pos131|len1	frameshift_deletion	exon_4	4.0	131.0	1466.0	489.0	1.0		True	1	1	1	1.0	MEDIUM	GCA_006410515.1
Procapra przewalskii	frameshift_deletion|ex6|pos459|len14	frameshift_deletion	exon_6	6.0	459.0	2131.0	711.0	14.0		True	1	1	1	1.0	MEDIUM	GCA_006410515.1
Procapra przewalskii	frameshift_deletion|ex6|pos737|len5	frameshift_deletion	exon_6	6.0	737.0	2409.0	803.0	5.0		True	1	1	1	1.0	MEDIUM	GCA_006410515.1
Procapra przewalskii	frameshift_induced_stop|ex2|codon67	frameshift_induced_stop	exon_2	2.0	5.0	199.0	67.0			True	1	1	1	1.0	MEDIUM	GCA_006410515.1
Procapra przewalskii	frameshift_induced_stop|ex3|codon239	frameshift_induced_stop	exon_3	3.0	219.0	717.0	239.0			True	1	1	1	1.0	MEDIUM	GCA_006410515.1
Procapra przewalskii	frameshift_induced_stop|ex3|codon263	frameshift_induced_stop	exon_3	3.0	289.0	787.0	263.0			True	1	1	1	1.0	MEDIUM	GCA_006410515.1
Procapra przewalskii	frameshift_induced_stop|ex6|codon743	frameshift_induced_stop	exon_6	6.0	555.0	2227.0	743.0			True	1	1	1	1.0	MEDIUM	GCA_006410515.1
Procapra przewalskii	frameshift_induced_stop|ex6|codon821	frameshift_induced_stop	exon_6	6.0	791.0	2463.0	821.0			True	1	1	1	1.0	MEDIUM	GCA_006410515.1
Procapra przewalskii	inframe_deletion|ex3|pos658|len9	inframe_deletion	exon_3	3.0	658.0	1156.0	386.0	9.0		False	1	1	1	1.0	MEDIUM	GCA_006410515.1
Procapra przewalskii	inframe_deletion|ex6|pos89|len9	inframe_deletion	exon_6	6.0	89.0	1761.0	587.0	9.0		False	1	1	1	1.0	MEDIUM	GCA_006410515.1
Procapra przewalskii	inframe_deletion|ex6|pos939|len21	inframe_deletion	exon_6	6.0	939.0	2611.0	871.0	21.0		False	1	1	1	1.0	MEDIUM	GCA_006410515.1
Procapra przewalskii	potential_splice_acceptor_disruption|ex5|GA	potential_splice_acceptor_disruption	exon_5	5.0	1.0	1549.0	517.0		GA	True	1	1	1	1.0	MEDIUM	GCA_006410515.1
Procapra przewalskii	premature_stop|ex3|codon303	premature_stop	exon_3	3.0	409.0	907.0	303.0			True	1	1	1	1.0	MEDIUM	GCA_006410515.1
Procapra przewalskii	premature_stop|ex3|codon361	premature_stop	exon_3	3.0	583.0	1081.0	361.0			True	1	1	1	1.0	MEDIUM	GCA_006410515.1
Procapra przewalskii	premature_stop|ex3|codon430	premature_stop	exon_3	3.0	790.0	1288.0	430.0			True	1	1	1	1.0	MEDIUM	GCA_006410515.1
Procapra przewalskii	premature_stop|ex3|codon433	premature_stop	exon_3	3.0	799.0	1297.0	433.0			True	1	1	1	1.0	MEDIUM	GCA_006410515.1
Procapra przewalskii	premature_stop|ex5|codon526	premature_stop	exon_5	5.0	28.0	1576.0	526.0			True	1	1	1	1.0	MEDIUM	GCA_006410515.1
Procapra przewalskii	premature_stop|ex6|codon722	premature_stop	exon_6	6.0	492.0	2164.0	722.0			True	1	1	1	1.0	MEDIUM	GCA_006410515.1
Procapra przewalskii	premature_stop|ex6|codon825	premature_stop	exon_6	6.0	801.0	2473.0	825.0			True	1	1	1	1.0	MEDIUM	GCA_006410515.1
Pseudois nayaur	candidate_large_inframe_insertion|ex3|pos407|len156	candidate_large_inframe_insertion	exon_3	3.0	407.0	905.0	302.0	156.0		False	1	1	1	1.0	MEDIUM	GCA_003182575.1
Pseudois nayaur	candidate_large_inframe_insertion|ex4|pos38|len714	candidate_large_inframe_insertion	exon_4	4.0	38.0	1373.0	458.0	714.0		False	1	1	1	1.0	MEDIUM	GCA_003182575.1
Pseudois nayaur	frameshift_deletion|ex1|pos119|len4	frameshift_deletion	exon_1	1.0	119.0	119.0	40.0	4.0		True	1	1	1	1.0	MEDIUM	GCA_003182575.1
Pseudois nayaur	frameshift_deletion|ex1|pos162|len1	frameshift_deletion	exon_1	1.0	162.0	162.0	54.0	1.0		True	1	1	1	1.0	MEDIUM	GCA_003182575.1
Pseudois nayaur	frameshift_deletion|ex3|pos167|len7	frameshift_deletion	exon_3	3.0	167.0	665.0	222.0	7.0		True	1	1	1	1.0	MEDIUM	GCA_003182575.1
Pseudois nayaur	frameshift_deletion|ex3|pos30|len1	frameshift_deletion	exon_3	3.0	30.0	528.0	176.0	1.0		True	1	1	1	1.0	MEDIUM	GCA_003182575.1
Pseudois nayaur	frameshift_deletion|ex3|pos661|len17	frameshift_deletion	exon_3	3.0	661.0	1159.0	387.0	17.0		True	1	1	1	1.0	MEDIUM	GCA_003182575.1
Pseudois nayaur	frameshift_deletion|ex4|pos131|len1	frameshift_deletion	exon_4	4.0	131.0	1466.0	489.0	1.0		True	1	1	1	1.0	MEDIUM	GCA_003182575.1
Pseudois nayaur	frameshift_deletion|ex6|pos627|len1	frameshift_deletion	exon_6	6.0	627.0	2299.0	767.0	1.0		True	1	1	1	1.0	MEDIUM	GCA_003182575.1
Pseudois nayaur	frameshift_deletion|ex6|pos737|len5	frameshift_deletion	exon_6	6.0	737.0	2409.0	803.0	5.0		True	1	1	1	1.0	MEDIUM	GCA_003182575.1
Pseudois nayaur	frameshift_induced_stop|ex2|codon77	frameshift_induced_stop	exon_2	2.0	37.0	231.0	77.0			True	1	1	1	1.0	MEDIUM	GCA_003182575.1
Pseudois nayaur	frameshift_induced_stop|ex3|codon202	frameshift_induced_stop	exon_3	3.0	108.0	606.0	202.0			True	1	1	1	1.0	MEDIUM	GCA_003182575.1
Pseudois nayaur	frameshift_induced_stop|ex3|codon236	frameshift_induced_stop	exon_3	3.0	208.0	706.0	236.0			True	1	1	1	1.0	MEDIUM	GCA_003182575.1
Pseudois nayaur	frameshift_induced_stop|ex3|codon398	frameshift_induced_stop	exon_3	3.0	696.0	1194.0	398.0			True	1	1	1	1.0	MEDIUM	GCA_003182575.1
Pseudois nayaur	frameshift_induced_stop|ex4|codon495	frameshift_induced_stop	exon_4	4.0	148.0	1483.0	495.0			True	1	1	1	1.0	MEDIUM	GCA_003182575.1
Pseudois nayaur	frameshift_induced_stop|ex6|codon786	frameshift_induced_stop	exon_6	6.0	686.0	2358.0	786.0			True	1	1	1	1.0	MEDIUM	GCA_003182575.1
Pseudois nayaur	frameshift_insertion|ex1|pos136|len1	frameshift_insertion	exon_1	1.0	136.0	136.0	46.0	1.0		True	1	1	1	1.0	MEDIUM	GCA_003182575.1
Pseudois nayaur	frameshift_insertion|ex2|pos297|len1	frameshift_insertion	exon_2	2.0	297.0	491.0	164.0	1.0		True	1	1	1	1.0	MEDIUM	GCA_003182575.1
Pseudois nayaur	frameshift_insertion|ex6|pos338|len2	frameshift_insertion	exon_6	6.0	338.0	2010.0	670.0	2.0		True	1	1	1	1.0	MEDIUM	GCA_003182575.1
Pseudois nayaur	inframe_deletion|ex6|pos89|len9	inframe_deletion	exon_6	6.0	89.0	1761.0	587.0	9.0		False	1	1	1	1.0	MEDIUM	GCA_003182575.1
Pseudois nayaur	inframe_deletion|ex6|pos939|len21	inframe_deletion	exon_6	6.0	939.0	2611.0	871.0	21.0		False	1	1	1	1.0	MEDIUM	GCA_003182575.1
Pseudois nayaur	potential_splice_acceptor_disruption|ex5|GA	potential_splice_acceptor_disruption	exon_5	5.0	1.0	1549.0	517.0		GA	True	1	1	1	1.0	MEDIUM	GCA_003182575.1
Pseudois nayaur	premature_stop|ex3|codon430	premature_stop	exon_3	3.0	790.0	1288.0	430.0			True	1	1	1	1.0	MEDIUM	GCA_003182575.1
Pseudois nayaur	premature_stop|ex3|codon433	premature_stop	exon_3	3.0	799.0	1297.0	433.0			True	1	1	1	1.0	MEDIUM	GCA_003182575.1
Pseudois nayaur	premature_stop|ex5|codon526	premature_stop	exon_5	5.0	28.0	1576.0	526.0			True	1	1	1	1.0	MEDIUM	GCA_003182575.1
Pseudois nayaur	premature_stop|ex6|codon722	premature_stop	exon_6	6.0	492.0	2164.0	722.0			True	1	1	1	1.0	MEDIUM	GCA_003182575.1
Pseudois nayaur	premature_stop|ex6|codon797	premature_stop	exon_6	6.0	717.0	2389.0	797.0			True	1	1	1	1.0	MEDIUM	GCA_003182575.1
Pseudoryx nghetinhensis	candidate_large_frameshift_insertion|ex4|pos35|len719	candidate_large_frameshift_insertion	exon_4	4.0	35.0	1370.0	457.0	719.0		True	1	1	1	1.0	MEDIUM	GCA_050436925.1
Pseudoryx nghetinhensis	exon_unresolved|ex1	exon_unresolved	exon_1	1.0	1.0	1.0	1.0	194.0		False	1	0	0		LOW	
Pseudoryx nghetinhensis	exon_unresolved|ex2	exon_unresolved	exon_2	2.0	1.0	195.0	65.0	304.0		False	1	0	0		LOW	
Pseudoryx nghetinhensis	frameshift_deletion|ex3|pos167|len7	frameshift_deletion	exon_3	3.0	167.0	665.0	222.0	7.0		True	1	1	1	1.0	MEDIUM	GCA_050436925.1
Pseudoryx nghetinhensis	frameshift_deletion|ex4|pos131|len1	frameshift_deletion	exon_4	4.0	131.0	1466.0	489.0	1.0		True	1	1	1	1.0	MEDIUM	GCA_050436925.1
Pseudoryx nghetinhensis	frameshift_deletion|ex6|pos472|len1	frameshift_deletion	exon_6	6.0	472.0	2144.0	715.0	1.0		True	1	1	1	1.0	MEDIUM	GCA_050436925.1
Pseudoryx nghetinhensis	frameshift_deletion|ex6|pos737|len5	frameshift_deletion	exon_6	6.0	737.0	2409.0	803.0	5.0		True	1	1	1	1.0	MEDIUM	GCA_050436925.1
Pseudoryx nghetinhensis	frameshift_deletion|ex6|pos882|len1	frameshift_deletion	exon_6	6.0	882.0	2554.0	852.0	1.0		True	1	1	1	1.0	MEDIUM	GCA_050436925.1
Pseudoryx nghetinhensis	frameshift_induced_stop|ex3|codon266	frameshift_induced_stop	exon_3	3.0	300.0	798.0	266.0			True	1	1	1	1.0	MEDIUM	GCA_050436925.1
Pseudoryx nghetinhensis	frameshift_induced_stop|ex4|codon470	frameshift_induced_stop	exon_4	4.0	75.0	1410.0	470.0			True	1	1	1	1.0	MEDIUM	GCA_050436925.1
Pseudoryx nghetinhensis	frameshift_induced_stop|ex6|codon722	frameshift_induced_stop	exon_6	6.0	493.0	2165.0	722.0			True	1	1	1	1.0	MEDIUM	GCA_050436925.1
Pseudoryx nghetinhensis	frameshift_insertion|ex6|pos1021|len1	frameshift_insertion	exon_6	6.0	1021.0	2693.0	898.0	1.0		True	1	1	1	1.0	MEDIUM	GCA_050436925.1
Pseudoryx nghetinhensis	inframe_deletion|ex3|pos658|len9	inframe_deletion	exon_3	3.0	658.0	1156.0	386.0	9.0		False	1	1	1	1.0	MEDIUM	GCA_050436925.1
Pseudoryx nghetinhensis	inframe_deletion|ex6|pos89|len9	inframe_deletion	exon_6	6.0	89.0	1761.0	587.0	9.0		False	1	1	1	1.0	MEDIUM	GCA_050436925.1
Pseudoryx nghetinhensis	inframe_deletion|ex6|pos935|len21	inframe_deletion	exon_6	6.0	935.0	2607.0	869.0	21.0		False	1	1	1	1.0	MEDIUM	GCA_050436925.1
Pseudoryx nghetinhensis	potential_splice_acceptor_disruption|ex5|GA	potential_splice_acceptor_disruption	exon_5	5.0	1.0	1549.0	517.0		GA	True	1	1	1	1.0	MEDIUM	GCA_050436925.1
Pseudoryx nghetinhensis	potential_splice_donor_disruption|ex3|AC	potential_splice_donor_disruption	exon_3	3.0	837.0	1335.0	445.0		AC	True	1	1	1	1.0	MEDIUM	GCA_050436925.1
Pseudoryx nghetinhensis	premature_stop|ex3|codon303	premature_stop	exon_3	3.0	409.0	907.0	303.0			True	1	1	1	1.0	MEDIUM	GCA_050436925.1
Pseudoryx nghetinhensis	premature_stop|ex3|codon430	premature_stop	exon_3	3.0	790.0	1288.0	430.0			True	1	1	1	1.0	MEDIUM	GCA_050436925.1
Pseudoryx nghetinhensis	premature_stop|ex3|codon433	premature_stop	exon_3	3.0	799.0	1297.0	433.0			True	1	1	1	1.0	MEDIUM	GCA_050436925.1
Pseudoryx nghetinhensis	premature_stop|ex6|codon722	premature_stop	exon_6	6.0	492.0	2164.0	722.0			True	1	1	1	1.0	MEDIUM	GCA_050436925.1
Pseudoryx nghetinhensis	premature_stop|ex6|codon797	premature_stop	exon_6	6.0	717.0	2389.0	797.0			True	1	1	1	1.0	MEDIUM	GCA_050436925.1
Pseudoryx nghetinhensis	premature_stop|ex6|codon924	premature_stop	exon_6	6.0	1098.0	2770.0	924.0			True	1	1	1	1.0	MEDIUM	GCA_050436925.1
Rangifer tarandus	candidate_large_frameshift_insertion|ex3|pos195|len251	candidate_large_frameshift_insertion	exon_3	3.0	195.0	693.0	231.0	251.0		True	9	9	9	1.0	HIGH	GCA_004026565.1;GCA_014898785.1;GCA_019903745.2;GCA_022457185.1;GCA_902712895.1;GCA_949782905.1;GCA_951394145.2;GCA_963422255.1;GCA_965153185.1
Rangifer tarandus	candidate_large_inframe_insertion|ex2|pos237|len801	candidate_large_inframe_insertion	exon_2	2.0	237.0	431.0	144.0	801.0		False	3	3	8	0.375	LOW	GCA_004026565.1;GCA_902712895.1;GCA_963422255.1
Rangifer tarandus	candidate_large_inframe_insertion|ex2|pos237|len810	candidate_large_inframe_insertion	exon_2	2.0	237.0	431.0	144.0	810.0		False	5	5	8	0.625	HIGH	GCA_014898785.1;GCA_019903745.2;GCA_949782905.1;GCA_951394145.2;GCA_965153185.1
Rangifer tarandus	exon_unresolved|ex1	exon_unresolved	exon_1	1.0	1.0	1.0	1.0	194.0		False	1	0	8	0.0	LOW	
Rangifer tarandus	frameshift_deletion|ex2|pos152|len2	frameshift_deletion	exon_2	2.0	152.0	346.0	116.0	2.0		True	8	8	8	1.0	HIGH	GCA_004026565.1;GCA_014898785.1;GCA_019903745.2;GCA_902712895.1;GCA_949782905.1;GCA_951394145.2;GCA_963422255.1;GCA_965153185.1
Rangifer tarandus	frameshift_deletion|ex2|pos265|len1	frameshift_deletion	exon_2	2.0	265.0	459.0	153.0	1.0		True	9	8	8	1.0	HIGH	GCA_004026565.1;GCA_014898785.1;GCA_019903745.2;GCA_902712895.1;GCA_949782905.1;GCA_951394145.2;GCA_963422255.1;GCA_965153185.1
Rangifer tarandus	frameshift_deletion|ex2|pos26|len1	frameshift_deletion	exon_2	2.0	26.0	220.0	74.0	1.0		True	8	8	8	1.0	HIGH	GCA_004026565.1;GCA_014898785.1;GCA_019903745.2;GCA_902712895.1;GCA_949782905.1;GCA_951394145.2;GCA_963422255.1;GCA_965153185.1
Rangifer tarandus	frameshift_deletion|ex2|pos33|len5	frameshift_deletion	exon_2	2.0	33.0	227.0	76.0	5.0		True	8	8	8	1.0	HIGH	GCA_004026565.1;GCA_014898785.1;GCA_019903745.2;GCA_902712895.1;GCA_949782905.1;GCA_951394145.2;GCA_963422255.1;GCA_965153185.1
Rangifer tarandus	frameshift_deletion|ex4|pos131|len1	frameshift_deletion	exon_4	4.0	131.0	1466.0	489.0	1.0		True	9	9	9	1.0	HIGH	GCA_004026565.1;GCA_014898785.1;GCA_019903745.2;GCA_022457185.1;GCA_902712895.1;GCA_949782905.1;GCA_951394145.2;GCA_963422255.1;GCA_965153185.1
Rangifer tarandus	frameshift_deletion|ex6|pos340|len2	frameshift_deletion	exon_6	6.0	340.0	2012.0	671.0	2.0		True	8	8	9	0.8888888888888888	HIGH	GCA_014898785.1;GCA_019903745.2;GCA_022457185.1;GCA_902712895.1;GCA_949782905.1;GCA_951394145.2;GCA_963422255.1;GCA_965153185.1
Rangifer tarandus	frameshift_deletion|ex6|pos344|len2	frameshift_deletion	exon_6	6.0	344.0	2016.0	672.0	2.0		True	1	1	9	0.1111111111111111	LOW	GCA_004026565.1
Rangifer tarandus	frameshift_deletion|ex6|pos484|len23	frameshift_deletion	exon_6	6.0	484.0	2156.0	719.0	23.0		True	8	8	9	0.8888888888888888	HIGH	GCA_014898785.1;GCA_019903745.2;GCA_022457185.1;GCA_902712895.1;GCA_949782905.1;GCA_951394145.2;GCA_963422255.1;GCA_965153185.1
Rangifer tarandus	frameshift_deletion|ex6|pos488|len23	frameshift_deletion	exon_6	6.0	488.0	2160.0	720.0	23.0		True	1	1	9	0.1111111111111111	LOW	GCA_004026565.1
Rangifer tarandus	frameshift_deletion|ex6|pos737|len5	frameshift_deletion	exon_6	6.0	737.0	2409.0	803.0	5.0		True	9	9	9	1.0	HIGH	GCA_004026565.1;GCA_014898785.1;GCA_019903745.2;GCA_022457185.1;GCA_902712895.1;GCA_949782905.1;GCA_951394145.2;GCA_963422255.1;GCA_965153185.1
Rangifer tarandus	frameshift_deletion|ex6|pos82|len1	frameshift_deletion	exon_6	6.0	82.0	1754.0	585.0	1.0		True	9	9	9	1.0	HIGH	GCA_004026565.1;GCA_014898785.1;GCA_019903745.2;GCA_022457185.1;GCA_902712895.1;GCA_949782905.1;GCA_951394145.2;GCA_963422255.1;GCA_965153185.1
Rangifer tarandus	frameshift_induced_stop|ex2|codon119	frameshift_induced_stop	exon_2	2.0	161.0	355.0	119.0			True	8	8	8	1.0	HIGH	GCA_004026565.1;GCA_014898785.1;GCA_019903745.2;GCA_902712895.1;GCA_949782905.1;GCA_951394145.2;GCA_963422255.1;GCA_965153185.1
Rangifer tarandus	frameshift_induced_stop|ex2|codon159	frameshift_induced_stop	exon_2	2.0	283.0	477.0	159.0			True	1	1	8	0.125	LOW	GCA_022457185.1
Rangifer tarandus	frameshift_induced_stop|ex3|codon239	frameshift_induced_stop	exon_3	3.0	219.0	717.0	239.0			True	1	1	9	0.1111111111111111	LOW	GCA_022457185.1
Rangifer tarandus	frameshift_induced_stop|ex3|codon374	frameshift_induced_stop	exon_3	3.0	623.0	1121.0	374.0			True	8	8	9	0.8888888888888888	HIGH	GCA_004026565.1;GCA_014898785.1;GCA_019903745.2;GCA_902712895.1;GCA_949782905.1;GCA_951394145.2;GCA_963422255.1;GCA_965153185.1
Rangifer tarandus	frameshift_induced_stop|ex4|codon496	frameshift_induced_stop	exon_4	4.0	153.0	1488.0	496.0			True	8	8	9	0.8888888888888888	HIGH	GCA_004026565.1;GCA_014898785.1;GCA_019903745.2;GCA_902712895.1;GCA_949782905.1;GCA_951394145.2;GCA_963422255.1;GCA_965153185.1
Rangifer tarandus	frameshift_induced_stop|ex6|codon678	frameshift_induced_stop	exon_6	6.0	362.0	2034.0	678.0			True	7	7	9	0.7777777777777778	HIGH	GCA_014898785.1;GCA_019903745.2;GCA_902712895.1;GCA_949782905.1;GCA_951394145.2;GCA_963422255.1;GCA_965153185.1
Rangifer tarandus	frameshift_induced_stop|ex6|codon682	frameshift_induced_stop	exon_6	6.0	374.0	2046.0	682.0			True	1	1	9	0.1111111111111111	LOW	GCA_004026565.1
Rangifer tarandus	frameshift_induced_stop|ex6|codon786	frameshift_induced_stop	exon_6	6.0	686.0	2358.0	786.0			True	1	1	9	0.1111111111111111	LOW	GCA_022457185.1
Rangifer tarandus	frameshift_induced_stop|ex6|codon922	frameshift_induced_stop	exon_6	6.0	1093.0	2765.0	922.0			True	1	1	9	0.1111111111111111	LOW	GCA_022457185.1
Rangifer tarandus	gene_unresolved_no_hit|ex0|pos0	gene_unresolved_no_hit								False	1	0	9	0.0	LOW	
Rangifer tarandus	inframe_deletion|ex3|pos166|len9	inframe_deletion	exon_3	3.0	166.0	664.0	222.0	9.0		False	9	9	9	1.0	HIGH	GCA_004026565.1;GCA_014898785.1;GCA_019903745.2;GCA_022457185.1;GCA_902712895.1;GCA_949782905.1;GCA_951394145.2;GCA_963422255.1;GCA_965153185.1
Rangifer tarandus	inframe_deletion|ex3|pos659|len6	inframe_deletion	exon_3	3.0	659.0	1157.0	386.0	6.0		False	9	9	9	1.0	HIGH	GCA_004026565.1;GCA_014898785.1;GCA_019903745.2;GCA_022457185.1;GCA_902712895.1;GCA_949782905.1;GCA_951394145.2;GCA_963422255.1;GCA_965153185.1
Rangifer tarandus	inframe_deletion|ex3|pos667|len3	inframe_deletion	exon_3	3.0	667.0	1165.0	389.0	3.0		False	9	9	9	1.0	HIGH	GCA_004026565.1;GCA_014898785.1;GCA_019903745.2;GCA_022457185.1;GCA_902712895.1;GCA_949782905.1;GCA_951394145.2;GCA_963422255.1;GCA_965153185.1
Rangifer tarandus	inframe_deletion|ex6|pos360|len12	inframe_deletion	exon_6	6.0	360.0	2032.0	678.0	12.0		False	1	1	9	0.1111111111111111	LOW	GCA_004026565.1
Rangifer tarandus	inframe_deletion|ex6|pos464|len3	inframe_deletion	exon_6	6.0	464.0	2136.0	712.0	3.0		False	8	8	9	0.8888888888888888	HIGH	GCA_014898785.1;GCA_019903745.2;GCA_022457185.1;GCA_902712895.1;GCA_949782905.1;GCA_951394145.2;GCA_963422255.1;GCA_965153185.1
Rangifer tarandus	inframe_deletion|ex6|pos466|len3	inframe_deletion	exon_6	6.0	466.0	2138.0	713.0	3.0		False	1	1	9	0.1111111111111111	LOW	GCA_004026565.1
Rangifer tarandus	inframe_deletion|ex6|pos474|len3	inframe_deletion	exon_6	6.0	474.0	2146.0	716.0	3.0		False	8	8	9	0.8888888888888888	HIGH	GCA_014898785.1;GCA_019903745.2;GCA_022457185.1;GCA_902712895.1;GCA_949782905.1;GCA_951394145.2;GCA_963422255.1;GCA_965153185.1
Rangifer tarandus	inframe_deletion|ex6|pos476|len3	inframe_deletion	exon_6	6.0	476.0	2148.0	716.0	3.0		False	1	1	9	0.1111111111111111	LOW	GCA_004026565.1
Rangifer tarandus	inframe_deletion|ex6|pos935|len21	inframe_deletion	exon_6	6.0	935.0	2607.0	869.0	21.0		False	9	9	9	1.0	HIGH	GCA_004026565.1;GCA_014898785.1;GCA_019903745.2;GCA_022457185.1;GCA_902712895.1;GCA_949782905.1;GCA_951394145.2;GCA_963422255.1;GCA_965153185.1
Rangifer tarandus	inframe_insertion|ex3|pos267|len15	inframe_insertion	exon_3	3.0	267.0	765.0	255.0	15.0		False	9	9	9	1.0	HIGH	GCA_004026565.1;GCA_014898785.1;GCA_019903745.2;GCA_022457185.1;GCA_902712895.1;GCA_949782905.1;GCA_951394145.2;GCA_963422255.1;GCA_965153185.1
Rangifer tarandus	potential_splice_acceptor_disruption|ex5|GA	potential_splice_acceptor_disruption	exon_5	5.0	1.0	1549.0	517.0		GA	True	9	9	9	1.0	HIGH	GCA_004026565.1;GCA_014898785.1;GCA_019903745.2;GCA_022457185.1;GCA_902712895.1;GCA_949782905.1;GCA_951394145.2;GCA_963422255.1;GCA_965153185.1
Rangifer tarandus	potential_splice_donor_disruption|ex1|AG	potential_splice_donor_disruption	exon_1	1.0	194.0	194.0	65.0		AG	True	2	2	8	0.25	LOW	GCA_902712895.1;GCA_963422255.1
Rangifer tarandus	potential_splice_donor_disruption|ex1|CC	potential_splice_donor_disruption	exon_1	1.0	194.0	194.0	65.0		CC	True	6	6	8	0.75	HIGH	GCA_004026565.1;GCA_014898785.1;GCA_019903745.2;GCA_949782905.1;GCA_951394145.2;GCA_965153185.1
Rangifer tarandus	premature_stop|ex2|codon100	premature_stop	exon_2	2.0	104.0	298.0	100.0			True	8	8	8	1.0	HIGH	GCA_004026565.1;GCA_014898785.1;GCA_019903745.2;GCA_902712895.1;GCA_949782905.1;GCA_951394145.2;GCA_963422255.1;GCA_965153185.1
Rangifer tarandus	premature_stop|ex2|codon136	premature_stop	exon_2	2.0	212.0	406.0	136.0			True	3	3	8	0.375	LOW	GCA_004026565.1;GCA_902712895.1;GCA_963422255.1
Rangifer tarandus	premature_stop|ex3|codon374	premature_stop	exon_3	3.0	622.0	1120.0	374.0			True	9	9	9	1.0	HIGH	GCA_004026565.1;GCA_014898785.1;GCA_019903745.2;GCA_022457185.1;GCA_902712895.1;GCA_949782905.1;GCA_951394145.2;GCA_963422255.1;GCA_965153185.1
Rangifer tarandus	premature_stop|ex3|codon430	premature_stop	exon_3	3.0	790.0	1288.0	430.0			True	9	9	9	1.0	HIGH	GCA_004026565.1;GCA_014898785.1;GCA_019903745.2;GCA_022457185.1;GCA_902712895.1;GCA_949782905.1;GCA_951394145.2;GCA_963422255.1;GCA_965153185.1
Rangifer tarandus	premature_stop|ex3|codon433	premature_stop	exon_3	3.0	799.0	1297.0	433.0			True	9	9	9	1.0	HIGH	GCA_004026565.1;GCA_014898785.1;GCA_019903745.2;GCA_022457185.1;GCA_902712895.1;GCA_949782905.1;GCA_951394145.2;GCA_963422255.1;GCA_965153185.1
Rangifer tarandus	premature_stop|ex6|codon922	premature_stop	exon_6	6.0	1092.0	2764.0	922.0			True	9	9	9	1.0	HIGH	GCA_004026565.1;GCA_014898785.1;GCA_019903745.2;GCA_022457185.1;GCA_902712895.1;GCA_949782905.1;GCA_951394145.2;GCA_963422255.1;GCA_965153185.1
Raphicerus campestris	exon_unresolved|ex5	exon_unresolved	exon_5	5.0	1.0	1549.0	517.0	124.0		False	1	0	0		LOW	
Raphicerus campestris	exon_unresolved|ex6	exon_unresolved	exon_6	6.0	1.0	1673.0	558.0	1115.0		False	1	0	0		LOW	
Raphicerus campestris	frameshift_deletion|ex1|pos119|len4	frameshift_deletion	exon_1	1.0	119.0	119.0	40.0	4.0		True	1	1	1	1.0	MEDIUM	GCA_006410735.1
Raphicerus campestris	frameshift_deletion|ex1|pos162|len1	frameshift_deletion	exon_1	1.0	162.0	162.0	54.0	1.0		True	1	1	1	1.0	MEDIUM	GCA_006410735.1
Raphicerus campestris	frameshift_deletion|ex2|pos126|len1	frameshift_deletion	exon_2	2.0	126.0	320.0	107.0	1.0		True	1	1	1	1.0	MEDIUM	GCA_006410735.1
Raphicerus campestris	frameshift_deletion|ex3|pos167|len7	frameshift_deletion	exon_3	3.0	167.0	665.0	222.0	7.0		True	1	1	1	1.0	MEDIUM	GCA_006410735.1
Raphicerus campestris	frameshift_deletion|ex3|pos657|len10	frameshift_deletion	exon_3	3.0	657.0	1155.0	385.0	10.0		True	1	1	1	1.0	MEDIUM	GCA_006410735.1
Raphicerus campestris	frameshift_deletion|ex4|pos131|len1	frameshift_deletion	exon_4	4.0	131.0	1466.0	489.0	1.0		True	1	1	1	1.0	MEDIUM	GCA_006410735.1
Raphicerus campestris	frameshift_induced_stop|ex2|codon119	frameshift_induced_stop	exon_2	2.0	161.0	355.0	119.0			True	1	1	1	1.0	MEDIUM	GCA_006410735.1
Raphicerus campestris	frameshift_induced_stop|ex2|codon77	frameshift_induced_stop	exon_2	2.0	37.0	231.0	77.0			True	1	1	1	1.0	MEDIUM	GCA_006410735.1
Raphicerus campestris	frameshift_induced_stop|ex3|codon398	frameshift_induced_stop	exon_3	3.0	696.0	1194.0	398.0			True	1	1	1	1.0	MEDIUM	GCA_006410735.1
Raphicerus campestris	frameshift_induced_stop|ex4|codon495	frameshift_induced_stop	exon_4	4.0	148.0	1483.0	495.0			True	1	1	1	1.0	MEDIUM	GCA_006410735.1
Raphicerus campestris	frameshift_insertion|ex1|pos78|len1	frameshift_insertion	exon_1	1.0	78.0	78.0	26.0	1.0		True	1	1	1	1.0	MEDIUM	GCA_006410735.1
Raphicerus campestris	premature_stop|ex3|codon210	premature_stop	exon_3	3.0	130.0	628.0	210.0			True	1	1	1	1.0	MEDIUM	GCA_006410735.1
Raphicerus campestris	premature_stop|ex3|codon303	premature_stop	exon_3	3.0	409.0	907.0	303.0			True	1	1	1	1.0	MEDIUM	GCA_006410735.1
Raphicerus campestris	premature_stop|ex3|codon361	premature_stop	exon_3	3.0	583.0	1081.0	361.0			True	1	1	1	1.0	MEDIUM	GCA_006410735.1
Raphicerus campestris	premature_stop|ex3|codon430	premature_stop	exon_3	3.0	790.0	1288.0	430.0			True	1	1	1	1.0	MEDIUM	GCA_006410735.1
Raphicerus campestris	premature_stop|ex3|codon433	premature_stop	exon_3	3.0	799.0	1297.0	433.0			True	1	1	1	1.0	MEDIUM	GCA_006410735.1
Raphicerus campestris	premature_stop|ex4|codon461	premature_stop	exon_4	4.0	46.0	1381.0	461.0			True	1	1	1	1.0	MEDIUM	GCA_006410735.1
Redunca redunca	candidate_large_inframe_insertion|ex3|pos407|len135	candidate_large_inframe_insertion	exon_3	3.0	407.0	905.0	302.0	135.0		False	1	1	1	1.0	MEDIUM	GCA_006410935.1
Redunca redunca	frameshift_deletion|ex1|pos119|len4	frameshift_deletion	exon_1	1.0	119.0	119.0	40.0	4.0		True	1	1	1	1.0	MEDIUM	GCA_006410935.1
Redunca redunca	frameshift_deletion|ex1|pos162|len1	frameshift_deletion	exon_1	1.0	162.0	162.0	54.0	1.0		True	1	1	1	1.0	MEDIUM	GCA_006410935.1
Redunca redunca	frameshift_deletion|ex3|pos532|len2	frameshift_deletion	exon_3	3.0	532.0	1030.0	344.0	2.0		True	1	1	1	1.0	MEDIUM	GCA_006410935.1
Redunca redunca	frameshift_deletion|ex3|pos607|len1	frameshift_deletion	exon_3	3.0	607.0	1105.0	369.0	1.0		True	1	1	1	1.0	MEDIUM	GCA_006410935.1
Redunca redunca	frameshift_deletion|ex4|pos133|len1	frameshift_deletion	exon_4	4.0	133.0	1468.0	490.0	1.0		True	1	1	1	1.0	MEDIUM	GCA_006410935.1
Redunca redunca	frameshift_deletion|ex6|pos467|len1	frameshift_deletion	exon_6	6.0	467.0	2139.0	713.0	1.0		True	1	1	1	1.0	MEDIUM	GCA_006410935.1
Redunca redunca	frameshift_deletion|ex6|pos737|len5	frameshift_deletion	exon_6	6.0	737.0	2409.0	803.0	5.0		True	1	1	1	1.0	MEDIUM	GCA_006410935.1
Redunca redunca	frameshift_induced_stop|ex2|codon77	frameshift_induced_stop	exon_2	2.0	37.0	231.0	77.0			True	1	1	1	1.0	MEDIUM	GCA_006410935.1
Redunca redunca	frameshift_induced_stop|ex3|codon372	frameshift_induced_stop	exon_3	3.0	618.0	1116.0	372.0			True	1	1	1	1.0	MEDIUM	GCA_006410935.1
Redunca redunca	frameshift_induced_stop|ex4|codon495	frameshift_induced_stop	exon_4	4.0	148.0	1483.0	495.0			True	1	1	1	1.0	MEDIUM	GCA_006410935.1
Redunca redunca	frameshift_induced_stop|ex6|codon772	frameshift_induced_stop	exon_6	6.0	644.0	2316.0	772.0			True	1	1	1	1.0	MEDIUM	GCA_006410935.1
Redunca redunca	frameshift_insertion|ex1|pos136|len1	frameshift_insertion	exon_1	1.0	136.0	136.0	46.0	1.0		True	1	1	1	1.0	MEDIUM	GCA_006410935.1
Redunca redunca	frameshift_insertion|ex6|pos338|len2	frameshift_insertion	exon_6	6.0	338.0	2010.0	670.0	2.0		True	1	1	1	1.0	MEDIUM	GCA_006410935.1
Redunca redunca	inframe_deletion|ex3|pos168|len3	inframe_deletion	exon_3	3.0	168.0	666.0	222.0	3.0		False	1	1	1	1.0	MEDIUM	GCA_006410935.1
Redunca redunca	inframe_deletion|ex3|pos222|len12	inframe_deletion	exon_3	3.0	222.0	720.0	240.0	12.0		False	1	1	1	1.0	MEDIUM	GCA_006410935.1
Redunca redunca	inframe_deletion|ex3|pos659|len6	inframe_deletion	exon_3	3.0	659.0	1157.0	386.0	6.0		False	1	1	1	1.0	MEDIUM	GCA_006410935.1
Redunca redunca	inframe_deletion|ex3|pos669|len3	inframe_deletion	exon_3	3.0	669.0	1167.0	389.0	3.0		False	1	1	1	1.0	MEDIUM	GCA_006410935.1
Redunca redunca	inframe_deletion|ex6|pos89|len9	inframe_deletion	exon_6	6.0	89.0	1761.0	587.0	9.0		False	1	1	1	1.0	MEDIUM	GCA_006410935.1
Redunca redunca	inframe_deletion|ex6|pos939|len21	inframe_deletion	exon_6	6.0	939.0	2611.0	871.0	21.0		False	1	1	1	1.0	MEDIUM	GCA_006410935.1
Redunca redunca	potential_splice_acceptor_disruption|ex3|AA	potential_splice_acceptor_disruption	exon_3	3.0	1.0	499.0	167.0		AA	True	1	1	1	1.0	MEDIUM	GCA_006410935.1
Redunca redunca	potential_splice_acceptor_disruption|ex5|GA	potential_splice_acceptor_disruption	exon_5	5.0	1.0	1549.0	517.0		GA	True	1	1	1	1.0	MEDIUM	GCA_006410935.1
Redunca redunca	potential_splice_donor_disruption|ex1|CC	potential_splice_donor_disruption	exon_1	1.0	194.0	194.0	65.0		CC	True	1	1	1	1.0	MEDIUM	GCA_006410935.1
Redunca redunca	premature_stop|ex2|codon73	premature_stop	exon_2	2.0	23.0	217.0	73.0			True	1	1	1	1.0	MEDIUM	GCA_006410935.1
Redunca redunca	premature_stop|ex3|codon361	premature_stop	exon_3	3.0	583.0	1081.0	361.0			True	1	1	1	1.0	MEDIUM	GCA_006410935.1
Redunca redunca	premature_stop|ex3|codon430	premature_stop	exon_3	3.0	790.0	1288.0	430.0			True	1	1	1	1.0	MEDIUM	GCA_006410935.1
Redunca redunca	premature_stop|ex3|codon433	premature_stop	exon_3	3.0	799.0	1297.0	433.0			True	1	1	1	1.0	MEDIUM	GCA_006410935.1
Redunca redunca	premature_stop|ex5|codon526	premature_stop	exon_5	5.0	28.0	1576.0	526.0			True	1	1	1	1.0	MEDIUM	GCA_006410935.1
Redunca redunca	premature_stop|ex6|codon722	premature_stop	exon_6	6.0	492.0	2164.0	722.0			True	1	1	1	1.0	MEDIUM	GCA_006410935.1
Rucervus eldii	candidate_large_frameshift_insertion|ex2|pos237|len547	candidate_large_frameshift_insertion	exon_2	2.0	237.0	431.0	144.0	547.0		True	1	1	4	0.25	LOW	GCA_034234005.1
Rucervus eldii	candidate_large_frameshift_insertion|ex2|pos237|len811	candidate_large_frameshift_insertion	exon_2	2.0	237.0	431.0	144.0	811.0		True	3	3	4	0.75	HIGH	GCA_034233915.1;GCA_054824845.1;GCA_054824865.1
Rucervus eldii	candidate_large_frameshift_insertion|ex3|pos195|len251	candidate_large_frameshift_insertion	exon_3	3.0	195.0	693.0	231.0	251.0		True	3	3	4	0.75	HIGH	GCA_034233915.1;GCA_054824845.1;GCA_054824865.1
Rucervus eldii	candidate_large_inframe_insertion|ex3|pos166|len171	candidate_large_inframe_insertion	exon_3	3.0	166.0	664.0	222.0	171.0		False	1	1	4	0.25	LOW	GCA_034234005.1
Rucervus eldii	frameshift_deletion|ex2|pos152|len2	frameshift_deletion	exon_2	2.0	152.0	346.0	116.0	2.0		True	4	4	4	1.0	HIGH	GCA_034233915.1;GCA_034234005.1;GCA_054824845.1;GCA_054824865.1
Rucervus eldii	frameshift_deletion|ex2|pos265|len1	frameshift_deletion	exon_2	2.0	265.0	459.0	153.0	1.0		True	4	4	4	1.0	HIGH	GCA_034233915.1;GCA_034234005.1;GCA_054824845.1;GCA_054824865.1
Rucervus eldii	frameshift_deletion|ex2|pos33|len5	frameshift_deletion	exon_2	2.0	33.0	227.0	76.0	5.0		True	4	4	4	1.0	HIGH	GCA_034233915.1;GCA_034234005.1;GCA_054824845.1;GCA_054824865.1
Rucervus eldii	frameshift_deletion|ex3|pos166|len7	frameshift_deletion	exon_3	3.0	166.0	664.0	222.0	7.0		True	2	2	4	0.5	MEDIUM	GCA_034233915.1;GCA_054824865.1
Rucervus eldii	frameshift_deletion|ex3|pos811|len1	frameshift_deletion	exon_3	3.0	811.0	1309.0	437.0	1.0		True	4	4	4	1.0	HIGH	GCA_034233915.1;GCA_034234005.1;GCA_054824845.1;GCA_054824865.1
Rucervus eldii	frameshift_deletion|ex6|pos738|len2	frameshift_deletion	exon_6	6.0	738.0	2410.0	804.0	2.0		True	4	4	4	1.0	HIGH	GCA_034233915.1;GCA_034234005.1;GCA_054824845.1;GCA_054824865.1
Rucervus eldii	frameshift_induced_stop|ex2|codon82	frameshift_induced_stop	exon_2	2.0	50.0	244.0	82.0			True	4	4	4	1.0	HIGH	GCA_034233915.1;GCA_034234005.1;GCA_054824845.1;GCA_054824865.1
Rucervus eldii	frameshift_induced_stop|ex3|codon170	frameshift_induced_stop	exon_3	3.0	10.0	508.0	170.0			True	4	4	4	1.0	HIGH	GCA_034233915.1;GCA_034234005.1;GCA_054824845.1;GCA_054824865.1
Rucervus eldii	frameshift_induced_stop|ex3|codon236	frameshift_induced_stop	exon_3	3.0	208.0	706.0	236.0			True	1	1	4	0.25	LOW	GCA_054824845.1
Rucervus eldii	frameshift_induced_stop|ex5|codon531	frameshift_induced_stop	exon_5	5.0	45.0	1593.0	531.0			True	2	2	4	0.5	MEDIUM	GCA_034233915.1;GCA_054824865.1
Rucervus eldii	frameshift_induced_stop|ex6|codon824	frameshift_induced_stop	exon_6	6.0	798.0	2470.0	824.0			True	2	2	4	0.5	MEDIUM	GCA_034234005.1;GCA_054824845.1
Rucervus eldii	inframe_deletion|ex3|pos166|len9	inframe_deletion	exon_3	3.0	166.0	664.0	222.0	9.0		False	1	1	4	0.25	LOW	GCA_054824845.1
Rucervus eldii	inframe_deletion|ex3|pos659|len6	inframe_deletion	exon_3	3.0	659.0	1157.0	386.0	6.0		False	4	4	4	1.0	HIGH	GCA_034233915.1;GCA_034234005.1;GCA_054824845.1;GCA_054824865.1
Rucervus eldii	inframe_deletion|ex3|pos667|len3	inframe_deletion	exon_3	3.0	667.0	1165.0	389.0	3.0		False	4	4	4	1.0	HIGH	GCA_034233915.1;GCA_034234005.1;GCA_054824845.1;GCA_054824865.1
Rucervus eldii	inframe_deletion|ex6|pos459|len24	inframe_deletion	exon_6	6.0	459.0	2131.0	711.0	24.0		False	2	2	4	0.5	MEDIUM	GCA_034233915.1;GCA_034234005.1
Rucervus eldii	inframe_deletion|ex6|pos460|len24	inframe_deletion	exon_6	6.0	460.0	2132.0	711.0	24.0		False	2	2	4	0.5	MEDIUM	GCA_054824845.1;GCA_054824865.1
Rucervus eldii	inframe_deletion|ex6|pos744|len3	inframe_deletion	exon_6	6.0	744.0	2416.0	806.0	3.0		False	4	4	4	1.0	HIGH	GCA_034233915.1;GCA_034234005.1;GCA_054824845.1;GCA_054824865.1
Rucervus eldii	inframe_deletion|ex6|pos935|len21	inframe_deletion	exon_6	6.0	935.0	2607.0	869.0	21.0		False	4	4	4	1.0	HIGH	GCA_034233915.1;GCA_034234005.1;GCA_054824845.1;GCA_054824865.1
Rucervus eldii	inframe_insertion|ex3|pos267|len15	inframe_insertion	exon_3	3.0	267.0	765.0	255.0	15.0		False	4	4	4	1.0	HIGH	GCA_034233915.1;GCA_034234005.1;GCA_054824845.1;GCA_054824865.1
Rucervus eldii	potential_splice_acceptor_disruption|ex5|GA	potential_splice_acceptor_disruption	exon_5	5.0	1.0	1549.0	517.0		GA	True	4	4	4	1.0	HIGH	GCA_034233915.1;GCA_034234005.1;GCA_054824845.1;GCA_054824865.1
Rucervus eldii	potential_splice_donor_disruption|ex1|CC	potential_splice_donor_disruption	exon_1	1.0	194.0	194.0	65.0		CC	True	4	4	4	1.0	HIGH	GCA_034233915.1;GCA_034234005.1;GCA_054824845.1;GCA_054824865.1
Rucervus eldii	potential_splice_donor_disruption|ex2|AG	potential_splice_donor_disruption	exon_2	2.0	304.0	498.0	166.0		AG	True	4	4	4	1.0	HIGH	GCA_034233915.1;GCA_034234005.1;GCA_054824845.1;GCA_054824865.1
Rucervus eldii	premature_stop|ex3|codon374	premature_stop	exon_3	3.0	622.0	1120.0	374.0			True	4	4	4	1.0	HIGH	GCA_034233915.1;GCA_034234005.1;GCA_054824845.1;GCA_054824865.1
Rucervus eldii	premature_stop|ex3|codon430	premature_stop	exon_3	3.0	790.0	1288.0	430.0			True	4	4	4	1.0	HIGH	GCA_034233915.1;GCA_034234005.1;GCA_054824845.1;GCA_054824865.1
Rucervus eldii	premature_stop|ex3|codon433	premature_stop	exon_3	3.0	799.0	1297.0	433.0			True	4	4	4	1.0	HIGH	GCA_034233915.1;GCA_034234005.1;GCA_054824845.1;GCA_054824865.1
Rucervus eldii	probable_exon_deletion|ex4|pos1|len213	probable_exon_deletion	exon_4	4.0	1.0	1336.0	446.0	213.0		True	4	4	0		MEDIUM	GCA_034233915.1;GCA_034234005.1;GCA_054824845.1;GCA_054824865.1
Rupicapra rupicapra	candidate_large_inframe_insertion|ex3|pos407|len141	candidate_large_inframe_insertion	exon_3	3.0	407.0	905.0	302.0	141.0		False	1	1	1	1.0	MEDIUM	GCA_963981305.1
Rupicapra rupicapra	frameshift_deletion|ex1|pos120|len4	frameshift_deletion	exon_1	1.0	120.0	120.0	40.0	4.0		True	1	1	1	1.0	MEDIUM	GCA_963981305.1
Rupicapra rupicapra	frameshift_deletion|ex1|pos162|len1	frameshift_deletion	exon_1	1.0	162.0	162.0	54.0	1.0		True	1	1	1	1.0	MEDIUM	GCA_963981305.1
Rupicapra rupicapra	frameshift_deletion|ex3|pos167|len7	frameshift_deletion	exon_3	3.0	167.0	665.0	222.0	7.0		True	1	1	1	1.0	MEDIUM	GCA_963981305.1
Rupicapra rupicapra	frameshift_deletion|ex3|pos661|len17	frameshift_deletion	exon_3	3.0	661.0	1159.0	387.0	17.0		True	1	1	1	1.0	MEDIUM	GCA_963981305.1
Rupicapra rupicapra	frameshift_deletion|ex6|pos306|len7	frameshift_deletion	exon_6	6.0	306.0	1978.0	660.0	7.0		True	1	1	1	1.0	MEDIUM	GCA_963981305.1
Rupicapra rupicapra	frameshift_deletion|ex6|pos632|len1	frameshift_deletion	exon_6	6.0	632.0	2304.0	768.0	1.0		True	1	1	1	1.0	MEDIUM	GCA_963981305.1
Rupicapra rupicapra	frameshift_deletion|ex6|pos737|len5	frameshift_deletion	exon_6	6.0	737.0	2409.0	803.0	5.0		True	1	1	1	1.0	MEDIUM	GCA_963981305.1
Rupicapra rupicapra	frameshift_induced_stop|ex1|codon26	frameshift_induced_stop	exon_1	1.0	76.0	76.0	26.0			True	1	1	1	1.0	MEDIUM	GCA_963981305.1
Rupicapra rupicapra	frameshift_induced_stop|ex3|codon239	frameshift_induced_stop	exon_3	3.0	219.0	717.0	239.0			True	1	1	1	1.0	MEDIUM	GCA_963981305.1
Rupicapra rupicapra	frameshift_induced_stop|ex6|codon668	frameshift_induced_stop	exon_6	6.0	332.0	2004.0	668.0			True	1	1	1	1.0	MEDIUM	GCA_963981305.1
Rupicapra rupicapra	frameshift_induced_stop|ex6|codon691	frameshift_induced_stop	exon_6	6.0	399.0	2071.0	691.0			True	1	1	1	1.0	MEDIUM	GCA_963981305.1
Rupicapra rupicapra	frameshift_induced_stop|ex6|codon824	frameshift_induced_stop	exon_6	6.0	798.0	2470.0	824.0			True	1	1	1	1.0	MEDIUM	GCA_963981305.1
Rupicapra rupicapra	frameshift_insertion|ex1|pos142|len1	frameshift_insertion	exon_1	1.0	142.0	142.0	48.0	1.0		True	1	1	1	1.0	MEDIUM	GCA_963981305.1
Rupicapra rupicapra	frameshift_insertion|ex1|pos40|len4	frameshift_insertion	exon_1	1.0	40.0	40.0	14.0	4.0		True	1	1	1	1.0	MEDIUM	GCA_963981305.1
Rupicapra rupicapra	frameshift_insertion|ex6|pos338|len2	frameshift_insertion	exon_6	6.0	338.0	2010.0	670.0	2.0		True	1	1	1	1.0	MEDIUM	GCA_963981305.1
Rupicapra rupicapra	inframe_deletion|ex6|pos89|len9	inframe_deletion	exon_6	6.0	89.0	1761.0	587.0	9.0		False	1	1	1	1.0	MEDIUM	GCA_963981305.1
Rupicapra rupicapra	inframe_deletion|ex6|pos939|len21	inframe_deletion	exon_6	6.0	939.0	2611.0	871.0	21.0		False	1	1	1	1.0	MEDIUM	GCA_963981305.1
Rupicapra rupicapra	potential_splice_acceptor_disruption|ex5|GA	potential_splice_acceptor_disruption	exon_5	5.0	1.0	1549.0	517.0		GA	True	1	1	1	1.0	MEDIUM	GCA_963981305.1
Rupicapra rupicapra	potential_splice_donor_disruption|ex1|CC	potential_splice_donor_disruption	exon_1	1.0	194.0	194.0	65.0		CC	True	1	1	1	1.0	MEDIUM	GCA_963981305.1
Rupicapra rupicapra	potential_splice_donor_disruption|ex2|GG	potential_splice_donor_disruption	exon_2	2.0	304.0	498.0	166.0		GG	True	1	1	1	1.0	MEDIUM	GCA_963981305.1
Rupicapra rupicapra	premature_stop|ex1|codon61	premature_stop	exon_1	1.0	181.0	181.0	61.0			True	1	1	1	1.0	MEDIUM	GCA_963981305.1
Rupicapra rupicapra	premature_stop|ex3|codon361	premature_stop	exon_3	3.0	583.0	1081.0	361.0			True	1	1	1	1.0	MEDIUM	GCA_963981305.1
Rupicapra rupicapra	premature_stop|ex3|codon430	premature_stop	exon_3	3.0	790.0	1288.0	430.0			True	1	1	1	1.0	MEDIUM	GCA_963981305.1
Rupicapra rupicapra	premature_stop|ex3|codon433	premature_stop	exon_3	3.0	799.0	1297.0	433.0			True	1	1	1	1.0	MEDIUM	GCA_963981305.1
Rupicapra rupicapra	premature_stop|ex5|codon526	premature_stop	exon_5	5.0	28.0	1576.0	526.0			True	1	1	1	1.0	MEDIUM	GCA_963981305.1
Rupicapra rupicapra	premature_stop|ex6|codon722	premature_stop	exon_6	6.0	492.0	2164.0	722.0			True	1	1	1	1.0	MEDIUM	GCA_963981305.1
Rupicapra rupicapra	premature_stop|ex6|codon903	premature_stop	exon_6	6.0	1035.0	2707.0	903.0			True	1	1	1	1.0	MEDIUM	GCA_963981305.1
Rupicapra rupicapra	probable_exon_deletion|ex4|pos1|len213	probable_exon_deletion	exon_4	4.0	1.0	1336.0	446.0	213.0		True	1	1	0		MEDIUM	GCA_963981305.1
Rusa alfredi	candidate_large_frameshift_insertion|ex2|pos237|len1004	candidate_large_frameshift_insertion	exon_2	2.0	237.0	431.0	144.0	1004.0		True	1	1	1	1.0	MEDIUM	GCA_038501445.1
Rusa alfredi	candidate_large_frameshift_insertion|ex3|pos195|len251	candidate_large_frameshift_insertion	exon_3	3.0	195.0	693.0	231.0	251.0		True	1	1	1	1.0	MEDIUM	GCA_038501445.1
Rusa alfredi	frameshift_deletion|ex2|pos152|len2	frameshift_deletion	exon_2	2.0	152.0	346.0	116.0	2.0		True	1	1	1	1.0	MEDIUM	GCA_038501445.1
Rusa alfredi	frameshift_deletion|ex2|pos265|len1	frameshift_deletion	exon_2	2.0	265.0	459.0	153.0	1.0		True	1	1	1	1.0	MEDIUM	GCA_038501445.1
Rusa alfredi	frameshift_deletion|ex2|pos33|len5	frameshift_deletion	exon_2	2.0	33.0	227.0	76.0	5.0		True	1	1	1	1.0	MEDIUM	GCA_038501445.1
Rusa alfredi	frameshift_deletion|ex3|pos166|len7	frameshift_deletion	exon_3	3.0	166.0	664.0	222.0	7.0		True	1	1	1	1.0	MEDIUM	GCA_038501445.1
Rusa alfredi	frameshift_deletion|ex3|pos811|len1	frameshift_deletion	exon_3	3.0	811.0	1309.0	437.0	1.0		True	1	1	1	1.0	MEDIUM	GCA_038501445.1
Rusa alfredi	frameshift_deletion|ex6|pos738|len2	frameshift_deletion	exon_6	6.0	738.0	2410.0	804.0	2.0		True	1	1	1	1.0	MEDIUM	GCA_038501445.1
Rusa alfredi	frameshift_induced_stop|ex2|codon144	frameshift_induced_stop	exon_2	2.0	238.0	432.0	144.0			True	1	1	1	1.0	MEDIUM	GCA_038501445.1
Rusa alfredi	frameshift_induced_stop|ex2|codon82	frameshift_induced_stop	exon_2	2.0	50.0	244.0	82.0			True	1	1	1	1.0	MEDIUM	GCA_038501445.1
Rusa alfredi	frameshift_induced_stop|ex3|codon374	frameshift_induced_stop	exon_3	3.0	623.0	1121.0	374.0			True	1	1	1	1.0	MEDIUM	GCA_038501445.1
Rusa alfredi	inframe_deletion|ex3|pos659|len6	inframe_deletion	exon_3	3.0	659.0	1157.0	386.0	6.0		False	1	1	1	1.0	MEDIUM	GCA_038501445.1
Rusa alfredi	inframe_deletion|ex3|pos667|len3	inframe_deletion	exon_3	3.0	667.0	1165.0	389.0	3.0		False	1	1	1	1.0	MEDIUM	GCA_038501445.1
Rusa alfredi	inframe_deletion|ex6|pos459|len24	inframe_deletion	exon_6	6.0	459.0	2131.0	711.0	24.0		False	1	1	1	1.0	MEDIUM	GCA_038501445.1
Rusa alfredi	inframe_deletion|ex6|pos744|len3	inframe_deletion	exon_6	6.0	744.0	2416.0	806.0	3.0		False	1	1	1	1.0	MEDIUM	GCA_038501445.1
Rusa alfredi	inframe_deletion|ex6|pos935|len21	inframe_deletion	exon_6	6.0	935.0	2607.0	869.0	21.0		False	1	1	1	1.0	MEDIUM	GCA_038501445.1
Rusa alfredi	inframe_insertion|ex3|pos267|len15	inframe_insertion	exon_3	3.0	267.0	765.0	255.0	15.0		False	1	1	1	1.0	MEDIUM	GCA_038501445.1
Rusa alfredi	potential_splice_acceptor_disruption|ex5|GA	potential_splice_acceptor_disruption	exon_5	5.0	1.0	1549.0	517.0		GA	True	1	1	1	1.0	MEDIUM	GCA_038501445.1
Rusa alfredi	potential_splice_donor_disruption|ex1|CC	potential_splice_donor_disruption	exon_1	1.0	194.0	194.0	65.0		CC	True	1	1	1	1.0	MEDIUM	GCA_038501445.1
Rusa alfredi	potential_splice_donor_disruption|ex2|AG	potential_splice_donor_disruption	exon_2	2.0	304.0	498.0	166.0		AG	True	1	1	1	1.0	MEDIUM	GCA_038501445.1
Rusa alfredi	premature_stop|ex3|codon374	premature_stop	exon_3	3.0	622.0	1120.0	374.0			True	1	1	1	1.0	MEDIUM	GCA_038501445.1
Rusa alfredi	premature_stop|ex3|codon430	premature_stop	exon_3	3.0	790.0	1288.0	430.0			True	1	1	1	1.0	MEDIUM	GCA_038501445.1
Rusa alfredi	premature_stop|ex3|codon433	premature_stop	exon_3	3.0	799.0	1297.0	433.0			True	1	1	1	1.0	MEDIUM	GCA_038501445.1
Rusa alfredi	probable_exon_deletion|ex4|pos1|len213	probable_exon_deletion	exon_4	4.0	1.0	1336.0	446.0	213.0		True	1	1	0		MEDIUM	GCA_038501445.1
Saiga tatarica	candidate_large_frameshift_insertion|ex4|pos38|len710	candidate_large_frameshift_insertion	exon_4	4.0	38.0	1373.0	458.0	710.0		True	1	1	1	1.0	MEDIUM	GCA_004024985.1
Saiga tatarica	exon_unresolved|ex1	exon_unresolved	exon_1	1.0	1.0	1.0	1.0	194.0		False	1	0	0		LOW	
Saiga tatarica	exon_unresolved|ex5	exon_unresolved	exon_5	5.0	1.0	1549.0	517.0	124.0		False	1	0	0		LOW	
Saiga tatarica	exon_unresolved|ex6	exon_unresolved	exon_6	6.0	1.0	1673.0	558.0	1115.0		False	1	0	0		LOW	
Saiga tatarica	frameshift_deletion|ex2|pos253|len13	frameshift_deletion	exon_2	2.0	253.0	447.0	149.0	13.0		True	1	1	1	1.0	MEDIUM	GCA_004024985.1
Saiga tatarica	frameshift_deletion|ex3|pos166|len7	frameshift_deletion	exon_3	3.0	166.0	664.0	222.0	7.0		True	1	1	1	1.0	MEDIUM	GCA_004024985.1
Saiga tatarica	frameshift_deletion|ex3|pos231|len2	frameshift_deletion	exon_3	3.0	231.0	729.0	243.0	2.0		True	1	1	1	1.0	MEDIUM	GCA_004024985.1
Saiga tatarica	frameshift_deletion|ex3|pos239|len8	frameshift_deletion	exon_3	3.0	239.0	737.0	246.0	8.0		True	1	1	1	1.0	MEDIUM	GCA_004024985.1
Saiga tatarica	frameshift_deletion|ex3|pos395|len1	frameshift_deletion	exon_3	3.0	395.0	893.0	298.0	1.0		True	1	1	1	1.0	MEDIUM	GCA_004024985.1
Saiga tatarica	frameshift_deletion|ex3|pos510|len1	frameshift_deletion	exon_3	3.0	510.0	1008.0	336.0	1.0		True	1	1	1	1.0	MEDIUM	GCA_004024985.1
Saiga tatarica	frameshift_deletion|ex4|pos131|len1	frameshift_deletion	exon_4	4.0	131.0	1466.0	489.0	1.0		True	1	1	1	1.0	MEDIUM	GCA_004024985.1
Saiga tatarica	frameshift_induced_stop|ex2|codon159	frameshift_induced_stop	exon_2	2.0	283.0	477.0	159.0			True	1	1	1	1.0	MEDIUM	GCA_004024985.1
Saiga tatarica	frameshift_induced_stop|ex3|codon236	frameshift_induced_stop	exon_3	3.0	208.0	706.0	236.0			True	1	1	1	1.0	MEDIUM	GCA_004024985.1
Saiga tatarica	frameshift_induced_stop|ex3|codon349	frameshift_induced_stop	exon_3	3.0	547.0	1045.0	349.0			True	1	1	1	1.0	MEDIUM	GCA_004024985.1
Saiga tatarica	inframe_deletion|ex3|pos658|len9	inframe_deletion	exon_3	3.0	658.0	1156.0	386.0	9.0		False	1	1	1	1.0	MEDIUM	GCA_004024985.1
Saiga tatarica	premature_stop|ex3|codon303	premature_stop	exon_3	3.0	409.0	907.0	303.0			True	1	1	1	1.0	MEDIUM	GCA_004024985.1
Saiga tatarica	premature_stop|ex3|codon361	premature_stop	exon_3	3.0	583.0	1081.0	361.0			True	1	1	1	1.0	MEDIUM	GCA_004024985.1
Saiga tatarica	premature_stop|ex3|codon374	premature_stop	exon_3	3.0	622.0	1120.0	374.0			True	1	1	1	1.0	MEDIUM	GCA_004024985.1
Saiga tatarica	premature_stop|ex3|codon430	premature_stop	exon_3	3.0	790.0	1288.0	430.0			True	1	1	1	1.0	MEDIUM	GCA_004024985.1
Saiga tatarica	premature_stop|ex3|codon433	premature_stop	exon_3	3.0	799.0	1297.0	433.0			True	1	1	1	1.0	MEDIUM	GCA_004024985.1
Sylvicapra grimmia	candidate_large_frameshift_insertion|ex4|pos38|len713	candidate_large_frameshift_insertion	exon_4	4.0	38.0	1373.0	458.0	713.0		True	1	1	1	1.0	MEDIUM	GCA_006408735.1
Sylvicapra grimmia	candidate_large_inframe_insertion|ex3|pos407|len138	candidate_large_inframe_insertion	exon_3	3.0	407.0	905.0	302.0	138.0		False	1	1	1	1.0	MEDIUM	GCA_006408735.1
Sylvicapra grimmia	frameshift_deletion|ex1|pos119|len4	frameshift_deletion	exon_1	1.0	119.0	119.0	40.0	4.0		True	1	1	1	1.0	MEDIUM	GCA_006408735.1
Sylvicapra grimmia	frameshift_deletion|ex1|pos162|len1	frameshift_deletion	exon_1	1.0	162.0	162.0	54.0	1.0		True	1	1	1	1.0	MEDIUM	GCA_006408735.1
Sylvicapra grimmia	frameshift_deletion|ex1|pos45|len1	frameshift_deletion	exon_1	1.0	45.0	45.0	15.0	1.0		True	1	1	1	1.0	MEDIUM	GCA_006408735.1
Sylvicapra grimmia	frameshift_deletion|ex2|pos98|len1	frameshift_deletion	exon_2	2.0	98.0	292.0	98.0	1.0		True	1	1	1	1.0	MEDIUM	GCA_006408735.1
Sylvicapra grimmia	frameshift_deletion|ex3|pos167|len7	frameshift_deletion	exon_3	3.0	167.0	665.0	222.0	7.0		True	1	1	1	1.0	MEDIUM	GCA_006408735.1
Sylvicapra grimmia	frameshift_deletion|ex3|pos606|len1	frameshift_deletion	exon_3	3.0	606.0	1104.0	368.0	1.0		True	1	1	1	1.0	MEDIUM	GCA_006408735.1
Sylvicapra grimmia	frameshift_deletion|ex4|pos131|len1	frameshift_deletion	exon_4	4.0	131.0	1466.0	489.0	1.0		True	1	1	1	1.0	MEDIUM	GCA_006408735.1
Sylvicapra grimmia	frameshift_deletion|ex6|pos230|len1	frameshift_deletion	exon_6	6.0	230.0	1902.0	634.0	1.0		True	1	1	1	1.0	MEDIUM	GCA_006408735.1
Sylvicapra grimmia	frameshift_deletion|ex6|pos737|len5	frameshift_deletion	exon_6	6.0	737.0	2409.0	803.0	5.0		True	1	1	1	1.0	MEDIUM	GCA_006408735.1
Sylvicapra grimmia	frameshift_induced_stop|ex1|codon37	frameshift_induced_stop	exon_1	1.0	111.0	111.0	37.0			True	1	1	1	1.0	MEDIUM	GCA_006408735.1
Sylvicapra grimmia	frameshift_induced_stop|ex1|codon46	frameshift_induced_stop	exon_1	1.0	136.0	136.0	46.0			True	1	1	1	1.0	MEDIUM	GCA_006408735.1
Sylvicapra grimmia	frameshift_induced_stop|ex2|codon109	frameshift_induced_stop	exon_2	2.0	133.0	327.0	109.0			True	1	1	1	1.0	MEDIUM	GCA_006408735.1
Sylvicapra grimmia	frameshift_induced_stop|ex3|codon236	frameshift_induced_stop	exon_3	3.0	208.0	706.0	236.0			True	1	1	1	1.0	MEDIUM	GCA_006408735.1
Sylvicapra grimmia	frameshift_induced_stop|ex3|codon398	frameshift_induced_stop	exon_3	3.0	696.0	1194.0	398.0			True	1	1	1	1.0	MEDIUM	GCA_006408735.1
Sylvicapra grimmia	frameshift_induced_stop|ex4|codon470	frameshift_induced_stop	exon_4	4.0	75.0	1410.0	470.0			True	1	1	1	1.0	MEDIUM	GCA_006408735.1
Sylvicapra grimmia	frameshift_induced_stop|ex6|codon722	frameshift_induced_stop	exon_6	6.0	493.0	2165.0	722.0			True	1	1	1	1.0	MEDIUM	GCA_006408735.1
Sylvicapra grimmia	frameshift_insertion|ex3|pos631|len2	frameshift_insertion	exon_3	3.0	631.0	1129.0	377.0	2.0		True	1	1	1	1.0	MEDIUM	GCA_006408735.1
Sylvicapra grimmia	inframe_deletion|ex3|pos658|len9	inframe_deletion	exon_3	3.0	658.0	1156.0	386.0	9.0		False	1	1	1	1.0	MEDIUM	GCA_006408735.1
Sylvicapra grimmia	inframe_deletion|ex6|pos89|len9	inframe_deletion	exon_6	6.0	89.0	1761.0	587.0	9.0		False	1	1	1	1.0	MEDIUM	GCA_006408735.1
Sylvicapra grimmia	inframe_deletion|ex6|pos939|len21	inframe_deletion	exon_6	6.0	939.0	2611.0	871.0	21.0		False	1	1	1	1.0	MEDIUM	GCA_006408735.1
Sylvicapra grimmia	potential_splice_acceptor_disruption|ex5|GA	potential_splice_acceptor_disruption	exon_5	5.0	1.0	1549.0	517.0		GA	True	1	1	1	1.0	MEDIUM	GCA_006408735.1
Sylvicapra grimmia	premature_stop|ex3|codon305	premature_stop	exon_3	3.0	415.0	913.0	305.0			True	1	1	1	1.0	MEDIUM	GCA_006408735.1
Sylvicapra grimmia	premature_stop|ex3|codon361	premature_stop	exon_3	3.0	583.0	1081.0	361.0			True	1	1	1	1.0	MEDIUM	GCA_006408735.1
Sylvicapra grimmia	premature_stop|ex3|codon430	premature_stop	exon_3	3.0	790.0	1288.0	430.0			True	1	1	1	1.0	MEDIUM	GCA_006408735.1
Sylvicapra grimmia	premature_stop|ex3|codon433	premature_stop	exon_3	3.0	799.0	1297.0	433.0			True	1	1	1	1.0	MEDIUM	GCA_006408735.1
Sylvicapra grimmia	premature_stop|ex5|codon526	premature_stop	exon_5	5.0	28.0	1576.0	526.0			True	1	1	1	1.0	MEDIUM	GCA_006408735.1
Sylvicapra grimmia	premature_stop|ex6|codon722	premature_stop	exon_6	6.0	492.0	2164.0	722.0			True	1	1	1	1.0	MEDIUM	GCA_006408735.1
Syncerus caffer	candidate_large_frameshift_insertion|ex4|pos38|len716	candidate_large_frameshift_insertion	exon_4	4.0	38.0	1373.0	458.0	716.0		True	2	2	2	1.0	HIGH	GCA_006408785.2;GCA_902825105.1
Syncerus caffer	exon_unresolved|ex1	exon_unresolved	exon_1	1.0	1.0	1.0	1.0	194.0		False	2	0	0		LOW	
Syncerus caffer	exon_unresolved|ex2	exon_unresolved	exon_2	2.0	1.0	195.0	65.0	304.0		False	2	0	0		LOW	
Syncerus caffer	frameshift_deletion|ex3|pos167|len7	frameshift_deletion	exon_3	3.0	167.0	665.0	222.0	7.0		True	2	2	2	1.0	HIGH	GCA_006408785.2;GCA_902825105.1
Syncerus caffer	frameshift_deletion|ex3|pos532|len2	frameshift_deletion	exon_3	3.0	532.0	1030.0	344.0	2.0		True	2	2	2	1.0	HIGH	GCA_006408785.2;GCA_902825105.1
Syncerus caffer	frameshift_deletion|ex3|pos596|len13	frameshift_deletion	exon_3	3.0	596.0	1094.0	365.0	13.0		True	2	2	2	1.0	HIGH	GCA_006408785.2;GCA_902825105.1
Syncerus caffer	frameshift_deletion|ex3|pos658|len1	frameshift_deletion	exon_3	3.0	658.0	1156.0	386.0	1.0		True	1	1	2	0.5	MEDIUM	GCA_902825105.1
Syncerus caffer	frameshift_deletion|ex3|pos664|len8	frameshift_deletion	exon_3	3.0	664.0	1162.0	388.0	8.0		True	1	1	2	0.5	MEDIUM	GCA_902825105.1
Syncerus caffer	frameshift_deletion|ex4|pos131|len1	frameshift_deletion	exon_4	4.0	131.0	1466.0	489.0	1.0		True	2	2	2	1.0	HIGH	GCA_006408785.2;GCA_902825105.1
Syncerus caffer	frameshift_deletion|ex6|pos399|len4	frameshift_deletion	exon_6	6.0	399.0	2071.0	691.0	4.0		True	2	2	2	1.0	HIGH	GCA_006408785.2;GCA_902825105.1
Syncerus caffer	frameshift_deletion|ex6|pos470|len1	frameshift_deletion	exon_6	6.0	470.0	2142.0	714.0	1.0		True	2	2	2	1.0	HIGH	GCA_006408785.2;GCA_902825105.1
Syncerus caffer	frameshift_deletion|ex6|pos737|len5	frameshift_deletion	exon_6	6.0	737.0	2409.0	803.0	5.0		True	2	2	2	1.0	HIGH	GCA_006408785.2;GCA_902825105.1
Syncerus caffer	frameshift_deletion|ex6|pos73|len1	frameshift_deletion	exon_6	6.0	73.0	1745.0	582.0	1.0		True	2	2	2	1.0	HIGH	GCA_006408785.2;GCA_902825105.1
Syncerus caffer	frameshift_induced_stop|ex3|codon266	frameshift_induced_stop	exon_3	3.0	300.0	798.0	266.0			True	2	2	2	1.0	HIGH	GCA_006408785.2;GCA_902825105.1
Syncerus caffer	frameshift_induced_stop|ex3|codon372	frameshift_induced_stop	exon_3	3.0	618.0	1116.0	372.0			True	2	2	2	1.0	HIGH	GCA_006408785.2;GCA_902825105.1
Syncerus caffer	frameshift_induced_stop|ex3|codon398	frameshift_induced_stop	exon_3	3.0	696.0	1194.0	398.0			True	1	1	2	0.5	MEDIUM	GCA_902825105.1
Syncerus caffer	frameshift_induced_stop|ex4|codon470	frameshift_induced_stop	exon_4	4.0	75.0	1410.0	470.0			True	2	2	2	1.0	HIGH	GCA_006408785.2;GCA_902825105.1
Syncerus caffer	frameshift_induced_stop|ex6|codon698	frameshift_induced_stop	exon_6	6.0	422.0	2094.0	698.0			True	2	2	2	1.0	HIGH	GCA_006408785.2;GCA_902825105.1
Syncerus caffer	frameshift_induced_stop|ex6|codon821	frameshift_induced_stop	exon_6	6.0	791.0	2463.0	821.0			True	2	2	2	1.0	HIGH	GCA_006408785.2;GCA_902825105.1
Syncerus caffer	inframe_deletion|ex3|pos658|len9	inframe_deletion	exon_3	3.0	658.0	1156.0	386.0	9.0		False	1	1	2	0.5	MEDIUM	GCA_006408785.2
Syncerus caffer	inframe_deletion|ex6|pos89|len9	inframe_deletion	exon_6	6.0	89.0	1761.0	587.0	9.0		False	2	2	2	1.0	HIGH	GCA_006408785.2;GCA_902825105.1
Syncerus caffer	inframe_deletion|ex6|pos935|len21	inframe_deletion	exon_6	6.0	935.0	2607.0	869.0	21.0		False	1	1	2	0.5	MEDIUM	GCA_902825105.1
Syncerus caffer	inframe_deletion|ex6|pos938|len15	inframe_deletion	exon_6	6.0	938.0	2610.0	870.0	15.0		False	1	1	2	0.5	MEDIUM	GCA_006408785.2
Syncerus caffer	inframe_deletion|ex6|pos961|len6	inframe_deletion	exon_6	6.0	961.0	2633.0	878.0	6.0		False	1	1	2	0.5	MEDIUM	GCA_006408785.2
Syncerus caffer	potential_splice_acceptor_disruption|ex3|AA	potential_splice_acceptor_disruption	exon_3	3.0	1.0	499.0	167.0		AA	True	1	1	2	0.5	MEDIUM	GCA_902825105.1
Syncerus caffer	potential_splice_acceptor_disruption|ex5|GA	potential_splice_acceptor_disruption	exon_5	5.0	1.0	1549.0	517.0		GA	True	2	2	2	1.0	HIGH	GCA_006408785.2;GCA_902825105.1
Syncerus caffer	potential_splice_donor_disruption|ex3|AC	potential_splice_donor_disruption	exon_3	3.0	837.0	1335.0	445.0		AC	True	2	2	2	1.0	HIGH	GCA_006408785.2;GCA_902825105.1
Syncerus caffer	premature_stop|ex3|codon303	premature_stop	exon_3	3.0	409.0	907.0	303.0			True	1	1	2	0.5	MEDIUM	GCA_902825105.1
Syncerus caffer	premature_stop|ex3|codon361	premature_stop	exon_3	3.0	583.0	1081.0	361.0			True	2	2	2	1.0	HIGH	GCA_006408785.2;GCA_902825105.1
Syncerus caffer	premature_stop|ex3|codon387	premature_stop	exon_3	3.0	661.0	1159.0	387.0			True	1	1	2	0.5	MEDIUM	GCA_902825105.1
Syncerus caffer	premature_stop|ex3|codon430	premature_stop	exon_3	3.0	790.0	1288.0	430.0			True	2	2	2	1.0	HIGH	GCA_006408785.2;GCA_902825105.1
Syncerus caffer	premature_stop|ex3|codon433	premature_stop	exon_3	3.0	799.0	1297.0	433.0			True	2	2	2	1.0	HIGH	GCA_006408785.2;GCA_902825105.1
Syncerus caffer	premature_stop|ex6|codon722	premature_stop	exon_6	6.0	492.0	2164.0	722.0			True	2	2	2	1.0	HIGH	GCA_006408785.2;GCA_902825105.1
Tragelaphus buxtoni	candidate_large_frameshift_insertion|ex3|pos141|len167	candidate_large_frameshift_insertion	exon_3	3.0	141.0	639.0	213.0	167.0		True	1	1	1	1.0	MEDIUM	GCA_006411685.1
Tragelaphus buxtoni	candidate_large_frameshift_insertion|ex6|pos740|len155	candidate_large_frameshift_insertion	exon_6	6.0	740.0	2412.0	804.0	155.0		True	1	1	1	1.0	MEDIUM	GCA_006411685.1
Tragelaphus buxtoni	exon_unresolved|ex1	exon_unresolved	exon_1	1.0	1.0	1.0	1.0	194.0		False	1	0	0		LOW	
Tragelaphus buxtoni	exon_unresolved|ex2	exon_unresolved	exon_2	2.0	1.0	195.0	65.0	304.0		False	1	0	0		LOW	
Tragelaphus buxtoni	exon_unresolved|ex4	exon_unresolved	exon_4	4.0	1.0	1336.0	446.0	213.0		False	1	0	0		LOW	
Tragelaphus buxtoni	frameshift_deletion|ex3|pos532|len4	frameshift_deletion	exon_3	3.0	532.0	1030.0	344.0	4.0		True	1	1	1	1.0	MEDIUM	GCA_006411685.1
Tragelaphus buxtoni	frameshift_deletion|ex6|pos344|len10	frameshift_deletion	exon_6	6.0	344.0	2016.0	672.0	10.0		True	1	1	1	1.0	MEDIUM	GCA_006411685.1
Tragelaphus buxtoni	frameshift_deletion|ex6|pos472|len1	frameshift_deletion	exon_6	6.0	472.0	2144.0	715.0	1.0		True	1	1	1	1.0	MEDIUM	GCA_006411685.1
Tragelaphus buxtoni	frameshift_induced_stop|ex3|codon303	frameshift_induced_stop	exon_3	3.0	410.0	908.0	303.0			True	1	1	1	1.0	MEDIUM	GCA_006411685.1
Tragelaphus buxtoni	frameshift_induced_stop|ex3|codon354	frameshift_induced_stop	exon_3	3.0	564.0	1062.0	354.0			True	1	1	1	1.0	MEDIUM	GCA_006411685.1
Tragelaphus buxtoni	frameshift_induced_stop|ex6|codon786	frameshift_induced_stop	exon_6	6.0	686.0	2358.0	786.0			True	1	1	1	1.0	MEDIUM	GCA_006411685.1
Tragelaphus buxtoni	frameshift_insertion|ex6|pos284|len17	frameshift_insertion	exon_6	6.0	284.0	1956.0	652.0	17.0		True	1	1	1	1.0	MEDIUM	GCA_006411685.1
Tragelaphus buxtoni	inframe_deletion|ex6|pos89|len9	inframe_deletion	exon_6	6.0	89.0	1761.0	587.0	9.0		False	1	1	1	1.0	MEDIUM	GCA_006411685.1
Tragelaphus buxtoni	inframe_deletion|ex6|pos938|len21	inframe_deletion	exon_6	6.0	938.0	2610.0	870.0	21.0		False	1	1	1	1.0	MEDIUM	GCA_006411685.1
Tragelaphus buxtoni	inframe_deletion|ex6|pos978|len3	inframe_deletion	exon_6	6.0	978.0	2650.0	884.0	3.0		False	1	1	1	1.0	MEDIUM	GCA_006411685.1
Tragelaphus buxtoni	potential_splice_acceptor_disruption|ex5|GA	potential_splice_acceptor_disruption	exon_5	5.0	1.0	1549.0	517.0		GA	True	1	1	1	1.0	MEDIUM	GCA_006411685.1
Tragelaphus buxtoni	premature_stop|ex3|codon303	premature_stop	exon_3	3.0	409.0	907.0	303.0			True	1	1	1	1.0	MEDIUM	GCA_006411685.1
Tragelaphus buxtoni	premature_stop|ex3|codon361	premature_stop	exon_3	3.0	583.0	1081.0	361.0			True	1	1	1	1.0	MEDIUM	GCA_006411685.1
Tragelaphus buxtoni	premature_stop|ex5|codon526	premature_stop	exon_5	5.0	28.0	1576.0	526.0			True	1	1	1	1.0	MEDIUM	GCA_006411685.1
Tragelaphus buxtoni	premature_stop|ex6|codon722	premature_stop	exon_6	6.0	492.0	2164.0	722.0			True	1	1	1	1.0	MEDIUM	GCA_006411685.1
Tragelaphus eurycerus	candidate_large_frameshift_insertion|ex4|pos38|len709	candidate_large_frameshift_insertion	exon_4	4.0	38.0	1373.0	458.0	709.0		True	2	2	3	0.6666666666666666	HIGH	GCA_040438115.1;GCA_935064755.1
Tragelaphus eurycerus	frameshift_deletion|ex1|pos162|len1	frameshift_deletion	exon_1	1.0	162.0	162.0	54.0	1.0		True	3	3	3	1.0	HIGH	GCA_006410755.1;GCA_040438115.1;GCA_935064755.1
Tragelaphus eurycerus	frameshift_deletion|ex3|pos167|len7	frameshift_deletion	exon_3	3.0	167.0	665.0	222.0	7.0		True	3	3	3	1.0	HIGH	GCA_006410755.1;GCA_040438115.1;GCA_935064755.1
Tragelaphus eurycerus	frameshift_deletion|ex3|pos532|len4	frameshift_deletion	exon_3	3.0	532.0	1030.0	344.0	4.0		True	3	3	3	1.0	HIGH	GCA_006410755.1;GCA_040438115.1;GCA_935064755.1
Tragelaphus eurycerus	frameshift_deletion|ex4|pos132|len1	frameshift_deletion	exon_4	4.0	132.0	1467.0	489.0	1.0		True	3	3	3	1.0	HIGH	GCA_006410755.1;GCA_040438115.1;GCA_935064755.1
Tragelaphus eurycerus	frameshift_deletion|ex4|pos87|len2	frameshift_deletion	exon_4	4.0	87.0	1422.0	474.0	2.0		True	3	3	3	1.0	HIGH	GCA_006410755.1;GCA_040438115.1;GCA_935064755.1
Tragelaphus eurycerus	frameshift_deletion|ex6|pos344|len10	frameshift_deletion	exon_6	6.0	344.0	2016.0	672.0	10.0		True	3	3	3	1.0	HIGH	GCA_006410755.1;GCA_040438115.1;GCA_935064755.1
Tragelaphus eurycerus	frameshift_deletion|ex6|pos472|len1	frameshift_deletion	exon_6	6.0	472.0	2144.0	715.0	1.0		True	3	3	3	1.0	HIGH	GCA_006410755.1;GCA_040438115.1;GCA_935064755.1
Tragelaphus eurycerus	frameshift_deletion|ex6|pos741|len5	frameshift_deletion	exon_6	6.0	741.0	2413.0	805.0	5.0		True	3	3	3	1.0	HIGH	GCA_006410755.1;GCA_040438115.1;GCA_935064755.1
Tragelaphus eurycerus	frameshift_induced_stop|ex2|codon77	frameshift_induced_stop	exon_2	2.0	37.0	231.0	77.0			True	3	3	3	1.0	HIGH	GCA_006410755.1;GCA_040438115.1;GCA_935064755.1
Tragelaphus eurycerus	frameshift_induced_stop|ex3|codon236	frameshift_induced_stop	exon_3	3.0	208.0	706.0	236.0			True	3	3	3	1.0	HIGH	GCA_006410755.1;GCA_040438115.1;GCA_935064755.1
Tragelaphus eurycerus	frameshift_induced_stop|ex5|codon526	frameshift_induced_stop	exon_5	5.0	29.0	1577.0	526.0			True	2	2	3	0.6666666666666666	HIGH	GCA_040438115.1;GCA_935064755.1
Tragelaphus eurycerus	frameshift_induced_stop|ex6|codon652	frameshift_induced_stop	exon_6	6.0	284.0	1956.0	652.0			True	1	1	3	0.3333333333333333	LOW	GCA_006410755.1
Tragelaphus eurycerus	frameshift_induced_stop|ex6|codon691	frameshift_induced_stop	exon_6	6.0	399.0	2071.0	691.0			True	3	3	3	1.0	HIGH	GCA_006410755.1;GCA_040438115.1;GCA_935064755.1
Tragelaphus eurycerus	frameshift_induced_stop|ex6|codon722	frameshift_induced_stop	exon_6	6.0	493.0	2165.0	722.0			True	2	2	3	0.6666666666666666	HIGH	GCA_040438115.1;GCA_935064755.1
Tragelaphus eurycerus	frameshift_induced_stop|ex6|codon824	frameshift_induced_stop	exon_6	6.0	798.0	2470.0	824.0			True	1	1	3	0.3333333333333333	LOW	GCA_006410755.1
Tragelaphus eurycerus	frameshift_induced_stop|ex6|codon918	frameshift_induced_stop	exon_6	6.0	1080.0	2752.0	918.0			True	2	2	3	0.6666666666666666	HIGH	GCA_040438115.1;GCA_935064755.1
Tragelaphus eurycerus	frameshift_insertion|ex6|pos1070|len1	frameshift_insertion	exon_6	6.0	1070.0	2742.0	914.0	1.0		True	3	3	3	1.0	HIGH	GCA_006410755.1;GCA_040438115.1;GCA_935064755.1
Tragelaphus eurycerus	frameshift_insertion|ex6|pos284|len17	frameshift_insertion	exon_6	6.0	284.0	1956.0	652.0	17.0		True	3	3	3	1.0	HIGH	GCA_006410755.1;GCA_040438115.1;GCA_935064755.1
Tragelaphus eurycerus	frameshift_insertion|ex6|pos634|len5	frameshift_insertion	exon_6	6.0	634.0	2306.0	769.0	5.0		True	2	2	3	0.6666666666666666	HIGH	GCA_040438115.1;GCA_935064755.1
Tragelaphus eurycerus	inframe_deletion|ex6|pos541|len6	inframe_deletion	exon_6	6.0	541.0	2213.0	738.0	6.0		False	3	3	3	1.0	HIGH	GCA_006410755.1;GCA_040438115.1;GCA_935064755.1
Tragelaphus eurycerus	inframe_deletion|ex6|pos89|len9	inframe_deletion	exon_6	6.0	89.0	1761.0	587.0	9.0		False	3	3	3	1.0	HIGH	GCA_006410755.1;GCA_040438115.1;GCA_935064755.1
Tragelaphus eurycerus	inframe_deletion|ex6|pos935|len21	inframe_deletion	exon_6	6.0	935.0	2607.0	869.0	21.0		False	3	3	3	1.0	HIGH	GCA_006410755.1;GCA_040438115.1;GCA_935064755.1
Tragelaphus eurycerus	inframe_deletion|ex6|pos969|len3	inframe_deletion	exon_6	6.0	969.0	2641.0	881.0	3.0		False	3	3	3	1.0	HIGH	GCA_006410755.1;GCA_040438115.1;GCA_935064755.1
Tragelaphus eurycerus	inframe_insertion|ex6|pos635|len3	inframe_insertion	exon_6	6.0	635.0	2307.0	769.0	3.0		False	1	1	3	0.3333333333333333	LOW	GCA_006410755.1
Tragelaphus eurycerus	potential_splice_acceptor_disruption|ex4|AA	potential_splice_acceptor_disruption	exon_4	4.0	1.0	1336.0	446.0		AA	True	2	2	3	0.6666666666666666	HIGH	GCA_040438115.1;GCA_935064755.1
Tragelaphus eurycerus	potential_splice_acceptor_disruption|ex5|GA	potential_splice_acceptor_disruption	exon_5	5.0	1.0	1549.0	517.0		GA	True	2	2	3	0.6666666666666666	HIGH	GCA_040438115.1;GCA_935064755.1
Tragelaphus eurycerus	potential_splice_donor_disruption|ex1|CC	potential_splice_donor_disruption	exon_1	1.0	194.0	194.0	65.0		CC	True	3	3	3	1.0	HIGH	GCA_006410755.1;GCA_040438115.1;GCA_935064755.1
Tragelaphus eurycerus	premature_stop|ex2|codon97	premature_stop	exon_2	2.0	95.0	289.0	97.0			True	3	3	3	1.0	HIGH	GCA_006410755.1;GCA_040438115.1;GCA_935064755.1
Tragelaphus eurycerus	premature_stop|ex3|codon303	premature_stop	exon_3	3.0	409.0	907.0	303.0			True	3	3	3	1.0	HIGH	GCA_006410755.1;GCA_040438115.1;GCA_935064755.1
Tragelaphus eurycerus	premature_stop|ex3|codon361	premature_stop	exon_3	3.0	583.0	1081.0	361.0			True	3	3	3	1.0	HIGH	GCA_006410755.1;GCA_040438115.1;GCA_935064755.1
Tragelaphus eurycerus	premature_stop|ex4|codon479	premature_stop	exon_4	4.0	100.0	1435.0	479.0			True	3	3	3	1.0	HIGH	GCA_006410755.1;GCA_040438115.1;GCA_935064755.1
Tragelaphus eurycerus	premature_stop|ex5|codon526	premature_stop	exon_5	5.0	28.0	1576.0	526.0			True	3	3	3	1.0	HIGH	GCA_006410755.1;GCA_040438115.1;GCA_935064755.1
Tragelaphus eurycerus	premature_stop|ex6|codon634	premature_stop	exon_6	6.0	228.0	1900.0	634.0			True	3	3	3	1.0	HIGH	GCA_006410755.1;GCA_040438115.1;GCA_935064755.1
Tragelaphus eurycerus	premature_stop|ex6|codon722	premature_stop	exon_6	6.0	492.0	2164.0	722.0			True	3	3	3	1.0	HIGH	GCA_006410755.1;GCA_040438115.1;GCA_935064755.1
Tragelaphus imberbis	candidate_large_frameshift_insertion|ex4|pos38|len709	candidate_large_frameshift_insertion	exon_4	4.0	38.0	1373.0	458.0	709.0		True	1	1	1	1.0	MEDIUM	GCA_006410775.1
Tragelaphus imberbis	frameshift_deletion|ex1|pos162|len1	frameshift_deletion	exon_1	1.0	162.0	162.0	54.0	1.0		True	1	1	1	1.0	MEDIUM	GCA_006410775.1
Tragelaphus imberbis	frameshift_deletion|ex3|pos167|len7	frameshift_deletion	exon_3	3.0	167.0	665.0	222.0	7.0		True	1	1	1	1.0	MEDIUM	GCA_006410775.1
Tragelaphus imberbis	frameshift_deletion|ex3|pos532|len4	frameshift_deletion	exon_3	3.0	532.0	1030.0	344.0	4.0		True	1	1	1	1.0	MEDIUM	GCA_006410775.1
Tragelaphus imberbis	frameshift_deletion|ex4|pos132|len1	frameshift_deletion	exon_4	4.0	132.0	1467.0	489.0	1.0		True	1	1	1	1.0	MEDIUM	GCA_006410775.1
Tragelaphus imberbis	frameshift_deletion|ex4|pos87|len2	frameshift_deletion	exon_4	4.0	87.0	1422.0	474.0	2.0		True	1	1	1	1.0	MEDIUM	GCA_006410775.1
Tragelaphus imberbis	frameshift_deletion|ex6|pos344|len10	frameshift_deletion	exon_6	6.0	344.0	2016.0	672.0	10.0		True	1	1	1	1.0	MEDIUM	GCA_006410775.1
Tragelaphus imberbis	frameshift_deletion|ex6|pos472|len1	frameshift_deletion	exon_6	6.0	472.0	2144.0	715.0	1.0		True	1	1	1	1.0	MEDIUM	GCA_006410775.1
Tragelaphus imberbis	frameshift_deletion|ex6|pos736|len5	frameshift_deletion	exon_6	6.0	736.0	2408.0	803.0	5.0		True	1	1	1	1.0	MEDIUM	GCA_006410775.1
Tragelaphus imberbis	frameshift_induced_stop|ex2|codon77	frameshift_induced_stop	exon_2	2.0	37.0	231.0	77.0			True	1	1	1	1.0	MEDIUM	GCA_006410775.1
Tragelaphus imberbis	frameshift_induced_stop|ex3|codon236	frameshift_induced_stop	exon_3	3.0	208.0	706.0	236.0			True	1	1	1	1.0	MEDIUM	GCA_006410775.1
Tragelaphus imberbis	frameshift_induced_stop|ex5|codon526	frameshift_induced_stop	exon_5	5.0	29.0	1577.0	526.0			True	1	1	1	1.0	MEDIUM	GCA_006410775.1
Tragelaphus imberbis	frameshift_induced_stop|ex6|codon691	frameshift_induced_stop	exon_6	6.0	399.0	2071.0	691.0			True	1	1	1	1.0	MEDIUM	GCA_006410775.1
Tragelaphus imberbis	frameshift_induced_stop|ex6|codon722	frameshift_induced_stop	exon_6	6.0	493.0	2165.0	722.0			True	1	1	1	1.0	MEDIUM	GCA_006410775.1
Tragelaphus imberbis	frameshift_induced_stop|ex6|codon824	frameshift_induced_stop	exon_6	6.0	798.0	2470.0	824.0			True	1	1	1	1.0	MEDIUM	GCA_006410775.1
Tragelaphus imberbis	frameshift_insertion|ex6|pos284|len17	frameshift_insertion	exon_6	6.0	284.0	1956.0	652.0	17.0		True	1	1	1	1.0	MEDIUM	GCA_006410775.1
Tragelaphus imberbis	inframe_deletion|ex6|pos89|len9	inframe_deletion	exon_6	6.0	89.0	1761.0	587.0	9.0		False	1	1	1	1.0	MEDIUM	GCA_006410775.1
Tragelaphus imberbis	inframe_deletion|ex6|pos935|len21	inframe_deletion	exon_6	6.0	935.0	2607.0	869.0	21.0		False	1	1	1	1.0	MEDIUM	GCA_006410775.1
Tragelaphus imberbis	potential_splice_acceptor_disruption|ex4|AA	potential_splice_acceptor_disruption	exon_4	4.0	1.0	1336.0	446.0		AA	True	1	1	1	1.0	MEDIUM	GCA_006410775.1
Tragelaphus imberbis	potential_splice_acceptor_disruption|ex5|GA	potential_splice_acceptor_disruption	exon_5	5.0	1.0	1549.0	517.0		GA	True	1	1	1	1.0	MEDIUM	GCA_006410775.1
Tragelaphus imberbis	potential_splice_acceptor_disruption|ex6|CA	potential_splice_acceptor_disruption	exon_6	6.0	1.0	1673.0	558.0		CA	True	1	1	1	1.0	MEDIUM	GCA_006410775.1
Tragelaphus imberbis	potential_splice_donor_disruption|ex1|CC	potential_splice_donor_disruption	exon_1	1.0	194.0	194.0	65.0		CC	True	1	1	1	1.0	MEDIUM	GCA_006410775.1
Tragelaphus imberbis	premature_stop|ex2|codon97	premature_stop	exon_2	2.0	95.0	289.0	97.0			True	1	1	1	1.0	MEDIUM	GCA_006410775.1
Tragelaphus imberbis	premature_stop|ex3|codon303	premature_stop	exon_3	3.0	409.0	907.0	303.0			True	1	1	1	1.0	MEDIUM	GCA_006410775.1
Tragelaphus imberbis	premature_stop|ex3|codon361	premature_stop	exon_3	3.0	583.0	1081.0	361.0			True	1	1	1	1.0	MEDIUM	GCA_006410775.1
Tragelaphus imberbis	premature_stop|ex5|codon526	premature_stop	exon_5	5.0	28.0	1576.0	526.0			True	1	1	1	1.0	MEDIUM	GCA_006410775.1
Tragelaphus imberbis	premature_stop|ex6|codon722	premature_stop	exon_6	6.0	492.0	2164.0	722.0			True	1	1	1	1.0	MEDIUM	GCA_006410775.1
Tragelaphus oryx	exon_unresolved|ex1	exon_unresolved	exon_1	1.0	1.0	1.0	1.0	194.0		False	1	0	0		LOW	
Tragelaphus oryx	exon_unresolved|ex2	exon_unresolved	exon_2	2.0	1.0	195.0	65.0	304.0		False	1	0	0		LOW	
Tragelaphus oryx	exon_unresolved|ex3	exon_unresolved	exon_3	3.0	1.0	499.0	167.0	837.0		False	1	0	0		LOW	
Tragelaphus oryx	exon_unresolved|ex4	exon_unresolved	exon_4	4.0	1.0	1336.0	446.0	213.0		False	1	0	0		LOW	
Tragelaphus oryx	exon_unresolved|ex5	exon_unresolved	exon_5	5.0	1.0	1549.0	517.0	124.0		False	1	0	0		LOW	
Tragelaphus oryx	frameshift_deletion|ex6|pos344|len10	frameshift_deletion	exon_6	6.0	344.0	2016.0	672.0	10.0		True	1	1	1	1.0	MEDIUM	GCA_006416875.1
Tragelaphus oryx	frameshift_deletion|ex6|pos474|len1	frameshift_deletion	exon_6	6.0	474.0	2146.0	716.0	1.0		True	1	1	1	1.0	MEDIUM	GCA_006416875.1
Tragelaphus oryx	frameshift_deletion|ex6|pos737|len5	frameshift_deletion	exon_6	6.0	737.0	2409.0	803.0	5.0		True	1	1	1	1.0	MEDIUM	GCA_006416875.1
Tragelaphus oryx	frameshift_induced_stop|ex6|codon668	frameshift_induced_stop	exon_6	6.0	332.0	2004.0	668.0			True	1	1	1	1.0	MEDIUM	GCA_006416875.1
Tragelaphus oryx	frameshift_induced_stop|ex6|codon691	frameshift_induced_stop	exon_6	6.0	399.0	2071.0	691.0			True	1	1	1	1.0	MEDIUM	GCA_006416875.1
Tragelaphus oryx	frameshift_induced_stop|ex6|codon824	frameshift_induced_stop	exon_6	6.0	798.0	2470.0	824.0			True	1	1	1	1.0	MEDIUM	GCA_006416875.1
Tragelaphus oryx	frameshift_insertion|ex6|pos284|len17	frameshift_insertion	exon_6	6.0	284.0	1956.0	652.0	17.0		True	1	1	1	1.0	MEDIUM	GCA_006416875.1
Tragelaphus oryx	inframe_deletion|ex6|pos89|len9	inframe_deletion	exon_6	6.0	89.0	1761.0	587.0	9.0		False	1	1	1	1.0	MEDIUM	GCA_006416875.1
Tragelaphus oryx	inframe_deletion|ex6|pos935|len21	inframe_deletion	exon_6	6.0	935.0	2607.0	869.0	21.0		False	1	1	1	1.0	MEDIUM	GCA_006416875.1
Tragelaphus oryx	inframe_deletion|ex6|pos969|len3	inframe_deletion	exon_6	6.0	969.0	2641.0	881.0	3.0		False	1	1	1	1.0	MEDIUM	GCA_006416875.1
Tragelaphus oryx	premature_stop|ex6|codon722	premature_stop	exon_6	6.0	492.0	2164.0	722.0			True	1	1	1	1.0	MEDIUM	GCA_006416875.1
Tragelaphus scriptus	exon_unresolved|ex5	exon_unresolved	exon_5	5.0	1.0	1549.0	517.0	124.0		False	1	0	0		LOW	
Tragelaphus scriptus	exon_unresolved|ex6	exon_unresolved	exon_6	6.0	1.0	1673.0	558.0	1115.0		False	1	0	0		LOW	
Tragelaphus scriptus	frameshift_deletion|ex1|pos162|len1	frameshift_deletion	exon_1	1.0	162.0	162.0	54.0	1.0		True	1	1	1	1.0	MEDIUM	GCA_006410495.1
Tragelaphus scriptus	frameshift_deletion|ex3|pos167|len7	frameshift_deletion	exon_3	3.0	167.0	665.0	222.0	7.0		True	1	1	1	1.0	MEDIUM	GCA_006410495.1
Tragelaphus scriptus	frameshift_deletion|ex4|pos132|len1	frameshift_deletion	exon_4	4.0	132.0	1467.0	489.0	1.0		True	1	1	1	1.0	MEDIUM	GCA_006410495.1
Tragelaphus scriptus	frameshift_deletion|ex4|pos87|len2	frameshift_deletion	exon_4	4.0	87.0	1422.0	474.0	2.0		True	1	1	1	1.0	MEDIUM	GCA_006410495.1
Tragelaphus scriptus	frameshift_induced_stop|ex2|codon77	frameshift_induced_stop	exon_2	2.0	37.0	231.0	77.0			True	1	1	1	1.0	MEDIUM	GCA_006410495.1
Tragelaphus scriptus	frameshift_induced_stop|ex3|codon239	frameshift_induced_stop	exon_3	3.0	219.0	717.0	239.0			True	1	1	1	1.0	MEDIUM	GCA_006410495.1
Tragelaphus scriptus	frameshift_induced_stop|ex4|codon496	frameshift_induced_stop	exon_4	4.0	153.0	1488.0	496.0			True	1	1	1	1.0	MEDIUM	GCA_006410495.1
Tragelaphus scriptus	frameshift_insertion|ex2|pos280|len1	frameshift_insertion	exon_2	2.0	280.0	474.0	158.0	1.0		True	1	1	1	1.0	MEDIUM	GCA_006410495.1
Tragelaphus scriptus	inframe_deletion|ex3|pos530|len6	inframe_deletion	exon_3	3.0	530.0	1028.0	343.0	6.0		False	1	1	1	1.0	MEDIUM	GCA_006410495.1
Tragelaphus scriptus	potential_splice_donor_disruption|ex1|CC	potential_splice_donor_disruption	exon_1	1.0	194.0	194.0	65.0		CC	True	1	1	1	1.0	MEDIUM	GCA_006410495.1
Tragelaphus scriptus	premature_stop|ex2|codon97	premature_stop	exon_2	2.0	95.0	289.0	97.0			True	1	1	1	1.0	MEDIUM	GCA_006410495.1
Tragelaphus scriptus	premature_stop|ex3|codon303	premature_stop	exon_3	3.0	409.0	907.0	303.0			True	1	1	1	1.0	MEDIUM	GCA_006410495.1
Tragelaphus scriptus	premature_stop|ex3|codon361	premature_stop	exon_3	3.0	583.0	1081.0	361.0			True	1	1	1	1.0	MEDIUM	GCA_006410495.1
Tragelaphus spekii	frameshift_deletion|ex1|pos162|len1	frameshift_deletion	exon_1	1.0	162.0	162.0	54.0	1.0		True	1	1	1	1.0	MEDIUM	GCA_006411015.1
Tragelaphus spekii	frameshift_deletion|ex3|pos167|len7	frameshift_deletion	exon_3	3.0	167.0	665.0	222.0	7.0		True	1	1	1	1.0	MEDIUM	GCA_006411015.1
Tragelaphus spekii	frameshift_deletion|ex3|pos532|len4	frameshift_deletion	exon_3	3.0	532.0	1030.0	344.0	4.0		True	1	1	1	1.0	MEDIUM	GCA_006411015.1
Tragelaphus spekii	frameshift_deletion|ex6|pos344|len10	frameshift_deletion	exon_6	6.0	344.0	2016.0	672.0	10.0		True	1	1	1	1.0	MEDIUM	GCA_006411015.1
Tragelaphus spekii	frameshift_deletion|ex6|pos474|len1	frameshift_deletion	exon_6	6.0	474.0	2146.0	716.0	1.0		True	1	1	1	1.0	MEDIUM	GCA_006411015.1
Tragelaphus spekii	frameshift_deletion|ex6|pos737|len5	frameshift_deletion	exon_6	6.0	737.0	2409.0	803.0	5.0		True	1	1	1	1.0	MEDIUM	GCA_006411015.1
Tragelaphus spekii	frameshift_induced_stop|ex2|codon77	frameshift_induced_stop	exon_2	2.0	37.0	231.0	77.0			True	1	1	1	1.0	MEDIUM	GCA_006411015.1
Tragelaphus spekii	frameshift_induced_stop|ex3|codon236	frameshift_induced_stop	exon_3	3.0	208.0	706.0	236.0			True	1	1	1	1.0	MEDIUM	GCA_006411015.1
Tragelaphus spekii	frameshift_induced_stop|ex6|codon652	frameshift_induced_stop	exon_6	6.0	284.0	1956.0	652.0			True	1	1	1	1.0	MEDIUM	GCA_006411015.1
Tragelaphus spekii	frameshift_induced_stop|ex6|codon691	frameshift_induced_stop	exon_6	6.0	399.0	2071.0	691.0			True	1	1	1	1.0	MEDIUM	GCA_006411015.1
Tragelaphus spekii	frameshift_induced_stop|ex6|codon824	frameshift_induced_stop	exon_6	6.0	798.0	2470.0	824.0			True	1	1	1	1.0	MEDIUM	GCA_006411015.1
Tragelaphus spekii	frameshift_insertion|ex6|pos1070|len1	frameshift_insertion	exon_6	6.0	1070.0	2742.0	914.0	1.0		True	1	1	1	1.0	MEDIUM	GCA_006411015.1
Tragelaphus spekii	frameshift_insertion|ex6|pos284|len17	frameshift_insertion	exon_6	6.0	284.0	1956.0	652.0	17.0		True	1	1	1	1.0	MEDIUM	GCA_006411015.1
Tragelaphus spekii	inframe_deletion|ex6|pos89|len9	inframe_deletion	exon_6	6.0	89.0	1761.0	587.0	9.0		False	1	1	1	1.0	MEDIUM	GCA_006411015.1
Tragelaphus spekii	inframe_deletion|ex6|pos935|len21	inframe_deletion	exon_6	6.0	935.0	2607.0	869.0	21.0		False	1	1	1	1.0	MEDIUM	GCA_006411015.1
Tragelaphus spekii	potential_splice_acceptor_disruption|ex5|GA	potential_splice_acceptor_disruption	exon_5	5.0	1.0	1549.0	517.0		GA	True	1	1	1	1.0	MEDIUM	GCA_006411015.1
Tragelaphus spekii	potential_splice_donor_disruption|ex1|CC	potential_splice_donor_disruption	exon_1	1.0	194.0	194.0	65.0		CC	True	1	1	1	1.0	MEDIUM	GCA_006411015.1
Tragelaphus spekii	premature_stop|ex2|codon97	premature_stop	exon_2	2.0	95.0	289.0	97.0			True	1	1	1	1.0	MEDIUM	GCA_006411015.1
Tragelaphus spekii	premature_stop|ex3|codon303	premature_stop	exon_3	3.0	409.0	907.0	303.0			True	1	1	1	1.0	MEDIUM	GCA_006411015.1
Tragelaphus spekii	premature_stop|ex3|codon361	premature_stop	exon_3	3.0	583.0	1081.0	361.0			True	1	1	1	1.0	MEDIUM	GCA_006411015.1
Tragelaphus spekii	premature_stop|ex5|codon526	premature_stop	exon_5	5.0	28.0	1576.0	526.0			True	1	1	1	1.0	MEDIUM	GCA_006411015.1
Tragelaphus spekii	premature_stop|ex6|codon722	premature_stop	exon_6	6.0	492.0	2164.0	722.0			True	1	1	1	1.0	MEDIUM	GCA_006411015.1
Tragelaphus spekii	probable_exon_deletion|ex4|pos1|len213	probable_exon_deletion	exon_4	4.0	1.0	1336.0	446.0	213.0		True	1	1	0		MEDIUM	GCA_006411015.1
Tragelaphus strepsiceros	frameshift_deletion|ex1|pos162|len1	frameshift_deletion	exon_1	1.0	162.0	162.0	54.0	1.0		True	1	1	1	1.0	MEDIUM	GCA_006410795.1
Tragelaphus strepsiceros	frameshift_deletion|ex3|pos167|len7	frameshift_deletion	exon_3	3.0	167.0	665.0	222.0	7.0		True	1	1	1	1.0	MEDIUM	GCA_006410795.1
Tragelaphus strepsiceros	frameshift_deletion|ex3|pos532|len4	frameshift_deletion	exon_3	3.0	532.0	1030.0	344.0	4.0		True	1	1	1	1.0	MEDIUM	GCA_006410795.1
Tragelaphus strepsiceros	frameshift_deletion|ex6|pos472|len1	frameshift_deletion	exon_6	6.0	472.0	2144.0	715.0	1.0		True	1	1	1	1.0	MEDIUM	GCA_006410795.1
Tragelaphus strepsiceros	frameshift_deletion|ex6|pos737|len5	frameshift_deletion	exon_6	6.0	737.0	2409.0	803.0	5.0		True	1	1	1	1.0	MEDIUM	GCA_006410795.1
Tragelaphus strepsiceros	frameshift_induced_stop|ex2|codon77	frameshift_induced_stop	exon_2	2.0	37.0	231.0	77.0			True	1	1	1	1.0	MEDIUM	GCA_006410795.1
Tragelaphus strepsiceros	frameshift_induced_stop|ex3|codon236	frameshift_induced_stop	exon_3	3.0	208.0	706.0	236.0			True	1	1	1	1.0	MEDIUM	GCA_006410795.1
Tragelaphus strepsiceros	frameshift_induced_stop|ex6|codon652	frameshift_induced_stop	exon_6	6.0	284.0	1956.0	652.0			True	1	1	1	1.0	MEDIUM	GCA_006410795.1
Tragelaphus strepsiceros	frameshift_induced_stop|ex6|codon824	frameshift_induced_stop	exon_6	6.0	798.0	2470.0	824.0			True	1	1	1	1.0	MEDIUM	GCA_006410795.1
Tragelaphus strepsiceros	frameshift_insertion|ex6|pos1070|len1	frameshift_insertion	exon_6	6.0	1070.0	2742.0	914.0	1.0		True	1	1	1	1.0	MEDIUM	GCA_006410795.1
Tragelaphus strepsiceros	frameshift_insertion|ex6|pos284|len17	frameshift_insertion	exon_6	6.0	284.0	1956.0	652.0	17.0		True	1	1	1	1.0	MEDIUM	GCA_006410795.1
Tragelaphus strepsiceros	frameshift_insertion|ex6|pos461|len1	frameshift_insertion	exon_6	6.0	461.0	2133.0	711.0	1.0		True	1	1	1	1.0	MEDIUM	GCA_006410795.1
Tragelaphus strepsiceros	frameshift_insertion|ex6|pos525|len4	frameshift_insertion	exon_6	6.0	525.0	2197.0	733.0	4.0		True	1	1	1	1.0	MEDIUM	GCA_006410795.1
Tragelaphus strepsiceros	inframe_deletion|ex6|pos89|len9	inframe_deletion	exon_6	6.0	89.0	1761.0	587.0	9.0		False	1	1	1	1.0	MEDIUM	GCA_006410795.1
Tragelaphus strepsiceros	inframe_deletion|ex6|pos935|len21	inframe_deletion	exon_6	6.0	935.0	2607.0	869.0	21.0		False	1	1	1	1.0	MEDIUM	GCA_006410795.1
Tragelaphus strepsiceros	inframe_deletion|ex6|pos969|len3	inframe_deletion	exon_6	6.0	969.0	2641.0	881.0	3.0		False	1	1	1	1.0	MEDIUM	GCA_006410795.1
Tragelaphus strepsiceros	potential_splice_acceptor_disruption|ex5|GA	potential_splice_acceptor_disruption	exon_5	5.0	1.0	1549.0	517.0		GA	True	1	1	1	1.0	MEDIUM	GCA_006410795.1
Tragelaphus strepsiceros	potential_splice_donor_disruption|ex1|CC	potential_splice_donor_disruption	exon_1	1.0	194.0	194.0	65.0		CC	True	1	1	1	1.0	MEDIUM	GCA_006410795.1
Tragelaphus strepsiceros	premature_stop|ex2|codon97	premature_stop	exon_2	2.0	95.0	289.0	97.0			True	1	1	1	1.0	MEDIUM	GCA_006410795.1
Tragelaphus strepsiceros	premature_stop|ex3|codon204	premature_stop	exon_3	3.0	112.0	610.0	204.0			True	1	1	1	1.0	MEDIUM	GCA_006410795.1
Tragelaphus strepsiceros	premature_stop|ex3|codon303	premature_stop	exon_3	3.0	409.0	907.0	303.0			True	1	1	1	1.0	MEDIUM	GCA_006410795.1
Tragelaphus strepsiceros	premature_stop|ex3|codon310	premature_stop	exon_3	3.0	430.0	928.0	310.0			True	1	1	1	1.0	MEDIUM	GCA_006410795.1
Tragelaphus strepsiceros	premature_stop|ex3|codon361	premature_stop	exon_3	3.0	583.0	1081.0	361.0			True	1	1	1	1.0	MEDIUM	GCA_006410795.1
Tragelaphus strepsiceros	premature_stop|ex5|codon526	premature_stop	exon_5	5.0	28.0	1576.0	526.0			True	1	1	1	1.0	MEDIUM	GCA_006410795.1
Tragelaphus strepsiceros	premature_stop|ex6|codon722	premature_stop	exon_6	6.0	492.0	2164.0	722.0			True	1	1	1	1.0	MEDIUM	GCA_006410795.1
Tragelaphus strepsiceros	probable_exon_deletion|ex4|pos1|len213	probable_exon_deletion	exon_4	4.0	1.0	1336.0	446.0	213.0		True	1	1	0		MEDIUM	GCA_006410795.1
Tragulus javanicus	exon_unresolved|ex2	exon_unresolved	exon_2	2.0	1.0	195.0	65.0	304.0		False	2	0	0		LOW	
Tragulus javanicus	exon_unresolved|ex3	exon_unresolved	exon_3	3.0	1.0	499.0	167.0	837.0		False	2	0	0		LOW	
Tragulus javanicus	exon_unresolved|ex4	exon_unresolved	exon_4	4.0	1.0	1336.0	446.0	213.0		False	1	0	0		LOW	
Tragulus javanicus	exon_unresolved|ex5	exon_unresolved	exon_5	5.0	1.0	1549.0	517.0	124.0		False	1	0	1	0.0	LOW	
Tragulus javanicus	frameshift_deletion|ex4|pos45|len5	frameshift_deletion	exon_4	4.0	45.0	1380.0	460.0	5.0		True	1	0	0		LOW	
Tragulus javanicus	frameshift_deletion|ex5|pos63|len1	frameshift_deletion	exon_5	5.0	63.0	1611.0	537.0	1.0		True	1	1	1	1.0	MEDIUM	GCA_004024965.2
Tragulus javanicus	frameshift_deletion|ex5|pos67|len1	frameshift_deletion	exon_5	5.0	67.0	1615.0	539.0	1.0		True	1	1	1	1.0	MEDIUM	GCA_004024965.2
Tragulus javanicus	frameshift_deletion|ex6|pos446|len1	frameshift_deletion	exon_6	6.0	446.0	2118.0	706.0	1.0		True	2	2	2	1.0	HIGH	GCA_004024965.2;GCA_022457235.1
Tragulus javanicus	frameshift_deletion|ex6|pos612|len1	frameshift_deletion	exon_6	6.0	612.0	2284.0	762.0	1.0		True	2	2	2	1.0	HIGH	GCA_004024965.2;GCA_022457235.1
Tragulus javanicus	frameshift_induced_stop|ex1|codon37	frameshift_induced_stop	exon_1	1.0	111.0	111.0	37.0			True	1	1	2	0.5	MEDIUM	GCA_022457235.1
Tragulus javanicus	frameshift_induced_stop|ex4|codon465	frameshift_induced_stop	exon_4	4.0	58.0	1393.0	465.0			True	1	1	0		MEDIUM	GCA_004024965.2
Tragulus javanicus	frameshift_induced_stop|ex5|codon544	frameshift_induced_stop	exon_5	5.0	82.0	1630.0	544.0			True	1	1	1	1.0	MEDIUM	GCA_004024965.2
Tragulus javanicus	frameshift_induced_stop|ex6|codon630	frameshift_induced_stop	exon_6	6.0	218.0	1890.0	630.0			True	1	1	2	0.5	MEDIUM	GCA_004024965.2
Tragulus javanicus	frameshift_induced_stop|ex6|codon660	frameshift_induced_stop	exon_6	6.0	306.0	1978.0	660.0			True	1	1	2	0.5	MEDIUM	GCA_022457235.1
Tragulus javanicus	frameshift_induced_stop|ex6|codon717	frameshift_induced_stop	exon_6	6.0	479.0	2151.0	717.0			True	1	1	2	0.5	MEDIUM	GCA_004024965.2
Tragulus javanicus	frameshift_induced_stop|ex6|codon778	frameshift_induced_stop	exon_6	6.0	660.0	2332.0	778.0			True	1	1	2	0.5	MEDIUM	GCA_004024965.2
Tragulus javanicus	frameshift_induced_stop|ex6|codon786	frameshift_induced_stop	exon_6	6.0	686.0	2358.0	786.0			True	1	1	2	0.5	MEDIUM	GCA_022457235.1
Tragulus javanicus	frameshift_insertion|ex1|pos72|len14	frameshift_insertion	exon_1	1.0	72.0	72.0	24.0	14.0		True	2	2	2	1.0	HIGH	GCA_004024965.2;GCA_022457235.1
Tragulus javanicus	frameshift_insertion|ex1|pos76|len1	frameshift_insertion	exon_1	1.0	76.0	76.0	26.0	1.0		True	1	1	2	0.5	MEDIUM	GCA_004024965.2
Tragulus javanicus	frameshift_insertion|ex5|pos72|len2	frameshift_insertion	exon_5	5.0	72.0	1620.0	540.0	2.0		True	1	1	1	1.0	MEDIUM	GCA_004024965.2
Tragulus javanicus	frameshift_insertion|ex6|pos214|len1	frameshift_insertion	exon_6	6.0	214.0	1886.0	629.0	1.0		True	2	2	2	1.0	HIGH	GCA_004024965.2;GCA_022457235.1
Tragulus javanicus	frameshift_insertion|ex6|pos268|len1	frameshift_insertion	exon_6	6.0	268.0	1940.0	647.0	1.0		True	2	2	2	1.0	HIGH	GCA_004024965.2;GCA_022457235.1
Tragulus javanicus	inframe_insertion|ex6|pos125|len3	inframe_insertion	exon_6	6.0	125.0	1797.0	599.0	3.0		False	2	2	2	1.0	HIGH	GCA_004024965.2;GCA_022457235.1
Tragulus javanicus	inframe_insertion|ex6|pos603|len3	inframe_insertion	exon_6	6.0	603.0	2275.0	759.0	3.0		False	2	2	2	1.0	HIGH	GCA_004024965.2;GCA_022457235.1
Tragulus javanicus	potential_splice_acceptor_disruption|ex5|GA	potential_splice_acceptor_disruption	exon_5	5.0	1.0	1549.0	517.0		GA	True	1	1	1	1.0	MEDIUM	GCA_004024965.2
Tragulus javanicus	potential_splice_acceptor_disruption|ex6|AC	potential_splice_acceptor_disruption	exon_6	6.0	1.0	1673.0	558.0		AC	True	2	2	2	1.0	HIGH	GCA_004024965.2;GCA_022457235.1
Tragulus javanicus	potential_splice_donor_disruption|ex1|AC	potential_splice_donor_disruption	exon_1	1.0	194.0	194.0	65.0		AC	True	2	2	2	1.0	HIGH	GCA_004024965.2;GCA_022457235.1
Tragulus javanicus	premature_stop|ex6|codon571	premature_stop	exon_6	6.0	39.0	1711.0	571.0			True	2	2	2	1.0	HIGH	GCA_004024965.2;GCA_022457235.1
Tragulus javanicus	premature_stop|ex6|codon744	premature_stop	exon_6	6.0	558.0	2230.0	744.0			True	2	2	2	1.0	HIGH	GCA_004024965.2;GCA_022457235.1
Tragulus kanchil	exon_unresolved|ex2	exon_unresolved	exon_2	2.0	1.0	195.0	65.0	304.0		False	2	0	0		LOW	
Tragulus kanchil	exon_unresolved|ex3	exon_unresolved	exon_3	3.0	1.0	499.0	167.0	837.0		False	2	0	0		LOW	
Tragulus kanchil	exon_unresolved|ex4	exon_unresolved	exon_4	4.0	1.0	1336.0	446.0	213.0		False	1	0	0		LOW	
Tragulus kanchil	exon_unresolved|ex5	exon_unresolved	exon_5	5.0	1.0	1549.0	517.0	124.0		False	1	0	1	0.0	LOW	
Tragulus kanchil	frameshift_deletion|ex4|pos45|len5	frameshift_deletion	exon_4	4.0	45.0	1380.0	460.0	5.0		True	1	0	0		LOW	
Tragulus kanchil	frameshift_deletion|ex5|pos63|len1	frameshift_deletion	exon_5	5.0	63.0	1611.0	537.0	1.0		True	1	1	1	1.0	MEDIUM	GCA_022376925.1
Tragulus kanchil	frameshift_deletion|ex5|pos67|len1	frameshift_deletion	exon_5	5.0	67.0	1615.0	539.0	1.0		True	1	1	1	1.0	MEDIUM	GCA_022376925.1
Tragulus kanchil	frameshift_deletion|ex6|pos446|len1	frameshift_deletion	exon_6	6.0	446.0	2118.0	706.0	1.0		True	2	2	2	1.0	HIGH	GCA_006408655.1;GCA_022376925.1
Tragulus kanchil	frameshift_deletion|ex6|pos612|len1	frameshift_deletion	exon_6	6.0	612.0	2284.0	762.0	1.0		True	2	2	2	1.0	HIGH	GCA_006408655.1;GCA_022376925.1
Tragulus kanchil	frameshift_induced_stop|ex1|codon37	frameshift_induced_stop	exon_1	1.0	111.0	111.0	37.0			True	2	2	2	1.0	HIGH	GCA_006408655.1;GCA_022376925.1
Tragulus kanchil	frameshift_induced_stop|ex6|codon660	frameshift_induced_stop	exon_6	6.0	306.0	1978.0	660.0			True	1	1	2	0.5	MEDIUM	GCA_006408655.1
Tragulus kanchil	frameshift_induced_stop|ex6|codon668	frameshift_induced_stop	exon_6	6.0	332.0	2004.0	668.0			True	1	1	2	0.5	MEDIUM	GCA_022376925.1
Tragulus kanchil	frameshift_induced_stop|ex6|codon729	frameshift_induced_stop	exon_6	6.0	513.0	2185.0	729.0			True	1	1	2	0.5	MEDIUM	GCA_022376925.1
Tragulus kanchil	frameshift_induced_stop|ex6|codon786	frameshift_induced_stop	exon_6	6.0	686.0	2358.0	786.0			True	2	2	2	1.0	HIGH	GCA_006408655.1;GCA_022376925.1
Tragulus kanchil	frameshift_insertion|ex1|pos72|len14	frameshift_insertion	exon_1	1.0	72.0	72.0	24.0	14.0		True	2	2	2	1.0	HIGH	GCA_006408655.1;GCA_022376925.1
Tragulus kanchil	frameshift_insertion|ex5|pos72|len2	frameshift_insertion	exon_5	5.0	72.0	1620.0	540.0	2.0		True	1	1	1	1.0	MEDIUM	GCA_022376925.1
Tragulus kanchil	frameshift_insertion|ex6|pos214|len1	frameshift_insertion	exon_6	6.0	214.0	1886.0	629.0	1.0		True	2	2	2	1.0	HIGH	GCA_006408655.1;GCA_022376925.1
Tragulus kanchil	frameshift_insertion|ex6|pos268|len1	frameshift_insertion	exon_6	6.0	268.0	1940.0	647.0	1.0		True	2	2	2	1.0	HIGH	GCA_006408655.1;GCA_022376925.1
Tragulus kanchil	frameshift_insertion|ex6|pos568|len4	frameshift_insertion	exon_6	6.0	568.0	2240.0	747.0	4.0		True	1	1	2	0.5	MEDIUM	GCA_022376925.1
Tragulus kanchil	frameshift_insertion|ex6|pos574|len1	frameshift_insertion	exon_6	6.0	574.0	2246.0	749.0	1.0		True	1	1	2	0.5	MEDIUM	GCA_022376925.1
Tragulus kanchil	inframe_insertion|ex6|pos125|len3	inframe_insertion	exon_6	6.0	125.0	1797.0	599.0	3.0		False	2	2	2	1.0	HIGH	GCA_006408655.1;GCA_022376925.1
Tragulus kanchil	inframe_insertion|ex6|pos603|len3	inframe_insertion	exon_6	6.0	603.0	2275.0	759.0	3.0		False	2	2	2	1.0	HIGH	GCA_006408655.1;GCA_022376925.1
Tragulus kanchil	potential_splice_acceptor_disruption|ex5|GA	potential_splice_acceptor_disruption	exon_5	5.0	1.0	1549.0	517.0		GA	True	1	1	1	1.0	MEDIUM	GCA_022376925.1
Tragulus kanchil	potential_splice_acceptor_disruption|ex6|AC	potential_splice_acceptor_disruption	exon_6	6.0	1.0	1673.0	558.0		AC	True	2	2	2	1.0	HIGH	GCA_006408655.1;GCA_022376925.1
Tragulus kanchil	potential_splice_donor_disruption|ex1|AC	potential_splice_donor_disruption	exon_1	1.0	194.0	194.0	65.0		AC	True	2	2	2	1.0	HIGH	GCA_006408655.1;GCA_022376925.1
Tragulus kanchil	premature_stop|ex6|codon571	premature_stop	exon_6	6.0	39.0	1711.0	571.0			True	2	2	2	1.0	HIGH	GCA_006408655.1;GCA_022376925.1
Tragulus kanchil	premature_stop|ex6|codon744	premature_stop	exon_6	6.0	558.0	2230.0	744.0			True	2	2	2	1.0	HIGH	GCA_006408655.1;GCA_022376925.1
