accession	organism_name	species	assembly_level	assembly_status	species_status	source	callable_fraction	reconstructed_fraction	n_fraction	explicit_deleted_nt	insertion_nt	sensitive_rescued_nt	internal_stop_count_naive	frame_remainder	supported_events	rescued_events	quality_score	warnings
GCA_000003055.5	Bos taurus	Bos taurus	Chromosome	UNRESOLVED_ASSEMBLY_GAP	DISRUPTED_HIGH	first_pass_reference_anchored_remnant	0.9598134194474345	0.9598134194474345	0.01942103334554782	59	1	0	33	2	14	0	124.71544702347435	"[""refiner_sensitive_exon_blast_incorporated""]"
GCA_000003205.6	Bos taurus	Bos taurus	Chromosome	UNRESOLVED_ASSEMBLY_GAP	DISRUPTED_HIGH	first_pass_reference_anchored_remnant	0.9598134194474345	0.9598134194474345	0.01942103334554782	59	1	0	33	2	14	0	124.71544702347435	"[""refiner_sensitive_exon_blast_incorporated""]"
GCA_000005525.1	Ovis aries	Ovis aries	Chromosome	UNRESOLVED_ASSEMBLY_GAP	DISRUPTED_LIKELY	first_pass_plus_refiner_sensitive_remnant	0.7402224614280588	0.7412988876928597	0.2451659978110179	52	6	44	29	2	10	0	98.92366378751703	"[""refiner_sensitive_exon_blast_incorporated""]"
GCA_000180995.3	Bubalus bubalis	Bubalus bubalis	Scaffold	UNRESOLVED_ASSEMBLY_GAP	DISRUPTED_HIGH	first_pass_plus_refiner_sensitive_remnant	0.8008611410118407	0.8008611410118407	0.17820324005891017	71	0	43	24	1	11	0	98.0862225730545	"[""refiner_sensitive_exon_blast_incorporated""]"
GCA_000191605.1	Odocoileus virginianus	Odocoileus virginianus	Contig	UNRESOLVED	DISRUPTED_HIGH	first_pass_reference_anchored_remnant	0.0	0.0	1.0	0	0	0	0	0	0	0	-7.0	"[""raw_blast_missing_or_empty""]"
GCA_000191625.1	Odocoileus virginianus	Odocoileus virginianus	Contig	UNRESOLVED	DISRUPTED_HIGH	first_pass_reference_anchored_remnant	0.0	0.0	1.0	0	0	0	0	0	0	0	-7.0	"[""raw_blast_missing_or_empty""]"
GCA_000247795.2	Bos indicus	Bos indicus	Chromosome	UNRESOLVED_ASSEMBLY_GAP	DISRUPTED_LIKELY	first_pass_reference_anchored_remnant	0.9569429494079655	0.961248654467169	0.017955294979846097	59	1	0	32	2	12	0	124.44305740318447	"[""refiner_sensitive_exon_blast_incorporated""]"
GCA_000298355.1	Bos mutus	Bos mutus	Scaffold	UNRESOLVED_ASSEMBLY_GAP	DISRUPTED_HIGH	first_pass_plus_refiner_sensitive_remnant	0.961248654467169	0.961248654467169	0.017889740781307048	59	11	26	31	0	12	0	121.7443321598486	"[""refiner_sensitive_exon_blast_incorporated""]"
GCA_000298735.2	Ovis aries	Ovis aries	Chromosome	UNRESOLVED_ASSEMBLY_GAP	DISRUPTED_LIKELY	first_pass_plus_refiner_sensitive_remnant	0.9669895945461069	0.9669895945461069	0.012426900584795321	58	7	26	37	0	13	0	125.43276150390211	"[""refiner_sensitive_exon_blast_incorporated""]"
GCA_000317765.2	Capra hircus	Capra hircus	Chromosome	UNRESOLVED_ASSEMBLY_GAP	DISRUPTED_HIGH	first_pass_reference_anchored_remnant	0.965913168281306	0.965913168281306	0.010993037742762916	65	7	0	38	2	12	0	125.35538741424539	"[""refiner_sensitive_exon_blast_incorporated""]"
GCA_000400835.1	Pantholops hodgsonii	Pantholops hodgsonii	Scaffold	UNRESOLVED_ASSEMBLY_GAP	DISRUPTED_LIKELY	first_pass_plus_refiner_sensitive_remnant	0.9687836383207751	0.9687836383207751	0.010972933430870519	57	4	28	40	1	10	0	122.6426354613112	"[""refiner_sensitive_exon_blast_incorporated""]"
GCA_000471725.1	Bubalus bubalis	Bubalus bubalis	Scaffold	UNRESOLVED_ASSEMBLY_GAP	DISRUPTED_HIGH	first_pass_reference_anchored_remnant	0.5055615357014711	0.5055615357014711	0.4867030965391621	42	0	0	9	0	6	0	61.68912260475548	"[""refiner_sensitive_exon_blast_incorporated""]"
GCA_000751575.1	Capreolus capreolus	Capreolus capreolus	Scaffold	DISRUPTED_STRONG	DISRUPTED_HIGH	first_pass_plus_refiner_sensitive_remnant	0.8292070326515967	0.8292070326515967	0.14704803813714704	75	15	46	32	0	8	0	151.8800474451917	"[""refiner_sensitive_exon_blast_incorporated""]"
GCA_000754665.1	Bison bison bison	Bison bison	Scaffold	UNRESOLVED_ASSEMBLY_GAP	UNRESOLVED	first_pass_reference_anchored_remnant	0.9598134194474345	0.9598134194474345	0.01942103334554782	59	1	0	33	2	13	0	131.5616008696282	"[""refiner_sensitive_exon_blast_incorporated""]"
GCA_000765075.1	Capra aegagrus	Capra aegagrus	Scaffold	UNRESOLVED_ASSEMBLY_GAP	UNRESOLVED	first_pass_reference_anchored_remnant	0.965913168281306	0.965913168281306	0.010993037742762916	65	7	0	38	2	12	0	132.3553874142454	"[""refiner_sensitive_exon_blast_incorporated""]"
GCA_000765115.1	Ovis aries musimon	Ovis aries	Scaffold	UNRESOLVED_ASSEMBLY_GAP	DISRUPTED_LIKELY	first_pass_plus_refiner_sensitive_remnant	0.9648367420165052	0.9648367420165052	0.011001100110011002	68	8	26	39	0	15	0	122.24766416409281	"[""refiner_sensitive_exon_blast_incorporated""]"
GCA_000978405.1	Capra aegagrus	Capra aegagrus	Chromosome	UNRESOLVED_ASSEMBLY_GAP	UNRESOLVED	first_pass_reference_anchored_remnant	0.965913168281306	0.965913168281306	0.010993037742762916	65	7	0	36	2	11	0	135.3553874142454	"[""refiner_sensitive_exon_blast_incorporated""]"
GCA_001039535.1	Ovis canadensis canadensis	Ovis canadensis	Chromosome	UNRESOLVED_ASSEMBLY_GAP	DISRUPTED_HIGH	first_pass_plus_refiner_sensitive_remnant	0.9544312881234303	0.9601722282023681	0.016489556614144377	66	8	15	44	2	15	0	124.04240758772593	"[""refiner_sensitive_exon_blast_incorporated""]"
GCA_001651235.1	Giraffa tippelskirchi	Giraffa tippelskirchi	Scaffold	UNRESOLVED_ASSEMBLY_GAP	DISRUPTED_HIGH	first_pass_reference_anchored_remnant	0.9878005023322569	0.9878005023322569	0.001812250815512867	29	1	0	27	2	15	0	124.76192772507056	"[""refiner_sensitive_exon_blast_incorporated""]"
GCA_001660835.1	Okapia johnstoni	Okapia johnstoni	Scaffold	UNRESOLVED_ASSEMBLY_GAP	DISRUPTED_LIKELY	first_pass_reference_anchored_remnant	0.9874416935773233	0.9874416935773233	0.0018135654697134566	30	0	0	39	0	10	0	124.7260337030352	"[""refiner_sensitive_exon_blast_incorporated""]"
GCA_001704415.2	Capra hircus	Capra hircus	Chromosome	DISRUPTED_STRONG	DISRUPTED_HIGH	first_pass_reference_anchored_remnant	0.965913168281306	0.965913168281306	0.010993037742762916	65	7	0	37	2	12	0	175.3553874142454	"[""refiner_sensitive_exon_blast_incorporated""]"
GCA_002102435.1	Odocoileus virginianus texanus	Odocoileus virginianus	Scaffold	UNRESOLVED_ASSEMBLY_GAP	DISRUPTED_HIGH	first_pass_plus_refiner_sensitive_remnant	0.9684248295658414	0.9684248295658414	0.001838235294117647	83	16	26	42	2	11	0	122.82410060364296	"[""refiner_sensitive_exon_blast_incorporated""]"
GCA_002197005.1	Cervus elaphus hippelaphus	Cervus elaphus	Chromosome	UNRESOLVED_ASSEMBLY_GAP	DISRUPTED_HIGH	first_pass_plus_refiner_sensitive_remnant	0.7355579476139218	0.7355579476139218	0.2467866323907455	65	1	24	32	2	6	0	98.24967963067796	"[""refiner_sensitive_exon_blast_incorporated""]"
GCA_002201775.1	Ammotragus lervia	Ammotragus lervia	Scaffold	UNRESOLVED_ASSEMBLY_GAP	UNRESOLVED	first_pass_reference_anchored_remnant	0.9687836383207751	0.9687836383207751	0.010948905109489052	57	10	0	53	1	12	0	132.642875744525	"[""refiner_sensitive_exon_blast_incorporated""]"
GCA_002263795.4	Bos taurus	Bos taurus	Chromosome	DISRUPTED_STRONG	DISRUPTED_HIGH	first_pass_reference_anchored_remnant	0.9601722282023681	0.9601722282023681	0.01905459875412239	59	1	0	33	2	14	0	174.75499224488198	"[""refiner_sensitive_exon_blast_incorporated""]"
GCA_002443075.1	Elaphurus davidianus	Elaphurus davidianus	Scaffold	UNRESOLVED_ASSEMBLY_GAP	UNRESOLVED	first_pass_plus_refiner_sensitive_remnant	0.9027628274129889	0.9027628274129889	0.07153231663035585	74	41	24	37	0	9	0	125.17440780825453	"[""refiner_sensitive_exon_blast_incorporated""]"
GCA_002742125.1	Ovis aries	Ovis aries	Chromosome	DISRUPTED_STRONG	DISRUPTED_LIKELY	first_pass_plus_refiner_sensitive_remnant	0.9677072120559742	0.9677072120559742	0.010968921389396709	60	8	26	28	2	15	0	175.53503295524587	"[""refiner_sensitive_exon_blast_incorporated""]"
GCA_002933975.1	Bos indicus	Bos indicus	Chromosome	UNRESOLVED_ASSEMBLY_GAP	DISRUPTED_LIKELY	first_pass_reference_anchored_remnant	0.9601722282023681	0.9601722282023681	0.017961876832844576	62	3	0	40	1	15	0	124.76591946409475	"[""refiner_sensitive_exon_blast_incorporated""]"
GCA_002968435.1	Bos mutus	Bos mutus	Chromosome	UNRESOLVED_ASSEMBLY_GAP	DISRUPTED_HIGH	first_pass_plus_refiner_sensitive_remnant	0.961248654467169	0.961248654467169	0.017889740781307048	59	11	26	31	0	12	0	124.7443321598486	"[""refiner_sensitive_exon_blast_incorporated""]"
GCA_002993835.1	Bubalus bubalis	Bubalus bubalis	Scaffold	UNRESOLVED_ASSEMBLY_GAP	DISRUPTED_HIGH	first_pass_plus_refiner_sensitive_remnant	0.7951202009329028	0.7951202009329028	0.18300180831826401	65	43	25	21	2	12	0	97.36605898778669	"[""refiner_sensitive_exon_blast_incorporated""]"
GCA_003121395.1	Bubalus bubalis	Bubalus bubalis	Chromosome	DISRUPTED_STRONG	DISRUPTED_HIGH	first_pass_plus_refiner_sensitive_remnant	0.8058844635809114	0.8058844635809114	0.17304860088365243	71	0	57	25	1	11	0	151.62792797985463	"[""refiner_sensitive_exon_blast_incorporated""]"
GCA_003121645.1	Ovis ammon	Ovis ammon	Scaffold	UNRESOLVED_ASSEMBLY_GAP	DISRUPTED_HIGH	first_pass_plus_refiner_sensitive_remnant	0.11661284535342663	0.11661284535342663	0.8833871546465734	0	0	160	0	0	0	0	28.378373378546993	"[""refiner_sensitive_exon_blast_incorporated""]"
GCA_003182575.1	Pseudois nayaur	Pseudois nayaur	Scaffold	DISRUPTED_STRONG	DISRUPTED_LIKELY	first_pass_reference_anchored_remnant	0.9616074632221027	0.9616074632221027	0.014684287812041116	67	4	0	45	0	10	0	171.68277620250404	"[""refiner_sensitive_exon_blast_incorporated""]"
GCA_003182615.2	Capra sibirica	Capra sibirica	Scaffold	UNRESOLVED_ASSEMBLY_GAP	UNRESOLVED	first_pass_reference_anchored_remnant	0.9651955507714388	0.9651955507714388	0.011721611721611722	65	8	0	17	0	10	0	132.27633992347018	"[""refiner_sensitive_exon_blast_incorporated""]"
GCA_003369685.2	Bos indicus x Bos taurus	Bos indicus x Bos taurus	Chromosome	DISRUPTED_STRONG	DISRUPTED_HIGH	first_pass_reference_anchored_remnant	0.961248654467169	0.961248654467169	0.017955294979846097	59	1	0	33	2	13	0	174.8736279091048	"[""refiner_sensitive_exon_blast_incorporated""]"
GCA_003369695.2	Bos indicus x Bos taurus	Bos indicus x Bos taurus	Chromosome	DISRUPTED_STRONG	DISRUPTED_HIGH	first_pass_reference_anchored_remnant	0.9608898457122353	0.9608898457122353	0.017961876832844576	60	1	0	32	1	15	0	174.6838350612353	"[""refiner_sensitive_exon_blast_incorporated""]"
GCA_003697985.1	Odocoileus hemionus sitkensis	Odocoileus hemionus	Scaffold	DISRUPTED_POSSIBLE	DISRUPTED_LIKELY	first_pass_plus_refiner_sensitive_remnant	0.5439540724793684	0.5439540724793684	0.44868563197695355	25	15	26	15	2	6	0	104.19493590469314	"[""refiner_sensitive_exon_blast_incorporated""]"
GCA_003798545.1	Axis porcinus	Axis porcinus	Scaffold	UNRESOLVED_ASSEMBLY_GAP	DISRUPTED_HIGH	first_pass_reference_anchored_remnant	0.9648367420165052	0.9648367420165052	0.0025584795321637425	91	40	0	43	0	10	0	122.45808940632888	"[""refiner_sensitive_exon_blast_incorporated""]"
GCA_003945745.1	Oryx gazella	Oryx gazella	Scaffold	UNRESOLVED_ASSEMBLY_GAP	UNRESOLVED	first_pass_reference_anchored_remnant	0.9669895945461069	0.9669895945461069	0.011342846688620564	61	7	0	26	0	15	0	132.45953195126688	"[""refiner_sensitive_exon_blast_incorporated""]"
GCA_004024705.2	Moschus moschiferus	Moschus moschiferus	Scaffold	UNRESOLVED_ASSEMBLY_GAP	UNRESOLVED	first_pass_plus_refiner_sensitive_remnant	0.9809831359885182	0.9809831359885182	0.0029154518950437317	45	2	227	39	2	8	0	133.57896300147002	"[""refiner_sensitive_exon_blast_incorporated""]"
GCA_004024965.2	Tragulus javanicus	Tragulus javanicus	Scaffold	UNRESOLVED_ASSEMBLY_GAP	UNRESOLVED	first_pass_plus_refiner_sensitive_remnant	0.5371367061356297	0.5371367061356297	0.45684736091298145	9	26	16	14	2	9	0	83.42940679617963	"[""refiner_sensitive_exon_blast_incorporated""]"
GCA_004024985.1	Saiga tatarica	Saiga tatarica	Scaffold	DISRUPTED_POSSIBLE	DISRUPTED_POSSIBLE	first_pass_reference_anchored_remnant	0.444205238607822	0.444205238607822	0.5489981785063752	42	0	0	14	0	8	0	88.77248260779983	"[""refiner_sensitive_exon_blast_incorporated""]"
GCA_004026565.1	Rangifer tarandus	Rangifer tarandus	Scaffold	DISRUPTED_STRONG	DISRUPTED_HIGH	first_pass_plus_refiner_sensitive_remnant	0.9630426982418371	0.9630426982418371	0.0018491124260355029	98	15	26	24	1	13	0	172.28577869992336	"[""refiner_sensitive_exon_blast_incorporated""]"
GCA_004026825.1	Nilgiritragus hylocrius	Nilgiritragus hylocrius	Scaffold	DISRUPTED_STRONG	DISRUPTED_LIKELY	first_pass_plus_refiner_sensitive_remnant	0.9583781844277001	0.9583781844277001	0.018328445747800588	66	7	59	31	1	13	0	171.24684480798933	"[""refiner_sensitive_exon_blast_incorporated""]"
GCA_004026945.1	Ovis canadensis	Ovis canadensis	Scaffold	DISRUPTED_STRONG	DISRUPTED_HIGH	first_pass_plus_refiner_sensitive_remnant	0.9630426982418371	0.9630426982418371	0.012477064220183486	69	7	26	25	1	14	0	172.03757023712126	"[""refiner_sensitive_exon_blast_incorporated""]"
GCA_004027495.1	Beatragus hunteri	Beatragus hunteri	Scaffold	DISRUPTED_STRONG	DISRUPTED_LIKELY	first_pass_reference_anchored_remnant	0.9590958019375673	0.9590958019375673	0.015090172984909826	73	3	0	46	2	10	0	171.5761048262834	"[""refiner_sensitive_exon_blast_incorporated""]"
GCA_004027515.2	Antilocapra americana	Antilocapra americana	Scaffold	UNRESOLVED_ASSEMBLY_GAP	DISRUPTED_HIGH	first_pass_reference_anchored_remnant	0.9727305346250449	0.9727305346250449	0.002560351133869788	69	16	0	50	1	14	0	123.22056823073568	"[""refiner_sensitive_exon_blast_incorporated""]"
GCA_004115125.1	Odocoileus hemionus hemionus	Odocoileus hemionus	Scaffold	DISRUPTED_STRONG	DISRUPTED_LIKELY	first_pass_plus_refiner_sensitive_remnant	0.9666307857911733	0.9684248295658414	0.001838235294117647	83	16	26	43	2	10	0	172.64469622617614	"[""refiner_sensitive_exon_blast_incorporated""]"
GCA_004361675.1	Capra hircus	Capra hircus	Chromosome	UNRESOLVED_ASSEMBLY_GAP	DISRUPTED_HIGH	first_pass_reference_anchored_remnant	0.9307499102978113	0.9307499102978113	0.04690362770245511	65	7	0	39	2	13	0	121.348533971974	"[""refiner_sensitive_exon_blast_incorporated""]"
GCA_004794615.1	Bubalus bubalis	Bubalus bubalis	Scaffold	UNRESOLVED_ASSEMBLY_GAP	DISRUPTED_HIGH	first_pass_plus_refiner_sensitive_remnant	0.8058844635809114	0.8058844635809114	0.17304860088365243	71	0	57	25	1	11	0	98.62792797985462	"[""refiner_sensitive_exon_blast_incorporated""]"
GCA_005887515.3	Bos grunniens	Bos grunniens	Chromosome	DISRUPTED_STRONG	DISRUPTED_HIGH	first_pass_plus_refiner_sensitive_remnant	0.961248654467169	0.961248654467169	0.017889740781307048	59	11	26	31	0	12	0	174.7443321598486	"[""refiner_sensitive_exon_blast_incorporated""]"
GCA_006408465.1	Cervus albirostris	Cervus albirostris	Scaffold	UNRESOLVED_ASSEMBLY_GAP	DISRUPTED_LIKELY	first_pass_plus_refiner_sensitive_remnant	0.9088625762468604	0.9088625762468604	0.0659582264565775	74	16	41	52	2	8	0	115.65233016614943	"[""refiner_sensitive_exon_blast_incorporated""]"
GCA_006408485.1	Muntiacus crinifrons	Muntiacus crinifrons	Scaffold	DISRUPTED_STRONG	DISRUPTED_HIGH	first_pass_plus_refiner_sensitive_remnant	0.9677072120559742	0.9677072120559742	0.004032258064516129	79	20	26	39	1	11	0	172.71844047846497	"[""refiner_sensitive_exon_blast_incorporated""]"
GCA_006408505.1	Damaliscus lunatus	Damaliscus lunatus	Scaffold	UNRESOLVED_ASSEMBLY_GAP	UNRESOLVED	first_pass_reference_anchored_remnant	0.9594546106925009	0.9594546106925009	0.01471129091577786	73	5	0	22	1	12	0	131.61975699956884	"[""refiner_sensitive_exon_blast_incorporated""]"
GCA_006408525.1	Muntiacus reevesi	Muntiacus reevesi	Scaffold	DISRUPTED_STRONG	DISRUPTED_HIGH	first_pass_plus_refiner_sensitive_remnant	0.9702188733405095	0.9702188733405095	0.002932551319648094	75	16	26	29	1	10	0	172.99256182085446	"[""refiner_sensitive_exon_blast_incorporated""]"
GCA_006408545.1	Alcelaphus buselaphus	Alcelaphus buselaphus	Scaffold	UNRESOLVED_ASSEMBLY_GAP	UNRESOLVED	first_pass_reference_anchored_remnant	0.2447075708647291	0.2447075708647291	0.7544112351458409	10	0	0	4	2	4	0	38.51297278632558	"[""refiner_sensitive_exon_blast_incorporated""]"
GCA_006408565.1	Giraffa camelopardalis	Giraffa camelopardalis	Scaffold	UNRESOLVED_ASSEMBLY_GAP	DISRUPTED_LIKELY	first_pass_reference_anchored_remnant	0.9881593110871906	0.9881593110871906	0.0018115942028985507	28	1	0	32	0	14	0	124.79781516669007	"[""refiner_sensitive_exon_blast_incorporated""]"
GCA_006408585.1	Antidorcas marsupialis	Antidorcas marsupialis	Scaffold	UNRESOLVED_ASSEMBLY_GAP	UNRESOLVED	first_pass_plus_refiner_sensitive_remnant	0.9533548618586294	0.9533548618586294	0.00784167289021658	109	0	26	46	2	12	0	131.05194125183257	"[""refiner_sensitive_exon_blast_incorporated""]"
GCA_006408615.1	Connochaetes taurinus	Connochaetes taurinus	Scaffold	UNRESOLVED_ASSEMBLY_GAP	UNRESOLVED	first_pass_reference_anchored_remnant	0.9583781844277001	0.9583781844277001	0.01582627898417372	73	3	0	48	2	11	0	131.50096449240482	"[""refiner_sensitive_exon_blast_incorporated""]"
GCA_006408635.1	Nanger granti	Nanger granti	Scaffold	UNRESOLVED_ASSEMBLY_GAP	UNRESOLVED	first_pass_plus_refiner_sensitive_remnant	0.8823107283817725	0.8823107283817725	0.09882869692532943	58	3	48	37	2	12	0	119.34162402961779	"[""refiner_sensitive_exon_blast_incorporated""]"
GCA_006408655.1	Tragulus kanchil	Tragulus kanchil	Scaffold	UNRESOLVED_ASSEMBLY_GAP	DISRUPTED_LIKELY	first_pass_plus_refiner_sensitive_remnant	0.4707570864729099	0.4707570864729099	0.5245726495726496	2	23	20	14	0	7	0	63.362298970462284	"[""refiner_sensitive_exon_blast_incorporated""]"
GCA_006408675.1	Madoqua kirkii	Madoqua kirkii	Scaffold	DISRUPTED_POSSIBLE	DISRUPTED_POSSIBLE	first_pass_reference_anchored_remnant	0.5357014711158953	0.5357014711158953	0.45731928804940064	35	1	0	31	2	12	0	103.2838895180308	"[""refiner_sensitive_exon_blast_incorporated""]"
GCA_006408695.1	Aepyceros melampus	Aepyceros melampus	Scaffold	UNRESOLVED_ASSEMBLY_GAP	UNRESOLVED	first_pass_plus_refiner_sensitive_remnant	0.9705776820954432	0.9705776820954432	0.006581352833638025	64	12	27	36	2	17	0	132.8960347448765	"[""refiner_sensitive_exon_blast_incorporated""]"
GCA_006408735.1	Sylvicapra grimmia	Sylvicapra grimmia	Scaffold	UNRESOLVED_ASSEMBLY_GAP	UNRESOLVED	first_pass_reference_anchored_remnant	0.9705776820954432	0.9705776820954432	0.0076979472140762464	61	2	0	47	1	18	0	132.90561182351698	"[""refiner_sensitive_exon_blast_incorporated""]"
GCA_006408755.1	Eudorcas thomsonii	Eudorcas thomsonii	Scaffold	UNRESOLVED_ASSEMBLY_GAP	UNRESOLVED	first_pass_plus_refiner_sensitive_remnant	0.9149623250807319	0.9149623250807319	0.06346294937637564	64	3	53	21	2	13	0	123.97723952364018	"[""refiner_sensitive_exon_blast_incorporated""]"
GCA_006408785.2	Syncerus caffer	Syncerus caffer	Scaffold	UNRESOLVED_ASSEMBLY_GAP	DISRUPTED_LIKELY	first_pass_plus_refiner_sensitive_remnant	0.7944025834230355	0.7944025834230355	0.1840264998159735	73	3	27	27	2	11	0	97.31841458299124	"[""refiner_sensitive_exon_blast_incorporated""]"
GCA_006409035.1	Muntiacus muntjak	Muntiacus muntjak	Scaffold	UNRESOLVED_ASSEMBLY_GAP	UNRESOLVED	first_pass_plus_refiner_sensitive_remnant	0.8589881593110872	0.8589881593110872	0.11555392516507704	78	17	26	33	2	7	0	120.69863879440857	"[""refiner_sensitive_exon_blast_incorporated""]"
GCA_006410495.1	Tragelaphus scriptus	Tragelaphus scriptus	Scaffold	UNRESOLVED_ASSEMBLY_GAP	UNRESOLVED	first_pass_plus_refiner_sensitive_remnant	0.47613921779691426	0.47613921779691426	0.5207506315409599	17	1	66	16	2	6	0	72.00557914409066	"[""refiner_sensitive_exon_blast_incorporated""]"
GCA_006410515.1	Procapra przewalskii	Procapra przewalskii	Scaffold	UNRESOLVED_ASSEMBLY_GAP	UNRESOLVED	first_pass_plus_refiner_sensitive_remnant	0.9651955507714388	0.9651955507714388	0.007746219107340465	76	0	28	39	2	13	0	132.13440057837815	"[""refiner_sensitive_exon_blast_incorporated""]"
GCA_006410535.1	Litocranius walleri	Litocranius walleri	Scaffold	UNRESOLVED_ASSEMBLY_GAP	UNRESOLVED	first_pass_reference_anchored_remnant	0.9655543595263725	0.9655543595263725	0.009204712812960236	71	0	0	43	1	11	0	132.24630247289215	"[""refiner_sensitive_exon_blast_incorporated""]"
GCA_006410555.1	Capra ibex	Capra ibex	Scaffold	UNRESOLVED_ASSEMBLY_GAP	DISRUPTED_LIKELY	first_pass_reference_anchored_remnant	0.9651955507714388	0.9651955507714388	0.011717319663127059	65	9	0	52	1	10	0	122.27638284405502	"[""refiner_sensitive_exon_blast_incorporated""]"
GCA_006410575.1	Oryx gazella	Oryx gazella	Scaffold	UNRESOLVED_ASSEMBLY_GAP	UNRESOLVED	first_pass_reference_anchored_remnant	0.9669895945461069	0.9669895945461069	0.011342846688620564	61	7	0	26	0	15	0	132.45953195126688	"[""refiner_sensitive_exon_blast_incorporated""]"
GCA_006410595.1	Ovis ammon	Ovis ammon	Scaffold	UNRESOLVED_ASSEMBLY_GAP	DISRUPTED_HIGH	first_pass_plus_refiner_sensitive_remnant	0.9677072120559742	0.9677072120559742	0.010964912280701754	60	9	26	32	0	15	0	122.53507304633283	"[""refiner_sensitive_exon_blast_incorporated""]"
GCA_006410615.1	Neotragus moschatus	Neotragus moschatus	Scaffold	UNRESOLVED_ASSEMBLY_GAP	UNRESOLVED	first_pass_reference_anchored_remnant	0.965913168281306	0.965913168281306	0.009177679882525698	70	7	0	45	0	21	0	132.2784819157741	"[""refiner_sensitive_exon_blast_incorporated""]"
GCA_006410635.1	Cephalophus harveyi	Cephalophus harveyi	Scaffold	UNRESOLVED_ASSEMBLY_GAP	UNRESOLVED	first_pass_reference_anchored_remnant	0.9637603157517043	0.9637603157517043	0.013577981651376147	64	2	0	32	1	15	0	132.16507484477006	"[""refiner_sensitive_exon_blast_incorporated""]"
GCA_006410655.1	Kobus ellipsiprymnus	Kobus ellipsiprymnus	Scaffold	UNRESOLVED_ASSEMBLY_GAP	UNRESOLVED	first_pass_plus_refiner_sensitive_remnant	0.9680660208109078	0.9680660208109078	0.004789977892409728	76	3	27	40	2	12	0	132.6835253882801	"[""refiner_sensitive_exon_blast_incorporated""]"
GCA_006410675.1	Oreotragus oreotragus	Oreotragus oreotragus	Scaffold	UNRESOLVED_ASSEMBLY_GAP	UNRESOLVED	first_pass_reference_anchored_remnant	0.7997847147470398	0.7997847147470398	0.18338213762811129	57	2	0	25	2	13	0	107.50269821611678	"[""refiner_sensitive_exon_blast_incorporated""]"
GCA_006410695.1	Philantomba maxwellii	Philantomba maxwellii	Scaffold	UNRESOLVED_ASSEMBLY_GAP	UNRESOLVED	first_pass_reference_anchored_remnant	0.9494079655543596	0.9494079655543596	0.027787934186471665	65	13	0	34	2	18	0	130.58774029968464	"[""refiner_sensitive_exon_blast_incorporated""]"
GCA_006410735.1	Raphicerus campestris	Raphicerus campestris	Scaffold	UNRESOLVED_ASSEMBLY_GAP	UNRESOLVED	first_pass_plus_refiner_sensitive_remnant	0.5396483674201651	0.5396483674201651	0.4554992764109986	24	1	26	24	1	10	0	78.69677926484181	"[""refiner_sensitive_exon_blast_incorporated""]"
GCA_006410755.1	Tragelaphus eurycerus	Tragelaphus eurycerus	Scaffold	UNRESOLVED_ASSEMBLY_GAP	DISRUPTED_LIKELY	first_pass_plus_refiner_sensitive_remnant	0.8772874058127018	0.8772874058127018	0.09934258582907232	70	21	19	33	2	15	0	111.93268062111835	"[""refiner_sensitive_exon_blast_incorporated""]"
GCA_006410775.1	Tragelaphus imberbis	Tragelaphus imberbis	Scaffold	UNRESOLVED_ASSEMBLY_GAP	UNRESOLVED	first_pass_plus_refiner_sensitive_remnant	0.8952278435593829	0.8952278435593829	0.08421436383521691	61	17	19	32	1	11	0	124.37895468322252	"[""refiner_sensitive_exon_blast_incorporated""]"
GCA_006410795.1	Tragelaphus strepsiceros	Tragelaphus strepsiceros	Scaffold	UNRESOLVED_ASSEMBLY_GAP	UNRESOLVED	first_pass_plus_refiner_sensitive_remnant	0.8442770003588087	0.8442770003588087	0.1388184124682856	51	23	36	33	2	15	0	118.08270104974952	"[""refiner_sensitive_exon_blast_incorporated""]"
GCA_006410875.1	Neotragus pygmaeus	Neotragus pygmaeus	Scaffold	UNRESOLVED_ASSEMBLY_GAP	UNRESOLVED	first_pass_reference_anchored_remnant	0.9077861499820595	0.9077861499820595	0.07132406730065838	62	9	0	22	1	15	0	122.73204099186604	"[""refiner_sensitive_exon_blast_incorporated""]"
GCA_006410935.1	Redunca redunca	Redunca redunca	Scaffold	UNRESOLVED_ASSEMBLY_GAP	UNRESOLVED	first_pass_plus_refiner_sensitive_remnant	0.9687836383207751	0.9687836383207751	0.006615214994487321	69	3	26	38	0	10	0	132.7220870851369	"[""refiner_sensitive_exon_blast_incorporated""]"
GCA_006411015.1	Tragelaphus spekii	Tragelaphus spekii	Scaffold	UNRESOLVED_ASSEMBLY_GAP	UNRESOLVED	first_pass_plus_refiner_sensitive_remnant	0.8338715464657338	0.8338715464657338	0.14743356388787768	58	18	57	34	2	14	0	116.9560041462461	"[""refiner_sensitive_exon_blast_incorporated""]"
GCA_006411685.1	Tragelaphus buxtoni	Tragelaphus buxtoni	Scaffold	UNRESOLVED_ASSEMBLY_GAP	UNRESOLVED	first_pass_plus_refiner_sensitive_remnant	0.5895227843559383	0.5895227843559383	0.397677793904209	48	17	94	16	2	7	0	83.36192454466483	"[""refiner_sensitive_exon_blast_incorporated""]"
GCA_006416875.1	Tragelaphus oryx	Tragelaphus oryx	Scaffold	DISRUPTED_POSSIBLE	DISRUPTED_POSSIBLE	first_pass_plus_refiner_sensitive_remnant	0.3710082526013635	0.3710082526013635	0.6185117967332123	49	17	19	7	1	4	0	75.38427267112297	"[""refiner_sensitive_exon_blast_incorporated""]"
GCA_006417275.1	Ourebia ourebi	Ourebia ourebi	Scaffold	DISRUPTED_POSSIBLE	DISRUPTED_POSSIBLE	first_pass_reference_anchored_remnant	0.38751345532831	0.38751345532831	0.6075581395348837	35	0	0	6	1	3	0	77.08846255018058	"[""refiner_sensitive_exon_blast_incorporated""]"
GCA_006459085.1	Moschus berezovskii	Moschus berezovskii	Scaffold	UNRESOLVED_ASSEMBLY_GAP	DISRUPTED_HIGH	first_pass_plus_refiner_sensitive_remnant	0.976318622174381	0.976318622174381	0.0036603221083455345	56	1	26	39	2	11	0	123.50661808851409	"[""refiner_sensitive_exon_blast_incorporated""]"
GCA_006459105.1	Hydropotes inermis	Hydropotes inermis	Scaffold	UNRESOLVED_ASSEMBLY_GAP	DISRUPTED_LIKELY	first_pass_plus_refiner_sensitive_remnant	0.956584140653032	0.956584140653032	0.016489556614144377	76	18	24	36	2	9	0	121.37404418613906	"[""refiner_sensitive_exon_blast_incorporated""]"
GCA_006461545.1	Moschus berezovskii	Moschus berezovskii	Scaffold	UNRESOLVED_ASSEMBLY_GAP	DISRUPTED_HIGH	first_pass_plus_refiner_sensitive_remnant	0.9781126659490491	0.9781126659490491	0.0018301610541727673	56	1	26	39	2	11	0	123.72423646202641	"[""refiner_sensitive_exon_blast_incorporated""]"
GCA_006461725.1	Moschus chrysogaster	Moschus chrysogaster	Scaffold	UNRESOLVED_ASSEMBLY_GAP	UNRESOLVED	first_pass_reference_anchored_remnant	0.5536419088625762	0.5536419088625762	0.4399709829524846	31	1	0	10	0	6	0	83.85433763349637	"[""refiner_sensitive_exon_blast_incorporated""]"
GCA_006942125.1	Hippotragus niger niger	Hippotragus niger	Scaffold	UNRESOLVED_ASSEMBLY_GAP	UNRESOLVED	first_pass_reference_anchored_remnant	0.9594546106925009	0.9594546106925009	0.011061946902654867	83	8	0	40	0	14	0	131.70884256376596	"[""refiner_sensitive_exon_blast_incorporated""]"
GCA_007570765.1	Alces alces	Alces alces	Scaffold	UNRESOLVED_ASSEMBLY_GAP	DISRUPTED_HIGH	first_pass_plus_refiner_sensitive_remnant	0.9619662719770362	0.9619662719770362	0.009184423218221896	81	16	26	45	1	11	0	122.1047829655214	"[""refiner_sensitive_exon_blast_incorporated""]"
GCA_007570785.1	Antilocapra americana	Antilocapra americana	Scaffold	UNRESOLVED_ASSEMBLY_GAP	DISRUPTED_HIGH	first_pass_reference_anchored_remnant	0.9727305346250449	0.9727305346250449	0.002560351133869788	69	16	0	50	1	14	0	123.22056823073568	"[""refiner_sensitive_exon_blast_incorporated""]"
GCA_007646595.3	Bos mutus	Bos mutus	Scaffold	UNRESOLVED_ASSEMBLY_GAP	DISRUPTED_HIGH	first_pass_plus_refiner_sensitive_remnant	0.961248654467169	0.961248654467169	0.017889740781307048	59	11	26	31	0	12	0	121.7443321598486	"[""refiner_sensitive_exon_blast_incorporated""]"
GCA_007844835.1	Bos frontalis	Bos frontalis	Scaffold	UNRESOLVED_ASSEMBLY_GAP	DISRUPTED_LIKELY	first_pass_plus_refiner_sensitive_remnant	0.9608898457122353	0.9608898457122353	0.017961876832844576	60	1	26	42	1	15	0	121.68383506123531	"[""refiner_sensitive_exon_blast_incorporated""]"
GCA_008782695.1	Muntiacus muntjak	Muntiacus muntjak	Chromosome	UNRESOLVED_ASSEMBLY_GAP	UNRESOLVED	first_pass_plus_refiner_sensitive_remnant	0.9666307857911733	0.9666307857911733	0.002571638501102131	86	21	26	24	1	9	0	135.63736219410632	"[""refiner_sensitive_exon_blast_incorporated""]"
GCA_008787405.2	Muntiacus reevesi	Muntiacus reevesi	Chromosome	UNRESOLVED_ASSEMBLY_GAP	DISRUPTED_HIGH	first_pass_plus_refiner_sensitive_remnant	0.9705776820954432	0.9705776820954432	0.002565042139978014	75	17	26	51	2	10	0	126.03211778814455	"[""refiner_sensitive_exon_blast_incorporated""]"
GCA_008931205.1	Muntiacus muntjak	Muntiacus muntjak	Scaffold	UNRESOLVED_ASSEMBLY_GAP	UNRESOLVED	first_pass_plus_refiner_sensitive_remnant	0.8589881593110872	0.8589881593110872	0.11555392516507704	78	17	26	33	2	7	0	120.69863879440857	"[""refiner_sensitive_exon_blast_incorporated""]"
GCA_009493645.1	Bos grunniens x Bos taurus	Bos grunniens x Bos taurus	Chromosome	DISRUPTED_STRONG	DISRUPTED_HIGH	first_pass_plus_refiner_sensitive_remnant	0.961248654467169	0.961248654467169	0.017889740781307048	59	11	26	31	0	12	0	174.7443321598486	"[""refiner_sensitive_exon_blast_incorporated""]"
GCA_009493655.1	Bos grunniens x Bos taurus	Bos grunniens x Bos taurus	Chromosome	DISRUPTED_STRONG	DISRUPTED_HIGH	first_pass_reference_anchored_remnant	0.9601722282023681	0.9601722282023681	0.017961876832844576	62	3	0	40	1	15	0	174.76591946409474	"[""refiner_sensitive_exon_blast_incorporated""]"
GCA_009758055.1	Oreamnos americanus	Oreamnos americanus	Scaffold	UNRESOLVED_ASSEMBLY_GAP	UNRESOLVED	first_pass_reference_anchored_remnant	0.964119124506638	0.964119124506638	0.011363636363636364	69	10	0	38	1	13	0	132.16829457346907	"[""refiner_sensitive_exon_blast_incorporated""]"
GCA_009823495.1	Capra hircus	Capra hircus	Scaffold	DISRUPTED_STRONG	DISRUPTED_HIGH	first_pass_reference_anchored_remnant	0.965913168281306	0.965913168281306	0.010993037742762916	65	7	0	38	2	12	0	172.3553874142454	"[""refiner_sensitive_exon_blast_incorporated""]"
GCA_010411085.1	Cervus hanglu yarkandensis	Cervus hanglu	Chromosome	UNRESOLVED_ASSEMBLY_GAP	UNRESOLVED	first_pass_plus_refiner_sensitive_remnant	0.9088625762468604	0.9088625762468604	0.0659582264565775	74	16	41	52	2	9	0	128.65233016614943	"[""refiner_sensitive_exon_blast_incorporated""]"
GCA_011170295.1	Ovis aries	Ovis aries	Chromosome	DISRUPTED_STRONG	DISRUPTED_LIKELY	first_pass_plus_refiner_sensitive_remnant	0.9634015069967707	0.9634015069967707	0.012472487160674981	68	7	26	23	2	14	0	175.07349688320969	"[""refiner_sensitive_exon_blast_incorporated""]"
GCA_011751665.1	Moschus moschiferus	Moschus moschiferus	Scaffold	UNRESOLVED_ASSEMBLY_GAP	UNRESOLVED	first_pass_reference_anchored_remnant	0.9809831359885182	0.9809831359885182	0.0029154518950437317	45	2	0	39	2	8	0	134.06915907990137	"[""refiner_sensitive_exon_blast_incorporated""]"
GCA_012069665.1	Bos indicus x Bos taurus	Bos indicus x Bos taurus	Contig	DISRUPTED_STRONG	DISRUPTED_HIGH	first_pass_reference_anchored_remnant	0.961248654467169	0.961248654467169	0.017955294979846097	59	1	0	33	2	13	0	168.8736279091048	"[""refiner_sensitive_exon_blast_incorporated""]"
GCA_012070425.1	Bos indicus x Bos taurus	Bos indicus x Bos taurus	Contig	DISRUPTED_STRONG	DISRUPTED_HIGH	first_pass_reference_anchored_remnant	0.9608898457122353	0.9608898457122353	0.017961876832844576	60	1	0	32	1	15	0	168.6838350612353	"[""refiner_sensitive_exon_blast_incorporated""]"
GCA_012070445.1	Bos indicus x Bos taurus	Bos indicus x Bos taurus	Contig	DISRUPTED_STRONG	DISRUPTED_HIGH	first_pass_reference_anchored_remnant	0.9608898457122353	0.9608898457122353	0.017961876832844576	60	1	0	32	1	15	0	168.6838350612353	"[""refiner_sensitive_exon_blast_incorporated""]"
GCA_012070465.1	Bos indicus x Bos taurus	Bos indicus x Bos taurus	Contig	DISRUPTED_STRONG	DISRUPTED_HIGH	first_pass_reference_anchored_remnant	0.961248654467169	0.961248654467169	0.017955294979846097	59	1	0	33	2	13	0	168.8736279091048	"[""refiner_sensitive_exon_blast_incorporated""]"
GCA_012070475.1	Bos indicus x Bos taurus	Bos indicus x Bos taurus	Scaffold	DISRUPTED_STRONG	DISRUPTED_HIGH	first_pass_reference_anchored_remnant	0.9608898457122353	0.9608898457122353	0.017961876832844576	60	1	0	32	1	15	0	171.6838350612353	"[""refiner_sensitive_exon_blast_incorporated""]"
GCA_012070485.1	Bos indicus x Bos taurus	Bos indicus x Bos taurus	Scaffold	DISRUPTED_STRONG	DISRUPTED_HIGH	first_pass_reference_anchored_remnant	0.961248654467169	0.961248654467169	0.017955294979846097	59	1	0	33	2	13	0	171.8736279091048	"[""refiner_sensitive_exon_blast_incorporated""]"
GCA_012922965.1	Capreolus pygargus	Capreolus pygargus	Scaffold	UNRESOLVED_ASSEMBLY_GAP	UNRESOLVED	first_pass_plus_refiner_sensitive_remnant	0.9702188733405095	0.9702188733405095	0.002566923359002567	76	16	24	39	0	10	0	132.9962181004609	"[""refiner_sensitive_exon_blast_incorporated""]"
GCA_013496395.1	Giraffa tippelskirchi	Giraffa tippelskirchi	Chromosome	UNRESOLVED_ASSEMBLY_GAP	DISRUPTED_HIGH	first_pass_reference_anchored_remnant	0.9881593110871906	0.9881593110871906	0.0018115942028985507	28	1	0	32	0	14	0	127.79781516669007	"[""refiner_sensitive_exon_blast_incorporated""]"
GCA_014182915.2	Bos gaurus	Bos gaurus	Chromosome	DISRUPTED_STRONG	DISRUPTED_HIGH	first_pass_reference_anchored_remnant	0.961248654467169	0.961248654467169	0.017955294979846097	59	1	0	32	2	14	0	174.71978175525868	"[""refiner_sensitive_exon_blast_incorporated""]"
GCA_014523465.1	Ovis orientalis	Ovis orientalis	Chromosome	DISRUPTED_STRONG	DISRUPTED_LIKELY	first_pass_plus_refiner_sensitive_remnant	0.9634015069967707	0.9634015069967707	0.012472487160674981	68	7	26	23	2	14	0	175.07349688320969	"[""refiner_sensitive_exon_blast_incorporated""]"
GCA_014726795.1	Odocoileus virginianus	Odocoileus virginianus	Scaffold	DISRUPTED_STRONG	DISRUPTED_HIGH	first_pass_plus_refiner_sensitive_remnant	0.9673484033010405	0.9673484033010405	0.001840264998159735	86	16	26	32	2	12	0	172.71643768012245	"[""refiner_sensitive_exon_blast_incorporated""]"
GCA_014754425.2	Oryx dammah	Oryx dammah	Scaffold	DISRUPTED_STRONG	DISRUPTED_HIGH	first_pass_plus_refiner_sensitive_remnant	0.9677072120559742	0.9677072120559742	0.010964912280701754	60	9	26	45	0	15	0	172.53507304633283	"[""refiner_sensitive_exon_blast_incorporated""]"
GCA_014898785.1	Rangifer tarandus granti	Rangifer tarandus	Scaffold	UNRESOLVED_ASSEMBLY_GAP	DISRUPTED_HIGH	first_pass_plus_refiner_sensitive_remnant	0.9673484033010405	0.9673484033010405	0.001840942562592047	86	15	26	26	1	12	0	122.71643090447813	"[""refiner_sensitive_exon_blast_incorporated""]"
GCA_014926565.1	Kobus leche leche	Kobus leche	Scaffold	UNRESOLVED_ASSEMBLY_GAP	UNRESOLVED	first_pass_plus_refiner_sensitive_remnant	0.9677072120559742	0.9677072120559742	0.005158437730287398	76	3	27	39	2	12	0	132.64395991440796	"[""refiner_sensitive_exon_blast_incorporated""]"
GCA_015443085.1	Capra hircus	Capra hircus	Chromosome	DISRUPTED_STRONG	DISRUPTED_HIGH	first_pass_reference_anchored_remnant	0.9651955507714388	0.9651955507714388	0.011001100110011002	67	7	0	37	0	13	0	175.2835450395862	"[""refiner_sensitive_exon_blast_incorporated""]"
GCA_015832495.2	Alces alces	Alces alces	Scaffold	UNRESOLVED_ASSEMBLY_GAP	DISRUPTED_HIGH	first_pass_plus_refiner_sensitive_remnant	0.9626838894869035	0.9626838894869035	0.009174311926605505	79	17	26	41	1	10	0	122.1766458294243	"[""refiner_sensitive_exon_blast_incorporated""]"
GCA_016433095.1	Hippotragus equinus	Hippotragus equinus	Scaffold	UNRESOLVED_ASSEMBLY_GAP	UNRESOLVED	first_pass_reference_anchored_remnant	0.9680660208109078	0.9680660208109078	0.010964912280701754	59	8	0	39	0	13	0	132.57095392182617	"[""refiner_sensitive_exon_blast_incorporated""]"
GCA_016772045.2	Ovis aries	Ovis aries	Chromosome	DISRUPTED_STRONG	DISRUPTED_LIKELY	first_pass_plus_refiner_sensitive_remnant	0.9677072120559742	0.9677072120559742	0.010968921389396709	60	8	26	28	2	15	0	175.53503295524587	"[""refiner_sensitive_exon_blast_incorporated""]"
GCA_017311355.1	Bos frontalis	Bos frontalis	Contig	DISRUPTED_POSSIBLE	DISRUPTED_LIKELY	first_pass_plus_refiner_sensitive_remnant	0.5127377108001435	0.5127377108001435	0.4794321077539134	41	1	45	17	2	5	0	94.68778333580855	"[""refiner_sensitive_exon_blast_incorporated""]"
GCA_017524585.1	Ovis aries	Ovis aries	Chromosome	DISRUPTED_STRONG	DISRUPTED_LIKELY	first_pass_plus_refiner_sensitive_remnant	0.9669895945461069	0.9669895945461069	0.010976948408342482	62	8	26	37	0	16	0	175.46319093406967	"[""refiner_sensitive_exon_blast_incorporated""]"
GCA_017591445.1	Giraffa camelopardalis rothschildi	Giraffa camelopardalis	Chromosome	DISRUPTED_STRONG	DISRUPTED_LIKELY	first_pass_reference_anchored_remnant	0.9881593110871906	0.9881593110871906	0.0018115942028985507	28	1	0	33	0	15	0	177.79781516669004	"[""refiner_sensitive_exon_blast_incorporated""]"
GCA_018282235.1	Giraffa camelopardalis antiquorum	Giraffa camelopardalis	Scaffold	UNRESOLVED_ASSEMBLY_GAP	DISRUPTED_LIKELY	first_pass_reference_anchored_remnant	0.9881593110871906	0.9881593110871906	0.0018115942028985507	28	1	0	32	0	14	0	124.79781516669007	"[""refiner_sensitive_exon_blast_incorporated""]"
GCA_018282365.1	Bos taurus x Bison bison	Bos taurus x Bison bison	Chromosome	DISRUPTED_STRONG	DISRUPTED_HIGH	first_pass_reference_anchored_remnant	0.9598134194474345	0.9598134194474345	0.01942103334554782	59	1	0	33	2	13	0	174.5616008696282	"[""refiner_sensitive_exon_blast_incorporated""]"
GCA_018282465.1	Bos taurus x Bison bison	Bos taurus x Bison bison	Chromosome	DISRUPTED_STRONG	DISRUPTED_HIGH	first_pass_reference_anchored_remnant	0.9601722282023681	0.9601722282023681	0.017961876832844576	62	3	0	40	1	15	0	174.76591946409474	"[""refiner_sensitive_exon_blast_incorporated""]"
GCA_018357025.1	Capra hircus	Capra hircus	Scaffold	UNRESOLVED	DISRUPTED_HIGH	first_pass_reference_anchored_remnant	0.0	0.0	1.0	0	0	0	0	0	0	0	-4.0	"[""raw_blast_missing_or_empty""]"
GCA_018804185.1	Ovis aries	Ovis aries	Chromosome	DISRUPTED_STRONG	DISRUPTED_LIKELY	first_pass_plus_refiner_sensitive_remnant	0.9634015069967707	0.9634015069967707	0.012472487160674981	68	7	26	23	2	14	0	175.07349688320969	"[""refiner_sensitive_exon_blast_incorporated""]"
GCA_019145175.1	Ovis aries	Ovis aries	Chromosome	DISRUPTED_STRONG	DISRUPTED_LIKELY	first_pass_plus_refiner_sensitive_remnant	0.964119124506638	0.964119124506638	0.01245877610846464	66	8	26	24	2	14	0	175.1453957447185	"[""refiner_sensitive_exon_blast_incorporated""]"
GCA_019320065.1	Cervus canadensis	Cervus canadensis	Chromosome	UNRESOLVED_ASSEMBLY_GAP	UNRESOLVED	first_pass_plus_refiner_sensitive_remnant	0.9085037674919269	0.9085037674919269	0.06598240469208211	75	16	41	20	1	8	0	128.61620750830102	"[""refiner_sensitive_exon_blast_incorporated""]"
GCA_019593525.1	Addax nasomaculatus	Addax nasomaculatus	Scaffold	UNRESOLVED_ASSEMBLY_GAP	DISRUPTED_LIKELY	first_pass_plus_refiner_sensitive_remnant	0.9680660208109078	0.9680660208109078	0.010964912280701754	59	8	26	30	0	11	0	122.57095392182617	"[""refiner_sensitive_exon_blast_incorporated""]"
GCA_019903745.2	Rangifer tarandus caribou	Rangifer tarandus	Chromosome	UNRESOLVED_ASSEMBLY_GAP	DISRUPTED_HIGH	first_pass_plus_refiner_sensitive_remnant	0.9673484033010405	0.9673484033010405	0.001840942562592047	86	15	26	26	1	12	0	125.71643090447813	"[""refiner_sensitive_exon_blast_incorporated""]"
GCA_019923925.1	Bubalus bubalis	Bubalus bubalis	Chromosome	DISRUPTED_STRONG	DISRUPTED_HIGH	first_pass_plus_refiner_sensitive_remnant	0.8058844635809114	0.8058844635809114	0.17304860088365243	71	0	57	25	1	11	0	151.62792797985463	"[""refiner_sensitive_exon_blast_incorporated""]"
GCA_019923935.1	Bubalus bubalis	Bubalus bubalis	Chromosome	UNRESOLVED_ASSEMBLY_GAP	DISRUPTED_HIGH	first_pass_plus_refiner_sensitive_remnant	0.8058844635809114	0.8058844635809114	0.17304860088365243	71	0	57	25	1	11	0	101.62792797985462	"[""refiner_sensitive_exon_blast_incorporated""]"
GCA_019969365.1	Nanger dama ruficollis	Nanger dama	Scaffold	UNRESOLVED_ASSEMBLY_GAP	DISRUPTED_LIKELY	first_pass_plus_refiner_sensitive_remnant	0.9185504126300682	0.9185504126300682	0.061515928231417064	59	3	27	43	1	13	0	114.37046617313253	"[""refiner_sensitive_exon_blast_incorporated""]"
GCA_020226025.1	Muntiacus gongshanensis	Muntiacus gongshanensis	Scaffold	DISRUPTED_STRONG	DISRUPTED_LIKELY	first_pass_plus_refiner_sensitive_remnant	0.9705776820954432	0.9705776820954432	0.002565982404692082	75	16	26	37	1	8	0	173.0321083854974	"[""refiner_sensitive_exon_blast_incorporated""]"
GCA_020226045.1	Muntiacus reevesi	Muntiacus reevesi	Chromosome	DISRUPTED_STRONG	DISRUPTED_HIGH	first_pass_plus_refiner_sensitive_remnant	0.9705776820954432	0.9705776820954432	0.002559414990859232	75	23	26	33	2	11	0	176.03217405963574	"[""refiner_sensitive_exon_blast_incorporated""]"
GCA_020226055.1	Muntiacus crinifrons	Muntiacus crinifrons	Chromosome	DISRUPTED_STRONG	DISRUPTED_HIGH	first_pass_plus_refiner_sensitive_remnant	0.9712952996053104	0.9712952996053104	0.0018328445747800588	75	16	28	37	1	7	0	176.11120151478323	"[""refiner_sensitive_exon_blast_incorporated""]"
GCA_020226075.1	Hydropotes inermis	Hydropotes inermis	Chromosome	UNRESOLVED_ASSEMBLY_GAP	DISRUPTED_LIKELY	first_pass_plus_refiner_sensitive_remnant	0.956584140653032	0.956584140653032	0.016489556614144377	76	18	24	36	2	9	0	124.37404418613906	"[""refiner_sensitive_exon_blast_incorporated""]"
GCA_020276665.1	Muntiacus crinifrons	Muntiacus crinifrons	Chromosome	DISRUPTED_STRONG	DISRUPTED_HIGH	first_pass_plus_refiner_sensitive_remnant	0.9691424470757086	0.9691424470757086	0.003301540719002201	77	16	28	37	2	8	0	175.86927115389355	"[""refiner_sensitive_exon_blast_incorporated""]"
GCA_020976825.1	Odocoileus hemionus	Odocoileus hemionus	Chromosome	UNRESOLVED	DISRUPTED_LIKELY	first_pass_plus_refiner_sensitive_remnant	0.08144958736993183	0.08144958736993183	0.9180740208408192	5	1	28	1	2	0	0	27.515178918255057	"[""refiner_sensitive_exon_blast_incorporated""]"
GCA_021018645.1	Antilocapra americana	Antilocapra americana	Scaffold	UNRESOLVED_ASSEMBLY_GAP	DISRUPTED_HIGH	first_pass_reference_anchored_remnant	0.9734481521349121	0.9734481521349121	0.0018288222384784199	69	16	0	50	1	14	0	123.29964527067632	"[""refiner_sensitive_exon_blast_incorporated""]"
GCA_021018665.1	Elaphurus davidianus	Elaphurus davidianus	Scaffold	UNRESOLVED_ASSEMBLY_GAP	UNRESOLVED	first_pass_plus_refiner_sensitive_remnant	0.9085037674919269	0.9085037674919269	0.06598240469208211	75	16	41	39	1	8	0	125.28756901064844	"[""refiner_sensitive_exon_blast_incorporated""]"
GCA_021018685.1	Okapia johnstoni	Okapia johnstoni	Scaffold	UNRESOLVED_ASSEMBLY_GAP	DISRUPTED_LIKELY	first_pass_reference_anchored_remnant	0.9874416935773233	0.9874416935773233	0.0018129079042784628	30	1	0	40	1	10	0	124.72604027868955	"[""refiner_sensitive_exon_blast_incorporated""]"
GCA_021234555.1	Bos taurus	Bos taurus	Chromosome	DISRUPTED_STRONG	DISRUPTED_HIGH	first_pass_reference_anchored_remnant	0.961248654467169	0.961248654467169	0.017955294979846097	59	1	0	33	2	14	0	174.8736279091048	"[""refiner_sensitive_exon_blast_incorporated""]"
GCA_021325815.1	Ovis aries	Ovis aries	Scaffold	DISRUPTED_STRONG	DISRUPTED_LIKELY	first_pass_plus_refiner_sensitive_remnant	0.9677072120559742	0.9677072120559742	0.010964912280701754	60	9	26	31	0	16	0	172.53507304633283	"[""refiner_sensitive_exon_blast_incorporated""]"
GCA_021325835.1	Ovis aries	Ovis aries	Scaffold	DISRUPTED_STRONG	DISRUPTED_LIKELY	first_pass_plus_refiner_sensitive_remnant	0.9677072120559742	0.9677072120559742	0.010964912280701754	60	9	26	31	0	16	0	172.53507304633283	"[""refiner_sensitive_exon_blast_incorporated""]"
GCA_021325855.1	Ovis aries	Ovis aries	Scaffold	DISRUPTED_STRONG	DISRUPTED_LIKELY	first_pass_plus_refiner_sensitive_remnant	0.9677072120559742	0.9677072120559742	0.010964912280701754	60	9	26	31	0	16	0	172.53507304633283	"[""refiner_sensitive_exon_blast_incorporated""]"
GCA_021325865.1	Ovis aries	Ovis aries	Contig	DISRUPTED_STRONG	DISRUPTED_LIKELY	first_pass_plus_refiner_sensitive_remnant	0.9677072120559742	0.9677072120559742	0.010968921389396709	60	8	26	28	2	15	0	169.53503295524587	"[""refiner_sensitive_exon_blast_incorporated""]"
GCA_021325875.1	Ovis aries	Ovis aries	Scaffold	DISRUPTED_STRONG	DISRUPTED_LIKELY	first_pass_plus_refiner_sensitive_remnant	0.9634015069967707	0.9634015069967707	0.012472487160674981	68	7	26	23	2	14	0	172.07349688320969	"[""refiner_sensitive_exon_blast_incorporated""]"
GCA_021325905.1	Ovis aries	Ovis aries	Scaffold	DISRUPTED_STRONG	DISRUPTED_LIKELY	first_pass_plus_refiner_sensitive_remnant	0.9677072120559742	0.9677072120559742	0.010968921389396709	60	8	26	28	2	15	0	172.53503295524587	"[""refiner_sensitive_exon_blast_incorporated""]"
GCA_021325935.1	Ovis aries	Ovis aries	Scaffold	DISRUPTED_STRONG	DISRUPTED_LIKELY	first_pass_plus_refiner_sensitive_remnant	0.9677072120559742	0.9677072120559742	0.010968921389396709	60	8	26	28	2	15	0	172.53503295524587	"[""refiner_sensitive_exon_blast_incorporated""]"
GCA_021326705.1	Ovis aries	Ovis aries	Scaffold	DISRUPTED_STRONG	DISRUPTED_LIKELY	first_pass_plus_refiner_sensitive_remnant	0.9634015069967707	0.9634015069967707	0.012472487160674981	68	7	26	23	2	14	0	172.07349688320969	"[""refiner_sensitive_exon_blast_incorporated""]"
GCA_021326735.1	Ovis aries	Ovis aries	Scaffold	DISRUPTED_STRONG	DISRUPTED_LIKELY	first_pass_plus_refiner_sensitive_remnant	0.9677072120559742	0.9677072120559742	0.010968921389396709	60	8	26	28	2	15	0	172.53503295524587	"[""refiner_sensitive_exon_blast_incorporated""]"
GCA_021326975.1	Ovis aries	Ovis aries	Scaffold	DISRUPTED_STRONG	DISRUPTED_LIKELY	first_pass_plus_refiner_sensitive_remnant	0.9677072120559742	0.9677072120559742	0.010964912280701754	60	9	26	31	0	16	0	172.53507304633283	"[""refiner_sensitive_exon_blast_incorporated""]"
GCA_021327145.1	Ovis aries	Ovis aries	Contig	DISRUPTED_STRONG	DISRUPTED_LIKELY	first_pass_plus_refiner_sensitive_remnant	0.9634015069967707	0.9634015069967707	0.012472487160674981	68	7	26	23	2	14	0	169.07349688320969	"[""refiner_sensitive_exon_blast_incorporated""]"
GCA_021327245.1	Ovis aries	Ovis aries	Scaffold	DISRUPTED_STRONG	DISRUPTED_LIKELY	first_pass_plus_refiner_sensitive_remnant	0.9677072120559742	0.9677072120559742	0.010964912280701754	60	9	26	31	0	16	0	172.53507304633283	"[""refiner_sensitive_exon_blast_incorporated""]"
GCA_021327285.1	Ovis aries	Ovis aries	Scaffold	DISRUPTED_STRONG	DISRUPTED_LIKELY	first_pass_plus_refiner_sensitive_remnant	0.9634015069967707	0.9634015069967707	0.012472487160674981	68	7	26	23	2	14	0	172.07349688320969	"[""refiner_sensitive_exon_blast_incorporated""]"
GCA_021327305.1	Ovis aries	Ovis aries	Scaffold	DISRUPTED_STRONG	DISRUPTED_LIKELY	first_pass_plus_refiner_sensitive_remnant	0.9634015069967707	0.9634015069967707	0.012472487160674981	68	7	26	23	2	14	0	172.07349688320969	"[""refiner_sensitive_exon_blast_incorporated""]"
GCA_021327315.1	Ovis aries	Ovis aries	Scaffold	DISRUPTED_STRONG	DISRUPTED_LIKELY	first_pass_plus_refiner_sensitive_remnant	0.9677072120559742	0.9677072120559742	0.010968921389396709	60	8	26	28	2	15	0	172.53503295524587	"[""refiner_sensitive_exon_blast_incorporated""]"
GCA_021327335.1	Ovis aries	Ovis aries	Scaffold	DISRUPTED_STRONG	DISRUPTED_LIKELY	first_pass_plus_refiner_sensitive_remnant	0.9634015069967707	0.9634015069967707	0.012472487160674981	68	7	26	23	2	14	0	172.07349688320969	"[""refiner_sensitive_exon_blast_incorporated""]"
GCA_021327355.1	Ovis aries	Ovis aries	Scaffold	DISRUPTED_STRONG	DISRUPTED_LIKELY	first_pass_plus_refiner_sensitive_remnant	0.9634015069967707	0.9634015069967707	0.012472487160674981	68	7	26	23	2	14	0	172.07349688320969	"[""refiner_sensitive_exon_blast_incorporated""]"
GCA_021327375.1	Ovis aries	Ovis aries	Scaffold	DISRUPTED_STRONG	DISRUPTED_LIKELY	first_pass_plus_refiner_sensitive_remnant	0.9634015069967707	0.9634015069967707	0.012472487160674981	68	7	26	23	2	14	0	172.07349688320969	"[""refiner_sensitive_exon_blast_incorporated""]"
GCA_021327395.1	Ovis aries	Ovis aries	Scaffold	DISRUPTED_STRONG	DISRUPTED_LIKELY	first_pass_plus_refiner_sensitive_remnant	0.9677072120559742	0.9677072120559742	0.010968921389396709	60	8	26	28	2	15	0	172.53503295524587	"[""refiner_sensitive_exon_blast_incorporated""]"
GCA_021327435.1	Ovis aries	Ovis aries	Scaffold	DISRUPTED_STRONG	DISRUPTED_LIKELY	first_pass_plus_refiner_sensitive_remnant	0.9677072120559742	0.9677072120559742	0.010964912280701754	60	9	26	31	0	16	0	172.53507304633283	"[""refiner_sensitive_exon_blast_incorporated""]"
GCA_021328935.1	Ovis aries	Ovis aries	Scaffold	DISRUPTED_STRONG	DISRUPTED_LIKELY	first_pass_plus_refiner_sensitive_remnant	0.9677072120559742	0.9677072120559742	0.010968921389396709	60	8	26	28	2	15	0	172.53503295524587	"[""refiner_sensitive_exon_blast_incorporated""]"
GCA_021328945.1	Ovis aries	Ovis aries	Scaffold	DISRUPTED_STRONG	DISRUPTED_LIKELY	first_pass_plus_refiner_sensitive_remnant	0.9677072120559742	0.9677072120559742	0.010968921389396709	60	8	26	28	2	15	0	172.53503295524587	"[""refiner_sensitive_exon_blast_incorporated""]"
GCA_021328955.1	Ovis aries	Ovis aries	Contig	DISRUPTED_STRONG	DISRUPTED_LIKELY	first_pass_plus_refiner_sensitive_remnant	0.9634015069967707	0.9634015069967707	0.012472487160674981	68	7	26	23	2	14	0	169.07349688320969	"[""refiner_sensitive_exon_blast_incorporated""]"
GCA_021328995.1	Ovis aries	Ovis aries	Scaffold	DISRUPTED_STRONG	DISRUPTED_LIKELY	first_pass_plus_refiner_sensitive_remnant	0.9677072120559742	0.9677072120559742	0.010968921389396709	60	8	26	28	2	15	0	172.53503295524587	"[""refiner_sensitive_exon_blast_incorporated""]"
GCA_021347905.1	Bos taurus	Bos taurus	Chromosome	DISRUPTED_STRONG	DISRUPTED_HIGH	first_pass_reference_anchored_remnant	0.9587369931826336	0.9587369931826336	0.019428152492668622	62	3	0	40	1	16	0	174.60773320552306	"[""refiner_sensitive_exon_blast_incorporated""]"
GCA_021462335.1	Ovibos moschatus	Ovibos moschatus	Scaffold	UNRESOLVED_ASSEMBLY_GAP	DISRUPTED_LIKELY	first_pass_reference_anchored_remnant	0.9684248295658414	0.9684248295658414	0.010948905109489052	58	11	0	41	1	15	0	122.60699486903164	"[""refiner_sensitive_exon_blast_incorporated""]"
GCA_022244695.1	Ovis aries	Ovis aries	Chromosome	DISRUPTED_STRONG	DISRUPTED_LIKELY	first_pass_plus_refiner_sensitive_remnant	0.9634015069967707	0.9634015069967707	0.012472487160674981	68	7	26	23	2	14	0	175.07349688320969	"[""refiner_sensitive_exon_blast_incorporated""]"
GCA_022244705.1	Ovis aries	Ovis aries	Chromosome	DISRUPTED_STRONG	DISRUPTED_LIKELY	first_pass_plus_refiner_sensitive_remnant	0.9677072120559742	0.9677072120559742	0.010968921389396709	60	8	26	28	2	15	0	175.53503295524587	"[""refiner_sensitive_exon_blast_incorporated""]"
GCA_022376915.1	Moschus berezovskii	Moschus berezovskii	Scaffold	DISRUPTED_STRONG	DISRUPTED_HIGH	first_pass_plus_refiner_sensitive_remnant	0.976318622174381	0.976318622174381	0.0036603221083455345	56	1	26	39	2	11	0	173.50661808851407	"[""refiner_sensitive_exon_blast_incorporated""]"
GCA_022376925.1	Tragulus kanchil	Tragulus kanchil	Scaffold	DISRUPTED_STRONG	DISRUPTED_LIKELY	first_pass_reference_anchored_remnant	0.5313957660566918	0.5313957660566918	0.4618945868945869	9	30	0	17	0	6	0	122.42409410601772	"[""refiner_sensitive_exon_blast_incorporated""]"
GCA_022416685.1	Ovis aries	Ovis aries	Chromosome	DISRUPTED_STRONG	DISRUPTED_LIKELY	first_pass_plus_refiner_sensitive_remnant	0.9634015069967707	0.9634015069967707	0.012472487160674981	68	7	26	23	2	14	0	175.07349688320969	"[""refiner_sensitive_exon_blast_incorporated""]"
GCA_022416695.1	Ovis aries	Ovis aries	Chromosome	DISRUPTED_STRONG	DISRUPTED_LIKELY	first_pass_plus_refiner_sensitive_remnant	0.9634015069967707	0.9634015069967707	0.012472487160674981	68	7	26	23	2	14	0	175.07349688320969	"[""refiner_sensitive_exon_blast_incorporated""]"
GCA_022416725.1	Ovis aries	Ovis aries	Chromosome	DISRUPTED_STRONG	DISRUPTED_LIKELY	first_pass_plus_refiner_sensitive_remnant	0.9634015069967707	0.9634015069967707	0.012472487160674981	68	7	26	23	2	14	0	175.07349688320969	"[""refiner_sensitive_exon_blast_incorporated""]"
GCA_022416745.1	Ovis aries	Ovis aries	Chromosome	DISRUPTED_STRONG	DISRUPTED_LIKELY	first_pass_plus_refiner_sensitive_remnant	0.9677072120559742	0.9677072120559742	0.010964912280701754	60	9	26	31	0	16	0	175.53507304633283	"[""refiner_sensitive_exon_blast_incorporated""]"
GCA_022416755.1	Ovis aries	Ovis aries	Chromosome	DISRUPTED_STRONG	DISRUPTED_LIKELY	first_pass_plus_refiner_sensitive_remnant	0.9677072120559742	0.9677072120559742	0.010968921389396709	60	8	26	28	2	15	0	175.53503295524587	"[""refiner_sensitive_exon_blast_incorporated""]"
GCA_022416775.1	Ovis aries	Ovis aries	Chromosome	DISRUPTED_STRONG	DISRUPTED_LIKELY	first_pass_plus_refiner_sensitive_remnant	0.9677072120559742	0.9677072120559742	0.010964912280701754	60	9	26	31	0	16	0	175.53507304633283	"[""refiner_sensitive_exon_blast_incorporated""]"
GCA_022416785.1	Ovis aries	Ovis aries	Chromosome	DISRUPTED_STRONG	DISRUPTED_LIKELY	first_pass_plus_refiner_sensitive_remnant	0.9634015069967707	0.9634015069967707	0.012472487160674981	68	7	26	23	2	14	0	175.07349688320969	"[""refiner_sensitive_exon_blast_incorporated""]"
GCA_022416915.1	Ovis aries	Ovis aries	Chromosome	DISRUPTED_STRONG	DISRUPTED_LIKELY	first_pass_plus_refiner_sensitive_remnant	0.9677072120559742	0.9677072120559742	0.010968921389396709	60	8	26	28	2	15	0	175.53503295524587	"[""refiner_sensitive_exon_blast_incorporated""]"
GCA_022432825.1	Ovis aries	Ovis aries	Chromosome	DISRUPTED_STRONG	DISRUPTED_LIKELY	first_pass_plus_refiner_sensitive_remnant	0.9634015069967707	0.9634015069967707	0.012472487160674981	68	7	26	23	2	14	0	175.07349688320969	"[""refiner_sensitive_exon_blast_incorporated""]"
GCA_022432835.1	Ovis aries	Ovis aries	Chromosome	DISRUPTED_STRONG	DISRUPTED_LIKELY	first_pass_plus_refiner_sensitive_remnant	0.9677072120559742	0.9677072120559742	0.010968921389396709	60	8	26	28	2	15	0	175.53503295524587	"[""refiner_sensitive_exon_blast_incorporated""]"
GCA_022432845.1	Ovis aries	Ovis aries	Chromosome	DISRUPTED_STRONG	DISRUPTED_LIKELY	first_pass_plus_refiner_sensitive_remnant	0.9677072120559742	0.9677072120559742	0.010968921389396709	60	8	26	28	2	15	0	175.53503295524587	"[""refiner_sensitive_exon_blast_incorporated""]"
GCA_022457185.1	Rangifer tarandus	Rangifer tarandus	Scaffold	DISRUPTED_STRONG	DISRUPTED_HIGH	first_pass_plus_refiner_sensitive_remnant	0.8209544312881234	0.8209544312881234	0.15455212922173275	78	15	26	30	0	9	0	150.89632706535318	"[""refiner_sensitive_exon_blast_incorporated""]"
GCA_022457235.1	Tragulus javanicus	Tragulus javanicus	Scaffold	UNRESOLVED_ASSEMBLY_GAP	UNRESOLVED	first_pass_reference_anchored_remnant	0.4635809113742375	0.4635809113742375	0.5318845742785893	2	22	0	15	2	7	0	72.57156221353563	"[""refiner_sensitive_exon_blast_incorporated""]"
GCA_022533635.2	Ovibos moschatus	Ovibos moschatus	Scaffold	UNRESOLVED_ASSEMBLY_GAP	DISRUPTED_LIKELY	first_pass_reference_anchored_remnant	0.9687836383207751	0.9687836383207751	0.010948905109489052	57	10	0	24	1	12	0	122.64287574452501	"[""refiner_sensitive_exon_blast_incorporated""]"
GCA_022538005.1	Ovis aries	Ovis aries	Chromosome	DISRUPTED_STRONG	DISRUPTED_LIKELY	first_pass_plus_refiner_sensitive_remnant	0.9677072120559742	0.9677072120559742	0.010964912280701754	60	9	26	31	0	16	0	175.53507304633283	"[""refiner_sensitive_exon_blast_incorporated""]"
GCA_022702505.1	Ovis aries	Ovis aries	Scaffold	DISRUPTED_STRONG	DISRUPTED_LIKELY	first_pass_plus_refiner_sensitive_remnant	0.9634015069967707	0.9634015069967707	0.012472487160674981	68	7	26	23	2	14	0	172.07349688320969	"[""refiner_sensitive_exon_blast_incorporated""]"
GCA_022702665.1	Ovis aries	Ovis aries	Scaffold	DISRUPTED_STRONG	DISRUPTED_LIKELY	first_pass_plus_refiner_sensitive_remnant	0.9677072120559742	0.9677072120559742	0.010964912280701754	60	9	26	31	0	16	0	172.53507304633283	"[""refiner_sensitive_exon_blast_incorporated""]"
GCA_023091745.2	Budorcas taxicolor	Budorcas taxicolor	Chromosome	DISRUPTED_STRONG	DISRUPTED_HIGH	first_pass_reference_anchored_remnant	0.9684248295658414	0.9684248295658414	0.01095290251916758	58	10	0	20	0	11	0	175.60695489493486	"[""refiner_sensitive_exon_blast_incorporated""]"
GCA_023699985.4	Odocoileus virginianus	Odocoileus virginianus	Chromosome	DISRUPTED_STRONG	DISRUPTED_HIGH	first_pass_plus_refiner_sensitive_remnant	0.9684248295658414	0.9684248295658414	0.001838235294117647	83	16	26	41	2	11	0	175.82410060364296	"[""refiner_sensitive_exon_blast_incorporated""]"
GCA_023701655.1	Ovis ammon polii x Ovis aries	Ovis ammon polii x Ovis aries	Chromosome	DISRUPTED_STRONG	DISRUPTED_HIGH	first_pass_plus_refiner_sensitive_remnant	0.9677072120559742	0.9677072120559742	0.010968921389396709	60	8	26	28	2	15	0	175.53503295524587	"[""refiner_sensitive_exon_blast_incorporated""]"
GCA_023701675.1	Ovis ammon polii x Ovis aries	Ovis ammon polii x Ovis aries	Chromosome	DISRUPTED_STRONG	DISRUPTED_HIGH	first_pass_plus_refiner_sensitive_remnant	0.9677072120559742	0.9677072120559742	0.010968921389396709	60	8	26	28	2	15	0	175.53503295524587	"[""refiner_sensitive_exon_blast_incorporated""]"
GCA_024222135.1	Ovis aries	Ovis aries	Scaffold	DISRUPTED_STRONG	DISRUPTED_LIKELY	first_pass_plus_refiner_sensitive_remnant	0.9677072120559742	0.9677072120559742	0.010968921389396709	60	8	26	28	2	15	0	172.53503295524587	"[""refiner_sensitive_exon_blast_incorporated""]"
GCA_024222175.1	Ovis aries	Ovis aries	Chromosome	DISRUPTED_STRONG	DISRUPTED_LIKELY	first_pass_plus_refiner_sensitive_remnant	0.9677072120559742	0.9677072120559742	0.010964912280701754	60	9	26	31	0	16	0	175.53507304633283	"[""refiner_sensitive_exon_blast_incorporated""]"
GCA_024222185.1	Ovis aries	Ovis aries	Scaffold	DISRUPTED_STRONG	DISRUPTED_LIKELY	first_pass_plus_refiner_sensitive_remnant	0.9677072120559742	0.9677072120559742	0.010968921389396709	60	8	26	28	2	15	0	172.53503295524587	"[""refiner_sensitive_exon_blast_incorporated""]"
GCA_024222265.1	Ovis aries	Ovis aries	Chromosome	DISRUPTED_STRONG	DISRUPTED_LIKELY	first_pass_plus_refiner_sensitive_remnant	0.9677072120559742	0.9677072120559742	0.010968921389396709	60	8	26	28	2	15	0	175.53503295524587	"[""refiner_sensitive_exon_blast_incorporated""]"
GCA_024256485.1	Ovis aries	Ovis aries	Scaffold	DISRUPTED_STRONG	DISRUPTED_LIKELY	first_pass_plus_refiner_sensitive_remnant	0.9677072120559742	0.9677072120559742	0.010968921389396709	60	8	26	28	2	15	0	172.53503295524587	"[""refiner_sensitive_exon_blast_incorporated""]"
GCA_024256505.1	Ovis aries	Ovis aries	Scaffold	DISRUPTED_STRONG	DISRUPTED_LIKELY	first_pass_plus_refiner_sensitive_remnant	0.9677072120559742	0.9677072120559742	0.010964912280701754	60	9	26	31	0	16	0	172.53507304633283	"[""refiner_sensitive_exon_blast_incorporated""]"
GCA_024291935.2	Okapia johnstoni	Okapia johnstoni	Chromosome	DISRUPTED_STRONG	DISRUPTED_LIKELY	first_pass_reference_anchored_remnant	0.9874416935773233	0.9874416935773233	0.0018129079042784628	30	1	0	40	1	10	0	177.72604027868957	"[""refiner_sensitive_exon_blast_incorporated""]"
GCA_024542955.1	Bos taurus	Bos taurus	Scaffold	UNRESOLVED_ASSEMBLY_GAP	DISRUPTED_HIGH	first_pass_reference_anchored_remnant	0.961248654467169	0.961248654467169	0.017955294979846097	59	1	0	33	2	13	0	121.87362790910481	"[""refiner_sensitive_exon_blast_incorporated""]"
GCA_025584935.1	Bubalus depressicornis	Bubalus depressicornis	Scaffold	DISRUPTED_POSSIBLE	DISRUPTED_POSSIBLE	first_pass_plus_refiner_sensitive_remnant	0.5123789020452099	0.5123789020452099	0.47978142076502733	42	0	19	9	0	6	0	97.64840933020405	"[""refiner_sensitive_exon_blast_incorporated""]"
GCA_026262375.1	Bos indicus	Bos indicus	Chromosome	DISRUPTED_STRONG	DISRUPTED_LIKELY	first_pass_reference_anchored_remnant	0.9616074632221027	0.9616074632221027	0.017948717948717947	58	1	0	29	0	12	0	174.75572840106332	"[""refiner_sensitive_exon_blast_incorporated""]"
GCA_026262465.1	Bos indicus	Bos indicus	Chromosome	DISRUPTED_STRONG	DISRUPTED_LIKELY	first_pass_reference_anchored_remnant	0.961248654467169	0.961248654467169	0.017955294979846097	59	1	0	33	2	13	0	174.71978175525868	"[""refiner_sensitive_exon_blast_incorporated""]"
GCA_026262515.1	Bos indicus	Bos indicus	Chromosome	DISRUPTED_STRONG	DISRUPTED_LIKELY	first_pass_reference_anchored_remnant	0.961248654467169	0.961248654467169	0.017955294979846097	59	1	0	33	2	13	0	174.8736279091048	"[""refiner_sensitive_exon_blast_incorporated""]"
GCA_026262545.1	Bos indicus	Bos indicus	Chromosome	DISRUPTED_STRONG	DISRUPTED_LIKELY	first_pass_reference_anchored_remnant	0.961248654467169	0.961248654467169	0.017955294979846097	59	1	0	33	2	13	0	174.8736279091048	"[""refiner_sensitive_exon_blast_incorporated""]"
GCA_026652205.1	Capra hircus	Capra hircus	Chromosome	DISRUPTED_STRONG	DISRUPTED_HIGH	first_pass_reference_anchored_remnant	0.965913168281306	0.965913168281306	0.010993037742762916	65	7	0	38	2	12	0	175.3553874142454	"[""refiner_sensitive_exon_blast_incorporated""]"
GCA_027580195.2	Bos mutus	Bos mutus	Chromosome	DISRUPTED_STRONG	DISRUPTED_HIGH	first_pass_plus_refiner_sensitive_remnant	0.961248654467169	0.961248654467169	0.017889740781307048	59	11	26	31	0	12	0	174.7443321598486	"[""refiner_sensitive_exon_blast_incorporated""]"
GCA_027580245.1	Bos grunniens	Bos grunniens	Chromosome	DISRUPTED_STRONG	DISRUPTED_HIGH	first_pass_plus_refiner_sensitive_remnant	0.961248654467169	0.961248654467169	0.017889740781307048	59	11	26	31	0	12	0	174.7443321598486	"[""refiner_sensitive_exon_blast_incorporated""]"
GCA_028583565.1	Ovis ammon polii	Ovis ammon	Chromosome	DISRUPTED_STRONG	DISRUPTED_HIGH	first_pass_plus_refiner_sensitive_remnant	0.9677072120559742	0.9677072120559742	0.010968921389396709	60	8	26	28	2	15	0	175.53503295524587	"[""refiner_sensitive_exon_blast_incorporated""]"
GCA_028973685.2	Bos taurus	Bos taurus	Chromosome	DISRUPTED_STRONG	DISRUPTED_HIGH	first_pass_reference_anchored_remnant	0.9598134194474345	0.9598134194474345	0.01796846351301797	63	3	0	25	0	16	0	174.72997272179964	"[""refiner_sensitive_exon_blast_incorporated""]"
GCA_029378735.1	Bos indicus	Bos indicus	Chromosome	DISRUPTED_STRONG	DISRUPTED_LIKELY	first_pass_reference_anchored_remnant	0.9598134194474345	0.9598134194474345	0.01942103334554782	59	1	0	33	2	14	0	174.71544702347433	"[""refiner_sensitive_exon_blast_incorporated""]"
GCA_029378745.1	Bos indicus	Bos indicus	Chromosome	DISRUPTED_STRONG	DISRUPTED_LIKELY	first_pass_reference_anchored_remnant	0.961248654467169	0.961248654467169	0.017955294979846097	59	1	0	33	2	13	0	174.8736279091048	"[""refiner_sensitive_exon_blast_incorporated""]"
GCA_029407905.2	Bubalus kerabau	Bubalus kerabau	Chromosome	DISRUPTED_STRONG	DISRUPTED_HIGH	first_pass_plus_refiner_sensitive_remnant	0.8058844635809114	0.8058844635809114	0.17304860088365243	71	0	57	25	1	11	0	151.62792797985463	"[""refiner_sensitive_exon_blast_incorporated""]"
GCA_030254855.1	Bos taurus x Bison bison	Bos taurus x Bison bison	Chromosome	DISRUPTED_STRONG	DISRUPTED_HIGH	first_pass_reference_anchored_remnant	0.9598134194474345	0.9598134194474345	0.01942103334554782	59	1	0	33	2	13	0	174.5616008696282	"[""refiner_sensitive_exon_blast_incorporated""]"
GCA_030267345.1	Bos indicus	Bos indicus	Chromosome	DISRUPTED_STRONG	DISRUPTED_LIKELY	first_pass_reference_anchored_remnant	0.961248654467169	0.961248654467169	0.017955294979846097	59	1	0	33	2	13	0	174.8736279091048	"[""refiner_sensitive_exon_blast_incorporated""]"
GCA_030267355.1	Bos indicus	Bos indicus	Chromosome	DISRUPTED_STRONG	DISRUPTED_LIKELY	first_pass_reference_anchored_remnant	0.961248654467169	0.961248654467169	0.017955294979846097	59	1	0	33	2	13	0	174.8736279091048	"[""refiner_sensitive_exon_blast_incorporated""]"
GCA_030267375.1	Bos indicus	Bos indicus	Chromosome	DISRUPTED_STRONG	DISRUPTED_LIKELY	first_pass_reference_anchored_remnant	0.961248654467169	0.961248654467169	0.017955294979846097	59	1	0	33	2	13	0	174.71978175525868	"[""refiner_sensitive_exon_blast_incorporated""]"
GCA_030269505.1	Bos indicus	Bos indicus	Chromosome	DISRUPTED_STRONG	DISRUPTED_LIKELY	first_pass_reference_anchored_remnant	0.961248654467169	0.961248654467169	0.017955294979846097	59	1	0	33	2	13	0	174.8736279091048	"[""refiner_sensitive_exon_blast_incorporated""]"
GCA_030269805.1	Bos indicus	Bos indicus	Scaffold	DISRUPTED_STRONG	DISRUPTED_LIKELY	first_pass_reference_anchored_remnant	0.961248654467169	0.961248654467169	0.017955294979846097	59	1	0	33	2	13	0	171.8736279091048	"[""refiner_sensitive_exon_blast_incorporated""]"
GCA_030269815.1	Bos indicus	Bos indicus	Chromosome	DISRUPTED_STRONG	DISRUPTED_LIKELY	first_pass_reference_anchored_remnant	0.961248654467169	0.961248654467169	0.017955294979846097	59	1	0	33	2	13	0	174.71978175525868	"[""refiner_sensitive_exon_blast_incorporated""]"
GCA_030270685.1	Bos indicus	Bos indicus	Chromosome	DISRUPTED_STRONG	DISRUPTED_LIKELY	first_pass_reference_anchored_remnant	0.9598134194474345	0.9598134194474345	0.01796846351301797	63	3	0	25	0	16	0	174.72997272179964	"[""refiner_sensitive_exon_blast_incorporated""]"
GCA_030270705.1	Bos indicus	Bos indicus	Chromosome	DISRUPTED_STRONG	DISRUPTED_LIKELY	first_pass_reference_anchored_remnant	0.9616074632221027	0.9616074632221027	0.017948717948717947	58	1	0	29	0	12	0	174.75572840106332	"[""refiner_sensitive_exon_blast_incorporated""]"
GCA_030270715.1	Bos indicus	Bos indicus	Chromosome	DISRUPTED_STRONG	DISRUPTED_LIKELY	first_pass_reference_anchored_remnant	0.961248654467169	0.961248654467169	0.017955294979846097	59	1	0	33	2	13	0	174.8736279091048	"[""refiner_sensitive_exon_blast_incorporated""]"
GCA_030270725.1	Bos indicus	Bos indicus	Chromosome	DISRUPTED_STRONG	DISRUPTED_LIKELY	first_pass_reference_anchored_remnant	0.961248654467169	0.961248654467169	0.017955294979846097	59	1	0	33	2	13	0	174.8736279091048	"[""refiner_sensitive_exon_blast_incorporated""]"
GCA_030270805.1	Bos indicus	Bos indicus	Chromosome	DISRUPTED_STRONG	DISRUPTED_LIKELY	first_pass_reference_anchored_remnant	0.961248654467169	0.961248654467169	0.017955294979846097	59	1	0	33	2	13	0	174.8736279091048	"[""refiner_sensitive_exon_blast_incorporated""]"
GCA_030270825.1	Bos indicus	Bos indicus	Chromosome	DISRUPTED_STRONG	DISRUPTED_LIKELY	first_pass_reference_anchored_remnant	0.9601722282023681	0.9601722282023681	0.017961876832844576	62	3	0	40	1	15	0	174.76591946409474	"[""refiner_sensitive_exon_blast_incorporated""]"
GCA_030270845.1	Bos indicus	Bos indicus	Chromosome	DISRUPTED_STRONG	DISRUPTED_LIKELY	first_pass_reference_anchored_remnant	0.961248654467169	0.961248654467169	0.017955294979846097	59	1	0	33	2	13	0	174.8736279091048	"[""refiner_sensitive_exon_blast_incorporated""]"
GCA_030270855.1	Bos indicus	Bos indicus	Chromosome	DISRUPTED_STRONG	DISRUPTED_LIKELY	first_pass_reference_anchored_remnant	0.961248654467169	0.961248654467169	0.017955294979846097	59	1	0	33	2	13	0	174.8736279091048	"[""refiner_sensitive_exon_blast_incorporated""]"
GCA_030270865.1	Bos indicus	Bos indicus	Chromosome	DISRUPTED_STRONG	DISRUPTED_LIKELY	first_pass_reference_anchored_remnant	0.9598134194474345	0.9598134194474345	0.01796846351301797	63	3	0	25	0	16	0	174.72997272179964	"[""refiner_sensitive_exon_blast_incorporated""]"
GCA_030270935.1	Bos indicus	Bos indicus	Chromosome	DISRUPTED_STRONG	DISRUPTED_LIKELY	first_pass_reference_anchored_remnant	0.961248654467169	0.961248654467169	0.017955294979846097	59	1	0	33	2	13	0	174.71978175525868	"[""refiner_sensitive_exon_blast_incorporated""]"
GCA_030270945.1	Bos indicus	Bos indicus	Chromosome	DISRUPTED_STRONG	DISRUPTED_LIKELY	first_pass_reference_anchored_remnant	0.9598134194474345	0.9598134194474345	0.01942103334554782	59	1	0	33	2	14	0	174.71544702347433	"[""refiner_sensitive_exon_blast_incorporated""]"
GCA_030270955.1	Bos indicus	Bos indicus	Chromosome	DISRUPTED_STRONG	DISRUPTED_LIKELY	first_pass_reference_anchored_remnant	0.961248654467169	0.961248654467169	0.017955294979846097	59	1	0	33	2	13	0	174.8736279091048	"[""refiner_sensitive_exon_blast_incorporated""]"
GCA_030270995.1	Bos indicus	Bos indicus	Chromosome	DISRUPTED_STRONG	DISRUPTED_LIKELY	first_pass_reference_anchored_remnant	0.961248654467169	0.961248654467169	0.017955294979846097	59	1	0	33	2	13	0	174.71978175525868	"[""refiner_sensitive_exon_blast_incorporated""]"
GCA_030271795.1	Bos indicus	Bos indicus	Chromosome	DISRUPTED_STRONG	DISRUPTED_LIKELY	first_pass_reference_anchored_remnant	0.9601722282023681	0.9601722282023681	0.017961876832844576	62	3	0	40	1	15	0	174.76591946409474	"[""refiner_sensitive_exon_blast_incorporated""]"
GCA_030271805.1	Bos indicus	Bos indicus	Chromosome	DISRUPTED_STRONG	DISRUPTED_LIKELY	first_pass_reference_anchored_remnant	0.961248654467169	0.961248654467169	0.017955294979846097	59	1	0	33	2	13	0	174.71978175525868	"[""refiner_sensitive_exon_blast_incorporated""]"
GCA_030272135.1	Bos indicus	Bos indicus	Chromosome	DISRUPTED_STRONG	DISRUPTED_LIKELY	first_pass_reference_anchored_remnant	0.961248654467169	0.961248654467169	0.017955294979846097	59	1	0	33	2	13	0	174.8736279091048	"[""refiner_sensitive_exon_blast_incorporated""]"
GCA_030272235.1	Bos indicus	Bos indicus	Chromosome	DISRUPTED_STRONG	DISRUPTED_LIKELY	first_pass_reference_anchored_remnant	0.9598134194474345	0.9598134194474345	0.01796846351301797	63	3	0	25	0	16	0	174.72997272179964	"[""refiner_sensitive_exon_blast_incorporated""]"
GCA_030272475.1	Bos indicus	Bos indicus	Chromosome	DISRUPTED_STRONG	DISRUPTED_LIKELY	first_pass_reference_anchored_remnant	0.961248654467169	0.961248654467169	0.017955294979846097	59	1	0	33	2	13	0	174.71978175525868	"[""refiner_sensitive_exon_blast_incorporated""]"
GCA_030272495.1	Bos indicus	Bos indicus	Chromosome	UNRESOLVED_ASSEMBLY_GAP	DISRUPTED_LIKELY	first_pass_reference_anchored_remnant	0.961248654467169	0.961248654467169	0.017955294979846097	59	1	0	32	2	14	0	124.71978175525867	"[""refiner_sensitive_exon_blast_incorporated""]"
GCA_030272505.1	Bos indicus	Bos indicus	Chromosome	DISRUPTED_STRONG	DISRUPTED_LIKELY	first_pass_reference_anchored_remnant	0.961248654467169	0.961248654467169	0.017955294979846097	59	1	0	33	2	13	0	174.71978175525868	"[""refiner_sensitive_exon_blast_incorporated""]"
GCA_030378505.1	Bos taurus	Bos taurus	Chromosome	UNRESOLVED	DISRUPTED_HIGH	first_pass_reference_anchored_remnant	0.0	0.0	1.0	0	0	0	0	0	0	0	-1.0	"[""raw_blast_missing_or_empty""]"
GCA_030512445.1	Ovis aries	Ovis aries	Chromosome	UNRESOLVED	DISRUPTED_LIKELY	first_pass_reference_anchored_remnant	0.0	0.0	1.0	0	0	0	0	0	0	0	-1.0	"[""raw_blast_missing_or_empty""]"
GCA_030847515.1	Bos indicus	Bos indicus	Scaffold	DISRUPTED_POSSIBLE	DISRUPTED_LIKELY	first_pass_plus_refiner_sensitive_remnant	0.5034086831718694	0.5034086831718694	0.488896978522024	41	1	19	18	2	4	0	96.25334610630159	"[""refiner_sensitive_exon_blast_incorporated""]"
GCA_032405125.2	Capricornis sumatraensis	Capricornis sumatraensis	Chromosome	DISRUPTED_STRONG	DISRUPTED_HIGH	first_pass_reference_anchored_remnant	0.9669895945461069	0.9669895945461069	0.010968921389396709	62	10	0	35	2	14	0	175.46327120425912	"[""refiner_sensitive_exon_blast_incorporated""]"
GCA_032433645.1	Ovis aries	Ovis aries	Contig	DISRUPTED_POSSIBLE	DISRUPTED_LIKELY	first_pass_reference_anchored_remnant	0.4251883745963401	0.4251883745963401	0.5688339992735197	36	2	0	8	2	6	0	81.54023872460951	"[""refiner_sensitive_exon_blast_incorporated""]"
GCA_032452875.1	Bos javanicus	Bos javanicus	Chromosome	DISRUPTED_STRONG	DISRUPTED_HIGH	first_pass_reference_anchored_remnant	0.961248654467169	0.961248654467169	0.017955294979846097	59	1	0	32	2	14	0	174.71978175525868	"[""refiner_sensitive_exon_blast_incorporated""]"
GCA_033030755.1	Bos indicus	Bos indicus	Contig	DISRUPTED_STRONG	DISRUPTED_LIKELY	first_pass_reference_anchored_remnant	0.961248654467169	0.961248654467169	0.017955294979846097	59	1	0	33	2	13	0	168.8736279091048	"[""refiner_sensitive_exon_blast_incorporated""]"
GCA_033032115.1	Bos taurus	Bos taurus	Contig	DISRUPTED_STRONG	DISRUPTED_HIGH	first_pass_reference_anchored_remnant	0.9601722282023681	0.9601722282023681	0.017961876832844576	62	3	0	41	1	16	0	168.61207331024858	"[""refiner_sensitive_exon_blast_incorporated""]"
GCA_033118175.2	Dama dama	Dama dama	Chromosome	DISRUPTED_STRONG	DISRUPTED_HIGH	first_pass_plus_refiner_sensitive_remnant	0.9730893433799784	0.9730893433799784	0.0018301610541727673	70	15	26	42	2	9	0	176.2906327274561	"[""refiner_sensitive_exon_blast_incorporated""]"
GCA_033439445.1	Ovis aries	Ovis aries	Chromosome	DISRUPTED_STRONG	DISRUPTED_LIKELY	first_pass_plus_refiner_sensitive_remnant	0.9677072120559742	0.9677072120559742	0.010968921389396709	60	8	26	28	2	15	0	175.53503295524587	"[""refiner_sensitive_exon_blast_incorporated""]"
GCA_034097375.1	Bos taurus	Bos taurus	Chromosome	DISRUPTED_STRONG	DISRUPTED_HIGH	first_pass_reference_anchored_remnant	0.961248654467169	0.961248654467169	0.017955294979846097	59	1	0	33	2	13	0	174.8736279091048	"[""refiner_sensitive_exon_blast_incorporated""]"
GCA_034195675.1	Cervus nippon	Cervus nippon	Chromosome	DISRUPTED_STRONG	DISRUPTED_HIGH	first_pass_plus_refiner_sensitive_remnant	0.8998923573735199	0.8998923573735199	0.0741009807482746	75	41	17	41	2	10	0	167.34524223824582	"[""refiner_sensitive_exon_blast_incorporated""]"
GCA_034233915.1	Rucervus eldii siamensis	Rucervus eldii	Scaffold	DISRUPTED_STRONG	DISRUPTED_HIGH	first_pass_plus_refiner_sensitive_remnant	0.9085037674919269	0.9085037674919269	0.06598240469208211	75	16	41	37	1	7	0	164.95893051299586	"[""refiner_sensitive_exon_blast_incorporated""]"
GCA_034234005.1	Rucervus eldii thamin	Rucervus eldii	Scaffold	UNRESOLVED_ASSEMBLY_GAP	DISRUPTED_HIGH	first_pass_plus_refiner_sensitive_remnant	0.8963042698241838	0.8963042698241838	0.08080438756855576	68	16	17	35	2	7	0	113.52305880674395	"[""refiner_sensitive_exon_blast_incorporated""]"
GCA_038088365.1	Cervus nippon	Cervus nippon	Chromosome	DISRUPTED_STRONG	DISRUPTED_HIGH	first_pass_plus_refiner_sensitive_remnant	0.9006099748833871	0.9006099748833871	0.07371096586782862	74	41	17	37	0	11	0	167.61966247754773	"[""refiner_sensitive_exon_blast_incorporated""]"
GCA_038501445.1	Rusa alfredi	Rusa alfredi	Scaffold	UNRESOLVED_ASSEMBLY_GAP	UNRESOLVED	first_pass_plus_refiner_sensitive_remnant	0.8998923573735199	0.8998923573735199	0.0747800586510264	75	16	17	37	1	7	0	123.21169089583802	"[""refiner_sensitive_exon_blast_incorporated""]"
GCA_038502695.1	Capra falconeri	Capra falconeri	Scaffold	DISRUPTED_POSSIBLE	DISRUPTED_POSSIBLE	first_pass_reference_anchored_remnant	0.47793326157158234	0.47793326157158234	0.5161056822294607	29	5	0	18	0	7	0	94.16742105947468	"[""refiner_sensitive_exon_blast_incorporated""]"
GCA_039877825.1	Muntiacus vaginalis	Muntiacus vaginalis	Chromosome	DISRUPTED_STRONG	DISRUPTED_LIKELY	first_pass_plus_refiner_sensitive_remnant	0.9669895945461069	0.9669895945461069	0.0025744759102611253	85	17	26	37	1	9	0	175.67321469550808	"[""refiner_sensitive_exon_blast_incorporated""]"
GCA_039881165.1	Bos indicus	Bos indicus	Chromosome	DISRUPTED_STRONG	DISRUPTED_LIKELY	first_pass_reference_anchored_remnant	0.961248654467169	0.961248654467169	0.017955294979846097	59	1	0	33	2	13	0	174.8736279091048	"[""refiner_sensitive_exon_blast_incorporated""]"
GCA_039881175.1	Bos taurus	Bos taurus	Chromosome	DISRUPTED_STRONG	DISRUPTED_HIGH	first_pass_reference_anchored_remnant	0.961248654467169	0.961248654467169	0.017955294979846097	59	1	0	33	2	14	0	174.8736279091048	"[""refiner_sensitive_exon_blast_incorporated""]"
GCA_040085125.1	Cervus nippon	Cervus nippon	Chromosome	DISRUPTED_STRONG	DISRUPTED_HIGH	first_pass_plus_refiner_sensitive_remnant	0.9002511661284536	0.9002511661284536	0.07373774064656738	75	41	17	42	2	11	0	167.39572042703696	"[""refiner_sensitive_exon_blast_incorporated""]"
GCA_040182635.1	Pantholops hodgsonii	Pantholops hodgsonii	Chromosome	DISRUPTED_STRONG	DISRUPTED_LIKELY	first_pass_plus_refiner_sensitive_remnant	0.9687836383207751	0.9687836383207751	0.010972933430870519	57	4	28	40	1	10	0	175.64263546131122	"[""refiner_sensitive_exon_blast_incorporated""]"
GCA_040259355.1	Ovis aries	Ovis aries	Chromosome	DISRUPTED_STRONG	DISRUPTED_LIKELY	first_pass_plus_refiner_sensitive_remnant	0.9634015069967707	0.9634015069967707	0.012472487160674981	68	7	26	23	2	14	0	175.07349688320969	"[""refiner_sensitive_exon_blast_incorporated""]"
GCA_040285425.1	Bos taurus	Bos taurus	Chromosome	DISRUPTED_STRONG	DISRUPTED_HIGH	first_pass_reference_anchored_remnant	0.9601722282023681	0.9601722282023681	0.017961876832844576	62	3	0	40	1	15	0	174.76591946409474	"[""refiner_sensitive_exon_blast_incorporated""]"
GCA_040286185.1	Bos taurus	Bos taurus	Chromosome	DISRUPTED_STRONG	DISRUPTED_HIGH	first_pass_reference_anchored_remnant	0.961248654467169	0.961248654467169	0.017955294979846097	59	1	0	33	2	13	0	174.8736279091048	"[""refiner_sensitive_exon_blast_incorporated""]"
GCA_040438115.1	Tragelaphus eurycerus isaaci	Tragelaphus eurycerus	Chromosome	UNRESOLVED_ASSEMBLY_GAP	DISRUPTED_LIKELY	first_pass_plus_refiner_sensitive_remnant	0.8923573735199138	0.8923573735199138	0.08394160583941605	70	23	19	33	1	16	0	117.09762479585545	"[""refiner_sensitive_exon_blast_incorporated""]"
GCA_040543055.1	Ovis aries	Ovis aries	Chromosome	DISRUPTED_STRONG	DISRUPTED_LIKELY	first_pass_plus_refiner_sensitive_remnant	0.9677072120559742	0.9677072120559742	0.010968921389396709	60	8	26	28	2	15	0	175.53503295524587	"[""refiner_sensitive_exon_blast_incorporated""]"
GCA_040805955.1	Ovis aries	Ovis aries	Complete Genome	DISRUPTED_STRONG	DISRUPTED_LIKELY	first_pass_plus_refiner_sensitive_remnant	0.9634015069967707	0.9634015069967707	0.012472487160674981	68	7	26	23	2	14	0	178.07349688320969	"[""refiner_sensitive_exon_blast_incorporated""]"
GCA_040806595.1	Capra hircus	Capra hircus	Complete Genome	DISRUPTED_STRONG	DISRUPTED_HIGH	first_pass_reference_anchored_remnant	0.965913168281306	0.965913168281306	0.010993037742762916	65	7	0	38	2	12	0	178.3553874142454	"[""refiner_sensitive_exon_blast_incorporated""]"
GCA_040822015.1	Capra hircus	Capra hircus	Chromosome	DISRUPTED_STRONG	DISRUPTED_HIGH	first_pass_reference_anchored_remnant	0.965913168281306	0.965913168281306	0.010993037742762916	65	7	0	38	2	12	0	175.3553874142454	"[""refiner_sensitive_exon_blast_incorporated""]"
GCA_040836155.1	Ovis aries	Ovis aries	Chromosome	DISRUPTED_STRONG	DISRUPTED_LIKELY	first_pass_plus_refiner_sensitive_remnant	0.9634015069967707	0.9634015069967707	0.012472487160674981	68	7	26	23	2	14	0	175.07349688320969	"[""refiner_sensitive_exon_blast_incorporated""]"
GCA_040970035.1	Capra hircus	Capra hircus	Chromosome	DISRUPTED_STRONG	DISRUPTED_HIGH	first_pass_reference_anchored_remnant	0.965913168281306	0.965913168281306	0.010993037742762916	65	7	0	38	2	12	0	175.3553874142454	"[""refiner_sensitive_exon_blast_incorporated""]"
GCA_041053135.1	Capra hircus	Capra hircus	Chromosome	DISRUPTED_STRONG	DISRUPTED_HIGH	first_pass_reference_anchored_remnant	0.965913168281306	0.965913168281306	0.010993037742762916	65	7	0	38	2	12	0	175.3553874142454	"[""refiner_sensitive_exon_blast_incorporated""]"
GCA_041121725.1	Ovis aries	Ovis aries	Chromosome	DISRUPTED_STRONG	DISRUPTED_LIKELY	first_pass_plus_refiner_sensitive_remnant	0.9634015069967707	0.9634015069967707	0.012472487160674981	68	7	26	23	2	14	0	175.07349688320969	"[""refiner_sensitive_exon_blast_incorporated""]"
GCA_041156055.1	Ovibos moschatus	Ovibos moschatus	Scaffold	DISRUPTED_STRONG	DISRUPTED_LIKELY	first_pass_reference_anchored_remnant	0.9684248295658414	0.9684248295658414	0.010948905109489052	58	11	0	41	1	15	0	172.60699486903164	"[""refiner_sensitive_exon_blast_incorporated""]"
GCA_041735815.1	Capra hircus	Capra hircus	Complete Genome	DISRUPTED_STRONG	DISRUPTED_HIGH	first_pass_reference_anchored_remnant	0.965913168281306	0.965913168281306	0.010993037742762916	65	7	0	38	2	12	0	178.3553874142454	"[""refiner_sensitive_exon_blast_incorporated""]"
GCA_041736475.1	Capra hircus	Capra hircus	Chromosome	DISRUPTED_STRONG	DISRUPTED_HIGH	first_pass_reference_anchored_remnant	0.965913168281306	0.965913168281306	0.010993037742762916	65	7	0	38	2	12	0	175.3553874142454	"[""refiner_sensitive_exon_blast_incorporated""]"
GCA_041920685.1	Capra hircus	Capra hircus	Chromosome	DISRUPTED_STRONG	DISRUPTED_HIGH	first_pass_reference_anchored_remnant	0.965913168281306	0.965913168281306	0.010993037742762916	65	7	0	38	2	12	0	175.3553874142454	"[""refiner_sensitive_exon_blast_incorporated""]"
GCA_042477335.2	Ovis canadensis	Ovis canadensis	Chromosome	DISRUPTED_STRONG	DISRUPTED_HIGH	first_pass_plus_refiner_sensitive_remnant	0.9630426982418371	0.9630426982418371	0.012477064220183486	69	7	26	25	1	14	0	175.03757023712126	"[""refiner_sensitive_exon_blast_incorporated""]"
GCA_042767535.1	Odocoileus hemionus	Odocoileus hemionus	Scaffold	DISRUPTED_STRONG	DISRUPTED_LIKELY	first_pass_plus_refiner_sensitive_remnant	0.9684248295658414	0.9684248295658414	0.001838235294117647	83	16	26	41	2	10	0	172.82410060364296	"[""refiner_sensitive_exon_blast_incorporated""]"
GCA_042768445.1	Odocoileus hemionus	Odocoileus hemionus	Scaffold	DISRUPTED_STRONG	DISRUPTED_LIKELY	first_pass_plus_refiner_sensitive_remnant	0.9684248295658414	0.9684248295658414	0.001838235294117647	83	16	26	42	2	10	0	172.82410060364296	"[""refiner_sensitive_exon_blast_incorporated""]"
GCA_042835985.1	Capra hircus	Capra hircus	Chromosome	DISRUPTED_STRONG	DISRUPTED_HIGH	first_pass_reference_anchored_remnant	0.965913168281306	0.965913168281306	0.010993037742762916	65	7	0	38	2	12	0	175.3553874142454	"[""refiner_sensitive_exon_blast_incorporated""]"
GCA_042859625.1	Ovis canadensis	Ovis canadensis	Complete Genome	UNRESOLVED	DISRUPTED_HIGH	first_pass_reference_anchored_remnant	0.0	0.0	1.0	0	0	0	0	0	0	0	2.0	"[""raw_blast_missing_or_empty""]"
GCA_043643345.1	Bos frontalis	Bos frontalis	Chromosome	DISRUPTED_STRONG	DISRUPTED_LIKELY	first_pass_plus_refiner_sensitive_remnant	0.9608898457122353	0.9608898457122353	0.017961876832844576	60	1	26	42	1	15	0	174.6838350612353	"[""refiner_sensitive_exon_blast_incorporated""]"
GCA_043882115.1	Bos taurus	Bos taurus	Chromosome	DISRUPTED_STRONG	DISRUPTED_HIGH	first_pass_reference_anchored_remnant	0.961248654467169	0.961248654467169	0.017955294979846097	59	1	0	33	2	13	0	174.8736279091048	"[""refiner_sensitive_exon_blast_incorporated""]"
GCA_044231825.1	Addax nasomaculatus	Addax nasomaculatus	Chromosome	DISRUPTED_STRONG	DISRUPTED_LIKELY	first_pass_plus_refiner_sensitive_remnant	0.9680660208109078	0.9680660208109078	0.010964912280701754	59	8	26	30	0	11	0	175.57095392182617	"[""refiner_sensitive_exon_blast_incorporated""]"
GCA_044509215.1	Capra hircus	Capra hircus	Chromosome	DISRUPTED_STRONG	DISRUPTED_HIGH	first_pass_reference_anchored_remnant	0.965913168281306	0.965913168281306	0.010993037742762916	65	7	0	38	2	12	0	175.3553874142454	"[""refiner_sensitive_exon_blast_incorporated""]"
GCA_044587905.1	Capra hircus	Capra hircus	Chromosome	DISRUPTED_STRONG	DISRUPTED_HIGH	first_pass_reference_anchored_remnant	0.9655543595263725	0.9655543595263725	0.010997067448680353	66	7	0	43	1	13	0	175.31946624169285	"[""refiner_sensitive_exon_blast_incorporated""]"
GCA_044587935.1	Capra hircus	Capra hircus	Chromosome	DISRUPTED_STRONG	DISRUPTED_HIGH	first_pass_reference_anchored_remnant	0.965913168281306	0.965913168281306	0.010993037742762916	65	7	0	38	2	12	0	175.3553874142454	"[""refiner_sensitive_exon_blast_incorporated""]"
GCA_044587945.1	Capra hircus	Capra hircus	Chromosome	DISRUPTED_STRONG	DISRUPTED_HIGH	first_pass_reference_anchored_remnant	0.965913168281306	0.965913168281306	0.010993037742762916	65	7	0	38	2	12	0	175.3553874142454	"[""refiner_sensitive_exon_blast_incorporated""]"
GCA_044588015.1	Capra hircus	Capra hircus	Chromosome	DISRUPTED_STRONG	DISRUPTED_HIGH	first_pass_reference_anchored_remnant	0.965913168281306	0.965913168281306	0.010993037742762916	65	7	0	38	2	12	0	175.3553874142454	"[""refiner_sensitive_exon_blast_incorporated""]"
GCA_045269445.1	Ovis ammon	Ovis ammon	Chromosome	DISRUPTED_STRONG	DISRUPTED_HIGH	first_pass_plus_refiner_sensitive_remnant	0.9677072120559742	0.9677072120559742	0.010968921389396709	60	8	26	28	2	15	0	175.53503295524587	"[""refiner_sensitive_exon_blast_incorporated""]"
GCA_046464075.1	Capra hircus	Capra hircus	Chromosome	DISRUPTED_STRONG	DISRUPTED_HIGH	first_pass_reference_anchored_remnant	0.965913168281306	0.965913168281306	0.010993037742762916	65	7	0	38	2	12	0	175.3553874142454	"[""refiner_sensitive_exon_blast_incorporated""]"
GCA_046563475.2	Cervus albirostris	Cervus albirostris	Chromosome	DISRUPTED_STRONG	DISRUPTED_LIKELY	first_pass_plus_refiner_sensitive_remnant	0.9002511661284536	0.9002511661284536	0.0747800586510264	74	15	17	21	1	9	0	167.70297083236426	"[""refiner_sensitive_exon_blast_incorporated""]"
GCA_047652215.1	Bos taurus	Bos taurus	Chromosome	DISRUPTED_STRONG	DISRUPTED_HIGH	first_pass_reference_anchored_remnant	0.9598134194474345	0.9598134194474345	0.01796846351301797	63	3	0	25	0	16	0	174.72997272179964	"[""refiner_sensitive_exon_blast_incorporated""]"
GCA_047671635.1	Capra hircus	Capra hircus	Chromosome	DISRUPTED_STRONG	DISRUPTED_HIGH	first_pass_reference_anchored_remnant	0.965913168281306	0.965913168281306	0.010993037742762916	65	7	0	38	2	12	0	175.3553874142454	"[""refiner_sensitive_exon_blast_incorporated""]"
GCA_047671655.1	Capra hircus	Capra hircus	Chromosome	DISRUPTED_STRONG	DISRUPTED_HIGH	first_pass_reference_anchored_remnant	0.965913168281306	0.965913168281306	0.010993037742762916	65	7	0	38	2	12	0	175.3553874142454	"[""refiner_sensitive_exon_blast_incorporated""]"
GCA_048126745.1	Dama dama	Dama dama	Chromosome	DISRUPTED_STRONG	DISRUPTED_HIGH	first_pass_plus_refiner_sensitive_remnant	0.9730893433799784	0.9730893433799784	0.0018301610541727673	70	15	26	42	2	9	0	176.2906327274561	"[""refiner_sensitive_exon_blast_incorporated""]"
GCA_048127045.1	Dama dama	Dama dama	Chromosome	DISRUPTED_STRONG	DISRUPTED_HIGH	first_pass_plus_refiner_sensitive_remnant	0.9730893433799784	0.9730893433799784	0.0018301610541727673	70	15	26	42	2	9	0	176.2906327274561	"[""refiner_sensitive_exon_blast_incorporated""]"
GCA_048593975.1	Capra hircus	Capra hircus	Chromosome	DISRUPTED_STRONG	DISRUPTED_HIGH	first_pass_reference_anchored_remnant	0.965913168281306	0.965913168281306	0.010993037742762916	65	7	0	38	2	12	0	175.3553874142454	"[""refiner_sensitive_exon_blast_incorporated""]"
GCA_048594055.1	Capra hircus	Capra hircus	Chromosome	DISRUPTED_STRONG	DISRUPTED_HIGH	first_pass_reference_anchored_remnant	0.965913168281306	0.965913168281306	0.010993037742762916	65	7	0	38	2	12	0	175.3553874142454	"[""refiner_sensitive_exon_blast_incorporated""]"
GCA_048594065.1	Capra hircus	Capra hircus	Chromosome	DISRUPTED_STRONG	DISRUPTED_HIGH	first_pass_reference_anchored_remnant	0.965913168281306	0.965913168281306	0.010993037742762916	65	7	0	38	2	12	0	175.3553874142454	"[""refiner_sensitive_exon_blast_incorporated""]"
GCA_048594125.1	Capra hircus	Capra hircus	Chromosome	DISRUPTED_STRONG	DISRUPTED_HIGH	first_pass_reference_anchored_remnant	0.965913168281306	0.965913168281306	0.010993037742762916	65	7	0	38	2	12	0	175.3553874142454	"[""refiner_sensitive_exon_blast_incorporated""]"
GCA_048594135.1	Capra hircus	Capra hircus	Chromosome	DISRUPTED_STRONG	DISRUPTED_HIGH	first_pass_reference_anchored_remnant	0.965913168281306	0.965913168281306	0.010993037742762916	65	7	0	38	2	12	0	175.3553874142454	"[""refiner_sensitive_exon_blast_incorporated""]"
GCA_048594165.1	Capra hircus	Capra hircus	Chromosome	DISRUPTED_STRONG	DISRUPTED_HIGH	first_pass_reference_anchored_remnant	0.965913168281306	0.965913168281306	0.010993037742762916	65	7	0	38	2	12	0	175.3553874142454	"[""refiner_sensitive_exon_blast_incorporated""]"
GCA_048598025.1	Capra hircus	Capra hircus	Chromosome	DISRUPTED_STRONG	DISRUPTED_HIGH	first_pass_reference_anchored_remnant	0.965913168281306	0.965913168281306	0.010993037742762916	65	7	0	38	2	12	0	175.3553874142454	"[""refiner_sensitive_exon_blast_incorporated""]"
GCA_048598055.1	Capra hircus	Capra hircus	Chromosome	DISRUPTED_STRONG	DISRUPTED_HIGH	first_pass_reference_anchored_remnant	0.9651955507714388	0.9651955507714388	0.011725906925613778	65	7	0	38	2	12	0	175.27629697143016	"[""refiner_sensitive_exon_blast_incorporated""]"
GCA_048598065.1	Capra hircus	Capra hircus	Chromosome	DISRUPTED_STRONG	DISRUPTED_HIGH	first_pass_reference_anchored_remnant	0.965913168281306	0.965913168281306	0.010993037742762916	65	7	0	38	2	12	0	175.3553874142454	"[""refiner_sensitive_exon_blast_incorporated""]"
GCA_048598825.1	Capra hircus	Capra hircus	Chromosome	DISRUPTED_STRONG	DISRUPTED_HIGH	first_pass_reference_anchored_remnant	0.965913168281306	0.965913168281306	0.010993037742762916	65	7	0	38	2	12	0	175.3553874142454	"[""refiner_sensitive_exon_blast_incorporated""]"
GCA_049004405.1	Capra hircus	Capra hircus	Chromosome	DISRUPTED_STRONG	DISRUPTED_HIGH	first_pass_reference_anchored_remnant	0.965913168281306	0.965913168281306	0.010993037742762916	65	7	0	38	2	12	0	175.3553874142454	"[""refiner_sensitive_exon_blast_incorporated""]"
GCA_049004455.1	Capra hircus	Capra hircus	Chromosome	DISRUPTED_STRONG	DISRUPTED_HIGH	first_pass_plus_refiner_sensitive_remnant	0.965913168281306	0.965913168281306	0.010993037742762916	65	7	26	38	2	12	0	175.3553874142454	"[""refiner_sensitive_exon_blast_incorporated""]"
GCA_049004495.1	Capra hircus	Capra hircus	Chromosome	DISRUPTED_STRONG	DISRUPTED_HIGH	first_pass_reference_anchored_remnant	0.9655543595263725	0.9655543595263725	0.010997067448680353	66	7	0	43	1	13	0	175.31946624169285	"[""refiner_sensitive_exon_blast_incorporated""]"
GCA_049004535.1	Capra hircus	Capra hircus	Chromosome	UNRESOLVED_ASSEMBLY_GAP	DISRUPTED_HIGH	first_pass_reference_anchored_remnant	0.965913168281306	0.965913168281306	0.010993037742762916	65	7	0	38	2	12	0	125.35538741424539	"[""refiner_sensitive_exon_blast_incorporated""]"
GCA_049004595.1	Capra hircus	Capra hircus	Chromosome	DISRUPTED_STRONG	DISRUPTED_HIGH	first_pass_reference_anchored_remnant	0.965913168281306	0.965913168281306	0.010993037742762916	65	7	0	38	2	12	0	175.3553874142454	"[""refiner_sensitive_exon_blast_incorporated""]"
GCA_049004675.1	Capra hircus	Capra hircus	Chromosome	DISRUPTED_STRONG	DISRUPTED_HIGH	first_pass_plus_refiner_sensitive_remnant	0.965913168281306	0.965913168281306	0.010993037742762916	65	7	26	38	2	12	0	175.3553874142454	"[""refiner_sensitive_exon_blast_incorporated""]"
GCA_049115385.1	Moschus berezovskii	Moschus berezovskii	Chromosome	DISRUPTED_STRONG	DISRUPTED_HIGH	first_pass_plus_refiner_sensitive_remnant	0.9781126659490491	0.9781126659490491	0.0018301610541727673	56	1	26	39	2	11	0	176.72423646202643	"[""refiner_sensitive_exon_blast_incorporated""]"
GCA_049634445.1	Bos taurus	Bos taurus	Contig	DISRUPTED_STRONG	DISRUPTED_HIGH	first_pass_reference_anchored_remnant	0.9598134194474345	0.9598134194474345	0.01796846351301797	63	3	0	25	0	16	0	168.72997272179964	"[""refiner_sensitive_exon_blast_incorporated""]"
GCA_049634505.1	Bos taurus	Bos taurus	Contig	DISRUPTED_STRONG	DISRUPTED_HIGH	first_pass_reference_anchored_remnant	0.9598134194474345	0.9598134194474345	0.01796846351301797	63	3	0	25	0	16	0	168.72997272179964	"[""refiner_sensitive_exon_blast_incorporated""]"
GCA_049634545.1	Bos taurus	Bos taurus	Contig	DISRUPTED_STRONG	DISRUPTED_HIGH	first_pass_reference_anchored_remnant	0.961248654467169	0.961248654467169	0.017955294979846097	59	1	0	33	2	13	0	168.8736279091048	"[""refiner_sensitive_exon_blast_incorporated""]"
GCA_049634565.1	Bos taurus	Bos taurus	Contig	DISRUPTED_STRONG	DISRUPTED_HIGH	first_pass_reference_anchored_remnant	0.961248654467169	0.961248654467169	0.017955294979846097	59	1	0	33	2	13	0	168.8736279091048	"[""refiner_sensitive_exon_blast_incorporated""]"
GCA_049634675.1	Bos taurus	Bos taurus	Contig	DISRUPTED_STRONG	DISRUPTED_HIGH	first_pass_reference_anchored_remnant	0.9598134194474345	0.9598134194474345	0.01942103334554782	59	1	0	33	2	14	0	168.71544702347433	"[""refiner_sensitive_exon_blast_incorporated""]"
GCA_049634715.1	Bos taurus	Bos taurus	Contig	DISRUPTED_STRONG	DISRUPTED_HIGH	first_pass_reference_anchored_remnant	0.961248654467169	0.961248654467169	0.017955294979846097	59	1	0	33	2	13	0	168.8736279091048	"[""refiner_sensitive_exon_blast_incorporated""]"
GCA_050059765.1	Bos grunniens	Bos grunniens	Chromosome	DISRUPTED_STRONG	DISRUPTED_HIGH	first_pass_plus_refiner_sensitive_remnant	0.961248654467169	0.961248654467169	0.017889740781307048	59	11	26	31	0	12	0	174.7443321598486	"[""refiner_sensitive_exon_blast_incorporated""]"
GCA_050084595.1	Ovis vignei punjabiensis	Ovis vignei	Scaffold	DISRUPTED_STRONG	DISRUPTED_HIGH	first_pass_plus_refiner_sensitive_remnant	0.964119124506638	0.964119124506638	0.012463343108504398	66	7	26	37	1	13	0	172.14535007471812	"[""refiner_sensitive_exon_blast_incorporated""]"
GCA_050084895.1	Ovis aries	Ovis aries	Scaffold	DISRUPTED_STRONG	DISRUPTED_LIKELY	first_pass_plus_refiner_sensitive_remnant	0.9634015069967707	0.9634015069967707	0.012472487160674981	68	7	26	23	2	14	0	172.07349688320969	"[""refiner_sensitive_exon_blast_incorporated""]"
GCA_050436925.1	Pseudoryx nghetinhensis	Pseudoryx nghetinhensis	Scaffold	UNRESOLVED_ASSEMBLY_GAP	UNRESOLVED	first_pass_plus_refiner_sensitive_remnant	0.8098313598851812	0.8098313598851812	0.17410387710314557	54	1	51	30	1	12	0	109.27525731668874	"[""refiner_sensitive_exon_blast_incorporated""]"
GCA_050916685.1	Ovis aries	Ovis aries	Chromosome	DISRUPTED_STRONG	DISRUPTED_LIKELY	first_pass_plus_refiner_sensitive_remnant	0.9634015069967707	0.9634015069967707	0.012472487160674981	68	7	26	23	2	14	0	175.07349688320969	"[""refiner_sensitive_exon_blast_incorporated""]"
GCA_051106085.1	Bos taurus	Bos taurus	Chromosome	DISRUPTED_STRONG	DISRUPTED_HIGH	first_pass_reference_anchored_remnant	0.9598134194474345	0.9598134194474345	0.01796846351301797	63	3	0	25	0	16	0	174.72997272179964	"[""refiner_sensitive_exon_blast_incorporated""]"
GCA_051122635.1	Bos taurus	Bos taurus	Chromosome	DISRUPTED_STRONG	DISRUPTED_HIGH	first_pass_reference_anchored_remnant	0.961248654467169	0.961248654467169	0.017955294979846097	59	1	0	33	2	13	0	174.8736279091048	"[""refiner_sensitive_exon_blast_incorporated""]"
GCA_051176575.2	Antilocapra americana	Antilocapra americana	Scaffold	DISRUPTED_STRONG	DISRUPTED_HIGH	first_pass_reference_anchored_remnant	0.9734481521349121	0.9734481521349121	0.0018288222384784199	69	16	0	50	1	14	0	173.2996452706763	"[""refiner_sensitive_exon_blast_incorporated""]"
GCA_051176615.2	Antilocapra americana	Antilocapra americana	Scaffold	DISRUPTED_STRONG	DISRUPTED_HIGH	first_pass_reference_anchored_remnant	0.9727305346250449	0.9727305346250449	0.002560351133869788	69	16	0	50	1	14	0	173.2205682307357	"[""refiner_sensitive_exon_blast_incorporated""]"
GCA_051307275.1	Bubalus kerabau	Bubalus kerabau	Chromosome	DISRUPTED_STRONG	DISRUPTED_HIGH	first_pass_plus_refiner_sensitive_remnant	0.8058844635809114	0.8058844635809114	0.17304860088365243	71	0	57	25	1	11	0	151.62792797985463	"[""refiner_sensitive_exon_blast_incorporated""]"
GCA_052324755.1	Cervus nippon kopschi	Cervus nippon	Chromosome	DISRUPTED_STRONG	DISRUPTED_HIGH	first_pass_plus_refiner_sensitive_remnant	0.9002511661284536	0.9002511661284536	0.07373774064656738	75	41	17	42	2	11	0	167.39572042703696	"[""refiner_sensitive_exon_blast_incorporated""]"
GCA_053525375.1	Ovis vignei	Ovis vignei	Contig	DISRUPTED_STRONG	DISRUPTED_HIGH	first_pass_plus_refiner_sensitive_remnant	0.9677072120559742	0.9677072120559742	0.010968921389396709	60	8	26	28	2	15	0	169.53503295524587	"[""refiner_sensitive_exon_blast_incorporated""]"
GCA_054099735.1	Cephalophula zebra	Cephalophula zebra	Chromosome	DISRUPTED_STRONG	DISRUPTED_HIGH	first_pass_reference_anchored_remnant	0.9709364908503767	0.9709364908503767	0.007681053401609363	60	7	0	24	1	19	0	175.94166163713498	"[""refiner_sensitive_exon_blast_incorporated""]"
GCA_054099755.1	Cephalophula zebra	Cephalophula zebra	Chromosome	DISRUPTED_STRONG	DISRUPTED_HIGH	first_pass_reference_anchored_remnant	0.9709364908503767	0.9709364908503767	0.007683863885839737	60	6	0	26	0	19	0	175.94163353229268	"[""refiner_sensitive_exon_blast_incorporated""]"
GCA_054126965.1	Capra hircus	Capra hircus	Scaffold	DISRUPTED_STRONG	DISRUPTED_HIGH	first_pass_reference_anchored_remnant	0.965913168281306	0.965913168281306	0.010993037742762916	65	7	0	39	2	13	0	172.3553874142454	"[""refiner_sensitive_exon_blast_incorporated""]"
GCA_054371575.1	Giraffa tippelskirchi	Giraffa tippelskirchi	Chromosome	DISRUPTED_STRONG	DISRUPTED_HIGH	first_pass_reference_anchored_remnant	0.9881593110871906	0.9881593110871906	0.0018115942028985507	28	1	0	32	0	13	0	177.79781516669004	"[""refiner_sensitive_exon_blast_incorporated""]"
GCA_054371585.1	Giraffa tippelskirchi	Giraffa tippelskirchi	Complete Genome	DISRUPTED_STRONG	DISRUPTED_HIGH	first_pass_reference_anchored_remnant	0.9881593110871906	0.9881593110871906	0.0018115942028985507	28	1	0	32	0	13	0	180.79781516669004	"[""refiner_sensitive_exon_blast_incorporated""]"
GCA_054371615.1	Giraffa tippelskirchi	Giraffa tippelskirchi	Complete Genome	DISRUPTED_STRONG	DISRUPTED_HIGH	first_pass_reference_anchored_remnant	0.9881593110871906	0.9881593110871906	0.0018115942028985507	28	1	0	32	0	13	0	180.79781516669004	"[""refiner_sensitive_exon_blast_incorporated""]"
GCA_054371825.1	Giraffa tippelskirchi	Giraffa tippelskirchi	Chromosome	DISRUPTED_STRONG	DISRUPTED_HIGH	first_pass_reference_anchored_remnant	0.9881593110871906	0.9881593110871906	0.0018115942028985507	28	1	0	32	0	13	0	177.79781516669004	"[""refiner_sensitive_exon_blast_incorporated""]"
GCA_054642885.1	Capra ibex	Capra ibex	Chromosome	DISRUPTED_STRONG	DISRUPTED_LIKELY	first_pass_reference_anchored_remnant	0.965913168281306	0.965913168281306	0.01098901098901099	65	8	0	17	0	10	0	175.3554276817829	"[""refiner_sensitive_exon_blast_incorporated""]"
GCA_054824845.1	Rucervus eldii thamin	Rucervus eldii	Chromosome	DISRUPTED_STRONG	DISRUPTED_HIGH	first_pass_plus_refiner_sensitive_remnant	0.9077861499820595	0.9077861499820595	0.06603081438004402	77	16	41	35	2	7	0	167.88668466512948	"[""refiner_sensitive_exon_blast_incorporated""]"
GCA_054824865.1	Rucervus eldii thamin	Rucervus eldii	Chromosome	DISRUPTED_STRONG	DISRUPTED_HIGH	first_pass_plus_refiner_sensitive_remnant	0.8998923573735199	0.8998923573735199	0.0747800586510264	75	16	17	37	1	7	0	167.00981296156573	"[""refiner_sensitive_exon_blast_incorporated""]"
GCA_054825135.1	Bos taurus	Bos taurus	Scaffold	DISRUPTED_STRONG	DISRUPTED_HIGH	first_pass_reference_anchored_remnant	0.9598134194474345	0.9598134194474345	0.01942103334554782	59	1	0	33	2	14	0	171.71544702347433	"[""refiner_sensitive_exon_blast_incorporated""]"
GCA_054829135.1	Cervus nippon yesoensis	Cervus nippon	Chromosome	DISRUPTED_STRONG	DISRUPTED_HIGH	first_pass_plus_refiner_sensitive_remnant	0.9002511661284536	0.9002511661284536	0.07373774064656738	75	41	17	41	2	10	0	167.72435892468954	"[""refiner_sensitive_exon_blast_incorporated""]"
GCA_054855995.1	Capra nubiana	Capra nubiana	Chromosome	DISRUPTED_STRONG	DISRUPTED_HIGH	first_pass_reference_anchored_remnant	0.965913168281306	0.965913168281306	0.010993037742762916	65	7	0	38	2	12	0	175.3553874142454	"[""refiner_sensitive_exon_blast_incorporated""]"
GCA_054856215.1	Capra nubiana	Capra nubiana	Chromosome	DISRUPTED_STRONG	DISRUPTED_HIGH	first_pass_reference_anchored_remnant	0.965913168281306	0.965913168281306	0.010993037742762916	65	7	0	38	2	12	0	175.3553874142454	"[""refiner_sensitive_exon_blast_incorporated""]"
GCA_054883215.1	Axis porcinus	Axis porcinus	Chromosome	DISRUPTED_STRONG	DISRUPTED_HIGH	first_pass_reference_anchored_remnant	0.9644779332615716	0.9644779332615716	0.002564102564102564	92	35	0	45	0	12	0	175.42215230051613	"[""refiner_sensitive_exon_blast_incorporated""]"
GCA_054883225.1	Axis porcinus	Axis porcinus	Chromosome	DISRUPTED_STRONG	DISRUPTED_HIGH	first_pass_reference_anchored_remnant	0.9644779332615716	0.9644779332615716	0.002564102564102564	92	35	0	45	0	12	0	175.42215230051613	"[""refiner_sensitive_exon_blast_incorporated""]"
GCA_055505025.1	Bos grunniens	Bos grunniens	Chromosome	UNRESOLVED_NO_GENOME	DISRUPTED_HIGH	first_pass_reference_anchored_remnant	0.9519196268388949	0.9519196268388949	0.027382256297918947	59	11	0	30	0	0	0	103.9181401209103	[]
GCA_055691375.1	Bos taurus	Bos taurus	Scaffold	DISRUPTED_STRONG	DISRUPTED_HIGH	first_pass_reference_anchored_remnant	0.9598134194474345	0.9598134194474345	0.01942103334554782	59	1	0	33	2	14	0	171.71544702347433	"[""refiner_sensitive_exon_blast_incorporated""]"
GCA_055691405.1	Bos taurus	Bos taurus	Scaffold	DISRUPTED_STRONG	DISRUPTED_HIGH	first_pass_reference_anchored_remnant	0.9598134194474345	0.9598134194474345	0.01942103334554782	59	1	0	33	2	14	0	171.71544702347433	"[""refiner_sensitive_exon_blast_incorporated""]"
GCA_055691435.1	Capra hircus	Capra hircus	Scaffold	UNRESOLVED_ASSEMBLY_GAP	DISRUPTED_HIGH	first_pass_reference_anchored_remnant	0.9655543595263725	0.9655543595263725	0.010993037742762916	66	8	0	30	2	13	0	122.31950653875204	"[""refiner_sensitive_exon_blast_incorporated""]"
GCA_056162995.1	Bos taurus	Bos taurus	Contig	DISRUPTED_STRONG	DISRUPTED_HIGH	first_pass_reference_anchored_remnant	0.9598134194474345	0.9598134194474345	0.01796846351301797	63	3	0	25	0	16	0	168.72997272179964	"[""refiner_sensitive_exon_blast_incorporated""]"
GCA_056247825.1	Hydropotes inermis	Hydropotes inermis	Complete Genome	DISRUPTED_STRONG	DISRUPTED_LIKELY	first_pass_plus_refiner_sensitive_remnant	0.956584140653032	0.956584140653032	0.016489556614144377	76	18	24	35	2	9	0	177.44572877395268	"[""refiner_sensitive_exon_blast_incorporated""]"
GCA_056748525.1	Bos taurus	Bos taurus	Chromosome	DISRUPTED_STRONG	DISRUPTED_HIGH	first_pass_reference_anchored_remnant	0.961248654467169	0.961248654467169	0.017955294979846097	59	1	0	33	2	14	0	174.8736279091048	"[""refiner_sensitive_exon_blast_incorporated""]"
GCA_056775595.1	Bos grunniens	Bos grunniens	Chromosome	UNRESOLVED	DISRUPTED_HIGH	first_pass_reference_anchored_remnant	0.0	0.0	1.0	0	0	0	0	0	0	0	-1.0	"[""raw_blast_missing_or_empty""]"
GCA_056825275.1	Bos indicus x Bos taurus	Bos indicus x Bos taurus	Scaffold	DISRUPTED_STRONG	DISRUPTED_HIGH	first_pass_reference_anchored_remnant	0.961248654467169	0.961248654467169	0.017955294979846097	59	1	0	33	2	13	0	171.8736279091048	"[""refiner_sensitive_exon_blast_incorporated""]"
GCA_057190485.1	Bos indicus	Bos indicus	Scaffold	DISRUPTED_STRONG	DISRUPTED_LIKELY	first_pass_reference_anchored_remnant	0.9598134194474345	0.9598134194474345	0.01942103334554782	59	1	0	33	2	14	0	171.71544702347433	"[""refiner_sensitive_exon_blast_incorporated""]"
GCA_057190515.1	Bos indicus	Bos indicus	Scaffold	DISRUPTED_STRONG	DISRUPTED_LIKELY	first_pass_reference_anchored_remnant	0.9598134194474345	0.9598134194474345	0.01942103334554782	59	1	0	33	2	14	0	171.71544702347433	"[""refiner_sensitive_exon_blast_incorporated""]"
GCA_057190595.1	Bos indicus	Bos indicus	Scaffold	DISRUPTED_STRONG	DISRUPTED_LIKELY	first_pass_reference_anchored_remnant	0.961248654467169	0.961248654467169	0.017955294979846097	59	1	0	33	2	13	0	171.71978175525868	"[""refiner_sensitive_exon_blast_incorporated""]"
GCA_057190615.1	Bos taurus	Bos taurus	Scaffold	DISRUPTED_STRONG	DISRUPTED_HIGH	first_pass_reference_anchored_remnant	0.9601722282023681	0.9601722282023681	0.017961876832844576	62	3	0	40	1	15	0	171.76591946409474	"[""refiner_sensitive_exon_blast_incorporated""]"
GCA_057332215.1	Ovis aries	Ovis aries	Complete Genome	DISRUPTED_STRONG	DISRUPTED_LIKELY	first_pass_plus_refiner_sensitive_remnant	0.9677072120559742	0.9677072120559742	0.010968921389396709	60	8	26	28	2	15	0	178.53503295524587	"[""refiner_sensitive_exon_blast_incorporated""]"
GCA_057332225.1	Ovis aries	Ovis aries	Complete Genome	DISRUPTED_STRONG	DISRUPTED_LIKELY	first_pass_plus_refiner_sensitive_remnant	0.9655543595263725	0.9655543595263725	0.010993037742762916	66	8	26	26	2	15	0	178.31950653875205	"[""refiner_sensitive_exon_blast_incorporated""]"
GCA_057428545.1	Capra hircus	Capra hircus	Chromosome	DISRUPTED_STRONG	DISRUPTED_HIGH	first_pass_reference_anchored_remnant	0.965913168281306	0.965913168281306	0.010993037742762916	65	7	0	38	2	12	0	175.3553874142454	"[""refiner_sensitive_exon_blast_incorporated""]"
GCA_057428595.1	Capra hircus	Capra hircus	Chromosome	DISRUPTED_STRONG	DISRUPTED_HIGH	first_pass_reference_anchored_remnant	0.9655543595263725	0.9655543595263725	0.010997067448680353	66	7	0	43	1	13	0	175.31946624169285	"[""refiner_sensitive_exon_blast_incorporated""]"
GCA_057556445.1	Capra hircus	Capra hircus	Chromosome	DISRUPTED_STRONG	DISRUPTED_HIGH	first_pass_reference_anchored_remnant	0.965913168281306	0.965913168281306	0.010993037742762916	65	7	0	37	2	12	0	175.3553874142454	"[""refiner_sensitive_exon_blast_incorporated""]"
GCA_057557635.1	Capra hircus	Capra hircus	Chromosome	DISRUPTED_STRONG	DISRUPTED_HIGH	first_pass_reference_anchored_remnant	0.9655543595263725	0.9655543595263725	0.010997067448680353	66	7	0	43	1	13	0	175.31946624169285	"[""refiner_sensitive_exon_blast_incorporated""]"
GCA_057557695.1	Capra hircus	Capra hircus	Scaffold	DISRUPTED_STRONG	DISRUPTED_HIGH	first_pass_reference_anchored_remnant	0.965913168281306	0.965913168281306	0.010993037742762916	65	7	0	38	2	12	0	172.3553874142454	"[""refiner_sensitive_exon_blast_incorporated""]"
GCA_057557715.1	Capra hircus	Capra hircus	Scaffold	DISRUPTED_STRONG	DISRUPTED_HIGH	first_pass_reference_anchored_remnant	0.9655543595263725	0.9655543595263725	0.010997067448680353	66	7	0	43	1	13	0	172.31946624169285	"[""refiner_sensitive_exon_blast_incorporated""]"
GCA_057557795.1	Capra hircus	Capra hircus	Scaffold	DISRUPTED_STRONG	DISRUPTED_HIGH	first_pass_reference_anchored_remnant	0.965913168281306	0.965913168281306	0.010993037742762916	65	7	0	38	2	12	0	172.3553874142454	"[""refiner_sensitive_exon_blast_incorporated""]"
GCA_057557815.1	Capra hircus	Capra hircus	Scaffold	DISRUPTED_STRONG	DISRUPTED_HIGH	first_pass_reference_anchored_remnant	0.9655543595263725	0.9655543595263725	0.010997067448680353	66	7	0	43	1	13	0	172.31946624169285	"[""refiner_sensitive_exon_blast_incorporated""]"
GCA_059051325.1	Alces alces	Alces alces	Scaffold	DISRUPTED_STRONG	DISRUPTED_HIGH	first_pass_plus_refiner_sensitive_remnant	0.9619662719770362	0.9619662719770362	0.00918105031215571	81	17	26	42	2	11	0	172.10481669458204	"[""refiner_sensitive_exon_blast_incorporated""]"
GCA_059051365.1	Alces alces	Alces alces	Scaffold	DISRUPTED_STRONG	DISRUPTED_HIGH	first_pass_plus_refiner_sensitive_remnant	0.9619662719770362	0.9619662719770362	0.00918105031215571	81	17	26	42	2	11	0	172.10481669458204	"[""refiner_sensitive_exon_blast_incorporated""]"
GCA_059055555.1	Capra hircus	Capra hircus	Chromosome	DISRUPTED_STRONG	DISRUPTED_HIGH	first_pass_reference_anchored_remnant	0.965913168281306	0.965913168281306	0.010993037742762916	65	7	0	38	2	12	0	175.3553874142454	"[""refiner_sensitive_exon_blast_incorporated""]"
GCA_059055625.1	Capra hircus	Capra hircus	Chromosome	DISRUPTED_STRONG	DISRUPTED_HIGH	first_pass_reference_anchored_remnant	0.9655543595263725	0.9655543595263725	0.010997067448680353	66	7	0	43	1	13	0	175.31946624169285	"[""refiner_sensitive_exon_blast_incorporated""]"
GCA_059335595.1	Capra hircus	Capra hircus	Scaffold	DISRUPTED_STRONG	DISRUPTED_HIGH	first_pass_reference_anchored_remnant	0.9655543595263725	0.9655543595263725	0.010997067448680353	66	7	0	43	1	13	0	172.31946624169285	"[""refiner_sensitive_exon_blast_incorporated""]"
GCA_059336145.1	Bos taurus	Bos taurus	Complete Genome	DISRUPTED_STRONG	DISRUPTED_HIGH	first_pass_reference_anchored_remnant	0.9598134194474345	0.9598134194474345	0.01796846351301797	63	3	0	25	0	16	0	177.72997272179964	"[""refiner_sensitive_exon_blast_incorporated""]"
GCA_059698765.1	Muntiacus feae	Muntiacus feae	Contig	DISRUPTED_STRONG	DISRUPTED_LIKELY	first_pass_plus_refiner_sensitive_remnant	0.9698600645855759	0.9698600645855759	0.0025678650036683784	77	16	26	39	2	6	0	169.9603278085209	"[""refiner_sensitive_exon_blast_incorporated""]"
GCA_059997585.1	Bos taurus	Bos taurus	Chromosome	DISRUPTED_STRONG	DISRUPTED_HIGH	first_pass_reference_anchored_remnant	0.9598134194474345	0.9598134194474345	0.01942103334554782	59	1	0	33	2	14	0	174.71544702347433	"[""refiner_sensitive_exon_blast_incorporated""]"
GCA_902712895.1	Rangifer tarandus tarandus	Rangifer tarandus	Scaffold	DISRUPTED_STRONG	DISRUPTED_HIGH	first_pass_plus_refiner_sensitive_remnant	0.9680660208109078	0.9680660208109078	0.0011045655375552283	86	15	26	27	1	13	0	172.79555642571523	"[""refiner_sensitive_exon_blast_incorporated""]"
GCA_902825105.1	Syncerus caffer	Syncerus caffer	Scaffold	DISRUPTED_STRONG	DISRUPTED_LIKELY	first_pass_plus_refiner_sensitive_remnant	0.7944025834230355	0.7944025834230355	0.18422991893883567	73	0	27	27	2	13	0	147.3163803917626	"[""refiner_sensitive_exon_blast_incorporated""]"
GCA_903231385.1	Ovis nivicola lydekkeri	Ovis nivicola	Scaffold	DISRUPTED_STRONG	DISRUPTED_LIKELY	first_pass_plus_refiner_sensitive_remnant	0.9630426982418371	0.9630426982418371	0.012477064220183486	69	7	26	24	1	14	0	172.03757023712126	"[""refiner_sensitive_exon_blast_incorporated""]"
GCA_905120125.1	Megaloceros giganteus	Megaloceros giganteus	Scaffold	UNRESOLVED	UNRESOLVED	first_pass_reference_anchored_remnant	0.0	0.0	1.0	0	0	0	0	0	0	0	6.0	"[""raw_blast_missing_or_empty""]"
GCA_905120135.1	Megaloceros giganteus	Megaloceros giganteus	Contig	UNRESOLVED	UNRESOLVED	first_pass_reference_anchored_remnant	0.0	0.0	1.0	0	0	0	0	0	0	0	3.0	"[""raw_blast_missing_or_empty""]"
GCA_905123515.1	Bos taurus	Bos taurus	Chromosome	DISRUPTED_STRONG	DISRUPTED_HIGH	first_pass_reference_anchored_remnant	0.961248654467169	0.961248654467169	0.017955294979846097	59	1	0	33	2	13	0	174.8736279091048	"[""refiner_sensitive_exon_blast_incorporated""]"
GCA_905123885.1	Bos taurus	Bos taurus	Chromosome	DISRUPTED_STRONG	DISRUPTED_HIGH	first_pass_reference_anchored_remnant	0.9590958019375673	0.9590958019375673	0.019428152492668622	61	2	0	25	1	16	0	174.64361408101644	"[""refiner_sensitive_exon_blast_incorporated""]"
GCA_905249985.1	Bubalus bubalis bubalis	Bubalus bubalis	Scaffold	UNRESOLVED	DISRUPTED_HIGH	first_pass_reference_anchored_remnant	0.0	0.0	1.0	0	0	0	0	0	0	0	-4.0	"[""raw_blast_missing_or_empty""]"
GCA_907165285.1	Capra hircus	Capra hircus	Scaffold	UNRESOLVED	DISRUPTED_HIGH	first_pass_reference_anchored_remnant	0.0	0.0	1.0	0	0	0	0	0	0	0	-4.0	"[""raw_blast_missing_or_empty""]"
GCA_910593805.2	Cervus elaphus	Cervus elaphus	Chromosome	DISRUPTED_STRONG	DISRUPTED_HIGH	first_pass_plus_refiner_sensitive_remnant	0.9088625762468604	0.9088625762468604	0.0659582264565775	74	16	41	50	2	8	0	168.65233016614943	"[""refiner_sensitive_exon_blast_incorporated""]"
GCA_910594005.1	Cervus elaphus	Cervus elaphus	Chromosome	DISRUPTED_STRONG	DISRUPTED_HIGH	first_pass_plus_refiner_sensitive_remnant	0.9088625762468604	0.9088625762468604	0.0659582264565775	74	16	41	51	2	8	0	168.51148509572687	"[""refiner_sensitive_exon_blast_incorporated""]"
GCA_910594005.2	Cervus elaphus	Cervus elaphus	Chromosome	DISRUPTED_STRONG	DISRUPTED_HIGH	first_pass_plus_refiner_sensitive_remnant	0.9088625762468604	0.9088625762468604	0.0659582264565775	74	16	41	51	2	8	0	168.51148509572687	"[""refiner_sensitive_exon_blast_incorporated""]"
GCA_914753205.1	Bos taurus	Bos taurus	Scaffold	UNRESOLVED_ASSEMBLY_GAP	DISRUPTED_HIGH	first_pass_reference_anchored_remnant	0.9598134194474345	0.9598134194474345	0.01942103334554782	59	1	0	33	2	14	0	121.71544702347435	"[""refiner_sensitive_exon_blast_incorporated""]"
GCA_917880005.1	Nanger dama	Nanger dama	Scaffold	DISRUPTED_STRONG	DISRUPTED_LIKELY	first_pass_plus_refiner_sensitive_remnant	0.9189092213850018	0.9189092213850018	0.06147091108671789	58	4	27	42	0	13	0	164.40679722007286	"[""refiner_sensitive_exon_blast_incorporated""]"
GCA_935064755.1	Tragelaphus eurycerus	Tragelaphus eurycerus	Contig	DISRUPTED_STRONG	DISRUPTED_LIKELY	first_pass_plus_refiner_sensitive_remnant	0.8923573735199138	0.8923573735199138	0.08394160583941605	70	23	19	33	1	16	0	161.09762479585547	"[""refiner_sensitive_exon_blast_incorporated""]"
GCA_946052875.1	Bos gaurus x Bos taurus	Bos gaurus x Bos taurus	Chromosome	DISRUPTED_STRONG	DISRUPTED_LIKELY	first_pass_reference_anchored_remnant	0.961248654467169	0.961248654467169	0.017955294979846097	59	1	0	33	2	13	0	174.8736279091048	"[""refiner_sensitive_exon_blast_incorporated""]"
GCA_947034695.1	Bos taurus	Bos taurus	Chromosome	DISRUPTED_STRONG	DISRUPTED_HIGH	first_pass_reference_anchored_remnant	0.961248654467169	0.961248654467169	0.017955294979846097	59	1	0	33	2	13	0	174.8736279091048	"[""refiner_sensitive_exon_blast_incorporated""]"
GCA_949782905.1	Rangifer tarandus platyrhynchus	Rangifer tarandus	Chromosome	DISRUPTED_STRONG	DISRUPTED_HIGH	first_pass_plus_refiner_sensitive_remnant	0.9673484033010405	0.9673484033010405	0.001840942562592047	86	15	26	26	1	12	0	175.71643090447813	"[""refiner_sensitive_exon_blast_incorporated""]"
GCA_951394145.2	Rangifer tarandus platyrhynchus	Rangifer tarandus	Chromosome	DISRUPTED_STRONG	DISRUPTED_HIGH	first_pass_plus_refiner_sensitive_remnant	0.9673484033010405	0.9673484033010405	0.001840942562592047	86	15	26	26	1	12	0	175.71643090447813	"[""refiner_sensitive_exon_blast_incorporated""]"
GCA_951849835.1	Capreolus capreolus	Capreolus capreolus	Contig	DISRUPTED_STRONG	DISRUPTED_HIGH	first_pass_plus_refiner_sensitive_remnant	0.9684248295658414	0.9684248295658414	0.002571638501102131	81	16	24	38	1	8	0	169.81676657157314	"[""refiner_sensitive_exon_blast_incorporated""]"
GCA_963422255.1	Rangifer tarandus	Rangifer tarandus	Scaffold	UNRESOLVED_ASSEMBLY_GAP	DISRUPTED_HIGH	first_pass_plus_refiner_sensitive_remnant	0.9680660208109078	0.9680660208109078	0.0011045655375552283	86	15	26	27	1	13	0	122.79555642571522	"[""refiner_sensitive_exon_blast_incorporated""]"
GCA_963856025.1	Rangifer tarandus tarandus	Rangifer tarandus	Scaffold	UNRESOLVED	DISRUPTED_HIGH	first_pass_reference_anchored_remnant	0.0	0.0	1.0	0	0	0	0	0	0	0	-4.0	"[""raw_blast_missing_or_empty""]"
GCA_963879515.1	Bison bonasus	Bison bonasus	Scaffold	DISRUPTED_STRONG	DISRUPTED_LIKELY	first_pass_plus_refiner_sensitive_remnant	0.9070685324721923	0.9070685324721923	0.07328691828508611	59	1	27	20	2	13	0	163.03288366899463	"[""refiner_sensitive_exon_blast_incorporated""]"
GCA_963920245.1	Bos taurus	Bos taurus	Scaffold	DISRUPTED_STRONG	DISRUPTED_HIGH	first_pass_reference_anchored_remnant	0.961248654467169	0.961248654467169	0.017955294979846097	59	1	0	33	2	13	0	171.8736279091048	"[""refiner_sensitive_exon_blast_incorporated""]"
GCA_963920255.1	Bos taurus	Bos taurus	Scaffold	DISRUPTED_STRONG	DISRUPTED_HIGH	first_pass_reference_anchored_remnant	0.961248654467169	0.961248654467169	0.017955294979846097	59	1	0	33	2	13	0	171.8736279091048	"[""refiner_sensitive_exon_blast_incorporated""]"
GCA_963920265.1	Bos taurus	Bos taurus	Scaffold	DISRUPTED_STRONG	DISRUPTED_HIGH	first_pass_reference_anchored_remnant	0.9598134194474345	0.9598134194474345	0.01942103334554782	59	1	0	33	2	14	0	171.71544702347433	"[""refiner_sensitive_exon_blast_incorporated""]"
GCA_963921495.1	Bos taurus	Bos taurus	Chromosome	DISRUPTED_STRONG	DISRUPTED_HIGH	first_pass_reference_anchored_remnant	0.961248654467169	0.961248654467169	0.017955294979846097	59	1	0	33	2	13	0	174.8736279091048	"[""refiner_sensitive_exon_blast_incorporated""]"
GCA_963930625.1	Muntiacus reevesi	Muntiacus reevesi	Chromosome	DISRUPTED_STRONG	DISRUPTED_HIGH	first_pass_plus_refiner_sensitive_remnant	0.9702188733405095	0.9702188733405095	0.0029271862422246614	75	21	26	31	0	9	0	175.9926154716287	"[""refiner_sensitive_exon_blast_incorporated""]"
GCA_963930625.2	Muntiacus reevesi	Muntiacus reevesi	Chromosome	DISRUPTED_STRONG	DISRUPTED_HIGH	first_pass_plus_refiner_sensitive_remnant	0.9702188733405095	0.9702188733405095	0.0029271862422246614	75	21	26	31	0	9	0	175.9926154716287	"[""refiner_sensitive_exon_blast_incorporated""]"
GCA_963930665.2	Muntiacus reevesi	Muntiacus reevesi	Scaffold	UNRESOLVED	DISRUPTED_HIGH	first_pass_plus_refiner_sensitive_remnant	0.12199497667743094	0.12199497667743094	0.8775583482944345	3	1	151	2	1	0	0	28.974874574468817	"[""refiner_sensitive_exon_blast_incorporated""]"
GCA_963966175.1	Bos indicus	Bos indicus	Scaffold	UNRESOLVED_ASSEMBLY_GAP	DISRUPTED_LIKELY	first_pass_reference_anchored_remnant	0.961248654467169	0.961248654467169	0.017955294979846097	59	1	0	33	2	13	0	121.87362790910481	"[""refiner_sensitive_exon_blast_incorporated""]"
GCA_963966215.1	Bos indicus	Bos indicus	Scaffold	UNRESOLVED_ASSEMBLY_GAP	DISRUPTED_LIKELY	first_pass_reference_anchored_remnant	0.961248654467169	0.961248654467169	0.017955294979846097	59	1	0	33	2	13	0	121.71978175525867	"[""refiner_sensitive_exon_blast_incorporated""]"
GCA_963966345.1	Bos indicus	Bos indicus	Scaffold	UNRESOLVED_ASSEMBLY_GAP	DISRUPTED_LIKELY	first_pass_reference_anchored_remnant	0.961248654467169	0.961248654467169	0.017955294979846097	59	1	0	33	2	13	0	121.87362790910481	"[""refiner_sensitive_exon_blast_incorporated""]"
GCA_963966355.1	Bos indicus	Bos indicus	Scaffold	UNRESOLVED_ASSEMBLY_GAP	DISRUPTED_LIKELY	first_pass_reference_anchored_remnant	0.9598134194474345	0.9598134194474345	0.01942103334554782	59	1	0	33	2	14	0	121.71544702347435	"[""refiner_sensitive_exon_blast_incorporated""]"
GCA_963966425.1	Bos indicus	Bos indicus	Scaffold	UNRESOLVED_ASSEMBLY_GAP	DISRUPTED_LIKELY	first_pass_reference_anchored_remnant	0.9608898457122353	0.9608898457122353	0.017961876832844576	60	1	0	32	1	15	0	121.83768121508147	"[""refiner_sensitive_exon_blast_incorporated""]"
GCA_963981305.1	Rupicapra rupicapra	Rupicapra rupicapra	Chromosome	DISRUPTED_STRONG	DISRUPTED_LIKELY	first_pass_plus_refiner_sensitive_remnant	0.8905633297452458	0.8905633297452458	0.08556738890929122	72	8	17	36	2	14	0	166.699073194514	"[""refiner_sensitive_exon_blast_incorporated""]"
GCA_964019205.1	Bos taurus	Bos taurus	Contig	DISRUPTED_STRONG	DISRUPTED_HIGH	first_pass_reference_anchored_remnant	0.9590958019375673	0.9590958019375673	0.01798165137614679	65	3	0	40	1	16	0	168.65807909218165	"[""refiner_sensitive_exon_blast_incorporated""]"
GCA_964019215.2	Bos taurus	Bos taurus	Scaffold	UNRESOLVED_ASSEMBLY_GAP	DISRUPTED_HIGH	first_pass_reference_anchored_remnant	0.961248654467169	0.961248654467169	0.017955294979846097	59	1	0	33	2	13	0	121.87362790910481	"[""refiner_sensitive_exon_blast_incorporated""]"
GCA_964019225.2	Bos taurus	Bos taurus	Scaffold	UNRESOLVED_ASSEMBLY_GAP	DISRUPTED_HIGH	first_pass_reference_anchored_remnant	0.9601722282023681	0.9601722282023681	0.017961876832844576	62	3	0	40	1	15	0	121.76591946409475	"[""refiner_sensitive_exon_blast_incorporated""]"
GCA_964019235.2	Bos taurus	Bos taurus	Scaffold	UNRESOLVED_ASSEMBLY_GAP	DISRUPTED_HIGH	first_pass_reference_anchored_remnant	0.9601722282023681	0.9601722282023681	0.017961876832844576	62	3	0	40	1	15	0	121.76591946409475	"[""refiner_sensitive_exon_blast_incorporated""]"
GCA_964019245.2	Bos taurus	Bos taurus	Scaffold	DISRUPTED_STRONG	DISRUPTED_HIGH	first_pass_reference_anchored_remnant	0.9601722282023681	0.9601722282023681	0.017961876832844576	62	3	0	40	1	15	0	171.76591946409474	"[""refiner_sensitive_exon_blast_incorporated""]"
GCA_964019255.2	Bos taurus	Bos taurus	Scaffold	UNRESOLVED_ASSEMBLY_GAP	DISRUPTED_HIGH	first_pass_plus_refiner_sensitive_remnant	0.4607104413347686	0.4607104413347686	0.5306781485468245	24	24	38	16	0	10	0	57.249167056863065	"[""refiner_sensitive_exon_blast_incorporated""]"
GCA_964019265.2	Bos taurus	Bos taurus	Scaffold	UNRESOLVED_ASSEMBLY_GAP	DISRUPTED_HIGH	first_pass_reference_anchored_remnant	0.961248654467169	0.961248654467169	0.017955294979846097	59	1	0	33	2	13	0	121.87362790910481	"[""refiner_sensitive_exon_blast_incorporated""]"
GCA_964019275.1	Bos taurus	Bos taurus	Contig	DISRUPTED_STRONG	DISRUPTED_HIGH	first_pass_reference_anchored_remnant	0.9580193756727664	0.9580193756727664	0.018001469507714914	68	3	0	40	1	16	0	168.55023828438587	"[""refiner_sensitive_exon_blast_incorporated""]"
GCA_964019295.2	Bos taurus	Bos taurus	Scaffold	UNRESOLVED_ASSEMBLY_GAP	DISRUPTED_HIGH	first_pass_reference_anchored_remnant	0.9590958019375673	0.9590958019375673	0.02015390252839868	59	1	0	33	2	13	0	121.55699150129404	"[""refiner_sensitive_exon_blast_incorporated""]"
GCA_964270355.1	Alces alces	Alces alces	Scaffold	DISRUPTED_STRONG	DISRUPTED_HIGH	first_pass_plus_refiner_sensitive_remnant	0.9626838894869035	0.9626838894869035	0.009174311926605505	79	17	26	41	1	10	0	172.1766458294243	"[""refiner_sensitive_exon_blast_incorporated""]"
GCA_965153185.1	Rangifer tarandus tarandus	Rangifer tarandus	Chromosome	UNRESOLVED_ASSEMBLY_GAP	DISRUPTED_HIGH	first_pass_plus_refiner_sensitive_remnant	0.9673484033010405	0.9673484033010405	0.001840942562592047	86	15	26	26	1	12	0	125.71643090447813	"[""refiner_sensitive_exon_blast_incorporated""]"
GCA_965153475.2	Bos taurus	Bos taurus	Scaffold	DISRUPTED_STRONG	DISRUPTED_HIGH	first_pass_reference_anchored_remnant	0.9598134194474345	0.9598134194474345	0.01942103334554782	59	1	0	33	2	13	0	171.71544702347433	"[""refiner_sensitive_exon_blast_incorporated""]"
GCA_965153485.2	Bos taurus	Bos taurus	Scaffold	DISRUPTED_STRONG	DISRUPTED_HIGH	first_pass_reference_anchored_remnant	0.961248654467169	0.961248654467169	0.017955294979846097	59	1	0	33	2	13	0	171.8736279091048	"[""refiner_sensitive_exon_blast_incorporated""]"
GCA_965153495.2	Bos taurus	Bos taurus	Scaffold	DISRUPTED_STRONG	DISRUPTED_HIGH	first_pass_reference_anchored_remnant	0.9598134194474345	0.9598134194474345	0.01942103334554782	59	1	0	33	2	13	0	171.71544702347433	"[""refiner_sensitive_exon_blast_incorporated""]"
GCA_965153505.2	Bos taurus	Bos taurus	Scaffold	DISRUPTED_STRONG	DISRUPTED_HIGH	first_pass_reference_anchored_remnant	0.961248654467169	0.961248654467169	0.017955294979846097	59	1	0	33	2	13	0	171.8736279091048	"[""refiner_sensitive_exon_blast_incorporated""]"
GCA_965153515.2	Bos taurus	Bos taurus	Scaffold	DISRUPTED_STRONG	DISRUPTED_HIGH	first_pass_reference_anchored_remnant	0.9598134194474345	0.9598134194474345	0.01942103334554782	59	1	0	33	2	14	0	171.71544702347433	"[""refiner_sensitive_exon_blast_incorporated""]"
GCA_965153525.2	Bos taurus	Bos taurus	Scaffold	DISRUPTED_STRONG	DISRUPTED_HIGH	first_pass_reference_anchored_remnant	0.9598134194474345	0.9598134194474345	0.01942103334554782	59	1	0	33	2	14	0	171.71544702347433	"[""refiner_sensitive_exon_blast_incorporated""]"
GCA_965153535.2	Bos taurus	Bos taurus	Scaffold	DISRUPTED_STRONG	DISRUPTED_HIGH	first_pass_reference_anchored_remnant	0.9598134194474345	0.9598134194474345	0.01942103334554782	59	1	0	33	2	13	0	171.71544702347433	"[""refiner_sensitive_exon_blast_incorporated""]"
GCA_965153545.2	Bos taurus	Bos taurus	Scaffold	DISRUPTED_STRONG	DISRUPTED_HIGH	first_pass_reference_anchored_remnant	0.961248654467169	0.961248654467169	0.017955294979846097	59	1	0	33	2	13	0	171.8736279091048	"[""refiner_sensitive_exon_blast_incorporated""]"
GCA_965153555.2	Bos taurus	Bos taurus	Scaffold	DISRUPTED_STRONG	DISRUPTED_HIGH	first_pass_reference_anchored_remnant	0.9601722282023681	0.9601722282023681	0.017961876832844576	62	3	0	40	1	15	0	171.76591946409474	"[""refiner_sensitive_exon_blast_incorporated""]"
GCA_965153565.2	Bos taurus	Bos taurus	Scaffold	DISRUPTED_STRONG	DISRUPTED_HIGH	first_pass_reference_anchored_remnant	0.9601722282023681	0.9601722282023681	0.017961876832844576	62	3	0	40	1	15	0	171.76591946409474	"[""refiner_sensitive_exon_blast_incorporated""]"
GCA_965153575.2	Bos taurus	Bos taurus	Scaffold	DISRUPTED_STRONG	DISRUPTED_HIGH	first_pass_reference_anchored_remnant	0.9601722282023681	0.9601722282023681	0.017961876832844576	62	3	0	40	1	15	0	171.76591946409474	"[""refiner_sensitive_exon_blast_incorporated""]"
GCA_965153585.2	Bos taurus	Bos taurus	Scaffold	DISRUPTED_STRONG	DISRUPTED_HIGH	first_pass_reference_anchored_remnant	0.9598134194474345	0.9598134194474345	0.01942103334554782	59	1	0	33	2	14	0	171.71544702347433	"[""refiner_sensitive_exon_blast_incorporated""]"
GCA_965153595.2	Bos taurus	Bos taurus	Scaffold	DISRUPTED_STRONG	DISRUPTED_HIGH	first_pass_reference_anchored_remnant	0.9598134194474345	0.9598134194474345	0.01942103334554782	59	1	0	33	2	14	0	171.71544702347433	"[""refiner_sensitive_exon_blast_incorporated""]"
GCA_965153605.2	Bos taurus	Bos taurus	Scaffold	DISRUPTED_STRONG	DISRUPTED_HIGH	first_pass_reference_anchored_remnant	0.961248654467169	0.961248654467169	0.017955294979846097	59	1	0	33	2	13	0	171.8736279091048	"[""refiner_sensitive_exon_blast_incorporated""]"
GCA_965153615.2	Bos taurus	Bos taurus	Scaffold	DISRUPTED_STRONG	DISRUPTED_HIGH	first_pass_reference_anchored_remnant	0.9598134194474345	0.9598134194474345	0.01942103334554782	59	1	0	33	2	14	0	171.71544702347433	"[""refiner_sensitive_exon_blast_incorporated""]"
GCA_965153625.2	Bos taurus	Bos taurus	Scaffold	DISRUPTED_STRONG	DISRUPTED_HIGH	first_pass_reference_anchored_remnant	0.961248654467169	0.961248654467169	0.017955294979846097	59	1	0	33	2	13	0	171.8736279091048	"[""refiner_sensitive_exon_blast_incorporated""]"
GCA_965153635.2	Bos taurus	Bos taurus	Scaffold	DISRUPTED_STRONG	DISRUPTED_HIGH	first_pass_reference_anchored_remnant	0.961248654467169	0.961248654467169	0.017955294979846097	59	1	0	33	2	13	0	171.8736279091048	"[""refiner_sensitive_exon_blast_incorporated""]"
GCA_965153645.2	Bos taurus	Bos taurus	Scaffold	DISRUPTED_STRONG	DISRUPTED_HIGH	first_pass_reference_anchored_remnant	0.9601722282023681	0.9601722282023681	0.017961876832844576	62	3	0	40	1	15	0	171.76591946409474	"[""refiner_sensitive_exon_blast_incorporated""]"
GCA_965153655.2	Bos taurus	Bos taurus	Scaffold	DISRUPTED_STRONG	DISRUPTED_HIGH	first_pass_reference_anchored_remnant	0.961248654467169	0.961248654467169	0.017955294979846097	59	1	0	33	2	13	0	171.8736279091048	"[""refiner_sensitive_exon_blast_incorporated""]"
GCA_965153665.2	Bos taurus	Bos taurus	Scaffold	DISRUPTED_STRONG	DISRUPTED_HIGH	first_pass_reference_anchored_remnant	0.961248654467169	0.961248654467169	0.017955294979846097	59	1	0	33	2	13	0	171.8736279091048	"[""refiner_sensitive_exon_blast_incorporated""]"
GCA_965153675.2	Bos taurus	Bos taurus	Scaffold	DISRUPTED_STRONG	DISRUPTED_HIGH	first_pass_reference_anchored_remnant	0.961248654467169	0.961248654467169	0.017955294979846097	59	1	0	33	2	13	0	171.8736279091048	"[""refiner_sensitive_exon_blast_incorporated""]"
GCA_965153685.2	Bos taurus	Bos taurus	Scaffold	DISRUPTED_STRONG	DISRUPTED_HIGH	first_pass_reference_anchored_remnant	0.961248654467169	0.961248654467169	0.017955294979846097	59	1	0	33	2	13	0	171.8736279091048	"[""refiner_sensitive_exon_blast_incorporated""]"
GCA_965153695.2	Bos taurus	Bos taurus	Scaffold	DISRUPTED_STRONG	DISRUPTED_HIGH	first_pass_reference_anchored_remnant	0.961248654467169	0.961248654467169	0.017955294979846097	59	1	0	33	2	13	0	171.8736279091048	"[""refiner_sensitive_exon_blast_incorporated""]"
GCA_965153705.2	Bos taurus	Bos taurus	Scaffold	DISRUPTED_STRONG	DISRUPTED_HIGH	first_pass_reference_anchored_remnant	0.961248654467169	0.961248654467169	0.017955294979846097	59	1	0	33	2	13	0	171.8736279091048	"[""refiner_sensitive_exon_blast_incorporated""]"
GCA_965153715.2	Bos taurus	Bos taurus	Scaffold	DISRUPTED_STRONG	DISRUPTED_HIGH	first_pass_reference_anchored_remnant	0.961248654467169	0.961248654467169	0.017955294979846097	59	1	0	33	2	13	0	171.8736279091048	"[""refiner_sensitive_exon_blast_incorporated""]"
GCA_965153725.2	Bos taurus	Bos taurus	Scaffold	DISRUPTED_STRONG	DISRUPTED_HIGH	first_pass_reference_anchored_remnant	0.9601722282023681	0.9601722282023681	0.017961876832844576	62	3	0	40	1	16	0	171.76591946409474	"[""refiner_sensitive_exon_blast_incorporated""]"
GCA_965153735.2	Bos taurus	Bos taurus	Scaffold	DISRUPTED_STRONG	DISRUPTED_HIGH	first_pass_reference_anchored_remnant	0.961248654467169	0.961248654467169	0.017955294979846097	59	1	0	33	2	13	0	171.8736279091048	"[""refiner_sensitive_exon_blast_incorporated""]"
GCA_965153745.2	Bos taurus	Bos taurus	Scaffold	DISRUPTED_STRONG	DISRUPTED_HIGH	first_pass_reference_anchored_remnant	0.961248654467169	0.961248654467169	0.017955294979846097	59	1	0	33	2	13	0	171.8736279091048	"[""refiner_sensitive_exon_blast_incorporated""]"
GCA_965153755.2	Bos taurus	Bos taurus	Scaffold	DISRUPTED_STRONG	DISRUPTED_HIGH	first_pass_reference_anchored_remnant	0.961248654467169	0.961248654467169	0.017955294979846097	59	1	0	33	2	13	0	171.8736279091048	"[""refiner_sensitive_exon_blast_incorporated""]"
GCA_965153765.2	Bos taurus	Bos taurus	Scaffold	DISRUPTED_STRONG	DISRUPTED_HIGH	first_pass_reference_anchored_remnant	0.9601722282023681	0.9601722282023681	0.017961876832844576	62	3	0	40	1	15	0	171.76591946409474	"[""refiner_sensitive_exon_blast_incorporated""]"
GCA_965153775.2	Bos taurus	Bos taurus	Scaffold	DISRUPTED_STRONG	DISRUPTED_HIGH	first_pass_reference_anchored_remnant	0.961248654467169	0.961248654467169	0.017955294979846097	59	1	0	33	2	13	0	171.8736279091048	"[""refiner_sensitive_exon_blast_incorporated""]"
GCA_965153785.2	Bos taurus	Bos taurus	Scaffold	DISRUPTED_STRONG	DISRUPTED_HIGH	first_pass_reference_anchored_remnant	0.9598134194474345	0.9598134194474345	0.01942103334554782	59	1	0	33	2	13	0	171.71544702347433	"[""refiner_sensitive_exon_blast_incorporated""]"
GCA_965153795.2	Bos taurus	Bos taurus	Scaffold	DISRUPTED_STRONG	DISRUPTED_HIGH	first_pass_reference_anchored_remnant	0.961248654467169	0.961248654467169	0.017955294979846097	59	1	0	33	2	13	0	171.8736279091048	"[""refiner_sensitive_exon_blast_incorporated""]"
GCA_965153805.2	Bos taurus	Bos taurus	Scaffold	DISRUPTED_STRONG	DISRUPTED_HIGH	first_pass_reference_anchored_remnant	0.9587369931826336	0.9587369931826336	0.019428152492668622	62	3	0	40	1	15	0	171.60773320552306	"[""refiner_sensitive_exon_blast_incorporated""]"
GCA_965153815.2	Bos taurus	Bos taurus	Scaffold	DISRUPTED_STRONG	DISRUPTED_HIGH	first_pass_reference_anchored_remnant	0.961248654467169	0.961248654467169	0.017955294979846097	59	1	0	33	2	13	0	171.8736279091048	"[""refiner_sensitive_exon_blast_incorporated""]"
GCA_965153825.2	Bos taurus	Bos taurus	Scaffold	UNRESOLVED_ASSEMBLY_GAP	DISRUPTED_HIGH	first_pass_reference_anchored_remnant	0.961248654467169	0.961248654467169	0.017955294979846097	59	1	0	33	2	13	0	121.87362790910481	"[""refiner_sensitive_exon_blast_incorporated""]"
GCA_965153835.2	Bos taurus	Bos taurus	Scaffold	DISRUPTED_STRONG	DISRUPTED_HIGH	first_pass_reference_anchored_remnant	0.961248654467169	0.961248654467169	0.017955294979846097	59	1	0	33	2	13	0	171.8736279091048	"[""refiner_sensitive_exon_blast_incorporated""]"
GCA_965153845.2	Bos taurus	Bos taurus	Scaffold	DISRUPTED_STRONG	DISRUPTED_HIGH	first_pass_reference_anchored_remnant	0.961248654467169	0.961248654467169	0.017955294979846097	59	1	0	33	2	13	0	171.8736279091048	"[""refiner_sensitive_exon_blast_incorporated""]"
GCA_965153855.2	Bos taurus	Bos taurus	Scaffold	DISRUPTED_STRONG	DISRUPTED_HIGH	first_pass_reference_anchored_remnant	0.9601722282023681	0.9601722282023681	0.017961876832844576	62	3	0	40	1	15	0	171.76591946409474	"[""refiner_sensitive_exon_blast_incorporated""]"
GCA_965153865.2	Bos taurus	Bos taurus	Scaffold	DISRUPTED_STRONG	DISRUPTED_HIGH	first_pass_reference_anchored_remnant	0.961248654467169	0.961248654467169	0.017955294979846097	59	1	0	33	2	14	0	171.8736279091048	"[""refiner_sensitive_exon_blast_incorporated""]"
GCA_965153875.2	Bos taurus	Bos taurus	Scaffold	DISRUPTED_STRONG	DISRUPTED_HIGH	first_pass_reference_anchored_remnant	0.961248654467169	0.961248654467169	0.017955294979846097	59	1	0	33	2	13	0	171.8736279091048	"[""refiner_sensitive_exon_blast_incorporated""]"
GCA_965153885.2	Bos taurus	Bos taurus	Scaffold	DISRUPTED_STRONG	DISRUPTED_HIGH	first_pass_reference_anchored_remnant	0.9598134194474345	0.9598134194474345	0.01942103334554782	59	1	0	33	2	14	0	171.71544702347433	"[""refiner_sensitive_exon_blast_incorporated""]"
GCA_965153895.2	Bos taurus	Bos taurus	Scaffold	DISRUPTED_STRONG	DISRUPTED_HIGH	first_pass_reference_anchored_remnant	0.9598134194474345	0.9598134194474345	0.01942103334554782	59	1	0	33	2	13	0	171.71544702347433	"[""refiner_sensitive_exon_blast_incorporated""]"
GCA_965153905.2	Bos taurus	Bos taurus	Scaffold	DISRUPTED_STRONG	DISRUPTED_HIGH	first_pass_reference_anchored_remnant	0.961248654467169	0.961248654467169	0.017955294979846097	59	1	0	33	2	14	0	171.8736279091048	"[""refiner_sensitive_exon_blast_incorporated""]"
GCA_965153915.2	Bos taurus	Bos taurus	Scaffold	DISRUPTED_STRONG	DISRUPTED_HIGH	first_pass_reference_anchored_remnant	0.961248654467169	0.961248654467169	0.017955294979846097	59	1	0	33	2	14	0	171.8736279091048	"[""refiner_sensitive_exon_blast_incorporated""]"
GCA_965153925.2	Bos taurus	Bos taurus	Scaffold	DISRUPTED_STRONG	DISRUPTED_HIGH	first_pass_reference_anchored_remnant	0.9601722282023681	0.9601722282023681	0.017961876832844576	62	3	0	40	1	15	0	171.76591946409474	"[""refiner_sensitive_exon_blast_incorporated""]"
GCA_965153935.2	Bos taurus	Bos taurus	Scaffold	DISRUPTED_STRONG	DISRUPTED_HIGH	first_pass_reference_anchored_remnant	0.961248654467169	0.961248654467169	0.017955294979846097	59	1	0	33	2	13	0	171.8736279091048	"[""refiner_sensitive_exon_blast_incorporated""]"
GCA_965153945.2	Bos taurus	Bos taurus	Scaffold	DISRUPTED_STRONG	DISRUPTED_HIGH	first_pass_reference_anchored_remnant	0.961248654467169	0.961248654467169	0.017955294979846097	59	1	0	33	2	14	0	171.8736279091048	"[""refiner_sensitive_exon_blast_incorporated""]"
GCA_965153955.2	Bos taurus	Bos taurus	Scaffold	DISRUPTED_STRONG	DISRUPTED_HIGH	first_pass_reference_anchored_remnant	0.9598134194474345	0.9598134194474345	0.01942103334554782	59	1	0	33	2	13	0	171.71544702347433	"[""refiner_sensitive_exon_blast_incorporated""]"
GCA_965153965.2	Bos taurus	Bos taurus	Scaffold	DISRUPTED_STRONG	DISRUPTED_HIGH	first_pass_reference_anchored_remnant	0.9601722282023681	0.9601722282023681	0.017961876832844576	62	3	0	40	1	15	0	171.76591946409474	"[""refiner_sensitive_exon_blast_incorporated""]"
GCA_965153975.2	Bos taurus	Bos taurus	Scaffold	DISRUPTED_STRONG	DISRUPTED_HIGH	first_pass_reference_anchored_remnant	0.961248654467169	0.961248654467169	0.017955294979846097	59	1	0	33	2	13	0	171.8736279091048	"[""refiner_sensitive_exon_blast_incorporated""]"
GCA_965153985.2	Bos taurus	Bos taurus	Scaffold	DISRUPTED_STRONG	DISRUPTED_HIGH	first_pass_reference_anchored_remnant	0.9601722282023681	0.9601722282023681	0.017961876832844576	62	3	0	38	1	15	0	171.76591946409474	"[""refiner_sensitive_exon_blast_incorporated""]"
GCA_965153995.2	Bos taurus	Bos taurus	Scaffold	DISRUPTED_STRONG	DISRUPTED_HIGH	first_pass_reference_anchored_remnant	0.9598134194474345	0.9598134194474345	0.01942103334554782	59	1	0	33	2	14	0	171.71544702347433	"[""refiner_sensitive_exon_blast_incorporated""]"
GCA_965154005.2	Bos taurus	Bos taurus	Scaffold	DISRUPTED_STRONG	DISRUPTED_HIGH	first_pass_reference_anchored_remnant	0.961248654467169	0.961248654467169	0.017955294979846097	59	1	0	33	2	14	0	171.8736279091048	"[""refiner_sensitive_exon_blast_incorporated""]"
GCA_965154015.2	Bos taurus	Bos taurus	Scaffold	DISRUPTED_STRONG	DISRUPTED_HIGH	first_pass_reference_anchored_remnant	0.9598134194474345	0.9598134194474345	0.01942103334554782	59	1	0	33	2	14	0	171.71544702347433	"[""refiner_sensitive_exon_blast_incorporated""]"
GCA_965154025.2	Bos taurus	Bos taurus	Scaffold	DISRUPTED_STRONG	DISRUPTED_HIGH	first_pass_reference_anchored_remnant	0.961248654467169	0.961248654467169	0.017955294979846097	59	1	0	33	2	13	0	171.8736279091048	"[""refiner_sensitive_exon_blast_incorporated""]"
GCA_965154035.2	Bos taurus	Bos taurus	Scaffold	DISRUPTED_STRONG	DISRUPTED_HIGH	first_pass_reference_anchored_remnant	0.961248654467169	0.961248654467169	0.017955294979846097	59	1	0	33	2	13	0	171.8736279091048	"[""refiner_sensitive_exon_blast_incorporated""]"
GCA_965154045.2	Bos taurus	Bos taurus	Scaffold	DISRUPTED_STRONG	DISRUPTED_HIGH	first_pass_reference_anchored_remnant	0.961248654467169	0.961248654467169	0.017955294979846097	59	1	0	33	2	13	0	171.8736279091048	"[""refiner_sensitive_exon_blast_incorporated""]"
GCA_965154055.2	Bos taurus	Bos taurus	Scaffold	DISRUPTED_STRONG	DISRUPTED_HIGH	first_pass_reference_anchored_remnant	0.9598134194474345	0.9598134194474345	0.01942103334554782	59	1	0	33	2	13	0	171.71544702347433	"[""refiner_sensitive_exon_blast_incorporated""]"
GCA_965154065.2	Bos taurus	Bos taurus	Scaffold	DISRUPTED_STRONG	DISRUPTED_HIGH	first_pass_reference_anchored_remnant	0.961248654467169	0.961248654467169	0.017955294979846097	59	1	0	33	2	14	0	171.8736279091048	"[""refiner_sensitive_exon_blast_incorporated""]"
GCA_965154075.2	Bos taurus	Bos taurus	Scaffold	DISRUPTED_STRONG	DISRUPTED_HIGH	first_pass_reference_anchored_remnant	0.961248654467169	0.961248654467169	0.017955294979846097	59	1	0	33	2	13	0	171.8736279091048	"[""refiner_sensitive_exon_blast_incorporated""]"
GCA_965154085.2	Bos taurus	Bos taurus	Scaffold	DISRUPTED_STRONG	DISRUPTED_HIGH	first_pass_reference_anchored_remnant	0.961248654467169	0.961248654467169	0.017955294979846097	59	1	0	33	2	13	0	171.8736279091048	"[""refiner_sensitive_exon_blast_incorporated""]"
GCA_965154095.2	Bos taurus	Bos taurus	Scaffold	DISRUPTED_STRONG	DISRUPTED_HIGH	first_pass_reference_anchored_remnant	0.961248654467169	0.961248654467169	0.017955294979846097	59	1	0	33	2	13	0	171.8736279091048	"[""refiner_sensitive_exon_blast_incorporated""]"
GCA_965154105.2	Bos taurus	Bos taurus	Scaffold	DISRUPTED_STRONG	DISRUPTED_HIGH	first_pass_reference_anchored_remnant	0.961248654467169	0.961248654467169	0.017955294979846097	59	1	0	33	2	13	0	171.8736279091048	"[""refiner_sensitive_exon_blast_incorporated""]"
GCA_965154155.2	Bos taurus	Bos taurus	Scaffold	DISRUPTED_STRONG	DISRUPTED_HIGH	first_pass_reference_anchored_remnant	0.9601722282023681	0.9601722282023681	0.017961876832844576	62	3	0	40	1	15	0	171.76591946409474	"[""refiner_sensitive_exon_blast_incorporated""]"
GCA_965154165.2	Bos taurus	Bos taurus	Scaffold	DISRUPTED_STRONG	DISRUPTED_HIGH	first_pass_reference_anchored_remnant	0.9587369931826336	0.9587369931826336	0.019428152492668622	62	3	0	40	1	15	0	171.60773320552306	"[""refiner_sensitive_exon_blast_incorporated""]"
GCA_965154175.2	Bos taurus	Bos taurus	Scaffold	UNRESOLVED_ASSEMBLY_GAP	DISRUPTED_HIGH	first_pass_reference_anchored_remnant	0.9601722282023681	0.9601722282023681	0.017961876832844576	62	3	0	40	1	15	0	121.76591946409475	"[""refiner_sensitive_exon_blast_incorporated""]"
GCA_965154185.2	Bos taurus	Bos taurus	Scaffold	DISRUPTED_STRONG	DISRUPTED_HIGH	first_pass_reference_anchored_remnant	0.9601722282023681	0.9601722282023681	0.017961876832844576	62	3	0	40	1	15	0	171.76591946409474	"[""refiner_sensitive_exon_blast_incorporated""]"
GCA_965154195.2	Bos taurus	Bos taurus	Scaffold	DISRUPTED_STRONG	DISRUPTED_HIGH	first_pass_reference_anchored_remnant	0.961248654467169	0.961248654467169	0.017955294979846097	59	1	0	33	2	13	0	171.8736279091048	"[""refiner_sensitive_exon_blast_incorporated""]"
GCA_965154205.2	Bos taurus	Bos taurus	Scaffold	UNRESOLVED_ASSEMBLY_GAP	DISRUPTED_HIGH	first_pass_reference_anchored_remnant	0.9601722282023681	0.9601722282023681	0.017961876832844576	62	3	0	40	1	15	0	121.76591946409475	"[""refiner_sensitive_exon_blast_incorporated""]"
GCA_965154215.2	Bos taurus	Bos taurus	Scaffold	UNRESOLVED_ASSEMBLY_GAP	DISRUPTED_HIGH	first_pass_reference_anchored_remnant	0.961248654467169	0.961248654467169	0.017955294979846097	59	1	0	33	2	13	0	121.87362790910481	"[""refiner_sensitive_exon_blast_incorporated""]"
GCA_965154225.2	Bos taurus	Bos taurus	Scaffold	DISRUPTED_STRONG	DISRUPTED_HIGH	first_pass_reference_anchored_remnant	0.961248654467169	0.961248654467169	0.017955294979846097	59	1	0	33	2	13	0	171.8736279091048	"[""refiner_sensitive_exon_blast_incorporated""]"
GCA_965154235.2	Bos taurus	Bos taurus	Scaffold	DISRUPTED_STRONG	DISRUPTED_HIGH	first_pass_reference_anchored_remnant	0.961248654467169	0.961248654467169	0.017955294979846097	59	1	0	33	2	14	0	171.8736279091048	"[""refiner_sensitive_exon_blast_incorporated""]"
GCA_965154245.2	Bos taurus	Bos taurus	Scaffold	DISRUPTED_STRONG	DISRUPTED_HIGH	first_pass_reference_anchored_remnant	0.9601722282023681	0.9601722282023681	0.017961876832844576	62	3	0	40	1	15	0	171.76591946409474	"[""refiner_sensitive_exon_blast_incorporated""]"
GCA_965154255.2	Bos taurus	Bos taurus	Scaffold	DISRUPTED_STRONG	DISRUPTED_HIGH	first_pass_reference_anchored_remnant	0.961248654467169	0.961248654467169	0.017955294979846097	59	1	0	33	2	13	0	171.8736279091048	"[""refiner_sensitive_exon_blast_incorporated""]"
GCA_965154265.2	Bos taurus	Bos taurus	Scaffold	DISRUPTED_STRONG	DISRUPTED_HIGH	first_pass_reference_anchored_remnant	0.961248654467169	0.961248654467169	0.017955294979846097	59	1	0	33	2	13	0	171.8736279091048	"[""refiner_sensitive_exon_blast_incorporated""]"
GCA_965154275.2	Bos taurus	Bos taurus	Scaffold	DISRUPTED_STRONG	DISRUPTED_HIGH	first_pass_reference_anchored_remnant	0.9601722282023681	0.9601722282023681	0.017961876832844576	62	3	0	40	1	15	0	171.76591946409474	"[""refiner_sensitive_exon_blast_incorporated""]"
GCA_965154285.2	Bos taurus	Bos taurus	Scaffold	DISRUPTED_STRONG	DISRUPTED_HIGH	first_pass_reference_anchored_remnant	0.9601722282023681	0.9601722282023681	0.017961876832844576	62	3	0	40	1	15	0	171.76591946409474	"[""refiner_sensitive_exon_blast_incorporated""]"
GCA_965154295.2	Bos taurus	Bos taurus	Scaffold	UNRESOLVED_ASSEMBLY_GAP	DISRUPTED_HIGH	first_pass_reference_anchored_remnant	0.9601722282023681	0.9601722282023681	0.017961876832844576	62	3	0	40	1	15	0	121.76591946409475	"[""refiner_sensitive_exon_blast_incorporated""]"
GCA_965154305.2	Bos taurus	Bos taurus	Scaffold	DISRUPTED_STRONG	DISRUPTED_HIGH	first_pass_reference_anchored_remnant	0.9601722282023681	0.9601722282023681	0.017961876832844576	62	3	0	40	1	15	0	171.76591946409474	"[""refiner_sensitive_exon_blast_incorporated""]"
GCA_965154315.2	Bos taurus	Bos taurus	Scaffold	UNRESOLVED_ASSEMBLY_GAP	DISRUPTED_HIGH	first_pass_reference_anchored_remnant	0.9601722282023681	0.9601722282023681	0.017961876832844576	62	3	0	40	1	15	0	121.76591946409475	"[""refiner_sensitive_exon_blast_incorporated""]"
GCA_965154325.2	Bos taurus	Bos taurus	Scaffold	UNRESOLVED_ASSEMBLY_GAP	DISRUPTED_HIGH	first_pass_reference_anchored_remnant	0.961248654467169	0.961248654467169	0.017955294979846097	59	1	0	33	2	13	0	121.87362790910481	"[""refiner_sensitive_exon_blast_incorporated""]"
GCA_965154335.2	Bos taurus	Bos taurus	Scaffold	DISRUPTED_STRONG	DISRUPTED_HIGH	first_pass_reference_anchored_remnant	0.961248654467169	0.961248654467169	0.017955294979846097	59	1	0	33	2	13	0	171.8736279091048	"[""refiner_sensitive_exon_blast_incorporated""]"
GCA_965154345.2	Bos taurus	Bos taurus	Scaffold	DISRUPTED_STRONG	DISRUPTED_HIGH	first_pass_reference_anchored_remnant	0.961248654467169	0.961248654467169	0.017955294979846097	59	1	0	33	2	13	0	171.8736279091048	"[""refiner_sensitive_exon_blast_incorporated""]"
GCA_965154355.2	Bos taurus	Bos taurus	Scaffold	DISRUPTED_STRONG	DISRUPTED_HIGH	first_pass_reference_anchored_remnant	0.961248654467169	0.961248654467169	0.017955294979846097	59	1	0	33	2	13	0	171.8736279091048	"[""refiner_sensitive_exon_blast_incorporated""]"
GCA_965154365.2	Bos taurus	Bos taurus	Scaffold	UNRESOLVED_ASSEMBLY_GAP	DISRUPTED_HIGH	first_pass_reference_anchored_remnant	0.9601722282023681	0.9601722282023681	0.017961876832844576	62	3	0	40	1	15	0	121.76591946409475	"[""refiner_sensitive_exon_blast_incorporated""]"
GCA_965154375.2	Bos taurus	Bos taurus	Scaffold	DISRUPTED_STRONG	DISRUPTED_HIGH	first_pass_reference_anchored_remnant	0.9601722282023681	0.9601722282023681	0.017961876832844576	62	3	0	40	1	15	0	171.76591946409474	"[""refiner_sensitive_exon_blast_incorporated""]"
GCA_965154385.2	Bos taurus	Bos taurus	Scaffold	DISRUPTED_STRONG	DISRUPTED_HIGH	first_pass_reference_anchored_remnant	0.961248654467169	0.961248654467169	0.017955294979846097	59	1	0	33	2	14	0	171.8736279091048	"[""refiner_sensitive_exon_blast_incorporated""]"
GCA_965154395.2	Bos taurus	Bos taurus	Scaffold	DISRUPTED_STRONG	DISRUPTED_HIGH	first_pass_reference_anchored_remnant	0.961248654467169	0.961248654467169	0.017955294979846097	59	1	0	33	2	13	0	171.8736279091048	"[""refiner_sensitive_exon_blast_incorporated""]"
GCA_965154405.2	Bos taurus	Bos taurus	Scaffold	DISRUPTED_STRONG	DISRUPTED_HIGH	first_pass_reference_anchored_remnant	0.9601722282023681	0.9601722282023681	0.017961876832844576	62	3	0	40	1	15	0	171.76591946409474	"[""refiner_sensitive_exon_blast_incorporated""]"
GCA_965154415.2	Bos taurus	Bos taurus	Scaffold	DISRUPTED_STRONG	DISRUPTED_HIGH	first_pass_reference_anchored_remnant	0.961248654467169	0.961248654467169	0.017955294979846097	59	1	0	33	2	13	0	171.8736279091048	"[""refiner_sensitive_exon_blast_incorporated""]"
GCA_965154425.2	Bos taurus	Bos taurus	Scaffold	DISRUPTED_STRONG	DISRUPTED_HIGH	first_pass_reference_anchored_remnant	0.9601722282023681	0.9601722282023681	0.017961876832844576	62	3	0	40	1	16	0	171.76591946409474	"[""refiner_sensitive_exon_blast_incorporated""]"
GCA_965154435.2	Bos taurus	Bos taurus	Scaffold	DISRUPTED_STRONG	DISRUPTED_HIGH	first_pass_reference_anchored_remnant	0.961248654467169	0.961248654467169	0.017955294979846097	59	1	0	33	2	13	0	171.8736279091048	"[""refiner_sensitive_exon_blast_incorporated""]"
GCA_965154445.2	Bos taurus	Bos taurus	Scaffold	DISRUPTED_STRONG	DISRUPTED_HIGH	first_pass_reference_anchored_remnant	0.961248654467169	0.961248654467169	0.017955294979846097	59	1	0	33	2	13	0	171.8736279091048	"[""refiner_sensitive_exon_blast_incorporated""]"
GCA_965177315.2	Bos taurus	Bos taurus	Scaffold	DISRUPTED_STRONG	DISRUPTED_HIGH	first_pass_reference_anchored_remnant	0.9601722282023681	0.9601722282023681	0.017961876832844576	62	3	0	40	1	15	0	171.76591946409474	"[""refiner_sensitive_exon_blast_incorporated""]"
GCA_965177325.2	Bos taurus	Bos taurus	Scaffold	UNRESOLVED_ASSEMBLY_GAP	DISRUPTED_HIGH	first_pass_reference_anchored_remnant	0.9601722282023681	0.9601722282023681	0.017961876832844576	62	3	0	40	1	15	0	121.76591946409475	"[""refiner_sensitive_exon_blast_incorporated""]"
GCA_965177335.2	Bos taurus	Bos taurus	Scaffold	DISRUPTED_STRONG	DISRUPTED_HIGH	first_pass_reference_anchored_remnant	0.961248654467169	0.961248654467169	0.017955294979846097	59	1	0	33	2	13	0	171.8736279091048	"[""refiner_sensitive_exon_blast_incorporated""]"
GCA_965177345.2	Bos taurus	Bos taurus	Scaffold	DISRUPTED_STRONG	DISRUPTED_HIGH	first_pass_reference_anchored_remnant	0.961248654467169	0.961248654467169	0.017955294979846097	59	1	0	33	2	13	0	171.8736279091048	"[""refiner_sensitive_exon_blast_incorporated""]"
GCA_965177355.2	Bos taurus	Bos taurus	Scaffold	DISRUPTED_STRONG	DISRUPTED_HIGH	first_pass_reference_anchored_remnant	0.9598134194474345	0.9598134194474345	0.01942103334554782	59	1	0	33	2	14	0	171.71544702347433	"[""refiner_sensitive_exon_blast_incorporated""]"
GCA_965177365.2	Bos taurus	Bos taurus	Scaffold	DISRUPTED_STRONG	DISRUPTED_HIGH	first_pass_reference_anchored_remnant	0.9598134194474345	0.9598134194474345	0.01942103334554782	59	1	0	33	2	14	0	171.71544702347433	"[""refiner_sensitive_exon_blast_incorporated""]"
GCA_965177375.2	Bos taurus	Bos taurus	Scaffold	DISRUPTED_STRONG	DISRUPTED_HIGH	first_pass_reference_anchored_remnant	0.961248654467169	0.961248654467169	0.017955294979846097	59	1	0	33	2	13	0	171.8736279091048	"[""refiner_sensitive_exon_blast_incorporated""]"
GCA_965177385.2	Bos taurus	Bos taurus	Scaffold	DISRUPTED_STRONG	DISRUPTED_HIGH	first_pass_reference_anchored_remnant	0.961248654467169	0.961248654467169	0.017955294979846097	59	1	0	33	2	13	0	171.8736279091048	"[""refiner_sensitive_exon_blast_incorporated""]"
GCA_965177395.2	Bos taurus	Bos taurus	Scaffold	DISRUPTED_STRONG	DISRUPTED_HIGH	first_pass_reference_anchored_remnant	0.961248654467169	0.961248654467169	0.017955294979846097	59	1	0	33	2	13	0	171.8736279091048	"[""refiner_sensitive_exon_blast_incorporated""]"
GCA_965177405.2	Bos taurus	Bos taurus	Scaffold	UNRESOLVED_ASSEMBLY_GAP	DISRUPTED_HIGH	first_pass_reference_anchored_remnant	0.9587369931826336	0.9587369931826336	0.019428152492668622	62	3	0	40	1	15	0	121.60773320552306	"[""refiner_sensitive_exon_blast_incorporated""]"
GCA_965177415.2	Bos taurus	Bos taurus	Scaffold	DISRUPTED_STRONG	DISRUPTED_HIGH	first_pass_reference_anchored_remnant	0.961248654467169	0.961248654467169	0.017955294979846097	59	1	0	33	2	14	0	171.8736279091048	"[""refiner_sensitive_exon_blast_incorporated""]"
GCA_965177425.2	Bos taurus	Bos taurus	Scaffold	DISRUPTED_STRONG	DISRUPTED_HIGH	first_pass_reference_anchored_remnant	0.961248654467169	0.961248654467169	0.017955294979846097	59	1	0	33	2	13	0	171.8736279091048	"[""refiner_sensitive_exon_blast_incorporated""]"
GCA_965177435.2	Bos taurus	Bos taurus	Scaffold	UNRESOLVED_ASSEMBLY_GAP	DISRUPTED_HIGH	first_pass_reference_anchored_remnant	0.9587369931826336	0.9587369931826336	0.019428152492668622	62	3	0	40	1	15	0	121.60773320552306	"[""refiner_sensitive_exon_blast_incorporated""]"
GCA_965177445.2	Bos taurus	Bos taurus	Scaffold	DISRUPTED_STRONG	DISRUPTED_HIGH	first_pass_reference_anchored_remnant	0.961248654467169	0.961248654467169	0.017955294979846097	59	1	0	33	2	13	0	171.8736279091048	"[""refiner_sensitive_exon_blast_incorporated""]"
GCA_965177455.2	Bos taurus	Bos taurus	Scaffold	DISRUPTED_STRONG	DISRUPTED_HIGH	first_pass_reference_anchored_remnant	0.961248654467169	0.961248654467169	0.017955294979846097	59	1	0	33	2	14	0	171.8736279091048	"[""refiner_sensitive_exon_blast_incorporated""]"
GCA_965177465.2	Bos taurus	Bos taurus	Scaffold	DISRUPTED_STRONG	DISRUPTED_HIGH	first_pass_reference_anchored_remnant	0.961248654467169	0.961248654467169	0.017955294979846097	59	1	0	33	2	13	0	171.8736279091048	"[""refiner_sensitive_exon_blast_incorporated""]"
GCA_965177475.2	Bos taurus	Bos taurus	Scaffold	DISRUPTED_STRONG	DISRUPTED_HIGH	first_pass_reference_anchored_remnant	0.961248654467169	0.961248654467169	0.017955294979846097	59	1	0	33	2	13	0	171.8736279091048	"[""refiner_sensitive_exon_blast_incorporated""]"
GCA_965177485.2	Bos taurus	Bos taurus	Scaffold	DISRUPTED_STRONG	DISRUPTED_HIGH	first_pass_reference_anchored_remnant	0.961248654467169	0.961248654467169	0.017955294979846097	59	1	0	33	2	13	0	171.8736279091048	"[""refiner_sensitive_exon_blast_incorporated""]"
GCA_965177495.2	Bos taurus	Bos taurus	Scaffold	DISRUPTED_STRONG	DISRUPTED_HIGH	first_pass_reference_anchored_remnant	0.961248654467169	0.961248654467169	0.017955294979846097	59	1	0	33	2	14	0	171.8736279091048	"[""refiner_sensitive_exon_blast_incorporated""]"
GCA_965177505.2	Bos taurus	Bos taurus	Scaffold	DISRUPTED_STRONG	DISRUPTED_HIGH	first_pass_reference_anchored_remnant	0.9598134194474345	0.9598134194474345	0.01942103334554782	59	1	0	33	2	13	0	171.71544702347433	"[""refiner_sensitive_exon_blast_incorporated""]"
GCA_965177515.2	Bos taurus	Bos taurus	Scaffold	DISRUPTED_STRONG	DISRUPTED_HIGH	first_pass_reference_anchored_remnant	0.961248654467169	0.961248654467169	0.017955294979846097	59	1	0	33	2	13	0	171.8736279091048	"[""refiner_sensitive_exon_blast_incorporated""]"
GCA_965177525.2	Bos taurus	Bos taurus	Scaffold	DISRUPTED_STRONG	DISRUPTED_HIGH	first_pass_reference_anchored_remnant	0.9598134194474345	0.9598134194474345	0.01942103334554782	59	1	0	33	2	14	0	171.71544702347433	"[""refiner_sensitive_exon_blast_incorporated""]"
GCA_965177535.2	Bos taurus	Bos taurus	Scaffold	DISRUPTED_STRONG	DISRUPTED_HIGH	first_pass_reference_anchored_remnant	0.961248654467169	0.961248654467169	0.017955294979846097	59	1	0	33	2	13	0	171.8736279091048	"[""refiner_sensitive_exon_blast_incorporated""]"
GCA_965177545.2	Bos taurus	Bos taurus	Scaffold	DISRUPTED_STRONG	DISRUPTED_HIGH	first_pass_reference_anchored_remnant	0.961248654467169	0.961248654467169	0.017955294979846097	59	1	0	33	2	13	0	171.8736279091048	"[""refiner_sensitive_exon_blast_incorporated""]"
GCA_965177555.2	Bos taurus	Bos taurus	Scaffold	DISRUPTED_STRONG	DISRUPTED_HIGH	first_pass_reference_anchored_remnant	0.9601722282023681	0.9601722282023681	0.017961876832844576	62	3	0	40	1	15	0	171.76591946409474	"[""refiner_sensitive_exon_blast_incorporated""]"
GCA_965177565.2	Bos taurus	Bos taurus	Scaffold	UNRESOLVED_ASSEMBLY_GAP	DISRUPTED_HIGH	first_pass_reference_anchored_remnant	0.9601722282023681	0.9601722282023681	0.017961876832844576	62	3	0	40	1	15	0	121.76591946409475	"[""refiner_sensitive_exon_blast_incorporated""]"
GCA_965177575.2	Bos taurus	Bos taurus	Scaffold	DISRUPTED_STRONG	DISRUPTED_HIGH	first_pass_reference_anchored_remnant	0.9601722282023681	0.9601722282023681	0.017961876832844576	62	3	0	40	1	15	0	171.76591946409474	"[""refiner_sensitive_exon_blast_incorporated""]"
GCA_965177585.2	Bos taurus	Bos taurus	Scaffold	DISRUPTED_STRONG	DISRUPTED_HIGH	first_pass_reference_anchored_remnant	0.961248654467169	0.961248654467169	0.017955294979846097	59	1	0	33	2	14	0	171.8736279091048	"[""refiner_sensitive_exon_blast_incorporated""]"
GCA_965177605.2	Bos taurus	Bos taurus	Scaffold	DISRUPTED_STRONG	DISRUPTED_HIGH	first_pass_reference_anchored_remnant	0.961248654467169	0.961248654467169	0.017955294979846097	59	1	0	33	2	13	0	171.8736279091048	"[""refiner_sensitive_exon_blast_incorporated""]"
GCA_965177615.2	Bos taurus	Bos taurus	Scaffold	DISRUPTED_STRONG	DISRUPTED_HIGH	first_pass_reference_anchored_remnant	0.961248654467169	0.961248654467169	0.017955294979846097	59	1	0	33	2	13	0	171.8736279091048	"[""refiner_sensitive_exon_blast_incorporated""]"
GCA_965177625.2	Bos taurus	Bos taurus	Scaffold	DISRUPTED_STRONG	DISRUPTED_HIGH	first_pass_reference_anchored_remnant	0.9598134194474345	0.9598134194474345	0.01942103334554782	59	1	0	33	2	14	0	171.71544702347433	"[""refiner_sensitive_exon_blast_incorporated""]"
GCA_965177635.2	Bos taurus	Bos taurus	Scaffold	DISRUPTED_STRONG	DISRUPTED_HIGH	first_pass_reference_anchored_remnant	0.961248654467169	0.961248654467169	0.017955294979846097	59	1	0	33	2	13	0	171.8736279091048	"[""refiner_sensitive_exon_blast_incorporated""]"
GCA_965177645.2	Bos taurus	Bos taurus	Scaffold	UNRESOLVED_NO_GENOME	DISRUPTED_HIGH	first_pass_reference_anchored_remnant	0.9598134194474345	0.9598134194474345	0.01942103334554782	59	1	0	33	2	0	0	101.78713161128798	[]
GCA_965177655.2	Bos taurus	Bos taurus	Scaffold	DISRUPTED_STRONG	DISRUPTED_HIGH	first_pass_reference_anchored_remnant	0.961248654467169	0.961248654467169	0.017955294979846097	59	1	0	33	2	13	0	171.8736279091048	"[""refiner_sensitive_exon_blast_incorporated""]"
GCA_965177665.2	Bos taurus	Bos taurus	Scaffold	DISRUPTED_STRONG	DISRUPTED_HIGH	first_pass_reference_anchored_remnant	0.961248654467169	0.961248654467169	0.017955294979846097	59	1	0	33	2	14	0	171.8736279091048	"[""refiner_sensitive_exon_blast_incorporated""]"
GCA_965177675.2	Bos taurus	Bos taurus	Scaffold	DISRUPTED_STRONG	DISRUPTED_HIGH	first_pass_reference_anchored_remnant	0.961248654467169	0.961248654467169	0.017955294979846097	59	1	0	33	2	13	0	171.8736279091048	"[""refiner_sensitive_exon_blast_incorporated""]"
GCA_965177685.2	Bos taurus	Bos taurus	Scaffold	DISRUPTED_STRONG	DISRUPTED_HIGH	first_pass_reference_anchored_remnant	0.961248654467169	0.961248654467169	0.017955294979846097	59	1	0	33	2	13	0	171.8736279091048	"[""refiner_sensitive_exon_blast_incorporated""]"
GCA_965177695.2	Bos taurus	Bos taurus	Scaffold	DISRUPTED_STRONG	DISRUPTED_HIGH	first_pass_reference_anchored_remnant	0.961248654467169	0.961248654467169	0.017955294979846097	59	1	0	33	2	13	0	171.8736279091048	"[""refiner_sensitive_exon_blast_incorporated""]"
GCA_965177705.2	Bos taurus	Bos taurus	Scaffold	UNRESOLVED_NO_GENOME	DISRUPTED_HIGH	first_pass_reference_anchored_remnant	0.9601722282023681	0.9601722282023681	0.017961876832844576	62	3	0	40	1	0	0	101.83760405190837	[]
GCA_965177715.2	Bos taurus	Bos taurus	Scaffold	DISRUPTED_STRONG	DISRUPTED_HIGH	first_pass_reference_anchored_remnant	0.961248654467169	0.961248654467169	0.017955294979846097	59	1	0	33	2	13	0	171.8736279091048	"[""refiner_sensitive_exon_blast_incorporated""]"
GCA_965177725.2	Bos taurus	Bos taurus	Scaffold	DISRUPTED_STRONG	DISRUPTED_HIGH	first_pass_reference_anchored_remnant	0.9598134194474345	0.9598134194474345	0.01942103334554782	59	1	0	33	2	14	0	171.71544702347433	"[""refiner_sensitive_exon_blast_incorporated""]"
GCA_965177735.2	Bos taurus	Bos taurus	Scaffold	DISRUPTED_STRONG	DISRUPTED_HIGH	first_pass_reference_anchored_remnant	0.9601722282023681	0.9601722282023681	0.017961876832844576	62	3	0	40	1	15	0	171.76591946409474	"[""refiner_sensitive_exon_blast_incorporated""]"
GCA_965177745.2	Bos taurus	Bos taurus	Scaffold	DISRUPTED_STRONG	DISRUPTED_HIGH	first_pass_reference_anchored_remnant	0.9601722282023681	0.9601722282023681	0.017961876832844576	62	3	0	40	1	15	0	171.76591946409474	"[""refiner_sensitive_exon_blast_incorporated""]"
GCA_965177755.2	Bos taurus	Bos taurus	Scaffold	DISRUPTED_STRONG	DISRUPTED_HIGH	first_pass_reference_anchored_remnant	0.961248654467169	0.961248654467169	0.017955294979846097	59	1	0	33	2	13	0	171.8736279091048	"[""refiner_sensitive_exon_blast_incorporated""]"
GCA_965177765.2	Bos taurus	Bos taurus	Scaffold	UNRESOLVED_NO_GENOME	DISRUPTED_HIGH	first_pass_reference_anchored_remnant	0.961248654467169	0.961248654467169	0.017955294979846097	59	1	0	33	2	0	0	101.94531249691843	[]
GCA_965177775.2	Bos taurus	Bos taurus	Scaffold	DISRUPTED_STRONG	DISRUPTED_HIGH	first_pass_reference_anchored_remnant	0.9598134194474345	0.9598134194474345	0.01942103334554782	59	1	0	33	2	14	0	171.71544702347433	"[""refiner_sensitive_exon_blast_incorporated""]"
GCA_965177785.2	Bos taurus	Bos taurus	Scaffold	UNRESOLVED_NO_GENOME	DISRUPTED_HIGH	first_pass_reference_anchored_remnant	0.961248654467169	0.961248654467169	0.017955294979846097	59	1	0	33	2	0	0	101.94531249691843	[]
GCA_965177795.2	Bos taurus	Bos taurus	Scaffold	UNRESOLVED_NO_GENOME	DISRUPTED_HIGH	first_pass_reference_anchored_remnant	0.961248654467169	0.961248654467169	0.017955294979846097	59	1	0	33	2	0	0	101.94531249691843	[]
GCA_965177805.2	Bos taurus	Bos taurus	Scaffold	DISRUPTED_STRONG	DISRUPTED_HIGH	first_pass_reference_anchored_remnant	0.9598134194474345	0.9598134194474345	0.01942103334554782	59	1	0	33	2	14	0	171.71544702347433	"[""refiner_sensitive_exon_blast_incorporated""]"
GCA_965177825.2	Bos taurus	Bos taurus	Scaffold	DISRUPTED_STRONG	DISRUPTED_HIGH	first_pass_reference_anchored_remnant	0.961248654467169	0.961248654467169	0.017955294979846097	59	1	0	33	2	13	0	171.8736279091048	"[""refiner_sensitive_exon_blast_incorporated""]"
GCA_965225615.1	Bos gaurus	Bos gaurus	Scaffold	DISRUPTED_STRONG	DISRUPTED_HIGH	first_pass_reference_anchored_remnant	0.9616074632221027	0.9616074632221027	0.017948717948717947	58	1	0	28	0	12	0	171.75572840106332	"[""refiner_sensitive_exon_blast_incorporated""]"
GCA_965246665.2	Bubalus bubalis bubalis	Bubalus bubalis	Contig	DISRUPTED_STRONG	DISRUPTED_HIGH	first_pass_plus_refiner_sensitive_remnant	0.8058844635809114	0.8058844635809114	0.17304860088365243	71	0	57	25	1	11	0	145.62792797985463	"[""refiner_sensitive_exon_blast_incorporated""]"
GCA_965363385.1	Ovis aries	Ovis aries	Scaffold	UNRESOLVED_NO_GENOME	DISRUPTED_LIKELY	first_pass_reference_anchored_remnant	0.9583781844277001	0.9583781844277001	0.020475319926873858	60	8	0	28	2	0	0	101.63306524350126	[]
GCA_965363395.1	Capra hircus	Capra hircus	Scaffold	UNRESOLVED_NO_GENOME	DISRUPTED_HIGH	first_pass_reference_anchored_remnant	0.9655543595263725	0.9655543595263725	0.010997067448680353	66	7	0	44	1	0	0	102.44546527815045	[]
GCA_965363425.1	Ovis aries	Ovis aries	Scaffold	DISRUPTED_STRONG	DISRUPTED_LIKELY	first_pass_plus_refiner_sensitive_remnant	0.9673484033010405	0.9673484033010405	0.010964912280701754	61	10	26	41	0	16	0	172.49919217083945	"[""refiner_sensitive_exon_blast_incorporated""]"
GCA_965363435.1	Ovis aries	Ovis aries	Scaffold	DISRUPTED_STRONG	DISRUPTED_LIKELY	first_pass_plus_refiner_sensitive_remnant	0.9677072120559742	0.9677072120559742	0.010968921389396709	60	8	26	28	2	15	0	172.53503295524587	"[""refiner_sensitive_exon_blast_incorporated""]"
GCA_965363445.1	Ovis aries	Ovis aries	Scaffold	DISRUPTED_STRONG	DISRUPTED_LIKELY	first_pass_plus_refiner_sensitive_remnant	0.9673484033010405	0.9673484033010405	0.010964912280701754	61	10	26	36	0	15	0	172.49919217083945	"[""refiner_sensitive_exon_blast_incorporated""]"
GCA_965363705.1	Ovis aries	Ovis aries	Scaffold	UNRESOLVED_ASSEMBLY_GAP	DISRUPTED_LIKELY	first_pass_plus_refiner_sensitive_remnant	0.9677072120559742	0.9677072120559742	0.010964912280701754	60	9	26	31	0	16	0	122.53507304633283	"[""refiner_sensitive_exon_blast_incorporated""]"
GCA_965363785.1	Ovis aries	Ovis aries	Scaffold	DISRUPTED_STRONG	DISRUPTED_LIKELY	first_pass_plus_refiner_sensitive_remnant	0.9673484033010405	0.9673484033010405	0.010968921389396709	61	9	26	33	2	17	0	172.4991520797525	"[""refiner_sensitive_exon_blast_incorporated""]"
GCA_965363845.1	Capra hircus	Capra hircus	Scaffold	DISRUPTED_STRONG	DISRUPTED_HIGH	first_pass_reference_anchored_remnant	0.965913168281306	0.965913168281306	0.010993037742762916	65	7	0	39	2	13	0	172.3553874142454	"[""refiner_sensitive_exon_blast_incorporated""]"
GCA_965363855.1	Capra hircus	Capra hircus	Scaffold	UNRESOLVED_NO_GENOME	DISRUPTED_HIGH	first_pass_reference_anchored_remnant	0.965913168281306	0.965913168281306	0.01098901098901099	65	8	0	26	0	0	0	102.48142671824048	[]
GCA_965363885.1	Capra hircus	Capra hircus	Scaffold	DISRUPTED_STRONG	DISRUPTED_HIGH	first_pass_reference_anchored_remnant	0.965913168281306	0.965913168281306	0.010993037742762916	65	7	0	37	2	12	0	172.3553874142454	"[""refiner_sensitive_exon_blast_incorporated""]"
GCA_965364655.1	Capra hircus	Capra hircus	Scaffold	DISRUPTED_STRONG	DISRUPTED_HIGH	first_pass_reference_anchored_remnant	0.965913168281306	0.965913168281306	0.010993037742762916	65	7	0	38	2	12	0	172.3553874142454	"[""refiner_sensitive_exon_blast_incorporated""]"
GCA_965364765.1	Ovis aries	Ovis aries	Scaffold	UNRESOLVED_NO_GENOME	DISRUPTED_LIKELY	first_pass_reference_anchored_remnant	0.9583781844277001	0.9583781844277001	0.020475319926873858	60	8	0	28	2	0	0	101.63306524350126	[]
GCA_965364855.1	Ovis aries	Ovis aries	Scaffold	UNRESOLVED_NO_GENOME	DISRUPTED_LIKELY	first_pass_reference_anchored_remnant	0.9583781844277001	0.9583781844277001	0.020475319926873858	60	8	0	28	2	0	0	101.63306524350126	[]
GCA_965365845.1	Capra hircus	Capra hircus	Scaffold	DISRUPTED_STRONG	DISRUPTED_HIGH	first_pass_reference_anchored_remnant	0.965913168281306	0.965913168281306	0.010993037742762916	65	7	0	39	2	13	0	172.3553874142454	"[""refiner_sensitive_exon_blast_incorporated""]"
GCA_965365915.1	Ovis aries	Ovis aries	Scaffold	UNRESOLVED_NO_GENOME	DISRUPTED_LIKELY	first_pass_reference_anchored_remnant	0.9540724793684966	0.9540724793684966	0.022010271460014674	68	7	0	23	2	0	0	101.18714522224951	[]
GCA_965365925.1	Capra hircus	Capra hircus	Scaffold	UNRESOLVED_NO_GENOME	DISRUPTED_HIGH	first_pass_reference_anchored_remnant	0.965913168281306	0.965913168281306	0.010993037742762916	65	7	0	38	2	0	0	102.48138645070297	[]
GCA_965606195.1	Bubalus bubalis bubalis	Bubalus bubalis	Contig	DISRUPTED_STRONG	DISRUPTED_HIGH	first_pass_plus_refiner_sensitive_remnant	0.8058844635809114	0.8058844635809114	0.17304860088365243	71	0	57	25	1	11	0	145.62792797985463	"[""refiner_sensitive_exon_blast_incorporated""]"
GCA_965637775.1	Ovis aries	Ovis aries	Scaffold	DISRUPTED_STRONG	DISRUPTED_LIKELY	first_pass_plus_refiner_sensitive_remnant	0.9669895945461069	0.9669895945461069	0.010976948408342482	62	8	26	41	0	16	0	172.46319093406967	"[""refiner_sensitive_exon_blast_incorporated""]"
GCA_965642185.1	Bubalus bubalis bubalis	Bubalus bubalis	Contig	DISRUPTED_STRONG	DISRUPTED_HIGH	first_pass_plus_refiner_sensitive_remnant	0.8058844635809114	0.8058844635809114	0.17304860088365243	71	0	57	25	1	11	0	145.62792797985463	"[""refiner_sensitive_exon_blast_incorporated""]"
GCA_965642195.1	Bubalus bubalis bubalis	Bubalus bubalis	Contig	DISRUPTED_STRONG	DISRUPTED_HIGH	first_pass_plus_refiner_sensitive_remnant	0.8058844635809114	0.8058844635809114	0.17304860088365243	71	0	57	25	1	11	0	145.62792797985463	"[""refiner_sensitive_exon_blast_incorporated""]"
GCA_965642205.1	Bubalus bubalis bubalis	Bubalus bubalis	Contig	UNRESOLVED_NO_GENOME	DISRUPTED_HIGH	first_pass_reference_anchored_remnant	0.785432364549695	0.785432364549695	0.19403534609720177	71	0	0	24	1	0	0	79.60288299399748	[]
GCA_974728815.1	Bos taurus	Bos taurus	Scaffold	UNRESOLVED_ASSEMBLY_GAP	DISRUPTED_HIGH	first_pass_reference_anchored_remnant	0.961248654467169	0.961248654467169	0.017955294979846097	59	1	0	33	2	13	0	121.87362790910481	"[""refiner_sensitive_exon_blast_incorporated""]"
GCA_976986615.1	Bos taurus	Bos taurus	Contig	DISRUPTED_STRONG	DISRUPTED_HIGH	first_pass_reference_anchored_remnant	0.9601722282023681	0.9601722282023681	0.017961876832844576	62	3	0	40	1	15	0	168.76591946409474	"[""refiner_sensitive_exon_blast_incorporated""]"
GCA_976986625.1	Bos taurus	Bos taurus	Contig	DISRUPTED_STRONG	DISRUPTED_HIGH	first_pass_reference_anchored_remnant	0.961248654467169	0.961248654467169	0.017955294979846097	59	1	0	33	2	13	0	168.8736279091048	"[""refiner_sensitive_exon_blast_incorporated""]"
GCA_976986635.2	Bos taurus	Bos taurus	Contig	UNRESOLVED_NO_GENOME	DISRUPTED_HIGH	first_pass_reference_anchored_remnant	0.961248654467169	0.961248654467169	0.017955294979846097	59	1	0	33	2	0	0	98.94531249691843	[]
GCA_977879435.1	Capra hircus	Capra hircus	Scaffold	DISRUPTED_STRONG	DISRUPTED_HIGH	first_pass_reference_anchored_remnant	0.965913168281306	0.965913168281306	0.010993037742762916	65	7	0	39	2	13	0	172.3553874142454	"[""refiner_sensitive_exon_blast_incorporated""]"
GCA_977879805.1	Capra hircus	Capra hircus	Scaffold	DISRUPTED_STRONG	DISRUPTED_HIGH	first_pass_reference_anchored_remnant	0.965913168281306	0.965913168281306	0.010993037742762916	65	7	0	38	2	12	0	172.3553874142454	"[""refiner_sensitive_exon_blast_incorporated""]"
GCA_977880105.2	Capra hircus	Capra hircus	Scaffold	DISRUPTED_STRONG	DISRUPTED_HIGH	first_pass_reference_anchored_remnant	0.965913168281306	0.965913168281306	0.010993037742762916	65	7	0	37	2	12	0	172.3553874142454	"[""refiner_sensitive_exon_blast_incorporated""]"
GCA_977927225.1	Bos taurus	Bos taurus	Chromosome	DISRUPTED_STRONG	DISRUPTED_HIGH	first_pass_reference_anchored_remnant	0.961248654467169	0.961248654467169	0.017955294979846097	59	1	0	33	2	13	0	174.8736279091048	"[""refiner_sensitive_exon_blast_incorporated""]"
GCA_977927245.1	Bos taurus	Bos taurus	Chromosome	DISRUPTED_STRONG	DISRUPTED_HIGH	first_pass_reference_anchored_remnant	0.9598134194474345	0.9598134194474345	0.01942103334554782	59	1	0	33	2	14	0	174.71544702347433	"[""refiner_sensitive_exon_blast_incorporated""]"
GCA_977927255.1	Bos taurus	Bos taurus	Chromosome	DISRUPTED_STRONG	DISRUPTED_HIGH	first_pass_reference_anchored_remnant	0.9598134194474345	0.9598134194474345	0.01942103334554782	59	1	0	33	2	14	0	174.71544702347433	"[""refiner_sensitive_exon_blast_incorporated""]"
GCA_977927265.1	Bos taurus	Bos taurus	Chromosome	DISRUPTED_STRONG	DISRUPTED_HIGH	first_pass_reference_anchored_remnant	0.961248654467169	0.961248654467169	0.017955294979846097	59	1	0	33	2	13	0	174.8736279091048	"[""refiner_sensitive_exon_blast_incorporated""]"
GCA_977927285.1	Bos taurus	Bos taurus	Chromosome	DISRUPTED_STRONG	DISRUPTED_HIGH	first_pass_reference_anchored_remnant	0.9598134194474345	0.9598134194474345	0.01942103334554782	59	1	0	33	2	14	0	174.71544702347433	"[""refiner_sensitive_exon_blast_incorporated""]"
GCA_977970235.1	Bos taurus	Bos taurus	Chromosome	DISRUPTED_STRONG	DISRUPTED_HIGH	first_pass_reference_anchored_remnant	0.961248654467169	0.961248654467169	0.017955294979846097	59	1	0	33	2	13	0	174.8736279091048	"[""refiner_sensitive_exon_blast_incorporated""]"
GCA_984506415.1	Ovis aries	Ovis aries	Scaffold	DISRUPTED_STRONG	DISRUPTED_LIKELY	first_pass_plus_refiner_sensitive_remnant	0.9677072120559742	0.9677072120559742	0.010968921389396709	60	8	26	28	2	15	0	172.53503295524587	"[""refiner_sensitive_exon_blast_incorporated""]"
GCA_984506425.1	Capra hircus	Capra hircus	Scaffold	DISRUPTED_STRONG	DISRUPTED_HIGH	first_pass_reference_anchored_remnant	0.9651955507714388	0.9651955507714388	0.011725906925613778	65	7	0	38	2	12	0	172.27629697143016	"[""refiner_sensitive_exon_blast_incorporated""]"
GCA_984506435.1	Ovis aries	Ovis aries	Scaffold	DISRUPTED_STRONG	DISRUPTED_LIKELY	first_pass_plus_refiner_sensitive_remnant	0.9634015069967707	0.9634015069967707	0.012472487160674981	68	7	26	23	2	14	0	172.07349688320969	"[""refiner_sensitive_exon_blast_incorporated""]"
GCA_984506445.1	Ovis aries	Ovis aries	Scaffold	DISRUPTED_STRONG	DISRUPTED_LIKELY	first_pass_plus_refiner_sensitive_remnant	0.9634015069967707	0.9634015069967707	0.012472487160674981	68	7	26	23	2	14	0	172.07349688320969	"[""refiner_sensitive_exon_blast_incorporated""]"
GCA_984506455.1	Ovis aries	Ovis aries	Scaffold	DISRUPTED_STRONG	DISRUPTED_LIKELY	first_pass_plus_refiner_sensitive_remnant	0.9677072120559742	0.9677072120559742	0.010964912280701754	60	9	26	27	0	14	0	172.53507304633283	"[""refiner_sensitive_exon_blast_incorporated""]"
GCA_984506465.1	Ovis aries	Ovis aries	Scaffold	DISRUPTED_STRONG	DISRUPTED_LIKELY	first_pass_plus_refiner_sensitive_remnant	0.9634015069967707	0.9634015069967707	0.012472487160674981	68	7	26	23	2	14	0	172.07349688320969	"[""refiner_sensitive_exon_blast_incorporated""]"
GCA_984506515.1	Capra hircus	Capra hircus	Scaffold	DISRUPTED_STRONG	DISRUPTED_HIGH	first_pass_reference_anchored_remnant	0.9655543595263725	0.9655543595263725	0.010997067448680353	66	7	0	44	1	13	0	172.31946624169285	"[""refiner_sensitive_exon_blast_incorporated""]"
GCA_984506535.1	Capra hircus	Capra hircus	Scaffold	DISRUPTED_STRONG	DISRUPTED_HIGH	first_pass_reference_anchored_remnant	0.965913168281306	0.965913168281306	0.010993037742762916	65	7	0	38	2	12	0	172.3553874142454	"[""refiner_sensitive_exon_blast_incorporated""]"
GCA_984506635.1	Ovis aries	Ovis aries	Scaffold	DISRUPTED_STRONG	DISRUPTED_LIKELY	first_pass_plus_refiner_sensitive_remnant	0.9677072120559742	0.9677072120559742	0.010968921389396709	60	8	26	28	2	15	0	172.53503295524587	"[""refiner_sensitive_exon_blast_incorporated""]"
GCA_984506805.1	Ovis aries	Ovis aries	Scaffold	DISRUPTED_STRONG	DISRUPTED_LIKELY	first_pass_plus_refiner_sensitive_remnant	0.9634015069967707	0.9634015069967707	0.012472487160674981	68	7	26	23	2	14	0	172.07349688320969	"[""refiner_sensitive_exon_blast_incorporated""]"
GCA_984506815.1	Ovis aries	Ovis aries	Scaffold	DISRUPTED_STRONG	DISRUPTED_LIKELY	first_pass_plus_refiner_sensitive_remnant	0.9677072120559742	0.9677072120559742	0.010968921389396709	60	8	26	28	2	15	0	172.53503295524587	"[""refiner_sensitive_exon_blast_incorporated""]"
GCA_984506825.1	Capra hircus	Capra hircus	Scaffold	DISRUPTED_STRONG	DISRUPTED_HIGH	first_pass_reference_anchored_remnant	0.965913168281306	0.965913168281306	0.010993037742762916	65	7	0	38	2	12	0	172.3553874142454	"[""refiner_sensitive_exon_blast_incorporated""]"
GCA_984506965.1	Ovis aries	Ovis aries	Scaffold	UNRESOLVED_ASSEMBLY_GAP	DISRUPTED_LIKELY	first_pass_plus_refiner_sensitive_remnant	0.9677072120559742	0.9677072120559742	0.01095690284879474	60	11	26	22	2	15	0	122.53515314065189	"[""refiner_sensitive_exon_blast_incorporated""]"
GCA_984507005.1	Ovis aries	Ovis aries	Scaffold	UNRESOLVED_ASSEMBLY_GAP	DISRUPTED_LIKELY	first_pass_plus_refiner_sensitive_remnant	0.9677072120559742	0.9677072120559742	0.010964912280701754	60	9	26	31	0	16	0	122.53507304633283	"[""refiner_sensitive_exon_blast_incorporated""]"
GCA_984513465.1	Ovis aries	Ovis aries	Scaffold	DISRUPTED_STRONG	DISRUPTED_LIKELY	first_pass_plus_refiner_sensitive_remnant	0.9677072120559742	0.9677072120559742	0.010968921389396709	60	8	26	28	2	15	0	172.53503295524587	"[""refiner_sensitive_exon_blast_incorporated""]"
GCA_984513515.1	Capra hircus	Capra hircus	Scaffold	DISRUPTED_STRONG	DISRUPTED_HIGH	first_pass_reference_anchored_remnant	0.965913168281306	0.965913168281306	0.01098901098901099	65	8	0	26	0	12	0	172.3554276817829	"[""refiner_sensitive_exon_blast_incorporated""]"
GCA_984513855.1	Capra hircus	Capra hircus	Scaffold	DISRUPTED_STRONG	DISRUPTED_HIGH	first_pass_reference_anchored_remnant	0.965913168281306	0.965913168281306	0.010993037742762916	65	7	0	39	2	13	0	172.3553874142454	"[""refiner_sensitive_exon_blast_incorporated""]"
GCA_984514235.1	Ovis aries	Ovis aries	Scaffold	DISRUPTED_STRONG	DISRUPTED_LIKELY	first_pass_plus_refiner_sensitive_remnant	0.9673484033010405	0.9673484033010405	0.010964912280701754	61	10	26	36	0	15	0	172.49919217083945	"[""refiner_sensitive_exon_blast_incorporated""]"
GCA_984514435.1	Ovis aries	Ovis aries	Scaffold	DISRUPTED_STRONG	DISRUPTED_LIKELY	first_pass_plus_refiner_sensitive_remnant	0.9673484033010405	0.9673484033010405	0.010964912280701754	61	10	26	41	0	16	0	172.49919217083945	"[""refiner_sensitive_exon_blast_incorporated""]"
GCA_984514685.1	Ovis aries	Ovis aries	Scaffold	DISRUPTED_STRONG	DISRUPTED_LIKELY	first_pass_plus_refiner_sensitive_remnant	0.9677072120559742	0.9677072120559742	0.010968921389396709	60	8	26	28	2	15	0	172.53503295524587	"[""refiner_sensitive_exon_blast_incorporated""]"
GCA_984538235.1	Ovis aries	Ovis aries	Scaffold	DISRUPTED_STRONG	DISRUPTED_LIKELY	first_pass_plus_refiner_sensitive_remnant	0.9677072120559742	0.9677072120559742	0.010968921389396709	60	8	26	28	2	15	0	172.53503295524587	"[""refiner_sensitive_exon_blast_incorporated""]"
GCF_000003055.6	Bos taurus	Bos taurus	Chromosome	UNRESOLVED_ASSEMBLY_GAP	DISRUPTED_HIGH	first_pass_reference_anchored_remnant	0.9598134194474345	0.9598134194474345	0.01942103334554782	59	1	0	33	2	14	0	124.71544702347435	"[""refiner_sensitive_exon_blast_incorporated""]"
GCF_000003205.7	Bos taurus	Bos taurus	Chromosome	UNRESOLVED_ASSEMBLY_GAP	DISRUPTED_HIGH	first_pass_reference_anchored_remnant	0.9598134194474345	0.9598134194474345	0.01942103334554782	59	1	0	33	2	14	0	124.71544702347435	"[""refiner_sensitive_exon_blast_incorporated""]"
GCF_000247795.1	Bos indicus	Bos indicus	Chromosome	UNRESOLVED_ASSEMBLY_GAP	DISRUPTED_LIKELY	first_pass_reference_anchored_remnant	0.9569429494079655	0.961248654467169	0.017955294979846097	59	1	0	32	2	12	0	124.44305740318447	"[""refiner_sensitive_exon_blast_incorporated""]"
GCF_000298355.1	Bos mutus	Bos mutus	Scaffold	UNRESOLVED_ASSEMBLY_GAP	DISRUPTED_HIGH	first_pass_plus_refiner_sensitive_remnant	0.961248654467169	0.961248654467169	0.017889740781307048	59	11	26	31	0	12	0	121.7443321598486	"[""refiner_sensitive_exon_blast_incorporated""]"
GCF_000298735.2	Ovis aries	Ovis aries	Chromosome	UNRESOLVED_ASSEMBLY_GAP	DISRUPTED_LIKELY	first_pass_plus_refiner_sensitive_remnant	0.9669895945461069	0.9669895945461069	0.012426900584795321	58	7	26	37	0	13	0	125.43276150390211	"[""refiner_sensitive_exon_blast_incorporated""]"
GCF_000400835.1	Pantholops hodgsonii	Pantholops hodgsonii	Scaffold	UNRESOLVED_ASSEMBLY_GAP	DISRUPTED_LIKELY	first_pass_plus_refiner_sensitive_remnant	0.9687836383207751	0.9687836383207751	0.010972933430870519	57	4	28	40	1	10	0	122.6426354613112	"[""refiner_sensitive_exon_blast_incorporated""]"
GCF_000471725.1	Bubalus bubalis	Bubalus bubalis	Scaffold	UNRESOLVED_ASSEMBLY_GAP	DISRUPTED_HIGH	first_pass_reference_anchored_remnant	0.5055615357014711	0.5055615357014711	0.4867030965391621	42	0	0	9	0	6	0	61.68912260475548	"[""refiner_sensitive_exon_blast_incorporated""]"
GCF_000754665.1	Bison bison bison	Bison bison	Scaffold	UNRESOLVED_ASSEMBLY_GAP	UNRESOLVED	first_pass_reference_anchored_remnant	0.9598134194474345	0.9598134194474345	0.01942103334554782	59	1	0	33	2	13	0	131.5616008696282	"[""refiner_sensitive_exon_blast_incorporated""]"
GCF_000765115.1	Ovis aries musimon	Ovis aries	Scaffold	UNRESOLVED_ASSEMBLY_GAP	DISRUPTED_LIKELY	first_pass_plus_refiner_sensitive_remnant	0.9648367420165052	0.9648367420165052	0.011001100110011002	68	8	26	39	0	15	0	122.24766416409281	"[""refiner_sensitive_exon_blast_incorporated""]"
GCF_001704415.2	Capra hircus	Capra hircus	Chromosome	DISRUPTED_STRONG	DISRUPTED_HIGH	first_pass_reference_anchored_remnant	0.965913168281306	0.965913168281306	0.010993037742762916	65	7	0	37	2	12	0	175.3553874142454	"[""refiner_sensitive_exon_blast_incorporated""]"
GCF_002102435.1	Odocoileus virginianus texanus	Odocoileus virginianus	Scaffold	UNRESOLVED_ASSEMBLY_GAP	DISRUPTED_HIGH	first_pass_plus_refiner_sensitive_remnant	0.9684248295658414	0.9684248295658414	0.001838235294117647	83	16	26	42	2	11	0	122.82410060364296	"[""refiner_sensitive_exon_blast_incorporated""]"
GCF_002263795.3	Bos taurus	Bos taurus	Chromosome	DISRUPTED_STRONG	DISRUPTED_HIGH	first_pass_reference_anchored_remnant	0.9601722282023681	0.9601722282023681	0.01905459875412239	59	1	0	33	2	14	0	174.75499224488198	"[""refiner_sensitive_exon_blast_incorporated""]"
GCF_002742125.1	Ovis aries	Ovis aries	Chromosome	DISRUPTED_STRONG	DISRUPTED_LIKELY	first_pass_plus_refiner_sensitive_remnant	0.9677072120559742	0.9677072120559742	0.010968921389396709	60	8	26	28	2	15	0	175.53503295524587	"[""refiner_sensitive_exon_blast_incorporated""]"
GCF_003121395.1	Bubalus bubalis	Bubalus bubalis	Chromosome	DISRUPTED_STRONG	DISRUPTED_HIGH	first_pass_plus_refiner_sensitive_remnant	0.8058844635809114	0.8058844635809114	0.17304860088365243	71	0	57	25	1	11	0	151.62792797985463	"[""refiner_sensitive_exon_blast_incorporated""]"
GCF_003369695.1	Bos indicus x Bos taurus	Bos indicus x Bos taurus	Chromosome	DISRUPTED_STRONG	DISRUPTED_HIGH	first_pass_reference_anchored_remnant	0.9608898457122353	0.9608898457122353	0.017961876832844576	60	1	0	32	1	15	0	174.6838350612353	"[""refiner_sensitive_exon_blast_incorporated""]"
GCF_014754425.2	Oryx dammah	Oryx dammah	Scaffold	DISRUPTED_STRONG	DISRUPTED_HIGH	first_pass_plus_refiner_sensitive_remnant	0.9677072120559742	0.9677072120559742	0.010964912280701754	60	9	26	45	0	15	0	172.53507304633283	"[""refiner_sensitive_exon_blast_incorporated""]"
GCF_016772045.2	Ovis aries	Ovis aries	Chromosome	DISRUPTED_STRONG	DISRUPTED_LIKELY	first_pass_plus_refiner_sensitive_remnant	0.9677072120559742	0.9677072120559742	0.010968921389396709	60	8	26	28	2	15	0	175.53503295524587	"[""refiner_sensitive_exon_blast_incorporated""]"
GCF_019320065.1	Cervus canadensis	Cervus canadensis	Chromosome	UNRESOLVED_ASSEMBLY_GAP	UNRESOLVED	first_pass_plus_refiner_sensitive_remnant	0.9085037674919269	0.9085037674919269	0.06598240469208211	75	16	41	20	1	8	0	128.61620750830102	"[""refiner_sensitive_exon_blast_incorporated""]"
GCF_019923925.1	Bubalus bubalis	Bubalus bubalis	Chromosome	DISRUPTED_STRONG	DISRUPTED_HIGH	first_pass_plus_refiner_sensitive_remnant	0.8058844635809114	0.8058844635809114	0.17304860088365243	71	0	57	25	1	11	0	151.62792797985463	"[""refiner_sensitive_exon_blast_incorporated""]"
GCF_019923935.1	Bubalus bubalis	Bubalus bubalis	Chromosome	UNRESOLVED_ASSEMBLY_GAP	DISRUPTED_HIGH	first_pass_plus_refiner_sensitive_remnant	0.8058844635809114	0.8058844635809114	0.17304860088365243	71	0	57	25	1	11	0	101.62792797985462	"[""refiner_sensitive_exon_blast_incorporated""]"
GCF_022376915.1	Moschus berezovskii	Moschus berezovskii	Scaffold	DISRUPTED_STRONG	DISRUPTED_HIGH	first_pass_plus_refiner_sensitive_remnant	0.976318622174381	0.976318622174381	0.0036603221083455345	56	1	26	39	2	11	0	173.50661808851407	"[""refiner_sensitive_exon_blast_incorporated""]"
GCF_023091745.1	Budorcas taxicolor	Budorcas taxicolor	Chromosome	DISRUPTED_STRONG	DISRUPTED_HIGH	first_pass_reference_anchored_remnant	0.9684248295658414	0.9684248295658414	0.01095290251916758	58	10	0	20	0	11	0	175.60695489493486	"[""refiner_sensitive_exon_blast_incorporated""]"
GCF_023699985.2	Odocoileus virginianus	Odocoileus virginianus	Chromosome	DISRUPTED_STRONG	DISRUPTED_HIGH	first_pass_plus_refiner_sensitive_remnant	0.9684248295658414	0.9684248295658414	0.001838235294117647	83	16	26	41	2	11	0	175.82410060364296	"[""refiner_sensitive_exon_blast_incorporated""]"
GCF_027580195.1	Bos mutus	Bos mutus	Chromosome	DISRUPTED_STRONG	DISRUPTED_HIGH	first_pass_plus_refiner_sensitive_remnant	0.961248654467169	0.961248654467169	0.017889740781307048	59	11	26	31	0	12	0	174.7443321598486	"[""refiner_sensitive_exon_blast_incorporated""]"
GCF_029378745.1	Bos indicus	Bos indicus	Chromosome	DISRUPTED_STRONG	DISRUPTED_LIKELY	first_pass_reference_anchored_remnant	0.961248654467169	0.961248654467169	0.017955294979846097	59	1	0	33	2	13	0	174.8736279091048	"[""refiner_sensitive_exon_blast_incorporated""]"
GCF_029407905.1	Bubalus kerabau	Bubalus kerabau	Chromosome	DISRUPTED_STRONG	DISRUPTED_HIGH	first_pass_plus_refiner_sensitive_remnant	0.8058844635809114	0.8058844635809114	0.17304860088365243	71	0	57	25	1	11	0	151.62792797985463	"[""refiner_sensitive_exon_blast_incorporated""]"
GCF_032405125.1	Capricornis sumatraensis	Capricornis sumatraensis	Chromosome	DISRUPTED_STRONG	DISRUPTED_HIGH	first_pass_reference_anchored_remnant	0.9669895945461069	0.9669895945461069	0.010968921389396709	62	10	0	35	2	14	0	175.46327120425912	"[""refiner_sensitive_exon_blast_incorporated""]"
GCF_032452875.1	Bos javanicus	Bos javanicus	Chromosome	DISRUPTED_STRONG	DISRUPTED_HIGH	first_pass_reference_anchored_remnant	0.961248654467169	0.961248654467169	0.017955294979846097	59	1	0	32	2	14	0	174.71978175525868	"[""refiner_sensitive_exon_blast_incorporated""]"
GCF_033118175.1	Dama dama	Dama dama	Chromosome	DISRUPTED_STRONG	DISRUPTED_HIGH	first_pass_plus_refiner_sensitive_remnant	0.9730893433799784	0.9730893433799784	0.0018301610541727673	70	15	26	42	2	9	0	176.2906327274561	"[""refiner_sensitive_exon_blast_incorporated""]"
GCF_042477335.2	Ovis canadensis	Ovis canadensis	Chromosome	DISRUPTED_STRONG	DISRUPTED_HIGH	first_pass_plus_refiner_sensitive_remnant	0.9630426982418371	0.9630426982418371	0.012477064220183486	69	7	26	25	1	14	0	175.03757023712126	"[""refiner_sensitive_exon_blast_incorporated""]"
GCF_054371585.1	Giraffa tippelskirchi	Giraffa tippelskirchi	Complete Genome	DISRUPTED_STRONG	DISRUPTED_HIGH	first_pass_reference_anchored_remnant	0.9881593110871906	0.9881593110871906	0.0018115942028985507	28	1	0	32	0	13	0	180.79781516669004	"[""refiner_sensitive_exon_blast_incorporated""]"
GCF_055505025.1	Bos grunniens	Bos grunniens	Chromosome	DISRUPTED_STRONG	DISRUPTED_HIGH	first_pass_plus_refiner_sensitive_remnant	0.961248654467169	0.961248654467169	0.017889740781307048	59	11	26	30	0	12	0	174.7443321598486	"[""refiner_sensitive_exon_blast_incorporated""]"
GCF_910594005.1	Cervus elaphus	Cervus elaphus	Chromosome	DISRUPTED_STRONG	DISRUPTED_HIGH	first_pass_plus_refiner_sensitive_remnant	0.9088625762468604	0.9088625762468604	0.0659582264565775	74	16	41	51	2	8	0	168.51148509572687	"[""refiner_sensitive_exon_blast_incorporated""]"
GCF_963930625.1	Muntiacus reevesi	Muntiacus reevesi	Chromosome	DISRUPTED_STRONG	DISRUPTED_HIGH	first_pass_plus_refiner_sensitive_remnant	0.9702188733405095	0.9702188733405095	0.0029271862422246614	75	21	26	31	0	9	0	175.9926154716287	"[""refiner_sensitive_exon_blast_incorporated""]"
