branch	parent	child	child_is_tip	branch_length	codon_sites	#MH(>=2)	#SH(=1)	SumDist(0..3)	MH_per_unit_length	MH_per_expected_nt_subs
0	INTERNAL	13	0	44.28	928	6	77	90	0.135501	4.86715e-05
1	13	Equus_caballus	1	11.1	928	0	10	10	0	0
2	13	14	0	8.32	928	0	6	6	0	0
3	14	Equus_asinus	1	2.78	928	0	2	2	0	0
4	14	Equus_quagga	1	2.78	928	0	3	3	0	0
5	INTERNAL	25	0	40.1665	928	2	69	73	0.0497928	1.78853e-05
6	25	Ceratotherium_simum	1	15.2135	928	0	11	11	0	0
7	25	Diceros_bicornis	1	15.2135	928	0	8	8	0	0
